state_fips,state_abbr,state_name,year,value,variable,source_family,missing_status
01,AL,Alabama,2000,,civic_public_meeting,CPS Civic Engagement/Volunteering supplements,MISSING
01,AL,Alabama,2001,,civic_public_meeting,CPS Civic Engagement/Volunteering supplements,MISSING
01,AL,Alabama,2002,,civic_public_meeting,CPS Civic Engagement/Volunteering supplements,MISSING
01,AL,Alabama,2003,,civic_public_meeting,CPS Civic Engagement/Volunteering supplements,MISSING
01,AL,Alabama,2004,,civic_public_meeting,CPS Civic Engagement/Volunteering supplements,MISSING
01,AL,Alabama,2005,,civic_public_meeting,CPS Civic Engagement/Volunteering supplements,MISSING
01,AL,Alabama,2006,,civic_public_meeting,CPS Civic Engagement/Volunteering supplements,MISSING
01,AL,Alabama,2007,,civic_public_meeting,CPS Civic Engagement/Volunteering supplements,MISSING
01,AL,Alabama,2008,,civic_public_meeting,CPS Civic Engagement/Volunteering supplements,MISSING
01,AL,Alabama,2009,,civic_public_meeting,CPS Civic Engagement/Volunteering supplements,MISSING
01,AL,Alabama,2010,9.721574269210816,civic_public_meeting,CPS Civic Engagement/Volunteering supplements,OBSERVED
01,AL,Alabama,2011,6.794188685811091,civic_public_meeting,CPS Civic Engagement/Volunteering supplements,OBSERVED
01,AL,Alabama,2012,9.043728791555084,civic_public_meeting,CPS Civic Engagement/Volunteering supplements,OBSERVED
01,AL,Alabama,2013,5.31845591463056,civic_public_meeting,CPS Civic Engagement/Volunteering supplements,OBSERVED
01,AL,Alabama,2014,7.55720711032567,civic_public_meeting,CPS Civic Engagement/Volunteering supplements,OBSERVED
01,AL,Alabama,2015,7.183591200907774,civic_public_meeting,CPS Civic Engagement/Volunteering supplements,OBSERVED
01,AL,Alabama,2016,,civic_public_meeting,CPS Civic Engagement/Volunteering supplements,MISSING
01,AL,Alabama,2017,7.275669548034297,civic_public_meeting,CPS Civic Engagement/Volunteering supplements,OBSERVED
01,AL,Alabama,2018,,civic_public_meeting,CPS Civic Engagement/Volunteering supplements,MISSING
01,AL,Alabama,2019,9.046351047988384,civic_public_meeting,CPS Civic Engagement/Volunteering supplements,OBSERVED
01,AL,Alabama,2020,,civic_public_meeting,CPS Civic Engagement/Volunteering supplements,MISSING
01,AL,Alabama,2021,7.900686276627845,civic_public_meeting,CPS Civic Engagement/Volunteering supplements,OBSERVED
01,AL,Alabama,2022,,civic_public_meeting,CPS Civic Engagement/Volunteering supplements,MISSING
01,AL,Alabama,2023,6.33948940215401,civic_public_meeting,CPS Civic Engagement/Volunteering supplements,OBSERVED
02,AK,Alaska,2000,,civic_public_meeting,CPS Civic Engagement/Volunteering supplements,MISSING
02,AK,Alaska,2001,,civic_public_meeting,CPS Civic Engagement/Volunteering supplements,MISSING
02,AK,Alaska,2002,,civic_public_meeting,CPS Civic Engagement/Volunteering supplements,MISSING
02,AK,Alaska,2003,,civic_public_meeting,CPS Civic Engagement/Volunteering supplements,MISSING
02,AK,Alaska,2004,,civic_public_meeting,CPS Civic Engagement/Volunteering supplements,MISSING
02,AK,Alaska,2005,,civic_public_meeting,CPS Civic Engagement/Volunteering supplements,MISSING
02,AK,Alaska,2006,,civic_public_meeting,CPS Civic Engagement/Volunteering supplements,MISSING
02,AK,Alaska,2007,,civic_public_meeting,CPS Civic Engagement/Volunteering supplements,MISSING
02,AK,Alaska,2008,,civic_public_meeting,CPS Civic Engagement/Volunteering supplements,MISSING
02,AK,Alaska,2009,,civic_public_meeting,CPS Civic Engagement/Volunteering supplements,MISSING
02,AK,Alaska,2010,13.88302709592891,civic_public_meeting,CPS Civic Engagement/Volunteering supplements,OBSERVED
02,AK,Alaska,2011,18.25343221874299,civic_public_meeting,CPS Civic Engagement/Volunteering supplements,OBSERVED
02,AK,Alaska,2012,18.19669953613204,civic_public_meeting,CPS Civic Engagement/Volunteering supplements,OBSERVED
02,AK,Alaska,2013,18.86081565140348,civic_public_meeting,CPS Civic Engagement/Volunteering supplements,OBSERVED
02,AK,Alaska,2014,17.79886213329402,civic_public_meeting,CPS Civic Engagement/Volunteering supplements,OBSERVED
02,AK,Alaska,2015,15.11135205694177,civic_public_meeting,CPS Civic Engagement/Volunteering supplements,OBSERVED
02,AK,Alaska,2016,,civic_public_meeting,CPS Civic Engagement/Volunteering supplements,MISSING
02,AK,Alaska,2017,16.73514644821336,civic_public_meeting,CPS Civic Engagement/Volunteering supplements,OBSERVED
02,AK,Alaska,2018,,civic_public_meeting,CPS Civic Engagement/Volunteering supplements,MISSING
02,AK,Alaska,2019,16.61285339045646,civic_public_meeting,CPS Civic Engagement/Volunteering supplements,OBSERVED
02,AK,Alaska,2020,,civic_public_meeting,CPS Civic Engagement/Volunteering supplements,MISSING
02,AK,Alaska,2021,14.24386261627767,civic_public_meeting,CPS Civic Engagement/Volunteering supplements,OBSERVED
02,AK,Alaska,2022,,civic_public_meeting,CPS Civic Engagement/Volunteering supplements,MISSING
02,AK,Alaska,2023,12.61431357867966,civic_public_meeting,CPS Civic Engagement/Volunteering supplements,OBSERVED
04,AZ,Arizona,2000,,civic_public_meeting,CPS Civic Engagement/Volunteering supplements,MISSING
04,AZ,Arizona,2001,,civic_public_meeting,CPS Civic Engagement/Volunteering supplements,MISSING
04,AZ,Arizona,2002,,civic_public_meeting,CPS Civic Engagement/Volunteering supplements,MISSING
04,AZ,Arizona,2003,,civic_public_meeting,CPS Civic Engagement/Volunteering supplements,MISSING
04,AZ,Arizona,2004,,civic_public_meeting,CPS Civic Engagement/Volunteering supplements,MISSING
04,AZ,Arizona,2005,,civic_public_meeting,CPS Civic Engagement/Volunteering supplements,MISSING
04,AZ,Arizona,2006,,civic_public_meeting,CPS Civic Engagement/Volunteering supplements,MISSING
04,AZ,Arizona,2007,,civic_public_meeting,CPS Civic Engagement/Volunteering supplements,MISSING
04,AZ,Arizona,2008,,civic_public_meeting,CPS Civic Engagement/Volunteering supplements,MISSING
04,AZ,Arizona,2009,,civic_public_meeting,CPS Civic Engagement/Volunteering supplements,MISSING
04,AZ,Arizona,2010,9.541154485855655,civic_public_meeting,CPS Civic Engagement/Volunteering supplements,OBSERVED
04,AZ,Arizona,2011,7.635040068068374,civic_public_meeting,CPS Civic Engagement/Volunteering supplements,OBSERVED
04,AZ,Arizona,2012,8.033565854857605,civic_public_meeting,CPS Civic Engagement/Volunteering supplements,OBSERVED
04,AZ,Arizona,2013,4.262490379977511,civic_public_meeting,CPS Civic Engagement/Volunteering supplements,OBSERVED
04,AZ,Arizona,2014,6.661081618257657,civic_public_meeting,CPS Civic Engagement/Volunteering supplements,OBSERVED
04,AZ,Arizona,2015,5.284795933621382,civic_public_meeting,CPS Civic Engagement/Volunteering supplements,OBSERVED
04,AZ,Arizona,2016,,civic_public_meeting,CPS Civic Engagement/Volunteering supplements,MISSING
04,AZ,Arizona,2017,6.567139112612372,civic_public_meeting,CPS Civic Engagement/Volunteering supplements,OBSERVED
04,AZ,Arizona,2018,,civic_public_meeting,CPS Civic Engagement/Volunteering supplements,MISSING
04,AZ,Arizona,2019,8.724856473459397,civic_public_meeting,CPS Civic Engagement/Volunteering supplements,OBSERVED
04,AZ,Arizona,2020,,civic_public_meeting,CPS Civic Engagement/Volunteering supplements,MISSING
04,AZ,Arizona,2021,5.833709519359537,civic_public_meeting,CPS Civic Engagement/Volunteering supplements,OBSERVED
04,AZ,Arizona,2022,,civic_public_meeting,CPS Civic Engagement/Volunteering supplements,MISSING
04,AZ,Arizona,2023,7.918316649042778,civic_public_meeting,CPS Civic Engagement/Volunteering supplements,OBSERVED
05,AR,Arkansas,2000,,civic_public_meeting,CPS Civic Engagement/Volunteering supplements,MISSING
05,AR,Arkansas,2001,,civic_public_meeting,CPS Civic Engagement/Volunteering supplements,MISSING
05,AR,Arkansas,2002,,civic_public_meeting,CPS Civic Engagement/Volunteering supplements,MISSING
05,AR,Arkansas,2003,,civic_public_meeting,CPS Civic Engagement/Volunteering supplements,MISSING
05,AR,Arkansas,2004,,civic_public_meeting,CPS Civic Engagement/Volunteering supplements,MISSING
05,AR,Arkansas,2005,,civic_public_meeting,CPS Civic Engagement/Volunteering supplements,MISSING
05,AR,Arkansas,2006,,civic_public_meeting,CPS Civic Engagement/Volunteering supplements,MISSING
05,AR,Arkansas,2007,,civic_public_meeting,CPS Civic Engagement/Volunteering supplements,MISSING
05,AR,Arkansas,2008,,civic_public_meeting,CPS Civic Engagement/Volunteering supplements,MISSING
05,AR,Arkansas,2009,,civic_public_meeting,CPS Civic Engagement/Volunteering supplements,MISSING
05,AR,Arkansas,2010,6.767450540246182,civic_public_meeting,CPS Civic Engagement/Volunteering supplements,OBSERVED
05,AR,Arkansas,2011,6.269274012885377,civic_public_meeting,CPS Civic Engagement/Volunteering supplements,OBSERVED
05,AR,Arkansas,2012,7.325636460107518,civic_public_meeting,CPS Civic Engagement/Volunteering supplements,OBSERVED
05,AR,Arkansas,2013,6.576978389859441,civic_public_meeting,CPS Civic Engagement/Volunteering supplements,OBSERVED
05,AR,Arkansas,2014,6.076878142417668,civic_public_meeting,CPS Civic Engagement/Volunteering supplements,OBSERVED
05,AR,Arkansas,2015,6.818937998863017,civic_public_meeting,CPS Civic Engagement/Volunteering supplements,OBSERVED
05,AR,Arkansas,2016,,civic_public_meeting,CPS Civic Engagement/Volunteering supplements,MISSING
05,AR,Arkansas,2017,8.976025928901773,civic_public_meeting,CPS Civic Engagement/Volunteering supplements,OBSERVED
05,AR,Arkansas,2018,,civic_public_meeting,CPS Civic Engagement/Volunteering supplements,MISSING
05,AR,Arkansas,2019,11.57813383812779,civic_public_meeting,CPS Civic Engagement/Volunteering supplements,OBSERVED
05,AR,Arkansas,2020,,civic_public_meeting,CPS Civic Engagement/Volunteering supplements,MISSING
05,AR,Arkansas,2021,6.849847159297539,civic_public_meeting,CPS Civic Engagement/Volunteering supplements,OBSERVED
05,AR,Arkansas,2022,,civic_public_meeting,CPS Civic Engagement/Volunteering supplements,MISSING
05,AR,Arkansas,2023,7.043692106068447,civic_public_meeting,CPS Civic Engagement/Volunteering supplements,OBSERVED
06,CA,California,2000,,civic_public_meeting,CPS Civic Engagement/Volunteering supplements,MISSING
06,CA,California,2001,,civic_public_meeting,CPS Civic Engagement/Volunteering supplements,MISSING
06,CA,California,2002,,civic_public_meeting,CPS Civic Engagement/Volunteering supplements,MISSING
06,CA,California,2003,,civic_public_meeting,CPS Civic Engagement/Volunteering supplements,MISSING
06,CA,California,2004,,civic_public_meeting,CPS Civic Engagement/Volunteering supplements,MISSING
06,CA,California,2005,,civic_public_meeting,CPS Civic Engagement/Volunteering supplements,MISSING
06,CA,California,2006,,civic_public_meeting,CPS Civic Engagement/Volunteering supplements,MISSING
06,CA,California,2007,,civic_public_meeting,CPS Civic Engagement/Volunteering supplements,MISSING
06,CA,California,2008,,civic_public_meeting,CPS Civic Engagement/Volunteering supplements,MISSING
06,CA,California,2009,,civic_public_meeting,CPS Civic Engagement/Volunteering supplements,MISSING
06,CA,California,2010,8.117612654299945,civic_public_meeting,CPS Civic Engagement/Volunteering supplements,OBSERVED
06,CA,California,2011,8.350672343596171,civic_public_meeting,CPS Civic Engagement/Volunteering supplements,OBSERVED
06,CA,California,2012,7.364594613138279,civic_public_meeting,CPS Civic Engagement/Volunteering supplements,OBSERVED
06,CA,California,2013,7.479079517897552,civic_public_meeting,CPS Civic Engagement/Volunteering supplements,OBSERVED
06,CA,California,2014,6.865720915526846,civic_public_meeting,CPS Civic Engagement/Volunteering supplements,OBSERVED
06,CA,California,2015,7.149361921850167,civic_public_meeting,CPS Civic Engagement/Volunteering supplements,OBSERVED
06,CA,California,2016,,civic_public_meeting,CPS Civic Engagement/Volunteering supplements,MISSING
06,CA,California,2017,10.45766651022358,civic_public_meeting,CPS Civic Engagement/Volunteering supplements,OBSERVED
06,CA,California,2018,,civic_public_meeting,CPS Civic Engagement/Volunteering supplements,MISSING
06,CA,California,2019,9.870117784825826,civic_public_meeting,CPS Civic Engagement/Volunteering supplements,OBSERVED
06,CA,California,2020,,civic_public_meeting,CPS Civic Engagement/Volunteering supplements,MISSING
06,CA,California,2021,8.185273953511203,civic_public_meeting,CPS Civic Engagement/Volunteering supplements,OBSERVED
06,CA,California,2022,,civic_public_meeting,CPS Civic Engagement/Volunteering supplements,MISSING
06,CA,California,2023,8.038769747714772,civic_public_meeting,CPS Civic Engagement/Volunteering supplements,OBSERVED
08,CO,Colorado,2000,,civic_public_meeting,CPS Civic Engagement/Volunteering supplements,MISSING
08,CO,Colorado,2001,,civic_public_meeting,CPS Civic Engagement/Volunteering supplements,MISSING
08,CO,Colorado,2002,,civic_public_meeting,CPS Civic Engagement/Volunteering supplements,MISSING
08,CO,Colorado,2003,,civic_public_meeting,CPS Civic Engagement/Volunteering supplements,MISSING
08,CO,Colorado,2004,,civic_public_meeting,CPS Civic Engagement/Volunteering supplements,MISSING
08,CO,Colorado,2005,,civic_public_meeting,CPS Civic Engagement/Volunteering supplements,MISSING
08,CO,Colorado,2006,,civic_public_meeting,CPS Civic Engagement/Volunteering supplements,MISSING
08,CO,Colorado,2007,,civic_public_meeting,CPS Civic Engagement/Volunteering supplements,MISSING
08,CO,Colorado,2008,,civic_public_meeting,CPS Civic Engagement/Volunteering supplements,MISSING
08,CO,Colorado,2009,,civic_public_meeting,CPS Civic Engagement/Volunteering supplements,MISSING
08,CO,Colorado,2010,11.62297562342533,civic_public_meeting,CPS Civic Engagement/Volunteering supplements,OBSERVED
08,CO,Colorado,2011,12.67387664025258,civic_public_meeting,CPS Civic Engagement/Volunteering supplements,OBSERVED
08,CO,Colorado,2012,12.25782211734262,civic_public_meeting,CPS Civic Engagement/Volunteering supplements,OBSERVED
08,CO,Colorado,2013,12.39126756869996,civic_public_meeting,CPS Civic Engagement/Volunteering supplements,OBSERVED
08,CO,Colorado,2014,12.01561692911581,civic_public_meeting,CPS Civic Engagement/Volunteering supplements,OBSERVED
08,CO,Colorado,2015,9.94327514950471,civic_public_meeting,CPS Civic Engagement/Volunteering supplements,OBSERVED
08,CO,Colorado,2016,,civic_public_meeting,CPS Civic Engagement/Volunteering supplements,MISSING
08,CO,Colorado,2017,11.11702533748156,civic_public_meeting,CPS Civic Engagement/Volunteering supplements,OBSERVED
08,CO,Colorado,2018,,civic_public_meeting,CPS Civic Engagement/Volunteering supplements,MISSING
08,CO,Colorado,2019,14.46127768436128,civic_public_meeting,CPS Civic Engagement/Volunteering supplements,OBSERVED
08,CO,Colorado,2020,,civic_public_meeting,CPS Civic Engagement/Volunteering supplements,MISSING
08,CO,Colorado,2021,12.24850716303502,civic_public_meeting,CPS Civic Engagement/Volunteering supplements,OBSERVED
08,CO,Colorado,2022,,civic_public_meeting,CPS Civic Engagement/Volunteering supplements,MISSING
08,CO,Colorado,2023,11.37725709021687,civic_public_meeting,CPS Civic Engagement/Volunteering supplements,OBSERVED
09,CT,Connecticut,2000,,civic_public_meeting,CPS Civic Engagement/Volunteering supplements,MISSING
09,CT,Connecticut,2001,,civic_public_meeting,CPS Civic Engagement/Volunteering supplements,MISSING
09,CT,Connecticut,2002,,civic_public_meeting,CPS Civic Engagement/Volunteering supplements,MISSING
09,CT,Connecticut,2003,,civic_public_meeting,CPS Civic Engagement/Volunteering supplements,MISSING
09,CT,Connecticut,2004,,civic_public_meeting,CPS Civic Engagement/Volunteering supplements,MISSING
09,CT,Connecticut,2005,,civic_public_meeting,CPS Civic Engagement/Volunteering supplements,MISSING
09,CT,Connecticut,2006,,civic_public_meeting,CPS Civic Engagement/Volunteering supplements,MISSING
09,CT,Connecticut,2007,,civic_public_meeting,CPS Civic Engagement/Volunteering supplements,MISSING
09,CT,Connecticut,2008,,civic_public_meeting,CPS Civic Engagement/Volunteering supplements,MISSING
09,CT,Connecticut,2009,,civic_public_meeting,CPS Civic Engagement/Volunteering supplements,MISSING
09,CT,Connecticut,2010,10.93494614768357,civic_public_meeting,CPS Civic Engagement/Volunteering supplements,OBSERVED
09,CT,Connecticut,2011,10.16543175808748,civic_public_meeting,CPS Civic Engagement/Volunteering supplements,OBSERVED
09,CT,Connecticut,2012,10.99465516613984,civic_public_meeting,CPS Civic Engagement/Volunteering supplements,OBSERVED
09,CT,Connecticut,2013,10.38905620468553,civic_public_meeting,CPS Civic Engagement/Volunteering supplements,OBSERVED
09,CT,Connecticut,2014,10.2318519539851,civic_public_meeting,CPS Civic Engagement/Volunteering supplements,OBSERVED
09,CT,Connecticut,2015,11.45208168103049,civic_public_meeting,CPS Civic Engagement/Volunteering supplements,OBSERVED
09,CT,Connecticut,2016,,civic_public_meeting,CPS Civic Engagement/Volunteering supplements,MISSING
09,CT,Connecticut,2017,11.79550012702595,civic_public_meeting,CPS Civic Engagement/Volunteering supplements,OBSERVED
09,CT,Connecticut,2018,,civic_public_meeting,CPS Civic Engagement/Volunteering supplements,MISSING
09,CT,Connecticut,2019,13.27098233733672,civic_public_meeting,CPS Civic Engagement/Volunteering supplements,OBSERVED
09,CT,Connecticut,2020,,civic_public_meeting,CPS Civic Engagement/Volunteering supplements,MISSING
09,CT,Connecticut,2021,9.70152679575649,civic_public_meeting,CPS Civic Engagement/Volunteering supplements,OBSERVED
09,CT,Connecticut,2022,,civic_public_meeting,CPS Civic Engagement/Volunteering supplements,MISSING
09,CT,Connecticut,2023,11.55324347466172,civic_public_meeting,CPS Civic Engagement/Volunteering supplements,OBSERVED
10,DE,Delaware,2000,,civic_public_meeting,CPS Civic Engagement/Volunteering supplements,MISSING
10,DE,Delaware,2001,,civic_public_meeting,CPS Civic Engagement/Volunteering supplements,MISSING
10,DE,Delaware,2002,,civic_public_meeting,CPS Civic Engagement/Volunteering supplements,MISSING
10,DE,Delaware,2003,,civic_public_meeting,CPS Civic Engagement/Volunteering supplements,MISSING
10,DE,Delaware,2004,,civic_public_meeting,CPS Civic Engagement/Volunteering supplements,MISSING
10,DE,Delaware,2005,,civic_public_meeting,CPS Civic Engagement/Volunteering supplements,MISSING
10,DE,Delaware,2006,,civic_public_meeting,CPS Civic Engagement/Volunteering supplements,MISSING
10,DE,Delaware,2007,,civic_public_meeting,CPS Civic Engagement/Volunteering supplements,MISSING
10,DE,Delaware,2008,,civic_public_meeting,CPS Civic Engagement/Volunteering supplements,MISSING
10,DE,Delaware,2009,,civic_public_meeting,CPS Civic Engagement/Volunteering supplements,MISSING
10,DE,Delaware,2010,7.377166888774317,civic_public_meeting,CPS Civic Engagement/Volunteering supplements,OBSERVED
10,DE,Delaware,2011,14.19213569143314,civic_public_meeting,CPS Civic Engagement/Volunteering supplements,OBSERVED
10,DE,Delaware,2012,8.900535027639148,civic_public_meeting,CPS Civic Engagement/Volunteering supplements,OBSERVED
10,DE,Delaware,2013,9.093042908589727,civic_public_meeting,CPS Civic Engagement/Volunteering supplements,OBSERVED
10,DE,Delaware,2014,11.63511203555248,civic_public_meeting,CPS Civic Engagement/Volunteering supplements,OBSERVED
10,DE,Delaware,2015,9.951884176192118,civic_public_meeting,CPS Civic Engagement/Volunteering supplements,OBSERVED
10,DE,Delaware,2016,,civic_public_meeting,CPS Civic Engagement/Volunteering supplements,MISSING
10,DE,Delaware,2017,12.27939821572318,civic_public_meeting,CPS Civic Engagement/Volunteering supplements,OBSERVED
10,DE,Delaware,2018,,civic_public_meeting,CPS Civic Engagement/Volunteering supplements,MISSING
10,DE,Delaware,2019,10.40739195018915,civic_public_meeting,CPS Civic Engagement/Volunteering supplements,OBSERVED
10,DE,Delaware,2020,,civic_public_meeting,CPS Civic Engagement/Volunteering supplements,MISSING
10,DE,Delaware,2021,8.836163482590147,civic_public_meeting,CPS Civic Engagement/Volunteering supplements,OBSERVED
10,DE,Delaware,2022,,civic_public_meeting,CPS Civic Engagement/Volunteering supplements,MISSING
10,DE,Delaware,2023,8.93400612434879,civic_public_meeting,CPS Civic Engagement/Volunteering supplements,OBSERVED
12,FL,Florida,2000,,civic_public_meeting,CPS Civic Engagement/Volunteering supplements,MISSING
12,FL,Florida,2001,,civic_public_meeting,CPS Civic Engagement/Volunteering supplements,MISSING
12,FL,Florida,2002,,civic_public_meeting,CPS Civic Engagement/Volunteering supplements,MISSING
12,FL,Florida,2003,,civic_public_meeting,CPS Civic Engagement/Volunteering supplements,MISSING
12,FL,Florida,2004,,civic_public_meeting,CPS Civic Engagement/Volunteering supplements,MISSING
12,FL,Florida,2005,,civic_public_meeting,CPS Civic Engagement/Volunteering supplements,MISSING
12,FL,Florida,2006,,civic_public_meeting,CPS Civic Engagement/Volunteering supplements,MISSING
12,FL,Florida,2007,,civic_public_meeting,CPS Civic Engagement/Volunteering supplements,MISSING
12,FL,Florida,2008,,civic_public_meeting,CPS Civic Engagement/Volunteering supplements,MISSING
12,FL,Florida,2009,,civic_public_meeting,CPS Civic Engagement/Volunteering supplements,MISSING
12,FL,Florida,2010,7.122190230837389,civic_public_meeting,CPS Civic Engagement/Volunteering supplements,OBSERVED
12,FL,Florida,2011,6.643697830226792,civic_public_meeting,CPS Civic Engagement/Volunteering supplements,OBSERVED
12,FL,Florida,2012,6.995088568284169,civic_public_meeting,CPS Civic Engagement/Volunteering supplements,OBSERVED
12,FL,Florida,2013,5.464413495256092,civic_public_meeting,CPS Civic Engagement/Volunteering supplements,OBSERVED
12,FL,Florida,2014,6.288067464693138,civic_public_meeting,CPS Civic Engagement/Volunteering supplements,OBSERVED
12,FL,Florida,2015,5.49930395001797,civic_public_meeting,CPS Civic Engagement/Volunteering supplements,OBSERVED
12,FL,Florida,2016,,civic_public_meeting,CPS Civic Engagement/Volunteering supplements,MISSING
12,FL,Florida,2017,8.49562928122221,civic_public_meeting,CPS Civic Engagement/Volunteering supplements,OBSERVED
12,FL,Florida,2018,,civic_public_meeting,CPS Civic Engagement/Volunteering supplements,MISSING
12,FL,Florida,2019,8.802152596415448,civic_public_meeting,CPS Civic Engagement/Volunteering supplements,OBSERVED
12,FL,Florida,2020,,civic_public_meeting,CPS Civic Engagement/Volunteering supplements,MISSING
12,FL,Florida,2021,6.624098006538275,civic_public_meeting,CPS Civic Engagement/Volunteering supplements,OBSERVED
12,FL,Florida,2022,,civic_public_meeting,CPS Civic Engagement/Volunteering supplements,MISSING
12,FL,Florida,2023,8.399984481678139,civic_public_meeting,CPS Civic Engagement/Volunteering supplements,OBSERVED
13,GA,Georgia,2000,,civic_public_meeting,CPS Civic Engagement/Volunteering supplements,MISSING
13,GA,Georgia,2001,,civic_public_meeting,CPS Civic Engagement/Volunteering supplements,MISSING
13,GA,Georgia,2002,,civic_public_meeting,CPS Civic Engagement/Volunteering supplements,MISSING
13,GA,Georgia,2003,,civic_public_meeting,CPS Civic Engagement/Volunteering supplements,MISSING
13,GA,Georgia,2004,,civic_public_meeting,CPS Civic Engagement/Volunteering supplements,MISSING
13,GA,Georgia,2005,,civic_public_meeting,CPS Civic Engagement/Volunteering supplements,MISSING
13,GA,Georgia,2006,,civic_public_meeting,CPS Civic Engagement/Volunteering supplements,MISSING
13,GA,Georgia,2007,,civic_public_meeting,CPS Civic Engagement/Volunteering supplements,MISSING
13,GA,Georgia,2008,,civic_public_meeting,CPS Civic Engagement/Volunteering supplements,MISSING
13,GA,Georgia,2009,,civic_public_meeting,CPS Civic Engagement/Volunteering supplements,MISSING
13,GA,Georgia,2010,6.942722459294393,civic_public_meeting,CPS Civic Engagement/Volunteering supplements,OBSERVED
13,GA,Georgia,2011,8.136302828089686,civic_public_meeting,CPS Civic Engagement/Volunteering supplements,OBSERVED
13,GA,Georgia,2012,8.166416561897352,civic_public_meeting,CPS Civic Engagement/Volunteering supplements,OBSERVED
13,GA,Georgia,2013,8.810870889634572,civic_public_meeting,CPS Civic Engagement/Volunteering supplements,OBSERVED
13,GA,Georgia,2014,6.863847182769528,civic_public_meeting,CPS Civic Engagement/Volunteering supplements,OBSERVED
13,GA,Georgia,2015,7.00680287405734,civic_public_meeting,CPS Civic Engagement/Volunteering supplements,OBSERVED
13,GA,Georgia,2016,,civic_public_meeting,CPS Civic Engagement/Volunteering supplements,MISSING
13,GA,Georgia,2017,10.13679564601689,civic_public_meeting,CPS Civic Engagement/Volunteering supplements,OBSERVED
13,GA,Georgia,2018,,civic_public_meeting,CPS Civic Engagement/Volunteering supplements,MISSING
13,GA,Georgia,2019,10.49556484872173,civic_public_meeting,CPS Civic Engagement/Volunteering supplements,OBSERVED
13,GA,Georgia,2020,,civic_public_meeting,CPS Civic Engagement/Volunteering supplements,MISSING
13,GA,Georgia,2021,8.185764325316928,civic_public_meeting,CPS Civic Engagement/Volunteering supplements,OBSERVED
13,GA,Georgia,2022,,civic_public_meeting,CPS Civic Engagement/Volunteering supplements,MISSING
13,GA,Georgia,2023,11.52182780836258,civic_public_meeting,CPS Civic Engagement/Volunteering supplements,OBSERVED
15,HI,Hawaii,2000,,civic_public_meeting,CPS Civic Engagement/Volunteering supplements,MISSING
15,HI,Hawaii,2001,,civic_public_meeting,CPS Civic Engagement/Volunteering supplements,MISSING
15,HI,Hawaii,2002,,civic_public_meeting,CPS Civic Engagement/Volunteering supplements,MISSING
15,HI,Hawaii,2003,,civic_public_meeting,CPS Civic Engagement/Volunteering supplements,MISSING
15,HI,Hawaii,2004,,civic_public_meeting,CPS Civic Engagement/Volunteering supplements,MISSING
15,HI,Hawaii,2005,,civic_public_meeting,CPS Civic Engagement/Volunteering supplements,MISSING
15,HI,Hawaii,2006,,civic_public_meeting,CPS Civic Engagement/Volunteering supplements,MISSING
15,HI,Hawaii,2007,,civic_public_meeting,CPS Civic Engagement/Volunteering supplements,MISSING
15,HI,Hawaii,2008,,civic_public_meeting,CPS Civic Engagement/Volunteering supplements,MISSING
15,HI,Hawaii,2009,,civic_public_meeting,CPS Civic Engagement/Volunteering supplements,MISSING
15,HI,Hawaii,2010,8.087295358043976,civic_public_meeting,CPS Civic Engagement/Volunteering supplements,OBSERVED
15,HI,Hawaii,2011,7.404170745548718,civic_public_meeting,CPS Civic Engagement/Volunteering supplements,OBSERVED
15,HI,Hawaii,2012,6.728553646377613,civic_public_meeting,CPS Civic Engagement/Volunteering supplements,OBSERVED
15,HI,Hawaii,2013,6.314042413650321,civic_public_meeting,CPS Civic Engagement/Volunteering supplements,OBSERVED
15,HI,Hawaii,2014,6.3287810018906,civic_public_meeting,CPS Civic Engagement/Volunteering supplements,OBSERVED
15,HI,Hawaii,2015,7.740675955688636,civic_public_meeting,CPS Civic Engagement/Volunteering supplements,OBSERVED
15,HI,Hawaii,2016,,civic_public_meeting,CPS Civic Engagement/Volunteering supplements,MISSING
15,HI,Hawaii,2017,9.975932990330897,civic_public_meeting,CPS Civic Engagement/Volunteering supplements,OBSERVED
15,HI,Hawaii,2018,,civic_public_meeting,CPS Civic Engagement/Volunteering supplements,MISSING
15,HI,Hawaii,2019,10.82788580587745,civic_public_meeting,CPS Civic Engagement/Volunteering supplements,OBSERVED
15,HI,Hawaii,2020,,civic_public_meeting,CPS Civic Engagement/Volunteering supplements,MISSING
15,HI,Hawaii,2021,6.824230667670273,civic_public_meeting,CPS Civic Engagement/Volunteering supplements,OBSERVED
15,HI,Hawaii,2022,,civic_public_meeting,CPS Civic Engagement/Volunteering supplements,MISSING
15,HI,Hawaii,2023,10.03458382947999,civic_public_meeting,CPS Civic Engagement/Volunteering supplements,OBSERVED
16,ID,Idaho,2000,,civic_public_meeting,CPS Civic Engagement/Volunteering supplements,MISSING
16,ID,Idaho,2001,,civic_public_meeting,CPS Civic Engagement/Volunteering supplements,MISSING
16,ID,Idaho,2002,,civic_public_meeting,CPS Civic Engagement/Volunteering supplements,MISSING
16,ID,Idaho,2003,,civic_public_meeting,CPS Civic Engagement/Volunteering supplements,MISSING
16,ID,Idaho,2004,,civic_public_meeting,CPS Civic Engagement/Volunteering supplements,MISSING
16,ID,Idaho,2005,,civic_public_meeting,CPS Civic Engagement/Volunteering supplements,MISSING
16,ID,Idaho,2006,,civic_public_meeting,CPS Civic Engagement/Volunteering supplements,MISSING
16,ID,Idaho,2007,,civic_public_meeting,CPS Civic Engagement/Volunteering supplements,MISSING
16,ID,Idaho,2008,,civic_public_meeting,CPS Civic Engagement/Volunteering supplements,MISSING
16,ID,Idaho,2009,,civic_public_meeting,CPS Civic Engagement/Volunteering supplements,MISSING
16,ID,Idaho,2010,12.17420962248477,civic_public_meeting,CPS Civic Engagement/Volunteering supplements,OBSERVED
16,ID,Idaho,2011,15.29881961536652,civic_public_meeting,CPS Civic Engagement/Volunteering supplements,OBSERVED
16,ID,Idaho,2012,12.85770933440459,civic_public_meeting,CPS Civic Engagement/Volunteering supplements,OBSERVED
16,ID,Idaho,2013,9.896798742415454,civic_public_meeting,CPS Civic Engagement/Volunteering supplements,OBSERVED
16,ID,Idaho,2014,9.820767599404483,civic_public_meeting,CPS Civic Engagement/Volunteering supplements,OBSERVED
16,ID,Idaho,2015,7.841923909256971,civic_public_meeting,CPS Civic Engagement/Volunteering supplements,OBSERVED
16,ID,Idaho,2016,,civic_public_meeting,CPS Civic Engagement/Volunteering supplements,MISSING
16,ID,Idaho,2017,12.75453990296579,civic_public_meeting,CPS Civic Engagement/Volunteering supplements,OBSERVED
16,ID,Idaho,2018,,civic_public_meeting,CPS Civic Engagement/Volunteering supplements,MISSING
16,ID,Idaho,2019,11.44574849653238,civic_public_meeting,CPS Civic Engagement/Volunteering supplements,OBSERVED
16,ID,Idaho,2020,,civic_public_meeting,CPS Civic Engagement/Volunteering supplements,MISSING
16,ID,Idaho,2021,13.14635435392546,civic_public_meeting,CPS Civic Engagement/Volunteering supplements,OBSERVED
16,ID,Idaho,2022,,civic_public_meeting,CPS Civic Engagement/Volunteering supplements,MISSING
16,ID,Idaho,2023,11.57762246933373,civic_public_meeting,CPS Civic Engagement/Volunteering supplements,OBSERVED
17,IL,Illinois,2000,,civic_public_meeting,CPS Civic Engagement/Volunteering supplements,MISSING
17,IL,Illinois,2001,,civic_public_meeting,CPS Civic Engagement/Volunteering supplements,MISSING
17,IL,Illinois,2002,,civic_public_meeting,CPS Civic Engagement/Volunteering supplements,MISSING
17,IL,Illinois,2003,,civic_public_meeting,CPS Civic Engagement/Volunteering supplements,MISSING
17,IL,Illinois,2004,,civic_public_meeting,CPS Civic Engagement/Volunteering supplements,MISSING
17,IL,Illinois,2005,,civic_public_meeting,CPS Civic Engagement/Volunteering supplements,MISSING
17,IL,Illinois,2006,,civic_public_meeting,CPS Civic Engagement/Volunteering supplements,MISSING
17,IL,Illinois,2007,,civic_public_meeting,CPS Civic Engagement/Volunteering supplements,MISSING
17,IL,Illinois,2008,,civic_public_meeting,CPS Civic Engagement/Volunteering supplements,MISSING
17,IL,Illinois,2009,,civic_public_meeting,CPS Civic Engagement/Volunteering supplements,MISSING
17,IL,Illinois,2010,7.816055524178804,civic_public_meeting,CPS Civic Engagement/Volunteering supplements,OBSERVED
17,IL,Illinois,2011,8.9431230107941,civic_public_meeting,CPS Civic Engagement/Volunteering supplements,OBSERVED
17,IL,Illinois,2012,8.699171868090215,civic_public_meeting,CPS Civic Engagement/Volunteering supplements,OBSERVED
17,IL,Illinois,2013,7.925607911098621,civic_public_meeting,CPS Civic Engagement/Volunteering supplements,OBSERVED
17,IL,Illinois,2014,7.323883972897629,civic_public_meeting,CPS Civic Engagement/Volunteering supplements,OBSERVED
17,IL,Illinois,2015,7.406642898687475,civic_public_meeting,CPS Civic Engagement/Volunteering supplements,OBSERVED
17,IL,Illinois,2016,,civic_public_meeting,CPS Civic Engagement/Volunteering supplements,MISSING
17,IL,Illinois,2017,12.83496396271383,civic_public_meeting,CPS Civic Engagement/Volunteering supplements,OBSERVED
17,IL,Illinois,2018,,civic_public_meeting,CPS Civic Engagement/Volunteering supplements,MISSING
17,IL,Illinois,2019,13.09266440125337,civic_public_meeting,CPS Civic Engagement/Volunteering supplements,OBSERVED
17,IL,Illinois,2020,,civic_public_meeting,CPS Civic Engagement/Volunteering supplements,MISSING
17,IL,Illinois,2021,9.287338960389999,civic_public_meeting,CPS Civic Engagement/Volunteering supplements,OBSERVED
17,IL,Illinois,2022,,civic_public_meeting,CPS Civic Engagement/Volunteering supplements,MISSING
17,IL,Illinois,2023,12.45903746621922,civic_public_meeting,CPS Civic Engagement/Volunteering supplements,OBSERVED
18,IN,Indiana,2000,,civic_public_meeting,CPS Civic Engagement/Volunteering supplements,MISSING
18,IN,Indiana,2001,,civic_public_meeting,CPS Civic Engagement/Volunteering supplements,MISSING
18,IN,Indiana,2002,,civic_public_meeting,CPS Civic Engagement/Volunteering supplements,MISSING
18,IN,Indiana,2003,,civic_public_meeting,CPS Civic Engagement/Volunteering supplements,MISSING
18,IN,Indiana,2004,,civic_public_meeting,CPS Civic Engagement/Volunteering supplements,MISSING
18,IN,Indiana,2005,,civic_public_meeting,CPS Civic Engagement/Volunteering supplements,MISSING
18,IN,Indiana,2006,,civic_public_meeting,CPS Civic Engagement/Volunteering supplements,MISSING
18,IN,Indiana,2007,,civic_public_meeting,CPS Civic Engagement/Volunteering supplements,MISSING
18,IN,Indiana,2008,,civic_public_meeting,CPS Civic Engagement/Volunteering supplements,MISSING
18,IN,Indiana,2009,,civic_public_meeting,CPS Civic Engagement/Volunteering supplements,MISSING
18,IN,Indiana,2010,7.334500865688093,civic_public_meeting,CPS Civic Engagement/Volunteering supplements,OBSERVED
18,IN,Indiana,2011,7.157850853832639,civic_public_meeting,CPS Civic Engagement/Volunteering supplements,OBSERVED
18,IN,Indiana,2012,8.2456179299412,civic_public_meeting,CPS Civic Engagement/Volunteering supplements,OBSERVED
18,IN,Indiana,2013,6.141447485395837,civic_public_meeting,CPS Civic Engagement/Volunteering supplements,OBSERVED
18,IN,Indiana,2014,5.761145995850629,civic_public_meeting,CPS Civic Engagement/Volunteering supplements,OBSERVED
18,IN,Indiana,2015,8.035865897329991,civic_public_meeting,CPS Civic Engagement/Volunteering supplements,OBSERVED
18,IN,Indiana,2016,,civic_public_meeting,CPS Civic Engagement/Volunteering supplements,MISSING
18,IN,Indiana,2017,11.46068317937138,civic_public_meeting,CPS Civic Engagement/Volunteering supplements,OBSERVED
18,IN,Indiana,2018,,civic_public_meeting,CPS Civic Engagement/Volunteering supplements,MISSING
18,IN,Indiana,2019,9.599642155776857,civic_public_meeting,CPS Civic Engagement/Volunteering supplements,OBSERVED
18,IN,Indiana,2020,,civic_public_meeting,CPS Civic Engagement/Volunteering supplements,MISSING
18,IN,Indiana,2021,8.309130338491364,civic_public_meeting,CPS Civic Engagement/Volunteering supplements,OBSERVED
18,IN,Indiana,2022,,civic_public_meeting,CPS Civic Engagement/Volunteering supplements,MISSING
18,IN,Indiana,2023,7.639245492413655,civic_public_meeting,CPS Civic Engagement/Volunteering supplements,OBSERVED
19,IA,Iowa,2000,,civic_public_meeting,CPS Civic Engagement/Volunteering supplements,MISSING
19,IA,Iowa,2001,,civic_public_meeting,CPS Civic Engagement/Volunteering supplements,MISSING
19,IA,Iowa,2002,,civic_public_meeting,CPS Civic Engagement/Volunteering supplements,MISSING
19,IA,Iowa,2003,,civic_public_meeting,CPS Civic Engagement/Volunteering supplements,MISSING
19,IA,Iowa,2004,,civic_public_meeting,CPS Civic Engagement/Volunteering supplements,MISSING
19,IA,Iowa,2005,,civic_public_meeting,CPS Civic Engagement/Volunteering supplements,MISSING
19,IA,Iowa,2006,,civic_public_meeting,CPS Civic Engagement/Volunteering supplements,MISSING
19,IA,Iowa,2007,,civic_public_meeting,CPS Civic Engagement/Volunteering supplements,MISSING
19,IA,Iowa,2008,,civic_public_meeting,CPS Civic Engagement/Volunteering supplements,MISSING
19,IA,Iowa,2009,,civic_public_meeting,CPS Civic Engagement/Volunteering supplements,MISSING
19,IA,Iowa,2010,11.94046895658499,civic_public_meeting,CPS Civic Engagement/Volunteering supplements,OBSERVED
19,IA,Iowa,2011,13.2694199817143,civic_public_meeting,CPS Civic Engagement/Volunteering supplements,OBSERVED
19,IA,Iowa,2012,10.45188811712125,civic_public_meeting,CPS Civic Engagement/Volunteering supplements,OBSERVED
19,IA,Iowa,2013,12.67372297701407,civic_public_meeting,CPS Civic Engagement/Volunteering supplements,OBSERVED
19,IA,Iowa,2014,11.26202862194144,civic_public_meeting,CPS Civic Engagement/Volunteering supplements,OBSERVED
19,IA,Iowa,2015,8.330067005047853,civic_public_meeting,CPS Civic Engagement/Volunteering supplements,OBSERVED
19,IA,Iowa,2016,,civic_public_meeting,CPS Civic Engagement/Volunteering supplements,MISSING
19,IA,Iowa,2017,13.41312224533047,civic_public_meeting,CPS Civic Engagement/Volunteering supplements,OBSERVED
19,IA,Iowa,2018,,civic_public_meeting,CPS Civic Engagement/Volunteering supplements,MISSING
19,IA,Iowa,2019,11.64171036007223,civic_public_meeting,CPS Civic Engagement/Volunteering supplements,OBSERVED
19,IA,Iowa,2020,,civic_public_meeting,CPS Civic Engagement/Volunteering supplements,MISSING
19,IA,Iowa,2021,11.4885305440614,civic_public_meeting,CPS Civic Engagement/Volunteering supplements,OBSERVED
19,IA,Iowa,2022,,civic_public_meeting,CPS Civic Engagement/Volunteering supplements,MISSING
19,IA,Iowa,2023,10.27764058030743,civic_public_meeting,CPS Civic Engagement/Volunteering supplements,OBSERVED
20,KS,Kansas,2000,,civic_public_meeting,CPS Civic Engagement/Volunteering supplements,MISSING
20,KS,Kansas,2001,,civic_public_meeting,CPS Civic Engagement/Volunteering supplements,MISSING
20,KS,Kansas,2002,,civic_public_meeting,CPS Civic Engagement/Volunteering supplements,MISSING
20,KS,Kansas,2003,,civic_public_meeting,CPS Civic Engagement/Volunteering supplements,MISSING
20,KS,Kansas,2004,,civic_public_meeting,CPS Civic Engagement/Volunteering supplements,MISSING
20,KS,Kansas,2005,,civic_public_meeting,CPS Civic Engagement/Volunteering supplements,MISSING
20,KS,Kansas,2006,,civic_public_meeting,CPS Civic Engagement/Volunteering supplements,MISSING
20,KS,Kansas,2007,,civic_public_meeting,CPS Civic Engagement/Volunteering supplements,MISSING
20,KS,Kansas,2008,,civic_public_meeting,CPS Civic Engagement/Volunteering supplements,MISSING
20,KS,Kansas,2009,,civic_public_meeting,CPS Civic Engagement/Volunteering supplements,MISSING
20,KS,Kansas,2010,11.14146165741679,civic_public_meeting,CPS Civic Engagement/Volunteering supplements,OBSERVED
20,KS,Kansas,2011,11.16879299840047,civic_public_meeting,CPS Civic Engagement/Volunteering supplements,OBSERVED
20,KS,Kansas,2012,12.26492669000606,civic_public_meeting,CPS Civic Engagement/Volunteering supplements,OBSERVED
20,KS,Kansas,2013,10.82968402116323,civic_public_meeting,CPS Civic Engagement/Volunteering supplements,OBSERVED
20,KS,Kansas,2014,7.123239368670033,civic_public_meeting,CPS Civic Engagement/Volunteering supplements,OBSERVED
20,KS,Kansas,2015,8.379667069969134,civic_public_meeting,CPS Civic Engagement/Volunteering supplements,OBSERVED
20,KS,Kansas,2016,,civic_public_meeting,CPS Civic Engagement/Volunteering supplements,MISSING
20,KS,Kansas,2017,11.88653516352919,civic_public_meeting,CPS Civic Engagement/Volunteering supplements,OBSERVED
20,KS,Kansas,2018,,civic_public_meeting,CPS Civic Engagement/Volunteering supplements,MISSING
20,KS,Kansas,2019,11.40048637850145,civic_public_meeting,CPS Civic Engagement/Volunteering supplements,OBSERVED
20,KS,Kansas,2020,,civic_public_meeting,CPS Civic Engagement/Volunteering supplements,MISSING
20,KS,Kansas,2021,8.352136593232967,civic_public_meeting,CPS Civic Engagement/Volunteering supplements,OBSERVED
20,KS,Kansas,2022,,civic_public_meeting,CPS Civic Engagement/Volunteering supplements,MISSING
20,KS,Kansas,2023,11.97777033973254,civic_public_meeting,CPS Civic Engagement/Volunteering supplements,OBSERVED
21,KY,Kentucky,2000,,civic_public_meeting,CPS Civic Engagement/Volunteering supplements,MISSING
21,KY,Kentucky,2001,,civic_public_meeting,CPS Civic Engagement/Volunteering supplements,MISSING
21,KY,Kentucky,2002,,civic_public_meeting,CPS Civic Engagement/Volunteering supplements,MISSING
21,KY,Kentucky,2003,,civic_public_meeting,CPS Civic Engagement/Volunteering supplements,MISSING
21,KY,Kentucky,2004,,civic_public_meeting,CPS Civic Engagement/Volunteering supplements,MISSING
21,KY,Kentucky,2005,,civic_public_meeting,CPS Civic Engagement/Volunteering supplements,MISSING
21,KY,Kentucky,2006,,civic_public_meeting,CPS Civic Engagement/Volunteering supplements,MISSING
21,KY,Kentucky,2007,,civic_public_meeting,CPS Civic Engagement/Volunteering supplements,MISSING
21,KY,Kentucky,2008,,civic_public_meeting,CPS Civic Engagement/Volunteering supplements,MISSING
21,KY,Kentucky,2009,,civic_public_meeting,CPS Civic Engagement/Volunteering supplements,MISSING
21,KY,Kentucky,2010,7.086580021584068,civic_public_meeting,CPS Civic Engagement/Volunteering supplements,OBSERVED
21,KY,Kentucky,2011,6.123933207196727,civic_public_meeting,CPS Civic Engagement/Volunteering supplements,OBSERVED
21,KY,Kentucky,2012,7.656844737358067,civic_public_meeting,CPS Civic Engagement/Volunteering supplements,OBSERVED
21,KY,Kentucky,2013,7.151920420304099,civic_public_meeting,CPS Civic Engagement/Volunteering supplements,OBSERVED
21,KY,Kentucky,2014,6.079896250100297,civic_public_meeting,CPS Civic Engagement/Volunteering supplements,OBSERVED
21,KY,Kentucky,2015,6.944496328038474,civic_public_meeting,CPS Civic Engagement/Volunteering supplements,OBSERVED
21,KY,Kentucky,2016,,civic_public_meeting,CPS Civic Engagement/Volunteering supplements,MISSING
21,KY,Kentucky,2017,9.215993601873668,civic_public_meeting,CPS Civic Engagement/Volunteering supplements,OBSERVED
21,KY,Kentucky,2018,,civic_public_meeting,CPS Civic Engagement/Volunteering supplements,MISSING
21,KY,Kentucky,2019,7.358862055539256,civic_public_meeting,CPS Civic Engagement/Volunteering supplements,OBSERVED
21,KY,Kentucky,2020,,civic_public_meeting,CPS Civic Engagement/Volunteering supplements,MISSING
21,KY,Kentucky,2021,5.942972717193118,civic_public_meeting,CPS Civic Engagement/Volunteering supplements,OBSERVED
21,KY,Kentucky,2022,,civic_public_meeting,CPS Civic Engagement/Volunteering supplements,MISSING
21,KY,Kentucky,2023,6.002704132209615,civic_public_meeting,CPS Civic Engagement/Volunteering supplements,OBSERVED
22,LA,Louisiana,2000,,civic_public_meeting,CPS Civic Engagement/Volunteering supplements,MISSING
22,LA,Louisiana,2001,,civic_public_meeting,CPS Civic Engagement/Volunteering supplements,MISSING
22,LA,Louisiana,2002,,civic_public_meeting,CPS Civic Engagement/Volunteering supplements,MISSING
22,LA,Louisiana,2003,,civic_public_meeting,CPS Civic Engagement/Volunteering supplements,MISSING
22,LA,Louisiana,2004,,civic_public_meeting,CPS Civic Engagement/Volunteering supplements,MISSING
22,LA,Louisiana,2005,,civic_public_meeting,CPS Civic Engagement/Volunteering supplements,MISSING
22,LA,Louisiana,2006,,civic_public_meeting,CPS Civic Engagement/Volunteering supplements,MISSING
22,LA,Louisiana,2007,,civic_public_meeting,CPS Civic Engagement/Volunteering supplements,MISSING
22,LA,Louisiana,2008,,civic_public_meeting,CPS Civic Engagement/Volunteering supplements,MISSING
22,LA,Louisiana,2009,,civic_public_meeting,CPS Civic Engagement/Volunteering supplements,MISSING
22,LA,Louisiana,2010,8.493176491310109,civic_public_meeting,CPS Civic Engagement/Volunteering supplements,OBSERVED
22,LA,Louisiana,2011,9.078103678231356,civic_public_meeting,CPS Civic Engagement/Volunteering supplements,OBSERVED
22,LA,Louisiana,2012,6.625221536275512,civic_public_meeting,CPS Civic Engagement/Volunteering supplements,OBSERVED
22,LA,Louisiana,2013,4.916962852895677,civic_public_meeting,CPS Civic Engagement/Volunteering supplements,OBSERVED
22,LA,Louisiana,2014,5.889827187237112,civic_public_meeting,CPS Civic Engagement/Volunteering supplements,OBSERVED
22,LA,Louisiana,2015,6.996662202015881,civic_public_meeting,CPS Civic Engagement/Volunteering supplements,OBSERVED
22,LA,Louisiana,2016,,civic_public_meeting,CPS Civic Engagement/Volunteering supplements,MISSING
22,LA,Louisiana,2017,7.733286292866,civic_public_meeting,CPS Civic Engagement/Volunteering supplements,OBSERVED
22,LA,Louisiana,2018,,civic_public_meeting,CPS Civic Engagement/Volunteering supplements,MISSING
22,LA,Louisiana,2019,8.154800424036496,civic_public_meeting,CPS Civic Engagement/Volunteering supplements,OBSERVED
22,LA,Louisiana,2020,,civic_public_meeting,CPS Civic Engagement/Volunteering supplements,MISSING
22,LA,Louisiana,2021,5.66444653293134,civic_public_meeting,CPS Civic Engagement/Volunteering supplements,OBSERVED
22,LA,Louisiana,2022,,civic_public_meeting,CPS Civic Engagement/Volunteering supplements,MISSING
22,LA,Louisiana,2023,5.714350853437842,civic_public_meeting,CPS Civic Engagement/Volunteering supplements,OBSERVED
23,ME,Maine,2000,,civic_public_meeting,CPS Civic Engagement/Volunteering supplements,MISSING
23,ME,Maine,2001,,civic_public_meeting,CPS Civic Engagement/Volunteering supplements,MISSING
23,ME,Maine,2002,,civic_public_meeting,CPS Civic Engagement/Volunteering supplements,MISSING
23,ME,Maine,2003,,civic_public_meeting,CPS Civic Engagement/Volunteering supplements,MISSING
23,ME,Maine,2004,,civic_public_meeting,CPS Civic Engagement/Volunteering supplements,MISSING
23,ME,Maine,2005,,civic_public_meeting,CPS Civic Engagement/Volunteering supplements,MISSING
23,ME,Maine,2006,,civic_public_meeting,CPS Civic Engagement/Volunteering supplements,MISSING
23,ME,Maine,2007,,civic_public_meeting,CPS Civic Engagement/Volunteering supplements,MISSING
23,ME,Maine,2008,,civic_public_meeting,CPS Civic Engagement/Volunteering supplements,MISSING
23,ME,Maine,2009,,civic_public_meeting,CPS Civic Engagement/Volunteering supplements,MISSING
23,ME,Maine,2010,16.7585660950655,civic_public_meeting,CPS Civic Engagement/Volunteering supplements,OBSERVED
23,ME,Maine,2011,16.42035883195949,civic_public_meeting,CPS Civic Engagement/Volunteering supplements,OBSERVED
23,ME,Maine,2012,18.71942138953479,civic_public_meeting,CPS Civic Engagement/Volunteering supplements,OBSERVED
23,ME,Maine,2013,15.43835942525631,civic_public_meeting,CPS Civic Engagement/Volunteering supplements,OBSERVED
23,ME,Maine,2014,14.93540005399213,civic_public_meeting,CPS Civic Engagement/Volunteering supplements,OBSERVED
23,ME,Maine,2015,14.84674046590013,civic_public_meeting,CPS Civic Engagement/Volunteering supplements,OBSERVED
23,ME,Maine,2016,,civic_public_meeting,CPS Civic Engagement/Volunteering supplements,MISSING
23,ME,Maine,2017,19.11994783985874,civic_public_meeting,CPS Civic Engagement/Volunteering supplements,OBSERVED
23,ME,Maine,2018,,civic_public_meeting,CPS Civic Engagement/Volunteering supplements,MISSING
23,ME,Maine,2019,18.44251119433986,civic_public_meeting,CPS Civic Engagement/Volunteering supplements,OBSERVED
23,ME,Maine,2020,,civic_public_meeting,CPS Civic Engagement/Volunteering supplements,MISSING
23,ME,Maine,2021,19.06672944105074,civic_public_meeting,CPS Civic Engagement/Volunteering supplements,OBSERVED
23,ME,Maine,2022,,civic_public_meeting,CPS Civic Engagement/Volunteering supplements,MISSING
23,ME,Maine,2023,17.35775197985076,civic_public_meeting,CPS Civic Engagement/Volunteering supplements,OBSERVED
24,MD,Maryland,2000,,civic_public_meeting,CPS Civic Engagement/Volunteering supplements,MISSING
24,MD,Maryland,2001,,civic_public_meeting,CPS Civic Engagement/Volunteering supplements,MISSING
24,MD,Maryland,2002,,civic_public_meeting,CPS Civic Engagement/Volunteering supplements,MISSING
24,MD,Maryland,2003,,civic_public_meeting,CPS Civic Engagement/Volunteering supplements,MISSING
24,MD,Maryland,2004,,civic_public_meeting,CPS Civic Engagement/Volunteering supplements,MISSING
24,MD,Maryland,2005,,civic_public_meeting,CPS Civic Engagement/Volunteering supplements,MISSING
24,MD,Maryland,2006,,civic_public_meeting,CPS Civic Engagement/Volunteering supplements,MISSING
24,MD,Maryland,2007,,civic_public_meeting,CPS Civic Engagement/Volunteering supplements,MISSING
24,MD,Maryland,2008,,civic_public_meeting,CPS Civic Engagement/Volunteering supplements,MISSING
24,MD,Maryland,2009,,civic_public_meeting,CPS Civic Engagement/Volunteering supplements,MISSING
24,MD,Maryland,2010,10.88423095104106,civic_public_meeting,CPS Civic Engagement/Volunteering supplements,OBSERVED
24,MD,Maryland,2011,9.43786196120176,civic_public_meeting,CPS Civic Engagement/Volunteering supplements,OBSERVED
24,MD,Maryland,2012,11.36126143524248,civic_public_meeting,CPS Civic Engagement/Volunteering supplements,OBSERVED
24,MD,Maryland,2013,9.277402774004745,civic_public_meeting,CPS Civic Engagement/Volunteering supplements,OBSERVED
24,MD,Maryland,2014,10.1511918827151,civic_public_meeting,CPS Civic Engagement/Volunteering supplements,OBSERVED
24,MD,Maryland,2015,10.73138830374253,civic_public_meeting,CPS Civic Engagement/Volunteering supplements,OBSERVED
24,MD,Maryland,2016,,civic_public_meeting,CPS Civic Engagement/Volunteering supplements,MISSING
24,MD,Maryland,2017,12.27328644480367,civic_public_meeting,CPS Civic Engagement/Volunteering supplements,OBSERVED
24,MD,Maryland,2018,,civic_public_meeting,CPS Civic Engagement/Volunteering supplements,MISSING
24,MD,Maryland,2019,14.05728155717338,civic_public_meeting,CPS Civic Engagement/Volunteering supplements,OBSERVED
24,MD,Maryland,2020,,civic_public_meeting,CPS Civic Engagement/Volunteering supplements,MISSING
24,MD,Maryland,2021,7.481675712534703,civic_public_meeting,CPS Civic Engagement/Volunteering supplements,OBSERVED
24,MD,Maryland,2022,,civic_public_meeting,CPS Civic Engagement/Volunteering supplements,MISSING
24,MD,Maryland,2023,10.48329090158494,civic_public_meeting,CPS Civic Engagement/Volunteering supplements,OBSERVED
25,MA,Massachusetts,2000,,civic_public_meeting,CPS Civic Engagement/Volunteering supplements,MISSING
25,MA,Massachusetts,2001,,civic_public_meeting,CPS Civic Engagement/Volunteering supplements,MISSING
25,MA,Massachusetts,2002,,civic_public_meeting,CPS Civic Engagement/Volunteering supplements,MISSING
25,MA,Massachusetts,2003,,civic_public_meeting,CPS Civic Engagement/Volunteering supplements,MISSING
25,MA,Massachusetts,2004,,civic_public_meeting,CPS Civic Engagement/Volunteering supplements,MISSING
25,MA,Massachusetts,2005,,civic_public_meeting,CPS Civic Engagement/Volunteering supplements,MISSING
25,MA,Massachusetts,2006,,civic_public_meeting,CPS Civic Engagement/Volunteering supplements,MISSING
25,MA,Massachusetts,2007,,civic_public_meeting,CPS Civic Engagement/Volunteering supplements,MISSING
25,MA,Massachusetts,2008,,civic_public_meeting,CPS Civic Engagement/Volunteering supplements,MISSING
25,MA,Massachusetts,2009,,civic_public_meeting,CPS Civic Engagement/Volunteering supplements,MISSING
25,MA,Massachusetts,2010,10.9224199283799,civic_public_meeting,CPS Civic Engagement/Volunteering supplements,OBSERVED
25,MA,Massachusetts,2011,12.19342956505385,civic_public_meeting,CPS Civic Engagement/Volunteering supplements,OBSERVED
25,MA,Massachusetts,2012,10.5248489075623,civic_public_meeting,CPS Civic Engagement/Volunteering supplements,OBSERVED
25,MA,Massachusetts,2013,11.41153436258343,civic_public_meeting,CPS Civic Engagement/Volunteering supplements,OBSERVED
25,MA,Massachusetts,2014,9.718072085159058,civic_public_meeting,CPS Civic Engagement/Volunteering supplements,OBSERVED
25,MA,Massachusetts,2015,9.720704369964581,civic_public_meeting,CPS Civic Engagement/Volunteering supplements,OBSERVED
25,MA,Massachusetts,2016,,civic_public_meeting,CPS Civic Engagement/Volunteering supplements,MISSING
25,MA,Massachusetts,2017,15.62453459995461,civic_public_meeting,CPS Civic Engagement/Volunteering supplements,OBSERVED
25,MA,Massachusetts,2018,,civic_public_meeting,CPS Civic Engagement/Volunteering supplements,MISSING
25,MA,Massachusetts,2019,12.44876859366236,civic_public_meeting,CPS Civic Engagement/Volunteering supplements,OBSERVED
25,MA,Massachusetts,2020,,civic_public_meeting,CPS Civic Engagement/Volunteering supplements,MISSING
25,MA,Massachusetts,2021,10.89865767350393,civic_public_meeting,CPS Civic Engagement/Volunteering supplements,OBSERVED
25,MA,Massachusetts,2022,,civic_public_meeting,CPS Civic Engagement/Volunteering supplements,MISSING
25,MA,Massachusetts,2023,14.04695845034285,civic_public_meeting,CPS Civic Engagement/Volunteering supplements,OBSERVED
26,MI,Michigan,2000,,civic_public_meeting,CPS Civic Engagement/Volunteering supplements,MISSING
26,MI,Michigan,2001,,civic_public_meeting,CPS Civic Engagement/Volunteering supplements,MISSING
26,MI,Michigan,2002,,civic_public_meeting,CPS Civic Engagement/Volunteering supplements,MISSING
26,MI,Michigan,2003,,civic_public_meeting,CPS Civic Engagement/Volunteering supplements,MISSING
26,MI,Michigan,2004,,civic_public_meeting,CPS Civic Engagement/Volunteering supplements,MISSING
26,MI,Michigan,2005,,civic_public_meeting,CPS Civic Engagement/Volunteering supplements,MISSING
26,MI,Michigan,2006,,civic_public_meeting,CPS Civic Engagement/Volunteering supplements,MISSING
26,MI,Michigan,2007,,civic_public_meeting,CPS Civic Engagement/Volunteering supplements,MISSING
26,MI,Michigan,2008,,civic_public_meeting,CPS Civic Engagement/Volunteering supplements,MISSING
26,MI,Michigan,2009,,civic_public_meeting,CPS Civic Engagement/Volunteering supplements,MISSING
26,MI,Michigan,2010,9.757889096844007,civic_public_meeting,CPS Civic Engagement/Volunteering supplements,OBSERVED
26,MI,Michigan,2011,9.560512756744098,civic_public_meeting,CPS Civic Engagement/Volunteering supplements,OBSERVED
26,MI,Michigan,2012,9.40045035795696,civic_public_meeting,CPS Civic Engagement/Volunteering supplements,OBSERVED
26,MI,Michigan,2013,6.90664241571857,civic_public_meeting,CPS Civic Engagement/Volunteering supplements,OBSERVED
26,MI,Michigan,2014,8.580515246463621,civic_public_meeting,CPS Civic Engagement/Volunteering supplements,OBSERVED
26,MI,Michigan,2015,9.18275825741703,civic_public_meeting,CPS Civic Engagement/Volunteering supplements,OBSERVED
26,MI,Michigan,2016,,civic_public_meeting,CPS Civic Engagement/Volunteering supplements,MISSING
26,MI,Michigan,2017,10.48762790255534,civic_public_meeting,CPS Civic Engagement/Volunteering supplements,OBSERVED
26,MI,Michigan,2018,,civic_public_meeting,CPS Civic Engagement/Volunteering supplements,MISSING
26,MI,Michigan,2019,11.65614634096918,civic_public_meeting,CPS Civic Engagement/Volunteering supplements,OBSERVED
26,MI,Michigan,2020,,civic_public_meeting,CPS Civic Engagement/Volunteering supplements,MISSING
26,MI,Michigan,2021,9.588631603409208,civic_public_meeting,CPS Civic Engagement/Volunteering supplements,OBSERVED
26,MI,Michigan,2022,,civic_public_meeting,CPS Civic Engagement/Volunteering supplements,MISSING
26,MI,Michigan,2023,8.814036560335724,civic_public_meeting,CPS Civic Engagement/Volunteering supplements,OBSERVED
27,MN,Minnesota,2000,,civic_public_meeting,CPS Civic Engagement/Volunteering supplements,MISSING
27,MN,Minnesota,2001,,civic_public_meeting,CPS Civic Engagement/Volunteering supplements,MISSING
27,MN,Minnesota,2002,,civic_public_meeting,CPS Civic Engagement/Volunteering supplements,MISSING
27,MN,Minnesota,2003,,civic_public_meeting,CPS Civic Engagement/Volunteering supplements,MISSING
27,MN,Minnesota,2004,,civic_public_meeting,CPS Civic Engagement/Volunteering supplements,MISSING
27,MN,Minnesota,2005,,civic_public_meeting,CPS Civic Engagement/Volunteering supplements,MISSING
27,MN,Minnesota,2006,,civic_public_meeting,CPS Civic Engagement/Volunteering supplements,MISSING
27,MN,Minnesota,2007,,civic_public_meeting,CPS Civic Engagement/Volunteering supplements,MISSING
27,MN,Minnesota,2008,,civic_public_meeting,CPS Civic Engagement/Volunteering supplements,MISSING
27,MN,Minnesota,2009,,civic_public_meeting,CPS Civic Engagement/Volunteering supplements,MISSING
27,MN,Minnesota,2010,12.84417055195133,civic_public_meeting,CPS Civic Engagement/Volunteering supplements,OBSERVED
27,MN,Minnesota,2011,13.2787659559157,civic_public_meeting,CPS Civic Engagement/Volunteering supplements,OBSERVED
27,MN,Minnesota,2012,11.6045827645628,civic_public_meeting,CPS Civic Engagement/Volunteering supplements,OBSERVED
27,MN,Minnesota,2013,12.01546838229354,civic_public_meeting,CPS Civic Engagement/Volunteering supplements,OBSERVED
27,MN,Minnesota,2014,11.92892113049908,civic_public_meeting,CPS Civic Engagement/Volunteering supplements,OBSERVED
27,MN,Minnesota,2015,13.05321920508878,civic_public_meeting,CPS Civic Engagement/Volunteering supplements,OBSERVED
27,MN,Minnesota,2016,,civic_public_meeting,CPS Civic Engagement/Volunteering supplements,MISSING
27,MN,Minnesota,2017,12.8671342427494,civic_public_meeting,CPS Civic Engagement/Volunteering supplements,OBSERVED
27,MN,Minnesota,2018,,civic_public_meeting,CPS Civic Engagement/Volunteering supplements,MISSING
27,MN,Minnesota,2019,13.4881367707149,civic_public_meeting,CPS Civic Engagement/Volunteering supplements,OBSERVED
27,MN,Minnesota,2020,,civic_public_meeting,CPS Civic Engagement/Volunteering supplements,MISSING
27,MN,Minnesota,2021,9.736517572921324,civic_public_meeting,CPS Civic Engagement/Volunteering supplements,OBSERVED
27,MN,Minnesota,2022,,civic_public_meeting,CPS Civic Engagement/Volunteering supplements,MISSING
27,MN,Minnesota,2023,11.31333070026364,civic_public_meeting,CPS Civic Engagement/Volunteering supplements,OBSERVED
28,MS,Mississippi,2000,,civic_public_meeting,CPS Civic Engagement/Volunteering supplements,MISSING
28,MS,Mississippi,2001,,civic_public_meeting,CPS Civic Engagement/Volunteering supplements,MISSING
28,MS,Mississippi,2002,,civic_public_meeting,CPS Civic Engagement/Volunteering supplements,MISSING
28,MS,Mississippi,2003,,civic_public_meeting,CPS Civic Engagement/Volunteering supplements,MISSING
28,MS,Mississippi,2004,,civic_public_meeting,CPS Civic Engagement/Volunteering supplements,MISSING
28,MS,Mississippi,2005,,civic_public_meeting,CPS Civic Engagement/Volunteering supplements,MISSING
28,MS,Mississippi,2006,,civic_public_meeting,CPS Civic Engagement/Volunteering supplements,MISSING
28,MS,Mississippi,2007,,civic_public_meeting,CPS Civic Engagement/Volunteering supplements,MISSING
28,MS,Mississippi,2008,,civic_public_meeting,CPS Civic Engagement/Volunteering supplements,MISSING
28,MS,Mississippi,2009,,civic_public_meeting,CPS Civic Engagement/Volunteering supplements,MISSING
28,MS,Mississippi,2010,9.643140597675561,civic_public_meeting,CPS Civic Engagement/Volunteering supplements,OBSERVED
28,MS,Mississippi,2011,9.279126674247413,civic_public_meeting,CPS Civic Engagement/Volunteering supplements,OBSERVED
28,MS,Mississippi,2012,8.632178540937483,civic_public_meeting,CPS Civic Engagement/Volunteering supplements,OBSERVED
28,MS,Mississippi,2013,7.466249173306836,civic_public_meeting,CPS Civic Engagement/Volunteering supplements,OBSERVED
28,MS,Mississippi,2014,6.92170896630136,civic_public_meeting,CPS Civic Engagement/Volunteering supplements,OBSERVED
28,MS,Mississippi,2015,5.993085414164395,civic_public_meeting,CPS Civic Engagement/Volunteering supplements,OBSERVED
28,MS,Mississippi,2016,,civic_public_meeting,CPS Civic Engagement/Volunteering supplements,MISSING
28,MS,Mississippi,2017,8.437619876646432,civic_public_meeting,CPS Civic Engagement/Volunteering supplements,OBSERVED
28,MS,Mississippi,2018,,civic_public_meeting,CPS Civic Engagement/Volunteering supplements,MISSING
28,MS,Mississippi,2019,7.780164073155977,civic_public_meeting,CPS Civic Engagement/Volunteering supplements,OBSERVED
28,MS,Mississippi,2020,,civic_public_meeting,CPS Civic Engagement/Volunteering supplements,MISSING
28,MS,Mississippi,2021,7.70022357818485,civic_public_meeting,CPS Civic Engagement/Volunteering supplements,OBSERVED
28,MS,Mississippi,2022,,civic_public_meeting,CPS Civic Engagement/Volunteering supplements,MISSING
28,MS,Mississippi,2023,9.00227037693029,civic_public_meeting,CPS Civic Engagement/Volunteering supplements,OBSERVED
29,MO,Missouri,2000,,civic_public_meeting,CPS Civic Engagement/Volunteering supplements,MISSING
29,MO,Missouri,2001,,civic_public_meeting,CPS Civic Engagement/Volunteering supplements,MISSING
29,MO,Missouri,2002,,civic_public_meeting,CPS Civic Engagement/Volunteering supplements,MISSING
29,MO,Missouri,2003,,civic_public_meeting,CPS Civic Engagement/Volunteering supplements,MISSING
29,MO,Missouri,2004,,civic_public_meeting,CPS Civic Engagement/Volunteering supplements,MISSING
29,MO,Missouri,2005,,civic_public_meeting,CPS Civic Engagement/Volunteering supplements,MISSING
29,MO,Missouri,2006,,civic_public_meeting,CPS Civic Engagement/Volunteering supplements,MISSING
29,MO,Missouri,2007,,civic_public_meeting,CPS Civic Engagement/Volunteering supplements,MISSING
29,MO,Missouri,2008,,civic_public_meeting,CPS Civic Engagement/Volunteering supplements,MISSING
29,MO,Missouri,2009,,civic_public_meeting,CPS Civic Engagement/Volunteering supplements,MISSING
29,MO,Missouri,2010,9.611896071171731,civic_public_meeting,CPS Civic Engagement/Volunteering supplements,OBSERVED
29,MO,Missouri,2011,7.307012942051963,civic_public_meeting,CPS Civic Engagement/Volunteering supplements,OBSERVED
29,MO,Missouri,2012,8.24223174640668,civic_public_meeting,CPS Civic Engagement/Volunteering supplements,OBSERVED
29,MO,Missouri,2013,9.644170558409968,civic_public_meeting,CPS Civic Engagement/Volunteering supplements,OBSERVED
29,MO,Missouri,2014,7.883004268402469,civic_public_meeting,CPS Civic Engagement/Volunteering supplements,OBSERVED
29,MO,Missouri,2015,6.515597207909862,civic_public_meeting,CPS Civic Engagement/Volunteering supplements,OBSERVED
29,MO,Missouri,2016,,civic_public_meeting,CPS Civic Engagement/Volunteering supplements,MISSING
29,MO,Missouri,2017,12.07929476413788,civic_public_meeting,CPS Civic Engagement/Volunteering supplements,OBSERVED
29,MO,Missouri,2018,,civic_public_meeting,CPS Civic Engagement/Volunteering supplements,MISSING
29,MO,Missouri,2019,12.19266612456452,civic_public_meeting,CPS Civic Engagement/Volunteering supplements,OBSERVED
29,MO,Missouri,2020,,civic_public_meeting,CPS Civic Engagement/Volunteering supplements,MISSING
29,MO,Missouri,2021,6.966071596633306,civic_public_meeting,CPS Civic Engagement/Volunteering supplements,OBSERVED
29,MO,Missouri,2022,,civic_public_meeting,CPS Civic Engagement/Volunteering supplements,MISSING
29,MO,Missouri,2023,10.54940922300453,civic_public_meeting,CPS Civic Engagement/Volunteering supplements,OBSERVED
30,MT,Montana,2000,,civic_public_meeting,CPS Civic Engagement/Volunteering supplements,MISSING
30,MT,Montana,2001,,civic_public_meeting,CPS Civic Engagement/Volunteering supplements,MISSING
30,MT,Montana,2002,,civic_public_meeting,CPS Civic Engagement/Volunteering supplements,MISSING
30,MT,Montana,2003,,civic_public_meeting,CPS Civic Engagement/Volunteering supplements,MISSING
30,MT,Montana,2004,,civic_public_meeting,CPS Civic Engagement/Volunteering supplements,MISSING
30,MT,Montana,2005,,civic_public_meeting,CPS Civic Engagement/Volunteering supplements,MISSING
30,MT,Montana,2006,,civic_public_meeting,CPS Civic Engagement/Volunteering supplements,MISSING
30,MT,Montana,2007,,civic_public_meeting,CPS Civic Engagement/Volunteering supplements,MISSING
30,MT,Montana,2008,,civic_public_meeting,CPS Civic Engagement/Volunteering supplements,MISSING
30,MT,Montana,2009,,civic_public_meeting,CPS Civic Engagement/Volunteering supplements,MISSING
30,MT,Montana,2010,21.1866002919327,civic_public_meeting,CPS Civic Engagement/Volunteering supplements,OBSERVED
30,MT,Montana,2011,15.29408063145378,civic_public_meeting,CPS Civic Engagement/Volunteering supplements,OBSERVED
30,MT,Montana,2012,17.03285414401958,civic_public_meeting,CPS Civic Engagement/Volunteering supplements,OBSERVED
30,MT,Montana,2013,11.83155705497303,civic_public_meeting,CPS Civic Engagement/Volunteering supplements,OBSERVED
30,MT,Montana,2014,13.54665801856179,civic_public_meeting,CPS Civic Engagement/Volunteering supplements,OBSERVED
30,MT,Montana,2015,12.60044149173589,civic_public_meeting,CPS Civic Engagement/Volunteering supplements,OBSERVED
30,MT,Montana,2016,,civic_public_meeting,CPS Civic Engagement/Volunteering supplements,MISSING
30,MT,Montana,2017,15.92748501398853,civic_public_meeting,CPS Civic Engagement/Volunteering supplements,OBSERVED
30,MT,Montana,2018,,civic_public_meeting,CPS Civic Engagement/Volunteering supplements,MISSING
30,MT,Montana,2019,13.05282226005655,civic_public_meeting,CPS Civic Engagement/Volunteering supplements,OBSERVED
30,MT,Montana,2020,,civic_public_meeting,CPS Civic Engagement/Volunteering supplements,MISSING
30,MT,Montana,2021,12.40050400716145,civic_public_meeting,CPS Civic Engagement/Volunteering supplements,OBSERVED
30,MT,Montana,2022,,civic_public_meeting,CPS Civic Engagement/Volunteering supplements,MISSING
30,MT,Montana,2023,13.59065377115417,civic_public_meeting,CPS Civic Engagement/Volunteering supplements,OBSERVED
31,NE,Nebraska,2000,,civic_public_meeting,CPS Civic Engagement/Volunteering supplements,MISSING
31,NE,Nebraska,2001,,civic_public_meeting,CPS Civic Engagement/Volunteering supplements,MISSING
31,NE,Nebraska,2002,,civic_public_meeting,CPS Civic Engagement/Volunteering supplements,MISSING
31,NE,Nebraska,2003,,civic_public_meeting,CPS Civic Engagement/Volunteering supplements,MISSING
31,NE,Nebraska,2004,,civic_public_meeting,CPS Civic Engagement/Volunteering supplements,MISSING
31,NE,Nebraska,2005,,civic_public_meeting,CPS Civic Engagement/Volunteering supplements,MISSING
31,NE,Nebraska,2006,,civic_public_meeting,CPS Civic Engagement/Volunteering supplements,MISSING
31,NE,Nebraska,2007,,civic_public_meeting,CPS Civic Engagement/Volunteering supplements,MISSING
31,NE,Nebraska,2008,,civic_public_meeting,CPS Civic Engagement/Volunteering supplements,MISSING
31,NE,Nebraska,2009,,civic_public_meeting,CPS Civic Engagement/Volunteering supplements,MISSING
31,NE,Nebraska,2010,11.84347490615468,civic_public_meeting,CPS Civic Engagement/Volunteering supplements,OBSERVED
31,NE,Nebraska,2011,11.36499382925221,civic_public_meeting,CPS Civic Engagement/Volunteering supplements,OBSERVED
31,NE,Nebraska,2012,11.01510984629117,civic_public_meeting,CPS Civic Engagement/Volunteering supplements,OBSERVED
31,NE,Nebraska,2013,10.18632596278524,civic_public_meeting,CPS Civic Engagement/Volunteering supplements,OBSERVED
31,NE,Nebraska,2014,9.432498285865282,civic_public_meeting,CPS Civic Engagement/Volunteering supplements,OBSERVED
31,NE,Nebraska,2015,9.935162903070124,civic_public_meeting,CPS Civic Engagement/Volunteering supplements,OBSERVED
31,NE,Nebraska,2016,,civic_public_meeting,CPS Civic Engagement/Volunteering supplements,MISSING
31,NE,Nebraska,2017,13.75539305585767,civic_public_meeting,CPS Civic Engagement/Volunteering supplements,OBSERVED
31,NE,Nebraska,2018,,civic_public_meeting,CPS Civic Engagement/Volunteering supplements,MISSING
31,NE,Nebraska,2019,10.55776830255558,civic_public_meeting,CPS Civic Engagement/Volunteering supplements,OBSERVED
31,NE,Nebraska,2020,,civic_public_meeting,CPS Civic Engagement/Volunteering supplements,MISSING
31,NE,Nebraska,2021,10.89804867399861,civic_public_meeting,CPS Civic Engagement/Volunteering supplements,OBSERVED
31,NE,Nebraska,2022,,civic_public_meeting,CPS Civic Engagement/Volunteering supplements,MISSING
31,NE,Nebraska,2023,11.06478024471513,civic_public_meeting,CPS Civic Engagement/Volunteering supplements,OBSERVED
32,NV,Nevada,2000,,civic_public_meeting,CPS Civic Engagement/Volunteering supplements,MISSING
32,NV,Nevada,2001,,civic_public_meeting,CPS Civic Engagement/Volunteering supplements,MISSING
32,NV,Nevada,2002,,civic_public_meeting,CPS Civic Engagement/Volunteering supplements,MISSING
32,NV,Nevada,2003,,civic_public_meeting,CPS Civic Engagement/Volunteering supplements,MISSING
32,NV,Nevada,2004,,civic_public_meeting,CPS Civic Engagement/Volunteering supplements,MISSING
32,NV,Nevada,2005,,civic_public_meeting,CPS Civic Engagement/Volunteering supplements,MISSING
32,NV,Nevada,2006,,civic_public_meeting,CPS Civic Engagement/Volunteering supplements,MISSING
32,NV,Nevada,2007,,civic_public_meeting,CPS Civic Engagement/Volunteering supplements,MISSING
32,NV,Nevada,2008,,civic_public_meeting,CPS Civic Engagement/Volunteering supplements,MISSING
32,NV,Nevada,2009,,civic_public_meeting,CPS Civic Engagement/Volunteering supplements,MISSING
32,NV,Nevada,2010,7.29443837445184,civic_public_meeting,CPS Civic Engagement/Volunteering supplements,OBSERVED
32,NV,Nevada,2011,7.982370629867048,civic_public_meeting,CPS Civic Engagement/Volunteering supplements,OBSERVED
32,NV,Nevada,2012,8.46633317638443,civic_public_meeting,CPS Civic Engagement/Volunteering supplements,OBSERVED
32,NV,Nevada,2013,7.113510325450829,civic_public_meeting,CPS Civic Engagement/Volunteering supplements,OBSERVED
32,NV,Nevada,2014,7.032251380846242,civic_public_meeting,CPS Civic Engagement/Volunteering supplements,OBSERVED
32,NV,Nevada,2015,7.264254031602302,civic_public_meeting,CPS Civic Engagement/Volunteering supplements,OBSERVED
32,NV,Nevada,2016,,civic_public_meeting,CPS Civic Engagement/Volunteering supplements,MISSING
32,NV,Nevada,2017,9.040632814608747,civic_public_meeting,CPS Civic Engagement/Volunteering supplements,OBSERVED
32,NV,Nevada,2018,,civic_public_meeting,CPS Civic Engagement/Volunteering supplements,MISSING
32,NV,Nevada,2019,7.672030049363703,civic_public_meeting,CPS Civic Engagement/Volunteering supplements,OBSERVED
32,NV,Nevada,2020,,civic_public_meeting,CPS Civic Engagement/Volunteering supplements,MISSING
32,NV,Nevada,2021,6.508234221345434,civic_public_meeting,CPS Civic Engagement/Volunteering supplements,OBSERVED
32,NV,Nevada,2022,,civic_public_meeting,CPS Civic Engagement/Volunteering supplements,MISSING
32,NV,Nevada,2023,7.590955239771315,civic_public_meeting,CPS Civic Engagement/Volunteering supplements,OBSERVED
33,NH,New Hampshire,2000,,civic_public_meeting,CPS Civic Engagement/Volunteering supplements,MISSING
33,NH,New Hampshire,2001,,civic_public_meeting,CPS Civic Engagement/Volunteering supplements,MISSING
33,NH,New Hampshire,2002,,civic_public_meeting,CPS Civic Engagement/Volunteering supplements,MISSING
33,NH,New Hampshire,2003,,civic_public_meeting,CPS Civic Engagement/Volunteering supplements,MISSING
33,NH,New Hampshire,2004,,civic_public_meeting,CPS Civic Engagement/Volunteering supplements,MISSING
33,NH,New Hampshire,2005,,civic_public_meeting,CPS Civic Engagement/Volunteering supplements,MISSING
33,NH,New Hampshire,2006,,civic_public_meeting,CPS Civic Engagement/Volunteering supplements,MISSING
33,NH,New Hampshire,2007,,civic_public_meeting,CPS Civic Engagement/Volunteering supplements,MISSING
33,NH,New Hampshire,2008,,civic_public_meeting,CPS Civic Engagement/Volunteering supplements,MISSING
33,NH,New Hampshire,2009,,civic_public_meeting,CPS Civic Engagement/Volunteering supplements,MISSING
33,NH,New Hampshire,2010,14.99370487522132,civic_public_meeting,CPS Civic Engagement/Volunteering supplements,OBSERVED
33,NH,New Hampshire,2011,16.08931488768635,civic_public_meeting,CPS Civic Engagement/Volunteering supplements,OBSERVED
33,NH,New Hampshire,2012,15.10992106415312,civic_public_meeting,CPS Civic Engagement/Volunteering supplements,OBSERVED
33,NH,New Hampshire,2013,13.93559570042271,civic_public_meeting,CPS Civic Engagement/Volunteering supplements,OBSERVED
33,NH,New Hampshire,2014,14.05510802146503,civic_public_meeting,CPS Civic Engagement/Volunteering supplements,OBSERVED
33,NH,New Hampshire,2015,16.12373095179391,civic_public_meeting,CPS Civic Engagement/Volunteering supplements,OBSERVED
33,NH,New Hampshire,2016,,civic_public_meeting,CPS Civic Engagement/Volunteering supplements,MISSING
33,NH,New Hampshire,2017,16.09350960279156,civic_public_meeting,CPS Civic Engagement/Volunteering supplements,OBSERVED
33,NH,New Hampshire,2018,,civic_public_meeting,CPS Civic Engagement/Volunteering supplements,MISSING
33,NH,New Hampshire,2019,18.49415424050036,civic_public_meeting,CPS Civic Engagement/Volunteering supplements,OBSERVED
33,NH,New Hampshire,2020,,civic_public_meeting,CPS Civic Engagement/Volunteering supplements,MISSING
33,NH,New Hampshire,2021,11.90357401515802,civic_public_meeting,CPS Civic Engagement/Volunteering supplements,OBSERVED
33,NH,New Hampshire,2022,,civic_public_meeting,CPS Civic Engagement/Volunteering supplements,MISSING
33,NH,New Hampshire,2023,16.45189811289786,civic_public_meeting,CPS Civic Engagement/Volunteering supplements,OBSERVED
34,NJ,New Jersey,2000,,civic_public_meeting,CPS Civic Engagement/Volunteering supplements,MISSING
34,NJ,New Jersey,2001,,civic_public_meeting,CPS Civic Engagement/Volunteering supplements,MISSING
34,NJ,New Jersey,2002,,civic_public_meeting,CPS Civic Engagement/Volunteering supplements,MISSING
34,NJ,New Jersey,2003,,civic_public_meeting,CPS Civic Engagement/Volunteering supplements,MISSING
34,NJ,New Jersey,2004,,civic_public_meeting,CPS Civic Engagement/Volunteering supplements,MISSING
34,NJ,New Jersey,2005,,civic_public_meeting,CPS Civic Engagement/Volunteering supplements,MISSING
34,NJ,New Jersey,2006,,civic_public_meeting,CPS Civic Engagement/Volunteering supplements,MISSING
34,NJ,New Jersey,2007,,civic_public_meeting,CPS Civic Engagement/Volunteering supplements,MISSING
34,NJ,New Jersey,2008,,civic_public_meeting,CPS Civic Engagement/Volunteering supplements,MISSING
34,NJ,New Jersey,2009,,civic_public_meeting,CPS Civic Engagement/Volunteering supplements,MISSING
34,NJ,New Jersey,2010,7.872392456665649,civic_public_meeting,CPS Civic Engagement/Volunteering supplements,OBSERVED
34,NJ,New Jersey,2011,8.266113742816435,civic_public_meeting,CPS Civic Engagement/Volunteering supplements,OBSERVED
34,NJ,New Jersey,2012,9.273225076172098,civic_public_meeting,CPS Civic Engagement/Volunteering supplements,OBSERVED
34,NJ,New Jersey,2013,7.735099471476532,civic_public_meeting,CPS Civic Engagement/Volunteering supplements,OBSERVED
34,NJ,New Jersey,2014,6.797770209158173,civic_public_meeting,CPS Civic Engagement/Volunteering supplements,OBSERVED
34,NJ,New Jersey,2015,6.323256977836198,civic_public_meeting,CPS Civic Engagement/Volunteering supplements,OBSERVED
34,NJ,New Jersey,2016,,civic_public_meeting,CPS Civic Engagement/Volunteering supplements,MISSING
34,NJ,New Jersey,2017,11.70869886145335,civic_public_meeting,CPS Civic Engagement/Volunteering supplements,OBSERVED
34,NJ,New Jersey,2018,,civic_public_meeting,CPS Civic Engagement/Volunteering supplements,MISSING
34,NJ,New Jersey,2019,9.659196275189025,civic_public_meeting,CPS Civic Engagement/Volunteering supplements,OBSERVED
34,NJ,New Jersey,2020,,civic_public_meeting,CPS Civic Engagement/Volunteering supplements,MISSING
34,NJ,New Jersey,2021,6.298164601668694,civic_public_meeting,CPS Civic Engagement/Volunteering supplements,OBSERVED
34,NJ,New Jersey,2022,,civic_public_meeting,CPS Civic Engagement/Volunteering supplements,MISSING
34,NJ,New Jersey,2023,11.19281899540286,civic_public_meeting,CPS Civic Engagement/Volunteering supplements,OBSERVED
35,NM,New Mexico,2000,,civic_public_meeting,CPS Civic Engagement/Volunteering supplements,MISSING
35,NM,New Mexico,2001,,civic_public_meeting,CPS Civic Engagement/Volunteering supplements,MISSING
35,NM,New Mexico,2002,,civic_public_meeting,CPS Civic Engagement/Volunteering supplements,MISSING
35,NM,New Mexico,2003,,civic_public_meeting,CPS Civic Engagement/Volunteering supplements,MISSING
35,NM,New Mexico,2004,,civic_public_meeting,CPS Civic Engagement/Volunteering supplements,MISSING
35,NM,New Mexico,2005,,civic_public_meeting,CPS Civic Engagement/Volunteering supplements,MISSING
35,NM,New Mexico,2006,,civic_public_meeting,CPS Civic Engagement/Volunteering supplements,MISSING
35,NM,New Mexico,2007,,civic_public_meeting,CPS Civic Engagement/Volunteering supplements,MISSING
35,NM,New Mexico,2008,,civic_public_meeting,CPS Civic Engagement/Volunteering supplements,MISSING
35,NM,New Mexico,2009,,civic_public_meeting,CPS Civic Engagement/Volunteering supplements,MISSING
35,NM,New Mexico,2010,10.75175111483207,civic_public_meeting,CPS Civic Engagement/Volunteering supplements,OBSERVED
35,NM,New Mexico,2011,10.63117029395963,civic_public_meeting,CPS Civic Engagement/Volunteering supplements,OBSERVED
35,NM,New Mexico,2012,11.34331037546688,civic_public_meeting,CPS Civic Engagement/Volunteering supplements,OBSERVED
35,NM,New Mexico,2013,7.284318278241592,civic_public_meeting,CPS Civic Engagement/Volunteering supplements,OBSERVED
35,NM,New Mexico,2014,9.984995567441606,civic_public_meeting,CPS Civic Engagement/Volunteering supplements,OBSERVED
35,NM,New Mexico,2015,10.30049277569075,civic_public_meeting,CPS Civic Engagement/Volunteering supplements,OBSERVED
35,NM,New Mexico,2016,,civic_public_meeting,CPS Civic Engagement/Volunteering supplements,MISSING
35,NM,New Mexico,2017,12.25263816163116,civic_public_meeting,CPS Civic Engagement/Volunteering supplements,OBSERVED
35,NM,New Mexico,2018,,civic_public_meeting,CPS Civic Engagement/Volunteering supplements,MISSING
35,NM,New Mexico,2019,10.69214362405669,civic_public_meeting,CPS Civic Engagement/Volunteering supplements,OBSERVED
35,NM,New Mexico,2020,,civic_public_meeting,CPS Civic Engagement/Volunteering supplements,MISSING
35,NM,New Mexico,2021,8.2446386872534,civic_public_meeting,CPS Civic Engagement/Volunteering supplements,OBSERVED
35,NM,New Mexico,2022,,civic_public_meeting,CPS Civic Engagement/Volunteering supplements,MISSING
35,NM,New Mexico,2023,9.122884106332437,civic_public_meeting,CPS Civic Engagement/Volunteering supplements,OBSERVED
36,NY,New York,2000,,civic_public_meeting,CPS Civic Engagement/Volunteering supplements,MISSING
36,NY,New York,2001,,civic_public_meeting,CPS Civic Engagement/Volunteering supplements,MISSING
36,NY,New York,2002,,civic_public_meeting,CPS Civic Engagement/Volunteering supplements,MISSING
36,NY,New York,2003,,civic_public_meeting,CPS Civic Engagement/Volunteering supplements,MISSING
36,NY,New York,2004,,civic_public_meeting,CPS Civic Engagement/Volunteering supplements,MISSING
36,NY,New York,2005,,civic_public_meeting,CPS Civic Engagement/Volunteering supplements,MISSING
36,NY,New York,2006,,civic_public_meeting,CPS Civic Engagement/Volunteering supplements,MISSING
36,NY,New York,2007,,civic_public_meeting,CPS Civic Engagement/Volunteering supplements,MISSING
36,NY,New York,2008,,civic_public_meeting,CPS Civic Engagement/Volunteering supplements,MISSING
36,NY,New York,2009,,civic_public_meeting,CPS Civic Engagement/Volunteering supplements,MISSING
36,NY,New York,2010,8.739244424655626,civic_public_meeting,CPS Civic Engagement/Volunteering supplements,OBSERVED
36,NY,New York,2011,8.485002928809953,civic_public_meeting,CPS Civic Engagement/Volunteering supplements,OBSERVED
36,NY,New York,2012,8.395048404573464,civic_public_meeting,CPS Civic Engagement/Volunteering supplements,OBSERVED
36,NY,New York,2013,8.373104088446746,civic_public_meeting,CPS Civic Engagement/Volunteering supplements,OBSERVED
36,NY,New York,2014,7.300121577309953,civic_public_meeting,CPS Civic Engagement/Volunteering supplements,OBSERVED
36,NY,New York,2015,7.47774806517969,civic_public_meeting,CPS Civic Engagement/Volunteering supplements,OBSERVED
36,NY,New York,2016,,civic_public_meeting,CPS Civic Engagement/Volunteering supplements,MISSING
36,NY,New York,2017,12.18111707517686,civic_public_meeting,CPS Civic Engagement/Volunteering supplements,OBSERVED
36,NY,New York,2018,,civic_public_meeting,CPS Civic Engagement/Volunteering supplements,MISSING
36,NY,New York,2019,8.809592879765054,civic_public_meeting,CPS Civic Engagement/Volunteering supplements,OBSERVED
36,NY,New York,2020,,civic_public_meeting,CPS Civic Engagement/Volunteering supplements,MISSING
36,NY,New York,2021,8.595311879851241,civic_public_meeting,CPS Civic Engagement/Volunteering supplements,OBSERVED
36,NY,New York,2022,,civic_public_meeting,CPS Civic Engagement/Volunteering supplements,MISSING
36,NY,New York,2023,9.469307588548737,civic_public_meeting,CPS Civic Engagement/Volunteering supplements,OBSERVED
37,NC,North Carolina,2000,,civic_public_meeting,CPS Civic Engagement/Volunteering supplements,MISSING
37,NC,North Carolina,2001,,civic_public_meeting,CPS Civic Engagement/Volunteering supplements,MISSING
37,NC,North Carolina,2002,,civic_public_meeting,CPS Civic Engagement/Volunteering supplements,MISSING
37,NC,North Carolina,2003,,civic_public_meeting,CPS Civic Engagement/Volunteering supplements,MISSING
37,NC,North Carolina,2004,,civic_public_meeting,CPS Civic Engagement/Volunteering supplements,MISSING
37,NC,North Carolina,2005,,civic_public_meeting,CPS Civic Engagement/Volunteering supplements,MISSING
37,NC,North Carolina,2006,,civic_public_meeting,CPS Civic Engagement/Volunteering supplements,MISSING
37,NC,North Carolina,2007,,civic_public_meeting,CPS Civic Engagement/Volunteering supplements,MISSING
37,NC,North Carolina,2008,,civic_public_meeting,CPS Civic Engagement/Volunteering supplements,MISSING
37,NC,North Carolina,2009,,civic_public_meeting,CPS Civic Engagement/Volunteering supplements,MISSING
37,NC,North Carolina,2010,7.62504206189918,civic_public_meeting,CPS Civic Engagement/Volunteering supplements,OBSERVED
37,NC,North Carolina,2011,8.54027001551749,civic_public_meeting,CPS Civic Engagement/Volunteering supplements,OBSERVED
37,NC,North Carolina,2012,9.409660799636304,civic_public_meeting,CPS Civic Engagement/Volunteering supplements,OBSERVED
37,NC,North Carolina,2013,8.919621909294692,civic_public_meeting,CPS Civic Engagement/Volunteering supplements,OBSERVED
37,NC,North Carolina,2014,6.752479109662253,civic_public_meeting,CPS Civic Engagement/Volunteering supplements,OBSERVED
37,NC,North Carolina,2015,6.693170811280461,civic_public_meeting,CPS Civic Engagement/Volunteering supplements,OBSERVED
37,NC,North Carolina,2016,,civic_public_meeting,CPS Civic Engagement/Volunteering supplements,MISSING
37,NC,North Carolina,2017,9.990949485089773,civic_public_meeting,CPS Civic Engagement/Volunteering supplements,OBSERVED
37,NC,North Carolina,2018,,civic_public_meeting,CPS Civic Engagement/Volunteering supplements,MISSING
37,NC,North Carolina,2019,8.0890073663535,civic_public_meeting,CPS Civic Engagement/Volunteering supplements,OBSERVED
37,NC,North Carolina,2020,,civic_public_meeting,CPS Civic Engagement/Volunteering supplements,MISSING
37,NC,North Carolina,2021,6.227291692824685,civic_public_meeting,CPS Civic Engagement/Volunteering supplements,OBSERVED
37,NC,North Carolina,2022,,civic_public_meeting,CPS Civic Engagement/Volunteering supplements,MISSING
37,NC,North Carolina,2023,8.588765656050152,civic_public_meeting,CPS Civic Engagement/Volunteering supplements,OBSERVED
38,ND,North Dakota,2000,,civic_public_meeting,CPS Civic Engagement/Volunteering supplements,MISSING
38,ND,North Dakota,2001,,civic_public_meeting,CPS Civic Engagement/Volunteering supplements,MISSING
38,ND,North Dakota,2002,,civic_public_meeting,CPS Civic Engagement/Volunteering supplements,MISSING
38,ND,North Dakota,2003,,civic_public_meeting,CPS Civic Engagement/Volunteering supplements,MISSING
38,ND,North Dakota,2004,,civic_public_meeting,CPS Civic Engagement/Volunteering supplements,MISSING
38,ND,North Dakota,2005,,civic_public_meeting,CPS Civic Engagement/Volunteering supplements,MISSING
38,ND,North Dakota,2006,,civic_public_meeting,CPS Civic Engagement/Volunteering supplements,MISSING
38,ND,North Dakota,2007,,civic_public_meeting,CPS Civic Engagement/Volunteering supplements,MISSING
38,ND,North Dakota,2008,,civic_public_meeting,CPS Civic Engagement/Volunteering supplements,MISSING
38,ND,North Dakota,2009,,civic_public_meeting,CPS Civic Engagement/Volunteering supplements,MISSING
38,ND,North Dakota,2010,14.94517558897983,civic_public_meeting,CPS Civic Engagement/Volunteering supplements,OBSERVED
38,ND,North Dakota,2011,14.82977358656518,civic_public_meeting,CPS Civic Engagement/Volunteering supplements,OBSERVED
38,ND,North Dakota,2012,12.85834126786353,civic_public_meeting,CPS Civic Engagement/Volunteering supplements,OBSERVED
38,ND,North Dakota,2013,12.66731294324722,civic_public_meeting,CPS Civic Engagement/Volunteering supplements,OBSERVED
38,ND,North Dakota,2014,14.56465919974268,civic_public_meeting,CPS Civic Engagement/Volunteering supplements,OBSERVED
38,ND,North Dakota,2015,10.47294769826005,civic_public_meeting,CPS Civic Engagement/Volunteering supplements,OBSERVED
38,ND,North Dakota,2016,,civic_public_meeting,CPS Civic Engagement/Volunteering supplements,MISSING
38,ND,North Dakota,2017,13.96123594992981,civic_public_meeting,CPS Civic Engagement/Volunteering supplements,OBSERVED
38,ND,North Dakota,2018,,civic_public_meeting,CPS Civic Engagement/Volunteering supplements,MISSING
38,ND,North Dakota,2019,11.63510377923702,civic_public_meeting,CPS Civic Engagement/Volunteering supplements,OBSERVED
38,ND,North Dakota,2020,,civic_public_meeting,CPS Civic Engagement/Volunteering supplements,MISSING
38,ND,North Dakota,2021,8.3534839035462,civic_public_meeting,CPS Civic Engagement/Volunteering supplements,OBSERVED
38,ND,North Dakota,2022,,civic_public_meeting,CPS Civic Engagement/Volunteering supplements,MISSING
38,ND,North Dakota,2023,11.00569613500193,civic_public_meeting,CPS Civic Engagement/Volunteering supplements,OBSERVED
39,OH,Ohio,2000,,civic_public_meeting,CPS Civic Engagement/Volunteering supplements,MISSING
39,OH,Ohio,2001,,civic_public_meeting,CPS Civic Engagement/Volunteering supplements,MISSING
39,OH,Ohio,2002,,civic_public_meeting,CPS Civic Engagement/Volunteering supplements,MISSING
39,OH,Ohio,2003,,civic_public_meeting,CPS Civic Engagement/Volunteering supplements,MISSING
39,OH,Ohio,2004,,civic_public_meeting,CPS Civic Engagement/Volunteering supplements,MISSING
39,OH,Ohio,2005,,civic_public_meeting,CPS Civic Engagement/Volunteering supplements,MISSING
39,OH,Ohio,2006,,civic_public_meeting,CPS Civic Engagement/Volunteering supplements,MISSING
39,OH,Ohio,2007,,civic_public_meeting,CPS Civic Engagement/Volunteering supplements,MISSING
39,OH,Ohio,2008,,civic_public_meeting,CPS Civic Engagement/Volunteering supplements,MISSING
39,OH,Ohio,2009,,civic_public_meeting,CPS Civic Engagement/Volunteering supplements,MISSING
39,OH,Ohio,2010,8.5007281259827,civic_public_meeting,CPS Civic Engagement/Volunteering supplements,OBSERVED
39,OH,Ohio,2011,7.197432166200131,civic_public_meeting,CPS Civic Engagement/Volunteering supplements,OBSERVED
39,OH,Ohio,2012,7.573174981374469,civic_public_meeting,CPS Civic Engagement/Volunteering supplements,OBSERVED
39,OH,Ohio,2013,6.288774917195423,civic_public_meeting,CPS Civic Engagement/Volunteering supplements,OBSERVED
39,OH,Ohio,2014,8.024220827205003,civic_public_meeting,CPS Civic Engagement/Volunteering supplements,OBSERVED
39,OH,Ohio,2015,7.122347928656852,civic_public_meeting,CPS Civic Engagement/Volunteering supplements,OBSERVED
39,OH,Ohio,2016,,civic_public_meeting,CPS Civic Engagement/Volunteering supplements,MISSING
39,OH,Ohio,2017,9.302372647847132,civic_public_meeting,CPS Civic Engagement/Volunteering supplements,OBSERVED
39,OH,Ohio,2018,,civic_public_meeting,CPS Civic Engagement/Volunteering supplements,MISSING
39,OH,Ohio,2019,10.09710332829301,civic_public_meeting,CPS Civic Engagement/Volunteering supplements,OBSERVED
39,OH,Ohio,2020,,civic_public_meeting,CPS Civic Engagement/Volunteering supplements,MISSING
39,OH,Ohio,2021,7.021940939776562,civic_public_meeting,CPS Civic Engagement/Volunteering supplements,OBSERVED
39,OH,Ohio,2022,,civic_public_meeting,CPS Civic Engagement/Volunteering supplements,MISSING
39,OH,Ohio,2023,8.402110640845613,civic_public_meeting,CPS Civic Engagement/Volunteering supplements,OBSERVED
40,OK,Oklahoma,2000,,civic_public_meeting,CPS Civic Engagement/Volunteering supplements,MISSING
40,OK,Oklahoma,2001,,civic_public_meeting,CPS Civic Engagement/Volunteering supplements,MISSING
40,OK,Oklahoma,2002,,civic_public_meeting,CPS Civic Engagement/Volunteering supplements,MISSING
40,OK,Oklahoma,2003,,civic_public_meeting,CPS Civic Engagement/Volunteering supplements,MISSING
40,OK,Oklahoma,2004,,civic_public_meeting,CPS Civic Engagement/Volunteering supplements,MISSING
40,OK,Oklahoma,2005,,civic_public_meeting,CPS Civic Engagement/Volunteering supplements,MISSING
40,OK,Oklahoma,2006,,civic_public_meeting,CPS Civic Engagement/Volunteering supplements,MISSING
40,OK,Oklahoma,2007,,civic_public_meeting,CPS Civic Engagement/Volunteering supplements,MISSING
40,OK,Oklahoma,2008,,civic_public_meeting,CPS Civic Engagement/Volunteering supplements,MISSING
40,OK,Oklahoma,2009,,civic_public_meeting,CPS Civic Engagement/Volunteering supplements,MISSING
40,OK,Oklahoma,2010,8.171038310357254,civic_public_meeting,CPS Civic Engagement/Volunteering supplements,OBSERVED
40,OK,Oklahoma,2011,7.901377827262269,civic_public_meeting,CPS Civic Engagement/Volunteering supplements,OBSERVED
40,OK,Oklahoma,2012,8.561150223605466,civic_public_meeting,CPS Civic Engagement/Volunteering supplements,OBSERVED
40,OK,Oklahoma,2013,6.974100991247044,civic_public_meeting,CPS Civic Engagement/Volunteering supplements,OBSERVED
40,OK,Oklahoma,2014,7.064753589674974,civic_public_meeting,CPS Civic Engagement/Volunteering supplements,OBSERVED
40,OK,Oklahoma,2015,9.18734659876373,civic_public_meeting,CPS Civic Engagement/Volunteering supplements,OBSERVED
40,OK,Oklahoma,2016,,civic_public_meeting,CPS Civic Engagement/Volunteering supplements,MISSING
40,OK,Oklahoma,2017,10.89680588852575,civic_public_meeting,CPS Civic Engagement/Volunteering supplements,OBSERVED
40,OK,Oklahoma,2018,,civic_public_meeting,CPS Civic Engagement/Volunteering supplements,MISSING
40,OK,Oklahoma,2019,7.79785842406297,civic_public_meeting,CPS Civic Engagement/Volunteering supplements,OBSERVED
40,OK,Oklahoma,2020,,civic_public_meeting,CPS Civic Engagement/Volunteering supplements,MISSING
40,OK,Oklahoma,2021,7.05264397434697,civic_public_meeting,CPS Civic Engagement/Volunteering supplements,OBSERVED
40,OK,Oklahoma,2022,,civic_public_meeting,CPS Civic Engagement/Volunteering supplements,MISSING
40,OK,Oklahoma,2023,8.204929992657233,civic_public_meeting,CPS Civic Engagement/Volunteering supplements,OBSERVED
41,OR,Oregon,2000,,civic_public_meeting,CPS Civic Engagement/Volunteering supplements,MISSING
41,OR,Oregon,2001,,civic_public_meeting,CPS Civic Engagement/Volunteering supplements,MISSING
41,OR,Oregon,2002,,civic_public_meeting,CPS Civic Engagement/Volunteering supplements,MISSING
41,OR,Oregon,2003,,civic_public_meeting,CPS Civic Engagement/Volunteering supplements,MISSING
41,OR,Oregon,2004,,civic_public_meeting,CPS Civic Engagement/Volunteering supplements,MISSING
41,OR,Oregon,2005,,civic_public_meeting,CPS Civic Engagement/Volunteering supplements,MISSING
41,OR,Oregon,2006,,civic_public_meeting,CPS Civic Engagement/Volunteering supplements,MISSING
41,OR,Oregon,2007,,civic_public_meeting,CPS Civic Engagement/Volunteering supplements,MISSING
41,OR,Oregon,2008,,civic_public_meeting,CPS Civic Engagement/Volunteering supplements,MISSING
41,OR,Oregon,2009,,civic_public_meeting,CPS Civic Engagement/Volunteering supplements,MISSING
41,OR,Oregon,2010,10.46142020538395,civic_public_meeting,CPS Civic Engagement/Volunteering supplements,OBSERVED
41,OR,Oregon,2011,12.94634645188203,civic_public_meeting,CPS Civic Engagement/Volunteering supplements,OBSERVED
41,OR,Oregon,2012,13.6715480859671,civic_public_meeting,CPS Civic Engagement/Volunteering supplements,OBSERVED
41,OR,Oregon,2013,11.44247759797928,civic_public_meeting,CPS Civic Engagement/Volunteering supplements,OBSERVED
41,OR,Oregon,2014,10.70713715566494,civic_public_meeting,CPS Civic Engagement/Volunteering supplements,OBSERVED
41,OR,Oregon,2015,11.91541664271452,civic_public_meeting,CPS Civic Engagement/Volunteering supplements,OBSERVED
41,OR,Oregon,2016,,civic_public_meeting,CPS Civic Engagement/Volunteering supplements,MISSING
41,OR,Oregon,2017,17.49000426129285,civic_public_meeting,CPS Civic Engagement/Volunteering supplements,OBSERVED
41,OR,Oregon,2018,,civic_public_meeting,CPS Civic Engagement/Volunteering supplements,MISSING
41,OR,Oregon,2019,10.73205697150559,civic_public_meeting,CPS Civic Engagement/Volunteering supplements,OBSERVED
41,OR,Oregon,2020,,civic_public_meeting,CPS Civic Engagement/Volunteering supplements,MISSING
41,OR,Oregon,2021,10.23618017414012,civic_public_meeting,CPS Civic Engagement/Volunteering supplements,OBSERVED
41,OR,Oregon,2022,,civic_public_meeting,CPS Civic Engagement/Volunteering supplements,MISSING
41,OR,Oregon,2023,8.779894592520952,civic_public_meeting,CPS Civic Engagement/Volunteering supplements,OBSERVED
42,PA,Pennsylvania,2000,,civic_public_meeting,CPS Civic Engagement/Volunteering supplements,MISSING
42,PA,Pennsylvania,2001,,civic_public_meeting,CPS Civic Engagement/Volunteering supplements,MISSING
42,PA,Pennsylvania,2002,,civic_public_meeting,CPS Civic Engagement/Volunteering supplements,MISSING
42,PA,Pennsylvania,2003,,civic_public_meeting,CPS Civic Engagement/Volunteering supplements,MISSING
42,PA,Pennsylvania,2004,,civic_public_meeting,CPS Civic Engagement/Volunteering supplements,MISSING
42,PA,Pennsylvania,2005,,civic_public_meeting,CPS Civic Engagement/Volunteering supplements,MISSING
42,PA,Pennsylvania,2006,,civic_public_meeting,CPS Civic Engagement/Volunteering supplements,MISSING
42,PA,Pennsylvania,2007,,civic_public_meeting,CPS Civic Engagement/Volunteering supplements,MISSING
42,PA,Pennsylvania,2008,,civic_public_meeting,CPS Civic Engagement/Volunteering supplements,MISSING
42,PA,Pennsylvania,2009,,civic_public_meeting,CPS Civic Engagement/Volunteering supplements,MISSING
42,PA,Pennsylvania,2010,9.27773083876856,civic_public_meeting,CPS Civic Engagement/Volunteering supplements,OBSERVED
42,PA,Pennsylvania,2011,9.035995184367358,civic_public_meeting,CPS Civic Engagement/Volunteering supplements,OBSERVED
42,PA,Pennsylvania,2012,8.406429787424031,civic_public_meeting,CPS Civic Engagement/Volunteering supplements,OBSERVED
42,PA,Pennsylvania,2013,7.417450841255041,civic_public_meeting,CPS Civic Engagement/Volunteering supplements,OBSERVED
42,PA,Pennsylvania,2014,8.141562363891158,civic_public_meeting,CPS Civic Engagement/Volunteering supplements,OBSERVED
42,PA,Pennsylvania,2015,7.518851891627826,civic_public_meeting,CPS Civic Engagement/Volunteering supplements,OBSERVED
42,PA,Pennsylvania,2016,,civic_public_meeting,CPS Civic Engagement/Volunteering supplements,MISSING
42,PA,Pennsylvania,2017,9.871264552814523,civic_public_meeting,CPS Civic Engagement/Volunteering supplements,OBSERVED
42,PA,Pennsylvania,2018,,civic_public_meeting,CPS Civic Engagement/Volunteering supplements,MISSING
42,PA,Pennsylvania,2019,10.81511390885264,civic_public_meeting,CPS Civic Engagement/Volunteering supplements,OBSERVED
42,PA,Pennsylvania,2020,,civic_public_meeting,CPS Civic Engagement/Volunteering supplements,MISSING
42,PA,Pennsylvania,2021,8.291058363746746,civic_public_meeting,CPS Civic Engagement/Volunteering supplements,OBSERVED
42,PA,Pennsylvania,2022,,civic_public_meeting,CPS Civic Engagement/Volunteering supplements,MISSING
42,PA,Pennsylvania,2023,9.344043433393765,civic_public_meeting,CPS Civic Engagement/Volunteering supplements,OBSERVED
44,RI,Rhode Island,2000,,civic_public_meeting,CPS Civic Engagement/Volunteering supplements,MISSING
44,RI,Rhode Island,2001,,civic_public_meeting,CPS Civic Engagement/Volunteering supplements,MISSING
44,RI,Rhode Island,2002,,civic_public_meeting,CPS Civic Engagement/Volunteering supplements,MISSING
44,RI,Rhode Island,2003,,civic_public_meeting,CPS Civic Engagement/Volunteering supplements,MISSING
44,RI,Rhode Island,2004,,civic_public_meeting,CPS Civic Engagement/Volunteering supplements,MISSING
44,RI,Rhode Island,2005,,civic_public_meeting,CPS Civic Engagement/Volunteering supplements,MISSING
44,RI,Rhode Island,2006,,civic_public_meeting,CPS Civic Engagement/Volunteering supplements,MISSING
44,RI,Rhode Island,2007,,civic_public_meeting,CPS Civic Engagement/Volunteering supplements,MISSING
44,RI,Rhode Island,2008,,civic_public_meeting,CPS Civic Engagement/Volunteering supplements,MISSING
44,RI,Rhode Island,2009,,civic_public_meeting,CPS Civic Engagement/Volunteering supplements,MISSING
44,RI,Rhode Island,2010,10.85291760998926,civic_public_meeting,CPS Civic Engagement/Volunteering supplements,OBSERVED
44,RI,Rhode Island,2011,11.92960923397725,civic_public_meeting,CPS Civic Engagement/Volunteering supplements,OBSERVED
44,RI,Rhode Island,2012,11.60159032082977,civic_public_meeting,CPS Civic Engagement/Volunteering supplements,OBSERVED
44,RI,Rhode Island,2013,8.08322279914872,civic_public_meeting,CPS Civic Engagement/Volunteering supplements,OBSERVED
44,RI,Rhode Island,2014,9.206398961094898,civic_public_meeting,CPS Civic Engagement/Volunteering supplements,OBSERVED
44,RI,Rhode Island,2015,9.39667488927133,civic_public_meeting,CPS Civic Engagement/Volunteering supplements,OBSERVED
44,RI,Rhode Island,2016,,civic_public_meeting,CPS Civic Engagement/Volunteering supplements,MISSING
44,RI,Rhode Island,2017,15.65902197350008,civic_public_meeting,CPS Civic Engagement/Volunteering supplements,OBSERVED
44,RI,Rhode Island,2018,,civic_public_meeting,CPS Civic Engagement/Volunteering supplements,MISSING
44,RI,Rhode Island,2019,15.70376884268701,civic_public_meeting,CPS Civic Engagement/Volunteering supplements,OBSERVED
44,RI,Rhode Island,2020,,civic_public_meeting,CPS Civic Engagement/Volunteering supplements,MISSING
44,RI,Rhode Island,2021,9.571853931406189,civic_public_meeting,CPS Civic Engagement/Volunteering supplements,OBSERVED
44,RI,Rhode Island,2022,,civic_public_meeting,CPS Civic Engagement/Volunteering supplements,MISSING
44,RI,Rhode Island,2023,8.508678268072003,civic_public_meeting,CPS Civic Engagement/Volunteering supplements,OBSERVED
45,SC,South Carolina,2000,,civic_public_meeting,CPS Civic Engagement/Volunteering supplements,MISSING
45,SC,South Carolina,2001,,civic_public_meeting,CPS Civic Engagement/Volunteering supplements,MISSING
45,SC,South Carolina,2002,,civic_public_meeting,CPS Civic Engagement/Volunteering supplements,MISSING
45,SC,South Carolina,2003,,civic_public_meeting,CPS Civic Engagement/Volunteering supplements,MISSING
45,SC,South Carolina,2004,,civic_public_meeting,CPS Civic Engagement/Volunteering supplements,MISSING
45,SC,South Carolina,2005,,civic_public_meeting,CPS Civic Engagement/Volunteering supplements,MISSING
45,SC,South Carolina,2006,,civic_public_meeting,CPS Civic Engagement/Volunteering supplements,MISSING
45,SC,South Carolina,2007,,civic_public_meeting,CPS Civic Engagement/Volunteering supplements,MISSING
45,SC,South Carolina,2008,,civic_public_meeting,CPS Civic Engagement/Volunteering supplements,MISSING
45,SC,South Carolina,2009,,civic_public_meeting,CPS Civic Engagement/Volunteering supplements,MISSING
45,SC,South Carolina,2010,9.02933903622811,civic_public_meeting,CPS Civic Engagement/Volunteering supplements,OBSERVED
45,SC,South Carolina,2011,7.775697798494863,civic_public_meeting,CPS Civic Engagement/Volunteering supplements,OBSERVED
45,SC,South Carolina,2012,7.408176643393988,civic_public_meeting,CPS Civic Engagement/Volunteering supplements,OBSERVED
45,SC,South Carolina,2013,7.473290505423009,civic_public_meeting,CPS Civic Engagement/Volunteering supplements,OBSERVED
45,SC,South Carolina,2014,9.290512319910519,civic_public_meeting,CPS Civic Engagement/Volunteering supplements,OBSERVED
45,SC,South Carolina,2015,9.068513737704373,civic_public_meeting,CPS Civic Engagement/Volunteering supplements,OBSERVED
45,SC,South Carolina,2016,,civic_public_meeting,CPS Civic Engagement/Volunteering supplements,MISSING
45,SC,South Carolina,2017,9.913724360868269,civic_public_meeting,CPS Civic Engagement/Volunteering supplements,OBSERVED
45,SC,South Carolina,2018,,civic_public_meeting,CPS Civic Engagement/Volunteering supplements,MISSING
45,SC,South Carolina,2019,11.80722792968042,civic_public_meeting,CPS Civic Engagement/Volunteering supplements,OBSERVED
45,SC,South Carolina,2020,,civic_public_meeting,CPS Civic Engagement/Volunteering supplements,MISSING
45,SC,South Carolina,2021,9.083204303048047,civic_public_meeting,CPS Civic Engagement/Volunteering supplements,OBSERVED
45,SC,South Carolina,2022,,civic_public_meeting,CPS Civic Engagement/Volunteering supplements,MISSING
45,SC,South Carolina,2023,9.528538345845758,civic_public_meeting,CPS Civic Engagement/Volunteering supplements,OBSERVED
46,SD,South Dakota,2000,,civic_public_meeting,CPS Civic Engagement/Volunteering supplements,MISSING
46,SD,South Dakota,2001,,civic_public_meeting,CPS Civic Engagement/Volunteering supplements,MISSING
46,SD,South Dakota,2002,,civic_public_meeting,CPS Civic Engagement/Volunteering supplements,MISSING
46,SD,South Dakota,2003,,civic_public_meeting,CPS Civic Engagement/Volunteering supplements,MISSING
46,SD,South Dakota,2004,,civic_public_meeting,CPS Civic Engagement/Volunteering supplements,MISSING
46,SD,South Dakota,2005,,civic_public_meeting,CPS Civic Engagement/Volunteering supplements,MISSING
46,SD,South Dakota,2006,,civic_public_meeting,CPS Civic Engagement/Volunteering supplements,MISSING
46,SD,South Dakota,2007,,civic_public_meeting,CPS Civic Engagement/Volunteering supplements,MISSING
46,SD,South Dakota,2008,,civic_public_meeting,CPS Civic Engagement/Volunteering supplements,MISSING
46,SD,South Dakota,2009,,civic_public_meeting,CPS Civic Engagement/Volunteering supplements,MISSING
46,SD,South Dakota,2010,14.7452420760138,civic_public_meeting,CPS Civic Engagement/Volunteering supplements,OBSERVED
46,SD,South Dakota,2011,15.81232696642712,civic_public_meeting,CPS Civic Engagement/Volunteering supplements,OBSERVED
46,SD,South Dakota,2012,15.02621534976393,civic_public_meeting,CPS Civic Engagement/Volunteering supplements,OBSERVED
46,SD,South Dakota,2013,11.26591915768806,civic_public_meeting,CPS Civic Engagement/Volunteering supplements,OBSERVED
46,SD,South Dakota,2014,14.59424639275093,civic_public_meeting,CPS Civic Engagement/Volunteering supplements,OBSERVED
46,SD,South Dakota,2015,11.74686424315997,civic_public_meeting,CPS Civic Engagement/Volunteering supplements,OBSERVED
46,SD,South Dakota,2016,,civic_public_meeting,CPS Civic Engagement/Volunteering supplements,MISSING
46,SD,South Dakota,2017,12.93024015330383,civic_public_meeting,CPS Civic Engagement/Volunteering supplements,OBSERVED
46,SD,South Dakota,2018,,civic_public_meeting,CPS Civic Engagement/Volunteering supplements,MISSING
46,SD,South Dakota,2019,17.6663477030054,civic_public_meeting,CPS Civic Engagement/Volunteering supplements,OBSERVED
46,SD,South Dakota,2020,,civic_public_meeting,CPS Civic Engagement/Volunteering supplements,MISSING
46,SD,South Dakota,2021,11.33705733121591,civic_public_meeting,CPS Civic Engagement/Volunteering supplements,OBSERVED
46,SD,South Dakota,2022,,civic_public_meeting,CPS Civic Engagement/Volunteering supplements,MISSING
46,SD,South Dakota,2023,11.16610051161974,civic_public_meeting,CPS Civic Engagement/Volunteering supplements,OBSERVED
47,TN,Tennessee,2000,,civic_public_meeting,CPS Civic Engagement/Volunteering supplements,MISSING
47,TN,Tennessee,2001,,civic_public_meeting,CPS Civic Engagement/Volunteering supplements,MISSING
47,TN,Tennessee,2002,,civic_public_meeting,CPS Civic Engagement/Volunteering supplements,MISSING
47,TN,Tennessee,2003,,civic_public_meeting,CPS Civic Engagement/Volunteering supplements,MISSING
47,TN,Tennessee,2004,,civic_public_meeting,CPS Civic Engagement/Volunteering supplements,MISSING
47,TN,Tennessee,2005,,civic_public_meeting,CPS Civic Engagement/Volunteering supplements,MISSING
47,TN,Tennessee,2006,,civic_public_meeting,CPS Civic Engagement/Volunteering supplements,MISSING
47,TN,Tennessee,2007,,civic_public_meeting,CPS Civic Engagement/Volunteering supplements,MISSING
47,TN,Tennessee,2008,,civic_public_meeting,CPS Civic Engagement/Volunteering supplements,MISSING
47,TN,Tennessee,2009,,civic_public_meeting,CPS Civic Engagement/Volunteering supplements,MISSING
47,TN,Tennessee,2010,7.06057192901521,civic_public_meeting,CPS Civic Engagement/Volunteering supplements,OBSERVED
47,TN,Tennessee,2011,8.052550338241044,civic_public_meeting,CPS Civic Engagement/Volunteering supplements,OBSERVED
47,TN,Tennessee,2012,6.099323729955898,civic_public_meeting,CPS Civic Engagement/Volunteering supplements,OBSERVED
47,TN,Tennessee,2013,6.974849045138303,civic_public_meeting,CPS Civic Engagement/Volunteering supplements,OBSERVED
47,TN,Tennessee,2014,5.826149479056307,civic_public_meeting,CPS Civic Engagement/Volunteering supplements,OBSERVED
47,TN,Tennessee,2015,6.165265239979262,civic_public_meeting,CPS Civic Engagement/Volunteering supplements,OBSERVED
47,TN,Tennessee,2016,,civic_public_meeting,CPS Civic Engagement/Volunteering supplements,MISSING
47,TN,Tennessee,2017,7.330926095919205,civic_public_meeting,CPS Civic Engagement/Volunteering supplements,OBSERVED
47,TN,Tennessee,2018,,civic_public_meeting,CPS Civic Engagement/Volunteering supplements,MISSING
47,TN,Tennessee,2019,9.465612159626609,civic_public_meeting,CPS Civic Engagement/Volunteering supplements,OBSERVED
47,TN,Tennessee,2020,,civic_public_meeting,CPS Civic Engagement/Volunteering supplements,MISSING
47,TN,Tennessee,2021,7.312078582530313,civic_public_meeting,CPS Civic Engagement/Volunteering supplements,OBSERVED
47,TN,Tennessee,2022,,civic_public_meeting,CPS Civic Engagement/Volunteering supplements,MISSING
47,TN,Tennessee,2023,10.14407659446127,civic_public_meeting,CPS Civic Engagement/Volunteering supplements,OBSERVED
48,TX,Texas,2000,,civic_public_meeting,CPS Civic Engagement/Volunteering supplements,MISSING
48,TX,Texas,2001,,civic_public_meeting,CPS Civic Engagement/Volunteering supplements,MISSING
48,TX,Texas,2002,,civic_public_meeting,CPS Civic Engagement/Volunteering supplements,MISSING
48,TX,Texas,2003,,civic_public_meeting,CPS Civic Engagement/Volunteering supplements,MISSING
48,TX,Texas,2004,,civic_public_meeting,CPS Civic Engagement/Volunteering supplements,MISSING
48,TX,Texas,2005,,civic_public_meeting,CPS Civic Engagement/Volunteering supplements,MISSING
48,TX,Texas,2006,,civic_public_meeting,CPS Civic Engagement/Volunteering supplements,MISSING
48,TX,Texas,2007,,civic_public_meeting,CPS Civic Engagement/Volunteering supplements,MISSING
48,TX,Texas,2008,,civic_public_meeting,CPS Civic Engagement/Volunteering supplements,MISSING
48,TX,Texas,2009,,civic_public_meeting,CPS Civic Engagement/Volunteering supplements,MISSING
48,TX,Texas,2010,8.051692745499544,civic_public_meeting,CPS Civic Engagement/Volunteering supplements,OBSERVED
48,TX,Texas,2011,7.812254219544693,civic_public_meeting,CPS Civic Engagement/Volunteering supplements,OBSERVED
48,TX,Texas,2012,6.499317113651933,civic_public_meeting,CPS Civic Engagement/Volunteering supplements,OBSERVED
48,TX,Texas,2013,6.492417598057033,civic_public_meeting,CPS Civic Engagement/Volunteering supplements,OBSERVED
48,TX,Texas,2014,6.396643202713912,civic_public_meeting,CPS Civic Engagement/Volunteering supplements,OBSERVED
48,TX,Texas,2015,7.614571240770808,civic_public_meeting,CPS Civic Engagement/Volunteering supplements,OBSERVED
48,TX,Texas,2016,,civic_public_meeting,CPS Civic Engagement/Volunteering supplements,MISSING
48,TX,Texas,2017,8.573376105559415,civic_public_meeting,CPS Civic Engagement/Volunteering supplements,OBSERVED
48,TX,Texas,2018,,civic_public_meeting,CPS Civic Engagement/Volunteering supplements,MISSING
48,TX,Texas,2019,7.871978447110512,civic_public_meeting,CPS Civic Engagement/Volunteering supplements,OBSERVED
48,TX,Texas,2020,,civic_public_meeting,CPS Civic Engagement/Volunteering supplements,MISSING
48,TX,Texas,2021,6.48203252273515,civic_public_meeting,CPS Civic Engagement/Volunteering supplements,OBSERVED
48,TX,Texas,2022,,civic_public_meeting,CPS Civic Engagement/Volunteering supplements,MISSING
48,TX,Texas,2023,7.91394198756536,civic_public_meeting,CPS Civic Engagement/Volunteering supplements,OBSERVED
49,UT,Utah,2000,,civic_public_meeting,CPS Civic Engagement/Volunteering supplements,MISSING
49,UT,Utah,2001,,civic_public_meeting,CPS Civic Engagement/Volunteering supplements,MISSING
49,UT,Utah,2002,,civic_public_meeting,CPS Civic Engagement/Volunteering supplements,MISSING
49,UT,Utah,2003,,civic_public_meeting,CPS Civic Engagement/Volunteering supplements,MISSING
49,UT,Utah,2004,,civic_public_meeting,CPS Civic Engagement/Volunteering supplements,MISSING
49,UT,Utah,2005,,civic_public_meeting,CPS Civic Engagement/Volunteering supplements,MISSING
49,UT,Utah,2006,,civic_public_meeting,CPS Civic Engagement/Volunteering supplements,MISSING
49,UT,Utah,2007,,civic_public_meeting,CPS Civic Engagement/Volunteering supplements,MISSING
49,UT,Utah,2008,,civic_public_meeting,CPS Civic Engagement/Volunteering supplements,MISSING
49,UT,Utah,2009,,civic_public_meeting,CPS Civic Engagement/Volunteering supplements,MISSING
49,UT,Utah,2010,13.40415650008778,civic_public_meeting,CPS Civic Engagement/Volunteering supplements,OBSERVED
49,UT,Utah,2011,13.37434911864089,civic_public_meeting,CPS Civic Engagement/Volunteering supplements,OBSERVED
49,UT,Utah,2012,19.34850888764568,civic_public_meeting,CPS Civic Engagement/Volunteering supplements,OBSERVED
49,UT,Utah,2013,15.39624583832302,civic_public_meeting,CPS Civic Engagement/Volunteering supplements,OBSERVED
49,UT,Utah,2014,14.76487995799825,civic_public_meeting,CPS Civic Engagement/Volunteering supplements,OBSERVED
49,UT,Utah,2015,10.73969112535149,civic_public_meeting,CPS Civic Engagement/Volunteering supplements,OBSERVED
49,UT,Utah,2016,,civic_public_meeting,CPS Civic Engagement/Volunteering supplements,MISSING
49,UT,Utah,2017,15.63286805382128,civic_public_meeting,CPS Civic Engagement/Volunteering supplements,OBSERVED
49,UT,Utah,2018,,civic_public_meeting,CPS Civic Engagement/Volunteering supplements,MISSING
49,UT,Utah,2019,16.7711782150043,civic_public_meeting,CPS Civic Engagement/Volunteering supplements,OBSERVED
49,UT,Utah,2020,,civic_public_meeting,CPS Civic Engagement/Volunteering supplements,MISSING
49,UT,Utah,2021,9.559956960923424,civic_public_meeting,CPS Civic Engagement/Volunteering supplements,OBSERVED
49,UT,Utah,2022,,civic_public_meeting,CPS Civic Engagement/Volunteering supplements,MISSING
49,UT,Utah,2023,11.8747897629959,civic_public_meeting,CPS Civic Engagement/Volunteering supplements,OBSERVED
50,VT,Vermont,2000,,civic_public_meeting,CPS Civic Engagement/Volunteering supplements,MISSING
50,VT,Vermont,2001,,civic_public_meeting,CPS Civic Engagement/Volunteering supplements,MISSING
50,VT,Vermont,2002,,civic_public_meeting,CPS Civic Engagement/Volunteering supplements,MISSING
50,VT,Vermont,2003,,civic_public_meeting,CPS Civic Engagement/Volunteering supplements,MISSING
50,VT,Vermont,2004,,civic_public_meeting,CPS Civic Engagement/Volunteering supplements,MISSING
50,VT,Vermont,2005,,civic_public_meeting,CPS Civic Engagement/Volunteering supplements,MISSING
50,VT,Vermont,2006,,civic_public_meeting,CPS Civic Engagement/Volunteering supplements,MISSING
50,VT,Vermont,2007,,civic_public_meeting,CPS Civic Engagement/Volunteering supplements,MISSING
50,VT,Vermont,2008,,civic_public_meeting,CPS Civic Engagement/Volunteering supplements,MISSING
50,VT,Vermont,2009,,civic_public_meeting,CPS Civic Engagement/Volunteering supplements,MISSING
50,VT,Vermont,2010,20.72373753206342,civic_public_meeting,CPS Civic Engagement/Volunteering supplements,OBSERVED
50,VT,Vermont,2011,20.00285406903299,civic_public_meeting,CPS Civic Engagement/Volunteering supplements,OBSERVED
50,VT,Vermont,2012,24.21764617073138,civic_public_meeting,CPS Civic Engagement/Volunteering supplements,OBSERVED
50,VT,Vermont,2013,20.27394097046038,civic_public_meeting,CPS Civic Engagement/Volunteering supplements,OBSERVED
50,VT,Vermont,2014,18.69822098782006,civic_public_meeting,CPS Civic Engagement/Volunteering supplements,OBSERVED
50,VT,Vermont,2015,18.18380880621516,civic_public_meeting,CPS Civic Engagement/Volunteering supplements,OBSERVED
50,VT,Vermont,2016,,civic_public_meeting,CPS Civic Engagement/Volunteering supplements,MISSING
50,VT,Vermont,2017,19.296553789935,civic_public_meeting,CPS Civic Engagement/Volunteering supplements,OBSERVED
50,VT,Vermont,2018,,civic_public_meeting,CPS Civic Engagement/Volunteering supplements,MISSING
50,VT,Vermont,2019,23.73505084519836,civic_public_meeting,CPS Civic Engagement/Volunteering supplements,OBSERVED
50,VT,Vermont,2020,,civic_public_meeting,CPS Civic Engagement/Volunteering supplements,MISSING
50,VT,Vermont,2021,17.39802490768832,civic_public_meeting,CPS Civic Engagement/Volunteering supplements,OBSERVED
50,VT,Vermont,2022,,civic_public_meeting,CPS Civic Engagement/Volunteering supplements,MISSING
50,VT,Vermont,2023,23.3099473057468,civic_public_meeting,CPS Civic Engagement/Volunteering supplements,OBSERVED
51,VA,Virginia,2000,,civic_public_meeting,CPS Civic Engagement/Volunteering supplements,MISSING
51,VA,Virginia,2001,,civic_public_meeting,CPS Civic Engagement/Volunteering supplements,MISSING
51,VA,Virginia,2002,,civic_public_meeting,CPS Civic Engagement/Volunteering supplements,MISSING
51,VA,Virginia,2003,,civic_public_meeting,CPS Civic Engagement/Volunteering supplements,MISSING
51,VA,Virginia,2004,,civic_public_meeting,CPS Civic Engagement/Volunteering supplements,MISSING
51,VA,Virginia,2005,,civic_public_meeting,CPS Civic Engagement/Volunteering supplements,MISSING
51,VA,Virginia,2006,,civic_public_meeting,CPS Civic Engagement/Volunteering supplements,MISSING
51,VA,Virginia,2007,,civic_public_meeting,CPS Civic Engagement/Volunteering supplements,MISSING
51,VA,Virginia,2008,,civic_public_meeting,CPS Civic Engagement/Volunteering supplements,MISSING
51,VA,Virginia,2009,,civic_public_meeting,CPS Civic Engagement/Volunteering supplements,MISSING
51,VA,Virginia,2010,9.125064941276692,civic_public_meeting,CPS Civic Engagement/Volunteering supplements,OBSERVED
51,VA,Virginia,2011,8.952002433758972,civic_public_meeting,CPS Civic Engagement/Volunteering supplements,OBSERVED
51,VA,Virginia,2012,9.979434917569009,civic_public_meeting,CPS Civic Engagement/Volunteering supplements,OBSERVED
51,VA,Virginia,2013,10.0879599219119,civic_public_meeting,CPS Civic Engagement/Volunteering supplements,OBSERVED
51,VA,Virginia,2014,10.30166962946391,civic_public_meeting,CPS Civic Engagement/Volunteering supplements,OBSERVED
51,VA,Virginia,2015,11.61791638845368,civic_public_meeting,CPS Civic Engagement/Volunteering supplements,OBSERVED
51,VA,Virginia,2016,,civic_public_meeting,CPS Civic Engagement/Volunteering supplements,MISSING
51,VA,Virginia,2017,9.77214008989578,civic_public_meeting,CPS Civic Engagement/Volunteering supplements,OBSERVED
51,VA,Virginia,2018,,civic_public_meeting,CPS Civic Engagement/Volunteering supplements,MISSING
51,VA,Virginia,2019,8.937928947730764,civic_public_meeting,CPS Civic Engagement/Volunteering supplements,OBSERVED
51,VA,Virginia,2020,,civic_public_meeting,CPS Civic Engagement/Volunteering supplements,MISSING
51,VA,Virginia,2021,8.57747700212235,civic_public_meeting,CPS Civic Engagement/Volunteering supplements,OBSERVED
51,VA,Virginia,2022,,civic_public_meeting,CPS Civic Engagement/Volunteering supplements,MISSING
51,VA,Virginia,2023,9.233976987670076,civic_public_meeting,CPS Civic Engagement/Volunteering supplements,OBSERVED
53,WA,Washington,2000,,civic_public_meeting,CPS Civic Engagement/Volunteering supplements,MISSING
53,WA,Washington,2001,,civic_public_meeting,CPS Civic Engagement/Volunteering supplements,MISSING
53,WA,Washington,2002,,civic_public_meeting,CPS Civic Engagement/Volunteering supplements,MISSING
53,WA,Washington,2003,,civic_public_meeting,CPS Civic Engagement/Volunteering supplements,MISSING
53,WA,Washington,2004,,civic_public_meeting,CPS Civic Engagement/Volunteering supplements,MISSING
53,WA,Washington,2005,,civic_public_meeting,CPS Civic Engagement/Volunteering supplements,MISSING
53,WA,Washington,2006,,civic_public_meeting,CPS Civic Engagement/Volunteering supplements,MISSING
53,WA,Washington,2007,,civic_public_meeting,CPS Civic Engagement/Volunteering supplements,MISSING
53,WA,Washington,2008,,civic_public_meeting,CPS Civic Engagement/Volunteering supplements,MISSING
53,WA,Washington,2009,,civic_public_meeting,CPS Civic Engagement/Volunteering supplements,MISSING
53,WA,Washington,2010,14.00832825286393,civic_public_meeting,CPS Civic Engagement/Volunteering supplements,OBSERVED
53,WA,Washington,2011,11.07425346865089,civic_public_meeting,CPS Civic Engagement/Volunteering supplements,OBSERVED
53,WA,Washington,2012,11.6999836430747,civic_public_meeting,CPS Civic Engagement/Volunteering supplements,OBSERVED
53,WA,Washington,2013,11.31330083589464,civic_public_meeting,CPS Civic Engagement/Volunteering supplements,OBSERVED
53,WA,Washington,2014,12.60488755263728,civic_public_meeting,CPS Civic Engagement/Volunteering supplements,OBSERVED
53,WA,Washington,2015,12.64115533779774,civic_public_meeting,CPS Civic Engagement/Volunteering supplements,OBSERVED
53,WA,Washington,2016,,civic_public_meeting,CPS Civic Engagement/Volunteering supplements,MISSING
53,WA,Washington,2017,10.85400201801422,civic_public_meeting,CPS Civic Engagement/Volunteering supplements,OBSERVED
53,WA,Washington,2018,,civic_public_meeting,CPS Civic Engagement/Volunteering supplements,MISSING
53,WA,Washington,2019,12.48166550796076,civic_public_meeting,CPS Civic Engagement/Volunteering supplements,OBSERVED
53,WA,Washington,2020,,civic_public_meeting,CPS Civic Engagement/Volunteering supplements,MISSING
53,WA,Washington,2021,9.722524201501438,civic_public_meeting,CPS Civic Engagement/Volunteering supplements,OBSERVED
53,WA,Washington,2022,,civic_public_meeting,CPS Civic Engagement/Volunteering supplements,MISSING
53,WA,Washington,2023,9.916812946564185,civic_public_meeting,CPS Civic Engagement/Volunteering supplements,OBSERVED
54,WV,West Virginia,2000,,civic_public_meeting,CPS Civic Engagement/Volunteering supplements,MISSING
54,WV,West Virginia,2001,,civic_public_meeting,CPS Civic Engagement/Volunteering supplements,MISSING
54,WV,West Virginia,2002,,civic_public_meeting,CPS Civic Engagement/Volunteering supplements,MISSING
54,WV,West Virginia,2003,,civic_public_meeting,CPS Civic Engagement/Volunteering supplements,MISSING
54,WV,West Virginia,2004,,civic_public_meeting,CPS Civic Engagement/Volunteering supplements,MISSING
54,WV,West Virginia,2005,,civic_public_meeting,CPS Civic Engagement/Volunteering supplements,MISSING
54,WV,West Virginia,2006,,civic_public_meeting,CPS Civic Engagement/Volunteering supplements,MISSING
54,WV,West Virginia,2007,,civic_public_meeting,CPS Civic Engagement/Volunteering supplements,MISSING
54,WV,West Virginia,2008,,civic_public_meeting,CPS Civic Engagement/Volunteering supplements,MISSING
54,WV,West Virginia,2009,,civic_public_meeting,CPS Civic Engagement/Volunteering supplements,MISSING
54,WV,West Virginia,2010,6.799884083485416,civic_public_meeting,CPS Civic Engagement/Volunteering supplements,OBSERVED
54,WV,West Virginia,2011,5.084204813780824,civic_public_meeting,CPS Civic Engagement/Volunteering supplements,OBSERVED
54,WV,West Virginia,2012,7.904830605990746,civic_public_meeting,CPS Civic Engagement/Volunteering supplements,OBSERVED
54,WV,West Virginia,2013,6.889940217555084,civic_public_meeting,CPS Civic Engagement/Volunteering supplements,OBSERVED
54,WV,West Virginia,2014,6.480074597032366,civic_public_meeting,CPS Civic Engagement/Volunteering supplements,OBSERVED
54,WV,West Virginia,2015,7.052739652844317,civic_public_meeting,CPS Civic Engagement/Volunteering supplements,OBSERVED
54,WV,West Virginia,2016,,civic_public_meeting,CPS Civic Engagement/Volunteering supplements,MISSING
54,WV,West Virginia,2017,8.997385934799128,civic_public_meeting,CPS Civic Engagement/Volunteering supplements,OBSERVED
54,WV,West Virginia,2018,,civic_public_meeting,CPS Civic Engagement/Volunteering supplements,MISSING
54,WV,West Virginia,2019,9.089285187702746,civic_public_meeting,CPS Civic Engagement/Volunteering supplements,OBSERVED
54,WV,West Virginia,2020,,civic_public_meeting,CPS Civic Engagement/Volunteering supplements,MISSING
54,WV,West Virginia,2021,5.434922638743871,civic_public_meeting,CPS Civic Engagement/Volunteering supplements,OBSERVED
54,WV,West Virginia,2022,,civic_public_meeting,CPS Civic Engagement/Volunteering supplements,MISSING
54,WV,West Virginia,2023,8.347002317303524,civic_public_meeting,CPS Civic Engagement/Volunteering supplements,OBSERVED
55,WI,Wisconsin,2000,,civic_public_meeting,CPS Civic Engagement/Volunteering supplements,MISSING
55,WI,Wisconsin,2001,,civic_public_meeting,CPS Civic Engagement/Volunteering supplements,MISSING
55,WI,Wisconsin,2002,,civic_public_meeting,CPS Civic Engagement/Volunteering supplements,MISSING
55,WI,Wisconsin,2003,,civic_public_meeting,CPS Civic Engagement/Volunteering supplements,MISSING
55,WI,Wisconsin,2004,,civic_public_meeting,CPS Civic Engagement/Volunteering supplements,MISSING
55,WI,Wisconsin,2005,,civic_public_meeting,CPS Civic Engagement/Volunteering supplements,MISSING
55,WI,Wisconsin,2006,,civic_public_meeting,CPS Civic Engagement/Volunteering supplements,MISSING
55,WI,Wisconsin,2007,,civic_public_meeting,CPS Civic Engagement/Volunteering supplements,MISSING
55,WI,Wisconsin,2008,,civic_public_meeting,CPS Civic Engagement/Volunteering supplements,MISSING
55,WI,Wisconsin,2009,,civic_public_meeting,CPS Civic Engagement/Volunteering supplements,MISSING
55,WI,Wisconsin,2010,13.76185763971674,civic_public_meeting,CPS Civic Engagement/Volunteering supplements,OBSERVED
55,WI,Wisconsin,2011,12.36696456605563,civic_public_meeting,CPS Civic Engagement/Volunteering supplements,OBSERVED
55,WI,Wisconsin,2012,13.52804374108047,civic_public_meeting,CPS Civic Engagement/Volunteering supplements,OBSERVED
55,WI,Wisconsin,2013,13.77258168609027,civic_public_meeting,CPS Civic Engagement/Volunteering supplements,OBSERVED
55,WI,Wisconsin,2014,12.84082997751962,civic_public_meeting,CPS Civic Engagement/Volunteering supplements,OBSERVED
55,WI,Wisconsin,2015,13.17306783014894,civic_public_meeting,CPS Civic Engagement/Volunteering supplements,OBSERVED
55,WI,Wisconsin,2016,,civic_public_meeting,CPS Civic Engagement/Volunteering supplements,MISSING
55,WI,Wisconsin,2017,11.39281204490068,civic_public_meeting,CPS Civic Engagement/Volunteering supplements,OBSERVED
55,WI,Wisconsin,2018,,civic_public_meeting,CPS Civic Engagement/Volunteering supplements,MISSING
55,WI,Wisconsin,2019,12.67402969060003,civic_public_meeting,CPS Civic Engagement/Volunteering supplements,OBSERVED
55,WI,Wisconsin,2020,,civic_public_meeting,CPS Civic Engagement/Volunteering supplements,MISSING
55,WI,Wisconsin,2021,10.04701926481553,civic_public_meeting,CPS Civic Engagement/Volunteering supplements,OBSERVED
55,WI,Wisconsin,2022,,civic_public_meeting,CPS Civic Engagement/Volunteering supplements,MISSING
55,WI,Wisconsin,2023,10.82654118375073,civic_public_meeting,CPS Civic Engagement/Volunteering supplements,OBSERVED
56,WY,Wyoming,2000,,civic_public_meeting,CPS Civic Engagement/Volunteering supplements,MISSING
56,WY,Wyoming,2001,,civic_public_meeting,CPS Civic Engagement/Volunteering supplements,MISSING
56,WY,Wyoming,2002,,civic_public_meeting,CPS Civic Engagement/Volunteering supplements,MISSING
56,WY,Wyoming,2003,,civic_public_meeting,CPS Civic Engagement/Volunteering supplements,MISSING
56,WY,Wyoming,2004,,civic_public_meeting,CPS Civic Engagement/Volunteering supplements,MISSING
56,WY,Wyoming,2005,,civic_public_meeting,CPS Civic Engagement/Volunteering supplements,MISSING
56,WY,Wyoming,2006,,civic_public_meeting,CPS Civic Engagement/Volunteering supplements,MISSING
56,WY,Wyoming,2007,,civic_public_meeting,CPS Civic Engagement/Volunteering supplements,MISSING
56,WY,Wyoming,2008,,civic_public_meeting,CPS Civic Engagement/Volunteering supplements,MISSING
56,WY,Wyoming,2009,,civic_public_meeting,CPS Civic Engagement/Volunteering supplements,MISSING
56,WY,Wyoming,2010,14.59162850870328,civic_public_meeting,CPS Civic Engagement/Volunteering supplements,OBSERVED
56,WY,Wyoming,2011,12.60717181397381,civic_public_meeting,CPS Civic Engagement/Volunteering supplements,OBSERVED
56,WY,Wyoming,2012,12.5550501155067,civic_public_meeting,CPS Civic Engagement/Volunteering supplements,OBSERVED
56,WY,Wyoming,2013,12.0623292804214,civic_public_meeting,CPS Civic Engagement/Volunteering supplements,OBSERVED
56,WY,Wyoming,2014,10.58630595876418,civic_public_meeting,CPS Civic Engagement/Volunteering supplements,OBSERVED
56,WY,Wyoming,2015,9.804087914847164,civic_public_meeting,CPS Civic Engagement/Volunteering supplements,OBSERVED
56,WY,Wyoming,2016,,civic_public_meeting,CPS Civic Engagement/Volunteering supplements,MISSING
56,WY,Wyoming,2017,16.63834234504745,civic_public_meeting,CPS Civic Engagement/Volunteering supplements,OBSERVED
56,WY,Wyoming,2018,,civic_public_meeting,CPS Civic Engagement/Volunteering supplements,MISSING
56,WY,Wyoming,2019,16.80921343919175,civic_public_meeting,CPS Civic Engagement/Volunteering supplements,OBSERVED
56,WY,Wyoming,2020,,civic_public_meeting,CPS Civic Engagement/Volunteering supplements,MISSING
56,WY,Wyoming,2021,16.09460301343032,civic_public_meeting,CPS Civic Engagement/Volunteering supplements,OBSERVED
56,WY,Wyoming,2022,,civic_public_meeting,CPS Civic Engagement/Volunteering supplements,MISSING
56,WY,Wyoming,2023,14.22541367489946,civic_public_meeting,CPS Civic Engagement/Volunteering supplements,OBSERVED
