state_fips,replicate,weighted_yes,weighted_denominator,proportion
01,0,1243233.8996,3457696.4161,0.35955553929233225
01,1,1209076.2752,3424220.7056,0.35309531106527864
01,2,1245680.5391,3499039.6087,0.35600641273186623
01,3,1253046.1202,3482092.2468,0.3598543724255249
01,4,1185401.049,3421772.224,0.34642897638998427
01,5,1180803.41,3372124.5048,0.3501660179863475
01,6,1272731.3001,3512563.3321,0.3623368975212448
01,7,1319567.7486,3531115.8817,0.373697095424893
01,8,1383939.2811,3531691.0356,0.39186306705475504
01,9,1305018.8467,3479270.4893,0.3750840444033884
01,10,1197556.4497,3359087.4552,0.3565124354967702
01,11,1191288.0163,3496560.2922,0.3407028384316673
01,12,1183564.0294,3392594.642,0.34886691582530654
01,13,1306858.0751,3546629.5353,0.36847887891664344
01,14,1180398.6476,3344802.676,0.35290531667823866
01,15,1252998.4539,3444852.2698,0.3637306786374169
01,16,1236691.8143,3334885.6097,0.3708348528366016
01,17,1284676.4084,3439414.2581,0.37351604430159
01,18,1269327.3571,3532611.533,0.3593169940262435
01,19,1278144.8783,3563469.5414,0.3586798942577318
01,20,1209060.6058,3416575.0357,0.3538808874871625
01,21,1214417.8542,3427626.2702,0.3543028785717468
01,22,1234680.7556,3511720.9959,0.3515885108872581
01,23,1267554.9825,3528896.9921,0.3591929674732996
01,24,1251817.6103,3421232.6645,0.36589666154229483
01,25,1186205.9201,3354729.4776,0.35359212360354647
01,26,1292938.984,3463037.1428,0.3733540619649862
01,27,1303560.2809,3542589.0019,0.3679682515247635
01,28,1227528.4478,3544691.4723,0.34630050524637307
01,29,1207101.6192,3521083.961,0.34282102686843596
01,30,1259967.3319,3389841.3323,0.3716891760963676
01,31,1355688.2882,3482025.3827,0.38933900221852624
01,32,1186370.5369,3336977.1811,0.35552252008775354
01,33,1348572.4362,3565251.0862,0.3782545474622847
01,34,1161557.4771,3319664.2135,0.34990209924736415
01,35,1238643.4692,3417910.7605,0.36239783774190787
01,36,1119090.6108,3363426.5319,0.33272337010668274
01,37,1204199.9931,3456378.9513,0.3483992959299445
01,38,1324979.8291,3551254.0839,0.3731019515350764
01,39,1263354.0585,3520927.236,0.35881288473750217
01,40,1272544.8033,3398409.0763,0.374453096943078
01,41,1199765.4385,3417953.9608,0.35101860711405986
01,42,1197598.4319,3514294.6991,0.3407791703429713
01,43,1314069.0427,3475271.7368,0.37811979672990503
01,44,1178210.1782,3392294.9587,0.34731949684337454
01,45,1191184.601,3311548.095,0.35970626632254904
01,46,1242417.5928,3522863.1165,0.3526726846072732
01,47,1339526.235,3534641.9176,0.37897084520220087
01,48,1250582.2337,3571444.524,0.3501614613627973
01,49,1271767.3232,3483568.0152,0.3650760707558583
01,50,1246760.9373,3383409.1148,0.3684925159793153
01,51,1223695.8254,3468189.651,0.3528341724470476
01,52,1178522.5352,3379130.8738,0.34876498697864666
01,53,1309712.1866,3545542.1846,0.36939687032598617
01,54,1138101.0778,3378046.8788,0.33691097803956266
01,55,1235322.69,3402362.6854,0.3630778973978692
01,56,1185840.8167,3339379.4928,0.3551081328901907
01,57,1315809.5499,3435058.5849,0.3830530156557156
01,58,1278607.6813,3527607.802,0.3624574366161355
01,59,1228773.6224,3568186.8249,0.3443691944113484
01,60,1193612.4558,3432624.0205,0.3477259521204822
01,61,1204323.4865,3421813.3865,0.3519547533630528
01,62,1282182.6476,3490533.4748,0.3673314285213856
01,63,1259532.2179,3513259.8245,0.35850813228117967
01,64,1323699.1253,3425117.1845,0.38646827363754394
01,65,1201184.4494,3317288.7967,0.36209824438406574
01,66,1289973.5751,3495157.8391,0.36907448375269
01,67,1261797.4087,3564273.9467,0.35401246581179346
01,68,1290710.8515,3533147.8225,0.3653147041514706
01,69,1278125.0461,3497224.8725,0.36546836211488143
01,70,1166275.85,3346709.5906,0.34848433018381775
01,71,1169215.0319,3507884.4746,0.3333105865846179
01,72,1207936.9271,3358873.2673,0.3596256336491639
01,73,1366878.5257,3534276.8401,0.3867491392273971
01,74,1145498.3348,3339097.9873,0.34305622031962346
01,75,1193228.6413,3422451.4651,0.34864735218827575
01,76,1187327.1313,3353473.1782,0.35405893180195525
01,77,1194819.9673,3422431.2554,0.34911438043197573
01,78,1238203.1509,3545662.5014,0.34921630313406793
01,79,1198974.6061,3559649.1995,0.33682381012949586
01,80,1262626.93,3406192.8132,0.37068568905052846
01,81,1206457.0266,3418674.9874,0.3529019374601459
01,82,1314954.3426,3501164.9492,0.375576232962249
01,83,1264202.8437,3492614.6954,0.3619645892703358
01,84,1269559.6209,3400544.251,0.37334012651847126
01,85,1109809.3168,3345222.5953,0.33175948242107106
01,86,1347110.638,3493080.5191,0.3856511840005011
01,87,1339560.1339,3565269.7395,0.3757247646815813
01,88,1272620.1461,3546025.1556,0.35888638412229995
01,89,1194911.3921,3512900.6512,0.3401494977353887
01,90,1242298.0278,3381406.8198,0.36739088018799176
01,91,1243562.6001,3476343.2518,0.35772146477655836
01,92,1171863.361,3358092.5175,0.34896696707820823
01,93,1299627.705,3564573.6856,0.3645955504441319
01,94,1150634.3067,3306100.4208,0.34803368326651524
01,95,1284130.1563,3401613.3027,0.3775062130903396
01,96,1215821.2478,3366251.7542,0.36117953634425765
01,97,1258725.0215,3463026.9297,0.36347537776988714
01,98,1226310.1105,3556096.6028,0.3448472433325989
01,99,1217479.23,3565852.0354,0.3414272992579259
01,100,1240445.8862,3407506.9059,0.3640332713786152
01,101,1221859.4907,3429651.9301,0.35626340969952996
01,102,1216783.5625,3503959.4468,0.3472596018801618
01,103,1255489.4095,3506366.4757,0.3580599512917023
01,104,1198681.476,3407525.1169,0.35177480279015577
01,105,1268758.8598,3339838.3392,0.3798863091391151
01,106,1181587.9715,3514819.2572,0.3361731813320281
01,107,1294514.7046,3520082.7304,0.36775121602124944
01,108,1290207.3285,3536770.9025,0.3647981065406314
01,109,1389229.3202,3470991.0389,0.4002399616221032
01,110,1261105.5043,3353861.816,0.3760159402762943
01,111,1226663.4091,3527782.4255,0.34771515392595176
01,112,1189110.4544,3376943.2763,0.35212627429823673
01,113,1335665.1257,3543108.5119,0.3769755064554166
01,114,1163396.9186,3370889.9673,0.34513049369328785
01,115,1225511.751,3432835.8599,0.356996897322
01,116,1137341.602,3336502.4639,0.3408783941584668
01,117,1292312.3032,3401031.7087,0.3799765523779752
01,118,1313500.0653,3541864.8191,0.37084985802303005
01,119,1252134.1678,3562113.273,0.3515144162570262
01,120,1199801.4725,3430220.9974,0.34977381148602726
01,121,1201157.3027,3419501.6197,0.3512667740176067
01,122,1272510.0083,3508494.1975,0.36269406094692563
01,123,1218108.2306,3518416.9154,0.34620917869862966
01,124,1146817.7462,3413469.6076,0.33596834834757006
01,125,1128421.3859,3345397.0329,0.3373056694923333
01,126,1294886.4524,3481442.58,0.3719396263602888
01,127,1309237.8359,3560844.7104,0.36767619550388353
01,128,1316441.8616,3550639.9242,0.37076185975028414
01,129,1196143.2682,3499770.7144,0.34177760939549623
01,130,1247696.345,3383796.4063,0.3687267776149361
01,131,1265257.2563,3466085.6263,0.36503923812483685
01,132,1176691.2254,3367641.7082,0.34941105003386475
01,133,1249285.2033,3553101.2279,0.35160416863168537
01,134,1206690.1286,3330566.765,0.3623077433188762
01,135,1252535.5217,3421676.2067,0.3660590441747248
01,136,1153279.8704,3334678.9949,0.34584434428735306
01,137,1233375.7572,3464838.4672,0.3559691941993226
01,138,1233534.3555,3526797.0431,0.3497605165325143
01,139,1354615.106,3537841.9733,0.38289305068548696
01,140,1217759.198,3393087.0129,0.3588941849620316
01,141,1208263.3165,3420523.0336,0.35323934516188255
01,142,1274077.8938,3497557.5027,0.3642764680256017
01,143,1307260.9707,3497674.0857,0.37375150990901257
01,144,1240774.5428,3434559.764,0.3612615962620355
01,145,1130410.3729,3351530.6401,0.3372818256157347
01,146,1299899.2255,3492182.8429,0.3722311471012582
01,147,1354661.9095,3532710.1141,0.38346251624020283
01,148,1356647.5283,3540040.8424,0.38322934358583544
01,149,1248463.0019,3514246.5714,0.3552576566654056
01,150,1149224.4113,3371711.6868,0.34084302516111564
01,151,1228499.2216,3483327.5075,0.3526797922259396
01,152,1181190.585,3377314.3338,0.34974256709797524
01,153,1321610.8031,3540558.3553,0.37327750893347916
01,154,1131596.7992,3338496.9324,0.33895397303435904
01,155,1276623.8161,3407858.3996,0.3746117550687683
01,156,1204003.2755,3372657.6892,0.3569894683814151
01,157,1237494.4726,3426448.1295,0.36115955234979136
01,158,1217056.0465,3531492.8181,0.3446293420907467
01,159,1166387.6748,3538912.3456,0.32958930905711553
01,160,1253691.6919,3426544.9392,0.3658763314491072
09,0,897195.0758,2549856.1907,0.351861049682844
09,1,898361.7071,2550183.3361,0.3522733814400443
09,2,936619.2194,2550401.0147,0.36724390164586457
09,3,872814.9162,2542743.7642,0.3432571258215653
09,4,883156.9262,2555532.5516,0.3455862558459926
09,5,866580.1056,2541584.4383,0.340960580550152
09,6,936552.7091,2536983.3852,0.36915996949903873
09,7,959014.324,2576561.4886,0.37220703959255785
09,8,896889.1441,2561292.8335,0.3501704812387279
09,9,906895.0472,2575325.6326,0.35214771899909836
09,10,866611.4164,2548059.453,0.34010643487132164
09,11,881928.6636,2513581.089,0.3508654116867443
09,12,923019.1075,2536707.8789,0.3638649586645552
09,13,895639.2833,2592553.8537,0.34546602841895674
09,14,906545.0813,2531800.9288,0.3580633338852893
09,15,947027.2125,2568927.3947,0.3686469358588447
09,16,945459.2029,2555181.5396,0.3700164502002494
09,17,910633.8445,2564767.4603,0.35505513018068446
09,18,885048.1704,2541695.054,0.348211784496788
09,19,905995.3511,2555100.6839,0.3545830333844716
09,20,893496.812,2546302.355,0.35089973123007223
09,21,920698.8356,2549842.6045,0.36108065414513707
09,22,890913.0648,2535573.248,0.3513655405154361
09,23,932121.0265,2568196.5435,0.36294769917791536
09,24,898273.2042,2535214.5949,0.35431840997090497
09,25,891105.9868,2555474.7182,0.34870467723807824
09,26,864364.7388,2507282.2006,0.3447417042218682
09,27,891751.0966,2536262.7624,0.3516004373916522
09,28,847382.2126,2505360.8342,0.3382276121796971
09,29,950901.7049,2547694.3504,0.37324010423412995
09,30,867539.4512,2546899.379,0.34062572646298483
09,31,858074.5371,2550470.1952,0.3364377826154963
09,32,898594.0104,2570960.6387,0.3495168291858299
09,33,899970.1877,2569504.292,0.3502505096029627
09,34,867423.3989,2554747.4949,0.3395339072184719
09,35,879486.4968,2551791.4365,0.3446545372870641
09,36,959911.6775,2567638.1226,0.3738500644039316
09,37,918426.1793,2551094.0047,0.36001267597663605
09,38,885595.7638,2512407.4934,0.35248890401991984
09,39,875726.9186,2579571.6408,0.3394854032154004
09,40,857519.7236,2564078.2525,0.3344358631659975
09,41,885012.1729,2560520.7267,0.3456375742916184
09,42,929926.5402,2553576.6463,0.36416629261840067
09,43,904498.0352,2570398.6,0.35189018356919427
09,44,910190.1234,2550886.176,0.3568133035348732
09,45,861533.7622,2516209.1349,0.34239354362499735
09,46,896417.2527,2534404.6457,0.3536993408771197
09,47,938037.3031,2553985.7642,0.3672836850732514
09,48,907497.8838,2534106.6916,0.3581135264778526
09,49,914922.98,2565145.3138,0.3566749123637894
09,50,913268.2832,2574129.185,0.3547872766144796
09,51,905411.5864,2577581.1577,0.3512640460205363
09,52,887152.5309,2557281.2974,0.34691237596817065
09,53,887758.2422,2541511.3558,0.3493032758535747
09,54,915102.2958,2528556.3325,0.36190702340225595
09,55,935119.8412,2558168.3201,0.3655427337804909
09,56,887321.5226,2569306.9759,0.3453544208313921
09,57,886092.4997,2591524.8041,0.34191935894193665
09,58,886969.5518,2530941.0613,0.3504504966008234
09,59,874283.936,2524948.8489,0.34625807821052845
09,60,919686.5777,2534556.0723,0.36285903782172957
09,61,911470.4635,2548405.7693,0.35766300425162045
09,62,912886.8779,2543663.5432,0.35888664612913496
09,63,865585.966,2555040.2582,0.3387758620327167
09,64,892757.8826,2569537.8521,0.34743908593149464
09,65,854966.3388,2500104.1376,0.34197229065055407
09,66,868657.3331,2549297.3409,0.34074382739258285
09,67,869136.767,2528371.5822,0.3437535736909929
09,68,901538.5819,2529549.3218,0.3564028477841558
09,69,946117.2117,2562127.298,0.3692701812429618
09,70,886686.1642,2558267.8285,0.34659630016920256
09,71,895308.4219,2560636.7726,0.34964288237996693
09,72,927039.8198,2520954.8332,0.3677336093416844
09,73,875396.2045,2564556.5129,0.3413440881870457
09,74,823171.4814,2505422.4625,0.3285559596119411
09,75,869055.1062,2565220.4379,0.33878379158379307
09,76,926319.7477,2523463.8916,0.36708262431790445
09,77,894089.1015,2561520.0345,0.3490463043262994
09,78,886296.9659,2583652.362,0.3430403327225956
09,79,793183.5351,2550659.9255,0.3109718889492938
09,80,886792.1147,2532052.8819,0.3502265379365101
09,81,894838.3168,2549899.1517,0.35093086571812754
09,82,883392.4875,2546003.0818,0.3469722773766047
09,83,941060.1787,2586591.1168,0.36382255107418454
09,84,894796.6494,2548549.5529,0.35110035368227743
09,85,935871.818,2603506.4112,0.3594659164171756
09,86,905770.6869,2565089.7927,0.353114612002175
09,87,901805.7241,2562109.6696,0.3519777997015995
09,88,848268.6974,2515543.7929,0.33721086462267014
09,89,898289.1268,2521436.766,0.3562608187969922
09,90,922421.6311,2559071.0074,0.3604517531684963
09,91,893984.8628,2532194.2653,0.3530475031283138
09,92,893753.3452,2544740.2692,0.3512159398023645
09,93,912831.6386,2576566.2712,0.3542822277863869
09,94,895498.6588,2560086.227,0.3497923817391796
09,95,842938.4164,2534018.7431,0.33264884827520597
09,96,891862.8607,2520449.936,0.35385065498083357
09,97,867735.1284,2550056.215,0.34028078412381196
09,98,971848.9309,2541778.01,0.3823500427954367
09,99,870319.8023,2518840.1337,0.3455240333262282
09,100,900006.3008,2555003.5603,0.3522524644522704
09,101,904553.9798,2523660.9406,0.35842928233653387
09,102,857681.6816,2551619.2867,0.336132308636543
09,103,907385.6387,2580375.0664,0.3516487391757104
09,104,881092.2554,2544707.8497,0.34624495519352977
09,105,886795.9805,2522606.164,0.3515396073931103
09,106,894567.7306,2546777.9069,0.3512547082242007
09,107,912185.6842,2558582.999,0.3565198723498592
09,108,932444.9669,2584572.0799,0.36077344259482885
09,109,876673.7794,2533281.2904,0.34606254849084483
09,110,896597.0215,2574747.8385,0.3482271188243198
09,111,922900.5576,2559666.2794,0.3605550321256461
09,112,878489.6836,2560170.8916,0.3431371266982028
09,113,843594.7321,2537583.4254,0.3324401963127671
09,114,911471.5122,2551226.1321,0.357268021337543
09,115,938401.3449,2551396.8053,0.36779905930377627
09,116,915716.4909,2570906.9774,0.35618421784598325
09,117,908667.7092,2558698.8101,0.3551288278296761
09,118,849663.9945,2520722.7087,0.3370715833072306
09,119,937031.0774,2545743.6705,0.36807754380705626
09,120,848559.4722,2560999.1396,0.3313392258040882
09,121,896634.1902,2540765.3063,0.35289925754918594
09,122,887122.6979,2515705.8291,0.35263371720109676
09,123,854471.1134,2572966.2336,0.33209573535850695
09,124,932364.3831,2555329.9115,0.3648704532843254
09,125,899330.2806,2549829.0594,0.35270218498946015
09,126,906759.1476,2580305.5153,0.3514154204699188
09,127,898241.4624,2553102.3875,0.3518235174577385
09,128,924497.1186,2573595.0879,0.35922399873492544
09,129,852353.5099,2537307.5787,0.33592833484409756
09,130,940140.346,2608751.4221,0.36037942827193675
09,131,875173.3677,2590646.9768,0.3378203883189925
09,132,917275.1995,2537535.7581,0.3614826693858364
09,133,842107.8726,2520174.3951,0.3341466662931417
09,134,907469.1997,2569748.9128,0.3531353569914428
09,135,903381.2018,2508447.2464,0.36013561899557117
09,136,882997.9646,2543725.3531,0.34712787035907927
09,137,856388.2357,2541420.6073,0.33697225608390147
09,138,898084.4824,2576173.3315,0.34861182336558166
09,139,849781.2662,2523143.9278,0.3367946064578837
09,140,910484.4309,2555598.6249,0.35627051213319033
09,141,883889.801,2553920.4687,0.3460913571243347
09,142,888083.6137,2545380.3967,0.3489001545118248
09,143,946866.5316,2562568.6725,0.36949898816809174
09,144,912394.2175,2540248.2946,0.3591752111159945
09,145,880223.1488,2557080.054,0.34422979735150677
09,146,864116.7174,2554619.7182,0.3382564971387842
09,147,878210.1398,2539545.1767,0.3458139464725672
09,148,929444.911,2541611.2752,0.36569121331383053
09,149,916693.8303,2543196.5432,0.36044946378645265
09,150,921377.5567,2546096.8767,0.3618784364144851
09,151,947338.1044,2576281.6893,0.3677152651181559
09,152,881609.5259,2551891.8882,0.34547291363579324
09,153,897076.6214,2517878.4752,0.35628273176637065
09,154,868716.0404,2523686.7285,0.3442249906018793
09,155,865273.4861,2548421.3296,0.3395331360830406
09,156,897540.5429,2526185.0818,0.35529484730408956
09,157,931539.9919,2566967.9018,0.36289506824249296
09,158,929764.0821,2582498.219,0.36002506226704195
09,159,902741.7918,2508622.3617,0.3598555946811562
09,160,908029.2538,2543916.1647,0.3569415008246085
10,0,314080.1102,646632.3412,0.4857166742033657
10,1,313788.8637,646623.9608,0.4852725582760372
10,2,315551.8716,651571.8982,0.4842932490976481
10,3,308461.0347,661394.0872,0.46638009118869544
10,4,322026.6883,642453.1572,0.5012453977243837
10,5,293200.086,640897.8929,0.4574833046701065
10,6,307686.2527,652762.4514,0.47136022000054645
10,7,319314.7057,649274.026,0.4918026794745059
10,8,304344.0611,651552.6705,0.46710584558950097
10,9,313576.056,654144.737,0.47936800261988505
10,10,313328.8731,645217.0078,0.48561781433561274
10,11,303668.7812,655514.5977,0.46325250767180587
10,12,334094.7758,630992.5955,0.5294749545123624
10,13,323300.3039,649413.7132,0.49783411918872306
10,14,324387.0719,649244.886,0.4996374694586351
10,15,310732.7654,638032.7484,0.48701695356426
10,16,295278.6693,636416.2949,0.46397094428010693
10,17,312521.1267,632025.7896,0.4944752759183927
10,18,303897.7684,635380.9538,0.47829222229984947
10,19,312954.3259,645154.0581,0.48508464291716746
10,20,310257.753,646210.0455,0.48011904977419606
10,21,309990.9192,651483.7303,0.47582296346411157
10,22,310292.9353,641745.5854,0.4835139381700529
10,23,305084.8003,642158.0791,0.47509298758272056
10,24,314018.7767,645007.9059,0.48684484922993254
10,25,326828.4907,651257.8226,0.5018419424049464
10,26,322638.5032,659004.2109,0.4895848886297306
10,27,327178.2794,655699.3631,0.4989760518496987
10,28,321239.5198,649785.1104,0.4943780869374627
10,29,300160.9094,643775.6871,0.4662507693512429
10,30,324658.4907,646873.1748,0.5018889379674428
10,31,298960.9988,645296.1052,0.46329273707198565
10,32,318867.0517,652171.7978,0.4889310650593116
10,33,312038.7137,644720.7381,0.4839905020266324
10,34,314086.0514,639823.1886,0.49089507382071146
10,35,316693.4678,648089.2562,0.4886571791930286
10,36,303136.338,630229.1419,0.48099384469291867
10,37,302262.2917,650711.5619,0.4645104058354676
10,38,311812.4446,653733.3119,0.4769719378285211
10,39,337315.0456,656702.7085,0.5136495422266102
10,40,303547.8271,641202.0642,0.4734043198671287
10,41,297342.1952,642644.685,0.46268521648163946
10,42,292395.9444,638230.035,0.45813566953175433
10,43,323387.2381,638526.8371,0.5064583339499545
10,44,308351.1713,632927.4069,0.4871825235223512
10,45,332290.0803,645107.6501,0.515092450459223
10,46,333887.8002,644692.6778,0.5179022683170298
10,47,311651.2417,652631.612,0.47753010422670117
10,48,328736.2158,647502.7843,0.507698536239329
10,49,311421.4764,645489.293,0.48245800476817513
10,50,311883.0365,649737.1057,0.4800141992259932
10,51,306638.465,638846.0226,0.4799880630891792
10,52,328320.8933,651768.5209,0.5037384942228191
10,53,307814.4252,642525.7479,0.4790694010411968
10,54,314317.4012,640805.3722,0.49050369244079817
10,55,318786.9005,655832.6477,0.48607964488804145
10,56,320786.1715,650120.4361,0.4934257618855369
10,57,299626.7874,658227.0625,0.4552027779927386
10,58,320040.6008,649914.4273,0.49243498429412386
10,59,312153.9399,650022.425,0.48022026301631054
10,60,296733.8954,648659.9191,0.4574568069686056
10,61,321678.7836,645563.5032,0.49829146475206126
10,62,314089.6913,649358.472,0.4836922976189337
10,63,306971.6048,655365.3758,0.4683976544004661
10,64,299885.1873,649297.8831,0.46186071925605515
10,65,298683.2502,637150.2097,0.4687799606008668
10,66,314950.8527,644130.1252,0.488955321880356
10,67,311656.1387,636307.7052,0.48978840921318456
10,68,304217.8112,641868.1633,0.47395684751825423
10,69,334302.1638,644913.2681,0.518367632263015
10,70,304259.1683,645919.3841,0.4710482078563773
10,71,325733.6116,656411.8928,0.4962335618426199
10,72,322494.7845,637748.0172,0.50567743968205
10,73,325151.3057,646916.9016,0.5026168042538588
10,74,329268.5973,658674.2767,0.499895940903684
10,75,317839.9364,657691.6538,0.48326588084794697
10,76,319614.5155,654521.1762,0.48831806688915497
10,77,334350.8578,649902.7896,0.5144628752952194
10,78,308526.6165,636827.0664,0.4844747228538966
10,79,320183.4767,643902.9989,0.49725420948027826
10,80,299579.641,642966.6972,0.46593337151770603
10,81,313038.8472,645830.2267,0.48470764336865313
10,82,317626.6937,639922.684,0.4963516712903398
10,83,319065.1148,647737.9633,0.492583626215876
10,84,310570.7425,644625.0366,0.48178510741386865
10,85,310158.9215,651925.135,0.47575849564382877
10,86,319464.943,652256.8439,0.48978396468765667
10,87,312132.625,647522.6256,0.48204126413463194
10,88,319170.4479,647999.1646,0.4925476224911787
10,89,310848.5387,638548.2647,0.48680507940310747
10,90,319666.3325,645716.3224,0.49505691804702007
10,91,316567.9948,643889.9829,0.49164919971920873
10,92,311069.9719,662331.1829,0.4696592579832768
10,93,297887.685,640620.8198,0.4649984449350236
10,94,327548.3649,645559.9267,0.5073864584104149
10,95,310611.3532,649760.831,0.4780395160507913
10,96,320957.9845,636078.5037,0.5045886358885295
10,97,314448.9119,651374.7162,0.4827465728704316
10,98,319785.4625,657426.5931,0.4864200290287892
10,99,326289.1824,647508.5157,0.5039148899026595
10,100,324149.0207,652608.0567,0.4966978531327102
10,101,319680.2408,637832.6059,0.5011977089959553
10,102,305899.9298,651794.7219,0.46931943374486534
10,103,335464.6497,650480.8843,0.5157179216127197
10,104,318670.5706,650332.8151,0.49001151902660617
10,105,301552.1847,636460.0452,0.47379593891905786
10,106,318454.1648,640901.9589,0.49688436800313857
10,107,321610.8857,639620.8049,0.5028149228983906
10,108,301171.9392,643755.6303,0.46783581381594946
10,109,305447.9217,649326.3928,0.4704073715267592
10,110,316131.577,650186.5149,0.4862167543548972
10,111,312964.3823,651272.2255,0.48054311245920006
10,112,308511.8033,640244.7541,0.4818654136942971
10,113,312247.1597,655059.3401,0.4766700367211511
10,114,320563.9153,644202.4455,0.4976136268020423
10,115,317967.7536,640610.9033,0.496350830062433
10,116,314425,643185.8618,0.4888555838588553
10,117,314994.3298,647619.0207,0.48638832358494993
10,118,308452.6807,645973.5897,0.4775004514398958
10,119,305241.7071,636685.3465,0.47942316998181456
10,120,311794.2028,649132.3004,0.48032458500042313
10,121,328352.4351,648866.9243,0.5060397175495235
10,122,319662.0829,648630.2211,0.4928263785765193
10,123,327715.9153,660520.9582,0.4961476410878252
10,124,329735.7868,662430.8681,0.497766337105872
10,125,295715.6414,636961.9503,0.4642595075902448
10,126,318593.1516,647185.3632,0.49227496435444723
10,127,316892.3963,644042.3518,0.49203658022540625
10,128,296255.117,644866.8779,0.4594050759200886
10,129,308087.8558,648445.6449,0.4751174724097526
10,130,324300.285,648163.6017,0.5003370817945145
10,131,312892.0962,653955.8543,0.478460578252522
10,132,313971.2156,642223.0037,0.48888192075203923
10,133,319602.6624,643733.526,0.4964828605182822
10,134,316255.1882,653170.6624,0.4841846188222185
10,135,324248.1858,638483.5575,0.5078410900189861
10,136,300429.9894,648470.2392,0.4632903273566297
10,137,307704.9464,642871.4141,0.4786415131411269
10,138,308091.8556,640933.9851,0.4806920256411911
10,139,293297.443,643651.9532,0.4556770806673286
10,140,328973.1773,644022.018,0.5108104507383473
10,141,313722.3598,645498.6849,0.4860154902540221
10,142,314970.8599,642982.663,0.48985902423935185
10,143,293426.1035,644170.6744,0.45550987519465386
10,144,325208.8872,632234.5598,0.514380117567246
10,145,308310.4509,655706.8827,0.4701955386383502
10,146,306411.3015,649965.3324,0.47142714576572087
10,147,328141.912,661855.903,0.49579056485351014
10,148,325639.9796,654104.4008,0.4978409856312344
10,149,304432.2099,636524.4718,0.4782725934151586
10,150,328707.8631,652685.5327,0.5036236389984258
10,151,301225.6638,639711.7095,0.47087720816528217
10,152,299710.9403,651655.6098,0.45992228992240924
10,153,309968.8207,643562.8386,0.4816449958084948
10,154,300483.2309,638764.0606,0.4704134897911318
10,155,304669.2866,647567.6323,0.47048257417976574
10,156,306670.0913,637628.8256,0.48095393273889026
10,157,309435.7863,642646.6301,0.48150223125242214
10,158,323030.9774,654273.9437,0.4937243497321931
10,159,306632.2593,653371.2534,0.46930785170659606
10,160,322211.3114,651505.0906,0.4945645337985944
11,0,241922.2124,492989.582,0.49072479669560237
11,1,242371.3169,493318.6302,0.4913078526990526
11,2,246194.5349,488185.774,0.5043050166799822
11,3,248106.8002,496163.3151,0.5000506741414265
11,4,236427.2163,490707.5708,0.4818087805626332
11,5,247694.2752,493475.4321,0.5019384129133427
11,6,234219.3571,492991.8499,0.47509782798135464
11,7,235942.7626,491835.6345,0.4797187231865771
11,8,237081.5284,489589.6426,0.4842453920000472
11,9,240298.2262,493559.1158,0.48686817547783606
11,10,236223.2569,490321.9928,0.4817716936396005
11,11,257209.7929,494272.8093,0.5203802193049344
11,12,247205.2638,494934.4651,0.4994707001260317
11,13,249544.3047,489870.1513,0.5094090832800655
11,14,237843.6665,494113.8406,0.4813539855738257
11,15,239145.1702,495928.222,0.48221730401945145
11,16,227240.7391,491432.6243,0.46240466721899726
11,17,250739.3758,501715.1296,0.4997644300659336
11,18,253219.6584,493905.1926,0.512688795732252
11,19,241999.3663,489476.3858,0.4944045786896876
11,20,242057.7356,500003.3945,0.48411218456237903
11,21,243136.2802,491400.5578,0.4947822633505362
11,22,243123.268,494931.9638,0.49122563459701124
11,23,239047.4618,489163.119,0.4886866006756327
11,24,255207.5105,495824.4607,0.5147134333382839
11,25,244421.3051,499192.4875,0.4896333803500999
11,26,227796.1396,485448.4919,0.4692488356662253
11,27,239679.067,493575.8849,0.4855971985919849
11,28,238164.611,489186.4408,0.4868585699360619
11,29,239469.3127,494519.4459,0.48424650372277706
11,30,244897.0138,490048.7626,0.4997400921913888
11,31,240759.4107,493493.1814,0.4878677553699631
11,32,254978.0003,492894.5419,0.5173074128942794
11,33,240223.5415,493296.196,0.48697626993255794
11,34,245360.367,492698.7001,0.4979927224289423
11,35,228279.2213,490346.0414,0.46554718918140736
11,36,252070.3439,495178.9494,0.5090489896741963
11,37,241602.9079,489991.7232,0.49307548772897314
11,38,247208.2193,490744.7531,0.5037409319985656
11,39,236676.0449,495535.2396,0.47761698056236485
11,40,232422.2499,494196.9461,0.4703028857911431
11,41,245241.7931,494200.0936,0.49623987586391666
11,42,242240.4348,493692.1745,0.4906710037389908
11,43,247577.4208,496122.8344,0.4990244424032904
11,44,247259.6055,499719.2816,0.4947970082489609
11,45,250261.7423,496833.7982,0.5037131998802895
11,46,238996.2661,490600.8027,0.4871501733888215
11,47,241658.1449,492062.6474,0.49111255686017347
11,48,235629.6312,490775.4162,0.4801170218028537
11,49,236569.5977,488833.1155,0.4839475686053434
11,50,240521.2174,497160.3081,0.4837900642535224
11,51,248567.2159,495636.6453,0.5015109723163159
11,52,234077.887,493587.9224,0.4742374689028655
11,53,227018.0139,485639.8135,0.4674617022518892
11,54,254014.7877,497493.8472,0.510588802514139
11,55,243817.7002,494128.0774,0.4934301679089325
11,56,239354.3237,489906.4283,0.48857151054451675
11,57,241893.1973,496437.0316,0.4872585683634162
11,58,244217.7415,497195.9399,0.4911901363255682
11,59,218847.0348,488359.0531,0.4481273223273026
11,60,237500.4803,494270.7185,0.4805068789443168
11,61,243571.4283,490181.3389,0.49690065486089435
11,62,232300.5328,496091.3046,0.46826164991403074
11,63,252359.8853,493736.714,0.5111223819179062
11,64,248638.0946,496084.7815,0.5012008105715293
11,65,245230.3759,493916.7643,0.4965014221526799
11,66,234524.904,488385.0043,0.4802049652121147
11,67,248596.2807,490813.3798,0.5064985816020332
11,68,245738.7169,494703.5538,0.49673934018138843
11,69,233885.7153,491265.5355,0.47608818123574637
11,70,239484.5082,486790.5942,0.49196617817477134
11,71,242389.7193,492464.5865,0.49219725833016825
11,72,240676.6036,498179.5393,0.4831121806772284
11,73,231289.9151,488026.5398,0.4739289695080636
11,74,254974.3359,493896.7605,0.5162502698780103
11,75,251749.9484,493602.338,0.5100258427057937
11,76,248407.9089,498978.5234,0.49783286704880253
11,77,244255.6364,492725.0819,0.4957239754431101
11,78,245112.2334,495914.0146,0.4942635742966559
11,79,233469.3638,485423.2326,0.4809604240602637
11,80,238685.5043,488298.4522,0.48881069195410404
11,81,242293.3191,493059.0542,0.4914083151624234
11,82,245689.4254,496511.5051,0.49483128361852735
11,83,240725.1621,493495.6064,0.4877959580148351
11,84,250891.0284,493404.5926,0.5084894469221038
11,85,239815.1301,487696.5034,0.49173026344892184
11,86,238258.7023,497725.2137,0.47869526345436175
11,87,241455.828,491844.5755,0.49091896104483923
11,88,234890.5022,493521.0247,0.4759483192084562
11,89,243995.8174,490522.7758,0.4974199556831261
11,90,230668.5788,491197.7029,0.4696043516452691
11,91,242125.7049,492259.9973,0.4918654902450673
11,92,245982.5501,494047.2312,0.4978927814300845
11,93,245100.4086,497621.1276,0.4925442168866626
11,94,243865.4268,486592.7486,0.5011694635845627
11,95,230977.8359,487870.161,0.47344120293513914
11,96,239120.4741,485206.8779,0.4928216910999398
11,97,246338.5656,491181.2787,0.5015227091960417
11,98,246422.5276,492452.1032,0.5003989748418644
11,99,244844.9465,504635.7371,0.4851914529618041
11,100,232187.6805,489965.6374,0.4738856417199024
11,101,238358.4165,491751.2827,0.484713359955614
11,102,253696.0953,490717.6968,0.5169899046934066
11,103,248975.1992,494031.8714,0.503965864579643
11,104,257964.8617,496719.9037,0.5193366719925139
11,105,249006.0916,494697.5839,0.5033501268329117
11,106,239995.6379,489875.1088,0.48991188486366305
11,107,230560.2342,493594.9853,0.4671040854677014
11,108,255602.3253,494264.5715,0.5171366511750883
11,109,248944.4745,489672.7679,0.5083894609202343
11,110,237432.4381,486299.0771,0.4882436535062057
11,111,246812.7402,499018.9317,0.4945959452063009
11,112,232494.7598,495192.5253,0.46950377463623644
11,113,240188.419,496615.1449,0.4836510152109137
11,114,233362.0344,493058.1034,0.47329520150018084
11,115,246129.8888,490157.8279,0.5021441560048173
11,116,231123.3686,498342.4258,0.46378425081704133
11,117,250020.8922,490082.0852,0.5101612561454225
11,118,236806.9077,490556.7411,0.48273092154231945
11,119,237298.7313,496509.6419,0.4779337826994171
11,120,238028.1913,496926.4369,0.4790008613445939
11,121,240971.5232,489620.7273,0.4921595630332703
11,122,237198.4378,492610.8797,0.48151278742453646
11,123,255840.7665,497486.1221,0.5142671426090019
11,124,230173.735,489577.9642,0.47014725300416205
11,125,241163.901,488502.8869,0.4936795819783312
11,126,242951.7721,495781.4447,0.49003804942117474
11,127,246759.3489,492858.2134,0.5006700551822436
11,128,244049.9576,493662.825,0.49436567884162635
11,129,243519.2461,497323.3047,0.4896598325447426
11,130,239648.5153,489632.8313,0.4894453557448773
11,131,252862.6834,496870.7629,0.5089103692158499
11,132,248407.8558,490618.8146,0.5063153886638574
11,133,235210.2263,493465.2827,0.47664999858357815
11,134,244010.4397,491693.7241,0.4962651092336771
11,135,234129.6292,489381.9604,0.47841900222197076
11,136,239655.058,488334.5114,0.49076002700062293
11,137,245001.0341,496652.9513,0.49330429519990654
11,138,251577.7644,493385.8438,0.5099006539433266
11,139,243699.4664,492591.9908,0.49472884446256815
11,140,246076.5487,491422.5055,0.5007433439574126
11,141,240615.889,494197.9446,0.4868816061037094
11,142,243757.8311,495178.8623,0.49226218980308845
11,143,233370.6915,494235.8276,0.4721848932588391
11,144,245254.3264,493019.7292,0.4974533712838687
11,145,246506.4897,499024.2129,0.49397701219238777
11,146,231566.1309,491804.1345,0.470850313479827
11,147,239360.9885,495802.2201,0.48277514459641285
11,148,245443.5039,493019.0295,0.49783778964661646
11,149,241722.1958,497346.3427,0.4860238731981732
11,150,244164.7151,491184.3936,0.49709379671137827
11,151,233402.0389,495305.8783,0.47122808172817926
11,152,239755.9357,489089.1944,0.49020902208670836
11,153,244892.3225,497813.6776,0.49193570510285234
11,154,244498.7959,493568.1295,0.4953699019174616
11,155,242623.8053,492442.9471,0.4926942435236677
11,156,245394.4232,494312.8826,0.49643541942356006
11,157,242329.4173,487684.8826,0.49689753762320127
11,158,239449.661,494835.2545,0.4838977393434687
11,159,234042.5248,492596.9333,0.47511973578906563
11,160,239602.1944,487794.4777,0.49119497114798927
12,0,4357913.1988,14205709.4301,0.3067719511118652
12,1,4310108.6899,14181068.5357,0.3039339862895068
12,2,4246671.6684,14216996.9304,0.2987038464726262
12,3,4641687.077,14146657.2496,0.32811193450885684
12,4,4341960.5305,14288200.8172,0.30388434387576563
12,5,4521859.5611,14169274.2516,0.31913134581253444
12,6,4505048.0461,14342431.8435,0.3141062893139486
12,7,4387844.3103,14284281.7647,0.3071799046377992
12,8,4509167.2971,14346816.293,0.3142974165843388
12,9,4419629.3182,14195130.976,0.3113482591793171
12,10,4412636.411,14204437.3374,0.3106519678454011
12,11,4423464.1565,14221336.9971,0.31104418363772884
12,12,4398731.8434,14343855.9748,0.3066631351519362
12,13,4634176.1492,14288650.7077,0.32432566545298025
12,14,4411538.0521,14199409.2136,0.31068461974281925
12,15,4444652.2063,14186681.0037,0.31329753626946283
12,16,4461471.6988,14290831.6745,0.3121911866585676
12,17,4713255.8242,14219391.8629,0.33146676522062923
12,18,4430031.0516,14161550.5117,0.3128210465330045
12,19,4468387.2959,14130034.4734,0.3162332904644929
12,20,4263306.7832,14270641.7739,0.2987466752194206
12,21,4365915.8638,14147639.6249,0.3085967680513957
12,22,4509243.8772,14204709.9758,0.31744709218859235
12,23,4368989.2517,14172525.9461,0.30827174127716167
12,24,4406502.9182,14166817.9488,0.31104394325708495
12,25,4389295.6675,14210155.3382,0.30888442547145245
12,26,4371006.003,14141000.2371,0.3091016144340575
12,27,4449126.1885,14304171.1678,0.3110369790956774
12,28,4491965.6867,14230739.0363,0.3156523125919055
12,29,4514193.0365,14143722.6251,0.31916583463599163
12,30,4149087.521,14181005.0665,0.29258063878712315
12,31,4149833.3005,14117696.1627,0.2939455030534066
12,32,4265698.586,14225798.9334,0.29985652165972854
12,33,4396492.9535,14089088.2494,0.312049500696912
12,34,4389471.5791,14148201.0351,0.3102494492557919
12,35,4162474.2147,14135938.9345,0.29446039870341517
12,36,4244004.5915,14166291.5908,0.2995847264824183
12,37,4269428.5475,14179430.1058,0.3011001511092903
12,38,4184884.9399,14226588.0436,0.29415942368434717
12,39,4304760.349,14123567.2543,0.30479271075721975
12,40,4222237.4121,14178424.8184,0.29779312343784525
12,41,4320994.2439,14152094.4482,0.30532542442504584
12,42,4338581.986,14306322.9876,0.30326324868804266
12,43,4391028.9833,14132933.3064,0.31069480681066775
12,44,4550222.9274,14210573.0577,0.32019981945305587
12,45,4185693.4801,14311949.6089,0.2924614461678298
12,46,4227614.6976,14206368.7004,0.2975858776269101
12,47,4158035.4909,14155232.1918,0.29374548114503646
12,48,4239467.2815,14229140.7613,0.297942606136161
12,49,4260587.2136,14183815.1969,0.300383722887985
12,50,4250534.9762,14135714.4791,0.30069473902323934
12,51,4409663.0301,14184204.8648,0.31088545830603226
12,52,4255216.6251,14140431.5715,0.3009255130286389
12,53,4332438.6456,14140135.317,0.30639301169850325
12,54,4239679.1672,14194745.2228,0.2986794831928443
12,55,4070294.0692,14233986.227,0.2859560213342899
12,56,4317426.9722,14104307.8878,0.3061069714689443
12,57,4391295.4504,14158405.1661,0.310154667766836
12,58,4210458.2044,14206507.7631,0.2963753143708019
12,59,4447775.4542,14063568.2813,0.31626222913242463
12,60,4424264.0768,14237629.8691,0.31074442287631054
12,61,4373164.1487,14199255.631,0.3079854509522634
12,62,4352187.7887,14094684.6308,0.3087822042636916
12,63,4347034.3237,14200195.4234,0.30612496476891266
12,64,4418933.5019,14226869.3601,0.31060477115879975
12,65,4448436.8029,14280507.919,0.31150410252435223
12,66,4469983.7789,14280835.7645,0.313005754888079
12,67,4320979.4209,14340562.5491,0.30131170978164873
12,68,4451711.3583,14258323.0708,0.31221843804456767
12,69,4422746.2282,14205196.4703,0.3113470649594328
12,70,4364045.0412,14374686.7995,0.3035923566245489
12,71,4326093.233,14226010.4478,0.30409743117185845
12,72,4198868.6179,14233629.3194,0.29499634447955386
12,73,4188957.2917,14122532.6322,0.29661516109008607
12,74,4303176.697,14268959.9269,0.30157605873484894
12,75,4303747.6105,14126581.1004,0.30465599425031
12,76,4488420.5655,14127674.686,0.31770412790916386
12,77,4237901.4438,14195992.1765,0.2985280205222576
12,78,4519099.4717,14274248.4725,0.3165910611971099
12,79,4225948.7883,14156876.9338,0.29850854874710475
12,80,4350900.1844,14246072.9701,0.3054104940731227
12,81,4307211.4742,14172879.124,0.3039051865549517
12,82,4252248.6243,14266115.9849,0.2980663152325974
12,83,4310181.7299,14256929.8769,0.3023218720380771
12,84,4456804.8993,14273870.5219,0.3122352057532012
12,85,4356375.9071,14280766.4025,0.3050519688031148
12,86,4470480.7262,14169775.8556,0.31549410320652554
12,87,4406391.186,14267232.9779,0.30884693569001903
12,88,4198709.1266,14219814.8831,0.2952717149356207
12,89,4282338.2033,14168125.9185,0.3022515629754777
12,90,4469047.3077,14143334.1044,0.3159825876070959
12,91,4354245.881,14299623.0783,0.3045007450306621
12,92,4558824.442,14284709.5611,0.31914015629793074
12,93,4667972.9689,14401646.719,0.32412772372353593
12,94,4377843.179,14358547.4849,0.3048945712373698
12,95,4729133.4753,14127854.3074,0.3347382675671377
12,96,4478171.925,14293160.0562,0.3133087370037171
12,97,4487717.6703,14296240.119,0.3139089461945823
12,98,4306473.479,14263636.2545,0.3019197490851157
12,99,4425493.0835,14226188.563,0.3110807272026456
12,100,4396715.8093,14272675.1276,0.3080512777032096
12,101,4328882.3841,14225687.9813,0.3043003888311354
12,102,4339197.1398,14207812.3476,0.3054092377939509
12,103,4357130.0858,14262098.6521,0.3055041331633505
12,104,4303567.5137,14108429.8756,0.3050351847545317
12,105,4182286.9788,14085771.2296,0.2969157251405088
12,106,4006743.4868,14269331.3261,0.2807940607189683
12,107,4221572.4227,13943106.8749,0.3027712876747405
12,108,4226896.1151,14115988.6317,0.29944031731562476
12,109,4215914.2077,14233887.3097,0.29618853346035495
12,110,4375627.5607,14249770.0428,0.3070665384464137
12,111,4288980.4037,14235924.6848,0.30127866637840783
12,112,4211033.8833,14085194.1693,0.2989688202153679
12,113,4218974.6528,14152352.5662,0.2981111891514177
12,114,4142474.0025,14072583.5004,0.2943648550660406
12,115,4308281.5929,14341827.8491,0.3003997564487821
12,116,4341589.9411,14277925.5953,0.30407708123434696
12,117,4161822.2521,14224214.4909,0.2925871410869502
12,118,4337844.3683,14274671.9724,0.30388399654207104
12,119,4478207.5154,14174026.5309,0.31594462629495657
12,120,4439570.7553,14213816.4716,0.31234192197222405
12,121,4423040.6743,14150247.9578,0.31257690236176394
12,122,4257170.0781,14084543.6166,0.3022582906472392
12,123,4434629.6774,14038566.1193,0.3158890758297132
12,124,4503729.318,14178429.3693,0.31764656018611975
12,125,4271326.8126,14209023.7542,0.30060663466323306
12,126,4225709.7729,14156115.7762,0.2985077149485089
12,127,4456000.2758,14129966.1154,0.31535817137901584
12,128,4445891.0385,14363504.954,0.30952689143340967
12,129,4171801.7377,14209887.5324,0.29358443043182886
12,130,4207499.503,14075800.6545,0.2989172414611365
12,131,4425599.9736,14203068.4442,0.31159463822813926
12,132,4470720.304,14260946.8231,0.31349393272810544
12,133,4499703.0183,14343815.5262,0.3137033525062402
12,134,4436901.9065,14251627.6315,0.3113259777215363
12,135,4348099.984,14195688.5225,0.306297223773846
12,136,4348475.2026,14371573.2998,0.3025747502996429
12,137,4303592.6676,14136604.0816,0.30442902996777665
12,138,4498652.7785,14241898.6187,0.3158745121660357
12,139,4302274.5144,14115940.253,0.3047812924460102
12,140,4105071.4673,13960820.6205,0.29404227580090336
12,141,4500703.1748,14321405.3412,0.31426407308312965
12,142,4532902.6438,14291487.654,0.3171750032986454
12,143,4258156.588,14081312.9087,0.30239769655066323
12,144,4290218.6236,14147108.8442,0.30325762463889533
12,145,4405315.4868,14064654.8896,0.3132188824666773
12,146,4346214.077,14182035.7732,0.30645911112515345
12,147,4121323.801,14055040.0978,0.2932274666114329
12,148,4335931.0157,14133332.6786,0.30678758607764567
12,149,4419605.5746,14320761.4537,0.3086152638523368
12,150,4438497.3683,14342097.47,0.3094733791611862
12,151,4366533.0405,14219114.042,0.30708896683733344
12,152,4373325.0378,14193011.5544,0.30813228193590936
12,153,4197098.9953,14180620.1821,0.29597429036269796
12,154,4410038.9649,14074907.9456,0.31332630962454255
12,155,4544334.3999,14226915.3946,0.31941810813219973
12,156,4401726.1749,14354987.9525,0.3066339163407946
12,157,4368386.5329,14181134.8298,0.30804209855760945
12,158,4437899.9011,14154645.4144,0.31352957076446253
12,159,4328897.8137,14215737.8039,0.30451446653105785
12,160,4521586.2921,14189955.4966,0.3186469677923514
13,0,2665303.2831,7004441.1729,0.3805161921285011
13,1,2516506.4008,6996123.072,0.3597001331882802
13,2,2469742.7365,6934929.4613,0.35613090951858506
13,3,2718974.5896,6975968.69,0.38976301506307365
13,4,2688910.4298,6965390.5397,0.38603871735177847
13,5,2479356.7124,7039869.3103,0.35218788916613336
13,6,2564499.1461,6987174.7789,0.367029482909791
13,7,2534499.7161,7006569.2696,0.36173191451865755
13,8,2700057.3935,7019033.5397,0.3846765196701714
13,9,2662251.5929,6986572.5506,0.3810525939033394
13,10,2574143.1255,7019845.823,0.3666951084689086
13,11,2986495.8231,7048055.2623,0.42373331535505204
13,12,2597808.4946,7010374.9889,0.37056626766945927
13,13,2504293.4597,7009494.7441,0.35727160817231546
13,14,2640359.0682,7023638.3275,0.3759246910340003
13,15,2850074.7959,6926535.0871,0.41147193511052704
13,16,2757851.455,7025520.4329,0.3925476384760313
13,17,2680474.145,6929276.0262,0.3868332181984048
13,18,2966071.5751,7007245.3987,0.4232863852106952
13,19,2577863.8793,6972723.5874,0.3697068795267185
13,20,2834949.1422,6988722.8208,0.4056462410789219
13,21,2774347.2009,7049299.9703,0.393563504544967
13,22,2911664.4947,6993573.3592,0.4163343036746336
13,23,2616214.5974,6927833.3034,0.3776382142618862
13,24,2731462.0585,7000718.4419,0.39016882069587694
13,25,2857312.9418,7042923.7065,0.40569982877465377
13,26,2655473.6401,6992191.3865,0.3797770245858816
13,27,2992448.9164,7002953.7741,0.4273123903041301
13,28,2529359.4889,7043925.5897,0.35908378881778125
13,29,2860884.2341,7000120.3765,0.40869071962022707
13,30,2729249.8904,6979305.2028,0.39104893841081245
13,31,2520963.8504,7024814.5913,0.35886553554340495
13,32,2728877.3701,7037971.0415,0.387736373737394
13,33,2751453.3289,6965204.7801,0.3950283467273014
13,34,2729195.9057,7017017.8092,0.38893957232398013
13,35,2662249.8125,7006530.3438,0.3799669282608324
13,36,2602565.2624,7027884.3745,0.37031987490334317
13,37,2474594.8996,6975759.4465,0.35474200602510697
13,38,2621003.3783,7009311.6832,0.37393163505370314
13,39,2694926.8802,7025779.3866,0.38357692889417094
13,40,2548824.8554,6989596.6978,0.36465978876896454
13,41,2558972.0793,7025279.8663,0.3642519768607784
13,42,2528286.0346,6957638.5731,0.36338277822808973
13,43,2778665.4336,7019374.5238,0.39585655732980396
13,44,2518369.4024,7038076.6014,0.3578206866772452
13,45,2542854.789,7004643.3214,0.3630241644469295
13,46,2536038.2267,7047512.9468,0.35984867936305326
13,47,2487752.4619,6971666.5499,0.3568375572890364
13,48,2918753.6887,6987277.4284,0.4177240303693449
13,49,2631347.3737,6973046.5152,0.37735979072621
13,50,2655865.4583,7042946.2656,0.37709580027212414
13,51,2828501.2981,7044257.2068,0.40153293882704566
13,52,2696292.677,7050272.7711,0.3824380650990498
13,53,2524907.1654,7049643.2062,0.3581609865275737
13,54,2788115.5931,6978520.1372,0.3995282005761581
13,55,2770189.6806,7042505.3699,0.3933528673531328
13,56,2687529.1328,6960481.9471,0.38611250675245645
13,57,2772074.3349,7085285.0975,0.3912438662317356
13,58,2670758.6779,6996709.324,0.38171639755546316
13,59,2758720.3142,6930013.7468,0.3980829497594959
13,60,2740829.3023,7016251.3404,0.39064012523584196
13,61,2879563.1299,7039802.1623,0.4090403485087722
13,62,2933509.9955,7031839.2842,0.41717534729375433
13,63,2624813.3289,6971602.7282,0.376500703099831
13,64,2665572.6196,7016217.7135,0.3799158932128254
13,65,2873631.9864,6997017.6348,0.4106938321990007
13,66,2690594.8251,7007869.8458,0.3839390405791489
13,67,2735857.0224,7057610.7413,0.3876463469981712
13,68,2534132.6823,7028471.9988,0.36055243340695714
13,69,2580011.1692,6961163.6043,0.37062929645932957
13,70,2654653.2836,6987731.3134,0.3799020260709385
13,71,2232750.0456,6972250.7803,0.32023375463037057
13,72,2612126.9311,7009694.2396,0.37264491742639233
13,73,2754647.0898,7012015.7935,0.3928466750393665
13,74,2571408.0157,6957234.4671,0.3696020348113761
13,75,2485256.468,7044237.0959,0.35280704413633507
13,76,2515804.3025,6921949.1583,0.36345316109167586
13,77,2505117.1402,7008595.1263,0.35743499161471887
13,78,2459667.4946,6955088.202,0.35365007936099213
13,79,2661244.7701,7082662.6683,0.3757407199429363
13,80,2452312.2822,7038479.5853,0.34841505931504035
13,81,2514301.1343,6997265.7469,0.35932623188049007
13,82,2562216.1591,7029951.1734,0.36447140184912513
13,83,2749183.8657,6993089.2204,0.3931286701848698
13,84,2537966.932,6955011.3992,0.36491197301156536
13,85,2598566.2332,7029524.1217,0.36966460150243713
13,86,2619463.5343,6980557.2578,0.3752513499367174
13,87,2545847.0945,7030743.4254,0.3621021192869315
13,88,2721880.0325,6966127.2694,0.3907307356350437
13,89,2546007.1613,6987361.3932,0.3643731901111824
13,90,2590954.0369,6996669.1467,0.3703124990727954
13,91,2888786.2889,7043259.4838,0.4101490645835802
13,92,2648497.8698,6983456.9633,0.37925312402132494
13,93,2524346.4861,7067928.5441,0.3571550660634812
13,94,2634603.1725,6990545.0642,0.37688093679451945
13,95,2682325.299,6991366.8331,0.3836625030603131
13,96,2657783.7822,6977532.2544,0.3809059829890451
13,97,2666972.9779,6944611.4978,0.38403487059641517
13,98,2867495.8142,7028540.4358,0.40797884573507714
13,99,2688725.6605,7024785.705,0.38274842442328993
13,100,2821081.0785,6992904.9837,0.4034204790535198
13,101,2804534.9435,6990102.6021,0.4012151327589166
13,102,2827987.6596,7007813.086,0.40354781511648324
13,103,2565955.0639,7013742.795,0.365846758128803
13,104,2764061.6852,6973432.217,0.39637033804698124
13,105,2775983.9828,7032606.9482,0.3947304325760044
13,106,2690230.4499,6994290.7624,0.38463234390571466
13,107,2919959.8909,7022742.835,0.4157862475538021
13,108,2562424.5988,7056871.3796,0.36311057137975555
13,109,2767686.7524,7085903.8748,0.3905905021154578
13,110,2660990.5056,6956511.8459,0.3825179291785902
13,111,2540499.3356,7042049.3845,0.3607613631895001
13,112,2629453.2022,7044595.2462,0.37325823703191197
13,113,2840391.9639,6938117.4742,0.40938943084521806
13,114,2555858.955,6994454.5378,0.36541219064151736
13,115,2495449.443,7030067.8465,0.3549680454709108
13,116,2535817.0582,7006017.4245,0.3619484372579867
13,117,2514337.3436,6979284.0735,0.3602572007559938
13,118,2617552.4557,6986237.0874,0.3746727205151506
13,119,2809116.7174,7038999.1846,0.39907899457437307
13,120,2314450.3003,6979247.2297,0.3316189015988599
13,121,2468424.4274,6989945.2059,0.35313931006447347
13,122,2564192.5577,6918418.7222,0.37063275015025515
13,123,2787326.8459,7080795.46,0.3936460051198824
13,124,2551843.7805,7007991.2842,0.3641334124163807
13,125,2635772.7752,6951715.7323,0.37915428028124293
13,126,2639766.075,6961122.8663,0.3792155555506087
13,127,2377032.1812,6976013.4328,0.3407436359029369
13,128,2817834.4688,7089662.8876,0.3974567639497308
13,129,2724303.1663,6983754.9007,0.39009146297888203
13,130,2680667.217,6979622.3876,0.3840705224630024
13,131,2846545.6614,7087786.0578,0.4016128080315602
13,132,2737438.5106,7045767.7658,0.38852238699769037
13,133,2481888.0602,7034257.1794,0.35282873470538895
13,134,2737253.777,6960929.2835,0.393231085321943
13,135,2735000.6241,7055392.9063,0.38764682001732675
13,136,2660349.4614,6966130.1856,0.3818977524852073
13,137,2896856.8391,7059702.9118,0.41033693277064454
13,138,2794926.9041,7065534.8579,0.3955718795973361
13,139,2607735.1573,6966711.8552,0.3743136233420605
13,140,2905415.2279,7038990.8828,0.4127601919473252
13,141,2837629.6409,7031665.4605,0.40355014851605653
13,142,2764041.2078,7053906.6993,0.3918454447482686
13,143,2568325.1503,6977278.6001,0.36809840877834377
13,144,2773657.9544,6997575.0661,0.3963741622204361
13,145,2674202.0074,6965496.8427,0.3839212144934966
13,146,2633848.9431,7051588.5387,0.3735114334373181
13,147,2880291.8936,7058442.1447,0.40806339905509265
13,148,2493600.9114,7034145.0047,0.3544995034554807
13,149,2778923.7441,6991075.9954,0.39749585699375617
13,150,2747989.8184,6960684.6651,0.39478728754630654
13,151,2406454.7115,6983693.8979,0.34458192851545544
13,152,2599131.5002,6966235.0483,0.37310419217541
13,153,2817518.5843,7054609.2084,0.39938691160172984
13,154,2670209.4786,6986960.2474,0.38217041231823856
13,155,2681946.6358,6977541.861,0.3843684049808956
13,156,2541314.4932,6980519.9102,0.36405805382584866
13,157,2594945.3199,6945370.0544,0.3736223267550822
13,158,2620083.5093,6940269.8279,0.37751896889760983
13,159,2588180.1285,7064462.492,0.3663661788042515
13,160,2481294.7119,6957255.8495,0.3566484783046069
21,0,1120745.4814,3194010.1699,0.3508897660883431
21,1,1129976.0122,3202823.7489,0.3528061800428721
21,2,1152298.3272,3203525.1641,0.35969698009964823
21,3,1184264.0738,3225623.8557,0.36714264488938686
21,4,1164121.8048,3181171.1803,0.36594126465405036
21,5,1169304.4148,3204643.8274,0.3648781199340593
21,6,1094559.9108,3174189.9755,0.344831254350989
21,7,1129760.01,3174614.009,0.35587318861352635
21,8,1209844.8571,3194566.9733,0.3787195157314938
21,9,1092447.6859,3178819.5713,0.34366457780843346
21,10,1090404.4307,3189321.7045,0.3418922679269027
21,11,1181931.0618,3216456.3925,0.3674637295117627
21,12,1185017.0051,3192081.3208,0.37123647113194813
21,13,986077.2151,3172088.6578,0.3108605469381468
21,14,1093012.6881,3218905.2048,0.3395603842170034
21,15,1042853.3855,3170455.9364,0.32892852208636675
21,16,1090366.9294,3214290.403,0.3392247720935002
21,17,1152765.8994,3201646.4105,0.36005409454942683
21,18,988823.8902,3158424.7786,0.3130750166664742
21,19,1151808.5965,3193175.7205,0.360709430773088
21,20,1032125.78,3175105.0211,0.3250682333784427
21,21,1119926.9194,3193968.8289,0.35063802416183937
21,22,1140321.4952,3185555.2798,0.3579663182839487
21,23,1109657.9501,3175503.0603,0.3494431997162576
21,24,1106602.6793,3187367.1195,0.34718394141983616
21,25,1099179.2917,3175376.0632,0.3461572014850729
21,26,1202349.8792,3179722.1826,0.3781304812664045
21,27,1070408.2708,3209756.5318,0.3334858143273956
21,28,1084684.8652,3200734.0999,0.33888627775543384
21,29,1166126.9151,3199064.4089,0.3645212368515498
21,30,1146313.9224,3222823.8014,0.35568619106698895
21,31,1083523.9378,3209000.9055,0.3376514902014882
21,32,1114888.7479,3162673.3964,0.3525146634391818
21,33,1163533.9854,3203052.2667,0.3632578829563562
21,34,1134584.2942,3217941.7842,0.3525807395804286
21,35,1097895.785,3243992.9587,0.3384396325693541
21,36,1095561.6495,3206972.3694,0.341618674346412
21,37,1099146.5265,3190466.3676,0.3445096734640783
21,38,1158356.9766,3204692.6836,0.36145649238939087
21,39,1110857.805,3204496.1237,0.3466559989835072
21,40,1179305.1583,3191292.5863,0.36953840063511445
21,41,1127072.1355,3183793.7968,0.3540028680980562
21,42,1080184.9452,3157805.6227,0.34206821896669365
21,43,1115285.994,3184042.4897,0.3502735901319841
21,44,1118410.7208,3166234.5272,0.3532305365228411
21,45,1049319.2175,3161205.3007,0.33193643489957597
21,46,1091017.4251,3219467.6907,0.3388813089355101
21,47,1130457.0794,3204252.8999,0.3527989564853885
21,48,1040132.6485,3180591.3668,0.327024923527501
21,49,1185154.4419,3189653.9261,0.3715620783189768
21,50,1116636.8426,3226546.3867,0.3460780378682414
21,51,1075696.7187,3167161.2988,0.3396406489014528
21,52,1118416.0394,3181463.9354,0.3515413225199372
21,53,1164861.2243,3216374.235,0.3621659481114454
21,54,1184102.056,3210909.9853,0.3687746032809972
21,55,1128018.9365,3190172.1522,0.3535918698688715
21,56,1201087.1501,3217989.0593,0.3732415269184505
21,57,1097488.6631,3188226.1199,0.3442317520234177
21,58,1078385.16,3215552.7783,0.33536540506423324
21,59,1035756.4077,3183493.9108,0.32535209324139036
21,60,1072085.6675,3236269.7063,0.3312720399702738
21,61,1134909.2684,3202607.9467,0.3543703404500142
21,62,1149078.4544,3219135.3064,0.3569525183099648
21,63,1104862.6169,3209131.4071,0.34428712219623087
21,64,1161762.1124,3204276.2239,0.3625661557311036
21,65,1174359.7869,3212526.4519,0.36555645672752135
21,66,1109784.2932,3186552.3096,0.3482711675112305
21,67,1058898.1612,3186883.3113,0.33226762882888616
21,68,1120811.2318,3180894.1049,0.3523572916411927
21,69,1050706.2098,3200103.6341,0.32833505721620215
21,70,1111024.03,3212559.4518,0.3458376558222112
21,71,1238233.3615,3200102.8388,0.3869354904745257
21,72,1106775.6965,3221920.0321,0.3435143285597377
21,73,1099505.8617,3170694.6441,0.3467712867733733
21,74,1186385.8413,3185282.1031,0.37245864036512755
21,75,1124506.7129,3179282.7828,0.35369823627631036
21,76,1189032.8137,3174001.327,0.3746163568317878
21,77,1150250.3816,3181623.4285,0.36152939134669815
21,78,1093436.5271,3212828.3116,0.3403345653896659
21,79,1163080.8382,3152748.2205,0.368910156109943
21,80,1048817.5988,3165891.864,0.3312866149113677
21,81,1134585.2596,3205138.2513,0.3539894914485557
21,82,1163824.7873,3207665.2989,0.3628261301760844
21,83,1111947.7604,3222478.9307,0.34505974571522124
21,84,1073038.4093,3198866.3393,0.3354433400724115
21,85,1056530.1339,3262423.0808,0.3238482893643952
21,86,1010316.2959,3185702.696,0.31714079821967167
21,87,1083682.5372,3168012.3895,0.34207017017728114
21,88,1133176.8411,3195291.3856,0.35463959443786885
21,89,1019112.2234,3205639.5944,0.31791228969729124
21,90,1038863.6951,3196524.7785,0.32499785457239494
21,91,1193576.6141,3197567.8831,0.3732763956031617
21,92,1118730.9324,3232145.8341,0.34612637851828665
21,93,1109131.1807,3184883.0142,0.3482486407679244
21,94,1126532.9768,3173092.0134,0.3550268860917489
21,95,1064499.2533,3175448.9963,0.3352279487216905
21,96,1160941.0616,3182833.3277,0.3647508185541487
21,97,1152942.0728,3198783.4266,0.36043142627679137
21,98,1046283.7895,3187600.6056,0.32823553479751544
21,99,1168665.8271,3196325.0323,0.3656279681478625
21,100,961809.4125,3159338.3764,0.30443380794049724
21,101,1152834.6754,3181383.4279,0.3623689824024056
21,102,1099528.819,3185487.8141,0.34516811338380565
21,103,1075254.3217,3172519.7284,0.338927544586865
21,104,1137234.6967,3193232.372,0.3561390353774104
21,105,1074606.589,3181569.0205,0.33775994865298253
21,106,1202020.9986,3211369.3184,0.37430170105719346
21,107,1176541.7939,3208198.5979,0.36672972635488726
21,108,1100793.1945,3193156.804,0.3447350888378108
21,109,1204897.7527,3192312.9879,0.3774372241277689
21,110,1136088.5711,3170053.425,0.35838152194548584
21,111,1101983.8353,3166368.4827,0.348027666811642
21,112,1113517.8755,3210839.2284,0.34679963594903485
21,113,1197586.4994,3196335.011,0.3746748996205267
21,114,1129907.2364,3203059.3391,0.3527587586677314
21,115,1245609.5364,3189260.7545,0.39056371751430585
21,116,1198206.407,3197261.1944,0.37476025077296077
21,117,1060673.3346,3201163.2706,0.33133996767406243
21,118,1129866.1584,3195069.6972,0.35362801612439265
21,119,1140893.4459,3195600.0322,0.35702010088995895
21,120,1127405.08,3223413.2715,0.3497550531196291
21,121,1140768.295,3186862.9928,0.35795962913288376
21,122,1039727.3026,3167938.7357,0.32820309650661783
21,123,1118030.2408,3187753.0177,0.3507267453256688
21,124,1051197.565,3177248.5593,0.33085153565435754
21,125,1109293.6578,3199992.4626,0.3466550845868858
21,126,1208816.6254,3167510.583,0.38162986159784523
21,127,1156048.283,3219616.2431,0.3590639988469252
21,128,1025575.7645,3173604.7447,0.3231580007600938
21,129,1155077.6803,3200564.0621,0.3608981597894072
21,130,1109641.0429,3198495.1055,0.34692597809260584
21,131,985532.9803,3179250.2671,0.30998911614434443
21,132,1106504.5323,3145915.141,0.35172739336772846
21,133,1074017.9584,3212627.4635,0.33431139171981994
21,134,1119747.2382,3201900.9728,0.3497132633745393
21,135,1112834.1689,3235384.2753,0.34395733990417965
21,136,1147773.6462,3181396.8828,0.3607766300411489
21,137,1070537.4732,3207821.5609,0.33372725161796263
21,138,1142999.3036,3200021.6458,0.35718486626494433
21,139,1027395.2888,3183825.1623,0.3226921192047518
21,140,1200988.6482,3197001.5877,0.37566094831501795
21,141,1155257.491,3205342.1834,0.3604162753614607
21,142,1188148.496,3187375.3479,0.3727670469632046
21,143,1148325.7423,3207247.8767,0.3580408457488901
21,144,1193848.7588,3217987.9806,0.3709922989138712
21,145,1135743.6502,3202699.3009,0.3546207568974213
21,146,1118067.1297,3207082.7265,0.34862434961887784
21,147,1152973.4211,3175473.7494,0.36308705789737744
21,148,1077349.1014,3203372.7919,0.33631711679769793
21,149,1129603.9556,3191119.5254,0.35398359309603317
21,150,1153769.8022,3160057.6498,0.36511036508242883
21,151,1098821.8321,3208587.1282,0.34246283120771387
21,152,1192285.1677,3223375.6379,0.3698871312673825
21,153,1078578.2165,3187109.2077,0.33841897036166
21,154,1110157.1842,3188501.5963,0.3481752010060927
21,155,1142658.4166,3187307.5976,0.358502711649295
21,156,1126636.1727,3215468.6628,0.35038008167647194
21,157,1122077.0235,3200751.6062,0.3505667298038643
21,158,1113270.6317,3155928.6196,0.3527553268429443
21,159,1110134.0902,3221496.1777,0.3446020199820894
21,160,1133388.5611,3189373.1992,0.3553640450055488
22,0,873354.3375,3197736.6054,0.27311640865766473
22,1,894917.4158,3196030.5005,0.28000903485119916
22,2,857776.2411,3258718.191,0.2632250445801129
22,3,837634.4043,3141578.5912,0.2666285053782614
22,4,910283.5753,3260836.5165,0.27915645899262914
22,5,801458.8601,3143158.7037,0.2549851711771839
22,6,818465.888,3251062.7761,0.2517533324846584
22,7,919507.3966,3163905.9851,0.2906241212382098
22,8,902115.4376,3168036.6373,0.2847553677184868
22,9,836212.9297,3184686.0577,0.26257311224702573
22,10,888435.8796,3162914.5077,0.28089152502767156
22,11,764321.8947,3203414.2409,0.23859602200097094
22,12,941738.8817,3243303.7163,0.2903640744365277
22,13,871269.5762,3161156.8582,0.2756173183687288
22,14,846076.3322,3208301.7048,0.2637147033067898
22,15,804847.479,3253930.1572,0.2473462674726152
22,16,941759.1568,3179252.2593,0.29622033106846146
22,17,802515.2086,3146699.5064,0.25503395127745204
22,18,868181.6012,3209447.0951,0.27050815155217545
22,19,853085.8974,3212856.9195,0.26552252987747776
22,20,820109.7748,3182351.9665,0.2577055534501325
22,21,865705.9733,3206701.3992,0.26996775362868963
22,22,870398.6809,3120103.6955,0.27896466458962277
22,23,974178.6562,3258667.5132,0.29895000096016544
22,24,801811.3326,3156838.6418,0.2539918645138019
22,25,983361.9788,3245979.7179,0.30294766580864224
22,26,918990.0876,3147716.6764,0.291954512453464
22,27,832434.2846,3207655.4417,0.2595148698885267
22,28,781538.6395,3230188.7489,0.24194828855315131
22,29,835129.5639,3222581.2581,0.2591492648326217
22,30,876767.548,3244462.5863,0.2702350619490021
22,31,1039219.3292,3214836.4064,0.3232572976749776
22,32,827715.8364,3135001.4623,0.26402406708695586
22,33,888081.2621,3240238.4575,0.2740789833058143
22,34,984657.9714,3225086.9582,0.30531206884094736
22,35,869723.4565,3104780.3175,0.28012399189657
22,36,810829.736,3183172.7791,0.2547237590506323
22,37,894024.4352,3274550.0728,0.2730220687801357
22,38,869453.6269,3193667.5848,0.27224299455525475
22,39,933375.8036,3191885.3212,0.292421471849463
22,40,918778.5389,3214632.386,0.28581138636609255
22,41,847143.0142,3200747.3167,0.26467038175116314
22,42,788770.2345,3136273.172,0.2514992129964883
22,43,946630.2851,3261796.633,0.2902174450494014
22,44,813624.0071,3108335.3904,0.2617555395125163
22,45,928960.1569,3253613.0312,0.28551648520948425
22,46,891296.1554,3147655.0876,0.2831619509110792
22,47,796986.6485,3194718.3233,0.24947008400939358
22,48,854494.1347,3226096.8835,0.26486933454179384
22,49,855125.5658,3194260.3228,0.2677069115802123
22,50,848311.1165,3242641.7721,0.2616111109771514
22,51,930622.4438,3189480.1097,0.2917787262474992
22,52,829725.8826,3162948.9764,0.2623266732378263
22,53,825823.1975,3221656.2106,0.25633498533544613
22,54,884705.727,3181950.9613,0.27803876859200544
22,55,910430.0115,3181253.2476,0.28618595900431576
22,56,856727.0456,3216862.0347,0.2663238386845823
22,57,884356.8924,3236082.8512,0.2732800527872962
22,58,823392.7424,3180605.3695,0.25887925308050386
22,59,919269.9936,3179343.1096,0.28913834144678247
22,60,909806.8559,3201013.4907,0.2842246240271367
22,61,895334.0954,3188128.2272,0.2808337781903881
22,62,913173.4622,3236182.6484,0.28217611964871075
22,63,860994.2304,3149054.0991,0.273413603991774
22,64,949263.2059,3244238.1772,0.2925997272861388
22,65,775432.524,3148769.057,0.24626528969348926
22,66,913855.4584,3246613.4815,0.28147959823593804
22,67,907694.3297,3199808.4561,0.2836714578866757
22,68,928230.6908,3176133.5652,0.29225178089812154
22,69,930973.461,3209780.8748,0.2900426843181339
22,70,843030.6081,3135753.037,0.26884470752407663
22,71,812209.1817,3198892.7586,0.2539032230813091
22,72,940304.3057,3260215.3521,0.28841785101537004
22,73,811928.7332,3141845.7879,0.2584241200911044
22,74,874176.6902,3198136.6385,0.2733393813373806
22,75,866828.591,3256129.65,0.26621439689909154
22,76,979514.1841,3185478.7978,0.3074935500360215
22,77,845956.1835,3133214.1291,0.26999628772355777
22,78,921461.1054,3185300.3189,0.2892854717442197
22,79,801061.0894,3232557.4537,0.2478103176428007
22,80,804665.1495,3220127.0833,0.24988614693907538
22,81,892042.4294,3192527.4533,0.2794157426830983
22,82,947000.0674,3262701.5038,0.2902502929848314
22,83,794113.7442,3129746.9283,0.253730976463117
22,84,992085.3465,3256157.2513,0.30467980196715505
22,85,836948.8436,3158690.7271,0.2649670119392804
22,86,864972.7836,3256712.4888,0.26559691301417776
22,87,951112.9363,3193133.6893,0.2978619214995985
22,88,925096.7049,3170335.2236,0.2917977562793906
22,89,1024975.1557,3216813.545,0.31863057692391056
22,90,795596.2636,3144430.8608,0.25301757259740987
22,91,821061.3742,3217534.24,0.25518341467595385
22,92,926901.8395,3251110.5583,0.2851031433347119
22,93,865706.6814,3155176.2261,0.27437664946850493
22,94,799343.8932,3188071.641,0.25072958929783346
22,95,922598.1128,3236047.5587,0.28510029474678994
22,96,899075.3745,3206374.406,0.2804024922409514
22,97,935020.3167,3159744.2581,0.29591645409373774
22,98,855092.0072,3202965.516,0.2669688458800129
22,99,882121.8281,3196722.4824,0.2759457015604715
22,100,845197.3326,3217234.7621,0.26270925036515225
22,101,829612.9326,3202660.822,0.2590386490199492
22,102,830744.2607,3117825.1657,0.26644991830819514
22,103,896275.1892,3270425.0569,0.27405464843446664
22,104,807348.0262,3125547.5393,0.258306109905087
22,105,880389.4796,3240181.172,0.2717099547419998
22,106,849828.322,3117066.0629,0.2726372508157084
22,107,839823.0129,3221839.6643,0.2606656756404624
22,108,879935.0639,3227313.2657,0.27265251044947547
22,109,831739.3145,3195908.9392,0.26025125569072094
22,110,908190.005,3251450.8503,0.2793183864108555
22,111,892827.0407,3185893.6461,0.2802438310497122
22,112,820063.9623,3160336.5164,0.2594862787694997
22,113,834470.8005,3227218.7428,0.2585727423533728
22,114,881600.6053,3185723.0481,0.27673485484740934
22,115,853722.1405,3150336.1626,0.2709939817328623
22,116,786764.0119,3202636.4157,0.2456613582619359
22,117,926330.0648,3248370.3123,0.28516763045532034
22,118,888862.1242,3197734.0987,0.27796624008273735
22,119,807472.1962,3193045.4695,0.25288465319801484
22,120,950855.3743,3208356.4292,0.29636837280485534
22,121,854781.5255,3202805.7258,0.26688522460615116
22,122,881699.0465,3158465.6884,0.2791542266038188
22,123,960156.5494,3257170.3042,0.2947824214662383
22,124,827108.7477,3136470.7124,0.2637068295999179
22,125,881386.8005,3256224.2062,0.27067755310638597
22,126,848992.5536,3145949.6761,0.26986844705427293
22,127,902130.496,3203380.1542,0.28161830709265123
22,128,857773.0696,3191578.478,0.26876139048835884
22,129,801171.1701,3217427.1266,0.24900988851506128
22,130,936652.8628,3238250.9906,0.2892465301543696
22,131,898406.0638,3201434.8081,0.2806260685136954
22,132,821441.7351,3142144.3402,0.2614271166956368
22,133,886581.3763,3247191.1575,0.273030238534702
22,134,952608.7456,3199400.9778,0.29774596938925774
22,135,874204.6832,3111910.3779,0.2809221915285159
22,136,752002.1175,3228087.4809,0.23295592884314884
22,137,853177.2817,3241494.7248,0.2632048959304233
22,138,928578.4173,3186582.5046,0.29140259697012333
22,139,870691.7026,3176297.2321,0.2741216073233627
22,140,974535.2801,3197339.8961,0.30479564630857764
22,141,891063.005,3191881.1684,0.27916546951109233
22,142,888782.1982,3270489.6279,0.2717581461252614
22,143,788826.6865,3141012.314,0.25113772492520064
22,144,939356.5243,3290105.5985,0.28550953645021737
22,145,901171.9001,3127695.4938,0.2881264822251348
22,146,817598.1468,3234621.9045,0.2527646726384184
22,147,864506.2239,3191377.535,0.2708881084794626
22,148,895700.9448,3197603.7192,0.28011630691500855
22,149,902535.9366,3168496.7505,0.28484672943331146
22,150,864335.3506,3160208.2294,0.27350582235655513
22,151,808949.2853,3184678.0076,0.2540128965532785
22,152,877583.0038,3255466.1113,0.2695721515127541
22,153,925443.1487,3161022.1,0.2927670605972669
22,154,790504.156,3189307.2695,0.24786077013016383
22,155,882418.8547,3238898.2549,0.2724441415734575
22,156,906434.2603,3192406.2587,0.2839344954389091
22,157,866552.8456,3134679.0634,0.2764406907608914
22,158,838278.2894,3212103.9044,0.26097483591726617
22,159,904192.5444,3202624.2211,0.28232864113212713
22,160,790059.1228,3180086.478,0.2484395088830663
23,0,433445.023,1015197.2714,0.4269564499540675
23,1,437320.3473,1014430.5557,0.4310993442012701
23,2,426036.1133,1005109.3535,0.4238704095394731
23,3,439456.1824,999731.2636,0.43957431201814423
23,4,420131.1465,1009677.6955,0.4161042165955225
23,5,432463.2995,1009800.1571,0.4282662232317056
23,6,427192.1407,1033920.5455,0.4131769530640399
23,7,428081.962,1019844.0916,0.4197523577632305
23,8,438155.9917,1013800.6318,0.4321914762689143
23,9,428456.7094,1007269.2065,0.4253646459507844
23,10,436792.1738,1014199.3481,0.43067684338220685
23,11,421865.3225,1018498.1682,0.4142033198209536
23,12,447112.6987,1022429.2854,0.4373042762806606
23,13,443243.8689,1021992.1543,0.4337057452301031
23,14,429104.2823,1011431.703,0.4242543327712954
23,15,453959.3998,1021644.585,0.44434180581498406
23,16,438074.1454,1011078.5971,0.43327407647288235
23,17,439903.4485,1005022.0773,0.4377052588554116
23,18,420328.4962,1022860.6813,0.4109342590681905
23,19,427220.5576,1018233.2637,0.41957041950052726
23,20,444060.8579,1016053.5161,0.4370447529225375
23,21,449733.6893,1020150.8662,0.4408501763814902
23,22,439386.3032,1015201.2596,0.4328070902641737
23,23,436185.8835,1022185.0344,0.4267191054660974
23,24,419978.8678,1011883.37,0.4150467141287241
23,25,437754.2063,1027432.85,0.42606600158832764
23,26,406452.7089,999966.131,0.40646647551305914
23,27,440568.2582,1025543.0249,0.42959509986717476
23,28,430297.4985,1011054.7682,0.42559267018350233
23,29,426635.4935,1015658.0952,0.4200581824890475
23,30,432413.4983,1008424.7595,0.4288009533942825
23,31,429263.5005,1006514.6509,0.42648509896618336
23,32,420989.8422,1019283.5612,0.41302524461825885
23,33,434922.197,1007764.8113,0.4315711286237089
23,34,413027.842,1017802.2905,0.4058036082794608
23,35,449135.8415,1021554.4059,0.43965924761912867
23,36,428766.1251,1016435.3984,0.4218331295574052
23,37,448014.5665,1018101.5628,0.44004899203559106
23,38,434825.6835,1014429.5353,0.42864059884791095
23,39,441175.0509,1018885.8005,0.43299754563612647
23,40,423625.6461,1014787.8021,0.4174524420015198
23,41,440254.4145,1017898.7368,0.4325129785346247
23,42,441243.2521,1020224.6961,0.43249614892359983
23,43,429741.8828,1030489.5971,0.4170269006202275
23,44,444827.3863,1005743.8656,0.442286949505407
23,45,441317.0069,1023996.8822,0.4309749517516646
23,46,430674.3694,1005867.0298,0.42816232826085615
23,47,444605.383,1018515.8215,0.43652280466808635
23,48,430203.2365,1013090.6696,0.42464435751822466
23,49,432778.0337,1018184.7665,0.42504862372638924
23,50,427673.6183,1014504.366,0.42155916981041364
23,51,436570.3576,1004458.0335,0.43463275023923637
23,52,423780.0049,1010037.6886,0.419568506881556
23,53,433170.3831,1006647.4432,0.43030992233289567
23,54,418057.7279,1014743.2188,0.411983761167067
23,55,445856.177,1012746.8763,0.4402444356371697
23,56,423251.3084,1019577.2364,0.415124321424091
23,57,429643.6951,1022264.2183,0.42028634809744864
23,58,455281.2416,1020304.4173,0.4462209845222435
23,59,427453.0784,1009956.4396,0.42323912362922866
23,60,429141.5646,1013800.3031,0.4232998977094111
23,61,444430.036,1013919.5501,0.43832869773165645
23,62,404306.202,1008488.829,0.4009030049454321
23,63,424397.1454,1012253.2962,0.41925983051197496
23,64,441317.2068,1014479.1405,0.43501851263545027
23,65,422611.2664,1000287.9261,0.4224896206112469
23,66,427568.0596,1030189.8048,0.415038139193202
23,67,423486.9532,1016349.2646,0.4166746294313204
23,68,431225.7262,1013952.1382,0.42529199353090336
23,69,430419.7198,1008043.0873,0.4269854386411802
23,70,440877.4184,1015781.964,0.43402761027956194
23,71,429230.0466,1018105.5293,0.42159681314678427
23,72,436501.8859,1013306.089,0.4307700216533486
23,73,446972.2867,1020518.4632,0.43798549738967624
23,74,433844.9388,1016495.5912,0.42680454549520924
23,75,424821.7948,1020168.8982,0.41642300167115603
23,76,440512.9383,1012614.8438,0.4350251638094741
23,77,439915.7166,1014593.2924,0.433588236680915
23,78,437084.6667,1013303.3643,0.431346309603879
23,79,456990.2229,1019008.3012,0.44846565269570543
23,80,433677.1135,1029319.9238,0.42132392803490004
23,81,427393.5535,1014360.4614,0.4213428754016299
23,82,433571.3452,1014858.4983,0.42722344634870757
23,83,440093.971,1013124.7031,0.4343926958383135
23,84,430934.1235,1009674.3722,0.426805052564649
23,85,435959.6719,1009950.4376,0.4316644220047021
23,86,438667.7158,1027131.6187,0.42708033499660386
23,87,435719.809,1013865.5279,0.4297609466045246
23,88,442238.782,1014986.0934,0.43570920318581774
23,89,437130.0141,1012099.973,0.43190398751250636
23,90,434006.9643,1017616.0274,0.42649383717833533
23,91,441059.065,1015972.5885,0.43412496556741503
23,92,436015.6764,1010130.1526,0.43164306626995347
23,93,435858.0042,1021784.1901,0.42656561769402934
23,94,433032.9135,1015498.7075,0.4264238942913672
23,95,429946.3631,1015127.7948,0.42353914975277357
23,96,449811.2783,1017562.8138,0.4420476772536713
23,97,438328.1433,1022514.1544,0.428676846588208
23,98,426464.535,1011398.2334,0.4216583744331464
23,99,433582.9729,1019630.5337,0.42523537553022184
23,100,434816.5719,1010556.786,0.4302742586303309
23,101,439139.6021,1013920.9744,0.4331102849113721
23,102,416668.0022,1014689.1544,0.4106361050506957
23,103,436913.7109,1021313.6093,0.42779583755811995
23,104,430824.2593,1013754.3914,0.42497893272257936
23,105,456980.3578,1019624.9646,0.4481847479865049
23,106,413233.7926,1005584.0285,0.41093909697075104
23,107,454147.8702,1018900.1693,0.44572361835213603
23,108,430810.2257,1011891.1517,0.4257475964447649
23,109,431343.1214,1020228.4686,0.42279071274290847
23,110,428664.6997,1014857.3627,0.42238911147035424
23,111,427418.4494,1009133.6411,0.423549896656002
23,112,437690.7301,1015426.6013,0.43104122891762575
23,113,420284.2315,1011782.7955,0.4153897786849648
23,114,441656.2854,1024365.6801,0.4311509981053689
23,115,409020.5291,1021014.3921,0.40060211909328286
23,116,424245.169,1015224.0596,0.41788328890388327
23,117,434722.393,1006213.8723,0.43203776549642786
23,118,445586.2356,1008096.8877,0.44200735171062466
23,119,426054.1223,1012079.6048,0.4209689833480972
23,120,428327.628,1022910.7954,0.4187340967816322
23,121,434988.9879,1015439.7427,0.42837498830150916
23,122,448083.1078,1017770.425,0.44025950921102863
23,123,430900.5645,1020537.2493,0.4222291394023691
23,124,445317.1834,1011042.0783,0.4404536596031406
23,125,435222.0646,1024136.4737,0.42496491022102734
23,126,439496.012,1009809.0977,0.43522682950769775
23,127,421608.4435,1016766.6288,0.4146560592744741
23,128,402417.2003,1006650.4474,0.3997586265812253
23,129,412157.5507,1023132.2702,0.40283897078080844
23,130,436689.4966,1017881.6338,0.42901795464147613
23,131,437043.1942,1008824.2317,0.43322035738924053
23,132,439215.7028,1012406.3103,0.4338334306409548
23,133,424626.9686,1018617.0502,0.41686615054855675
23,134,440291.9889,1013955.6417,0.43423200265625583
23,135,447068.9899,1015249.4266,0.44035384624367935
23,136,441685.7867,1026091.6731,0.4304545083828534
23,137,424107.3989,1006450.6077,0.42138918259406205
23,138,446843.4525,1017082.5061,0.43933845073534883
23,139,439462.5949,1012623.0374,0.4339843936677161
23,140,440706.7077,1016383.5144,0.43360277046618734
23,141,409493.696,1013334.9759,0.4041049660170918
23,142,428899.8919,1007482.0289,0.42571468234355125
23,143,441906.3197,1016314.0974,0.4348127422718165
23,144,431875.9588,1019049.6046,0.4238026852181755
23,145,429101.7568,1006786.5924,0.42620924835430896
23,146,437133.8935,1020313.6015,0.4284309185502904
23,147,424736.8588,1017143.6062,0.4175780648976369
23,148,441628.8463,1007598.6519,0.43829836956136564
23,149,425242.9556,1011608.6445,0.42036310969859453
23,150,427465.787,1010813.27,0.4228929315500577
23,151,440589.5059,1018319.9699,0.4326631303746958
23,152,442329.0881,1023044.7731,0.4323653272375045
23,153,410314.1882,1010531.0301,0.40603818782229395
23,154,446054.9433,1014043.7539,0.4398774131633651
23,155,442364.0512,1018800.031,0.43420105785214685
23,156,412596.3421,1013331.0811,0.4071683478336762
23,157,414487.5097,1009194.2946,0.4107113089301446
23,158,417309.1892,1017736.8937,0.41003641686100745
23,159,449877.6905,1025482.1898,0.43869868728557804
23,160,465552.0315,1025702.2912,0.4538861183154194
24,0,1782427.0768,4253007.4482,0.419098037920055
24,1,1764988.255,4264069.6194,0.4139210689642428
24,2,1771384.9521,4274843.1711,0.4143742544932212
24,3,1760483.8562,4267396.8663,0.41254280099952556
24,4,1794575.0349,4272774.7629,0.4200022548537039
24,5,1758975.2379,4248422.2995,0.4140302243745908
24,6,1765761.6038,4241309.4952,0.4163246294094685
24,7,1838848.6133,4210981.3726,0.43667935110447514
24,8,1842586.0748,4267274.067,0.43179464123226186
24,9,1780457.4074,4323126.8796,0.4118448190363402
24,10,1707062.9027,4264028.8799,0.40034037075753437
24,11,1912740.8087,4265588.2473,0.4484119651986364
24,12,1789722.9159,4241225.0495,0.4219825392455869
24,13,1861222.0296,4249793.9744,0.4379558258145381
24,14,1724912.113,4238098.4755,0.40700142362701924
24,15,1708831.9049,4273373.3516,0.39987891632735384
24,16,1822783.9073,4263368.0051,0.42754552389554873
24,17,1684023.61,4251142.4482,0.39613436400209123
24,18,1753667.5411,4237210.6938,0.4138731037533756
24,19,1787810.5528,4279474.4989,0.41776403931359807
24,20,1744029.6224,4263115.6172,0.4090974252172576
24,21,1687374.088,4263900.9406,0.395734823933916
24,22,1858266.5506,4210938.8471,0.44129506935959323
24,23,1852666.7805,4305576.3264,0.4302947248061123
24,24,1849213.0839,4217367.6249,0.43847566737648286
24,25,1785072.673,4275163.0707,0.4175449318492823
24,26,1732209.5704,4241625.2078,0.40838345811756516
24,27,1812518.6444,4244420.4337,0.4270356042037919
24,28,1799236.2936,4246309.3678,0.42371766580261644
24,29,1819744.2749,4267426.1821,0.4264266556110653
24,30,1675935.9203,4201386.6594,0.3989006621302835
24,31,1908643.6626,4201966.0107,0.45422634493943503
24,32,1851823.7089,4212190.6388,0.4396343536406418
24,33,1768891.8091,4249567.1713,0.41625222941443046
24,34,1727887.4132,4246140.7465,0.4069312621406296
24,35,1741122.4843,4286672.6199,0.40617108855413764
24,36,1800456.401,4236890.6124,0.424947577294219
24,37,1719646.7878,4243564.8274,0.4052363655897333
24,38,1925983.4005,4237774.9248,0.45447987084658487
24,39,1830488.0482,4261246.4694,0.4295663396484409
24,40,1721093.3904,4217510.1004,0.40808281413167613
24,41,1710367.3199,4268051.1212,0.4007373087459916
24,42,1806728.9769,4255246.934,0.4245885150551406
24,43,1722268.9243,4230740.5031,0.4070845099192536
24,44,1818203.1131,4268081.016,0.42600014064494035
24,45,1771686.9768,4226492.2538,0.41918614075468674
24,46,1798133.9328,4241653.2011,0.4239229016492166
24,47,1825294.8282,4262409.2764,0.42823077509385277
24,48,1781316.2877,4243659.4033,0.4197594854843425
24,49,1761945.7942,4306258.2071,0.40915934657493797
24,50,1728743.9201,4278158.0468,0.4040860345010104
24,51,1816383.0738,4209193.8928,0.43152753711512276
24,52,1921053.8097,4234741.5014,0.453641340106569
24,53,1817517.4276,4215210.9355,0.43118065866955474
24,54,1788094.825,4245718.9568,0.42115242275661313
24,55,1721394.6984,4288935.9963,0.4013570498335767
24,56,1728505.4218,4233421.3786,0.4082998754949406
24,57,1833915.5786,4258147.1987,0.43068393200683364
24,58,1808378.5222,4288784.2879,0.4216529442392336
24,59,1768079.445,4255801.6726,0.4154515602508859
24,60,1785197.2577,4244918.6596,0.4205492262290415
24,61,1765102.1486,4253917.0835,0.4149357201733996
24,62,1774525.4915,4244613.1499,0.41806530508953604
24,63,1745114.9686,4329785.9709,0.40304878354928386
24,64,1731389.6969,4206159.2833,0.41163198544911367
24,65,1755671.9148,4249665.9988,0.41313174148174425
24,66,1822058.9186,4260674.9932,0.427645601109681
24,67,1815933.0704,4243442.4328,0.4279386604525637
24,68,1752067.774,4252939.6396,0.41196629213500585
24,69,1725886.8489,4248735.5173,0.406211881599251
24,70,1737462.7707,4237779.6532,0.4099936553775325
24,71,1813526.7126,4249856.335,0.4267265925355098
24,72,1772957.4639,4226315.3658,0.4195042987674434
24,73,1853470.0665,4240070.6457,0.4371318832575743
24,74,1835500.7479,4256421.948,0.4312309189088882
24,75,1745956.0081,4283473.2249,0.40760287655136684
24,76,1788668.0021,4258060.6324,0.4200663533275807
24,77,1721401.1095,4254044.9833,0.40465042477398855
24,78,1730803.0919,4244653.7398,0.4077607263158177
24,79,1771302.7683,4248980.7771,0.41687709623128577
24,80,1751083.6281,4290958.8971,0.4080867866815158
24,81,1829772.9479,4242449.975,0.4313010073619077
24,82,1797483.5189,4260127.1237,0.42193189703194867
24,83,1798511.0352,4285999.8186,0.4196246176668002
24,84,1679926.1626,4265196.5208,0.3938684077996259
24,85,1731988.2463,4247106.9312,0.40780424754001543
24,86,1779424.157,4234755.0984,0.42019529244378556
24,87,1742751.2179,4283409.3101,0.4068607718134025
24,88,1760115.0752,4277258.33,0.41150544096316016
24,89,1805495.038,4215887.7045,0.4282597556080137
24,90,1829767.619,4249190.0237,0.43061562528256203
24,91,1727904.7829,4316855.4935,0.4002693130455144
24,92,1711889.2272,4300897.1612,0.3980307277847962
24,93,1733096.5204,4245568.7573,0.4082130379869705
24,94,1762908.303,4257452.4754,0.41407586184138667
24,95,1830543.4667,4271996.3737,0.4284983662368037
24,96,1732460.0553,4239420.4691,0.40865492534355513
24,97,1786968.8663,4233315.2492,0.4221204330666601
24,98,1761657.2962,4245904.7538,0.4149073986229559
24,99,1829563.5303,4234239.7818,0.4320878421113511
24,100,1793470.0231,4268431.3292,0.42017075707204515
24,101,1772674.7073,4221916.5445,0.4198744074203241
24,102,1860835.733,4280517.115,0.43472218028965876
24,103,1743380.125,4233482.4919,0.41180756701737664
24,104,1752144.3026,4262233.6637,0.41108593306894914
24,105,1783112.6865,4245318.272,0.42001861162224774
24,106,1873726.4531,4254726.8656,0.4403870124423998
24,107,1749098.2343,4235300.8209,0.41298087391306415
24,108,1783195.7424,4248890.4304,0.4196850381552734
24,109,1825482.5741,4244794.9383,0.43005200501654584
24,110,1893305.3007,4279452.5502,0.442417640688998
24,111,1644972.4317,4290241.4245,0.38342187978190784
24,112,1743107.5506,4258745.4441,0.40930071390269973
24,113,1766484.5642,4241465.4154,0.4164797755479065
24,114,1735066.4883,4229931.127,0.4101878816004656
24,115,1825102.3379,4193596.5987,0.43521170788477254
24,116,1764809.8512,4255891.4448,0.41467454564808215
24,117,1838175.7665,4267277.5635,0.4307607694007927
24,118,1854560.3323,4269037.5492,0.43442118063532537
24,119,1774315.837,4213445.7694,0.42110802751655324
24,120,1779590.0187,4236963.0927,0.4200154638510099
24,121,1821426.5557,4234953.4225,0.4300936454278087
24,122,1827324.9291,4232019.3231,0.4317855826238205
24,123,1831190.2749,4263618.4943,0.4294920564182993
24,124,1756576.347,4265408.1871,0.4118190498889334
24,125,1737128.5367,4274389.2319,0.40640391935664516
24,126,1788887.649,4232930.7583,0.4226120745047199
24,127,1702009.1616,4274013.8159,0.3982226625632935
24,128,1687101.1213,4255721.1981,0.3964313080596585
24,129,1810784.1818,4219928.1258,0.4291030860760733
24,130,1793515.9555,4245576.3041,0.42244346280338474
24,131,1782805.4683,4276523.4576,0.41688195703257447
24,132,1720166.1374,4278798.7405,0.4020208104480721
24,133,1832296.0903,4269958.3969,0.429113335537473
24,134,1794740.7767,4266256.1317,0.4206828472778167
24,135,1863885.1087,4242875.9707,0.43929757116904167
24,136,1799152.9936,4257629.171,0.4225715583345246
24,137,1845479.003,4240007.5163,0.43525371026003246
24,138,1799758.2668,4217334.8837,0.4267525146641937
24,139,1793803.8269,4234417.1695,0.42362472923559685
24,140,1871741.5918,4278801.4616,0.43744530065203996
24,141,1829964.5026,4247970.3184,0.43078561417285444
24,142,1762337.121,4204731.34,0.4191319203285887
24,143,1832907.2356,4171837.8944,0.4393524585555862
24,144,1758972.3626,4244657.0862,0.41439681153954133
24,145,1783401.2663,4245224.9067,0.420095826603994
24,146,1788600.4143,4278579.7995,0.41803600683315945
24,147,1769163.5621,4280315.3434,0.4133255193050083
24,148,1820385.2351,4276361.7243,0.42568551316785064
24,149,1825873.3153,4237946.7684,0.4308391339208214
24,150,1777327.3088,4254349.6202,0.41776710131229094
24,151,1743645.2227,4246797.621,0.41057883570383585
24,152,1753451.1513,4273169.2409,0.41033973906699145
24,153,1734257.1264,4256481.8046,0.4074391025296479
24,154,1731682.9879,4252751.0588,0.4071912425526806
24,155,1790128.7006,4262993.052,0.4199229693231975
24,156,1763223.8685,4250765.7408,0.41480146778640375
24,157,1745701.8238,4279642.9645,0.4079082854062229
24,158,1763884.3074,4299570.4263,0.41024663687574775
24,159,1839750.7123,4266302.7765,0.4312283512632686
24,160,1752179.832,4220408.718,0.4151682808650667
25,0,1664407.9746,4903507.8355,0.33943210257566236
25,1,1665228.2544,4903211.8106,0.3396198897220857
25,2,1630854.2241,4926856.1324,0.3310131613901152
25,3,1769113.2234,4889889.4535,0.361790024135154
25,4,1619406.2006,4981281.2826,0.32509832485403123
25,5,1557100.7501,4887718.3212,0.3185741582828593
25,6,1723004.1979,4956012.6388,0.3476593631765215
25,7,1673548.7406,5010931.8812,0.3339795431821405
25,8,1625769.3994,4833032.1733,0.33638704256543833
25,9,1588792.4438,4831342.0515,0.3288511612020356
25,10,1576439.4537,4983453.0004,0.31633476899921925
25,11,1763621.9258,4928184.8579,0.3578644017325915
25,12,1658348.1132,4935857.3898,0.33597974621936877
25,13,1731089.2599,4933706.2819,0.3508699466465497
25,14,1724813.0902,4866167.8313,0.35444997994226907
25,15,1632416.9046,4893627.1694,0.33358015396177965
25,16,1623098.1611,4818975.3277,0.33681395955074794
25,17,1704889.4108,4874288.659,0.3497719421380702
25,18,1583472.1095,4850819.4689,0.326433939595587
25,19,1681776.5911,4945670.1347,0.3400502955707164
25,20,1624206.2055,4880218.6626,0.3328142277614018
25,21,1616955.8115,4934950.0097,0.32765393941615556
25,22,1673568.4461,4866781.7799,0.343875793447716
25,23,1763573.3177,4855489.956,0.36321222650676616
25,24,1707755.8945,4906436.8066,0.3480643819161749
25,25,1790934.9756,4896999.3538,0.36572089277697384
25,26,1731362.3039,4893562.7662,0.35380404556340356
25,27,1682663.906,4871804.3074,0.34538823807929375
25,28,1731570.1122,4826996.7972,0.3587261779838829
25,29,1656556.0235,4908293.7019,0.3375014056022661
25,30,1651201.6015,4900274.4269,0.33696104700498974
25,31,1664111.8416,4875969.9296,0.3412883724934119
25,32,1697386.1593,4902869.0892,0.3462026271594704
25,33,1776737.2592,4939547.4023,0.359696367803394
25,34,1680365.4537,4889804.0783,0.34364678559558964
25,35,1614351.0531,4890191.1352,0.3301202362991024
25,36,1658811.1272,4934109.2795,0.3361926202348109
25,37,1546495.8458,4931079.1989,0.31362218764301825
25,38,1578993.85,4858266.701,0.32501176801903203
25,39,1670429.3704,4921049.088,0.33944578493909955
25,40,1612325.8467,4953024.7839,0.3255234764705656
25,41,1646853.5062,4898326.7131,0.33620736277057295
25,42,1721165.1014,4898142.1533,0.3513914148531619
25,43,1733966.3849,4908775.6666,0.3532380582592419
25,44,1682656.8398,4899848.9344,0.3434099422916282
25,45,1694250.5767,4927963.6768,0.3438033816434643
25,46,1600855.1277,4906926.7488,0.32624394242108723
25,47,1554384.4034,4925047.6718,0.3156079914312597
25,48,1622450.6081,4988077.4505,0.32526572095174006
25,49,1682310.1652,4941919.728,0.34041632762028545
25,50,1630763.4726,4846476.7298,0.33648432944550566
25,51,1687603.5964,4876085.8445,0.3460980077501177
25,52,1682146.5835,4874593.0425,0.34508451656044065
25,53,1556860.2644,4899667.6898,0.3177481337440559
25,54,1624845.4193,4854102.7827,0.3347365088953084
25,55,1666622.3042,4789369.9839,0.3479836199338402
25,56,1604555.3625,4950550.7649,0.3241165354522754
25,57,1564752.9938,4919843.6322,0.31804933464933954
25,58,1784785.4839,4929925.9219,0.36203089299405566
25,59,1645783.7353,4920993.2465,0.3344413724750679
25,60,1774087.7319,4899534.0593,0.3620931522115932
25,61,1648320.8549,4892551.8956,0.3369041126334047
25,62,1726479.4455,4867531.0482,0.35469305247440536
25,63,1708624.8446,4838782.2337,0.35311050633776736
25,64,1539334.5404,4845984.7929,0.31765154167535276
25,65,1643677.1478,4926197.5224,0.333660422734981
25,66,1551836.6146,4874571.8535,0.3183534187696429
25,67,1647071.0518,4866153.3215,0.338474960195518
25,68,1675902.8447,4968652.4057,0.33729524785783305
25,69,1620730.9609,4982635.7679,0.3252758251649366
25,70,1646623.6576,4871949.25,0.3379804618449176
25,71,1672738.4282,4924622.7837,0.3396683363721977
25,72,1811892.463,4872687.8182,0.3718466133275339
25,73,1693805.6424,4846246.2831,0.3495087833869893
25,74,1601013.1434,4914200.2634,0.3257932232278021
25,75,1576573.3159,5001053.1701,0.31524826117145144
25,76,1764631.0267,4991436.4348,0.3535317036989787
25,77,1669875.4466,4881145.7941,0.3421072668262507
25,78,1709225.0229,4972409.1962,0.34374182724266117
25,79,1645321.5491,4893455.0425,0.336229010956526
25,80,1727890.5873,4919158.8321,0.35125732798555714
25,81,1666548.2219,4902529.1332,0.3399364239600558
25,82,1714094.3996,4867329.6966,0.35216319962819753
25,83,1774438.5858,4898370.9134,0.362250759930376
25,84,1595859.7633,4799944.3391,0.33247463940367844
25,85,1624457.8899,4868651.9521,0.33365660677373354
25,86,1711509.2754,4822795.6129,0.35487908109190025
25,87,1631487.3148,4911401.1307,0.3321836826973796
25,88,1564910.3115,4947032.092,0.3163331634801127
25,89,1630631.4197,4957354.531,0.32893177389333667
25,90,1783921.6738,4808512.109,0.37099244701101364
25,91,1554104.9755,4950309.6059,0.3139409651565527
25,92,1575160.3899,4853423.8753,0.32454622352609497
25,93,1651054.8554,4800745.0391,0.34391638005202724
25,94,1580783.32,4917393.9593,0.321467698761526
25,95,1696988.1515,4920751.4465,0.3448636188903674
25,96,1697963.0758,5026137.2576,0.3378266427627931
25,97,1788609.9401,4885325.8034,0.3661188653692648
25,98,1642230.0189,4945282.7489,0.3320801058878359
25,99,1588045.4571,4918653.1136,0.3228618527110763
25,100,1713186.5837,4974525.9767,0.34439192633113824
25,101,1635040.067,4916535.5856,0.332559388319868
25,102,1735295.9812,4874379.3916,0.35600347075782185
25,103,1697047.7677,4914216.8545,0.34533432649517604
25,104,1703253.8283,4956460.7935,0.34364315572387466
25,105,1713439.2796,4949077.9924,0.34621383664416383
25,106,1701883.8993,4905784.8936,0.3469136817474911
25,107,1740723.9264,4846730.6741,0.35915425127748385
25,108,1760582.9158,4901817.369,0.3591694229438763
25,109,1689226.6152,4955073.4201,0.3409084935750375
25,110,1607050.8647,4888252.5583,0.32875774022177123
25,111,1657933.0559,4848417.5425,0.3419534397289381
25,112,1713224.048,4914467.2518,0.34860829469817
25,113,1551592.7132,4883579.8527,0.317716257335726
25,114,1673245.105,4880668.9162,0.34283110240199577
25,115,1636192.3952,4942609.003,0.33103820152613433
25,116,1709579.5883,4886595.564,0.3498508452171959
25,117,1611293.772,4908610.9023,0.3282586059622296
25,118,1684922.5157,4913096.5674,0.342945124848555
25,119,1630065.6435,4890553.4633,0.3333090325527451
25,120,1645069.3692,4928231.8236,0.33380519181792495
25,121,1679130.9785,4888531.1548,0.34348374293396455
25,122,1613580.7284,4929874.7374,0.32730663847475305
25,123,1705066.7537,4925047.5625,0.3462031040436272
25,124,1738625.782,4986252.1022,0.3486838904982152
25,125,1702325.0745,4917775.0429,0.3461575732215972
25,126,1734830.7928,4959138.4103,0.3498250400103377
25,127,1556716.3654,4957032.9017,0.3140419674975586
25,128,1660871.8673,4938304.0831,0.3363243411809899
25,129,1556435.2946,4903737.1106,0.31739778448473177
25,130,1762970.799,4845095.2652,0.36386710735340444
25,131,1501835.7719,4913751.5306,0.3056393394227275
25,132,1576336.0442,4944776.7539,0.3187881117093358
25,133,1782758.4643,4941320.1671,0.3607858636989068
25,134,1771609.3968,4901665.6996,0.3614300740551466
25,135,1540780.3874,4889680.0001,0.31510863438271813
25,136,1693329.7102,4861937.3389,0.3482829152592722
25,137,1700597.2839,4833706.7987,0.35182052919663365
25,138,1564560.3493,4907360.6158,0.31881911108441024
25,139,1631593.072,4906645.4931,0.332527196899478
25,140,1731351.3475,4896371.5317,0.35359885096359955
25,141,1623425.4931,4894752.7348,0.3316664969729739
25,142,1772246.7727,4875504.1622,0.363500207104797
25,143,1595812.6692,4890319.8484,0.3263207149368999
25,144,1683328.0417,4904546.7974,0.3432178570693558
25,145,1762804.2458,4944410.464,0.35652465721341053
25,146,1665396.0882,4947895.6323,0.3365867455506232
25,147,1737084.5193,5005623.6778,0.34702659071315933
25,148,1745314.7693,4776482.3214,0.3653975147108769
25,149,1546822.6203,4854687.5944,0.3186245438500095
25,150,1581511.5473,4972678.5768,0.31804017148394265
25,151,1711222.7607,4940265.8149,0.34638273016380966
25,152,1665106.5847,4904459.9207,0.33950865367910765
25,153,1602545.8883,4928512.8046,0.3251581058700452
25,154,1752270.3468,4881855.9975,0.35893527947103276
25,155,1660649.0434,4915388.191,0.3378469774657112
25,156,1740037.1217,4846676.5861,0.35901655305211205
25,157,1613838.0239,4933993.9019,0.32708553273212143
25,158,1576001.4659,4820582.8404,0.32693172549426147
25,159,1633259.9036,4895242.1976,0.33364230770864445
25,160,1568773.173,4852606.3066,0.3232846585692149
28,0,1043134.7648,2081633.5768,0.5011135371882132
28,1,987445.9447,2057358.7948,0.47995806428892324
28,2,984121.5012,2027650.5521,0.4853506439661231
28,3,1015191.573,2149984.6768,0.4721854922756908
28,4,985401.5418,2035838.9545,0.48402725550657005
28,5,1011564.8601,2128769.1049,0.4751876837049074
28,6,1074624.8518,2050377.5417,0.5241107210475061
28,7,924335.5202,2036568.187,0.45386917369145763
28,8,1060832.0386,2040154.4752,0.519976330957
28,9,1120883.4694,2032072.4701,0.5515962082517856
28,10,1033637.1124,2134724.5902,0.48420162354674506
28,11,1016543.843,2114525.5237,0.4807432360623626
28,12,1043264.3442,2038003.8155,0.5119050005036656
28,13,1085704.5561,2129925.4095,0.5097382994059257
28,14,1019307.8346,2115385.3061,0.48185445538488325
28,15,1126126.868,2046028.5319,0.5503964634130721
28,16,1021461.8466,2040356.0503,0.5006292144205965
28,17,1106798.3492,2103056.5185,0.5262808390853049
28,18,1016697.4133,2141625.1573,0.4747317287689017
28,19,1111802.1617,2117288.5408,0.5251065881081635
28,20,1083161.988,2137503.0883,0.5067417183763981
28,21,973126.2491,2056684.5924,0.4731528853262002
28,22,983418.8686,2007986.0934,0.4897538244076367
28,23,1003476.4018,2142376.5175,0.4683940444656223
28,24,1039800.0423,2036070.0228,0.5106897261176061
28,25,1043551.6002,2123898.8349,0.49133771489127154
28,26,1040230.2318,2066713.2836,0.5033258556252307
28,27,945428.8629,2052993.289,0.4605123981484189
28,28,1101030.2666,2037835.5574,0.5402939715139549
28,29,1042847.6253,2028431.2079,0.5141153524154474
28,30,1033725.3816,2130773.5928,0.4851408826789549
28,31,1052014.6581,2121326.102,0.4959231195562784
28,32,1054819.9789,2045461.356,0.5156880504272895
28,33,1059616.9562,2133979.3387,0.4965450869104987
28,34,996393.8584,2114935.3595,0.47112260614696105
28,35,1080843.2375,2027783.3154,0.5330171272697316
28,36,1043029.3381,2048768.8871,0.5091005357741407
28,37,1076540.7754,2096706.0064,0.5134438362431163
28,38,1033974.2943,2125539.5915,0.4864526158133432
28,39,1107182.696,2128300.1285,0.5202192497071966
28,40,1035038.1919,2149711.6871,0.48147767819799375
28,41,998268.8331,2054265.8623,0.4859491906185487
28,42,1014767.6615,2030633.8964,0.4997294998862307
28,43,1049380.2449,2123275.054,0.4942271812232199
28,44,1020530.3353,2034941.2825,0.5015035785436723
28,45,1018525.9464,2140802.0804,0.47576838406738314
28,46,1024887.1071,2057567.1663,0.49810627030124766
28,47,995262.9876,2045644.9217,0.48652773364641544
28,48,1027978.6139,2026496.6938,0.5072688334725967
28,49,1106487.6942,2043056.6068,0.541584452685856
28,50,994418.7203,2111864.2002,0.4708724738104967
28,51,1072175.6476,2133652.784,0.5025070881448535
28,52,1062795.984,2038159.97,0.5214487575280953
28,53,1041307.2687,2129787.5269,0.4889254235682697
28,54,1075529.3204,2110428.5217,0.5096260353483262
28,55,1076979.3623,2033250.1466,0.5296836516160711
28,56,1074265.5543,2027127.292,0.5299447935704671
28,57,1088098.6139,2115459.9546,0.5143555714840947
28,58,1042537.9517,2124533.1074,0.49071391171486906
28,59,1077974.3241,2102966.9438,0.512596894248909
28,60,1035260.4273,2138241.9198,0.4841643116775266
28,61,987548.3858,2053304.7727,0.4809555789915298
28,62,1045835.0284,2054441.9638,0.5090603905235515
28,63,1027725.7076,2140728.4682,0.48008223502728864
28,64,1060466.1649,2030321.1058,0.522314505755063
28,65,1060470.5118,2139418.8338,0.49568158186043915
28,66,972599.1195,2031967.4966,0.47864895532404256
28,67,1046180.7148,2040147.6976,0.5127965568525807
28,68,1037263.231,2048215.4927,0.5064229006649384
28,69,1080633.5529,2017164.2858,0.5357191580810805
28,70,972311.6099,2111428.2243,0.4604994849978145
28,71,1089694.6706,2120747.2504,0.5138258085184219
28,72,1103601.4343,2049692.8761,0.5384228277164377
28,73,1053022.4145,2127940.371,0.49485522660822717
28,74,1076724.4714,2117828.5523,0.5084096492280538
28,75,1016243.0883,2029474.5464,0.5007419728927722
28,76,1045533.0054,2022572.928,0.516932166413334
28,77,1097984.1261,2106667.7001,0.5211947408923964
28,78,1090975.6425,2122954.4682,0.5138949793044836
28,79,1015538.4341,2106215.7868,0.4821625782431914
28,80,1019554.889,2115923.7637,0.4818485932674437
28,81,1097048.4489,2103402.2272,0.5215590412112311
28,82,1115482.6439,2127216.5538,0.5243860301422218
28,83,1092965.2968,2020264.8276,0.5410010023776944
28,84,1067400.2556,2110984.7882,0.5056409035093775
28,85,1056294.3148,2038341.8678,0.518212539067388
28,86,1008326.0764,2115276.3017,0.4766876438740561
28,87,1151674.2074,2125383.5483,0.5418665296064671
28,88,983800.0227,2115065.0774,0.46513936295017566
28,89,991406.1391,2143498.4851,0.4625177698941776
28,90,1074378.7889,2030058.882,0.5292352839743887
28,91,1039900.3082,2044186.8859,0.5087109771483345
28,92,1044691.4305,2127504.2448,0.49104082074262
28,93,1014915.6148,2060064.0553,0.49266216367830434
28,94,1084695.557,2048332.2129,0.5295506022747664
28,95,968356.2592,2131646.9531,0.4542760975459581
28,96,1059453.0995,2132343.3963,0.4968491948052748
28,97,993689.2274,2075761.4032,0.4787107159176029
28,98,1068902.9884,2019527.147,0.5292837929848337
28,99,974223.0375,2058587.6208,0.4732482735524278
28,100,1034169.2087,2034351.9437,0.5083531450409182
28,101,1101508.9197,2097805.65,0.5250767246718017
28,102,1082251.2972,2125500.5575,0.5091747886779842
28,103,1091477.1701,2028023.8865,0.5381973937120094
28,104,1052970.2469,2110949.1594,0.49881364608482004
28,105,1057255.5843,2041400.5424,0.5179069772642576
28,106,1039643.8616,2106831.1327,0.4934633086932074
28,107,1122406.9568,2115578.6032,0.5305437269512274
28,108,1007085.0734,2142003.9251,0.4701602371494179
28,109,998383.4353,2115107.8799,0.472024828987542
28,110,1052050.5293,2044450.0661,0.5145885178339891
28,111,1051820.8968,2040260.6032,0.5155326212496069
28,112,1051292.3303,2126504.6992,0.4943757381281596
28,113,1029468.1725,2050767.6268,0.5019916245247021
28,114,1078220.9511,2035518.1575,0.5297034306116231
28,115,965556.2277,2141969.3845,0.4507796585175702
28,116,1057779.7533,2134109.595,0.4956539044565797
28,117,1000655.3419,2061346.9369,0.4854376155645379
28,118,1032228.7928,2031891.0927,0.5080138381965948
28,119,991515.8117,2063787.5191,0.48043502663122584
28,120,1025154.8366,2003306.4323,0.5117314156591699
28,121,1091136.3099,2105831.4405,0.518149880809513
28,122,1063367.2673,2110649.987,0.503810330395629
28,123,1049129.3364,2037758.4153,0.5148448061962961
28,124,1036667.6883,2106790.0466,0.49206027433678307
28,125,1047123.5108,2019821.372,0.5184238197079538
28,126,1103277.9225,2124947.4711,0.5192024450039122
28,127,1074470.4746,2113838.2619,0.5083030683881292
28,128,1049203.4985,2147745.9317,0.48851378694943054
28,129,983498.8188,2110560.1651,0.4659894728721941
28,130,1118929.6791,2066200.947,0.541539621654234
28,131,991572.7124,2033377.1084,0.4876482125739269
28,132,1005962.3624,2123224.5729,0.4737899020384873
28,133,1037820.0144,2045296.1421,0.5074179689863504
28,134,995785.0846,2041731.5825,0.4877159628302904
28,135,1029185.0874,2145760.0799,0.4796366085102877
28,136,1031965.3617,2145124.0756,0.48107490538110487
28,137,966616.4134,2034732.7027,0.4750581794440827
28,138,1042879.2155,2031114.8448,0.5134516239541789
28,139,1034926.9038,2077428.6083,0.4981768806230606
28,140,1083252.854,2029759.8457,0.5336852319228043
28,141,1099853.4655,2107144.5597,0.521963934765154
28,142,1061165.2811,2113111.6972,0.5021813482487025
28,143,1065242.6423,2016614.732,0.5282330954924315
28,144,1024356.0064,2114762.8636,0.48438339070141406
28,145,1048392.0078,2032554.9894,0.5158000709783896
28,146,1075679.7333,2119442.1076,0.507529660490737
28,147,1045240.4218,2138312.1831,0.48881563228278085
28,148,1053656.4206,2123203.0067,0.4962579731071742
28,149,999820.3698,2143141.4136,0.4665209507199642
28,150,1079038.8459,2040537.1265,0.5288013787579572
28,151,1013499.3336,2046119.8521,0.4953274523776368
28,152,1005579.1598,2130906.5749,0.4719020400259407
28,153,1030181.5864,2054408.7989,0.5014491696840444
28,154,1014646.6016,2047573.3327,0.4955361477881978
28,155,1035752.8373,2125370.6526,0.48732809782281833
28,156,1019722.7553,2138628.7492,0.4768114875858885
28,157,987277.4668,2054042.0588,0.48065104731924585
28,158,996680.2642,2028205.7963,0.49140982932709115
28,159,1051593.2338,2059756.69,0.5105424533419042
28,160,1034991.9673,2050599.6429,0.5047264934837759
33,0,404539.3144,997905.5537,0.4053883785896
33,1,404540.6039,998133.7173,0.4052970026844719
33,2,411269.9409,992571.6556,0.41434785950178205
33,3,397960.4443,1004330.8248,0.3962443793152011
33,4,403806.2997,992871.7531,0.40670539617953
33,5,400049.2495,997731.5752,0.40095879437293364
33,6,385214.6799,996735.4287,0.38647635953145487
33,7,422374.0015,998513.7981,0.42300266887017995
33,8,418459.0299,1005961.6359,0.41597911388103664
33,9,395509.6429,989222.6898,0.3998186121064042
33,10,397471.7248,999466.1416,0.39768403176090145
33,11,425640.6006,1001109.7695,0.4251687612763827
33,12,398664.2396,1002297.2847,0.39775049347691804
33,13,386825.2722,995270.9778,0.3886632694294565
33,14,412418.0731,995469.8582,0.4142948876882428
33,15,415736.2772,999920.0865,0.4157695027961617
33,16,402841.449,1003313.038,0.40151122704736547
33,17,416042.6174,990360.5743,0.4200920636345651
33,18,415426.8936,990985.0486,0.4192060154559228
33,19,396534.1237,996567.1827,0.3979000418473242
33,20,403164.4201,1002077.7742,0.40232847238016306
33,21,400565.5089,992431.731,0.4036202152629479
33,22,407636.9732,1001483.9152,0.4070329707877469
33,23,391159.4294,995398.2929,0.3929677518939615
33,24,389780.3334,994644.1868,0.39187916500473735
33,25,400999.0826,1008520.6306,0.39761118457381806
33,26,422643.1937,1005223.8968,0.42044682288734864
33,27,402597.6309,994964.0131,0.404635369319168
33,28,418722.7102,1004207.7161,0.4169682262810886
33,29,386131.9021,995332.7716,0.38794251843962896
33,30,388126.4376,987316.6363,0.3931124254671895
33,31,393235.1949,999868.6941,0.3932868357819305
33,32,406058.6,992852.0316,0.40898199034314187
33,33,395496.5467,1000769.6235,0.39519239734398276
33,34,415730.6993,1001135.7407,0.4152590726701243
33,35,419700.3954,996862.3776,0.4210214015804783
33,36,388418.515,997101.7589,0.3895475176259866
33,37,410013.2343,1004280.0838,0.4082658223675908
33,38,392097.7597,988994.3724,0.3964610625119064
33,39,405120.7629,1001318.7828,0.40458720025919803
33,40,397395.3808,991807.6513,0.4006778736573758
33,41,404815.5199,996116.3197,0.40639382358670534
33,42,412329.0542,999232.4344,0.41264578691101783
33,43,403281.9773,999764.4319,0.4033770000534863
33,44,393675.6072,996509.6041,0.3950545038204113
33,45,412049.4877,1002919.6957,0.4108499309233378
33,46,416908.1088,1000546.9162,0.4166802196376606
33,47,404147.8868,1000713.0526,0.40385991343868677
33,48,396380.8845,987988.0045,0.4012000982750798
33,49,407493.4125,997827.5526,0.40838059786804887
33,50,408899.1583,998397.8527,0.40955532626016833
33,51,407237.1721,986560.5189,0.41278478542204716
33,52,424200.0331,1005057.7003,0.4220653530373235
33,53,391176.9834,1006069.4645,0.38881707198459553
33,54,407918.3732,1002131.9269,0.40705057113773113
33,55,419312.1547,1015516.33,0.4129053785870681
33,56,416210.3957,1002178.5894,0.4153056152887714
33,57,409518.2992,995880.5479,0.41121226844278236
33,58,384653.5551,991402.4322,0.38798931958077154
33,59,420410.2492,995618.6775,0.42226030778736573
33,60,385164.9145,988063.4675,0.38981798960196856
33,61,404111.8001,999662.8403,0.4042480962668629
33,62,394953.167,998257.2149,0.3956426871801415
33,63,397193.789,995470.4949,0.3990010663650057
33,64,406854.7084,999986.8918,0.4068600416027973
33,65,399986.7887,1003596.8427,0.3985532553329943
33,66,418347.2661,993525.0151,0.4210737120271628
33,67,413446.3798,1004005.5107,0.41179692281941976
33,68,419401.8628,1005606.5237,0.41706358592112625
33,69,381022.2828,998143.2364,0.38173106715047417
33,70,410728.8652,997826.6878,0.4116234514688834
33,71,410914.7326,1005665.1109,0.40859996846490976
33,72,372900.1353,991040.1683,0.37627146429358305
33,73,413809.9266,994023.121,0.41629808991133116
33,74,409258.4462,1000638.0853,0.4089974709260649
33,75,396360.7252,996141.9693,0.39789581948698244
33,76,425535.4564,999498.9565,0.425748775056375
33,77,405018.2932,990679.2889,0.40882886897707504
33,78,402107.63,996460.5999,0.40353590502259057
33,79,417239.1928,997086.9687,0.4184581745602348
33,80,397147.3447,992970.0135,0.3999590514321206
33,81,406603.3728,998243.5884,0.4073187922516087
33,82,396338.7842,999300.5893,0.396616181801345
33,83,408916.9038,990457.3884,0.41285663430768144
33,84,428677.8971,990338.7198,0.43285987766546374
33,85,392018.7372,1001172.0386,0.3915598139838022
33,86,420508.5978,997443.0114,0.42158658990429815
33,87,411349.9851,984917.5062,0.41764917621077413
33,88,391661.2717,996798.8916,0.3929190481656029
33,89,428061.0184,995845.0464,0.4298470127932546
33,90,407838.3522,999385.732,0.40808902823119353
33,91,371544.7069,998538.0121,0.3720886960713831
33,92,396121.9116,995232.068,0.3980196421886197
33,93,412840.5161,998981.8262,0.4132612879159102
33,94,393657.4377,989014.6787,0.3980299243055107
33,95,426844.5917,1003327.9798,0.42542877333599904
33,96,411351.8564,1000570.1211,0.4111174696559705
33,97,423428.1642,1005227.6151,0.4212261559864503
33,98,408480.8649,1002857.8263,0.40731682416746173
33,99,419608.5389,1005139.097,0.41746315525123784
33,100,409430.7096,996761.9445,0.4107607757892286
33,101,416404.5964,998354.772,0.4170908058723638
33,102,416411.036,985525.9812,0.42252669533173337
33,103,425402.1228,999085.802,0.42579138042840486
33,104,415017.4545,1006099.6043,0.41250135943423905
33,105,409130.5302,993804.2828,0.41168119043247897
33,106,394096.0918,1002834.4208,0.3929822148362381
33,107,397492.1633,999953.5988,0.3975106082692364
33,108,386769.5366,994400.4517,0.3889474667260954
33,109,414263.1203,1000814.6062,0.41392593366809316
33,110,406418.8765,1010092.4274,0.40235810652113396
33,111,413207.3396,1004295.802,0.41143987536054644
33,112,423256.4173,999022.6607,0.42367048711730987
33,113,399321.4124,994270.965,0.40162232073225634
33,114,386186.8577,989645.7857,0.39022735536315234
33,115,392449.0437,991334.9001,0.3958793780592331
33,116,391329.3406,997636.7389,0.3922563447608014
33,117,407216.073,1004351.625,0.40545169924925445
33,118,436574.5358,1005710.9246,0.43409544941916406
33,119,407594.4851,990845.3009,0.4113603654675212
33,120,396431.3524,1003064.4438,0.39522022224032105
33,121,400442.0931,996946.8322,0.4016684542909168
33,122,390367.349,1002192.0427,0.3895135187347063
33,123,430493.2971,1006982.2446,0.42750832937576105
33,124,416113.528,1003870.7581,0.4145090636842209
33,125,402999.3429,992249.6772,0.4061471141388646
33,126,389226.5494,992265.7407,0.3922603929925241
33,127,396709.0753,999462.4067,0.3969224581541232
33,128,396310.8969,1000254.8993,0.39620990327300265
33,129,386974.4278,988241.0998,0.39157896577901463
33,130,403683.7041,1002288.8034,0.40276186138227793
33,131,402428.0477,995149.7036,0.40438945642469465
33,132,404458.7563,1003947.6671,0.4028683661054946
33,133,421031.1051,997684.9002,0.42200809595855204
33,134,388139.3829,997393.4622,0.38915372679891225
33,135,383592.736,996847.0149,0.38480602365898703
33,136,384608.8171,997115.6266,0.3857213815928777
33,137,397492.0247,996932.5089,0.39871507965828756
33,138,420515.1299,1000513.6625,0.42029923794269025
33,139,409986.379,983013.1136,0.41707111871432107
33,140,430163.6524,995932.6936,0.4319204050276596
33,141,402522.9184,998110.4854,0.403284931165397
33,142,384350.9553,1002362.8722,0.38344492394896984
33,143,390213.1542,995718.2339,0.39189114039985445
33,144,395564.1305,996082.7873,0.3971197329613769
33,145,384159.9808,995709.0301,0.3858155035125256
33,146,411140.4956,1004863.9181,0.4091504214594408
33,147,410809.6232,987983.9217,0.41580598041831474
33,148,405112.2677,996004.384,0.4067374343002892
33,149,423737.1144,1002934.8272,0.4224971582480509
33,150,394864.8972,1001534.7797,0.3942597952696939
33,151,392614.5073,994132.2744,0.394931859079778
33,152,391937.7708,993504.5146,0.39450024135803763
33,153,412884.0654,996418.4661,0.4143681389366816
33,154,379793.1435,996368.6779,0.38117732113023906
33,155,401842.2878,1000475.1255,0.4016514529525902
33,156,393946.6664,991027.0032,0.39751355425024404
33,157,398823.3197,997970.0774,0.39963454689849
33,158,400428.1829,1003240.2274,0.39913489507667643
33,159,417487.3425,1006339.8611,0.41485720544116883
33,160,415708.4166,1001429.6591,0.4151149437431316
34,0,2254145.7912,6604345.5337,0.34131251608471547
34,1,2250662.1335,6600065.7854,0.34100601519437695
34,2,2255612.3349,6616107.3187,0.3409274103708471
34,3,2265337.196,6614583.1837,0.34247618226079035
34,4,2271687.3898,6649569.2509,0.3416292550818286
34,5,2157201.2792,6568560.1845,0.3284131101196885
34,6,2219483.119,6679257.7614,0.33229487441352873
34,7,2320537.7305,6602443.1386,0.3514665225866759
34,8,2225108.214,6657602.1234,0.3342206657527996
34,9,2262923.7479,6632793.6811,0.3411720395205646
34,10,2279642.9845,6654089.4533,0.3425927770432127
34,11,2190843.0878,6633985.9639,0.3302453607411679
34,12,2179964.0925,6563312.6994,0.33214387190469935
34,13,2266690.7308,6622139.4214,0.3422897928538017
34,14,2356884.2175,6579690.455,0.3582059419997441
34,15,2216076.1015,6591051.3758,0.3362249776472149
34,16,2213753.4623,6589693.0533,0.33594181768320636
34,17,2178112.1054,6569897.2089,0.33152909948870907
34,18,2259396.5558,6587208.6119,0.34299757134127024
34,19,2196201.2705,6585297.8535,0.33350067367609615
34,20,2187698.9596,6545630.2755,0.33422281239874774
34,21,2264134.7135,6586517.5653,0.34375293029327464
34,22,2365737.2352,6694952.3706,0.3533613242102846
34,23,2286754.2484,6614129.0014,0.34573777558858726
34,24,2080832.8272,6557874.1806,0.31730295060488917
34,25,2253004.5483,6555115.6643,0.3437017230024104
34,26,2127509.8494,6570930.4068,0.32377604352624445
34,27,2217143.6513,6614253.6089,0.33520693072860985
34,28,2153756.3473,6604703.6905,0.3260943182656167
34,29,2225403.2074,6571814.9035,0.33862840631966074
34,30,2217551.8639,6536551.8413,0.3392540773391877
34,31,2403499.256,6683710.4311,0.3596055335994611
34,32,2126472.2002,6579860.3069,0.3231789279736023
34,33,2374268.634,6653478.0315,0.3568462423351131
34,34,2190410.9995,6568303.6007,0.3334819966705806
34,35,2292391.7687,6577075.4943,0.3485427179126488
34,36,2287769.8251,6620096.962,0.34557950408158994
34,37,2414729.2513,6604480.7247,0.3656198499102571
34,38,2282447.9547,6672973.2893,0.3420436221975992
34,39,2223225.2493,6602536.6681,0.3367228931936812
34,40,2354399.0629,6592313.6758,0.3571430576100864
34,41,2236296.4555,6635194.3742,0.3370355605851605
34,42,2399049.72,6691820.5636,0.3585047891226454
34,43,2191841.2632,6611515.6602,0.3315187282084871
34,44,2254039.4041,6554799.7986,0.34387616301895696
34,45,2209478.6868,6628854.721,0.3333122808983039
34,46,2105736.3499,6590697.9157,0.3195012693395991
34,47,2366816.0808,6542045.6676,0.36178531931102903
34,48,2431352.0397,6639370.9675,0.36620216758508756
34,49,2377477.7567,6609878.0411,0.3596855708860168
34,50,2159449.4888,6543681.6929,0.3300052768677666
34,51,2368431.6325,6667112.7469,0.3552409749784488
34,52,2238900.5304,6579029.1825,0.34030864863092586
34,53,2241509.9592,6644761.5271,0.3373348990867805
34,54,2193058.3529,6540545.1016,0.33530207633053655
34,55,2386787.6096,6598858.4551,0.3616970459118342
34,56,2308269.8632,6687333.521,0.3451704413951272
34,57,2186193.7272,6555918.2683,0.33346872821324797
34,58,2151620.4355,6627472.7126,0.32465172303303313
34,59,2175047.2235,6589176.1502,0.33009395619723736
34,60,2176228.4625,6597135.6709,0.32987474732395683
34,61,2310433.5864,6603667.0347,0.3498713024535407
34,62,2425959.8801,6671433.0675,0.36363399820618825
34,63,2123536.8448,6590025.1032,0.3222350160348931
34,64,2366827.8011,6637799.0455,0.356568161355315
34,65,2265370.5861,6616624.6855,0.34237556061845936
34,66,2252309.6882,6663661.2823,0.33799882568800116
34,67,2380717.4432,6624514.3624,0.35937992024180443
34,68,2248162.9824,6632663.3181,0.3389532793357603
34,69,2305317.6961,6618075.094,0.3483365878078385
34,70,2260394.726,6614584.5881,0.34172890162544356
34,71,2334854.2941,6611391.6326,0.35315625269982587
34,72,2198548.6457,6557476.2623,0.3352735957794944
34,73,2341913.0718,6666950.3589,0.3512720127987272
34,74,2119440.528,6505978.3386,0.3257681501067025
34,75,2314239.1712,6561142.6396,0.3527189238704141
34,76,2273276.5291,6565660.1077,0.34623731533619484
34,77,2239671.7906,6561694.3538,0.3413252233095807
34,78,2204184.391,6628973.7011,0.3325076384952684
34,79,2186552.3797,6596594.8202,0.3314668308874103
34,80,2204434.6225,6542983.4964,0.3369158158067947
34,81,2274776.7916,6607650.7991,0.34426407520049906
34,82,2336106.433,6538357.3691,0.35729255853164893
34,83,2167507.968,6629108.6708,0.32696823594814073
34,84,2367707.6868,6623243.7256,0.35748460797968135
34,85,2242248.5006,6570024.5434,0.34128464601437125
34,86,2315352.9855,6641560.7613,0.34861579509916274
34,87,2235437.9271,6532813.4589,0.3421860950360589
34,88,2100063.2353,6545166.8213,0.3208570984723787
34,89,2293381.3846,6572258.5862,0.34894874486763083
34,90,2398262.5931,6665310.2251,0.35981259867975895
34,91,2123859.2284,6595851.7162,0.32199923827632637
34,92,2119287.8468,6586606.2958,0.3217571768562181
34,93,2176464.4835,6554306.2916,0.33206633725515045
34,94,2182659.7639,6606978.2889,0.33035673320842596
34,95,2198116.6528,6641379.3478,0.3309729105487914
34,96,2199601.2579,6566699.8085,0.3349629680121535
34,97,2244217.4268,6662097.5136,0.3368634911480441
34,98,2237794.4118,6623962.7327,0.33783318265860024
34,99,2109064.1719,6560788.8907,0.3214650260869733
34,100,2198769.3892,6576476.4735,0.334338516690506
34,101,2214659.4097,6607739.7051,0.33516141805505395
34,102,2229563.3718,6620701.8586,0.3367563468975567
34,103,2413160.0042,6612837.2517,0.3649205193398091
34,104,2294464.5388,6644936.6188,0.3452951729153369
34,105,2256160.6674,6629250.1722,0.3403342171127123
34,106,2143312.8321,6551368.1855,0.3271549959356196
34,107,2235066.4086,6653169.3929,0.3359401026201399
34,108,2252080.7211,6563001.8229,0.34314796519512025
34,109,2343844.312,6598288.1641,0.3552200591590407
34,110,2305411.6354,6667681.9276,0.3457590899555435
34,111,2335303.7864,6542285.1835,0.3569553635921839
34,112,2176103.0001,6633402.5409,0.32805230598967283
34,113,2228892.1264,6549917.9201,0.3402931385689747
34,114,2314498.5339,6693652.4712,0.3457751270861945
34,115,2293504.9874,6591014.3846,0.3479745079541637
34,116,2269651.072,6608296.6397,0.34345478052011846
34,117,2259297.4084,6590501.4078,0.3428111563296342
34,118,2256079.4261,6581791.7034,0.34277587741565296
34,119,2170398.7065,6639113.7251,0.326910909553264
34,120,2477323.4655,6719218.9374,0.368692178150486
34,121,2198348.1463,6631995.1928,0.33147613687757616
34,122,2446907.4134,6651423.3988,0.36787725975186797
34,123,2218289.5222,6629262.2948,0.33462087085316095
34,124,2275201.6986,6622717.5918,0.3435450277114442
34,125,2289815.9699,6635408.8125,0.3450904133572554
34,126,2288669.906,6557248.1902,0.3490290194323412
34,127,2238419.6265,6606461.1545,0.338822793951539
34,128,2164132.7738,6544816.5773,0.33066362490677953
34,129,2292071.046,6602660.0808,0.3471435781867912
34,130,2304107.0367,6608876.8836,0.3486382145229043
34,131,2327609.567,6552887.4131,0.3552036560779042
34,132,2238375.1972,6634403.8853,0.3373890459336699
34,133,2290595.0664,6585845.9008,0.34780574901118705
34,134,2279494.329,6649226.224,0.34282099182793574
34,135,2291860.92,6547741.408,0.35002312663108764
34,136,2247238.3208,6636264.9147,0.33862998986404824
34,137,2400291.5885,6566312.3056,0.365546364045606
34,138,2295931.0659,6612765.6725,0.34719679777069856
34,139,2316720.6994,6616423.8642,0.35014695958873815
34,140,2260401.9245,6699883.4259,0.337379291669744
34,141,2240237.9616,6610832.2255,0.33887381878467854
34,142,2260259.2293,6558889.9527,0.34461002480603486
34,143,2339454.5644,6634512.6675,0.3526189008365474
34,144,2283389.7158,6618647.9888,0.3449933762399701
34,145,2221987.5006,6604135.0002,0.33645397929217213
34,146,2132747.46,6578160.69,0.3242163821327995
34,147,2139824.792,6529313.7646,0.3277258329353836
34,148,2212082.0359,6528177.3973,0.3388513977599473
34,149,2282065.8601,6545229.3553,0.3486609461977214
34,150,2231206.048,6645219.4707,0.3357610772432422
34,151,2364360.4571,6582872.1522,0.35916852134365534
34,152,2144424.7856,6619074.7703,0.323976516358767
34,153,2285175.8027,6542271.0087,0.3492939683576456
34,154,2232819.2333,6644862.6573,0.3360218786233362
34,155,2294438.779,6596852.1266,0.3478081265075359
34,156,2201081.7046,6604684.9897,0.33326066391244774
34,157,2171942.8448,6651772.647,0.32652090804389755
34,158,2341662.3521,6653471.0297,0.35194597551371376
34,159,2200065.0606,6572448.2464,0.3347405682205358
34,160,2189499.9936,6636359.5047,0.3299248619743028
36,0,4575689.9326,14060510.2395,0.3254284414050336
36,1,4547033.74,14069905.9824,0.32317442246507333
36,2,4603701.4219,13925201.7282,0.3306021350180529
36,3,4915007.5902,14105064.5159,0.3484569379076242
36,4,4600196.0701,14133160.9604,0.3254895407325641
36,5,4567187.4741,14031100.6883,0.32550457555396234
36,6,4621772.3074,14073553.6831,0.32840122768352253
36,7,4584251.5446,13968441.4256,0.3281863312393915
36,8,4542645.9013,14160228.9398,0.3208031395969902
36,9,4726942.031,14199953.829,0.332884323986065
36,10,4568373.7842,14124412.9452,0.3234381352290116
36,11,4618151.977,14135512.1501,0.32670567065144007
36,12,4383897.8076,14038775.3313,0.31227067205968656
36,13,4431677.1151,14057695.4468,0.3152491908699585
36,14,4745233.9684,14001987.6407,0.33889716875673315
36,15,4866807.4872,13884948.5223,0.3505095808877963
36,16,4637940.5681,14011845.3118,0.33100141094151125
36,17,4569788.9764,13915967.8895,0.32838455885257095
36,18,4483608.7273,14114580.0271,0.31765796209957853
36,19,4448837.4693,14072805.4906,0.3161301044252777
36,20,4608911.4163,14018686.5285,0.32876913303754096
36,21,4732323.5317,14069751.2781,0.3363473481628639
36,22,4647738.5786,14088319.5412,0.3299001392613302
36,23,4579286.8463,14248498.2689,0.32138733218609755
36,24,4614974.0884,13917092.5841,0.331604755843366
36,25,4554380.534,14127632.2806,0.322373943739607
36,26,4519631.4644,14051627.1251,0.3216447052118767
36,27,4599454.6126,13951591.6612,0.3296723932503908
36,28,4480605.7345,13937177.0035,0.3214858886684728
36,29,4550347.3777,13991195.8034,0.3252293400535657
36,30,4549829.7939,14052678.3246,0.3237695824813173
36,31,4573143.6699,14115423.087,0.32398204727648344
36,32,4701078.2919,14059822.0708,0.33436257359638905
36,33,4538616.5501,14051572.2914,0.32299706082555435
36,34,4552989.7995,14039265.8484,0.3243039806115564
36,35,4754085.9994,14081004.2775,0.337624071814007
36,36,4539329.6068,13996558.4274,0.3243175549436281
36,37,4567004.9295,13941134.0432,0.327592067858183
36,38,4482039.1868,13966889.2699,0.3209046123433676
36,39,4637668.9191,14113008.148,0.3286095260815972
36,40,4760267.6427,14196009.4949,0.33532434902992664
36,41,4534361.808,14071324.641,0.32224129026119597
36,42,4753832.6315,13975495.3758,0.34015485703152587
36,43,4674566.6139,14106772.5027,0.33137038348107617
36,44,4404202.9987,14093292.0243,0.312503493939256
36,45,4519852.9784,14007859.7859,0.32266549262219085
36,46,4526871.4601,14020533.9628,0.32287439780189026
36,47,4543642.4297,14149458.6802,0.3211177566855
36,48,4429571.3073,14260740.3258,0.3106129980703866
36,49,4684084.9597,14097332.2701,0.3322674723099772
36,50,4547871.6784,14065810.5714,0.32332809085650444
36,51,4434409.9159,14068702.1352,0.3151968016157704
36,52,4528912.8505,14097574.7977,0.3212547488124614
36,53,4434152.2295,14021627.7915,0.3162366235529381
36,54,4849071.2813,13975886.2276,0.34695984228348314
36,55,4603233.4333,14111021.5129,0.3262154642094352
36,56,4493037.8231,13998739.5932,0.3209601688199507
36,57,4702600.9039,14185055.0189,0.3315179883077161
36,58,4640139.7042,14103585.4328,0.3290042611014828
36,59,4540876.7097,13955045.4703,0.325393186239642
36,60,4722850.8518,14223254.5958,0.33205134731924263
36,61,4563483.7653,14035142.9334,0.32514693914802195
36,62,4548073.4846,14016372.7267,0.32448291532204376
36,63,4588192.4601,14015303.2545,0.3273701879141883
36,64,4485803,14225771.4036,0.3153293324300723
36,65,4381526.0683,14079080.4213,0.31120825630566495
36,66,4426341.5536,14117425.7316,0.3135374421479843
36,67,4462508.9858,14201189.6844,0.31423486939985484
36,68,4345784.8506,13919070.9303,0.31221802607096383
36,69,4573683.3136,14133991.5359,0.32359459831166265
36,70,4656461.1109,14050660.3317,0.33140514402689364
36,71,4477607.9244,13933816.3482,0.32134828050740216
36,72,4540701.9808,14063629.2065,0.3228684370248723
36,73,4494394.5897,14024464.1933,0.3204681852906107
36,74,4565098.7234,14117895.1544,0.3233554771071689
36,75,4502417.4513,14191556.4109,0.3172603004869757
36,76,4375609.5547,13878889.2054,0.3152708757843198
36,77,4490907.0759,14074231.867,0.3190871884404489
36,78,4557722.8263,14104118.6892,0.323148360187156
36,79,4816533.6936,13980924.12,0.3445075341414556
36,80,4670058.0474,14022295.5562,0.3330451871223838
36,81,4603499.125,14063282.1213,0.3273417318442059
36,82,4378987.247,14137755.6098,0.3097370875448276
36,83,4498793.2812,14131806.4974,0.31834523647261215
36,84,4734181.6925,14132288.8355,0.33499044263855116
36,85,4685659.0079,13999798.3262,0.33469475050444103
36,86,4751795.4937,13973075.3699,0.34006797844489167
36,87,4489945.2149,14160793.6228,0.31706875578433913
36,88,4621632.8395,13989875.0696,0.3303555476019088
36,89,4787034.2503,14162686.1006,0.338003272564037
36,90,4517011.8536,14039635.6663,0.3217328398658091
36,91,4654709.2582,13979535.0434,0.33296595657504185
36,92,4634153.594,13939024.4808,0.33245896083927623
36,93,4460646.8936,13791909.2233,0.3234249023379736
36,94,4687647.6579,14007635.4909,0.33464946035648274
36,95,4765033.1688,14241997.2468,0.33457618943653733
36,96,4489855.514,14208471.4658,0.3159984889864577
36,97,4506871.489,14143860.0221,0.3186450857091306
36,98,4538288.5967,14083680.4605,0.3222374016102096
36,99,4370536.7497,14107033.0778,0.30981261088682355
36,100,4458930.0645,13909488.8255,0.3205675003904909
36,101,4496087.6254,14086819.3782,0.3191698214259709
36,102,4851271.4668,14091107.8119,0.34427892622488354
36,103,4647228.35,14021221.7703,0.3314424681480926
36,104,4698379.9507,14096449.8437,0.3333023564652915
36,105,4639598.1409,14196332.2134,0.32681667850239915
36,106,4565571.4677,14076196.445,0.324346955908088
36,107,4588119.1798,14242440.6039,0.32214416808195345
36,108,4430650.6267,14099553.6136,0.3142404893177845
36,109,4575367.2279,13973763.7859,0.327425545329219
36,110,4452707.3836,14060792.874,0.3166754125105961
36,111,4594338.7701,14131716.8368,0.3251083235786337
36,112,4665092.7965,14084069.3666,0.33123188157274663
36,113,4579356.7751,14005603.201,0.3269660513281594
36,114,4507345.5198,14227567.2448,0.31680367010371213
36,115,4524890.9988,13895265.0598,0.32564265448169355
36,116,4442650.4655,14112993.3696,0.31479150802052114
36,117,4528876.835,13927768.4388,0.3251688779074936
36,118,4599533.5941,14085733.6395,0.32653844746870203
36,119,4627991.3317,14128228.3503,0.32757053587697205
36,120,4363204.4828,13889341.9681,0.3141404749642626
36,121,4694316.5928,14033798.7832,0.33450077668347455
36,122,4557567.2855,13960172.1114,0.32646927624755073
36,123,4598584.5931,14001078.4614,0.32844502698688377
36,124,4542828.3535,13914993.2606,0.3264700361992211
36,125,4688608.3344,14159491.7067,0.3311282941167613
36,126,4540878.6469,13963391.5009,0.3251988348681136
36,127,4434888.8891,14066838.2192,0.315272616347202
36,128,4492842.8128,14208856.1882,0.31620017496771924
36,129,4590276.0178,14003271.2274,0.32780026489940955
36,130,4455118.8923,14005547.5424,0.3180967312283007
36,131,4749100.4331,14140903.1542,0.3358413802366977
36,132,4657425.9688,14070047.8958,0.3310170657052469
36,133,4627689.0728,13970311.1781,0.3312516817846128
36,134,4551477.225,14034800.8052,0.3242993818133595
36,135,4576905.5195,14114452.035,0.32427086139444306
36,136,4532301.3978,14015456.3763,0.3233787952466591
36,137,4430400.8626,14039819.5474,0.3155596728036619
36,138,4665151.8941,14157411.9547,0.32952010643098195
36,139,4418814.6468,14099481.7228,0.3134026295203759
36,140,4635292.7709,14149314.8518,0.3275983904132519
36,141,4580792.2009,14067629.3254,0.3256264502668611
36,142,4739493.0925,13921794.2874,0.34043694330331437
36,143,4612811.7015,14067562.9468,0.3279041095422497
36,144,4564822.7539,13880075.8073,0.32887592382594955
36,145,4721794.0622,13897789.181,0.33975145260192013
36,146,4518129.8028,13955109.5694,0.32376168602123395
36,147,4623637.9094,13909314.5182,0.3324130677575866
36,148,4475388.9777,14226328.6021,0.3145849574316294
36,149,4573824.5062,14058832.5823,0.32533458801966403
36,150,4355413.3794,14091205.1159,0.30908735935477305
36,151,4681131.386,14147044.6164,0.33089111633771096
36,152,4528135.5336,13996630.0784,0.3235161255413864
36,153,4602438.5674,14020886.1118,0.3282558984290287
36,154,4664239.5011,14153441.8305,0.3295480743806629
36,155,4459517.3942,14074589.9996,0.3168488314278952
36,156,4573668.0841,14173812.2737,0.3226843982254936
36,157,4664945.6762,14082726.6266,0.3312530165421709
36,158,4498337.7848,14137861.1473,0.3181766844314408
36,159,4560877.3535,14052958.1032,0.32454927425290214
36,160,4563027.5607,14110238.0089,0.32338416671794484
37,0,2701503.6328,6987347.6278,0.38662791329455887
37,1,2719437.8234,6962190.5701,0.39060088861671877
37,2,2685772.8195,6997882.8858,0.3837979090718895
37,3,2805457.8662,7009269.0263,0.40024970587852066
37,4,2733956.1261,7026135.1171,0.38911237551441025
37,5,2723128.6195,7028531.6816,0.38743918970001673
37,6,2587495.4372,7053227.5213,0.3668526826032533
37,7,2669867.1123,7022022.6933,0.3802133984624444
37,8,2758453.7378,7022601.3717,0.39279657092828063
37,9,2725180.1737,7066534.2632,0.3856459294185794
37,10,2769087.0141,6941893.6958,0.3988950472945674
37,11,2589626.0814,6957584.7093,0.37220187602437993
37,12,2686249.8834,6997414.3963,0.38389178220178005
37,13,2708176.5686,6883215.917,0.3934464066296992
37,14,2722785.9555,6985980.3325,0.3897500173072524
37,15,2803539.0992,6935782.6986,0.4042138026852974
37,16,2622519.9995,6937261.9521,0.3780338723847856
37,17,2643113.6346,6989808.0583,0.3781382281966173
37,18,2629574.1257,6970210.8275,0.3772589080556043
37,19,2732100.5644,6989170.6353,0.39090483076791105
37,20,2669266.3585,6953242.4121,0.3838880050916901
37,21,2748302.282,6968915.0312,0.39436587613649826
37,22,2486526.4146,6879757.0716,0.36142648479035866
37,23,2630986.4349,6993989.475,0.3761782090614313
37,24,2708683.7987,6974927.9226,0.3883457762944597
37,25,2829399.4645,6943993.3679,0.4074599894607425
37,26,2720488.5887,6984511.9895,0.3895030308187289
37,27,2758079.0715,7004640.9534,0.39375024213928467
37,28,2788403.6851,7026695.6116,0.39683000932853446
37,29,2698761.4877,7014830.8357,0.3847222478930519
37,30,2774455.7953,7033169.1052,0.3944815990914673
37,31,2560591.4728,6933581.2001,0.36930287522457655
37,32,2886234.7121,7029243.2517,0.41060390268923663
37,33,2604043.5481,6934003.6295,0.3755468971809254
37,34,2688247.7714,7041591.1328,0.38176709222409116
37,35,2671134.3234,6955894.3589,0.3840101912965813
37,36,2811344.409,7005947.6362,0.4012796776375655
37,37,2756608.1535,6908171.4991,0.39903585975813316
37,38,2668910.4602,6956748.6188,0.38364336652721714
37,39,2668742.4811,6979051.5897,0.3823932875118234
37,40,2745340.1179,6988282.5833,0.3928490419750024
37,41,2687020.1156,6973521.735,0.3853175221515245
37,42,2597363.8629,6990976.2887,0.37153092152498063
37,43,2800721.9227,7043685.3228,0.39762167024046713
37,44,2592556.4934,6980604.5166,0.37139426638980266
37,45,2842218.9556,6995096.3762,0.4063159108529682
37,46,2734971.5914,6971811.9121,0.39228992776659566
37,47,2839314.2869,6977654.8151,0.40691526911815407
37,48,2810476.2185,6997670.6534,0.4016302506512588
37,49,2783185.0584,6977258.0857,0.39889380960469006
37,50,2688191.781,6962423.6866,0.3860999993685733
37,51,2888890.7503,7004538.1532,0.41243129627043573
37,52,2658414.3889,6967637.1294,0.38153743364200177
37,53,2684447.525,6947243.826,0.38640467964482234
37,54,2583325.1949,7034856.9638,0.3672178706963463
37,55,2662088.8489,7005662.5798,0.379991017063228
37,56,2654723.5229,7029446.567,0.3776575435344653
37,57,2575009.774,7041879.9076,0.36567078788448265
37,58,2774331.6683,7018426.8928,0.39529252219555155
37,59,2507824.9237,6953534.1805,0.3606547201181188
37,60,2576751.8297,6972674.2714,0.369550007558668
37,61,2766336.8103,6982716.5048,0.396169142539066
37,62,2640427.5006,7026327.0006,0.3757905802526022
37,63,2617906.8481,7000412.8102,0.37396463881180847
37,64,2563123.2471,6996016.2653,0.366368966266274
37,65,2844443.5742,7022411.3187,0.4050522598449229
37,66,2860860.337,6987950.0221,0.40939908384465834
37,67,2735450.2371,7020590.274,0.38963251384010333
37,68,2722813.2189,7073014.3508,0.38495796613109284
37,69,2743409.6334,6910381.5566,0.3969982859745004
37,70,2634293.5123,7030191.187,0.37471150388786717
37,71,2778213.3466,6994667.1789,0.3971902129926515
37,72,2653177.0162,6954299.2104,0.381516086082726
37,73,2750795.3923,7032162.3984,0.39117347359979593
37,74,2613214.8164,7014640.4051,0.3725372457439244
37,75,2638039.873,7002628.9394,0.3767213564833028
37,76,2760712.1284,6983050.3789,0.39534472452637226
37,77,2607870.0868,6941930.765,0.37566927344600215
37,78,2688051.3791,6978997.2718,0.3851629789227166
37,79,2820498.132,6927467.0098,0.4071471041305514
37,80,2665849.4039,6994836.8777,0.3811167366030941
37,81,2717401.1233,7018428.0332,0.38718087731976375
37,82,2744985.4458,6997728.1861,0.39226808655593776
37,83,2693787.0675,7016398.0335,0.3839273448624827
37,84,2600137.7027,6971412.9383,0.37297140848094007
37,85,2731592.8884,6994032.3923,0.39056051433323585
37,86,2826668.7631,6989693.7956,0.40440523515914
37,87,2761141.8679,7006749.5059,0.39406887110421085
37,88,2765792.7447,7076337.3096,0.3908508913146115
37,89,2666671.5433,6922191.4465,0.3852351620018142
37,90,2749052.4577,7006913.1661,0.3923343122047142
37,91,2829328.5088,7050283.4311,0.4013070589927421
37,92,2688788.9511,6929761.0445,0.3880060125931807
37,93,2909934.0991,6976839.3506,0.4170848650613905
37,94,2531392.3278,7037663.6342,0.35969214491845397
37,95,2605816.1065,6934663.3263,0.3757667797104632
37,96,2710972.2187,6947394.0374,0.39021425934760384
37,97,2724077.6429,6915549.2722,0.3939061867219415
37,98,2656133.8473,6951945.1346,0.3820705997923311
37,99,2774655.8815,6988092.8746,0.39705480898589546
37,100,2616588.5745,6992005.6832,0.37422575052920687
37,101,2770383.6071,7040312.3836,0.3935029379596065
37,102,2778381.8219,7046128.5777,0.3943132446792392
37,103,2674436.6494,7001672.3961,0.381971120341147
37,104,2560272.6385,6942705.5453,0.36877160089746663
37,105,2838930.5615,7020533.8931,0.40437530887646445
37,106,2741229.0859,7019673.9619,0.3905066105318141
37,107,2741095.2967,7038600.5395,0.38943754249402524
37,108,2753604.0941,7014333.337,0.3925681831479233
37,109,2750117.83,7026084.5744,0.3914154179157243
37,110,2630496.2904,6958531.7723,0.3780246144554921
37,111,2734274.3018,7016191.3867,0.3897091956446816
37,112,2707634.6055,6978081.8953,0.38801989516971613
37,113,2715565.8543,6985531.8493,0.38874146061936843
37,114,2650524.7815,7004909.5222,0.37838101592889123
37,115,2760707.9963,7057762.6229,0.3911590887659578
37,116,2647141.9768,7005072.8646,0.3778892850889932
37,117,2645286.3396,7051218.0845,0.37515310232920934
37,118,2787204.8281,7005822.8175,0.397841181643615
37,119,2554814.0345,6891031.8676,0.37074477140530004
37,120,2673543.0893,6988134.7207,0.38258322086729774
37,121,2707086.6877,7001402.205,0.38664921803331825
37,122,2572262.8789,6946395.1243,0.3703018375533614
37,123,2668919.4228,6942304.2804,0.384442875881295
37,124,2748466.9662,7018470.1556,0.3916048519501095
37,125,2680810.6718,6988791.6624,0.3835871494385613
37,126,2652961.4724,6967112.1874,0.38078351561467205
37,127,2731467.5006,7015260.8013,0.3893607918459469
37,128,2790162.5211,7063232.2717,0.39502630152476287
37,129,2734026.0677,7018687.5346,0.3895352306570254
37,130,2762908.1594,7015338.8151,0.3938381640888169
37,131,2688014.4976,7030969.2094,0.3823106626617394
37,132,2866425.8223,7053995.3461,0.40635493527576316
37,133,2695088.4312,6889923.5457,0.39116376449227863
37,134,2647378.6865,6976269.0455,0.3794834558749817
37,135,2575052.233,6973641.0519,0.36925505827381455
37,136,2758470.9397,7040001.0832,0.3918281981920022
37,137,2781729.4258,6920067.9222,0.4019800754955081
37,138,2689885.1743,6878024.0827,0.39108400057303566
37,139,2664661.1949,6931514.2732,0.38442699385365814
37,140,2696334.8702,6979686.0262,0.3863117710565535
37,141,2798218.8554,6956621.6759,0.4022381819459782
37,142,2761174.2576,6940732.9617,0.39782171030589586
37,143,2734829.9482,6954528.0693,0.39324450501143365
37,144,2758241.3527,6985464.9689,0.39485436760186626
37,145,2639738.7504,6987505.5586,0.37777984264371617
37,146,2609037.6926,6985484.4035,0.3734941690361187
37,147,2681873.8531,7100284.0435,0.37771360084603073
37,148,2624298.6746,6952162.2334,0.3774794929255513
37,149,2627644.4589,7013651.657,0.3746471292564794
37,150,2731190.9202,6957425.9271,0.39255767130221064
37,151,2498333.0562,6956025.5439,0.35916099508732857
37,152,2742761.186,7017382.5456,0.3908524536288464
37,153,2717517.6913,6936396.9969,0.39177655092615193
37,154,2745530.4005,7038251.5241,0.39008699690525456
37,155,2629200.1763,6902910.3663,0.38088285038956204
37,156,2634734.2353,6942019.5119,0.37953425955999437
37,157,2786701.9061,6956295.0285,0.4006014544643174
37,158,2653135.3827,6949959.8972,0.38174830098931867
37,159,2647969.3473,6972774.3992,0.3797583566741822
37,160,2701926.3388,6977266.0828,0.3872471404610254
39,0,2805301.1788,8033506.8751,0.3492000719505303
39,1,2837704.1723,8037214.3729,0.35307060887516123
39,2,2778121.1633,8072251,0.34415693507300504
39,3,2711493.2222,7987955.5351,0.33944771103011095
39,4,2732472.3882,8023734.6972,0.3405486960023163
39,5,2933429.1065,8001278.0652,0.3666200677687204
39,6,2791933.6624,8032925.7904,0.3475612417254729
39,7,2748901.4691,8090928.1279,0.33975106757170975
39,8,2753374.842,8069101.4036,0.3412244690309124
39,9,2799465.0554,8026320.0775,0.3487856238436935
39,10,2761908.4852,8001977.4058,0.3451532471459006
39,11,2847347.2171,8088822.7101,0.35201009085595336
39,12,2895307.449,8075331.7404,0.35853727649541556
39,13,2762919.3881,7972341.2265,0.3465631123409617
39,14,2816079.5129,8091399.2801,0.348033685573504
39,15,2796532.8021,8036756.6326,0.34796783453118996
39,16,2689215.19,8031781.902,0.3348217397848361
39,17,2739300.2697,8025989.7696,0.341303733039336
39,18,2867366.2766,8106921.7975,0.3536935902705061
39,19,2864550.265,8081275.0994,0.3544676093519797
39,20,2767083.486,8007088.6155,0.34557922596779084
39,21,2783608.708,8004453.2984,0.3477575050074203
39,22,2776093.4106,7962847.3242,0.3486307469644854
39,23,2899098.7329,8004446.2589,0.36218604499674717
39,24,2674939.6964,8078308.7865,0.33112620068079146
39,25,2939922.9105,8026639.0136,0.366270727451268
39,26,2716317.2716,8072835.3721,0.3364762374552672
39,27,2860699.4517,7984275.0818,0.35829169491177837
39,28,2885937.7117,8057112.8336,0.35818509325883846
39,29,2869293.812,7956825.3871,0.3606078646204605
39,30,2787712.8892,8083848.4272,0.344849722790458
39,31,2871649.2005,8095559.4137,0.3547190569240155
39,32,2820645.1429,8088485.1568,0.348723535769696
39,33,2724074.907,8015072.7567,0.33986901799773156
39,34,2715799.1961,8034826.5775,0.3380034615439091
39,35,2782490.2973,8020567.2252,0.3469193910073631
39,36,2838030.4238,8028563.8169,0.3534916690611577
39,37,2669789.9114,7996821.468,0.33385638557561953
39,38,2782592.4415,7959380.8143,0.34959910907902947
39,39,2835097.641,8096019.18,0.3501841556902043
39,40,2898210.676,8134348.2431,0.35629291854555417
39,41,2801559.6465,8028407.956,0.34895581563045325
39,42,2846805.478,8010434.0117,0.35538717051310453
39,43,2872666.4444,7996863.7493,0.3592241326671918
39,44,2862851.3548,8069611.02,0.3547694365570548
39,45,2776990.2107,8011912.951,0.3466076363639713
39,46,2915463.9216,8050159.6226,0.3621622499776443
39,47,2699126.3145,8027312.6573,0.33624282866887306
39,48,2889286.276,8060199.0439,0.35846339032863295
39,49,2758004.4383,8025462.6495,0.3436567533551263
39,50,2732668.9003,8006445.6777,0.34130861686992797
39,51,2831604.6042,8107405.2801,0.34926150924640514
39,52,2721460.2145,7989188.0562,0.340642903303298
39,53,2842346.0012,7942835.5964,0.35785028743239516
39,54,2867767.3223,7978095.6765,0.35945511793587476
39,55,2772845.7879,7933173.0887,0.34952543665656777
39,56,2895725.8113,8110631.3382,0.3570284100648879
39,57,2850021.2296,8026449.5893,0.35507869300012074
39,58,2859953.5659,8017711.3677,0.35670448021134243
39,59,2746690.4018,8039897.8431,0.3416325002384532
39,60,2774259.8001,8019723.9137,0.3459295893416935
39,61,2772684.6721,8027018.6918,0.34541898786562386
39,62,2740920.5861,8056807.1871,0.34019935223081565
39,63,2860946.5791,8063204.7714,0.35481507170048704
39,64,2836047.4185,8117013.1718,0.34939544367784836
39,65,2914505.2784,8024049.8238,0.3632212339653394
39,66,2671000.5322,7965216.8682,0.33533305827033927
39,67,2758500.7279,8077665.1992,0.34149728416240843
39,68,2867014.8618,7978392.5733,0.3593474293800203
39,69,2933042.3671,8063405.2007,0.36374736157937054
39,70,2767859.8378,7989443.4059,0.3464396325476198
39,71,2604666.0501,7991276.4277,0.3259386749620497
39,72,2804683.5386,8040619.5144,0.34881435859227927
39,73,2741173.9193,8053272.7361,0.34038011739156404
39,74,2819433.0553,8064310.7316,0.3496186033918624
39,75,2739297.0606,8052030.5009,0.3401995385255707
39,76,3014752.8027,7998557.4204,0.37691206604468375
39,77,2808848.6774,8007950.0449,0.3507575174234339
39,78,2803061.2777,7986253.5428,0.35098576105526946
39,79,2631754.4312,7967532.6389,0.33030984000629593
39,80,2896272.7558,8088483.5257,0.3580736421849049
39,81,2786316.7044,8042647.9997,0.34644270201853083
39,82,2909888.7256,7996063.8935,0.36391514179438317
39,83,2803415.2508,8102476.2536,0.34599487404290985
39,84,2864745.8661,8094829.4355,0.3538982370075165
39,85,2719434.8121,8068338.2774,0.33705017298510326
39,86,2943948.8365,8014198.5641,0.36734163908635414
39,87,2785929.1691,8036207.7512,0.34667211890882155
39,88,2856626.1197,8059694.0618,0.35443356755182087
39,89,2745058.5571,8029939.807,0.3418529432446093
39,90,2726981.6851,8001365.2188,0.3408145498336567
39,91,2815563.4793,7881528.6271,0.3572357105471789
39,92,2864037.6759,7998290.5488,0.35808122478492577
39,93,2797323.5406,8052846.0761,0.3473707946439163
39,94,2820871.0709,8076898.3132,0.34925177481681013
39,95,2751945.5069,8059766.9253,0.3414423186682371
39,96,2990508.7678,8063997.0418,0.3708469574453707
39,97,2779312.7118,7962955.1172,0.3490303123518402
39,98,2659387.4609,8075559.635,0.3293130855444423
39,99,2690918.4897,8030894.114,0.3350708465958987
39,100,2814523.4889,7990989.703,0.35221212809764524
39,101,2769270.8822,8021738.5912,0.34522078358897695
39,102,2789666.609,8080668.5264,0.3452272048885562
39,103,2954261.1322,7966316.5358,0.3708440555837548
39,104,2854121.7924,8080541.7028,0.3532092150964352
39,105,2839087.7318,8065257.9876,0.3520144967668709
39,106,2668181.5053,7933680.2393,0.3363106937538256
39,107,2776412.2459,8167257.6595,0.3399442458718723
39,108,2882866.1251,8120081.4226,0.3550292140022562
39,109,2804640.934,8084896.2363,0.3468988162652692
39,110,2750165.6287,7931966.6882,0.34671926103664646
39,111,2798096.6969,7995922.1513,0.3499404626450843
39,112,2702867.708,8014587.3215,0.3372435285281956
39,113,2880727.9447,8067927.8035,0.3570592120879283
39,114,2790833.0902,8015232.0318,0.3481911788863405
39,115,2715086.152,8055277.0879,0.33705682900447803
39,116,2853471.9961,8101215.3713,0.3522276430532798
39,117,2958731.859,8101937.1066,0.36518820376793076
39,118,2691458.0314,7999811.4125,0.33644018497667305
39,119,2721749.9445,7959327.8347,0.3419572608423142
39,120,2908427.4103,8012508.9133,0.3629858564615495
39,121,2847747.8579,8028915.6701,0.3546864825726251
39,122,2758443.9403,8016081.2828,0.3441137686838027
39,123,2720690.1755,8015906.4818,0.3394114167471
39,124,2733516.9675,7994434.5347,0.3419274941379676
39,125,2948675.1707,8061237.748,0.36578441957397534
39,126,2943717.7101,8005595.775,0.36770751269914076
39,127,2736919.0469,8111387.0817,0.3374168954499446
39,128,2549689.7434,7973186.6478,0.319783024783889
39,129,2762045.2929,8053497.7926,0.3429621965548833
39,130,2826493.4136,8062712.3792,0.35056359208493193
39,131,2916327.9938,7971374.8017,0.365850065559338
39,132,3005961.8045,8082655.9709,0.3719027279303201
39,133,2684052.9811,8005887.7304,0.3352598826621187
39,134,2738384.7589,8062517.2086,0.3396438963229824
39,135,2850448.8373,8021381.5224,0.35535634720029435
39,136,2750402.9547,7987993.0343,0.34431714485602605
39,137,2741655.2674,8116067.3826,0.3378058779154326
39,138,2842154.5674,7986843.6769,0.3558545380849559
39,139,2948521.286,8121884.6928,0.36303412293132475
39,140,2750259.6407,8113686.3335,0.33896548716021424
39,141,2816077.9181,8019154.8767,0.3511689151037893
39,142,2797799.5484,7965782.2728,0.3512272181921643
39,143,2763140.944,7969933.4346,0.34669561128381976
39,144,2755506.8511,7981111.4348,0.3452535243506534
39,145,2798922.4183,8038411.7467,0.34819346240245014
39,146,2645231.2731,8008576.9491,0.330299788578203
39,147,2954759.7667,8003140.3295,0.3692000446135623
39,148,2850082.2346,8006881.0137,0.35595411368339663
39,149,2779722.8498,8001643.7419,0.3473939779703253
39,150,2812466.0569,8073141.314,0.34837319793012606
39,151,2877064.4192,8040895.6554,0.3578039738978404
39,152,2784003.3297,7998703.1744,0.3480568373396146
39,153,2722514.9571,8087378.2595,0.3366375195697003
39,154,2721966.1329,8003957.5969,0.3400775303899961
39,155,3041929.7973,8119117.6147,0.37466261010832747
39,156,2792006.9094,7991815.1601,0.3493582938879012
39,157,2855605.937,8071031.9517,0.35380927173736737
39,158,2742474.0634,8001128.877,0.34276089106419727
39,159,2889103.5524,8052808.5318,0.35876968153298616
39,160,2677064.2898,8026163.7454,0.33354219708441585
42,0,3460210.1553,9404081.2159,0.36794771077153515
42,1,3355583.5108,9410521.2287,0.356577858893322
42,2,3384125.222,9399319.1772,0.36003939840758875
42,3,3556348.3495,9428672.1725,0.37718443110924693
42,4,3536730.3276,9310110.7162,0.37988058739687536
42,5,3384092.4077,9389461.3693,0.36041390177765753
42,6,3401600.3961,9517482.9372,0.357405463035244
42,7,3496858.6766,9418917.3463,0.3712590893446643
42,8,3389046.4459,9335537.0159,0.36302640545775566
42,9,3404283.0248,9475233.7978,0.35928221904038093
42,10,3469602.7867,9459876.7517,0.3667704006901031
42,11,3542708.413,9346280.3421,0.37905009087326336
42,12,3430216.1701,9419590.2156,0.3641576853756483
42,13,3312551.9913,9365321.4671,0.3537040349268162
42,14,3253857.8262,9433218.2711,0.34493613236626297
42,15,3450002.1557,9456412.2149,0.364832039604196
42,16,3245751.6307,9383437.3908,0.3459021993243436
42,17,3516028.0844,9386815.0657,0.3745709337821923
42,18,3319802.65,9402120.9982,0.3530908239359569
42,19,3340893.3675,9420847.1388,0.354627701551429
42,20,3412840.7673,9479735.2086,0.36001435611871063
42,21,3602365.4292,9388662.8827,0.3836931279999297
42,22,3631908.5531,9491072.6077,0.38266576426287935
42,23,3553289.259,9454119.8084,0.37584559229330866
42,24,3408834.3656,9391231.5417,0.3629805473822801
42,25,3220638.9251,9378077.2706,0.3434220930548962
42,26,3431772.8181,9363178.1226,0.3665179464883504
42,27,3496097.4816,9409045.2755,0.37156771800252775
42,28,3407443.206,9442996.9048,0.36084341023853894
42,29,3444069.1092,9391155.0284,0.36673541207494864
42,30,3311927.9998,9336947.0651,0.35471208915593533
42,31,3317789.267,9395753.3037,0.353115834330545
42,32,3374087.3504,9456553.4011,0.35679884703104636
42,33,3405073.2599,9366920.5025,0.36352110162472256
42,34,3414431.0001,9413909.77,0.3627006295493737
42,35,3309852.7736,9386038.5788,0.35263575211334397
42,36,3684125.2147,9356226.6535,0.39376186053827944
42,37,3516765.896,9396104.2503,0.3742791482850689
42,38,3562381.5328,9368915.0045,0.38023416063535065
42,39,3485679.7895,9391166.9827,0.37116577693924174
42,40,3449841.838,9400397.3601,0.36698893736586696
42,41,3645298.1423,9400862.3881,0.38776210009353707
42,42,3472639.0779,9397555.6738,0.36952577866408126
42,43,3537713.1712,9399348.202,0.3763785631909288
42,44,3226982.9366,9342364.6862,0.345413933729938
42,45,3389332.3906,9503309.2054,0.3566475968891029
42,46,3363291.6396,9373512.9143,0.3588080232405767
42,47,3594688.1354,9383460.7566,0.3830876718775236
42,48,3561702.3185,9441820.2159,0.37722623784999665
42,49,3468673.6808,9436345.4778,0.3675865502127303
42,50,3452927.0407,9393347.4266,0.3675928169038048
42,51,3425413.4161,9515967.9349,0.3599647917619845
42,52,3491356.6881,9459684.6252,0.36907749321782324
42,53,3273581.7063,9372178.5737,0.34928716739203547
42,54,3517172.7252,9394355.7466,0.3743921158694606
42,55,3378928.8377,9482991.0094,0.35631467269668843
42,56,3558493.5391,9336117.6262,0.3811534603113589
42,57,3517168.1281,9397801.5719,0.37425435099806187
42,58,3728950.0261,9486919.8806,0.39306224496798037
42,59,3613709.1302,9325871.691,0.38749290682258003
42,60,3510523.3117,9415029.7533,0.3728637512238928
42,61,3329041.2522,9377369.3573,0.35500801188005265
42,62,3463881.4066,9374061.8471,0.36951766087094906
42,63,3670929.3538,9421421.6236,0.3896364583243552
42,64,3553268.9566,9334272.1271,0.3806690985881874
42,65,3587180.9827,9392949.3619,0.3819014501718113
42,66,3532618.2061,9376924.7186,0.3767352636512826
42,67,3476017.4535,9331036.5958,0.37252211132304347
42,68,3581979.7599,9389004.6158,0.3815079347039807
42,69,3452250.5586,9327138.1947,0.3701296674859698
42,70,3390169.2605,9417156.5662,0.3599992457031005
42,71,3738117.4897,9434658.2968,0.3962112216579032
42,72,3579293.7992,9422805.5243,0.37985436396512046
42,73,3432478.935,9418623.2827,0.36443531416154323
42,74,3440072.3731,9383417.245,0.3666118945028326
42,75,3638406.3882,9413530.267,0.38650817334223375
42,76,3445589.7023,9457018.9434,0.3643420535500415
42,77,3466319.9724,9386916.8634,0.36927140432183153
42,78,3378644.6419,9417257.2101,0.35877162177076427
42,79,3228904.4221,9327541.1309,0.3461688752465944
42,80,3511127.2227,9465463.2661,0.3709408746294432
42,81,3572190.0703,9397027.6087,0.38014042514813706
42,82,3547239.0429,9423018.6435,0.37644402256880666
42,83,3316137.5586,9407910.4818,0.3524839617697477
42,84,3259311.4773,9411647.1233,0.34630617091784777
42,85,3256735.2735,9328599.3147,0.3491129979575861
42,86,3432757.9101,9395903.7855,0.3653462177206966
42,87,3341014.6175,9314784.1206,0.35867869552781356
42,88,3357827.2506,9449659.8741,0.35533842438110025
42,89,3376074.4501,9348905.5853,0.3611197502527419
42,90,3360050.6288,9367040.46,0.35870995146742435
42,91,3289758.5007,9394987.0456,0.3501610470278092
42,92,3385149.9264,9418221.6169,0.35942559690098047
42,93,3508269.2894,9402423.7387,0.37312392920137216
42,94,3584456.5943,9330757.6674,0.3841549338295914
42,95,3565404.1575,9431559.7289,0.3780291128915781
42,96,3624281.749,9418291.1962,0.38481309119665885
42,97,3673093.7388,9462500.5954,0.38817368641282823
42,98,3658901.7326,9412698.0513,0.38871976054672913
42,99,3723754.1013,9375003.6086,0.39720028458272566
42,100,3585217.461,9415098.4065,0.3807944756610123
42,101,3288425.4946,9416960.2737,0.34920243889995206
42,102,3610013.7206,9386470.4463,0.3845975695819733
42,103,3556821.7996,9429452.7021,0.3772034191133779
42,104,3403632.0386,9338754.647,0.36446316101616283
42,105,3579503.6621,9372368.9023,0.38192091022170305
42,106,3352281.3231,9373199.0035,0.35764538039235494
42,107,3537022.8906,9377285.7052,0.37719047939838385
42,108,3265329.773,9419474.378,0.34665732311204767
42,109,3376122.7704,9357795.5345,0.3607818484549087
42,110,3648575.9898,9448870.2695,0.38613885953934995
42,111,3410169.4661,9357392.9154,0.36443585269222667
42,112,3559212.6568,9461390.833,0.37618281705327794
42,113,3543390.0554,9338974.7881,0.3794195975253187
42,114,3383175.7156,9370997.4638,0.3610262118487545
42,115,3448568.9647,9478600.6029,0.36382680410069207
42,116,3342419.0965,9393002.494,0.3558413934878702
42,117,3309967.5796,9491494.7139,0.3487298554518136
42,118,3304417.3183,9428121.3045,0.3504852357725623
42,119,3466257.567,9404746.4199,0.3685647025703492
42,120,3356531.7138,9393092.0464,0.35734044734358006
42,121,3294442.5899,9376656.2554,0.35134513841250564
42,122,3476239.8728,9477564.782,0.36678618957077996
42,123,3461540.7421,9455131.8301,0.3661017957550138
42,124,3613317.4903,9420912.5148,0.38354219770362746
42,125,3622284.6525,9362805.1158,0.38688027868777186
42,126,3576930.8461,9388770.2671,0.38097969641820206
42,127,3450158.1507,9417249.7537,0.36636579053714136
42,128,3508437.2058,9437511.9961,0.3717544631731162
42,129,3402538.4228,9395661.4524,0.3621393171771707
42,130,3520056.8992,9402816.31,0.3743619765767816
42,131,3726043.9973,9358739.3776,0.3981352452466226
42,132,3376379.8352,9389046.4535,0.35960838535859735
42,133,3626524.8089,9353443.41,0.38772082643091543
42,134,3439181.2939,9385981.3516,0.3664168044946875
42,135,3559954.6273,9466572.8312,0.3760552726713384
42,136,3280758.2609,9383582.4482,0.3496274774597765
42,137,3242177.2662,9443110.2634,0.34333785964208907
42,138,3218247.3529,9365912.9353,0.3436127770065499
42,139,3367282.8457,9357012.7692,0.3598672919186252
42,140,3440779.7255,9443165.5302,0.36436719387117705
42,141,3586558.5527,9381806.3227,0.3822887010598424
42,142,3453608.8717,9413637.6915,0.3668729331720956
42,143,3454488.5878,9356523.6814,0.36920641740770016
42,144,3310865.0545,9414995.6227,0.35165869291721685
42,145,3487535.5936,9431835.9347,0.36976211394530883
42,146,3470305.432,9417487.3802,0.36849589406365635
42,147,3534332.1596,9423398.3106,0.37505919235360907
42,148,3606535.7781,9447626.4777,0.38173987790613856
42,149,3470525.4637,9425661.4582,0.3681996726798163
42,150,3401736.0127,9413932.3654,0.3613512271665295
42,151,3382615.7578,9411512.9883,0.35941253675207446
42,152,3588816.9211,9512993.5857,0.37725421433004386
42,153,3305282.7112,9440804.1536,0.3501060563722867
42,154,3528831.3083,9364661.3043,0.37682423246633123
42,155,3464532.5737,9460520.9712,0.36620949144839204
42,156,3601334.4938,9437779.4465,0.38158705808023036
42,157,3326728.5689,9356417.4313,0.3555558089756773
42,158,3394971.035,9440046.6746,0.3596349840234083
42,159,3647245.0217,9431050.7975,0.38672732233260987
42,160,3506144.1209,9355773.9431,0.3747572506800279
44,0,275574.9919,765385.2438,0.3600474324953271
44,1,275751.5127,765595.6534,0.36017904683156343
44,2,278295.8505,760556.422,0.3659108548030905
44,3,291331.8425,769060.5206,0.3788152358577851
44,4,268194.336,765478.2564,0.3503617950708391
44,5,270535.4105,760570.5591,0.3557006082645778
44,6,288961.764,765129.3848,0.37766392160658263
44,7,264791.9706,775394.9966,0.3414930090612865
44,8,290818.2045,765249.8856,0.3800303795824573
44,9,271426.4803,769067.3265,0.35292941326119387
44,10,274069.0889,762290.3198,0.35953373902466285
44,11,277599.3802,769694.6592,0.36066169471479687
44,12,266472.8362,766116.0699,0.3478230605902606
44,13,265595.6971,766314.1937,0.34658851328020235
44,14,282883.2893,775135.6197,0.36494683267101574
44,15,285841.2709,762303.8944,0.3749702356236579
44,16,286829.687,768531.5242,0.37321785504969923
44,17,272837.2452,768672.3628,0.3549460841887836
44,18,267510.2403,761603.3547,0.35124614229853784
44,19,273800.7952,760194.4083,0.36017207205232216
44,20,286096.1636,764252.4574,0.3743477182570064
44,21,284193.21,770079.1771,0.36904414305841643
44,22,276877.3869,778485.8287,0.3556614349195795
44,23,263350.4312,747686.4078,0.3522204341989912
44,24,272911.2514,762842.2297,0.3577558252213262
44,25,272087.8837,756284.2446,0.35976934022195284
44,26,273028.9989,765470.6334,0.35668121935296704
44,27,261795.401,752029.494,0.34811852871291776
44,28,285881.576,765906.8481,0.3732589370485353
44,29,269476.5639,761016.5972,0.354100771115219
44,30,275367.2773,768359.957,0.35838317027236755
44,31,285316.9596,770130.2612,0.3704788319256867
44,32,259595.8945,757015.7059,0.3429200906622828
44,33,276067.2435,757166.262,0.36460584333325724
44,34,276799.1247,769800.0558,0.359572752189972
44,35,292798.6795,784281.4394,0.37333368455589133
44,36,273982.4168,755645.8123,0.36258047400019977
44,37,251428.3132,759968.0727,0.33084062637885603
44,38,274758.7717,764569.4757,0.3593640348360039
44,39,277489.5082,765797.663,0.36235355839679545
44,40,302579.378,772800.3785,0.3915362704496916
44,41,270300.4881,767000.8188,0.3524122549476475
44,42,269622.7663,765231.1386,0.35234160333997677
44,43,271095.4827,765845.9635,0.35398173473561695
44,44,268940.8757,773060.2425,0.3478912262132016
44,45,282148.9937,767637.7034,0.36755489269262487
44,46,267550.2606,761707.8884,0.3512504789230958
44,47,262113.5041,758514.4233,0.345561661121283
44,48,272791.6824,767867.5295,0.355258780870223
44,49,288399.8297,762563.7964,0.3781976420353438
44,50,282022.5822,767340.6704,0.3675324312641829
44,51,287987.5451,771005.3958,0.37352208774256673
44,52,264477.7066,770216.3036,0.34338108056636574
44,53,265314.7428,766824.3387,0.34599155166330403
44,54,289710.0869,770793.2063,0.37585967874662624
44,55,284809.6983,764862.8154,0.37236703440871705
44,56,273328.5092,765145.3622,0.357224290576769
44,57,275402.8158,767400.0433,0.3588777694300138
44,58,280687.2807,769697.7463,0.36467208335906753
44,59,277585.0887,766692.0438,0.3620555227418156
44,60,269358.7508,768530.7841,0.35048531089803614
44,61,275189.7702,761882.4055,0.3611971719171037
44,62,284502.4571,769176.0631,0.3698794993091355
44,63,270769.2907,766313.465,0.35334011872021587
44,64,274260.4638,757996.3433,0.3618229378336897
44,65,284922.3418,758817.5942,0.3754819919540553
44,66,279150.6724,777650.0887,0.35896693957388603
44,67,283954.7543,755880.6387,0.3756608381825457
44,68,260749.2287,754345.8767,0.3456626949970044
44,69,269203.6723,758561.2097,0.354887211285779
44,70,274700.3213,767631.9817,0.35785419035258
44,71,275925.2122,772105.603,0.35736719320245625
44,72,268782.9576,764711.3052,0.3514829135809669
44,73,288868.8149,752732.7164,0.3837601430180111
44,74,253154.2804,760134.7366,0.33303869460344826
44,75,276787.5072,764942.9654,0.36184071194806494
44,76,257546.3175,768630.1435,0.3350718413504427
44,77,303327.3972,764327.4296,0.3968553076248253
44,78,259911.8027,762911.271,0.3406841825253359
44,79,277453.3835,776489.7386,0.35731751458846644
44,80,264441.5973,767997.8361,0.3443259666496865
44,81,273168.0264,764314.8344,0.357402491886006
44,82,268792.8271,756200.6362,0.3554517336175708
44,83,257912.2902,764959.538,0.3371580814252165
44,84,272114.234,760364.5566,0.3578733801280395
44,85,280633.4642,765655.7084,0.3665269665218629
44,86,270310.7346,765480.3936,0.35312561479040344
44,87,291915.5064,766735.5274,0.3807251600690598
44,88,288486.8492,760456.2497,0.37936021870266445
44,89,274443.8766,766181.9087,0.3581967591295072
44,90,291399.8921,766056.1352,0.3803897373968842
44,91,279196.9108,760663.2283,0.3670440484207116
44,92,277931.587,772562.0533,0.35975309143494016
44,93,283941.6269,766239.527,0.37056509993904296
44,94,278206.8531,770779.3221,0.36094228934686673
44,95,268620.7784,764064.2881,0.35156829416537677
44,96,286614.6648,771725.6829,0.3713944879000994
44,97,256440.2504,768249.5886,0.33379809661508225
44,98,281964.3749,763419.1331,0.3693441291614388
44,99,271979.7348,767988.1052,0.3541457647044818
44,100,266766.1926,753449.9681,0.3540595977098695
44,101,266124.8619,761105.5747,0.3496556466622869
44,102,276544.4816,775235.5673,0.3567231603719532
44,103,285953.6405,765827.701,0.37339161292626055
44,104,275363.6279,760170.3783,0.36223935549265535
44,105,255497.5154,770699.1766,0.3315139332666052
44,106,252492.2556,765607.2511,0.32979344858245163
44,107,268165.1674,760984.3538,0.35239248489263747
44,108,297087.2699,763396.5912,0.38916504648390154
44,109,268121.9711,776208.3505,0.3454252597608456
44,110,265563.3725,773095.1382,0.3435067165450194
44,111,268764.5301,771749.1736,0.34825373229269113
44,112,271739.0748,752402.5841,0.3611618042554248
44,113,284337.8702,768724.6741,0.36988258576829774
44,114,275210.542,767437.745,0.358609599010536
44,115,269629.4414,775597.7248,0.34764083593660383
44,116,303091.4169,766357.6115,0.39549606130583853
44,117,278219.6001,769425.7332,0.36159383303038195
44,118,264205.3268,764946.5687,0.34539056400894474
44,119,278377.222,769673.8741,0.3616820466012489
44,120,284448.788,769319.98,0.36974054411013735
44,121,279438.0542,764887.2441,0.36533234977503004
44,122,263702.7701,757053.0172,0.3483280088828104
44,123,282390.0797,766920.7417,0.3682128600069391
44,124,258545.9902,760467.0427,0.3399831625602675
44,125,290761.1436,766583.4553,0.3792948329235876
44,126,279428.261,757926.8683,0.368674436396148
44,127,277581.3127,768732.2295,0.3610897293593959
44,128,294056.2512,769617.6432,0.3820809642270426
44,129,271600.6634,760184.4346,0.357282589642753
44,130,265298.8046,759776.546,0.3491800398376604
44,131,270742.2641,770647.0871,0.3513180918114185
44,132,257233.575,764622.2189,0.33641917360191426
44,133,284641.9417,774967.6293,0.3672952661998369
44,134,267843.6594,762011.9251,0.3514953645441316
44,135,264032.019,754394.6924,0.3499918831083229
44,136,263979.6039,766747.3895,0.34428497248897383
44,137,273633.1845,756592.5868,0.3616651673225197
44,138,266600.6451,757142.6664,0.3521141482722284
44,139,274157.3718,766153.0366,0.3578363051547031
44,140,264012.3081,765166.7512,0.34503891823050764
44,141,278112.4376,776332.1808,0.35823896584244236
44,142,262065.6007,764768.8953,0.34267293336661936
44,143,267597.719,760356.0709,0.35193737413480025
44,144,273064.1334,764374.8798,0.3572384972560162
44,145,296306.6765,754089.8449,0.39293285608334017
44,146,284108.6415,772161.3499,0.36793947474422795
44,147,285002.6321,763778.9719,0.37314804751827446
44,148,275721.8453,763321.2817,0.3612133604947281
44,149,269675.4757,760868.9594,0.3544309074096787
44,150,271464.9033,764830.086,0.3549349172699778
44,151,296524.4107,768516.1098,0.3858402015504503
44,152,286171.6161,774270.7581,0.36960147739822025
44,153,266340.1347,755006.8672,0.3527651817098598
44,154,284357.6421,772287.9365,0.36820158474662384
44,155,297030.0393,771658.1561,0.38492438258050055
44,156,278054.191,761192.7603,0.3652874876140621
44,157,289132.4632,767690.7732,0.3766262058807821
44,158,280560.073,765446.8951,0.3665310745866268
44,159,265266.1606,773525.1951,0.3429315066663172
44,160,267944.7778,771379.8285,0.34735777097132114
45,0,1336985.583,3500409.2073,0.3819512245059109
45,1,1325622.4821,3494950.6947,0.37929647594464533
45,2,1330546.2638,3495716.2049,0.38062193433636077
45,3,1327883.9687,3511230.6141,0.37818192953992674
45,4,1344696.2791,3508765.1286,0.38323918239478594
45,5,1343925.5293,3515240.479,0.3823139660938116
45,6,1321730.3161,3444287.5238,0.38374563881988766
45,7,1304584.5784,3504524.9536,0.37225718055163914
45,8,1351786.1897,3493541.8561,0.38693859852850326
45,9,1332896.1952,3524124.8726,0.378220478384078
45,10,1294871.3886,3500246.5015,0.36993719957868515
45,11,1362560.7694,3451704.3512,0.3947501381241704
45,12,1290176.717,3476322.8324,0.37113259590717634
45,13,1390148.2919,3486551.8501,0.39871722884606703
45,14,1330278.1597,3532810.7217,0.3765495138272978
45,15,1281699.0562,3526211.0044,0.36347769733595015
45,16,1316603.5402,3468332.3866,0.3796070830139392
45,17,1300946.3119,3515954.6782,0.370012252992414
45,18,1431852.7592,3509341.8834,0.4080117602599494
45,19,1366128.1134,3526112.1576,0.3874318377694022
45,20,1328595.7852,3531861.9654,0.3761743234066426
45,21,1376643.3158,3523832.2052,0.39066653450993893
45,22,1357540.6381,3495928.9554,0.3883204308265675
45,23,1401270.4017,3528260.887,0.3971561192833074
45,24,1265699.718,3498299.223,0.3618043046971228
45,25,1298014.8518,3472715.6919,0.3737751566670369
45,26,1436882.5439,3502016.9545,0.41030142417033233
45,27,1325553.2889,3527122.7417,0.3758171705306492
45,28,1371731.9158,3529769.1232,0.388618027956577
45,29,1344114.2294,3517286.5175,0.38214521982001143
45,30,1340707.5242,3491882.7906,0.38394974991976466
45,31,1365815.7542,3479796.8556,0.39249870348092514
45,32,1345464.6984,3535985.7147,0.38050625962841367
45,33,1338366.2304,3478234.6176,0.38478319536808003
45,34,1278238.3162,3531423.2296,0.361961235766347
45,35,1373655.1756,3495947.2403,0.3929278908345658
45,36,1374355.9679,3509554.5606,0.3916041036458591
45,37,1244728.9765,3490844.3322,0.3565696026655955
45,38,1345353.2484,3507117.4163,0.3836065602329745
45,39,1280098.9292,3495439.6701,0.36621971769387685
45,40,1422030.4864,3490041.779,0.4074537144387577
45,41,1361925.9519,3509914.8911,0.38802250030432367
45,42,1391287.0094,3528832.3235,0.39426271408103647
45,43,1351889.0376,3456665.8776,0.3910962428739659
45,44,1342204.5803,3507887.7258,0.38262472610747544
45,45,1314990.8005,3507993.8996,0.3748554980810948
45,46,1448822.9307,3501765.1652,0.41374074569539326
45,47,1338595.0682,3468789.9806,0.38589683309926476
45,48,1331309.0089,3536958.8917,0.37639934465286395
45,49,1336188.2144,3493375.5442,0.38249200450791887
45,50,1354376.0409,3477255.8925,0.3894956490896219
45,51,1237147.6562,3516421.3551,0.3518200839059624
45,52,1349247.0285,3488827.9922,0.3867336055307175
45,53,1235985.1145,3529988.6816,0.35013854886916473
45,54,1341170.9385,3466921.1433,0.3868478350284605
45,55,1327999.5138,3533386.2981,0.3758432850985193
45,56,1304442.6205,3509196.5026,0.37172116737649913
45,57,1241714.27,3468949.602,0.35795108389124414
45,58,1361451.6487,3507589.1959,0.38814455532346626
45,59,1321670.8942,3485511.2757,0.37918996372621605
45,60,1411667.3429,3509863.1093,0.4022001140612974
45,61,1308328.7496,3501489.3913,0.3736492113472479
45,62,1282302.5644,3516634.7996,0.36463910456265053
45,63,1410699.0273,3528051.3845,0.3998521771813497
45,64,1345995.8708,3469265.9495,0.38797713706381853
45,65,1420487.5813,3535296.1349,0.4018015824126089
45,66,1314405.0772,3491343.7608,0.376475410974375
45,67,1311054.4457,3477190.1151,0.3770442231520883
45,68,1324162.2871,3487163.9044,0.3797247056352044
45,69,1360702.1851,3494244.4254,0.3894124220987303
45,70,1379590.1914,3516448.9274,0.3923248196924744
45,71,1287319.3673,3500116.91,0.36779324816895903
45,72,1331828.4067,3494230.6169,0.38115068886940473
45,73,1396164.8648,3489950.3575,0.40005292963540384
45,74,1280311.2566,3535964.9916,0.36208256010494827
45,75,1270887.1115,3465766.5384,0.36669726521357543
45,76,1337607.0759,3520774.3479,0.3799184337666595
45,77,1420044.7933,3489182.1665,0.40698499692392026
45,78,1357054.9854,3513020.2634,0.3862929569573857
45,79,1358392.3826,3506875.4522,0.38735119085789815
45,80,1333563.3579,3463587.1169,0.38502376665887755
45,81,1341183.3536,3507193.2829,0.3824093072198784
45,82,1392510.5752,3507466.766,0.39701319159983167
45,83,1381099.7422,3499676.8044,0.3946363676964684
45,84,1316292.2289,3522023.4058,0.37373182322762405
45,85,1321694.738,3504392.4371,0.37715374682572533
45,86,1324578.5702,3495375.036,0.37895177386052603
45,87,1416569.5036,3470177.4969,0.4082124055226162
45,88,1354602.1473,3498482.8213,0.38719702696629044
45,89,1346535.2397,3496120.2268,0.38515129696568934
45,90,1355479.6211,3476386.073,0.38991055441959827
45,91,1339670.7177,3496121.6712,0.38318767013625554
45,92,1275038.5845,3492898.933,0.3650373540596229
45,93,1299446.7793,3470601.8088,0.37441540426941067
45,94,1324436.4982,3498478.8006,0.3785749674895429
45,95,1397341.5624,3540437.8871,0.3946804341608075
45,96,1305678.9089,3528136.0854,0.370076118748115
45,97,1320278.5984,3471763.3718,0.38029049131752235
45,98,1348973.2667,3513100.5689,0.3839836748887556
45,99,1339432.3019,3480122.1538,0.38488082966784737
45,100,1313589.1988,3495499.1597,0.37579445417825197
45,101,1299954.8296,3520753.5256,0.36922630912610227
45,102,1346562.603,3525260.8292,0.38197531140003055
45,103,1377405.3059,3483290.4316,0.3954322308023303
45,104,1317752.8754,3497219.7733,0.3768001329114526
45,105,1368367.5988,3529235.0851,0.3877235621330755
45,106,1208421.1374,3474410.2935,0.34780611249648313
45,107,1371496.8739,3446713.9123,0.3979143348699913
45,108,1319665.4124,3541530.8497,0.3726257001295888
45,109,1365476.6612,3499320.7143,0.3902119218795721
45,110,1323120.0028,3539420.1642,0.3738239433065611
45,111,1322626.3383,3498186.046,0.37808919277245323
45,112,1337453.1944,3449840.4798,0.3876855182815691
45,113,1275176.3798,3557044.6653,0.35849321551672225
45,114,1436341.9883,3476611.2487,0.4131442619122537
45,115,1336996.0875,3535333.0279,0.37818108702878844
45,116,1362709.7301,3477754.7282,0.3918360656806022
45,117,1357725.1477,3496268.157,0.3883355299797732
45,118,1350827.8785,3505500.0857,0.38534527042530603
45,119,1299767.889,3508230.2833,0.3704910407926185
45,120,1387026.4099,3525949.8309,0.39337667193805786
45,121,1333331.0797,3495559.4471,0.381435675713129
45,122,1420406.967,3500194.237,0.40580804116100255
45,123,1234348.2136,3540542.7446,0.3486324845202379
45,124,1321696.7508,3469139.0352,0.38098696460108944
45,125,1281760.577,3499101.6338,0.3663113310624296
45,126,1326957.505,3500512.5495,0.3790752029126528
45,127,1244729.8079,3507535.5268,0.354873043591263
45,128,1306520.6405,3489065.8657,0.3744614434895103
45,129,1311695.0254,3502299.8302,0.37452390971480454
45,130,1359775.2165,3517475.6056,0.38657701401970457
45,131,1348898.3167,3459153.6833,0.38995038677008526
45,132,1305564.675,3528472.7016,0.3700084386108433
45,133,1274057.5876,3474242.7616,0.366715188035178
45,134,1433708.1008,3569091.4536,0.40170113863400053
45,135,1304446.8313,3442624.944,0.37891052685639287
45,136,1335461.0518,3516147.7076,0.379808006618567
45,137,1272658.586,3483951.1352,0.3652917439460418
45,138,1392085.7261,3514265.5379,0.39612422882872445
45,139,1353782.5129,3539355.9479,0.3824940279610016
45,140,1330764.4347,3507347.2573,0.379421921205612
45,141,1357633.5076,3503254.8925,0.3875348923386967
45,142,1399276.2903,3505129.2056,0.3992081912599496
45,143,1383242.7689,3515462.0123,0.3934739627566079
45,144,1244865.1291,3520446.8811,0.3536099737176063
45,145,1280550.908,3481139.9648,0.3678538987080259
45,146,1363418.6355,3466537.1559,0.39330853072769745
45,147,1439359.8857,3536936.8903,0.40695096642731293
45,148,1354317.8193,3503870.418,0.3865205209481009
45,149,1387112.7732,3522293.8346,0.3938094998134997
45,150,1390049.4238,3467014.0854,0.400935614785547
45,151,1353722.3565,3470808.6441,0.3900308243155905
45,152,1283190.8464,3506881.5791,0.36590652334753654
45,153,1390257.5351,3485272.0623,0.3988949815821671
45,154,1305707.0559,3523480.2211,0.3705731191794145
45,155,1385418.3515,3513394.1992,0.39432476771762753
45,156,1292874.277,3495564.3415,0.36986138737334984
45,157,1436458.408,3483279.6747,0.4123867567779254
45,158,1336031.331,3515591.1999,0.38003034341364916
45,159,1320282.5685,3474432.0395,0.3799995376193917
45,160,1304119.4888,3485264.4765,0.3741809258933581
47,0,1789940.1483,4767582.0357,0.3754398214643814
47,1,1788863.1211,4767747.2277,0.37520091474374617
47,2,1993794.0645,4803865.5673,0.41503952110396103
47,3,1797749.4487,4791382.7548,0.3752047249614983
47,4,1758507.5969,4771945.6166,0.36850956364270815
47,5,1893793.364,4798445.7746,0.3946680764893852
47,6,1908504.41,4748736.2201,0.4018973304774992
47,7,1650581.3227,4762298.0333,0.3465934536558691
47,8,1797235.4246,4770112.7009,0.37677001305669505
47,9,1711636.0831,4737998.3865,0.36125721105709374
47,10,1820141.6891,4770154.7153,0.38156869068879445
47,11,1871734.1672,4791028.9633,0.390674776031989
47,12,1816628.3895,4796505.2928,0.3787399947680508
47,13,1724390.6806,4744895.6664,0.3634201470036353
47,14,1723392.5118,4693102.052,0.36721820508155445
47,15,1682171.0813,4726532.3674,0.3558996216554715
47,16,1899808.9853,4727558.3828,0.4018583868180167
47,17,1939811.0996,4765050.7085,0.40709138648613397
47,18,1651669.107,4754159.5214,0.3474155840933201
47,19,1752287.4445,4759769.1259,0.36814547053659225
47,20,1698810.6727,4788445.4156,0.3547729012772168
47,21,1776971.949,4787549.6249,0.3711652281906355
47,22,1934587.3195,4734495.6183,0.4086152941027847
47,23,1832960.5036,4773419.6073,0.3839931651507967
47,24,1770351.4348,4805467.6909,0.3684035662444412
47,25,1883734.7779,4791518.2896,0.3931394318140557
47,26,1816245.8449,4750707.2798,0.3823106198571052
47,27,1628808.5636,4727133.9448,0.3445657733882794
47,28,1873192.0014,4806129.1063,0.3897506621169562
47,29,1772372.6544,4739530.1357,0.37395535077407654
47,30,1794553.7409,4767879.2397,0.37638405896641697
47,31,1819753.9481,4785837.627,0.38023729385083876
47,32,1861407.7608,4796900.8448,0.3880438268424556
47,33,1724886.4532,4796609.1833,0.35960537689945843
47,34,1729791.6792,4745230.411,0.3645327053434835
47,35,1657484.7048,4758656.7221,0.34830936577172356
47,36,1766741.8059,4730785.1855,0.3734563580090504
47,37,1813302.0055,4796824.2924,0.3780213522461021
47,38,1761855.2097,4753219.728,0.37066563519488954
47,39,1729855.6006,4811604.8397,0.35951738728150734
47,40,1668530.3499,4739512.9549,0.3520467959001928
47,41,1815509.0843,4787837.9684,0.37919183904770004
47,42,1801999.0623,4780284.116,0.3769648453046049
47,43,1734114.032,4794221.5002,0.3617092017812815
47,44,1622138.5203,4788735.046,0.33874050343523643
47,45,1875544.3316,4772542.6298,0.3929863967875332
47,46,1860327.8811,4756301.9561,0.3911290532583014
47,47,1762204.3525,4772694.3449,0.3692263164480781
47,48,1802317.899,4789694.3584,0.3762907952235318
47,49,1736113.1557,4750517.5372,0.365457687947676
47,50,1783040.8223,4736357.3127,0.37645825780900866
47,51,1760578.4664,4775305.9199,0.36868391176012205
47,52,1929311.5661,4757120.0204,0.40556293678244737
47,53,1746405.0413,4765761.9369,0.3664482331310048
47,54,1800420.1509,4777879.3108,0.37682411668086707
47,55,1727755.636,4761756.5202,0.36283997904358034
47,56,1953370.866,4795594.0043,0.407326154851411
47,57,1777591.9035,4747613.6576,0.37441797747262423
47,58,1791511.3688,4782894.6652,0.37456634406668177
47,59,1729969.7459,4764556.9504,0.36309141939310086
47,60,1642795.6381,4755822.0135,0.345428326257105
47,61,1783345.6794,4750861.4687,0.37537311730707756
47,62,1869600.7744,4796868.7569,0.3897544146294798
47,63,1722151.7509,4731066.4708,0.3640092062813044
47,64,1798218.2555,4759918.866,0.3777833837346756
47,65,1805951.5341,4766901.5357,0.37885228393642567
47,66,1928618.9758,4764044.1074,0.40482811080700787
47,67,1743485.8378,4772485.757,0.3653202809967024
47,68,1681761.7101,4833652.2373,0.3479277423233503
47,69,1791973.2218,4725674.0765,0.3791994946734029
47,70,1861483.2988,4765828.5869,0.3905896456109908
47,71,1843182.0425,4730741.3743,0.389618010511668
47,72,1868042.8895,4785474.7982,0.39035685449699625
47,73,1755484.0578,4742628.1179,0.3701500548133458
47,74,1747063.6797,4731890.9701,0.36921046802206414
47,75,1663730.9757,4720335.7148,0.3524603071098497
47,76,1914732.5163,4741353.2764,0.40383671173176366
47,77,1862394.7434,4788132.7192,0.38896055155947484
47,78,1816923.1322,4758617.0754,0.3818174699520812
47,79,1702874.5896,4778468.4175,0.35636409845540223
47,80,1652530.6889,4813886.0241,0.3432841327415839
47,81,1797257.6538,4795846.6629,0.3747529435632991
47,82,1868040.3826,4734617.4861,0.3945493776602305
47,83,1902914.0485,4772911.9467,0.39869037387452294
47,84,1675509.0123,4790135.3155,0.349783231984775
47,85,1885159.8307,4737041.3337,0.39796144848656884
47,86,1711961.9231,4764216.4593,0.35933756111315235
47,87,1757817.8821,4741321.3442,0.3707443040641649
47,88,1718401.4015,4792473.0408,0.3585625598455427
47,89,1770813.0804,4754522.5327,0.3724481413687591
47,90,1759725.7947,4728445.6798,0.3721573459578014
47,91,1839635.7152,4750424.9074,0.38725708774688716
47,92,1721251.2292,4754116.2358,0.3620549317323025
47,93,1760557.9298,4786442.7565,0.36782178736163895
47,94,1880747.4774,4765446.5503,0.3946634292397217
47,95,1738552.0545,4782979.805,0.36348722457129423
47,96,1814580.343,4770301.9823,0.3803910841982168
47,97,1794535.6067,4761532.5938,0.3768819327282707
47,98,1842505.0838,4763425.4233,0.3868025465009908
47,99,1677874.5319,4797609.8003,0.3497313457620252
47,100,1702121.3723,4755342.615,0.35793874597614034
47,101,1775707.5448,4752128.9013,0.3736656941932351
47,102,1782617.7732,4800741.2477,0.3713213608531889
47,103,1848530.8941,4784938.6673,0.38632279797706826
47,104,1728526.887,4780944.0184,0.36154510078921026
47,105,1906422.2938,4797654.792,0.39736545801063544
47,106,1879970.194,4764371.127,0.3945893684364946
47,107,1748783.7005,4813226.3989,0.3633287852197565
47,108,1701016.1885,4777689.9737,0.35603318713932314
47,109,1808412.3723,4773227.6025,0.3788657325606756
47,110,1707392.2638,4794811.2092,0.35609165602265147
47,111,1860810.327,4746857.3412,0.3920089004675226
47,112,1710876.3647,4775849.7352,0.35823496541152233
47,113,1741771.1471,4727386.053,0.3684427562235311
47,114,1848286.1917,4747682.875,0.38930279051125544
47,115,1887559.3923,4746085.641,0.3977086666944955
47,116,1858595.5891,4736522.1565,0.3923966842526898
47,117,1713772.8717,4775006.2117,0.3589048465530397
47,118,1719385.2074,4743065.5415,0.3625050491830738
47,119,1694606.6884,4753599.2746,0.3564891759923528
47,120,1762786.1092,4776810.05,0.36902997832203943
47,121,1781878.7656,4757995.9554,0.37450195046460466
47,122,1840450.5174,4775286.2863,0.38541155588517034
47,123,1904488.8273,4752469.1715,0.4007367030849976
47,124,1809080.1987,4776016.4832,0.378784328961924
47,125,1986187.6265,4814107.0453,0.4125765397009835
47,126,1788877.471,4741286.9622,0.3772978698108466
47,127,1640429.866,4777634.6089,0.3433560747705844
47,128,1666715.6008,4793834.9129,0.3476789733236206
47,129,1819753.1831,4734888.3647,0.3843286352148872
47,130,1799597.2541,4770455.8995,0.3772380024074049
47,131,1958204.6835,4764708.8894,0.4109809704967282
47,132,1765440.9627,4815545.4882,0.36661287221271854
47,133,1732907.3703,4755341.2306,0.36441283312098977
47,134,1791925.5345,4760764.9198,0.3763944585979009
47,135,1785199.4427,4763081.4775,0.37479926621725523
47,136,1873573.3518,4713385.8372,0.3975005264820419
47,137,1877642.6283,4813868.6085,0.39004858275204835
47,138,1737500.5146,4750561.7019,0.3657463314085747
47,139,1806092.9041,4819772.4166,0.3747257646189999
47,140,1562349.5833,4759470.8172,0.32826119610901017
47,141,1774513.115,4791068.8861,0.3703793782110446
47,142,1897400.6017,4757541.566,0.39881955320366824
47,143,1874352.6579,4832290.9057,0.38788075769384656
47,144,1750300.7131,4807052.1198,0.3641110330155568
47,145,1950748.358,4746670.1845,0.4109719618544523
47,146,1748772.6551,4692412.8792,0.37268090002304843
47,147,1751399.536,4768730.1597,0.3672674857556168
47,148,1689904.8375,4767251.0282,0.35448203325220484
47,149,1805980.3067,4771394.9925,0.37850153037817275
47,150,1868358.7252,4737402.6449,0.394384616475731
47,151,1867678.5449,4803260.0163,0.38883561134770545
47,152,1907968.167,4741576.7129,0.4023910784379287
47,153,1754370.4099,4750983.7837,0.3692646596519681
47,154,1763120.4976,4782891.2826,0.3686306866338723
47,155,1742781.5698,4726316.3516,0.3687399319366373
47,156,1818644.7208,4778006.8962,0.3806283164317715
47,157,1756951.7419,4750145.6252,0.3698732376917445
47,158,1815937.8106,4777267.9861,0.38012056595603927
47,159,1719446.2939,4809464.1593,0.35751306942897754
47,160,1712031.2053,4689517.9381,0.3650761608971784
50,0,233838.4747,478736.4125,0.48844931907075273
50,1,234052.88,478775.8488,0.48885690576629603
50,2,241431.048,481517.6278,0.5013960737077713
50,3,232444.5234,477703.309,0.4865876350879537
50,4,240251.8476,482799.4204,0.497622485546795
50,5,236521.5,482712.9052,0.48998379254435565
50,6,227877.8561,471828.8217,0.4829672237464335
50,7,236177.5626,474718.5615,0.4975106973987576
50,8,224083.1886,477679.8115,0.4691075134541247
50,9,226989.0163,475223.5048,0.47764686301770654
50,10,231819.0147,481226.3663,0.48172550577887985
50,11,215071.8714,470070.5926,0.4575310065886474
50,12,235651.437,480087.5476,0.49085096703308034
50,13,228663.9177,479088.233,0.4772897807740563
50,14,236129.0147,478973.0453,0.4929901943690859
50,15,226029.6253,475632.797,0.47521875431142735
50,16,234240.1496,475805.7187,0.492302089684825
50,17,232318.5529,482292.3462,0.481696536821384
50,18,239700.0071,479719.1067,0.4996674173536728
50,19,222357.6276,471596.7126,0.47149952842991893
50,20,232101.6168,477248.6478,0.48633268605355284
50,21,234423.6408,477821.2805,0.4906094608316634
50,22,243803.5083,483367.116,0.5043857975228915
50,23,227572.6994,480136.8869,0.4739746218402867
50,24,240091.437,470960.674,0.5097908387144868
50,25,229603.7083,477827.3189,0.48051607603468066
50,26,244790.6631,479907.9707,0.5100783442770187
50,27,228706.6357,484459.2986,0.4720863782797047
50,28,234728.8844,479500.0506,0.48952838296113416
50,29,240330.2499,480645.3513,0.5000157585004817
50,30,239094.2541,481272.263,0.4967962471171957
50,31,237652.8797,478721.7321,0.4964321938289544
50,32,243573.6516,478967.8083,0.508538668735412
50,33,249651.1391,480025.3336,0.5200790908840482
50,34,224744.7609,475157.787,0.4729897458252115
50,35,222362.4746,472701.4388,0.47040786498236487
50,36,225606.6775,477154.5081,0.4728168206947304
50,37,243226.8013,480187.9008,0.5065242187376663
50,38,229179.992,482726.1111,0.4747619545123877
50,39,228764.1503,482344.0497,0.4742758834534867
50,40,240425.2051,470393.5344,0.5111150292630383
50,41,241502.2458,479766.732,0.5033743060783964
50,42,233158.5142,476077.0022,0.4897495848834346
50,43,225830.6392,476485.8916,0.4739503166435411
50,44,238612.3384,481172.6712,0.49589752843801993
50,45,231949.9557,476923.986,0.4863457542686897
50,46,241456.2035,478007.9686,0.5051300801682912
50,47,235071.8902,482998.5907,0.486692704132563
50,48,222973.5098,474326.8718,0.4700840771551666
50,49,227659.3747,479071.7182,0.4752093810826005
50,50,247530.9653,482959.7171,0.5125292162798478
50,51,244363.7378,476792.4018,0.5125160067095683
50,52,233826.8018,483587.0667,0.4835257555493264
50,53,226829.8588,476929.8784,0.4756042115896927
50,54,227925.0622,474819.6047,0.48002453972810866
50,55,230303.6538,477902.4924,0.4819051113197333
50,56,229028.2238,480579.5068,0.4765667710739762
50,57,236755.0194,485169.7963,0.4879838382470224
50,58,234423.9219,476748.2835,0.4917142442108027
50,59,234184.1665,482636.3004,0.48521871708761344
50,60,231549.3627,478600.3411,0.48380526049733735
50,61,234750.2226,475051.537,0.49415737939187004
50,62,241500.6875,482200.8518,0.5008300723619751
50,63,229258.469,482761.9968,0.4748892218518556
50,64,240263.7423,483501.4024,0.49692460271548533
50,65,227123.9889,472360.0568,0.48082810057787256
50,66,232899.0615,483356.5953,0.48183693729357086
50,67,250547.6738,481089.1467,0.5207926130086609
50,68,229622.2263,484868.5427,0.47357625021690236
50,69,230874.8473,479655.8331,0.48133438888434527
50,70,223827.1483,475076.5747,0.47113909676843513
50,71,237711.1872,479393.7161,0.49585795394617604
50,72,232208.6093,480624.4435,0.48313940841005104
50,73,228793.8694,481271.8172,0.47539428078524104
50,74,229457.755,471239.283,0.486924081411948
50,75,236264.4147,474187.2883,0.49825126174728795
50,76,235575.7183,477456.9442,0.4933967788335709
50,77,232331.6399,478845.2907,0.4851914478690309
50,78,247015.753,480494.8665,0.5140861437278227
50,79,243565.6924,479863.4251,0.5075729460924068
50,80,232833.0877,478372.5704,0.48671914341851236
50,81,232903.7864,478519.7491,0.4867171874056305
50,82,240459.2559,480884.4743,0.5000353905166616
50,83,229119.4708,481330.6124,0.47601267174254636
50,84,235816.6696,482622.1326,0.4886155310151228
50,85,233993.6951,479264.1727,0.4882353166141434
50,86,235522.8962,476950.5344,0.49380990105459455
50,87,217859.2755,473379.2745,0.46022140646125814
50,88,232372.7041,474807.7933,0.48940372794845616
50,89,231907.3485,466452.4496,0.4971725385918093
50,90,232201.4991,479581.0707,0.4841756968453259
50,91,218428.4834,475313.5743,0.45954606645030543
50,92,231689.4443,479034.0059,0.4836597014959434
50,93,231971.1293,479632.0251,0.4836439544495295
50,94,229718.5973,477399.8295,0.4811870116095213
50,95,219316.9451,479456.8347,0.4574279251587442
50,96,229502.7281,475366.5747,0.4827910507692665
50,97,227228.2497,482777.8671,0.47066832426461086
50,98,228652.4752,478268.0024,0.4780844088515172
50,99,222429.2123,475669.9329,0.46761251219711053
50,100,235822.9461,477135.2549,0.4942475821649875
50,101,233299.8147,474660.9266,0.49150836234009915
50,102,241636.9803,481451.0036,0.50189319057014
50,103,235200.4512,478692.3938,0.491339436862387
50,104,240514.7909,475078.3854,0.5062633836677176
50,105,234991.0981,478007.5727,0.49160538769849493
50,106,240071.0741,478727.6275,0.5014773752534263
50,107,237796.0331,485983.2927,0.4893090702333932
50,108,235270.0946,474921.1813,0.4953876640245778
50,109,237593.0211,479771.1095,0.4952216096288307
50,110,236364.9722,479495.8773,0.4929447434062433
50,111,240142.0002,480238.1341,0.5000477537046136
50,112,248347.1412,481243.0256,0.5160534864694775
50,113,244679.3158,478595.69,0.5112442943228344
50,114,231562.0018,476603.3663,0.485858930451285
50,115,232435.6399,474664.2684,0.48968429977570227
50,116,228579.5593,470230.2254,0.48610137535408204
50,117,233717.5499,479190.6552,0.4877339475713549
50,118,238928.0241,486495.4087,0.49112082010898533
50,119,234382.5712,480341.72,0.4879496438493829
50,120,237073.4137,476506.5723,0.49752391148708613
50,121,238289.7707,480096.3398,0.4963374034454574
50,122,225194.0405,476855.9441,0.47224752734292275
50,123,237506.1568,471279.3548,0.5039604522901117
50,124,238602.2103,480434.2877,0.4966385963880071
50,125,232177.6576,479669.1606,0.4840370752824254
50,126,224684.9083,479364.7907,0.4687138326782414
50,127,246219.2178,479020.0806,0.5140060464513229
50,128,221178.0124,476838.8041,0.4638423100180743
50,129,222423.2735,477439.8775,0.4658665603398409
50,130,234520.8844,478803.3274,0.4898062961957603
50,131,235685.648,479492.9636,0.4915309835424663
50,132,231962.5491,480725.091,0.4825264032244991
50,133,228417.1463,478071.9368,0.4777882337727714
50,134,228852.6816,477892.1102,0.47887938870600755
50,135,222728.1048,475913.1044,0.46800162202047574
50,136,241164.9234,479007.4189,0.503468033864308
50,137,223189.2616,483013.3186,0.4620768268811046
50,138,234313.5661,480595.042,0.4875488626035389
50,139,237464.4225,482469.3361,0.4921855229588756
50,140,226948.1378,483849.3599,0.46904709731744754
50,141,237434.2271,474313.7616,0.5005847317165423
50,142,253964.2023,482080.8159,0.5268083564492656
50,143,235967.3235,484256.6123,0.487277442385891
50,144,235118.9021,481811.6214,0.4879892714435053
50,145,236925.5063,470987.0777,0.5030403540092709
50,146,235464.5483,483421.2531,0.4870794297727991
50,147,231724.2848,479023.2286,0.4837433154906509
50,148,234197.993,481998.4905,0.48588947396298954
50,149,242814.9414,481963.6954,0.5038033854364874
50,150,241173.5055,473719.257,0.5091063999114565
50,151,242855.8724,480017.896,0.5059308713773455
50,152,229071.582,480742.6191,0.4764952656555513
50,153,217465.2949,476230.3021,0.4566389285626266
50,154,242255.3613,476695.4147,0.5081973810309445
50,155,244444.4974,476645.6538,0.5128432315519835
50,156,237279.2914,477521.6415,0.49689746134783297
50,157,229588.1781,476446.469,0.4818761246817006
50,158,236540.5141,479707.3419,0.49309337889873145
50,159,233019.8373,484718.0086,0.48073278311450796
50,160,234084.3302,478676.1233,0.4890244547528699
51,0,2078609.417,5923816.1322,0.3508902657699542
51,1,2072299.2814,5896086.8743,0.35147027606271986
51,2,2106653.4014,5970104.4578,0.3528670924086825
51,3,1984445.5457,5939998.1308,0.33408184682925723
51,4,1962964.1424,5924313.0572,0.33134038047066894
51,5,2139425.0362,5905248.572,0.3622921220190763
51,6,2037620.3038,5939703.3643,0.34305085268178803
51,7,2080629.1606,5881757.6539,0.3537427556574697
51,8,2065097.8754,5887710.9343,0.35074715767198633
51,9,2037885.4721,5963787.456,0.3417099430748056
51,10,2091814.2762,5916708.749,0.35354356026964207
51,11,1988902.2003,5878568.7748,0.33833102520224684
51,12,2201282.6108,5952950.4845,0.3697800975384545
51,13,2154009.6735,5909859.7234,0.364477292916316
51,14,2073431.0162,5969415.7568,0.3473423699527164
51,15,1993833.8759,5896021.7786,0.338165961858681
51,16,2099218.2852,6010213.769,0.34927514492538175
51,17,2116202.6191,5897377.9084,0.35883788557720914
51,18,2071113.7159,5882228.7702,0.35209676413683255
51,19,2114147.4987,5940986.9421,0.35585796085804866
51,20,2174177.989,5907391.4755,0.36804366157500645
51,21,2063588.9045,5894242.1358,0.3501024995166606
51,22,2039784.6075,5943915.7322,0.34317185831721436
51,23,2029013.7611,5975777.8296,0.3395396915610927
51,24,2124744.3491,5863101.7225,0.3623925440260004
51,25,2062687.6236,5872795.5249,0.3512275567665235
51,26,2128053.7538,5991006.5177,0.35520805185452853
51,27,2141241.4144,5897116.7971,0.3630997126346538
51,28,2093722.4654,5924956.5576,0.35337347118847
51,29,2250801.7948,5881633.5815,0.3826831038709445
51,30,2002059.914,5914853.4293,0.3384800549887736
51,31,2149411.7451,5922142.2463,0.3629449708748378
51,32,1941706.075,5979985.7226,0.3247007877730815
51,33,2095588.5385,5952352.7602,0.3520605419275567
51,34,2028468.0166,5970778.791,0.33973256883299596
51,35,2058099.1641,5892121.5919,0.3492967909775155
51,36,2093301.4103,5878475.6068,0.35609595927871973
51,37,2135692.8565,5915338.2657,0.3610432338052048
51,38,2051299.0857,5885945.4538,0.34850800127202497
51,39,1991091.4219,5826058.2708,0.34175618048300005
51,40,2106511.6989,5942203.2074,0.3545001113857397
51,41,2087699.5571,5963689.4418,0.35006845635977263
51,42,2142936.8729,5958077.6756,0.359669173444302
51,43,2166540.9189,5941026.9529,0.3646744807044587
51,44,2128194.0959,5966661.1877,0.35668090225856547
51,45,2075250.7548,5872019.5301,0.3534134626361944
51,46,1970927.004,5881722.3199,0.335093514586984
51,47,2073846.7113,5951972.3521,0.34843016543386607
51,48,2095490.5837,5971046.1214,0.350941952397561
51,49,2081492.76,5878954.4567,0.35405832369186147
51,50,2007193.7704,5870412.3349,0.34191699933360675
51,51,1978923.7744,5897170.1744,0.3355717599927228
51,52,1967300.6651,5905110.0948,0.33315224162076024
51,53,2092914.5859,6013692.9501,0.34802484983294624
51,54,2106502.0745,5933056.4332,0.35504500896241364
51,55,2193669.9341,5975589.371,0.36710520049219764
51,56,2088081.2282,5946984.8379,0.3511159495300384
51,57,2013392.7583,5939770.4682,0.33896810812457917
51,58,2162639.4839,5958167.4826,0.3629705761403465
51,59,2131713.8315,5983451.8998,0.3562682323177452
51,60,1866540.2456,5969469.634,0.3126810855974278
51,61,2065552.2404,5920169.3002,0.3489008735493797
51,62,1979189.8693,5910726.9641,0.33484711463090944
51,63,2208878.8383,5941893.9412,0.3717465946310553
51,64,2093291.8601,5950854.8697,0.3517632182156593
51,65,2097870.2063,5878355.8243,0.3568804388512525
51,66,2077588.2117,5951794.9755,0.34906918337278
51,67,2007051.0869,5941741.4604,0.33778835721419703
51,68,2075227.687,5955362.522,0.34846370465841475
51,69,2022279.0156,5809681.7923,0.3480877417899678
51,70,2104051.6485,5848249.5494,0.35977460105406495
51,71,2153550.006,5874990.4194,0.36656230091689873
51,72,2081290.8173,5899849.7913,0.35277013668536106
51,73,2140993.9435,5915023.2606,0.3619586684909883
51,74,2108163.9189,5920035.196,0.3561066529341627
51,75,2137141.9531,5921148.7087,0.3609336732178128
51,76,2161258.948,5939554.2551,0.36387561341732577
51,77,1941839.2663,5947493.7931,0.32649706478934537
51,78,1998067.9316,5924116.0013,0.33727697620396696
51,79,2085572.9145,5880589.2229,0.3546537320407332
51,80,2174665.7379,5931849.583,0.3666083752582571
51,81,2058593.3396,5897805.5215,0.34904395068565
51,82,2110271.7342,5889632.1215,0.3583028091850575
51,83,2159368.4723,5958208.7248,0.3624190712406578
51,84,2090906.214,5945001.1438,0.3517082946536674
51,85,2024149.4178,5954605.3109,0.3399300729629825
51,86,2018795.6739,5934385.5293,0.34018613450921686
51,87,2176845.763,5949912.0985,0.3658618357654045
51,88,1965869.2075,5854643.773,0.33577947416135645
51,89,2046255.3667,5960140.4971,0.34332334408822035
51,90,2132029.9775,5938371.5231,0.3590260341924547
51,91,2090793.4509,5996080.0397,0.34869338585490395
51,92,2016204.6156,5940647.8221,0.3393913721159249
51,93,2123203.8381,5887594.4459,0.3606233169777099
51,94,2095121.6916,5902922.1708,0.35492958080388454
51,95,2069411.4431,5958543.9155,0.3473015341410552
51,96,1945801.8615,5953550.75,0.3268304820446857
51,97,2073719.3486,5880897.4662,0.3526195381773854
51,98,2092162.7614,5886887.1542,0.3553937261914977
51,99,2109030.0972,5965734.2878,0.35352397466192764
51,100,2042984.4229,5839399.1175,0.3498620974163957
51,101,2151228.0656,5971546.1374,0.36024641124796547
51,102,2065895.4184,5981637.4225,0.3453728924841064
51,103,1999729.345,5916421.625,0.3379964227955103
51,104,1970715.1257,5875975.1155,0.3353852061935268
51,105,2062681.3234,5970135.4689,0.3454999194147348
51,106,2097962.0202,5912071.5819,0.3548607270965695
51,107,2055962.1034,5900061.3927,0.3484645271562413
51,108,2051426.2078,5913793.4194,0.346888378121286
51,109,1992364.2188,5963496.0542,0.3340933238979521
51,110,1919700.7999,5933131.5984,0.3235560796287899
51,111,2165951.9357,5946709.0709,0.3642269883857284
51,112,2038691.584,5952353.8184,0.34250174740922956
51,113,2074205.146,5925856.519,0.3500262180411392
51,114,2070226.3804,5966231.9884,0.34699059379941827
51,115,2107467.6673,5908212.7242,0.35670138596530665
51,116,2172659.3453,5953787.477,0.36492054069668634
51,117,2093988.3689,5877853.4145,0.35625052569946153
51,118,2056061.7768,5967932.1172,0.34451829149904123
51,119,1979679.7026,5891741.3467,0.3360092689250234
51,120,2028561.1425,5897147.41,0.34399023823961017
51,121,2102022.4969,5955695.3048,0.35294325671863575
51,122,2137762.3632,5849234.7641,0.3654772717143504
51,123,2021255.413,5891096.1765,0.34310344839775847
51,124,2087475.9108,5904779.4028,0.3535230985615035
51,125,2093295.7863,5857792.8302,0.3573523077682024
51,126,2077462.0468,5826699.7775,0.3565418034445829
51,127,2157094.6653,5958012.3336,0.3620493789741154
51,128,2091646.4214,5874813.4392,0.3560362287325381
51,129,2045692.8326,5919389.6003,0.34559185502780937
51,130,2160848.6569,5926504.8772,0.36460758940957816
51,131,2067510.8512,5890664.4729,0.3509809225617217
51,132,2178802.259,5954303.6645,0.3659205814426598
51,133,2045349.342,5958722.2267,0.3432530103241169
51,134,2122932.1396,5887527.0248,0.3605812985074351
51,135,2089160.4452,5986588.9019,0.34897342701065553
51,136,2052269.9379,5831320.4671,0.3519391447406806
51,137,2055231.0258,5908205.6228,0.3478604430876241
51,138,2055997.0733,5944508.6543,0.3458649306217732
51,139,2085715.6511,5944021.5966,0.35089301362785025
51,140,2108201.7245,5901941.5418,0.3572047790661497
51,141,2115859.5871,6005722.0231,0.3523072794514468
51,142,1973404.5576,5898021.6418,0.33458754095004345
51,143,2003840.2347,5877623.9202,0.34092692249554724
51,144,2216036.0929,5880134.6327,0.3768682575015218
51,145,1987879.9911,5858410.4923,0.3393207071632774
51,146,2159479.961,5915260.5535,0.36506928840560665
51,147,2062366.6645,5982724.9875,0.34472028528956344
51,148,2150039.0774,5975151.5667,0.3598300483928041
51,149,2209255.4265,5918745.3599,0.3732641450446394
51,150,2025842.2203,5919300.779,0.34224350069979775
51,151,2146658.4806,5824409.8502,0.36856240130942836
51,152,2076133.1837,5945629.7758,0.3491864212854812
51,153,2052363.5017,5931313.1972,0.3460217718175565
51,154,2045671.545,5945875.1644,0.34404885545666
51,155,2027995.9077,5981189.2842,0.33906231876947696
51,156,2057857.0664,5881085.0957,0.34991111893698285
51,157,2202137.7927,5932641.0397,0.371190128976918
51,158,2059926.0684,6020627.9401,0.34214472126403905
51,159,2146000.8801,5959039.2264,0.3601253152677183
51,160,2149649.9205,5956665.8873,0.36088139928801344
54,0,481708.5978,1396127.7343,0.34503189498024145
54,1,492389.8371,1394429.3774,0.3531120651072996
54,2,482243.9958,1410188.3176,0.34197134509008786
54,3,483438.8831,1396399.4102,0.34620387230810934
54,4,483534.8468,1399676.7615,0.34546179525178894
54,5,432311.2927,1396465.0318,0.30957545148320986
54,6,473908.4826,1386539.6057,0.3417922435477387
54,7,468943.5504,1397134.1058,0.33564677038034413
54,8,483846.8245,1392661.3906,0.34742603461674515
54,9,445071.1144,1381505.9089,0.3221637428640317
54,10,478769.2602,1388500.8072,0.34481021380568627
54,11,446826.2882,1379333.2227,0.323943685866822
54,12,492088.3224,1399601.5159,0.35159173293947704
54,13,460055.849,1398214.5328,0.3290309449714511
54,14,516330.7459,1398460.9802,0.3692135520478786
54,15,475432.4969,1407603.7366,0.33776018387702256
54,16,511702.1119,1401659.8394,0.3650686832256257
54,17,462777.4997,1399057.0955,0.3307781370671016
54,18,470808.8801,1385551.6539,0.33979886550947735
54,19,460994.9099,1396720.4526,0.3300552440839943
54,20,490851.4192,1411332.4606,0.3477929069889913
54,21,482289.2177,1402010.7954,0.34399821975864364
54,22,457316.6654,1401408.2048,0.3263265220180906
54,23,480365.8104,1389406.4919,0.34573453715701613
54,24,445193.6616,1379068.9036,0.3228219129862483
54,25,480608.4978,1396955.9057,0.3440398482435794
54,26,475045.5709,1387517.8855,0.34237077292075024
54,27,467102.574,1409170.7569,0.3314733659585496
54,28,477272.7161,1397410.1822,0.3415408891243443
54,29,440843.9207,1382562.5674,0.31886001479776505
54,30,492253.5667,1390734.2127,0.3539522952731053
54,31,491523.9104,1397950.9077,0.3516031268999905
54,32,458491.6247,1392698.0423,0.32921107862176247
54,33,497886.0344,1410894.3977,0.3528868179019207
54,34,488694.4891,1384498.238,0.35297588374395605
54,35,513940.1729,1401555.3532,0.366692740123737
54,36,478710.5995,1395062.9906,0.3431462254576134
54,37,491312.5721,1386555.6529,0.3543403188126009
54,38,542467.3498,1404398.1539,0.3862632176591613
54,39,478914.5402,1424227.2373,0.3362627308742595
54,40,469047.9316,1398886.1056,0.33530101537381374
54,41,464623.2435,1399782.6913,0.3319252669630435
54,42,474590.0883,1399653.133,0.3390769306412148
54,43,446593.5145,1385855.2798,0.32225119102223304
54,44,489077.2852,1399589.4928,0.3494433815886675
54,45,514391.3824,1409653.8633,0.3649061629894091
54,46,531668.6219,1404637.4595,0.37850949958949176
54,47,491460.7659,1398706.2516,0.351368105588869
54,48,491014.3171,1396787.3443,0.35153118984341303
54,49,481023.5053,1410570.9685,0.3410133315103741
54,50,455781.3363,1396098.6435,0.3264678598622247
54,51,459756.6723,1398043.4296,0.32885721756980246
54,52,513921.9953,1411007.6372,0.36422339734448606
54,53,472720.6491,1390532.9261,0.33995645858299106
54,54,450023.529,1391317.358,0.32345138685461583
54,55,501194.6927,1402821.6691,0.35727612692320937
54,56,528297.9401,1393363.2763,0.37915305296610535
54,57,479774.7523,1387147.4336,0.3458714918679283
54,58,493732.3676,1391703.4615,0.3547683693104043
54,59,466899.4607,1391006.0568,0.3356559508979415
54,60,523699.4073,1384915.704,0.3781453310027597
54,61,450664.6478,1396236.8543,0.3227709155592656
54,62,497045.5832,1396945.1889,0.3558089373509277
54,63,489856.6446,1401028.2271,0.34964081031683303
54,64,515099.7388,1403863.9618,0.366915707515956
54,65,487995.3301,1386198.3814,0.35203859465421244
54,66,475821.0762,1396398.7367,0.340748715746099
54,67,508409.5837,1398264.4135,0.3636004598210423
54,68,472688.5088,1401602.6308,0.3372485884463567
54,69,485649.5946,1389436.7995,0.3495298201219119
54,70,458690.76,1398563.6784,0.32797273880639916
54,71,483200.0237,1397117.6507,0.3458549274342798
54,72,470610.0619,1388051.2563,0.33904372029780927
54,73,492461.6883,1405915.4712,0.350278305053195
54,74,489026.1895,1393061.9646,0.35104410423007826
54,75,468380.0438,1381275.3483,0.339092451317876
54,76,496886.608,1400545.4338,0.35478078469174185
54,77,443440.5545,1385340.9642,0.3200948834686888
54,78,454071.1361,1391034.7418,0.32642688385513047
54,79,520110.0112,1397330.876,0.37221678854536383
54,80,513670.6368,1400561.0923,0.36676060731949267
54,81,498870.1135,1395064.9869,0.3575963257514968
54,82,449101.8132,1385156.9424,0.324224497205249
54,83,491228.4308,1396307.6149,0.35180530819863826
54,84,504422.7626,1407076.2952,0.3584899868761573
54,85,448343.841,1387723.7411,0.3230785982263397
54,86,468813.8232,1395025.6458,0.3360610785984161
54,87,447038.4464,1402576.3966,0.3187266287124684
54,88,505553.5471,1408620.0429,0.35889986774516597
54,89,472979.598,1409043.6427,0.3356742003346892
54,90,477838.1547,1384509.7894,0.34513165479825103
54,91,443642.2216,1394966.2431,0.3180307937876006
54,92,489605.9361,1388069.853,0.352724277558386
54,93,479181.9231,1401895.5487,0.3418100039937733
54,94,521678.4305,1403037.1579,0.37182082282184437
54,95,455949.9222,1396378.0891,0.32652325738931565
54,96,423798.7398,1385749.0126,0.30582647791669804
54,97,468910.2997,1399867.7057,0.3349675814297914
54,98,486431.7361,1415897.6907,0.3435500596512132
54,99,483711.2953,1399655.7498,0.34559304698253024
54,100,466204.9632,1400928.4805,0.33278284344223524
54,101,483274.0819,1411259.0634,0.3424417914707296
54,102,495263.0928,1391228.1027,0.35598985661576804
54,103,484236.3998,1377335.482,0.3515747660089686
54,104,454200.4287,1396784.2847,0.3251757867518911
54,105,481175.7278,1391701.3399,0.3457463997516699
54,106,486646.0293,1402522.4027,0.34697914868465296
54,107,454898.271,1395992.7242,0.32586005866233153
54,108,507016.4331,1403306.7284,0.36130122006760557
54,109,423984.3613,1390466.3644,0.3049224146338509
54,110,487895.0267,1396388.5981,0.349397744556104
54,111,486876.6431,1388608.0651,0.35062207640637444
54,112,479211.5084,1411735.7799,0.33944844015637604
54,113,492578.5142,1383901.4961,0.3559346641275735
54,114,475427.8022,1393650.6217,0.34113844230203455
54,115,471868.9102,1402982.4681,0.33633272042168294
54,116,477490.8137,1406963.9533,0.33937672147183073
54,117,468977.8442,1400672.627,0.33482330928710297
54,118,527268.6365,1399538.539,0.3767446353258301
54,119,459446.045,1390077.7092,0.3305182451018617
54,120,463748.1444,1408684.5853,0.32920651595065054
54,121,470447.9117,1394115.6708,0.3374525669236886
54,122,503084.3213,1394984.5628,0.3606379129316054
54,123,469108.5664,1402308.1245,0.334526027628388
54,124,505508.8824,1393085.3572,0.3628699991621734
54,125,527805.6895,1392299.4074,0.37908921507453053
54,126,505734.9561,1381396.9388,0.36610400812045
54,127,486496.6455,1389293.6476,0.3501755344094614
54,128,484538.9762,1382037.6274,0.3505975283115508
54,129,496061.0468,1396700.2781,0.35516642659713377
54,130,436657.1077,1398492.4569,0.31223415295919854
54,131,501677.3356,1403286.8546,0.3575016283773289
54,132,481552.1983,1380703.5112,0.34877306705874334
54,133,497592.8408,1395620.2943,0.3565388399927053
54,134,434363.337,1383839.5039,0.31388274129756905
54,135,514583.7101,1399888.3423,0.36758911018184853
54,136,534852.9627,1395492.1094,0.3832719361845501
54,137,466568.1277,1400253.6425,0.3332025809745394
54,138,499529.2583,1403061.2055,0.3560281307343153
54,139,469339.7026,1385148.9922,0.33883698089009084
54,140,509008.3997,1397133.3043,0.36432343151037144
54,141,467661.3881,1397731.4147,0.33458601787266534
54,142,489801.98,1393927.0682,0.3513827883638769
54,143,485311.4262,1384860.736,0.3504405992488186
54,144,530739.9454,1392599.8321,0.3811144688992671
54,145,491067.5352,1387393.7516,0.3539496517363442
54,146,498248.5535,1406968.8496,0.3541290581107404
54,147,477752.842,1387723.1011,0.3442710160415301
54,148,489468.5126,1403783.2519,0.3486781252999789
54,149,509843.1589,1405149.081,0.36283919321724983
54,150,468641.2051,1400779.8011,0.3345573692110544
54,151,494905.749,1398520.5237,0.3538780737308389
54,152,472708.7308,1404424.3825,0.33658539163107987
54,153,494135.3964,1391801.2035,0.3550330285369666
54,154,458909.1558,1397948.2823,0.3282733428771566
54,155,465058.1968,1397580.8842,0.3327594145409391
54,156,454368.875,1409585.6394,0.3223421566591763
54,157,447989.1396,1389209.4874,0.3224777426753989
54,158,438977.997,1385734.7102,0.31678357608336394
54,159,512617.3534,1387725.8968,0.36939380794295196
54,160,516010.1533,1393607.8949,0.3702692523401835
02,0,213310.4021,482902.6813,0.4417254456441553
02,1,214735.1488,479851.7433,0.4475031127807096
02,2,212734.359,487412.4713,0.43645653635535114
02,3,220427.6741,478398.4191,0.4607617109493914
02,4,195690.5385,468713.7053,0.4175054757034432
02,5,216722.8554,484658.707,0.44716591752059454
02,6,216910.9298,485215.312,0.4470405703107737
02,7,226742.434,481494.3245,0.4709140325495155
02,8,211453.8877,483612.5857,0.4372381818681027
02,9,209169.7119,487932.9343,0.4286853729192922
02,10,207465.8472,482790.3053,0.4297224797649639
02,11,208874.0478,475389.0783,0.4393749400952529
02,12,206813.3374,482112.9281,0.4289728097834844
02,13,222706.7123,480547.001,0.46344418305921337
02,14,217009.0592,482647.9667,0.4496218241294002
02,15,210124.0163,490454.2399,0.4284273622404462
02,16,226443.3123,488570.5685,0.4634812796751592
02,17,198962.0291,481525.1965,0.41319131490142075
02,18,216581.2212,493417.7066,0.43894091821795195
02,19,195098.2437,475012.4711,0.41072236113760424
02,20,229580.0742,493445.2304,0.4652594858681605
02,21,217311.9194,478820.8995,0.4538480246516474
02,22,224463.684,484896.1931,0.4629107986288292
02,23,228250.7398,470843.4779,0.4847698874751685
02,24,211057.4383,478876.0995,0.4407349594610537
02,25,206035.3021,480971.3063,0.4283733757112903
02,26,211195.0333,484620.2896,0.43579486421073693
02,27,212639.5234,488284.0253,0.4354832687171263
02,28,217274.1366,492551.1868,0.44111991285937957
02,29,204289.1912,488017.8114,0.418610113048837
02,30,222433.6434,488198.3975,0.455621412399249
02,31,211482.918,474278.5889,0.445904417676739
02,32,203776.0171,481827.9569,0.42292277602790135
02,33,214467.2745,477245.8055,0.44938535242925254
02,34,212282.6014,490023.4643,0.433209053985295
02,35,205313.7114,474252.6469,0.43292053875092457
02,36,224343.6755,482371.9402,0.4650844230428974
02,37,202414.0858,478621.0151,0.42291098680175776
02,38,228269.3731,490495.3481,0.4653853986265767
02,39,194830.8025,480219.788,0.4057117331866383
02,40,223788.7169,486465.2539,0.4600302182034218
02,41,212355.0811,485535.2854,0.43736281890420153
02,42,222872.4353,489597.7422,0.4552154066285643
02,43,210119.676,474325.0814,0.4429866440539444
02,44,198591.27,478137.0167,0.4153438513726352
02,45,217163.8968,485851.7895,0.44697560345200704
02,46,206276.4505,488071.137,0.4226360357383723
02,47,231370.6125,481992.8048,0.4800291834148973
02,48,200793.0909,480595.096,0.41780095671221745
02,49,208352.8438,483498.9655,0.4309271759962018
02,50,222939.8675,486633.0211,0.4581272906554101
02,51,209814.3934,479052.4179,0.4379779447095867
02,52,211822.643,474153.4051,0.4467386308347319
02,53,210046.4785,483131.8266,0.43476017710980586
02,54,212101.1267,486935.4872,0.4355836291982623
02,55,214784.2548,484938.928,0.44290990555412785
02,56,227498.8681,491926.2668,0.46246538039102736
02,57,203933.387,476472.8898,0.42800627562588345
02,58,220738.7425,490900.043,0.44966128165525543
02,59,203511.2998,477336.1522,0.42634797063250807
02,60,221208.7711,486828.8072,0.4543871846292008
02,61,208354.8155,475320.6192,0.4383458387533801
02,62,220265.7999,484868.9012,0.4542790831807631
02,63,223247.7536,480487.2003,0.4646278890688693
02,64,203709.6114,473301.0801,0.4304017462984868
02,65,215553.2071,482749.3969,0.44651160308886134
02,66,201762.2062,481470.5843,0.41905406639397885
02,67,224925.0711,485298.5225,0.4634777578577936
02,68,203729.5813,476774.0269,0.427308472788789
02,69,214004.7091,484757.7346,0.44146734301534546
02,70,226505.7133,482882.0701,0.469070457002251
02,71,214811.6051,478466.0439,0.4489589341577098
02,72,210827.2998,480257.4247,0.43898811128572646
02,73,200505.361,481377.9792,0.41652374986745133
02,74,214987.3731,483563.9759,0.444589307340088
02,75,215216.2796,481621.8364,0.44685739585374
02,76,229893.8294,493876.1069,0.4654888669205228
02,77,194024.7038,475870.4434,0.4077258978593668
02,78,223272.6976,491160.027,0.45458238725929545
02,79,203615.0369,484546.8202,0.4202174659116667
02,80,211966.4156,489286.8811,0.43321499878243924
02,81,216259.9812,479585.5272,0.45093099965423644
02,82,204319.273,469633.8754,0.43506076478400474
02,83,224208.013,486731.4892,0.46064004071015013
02,84,231694.0198,491761.7739,0.47115093546721076
02,85,202094.5693,473215.523,0.4270666524605956
02,86,214373.2028,487030.0731,0.4401642006118657
02,87,212632.5388,482087.5811,0.4410662027734197
02,88,215800.7369,483310.0067,0.44650583250586773
02,89,207709.8869,490965.2668,0.4230643203210806
02,90,222577.3811,494140.1387,0.4504337204533998
02,91,228222.143,488269.063,0.4674106149543208
02,92,194437.8831,481434.405,0.40387201471402945
02,93,213962.3259,481587.3372,0.4442856142023993
02,94,218437.5757,483013.9845,0.45223861567097134
02,95,209689.2793,487318.8322,0.4302917626912921
02,96,222942.4945,483838.1946,0.4607790310649444
02,97,217443.0026,483591.3721,0.4496420224698215
02,98,209075.8406,488447.676,0.4280414277168144
02,99,213877.6467,477747.357,0.4476793928134698
02,100,204081.2532,485087.5841,0.4207101148107905
02,101,204840.5182,475280.5302,0.4309886586639732
02,102,213546.8288,481804.0888,0.4432233635290809
02,103,217008.5709,485885.4842,0.44662493109317714
02,104,212507.6936,478823.237,0.4438124075419506
02,105,211571.6173,482405.6328,0.438576175141212
02,106,218573.0236,484985.7291,0.45067928907023996
02,107,230712.6263,487373.0928,0.47337990075434055
02,108,200909.3736,472050.0293,0.4256103402809385
02,109,209476.2131,481202.6393,0.4353180884558793
02,110,207330.8407,479336.4992,0.43253714466982945
02,111,212488.7514,482426.7032,0.44045810480749525
02,112,196923.835,473550.0379,0.4158458858398077
02,113,221134.5353,486984.84,0.45408915665629346
02,114,214424.3165,478449.1408,0.4481653287985171
02,115,212208.0215,495232.056,0.42850219190980643
02,116,219392.0915,494723.8135,0.4434637781995509
02,117,212652.1048,475093.2869,0.44760073582087906
02,118,207234.6813,482828.6636,0.4292095662980022
02,119,206714.5345,477945.8124,0.4325062154263578
02,120,215391.1495,476790.4136,0.45175226547382075
02,121,216369.9657,476321.2006,0.45425222607653964
02,122,206747.2899,479025.2867,0.4315999502328569
02,123,208306.1317,481708.0183,0.43243235276658876
02,124,223560.0658,482116.7898,0.4637052069743123
02,125,214853.788,481303.5859,0.44639972419536467
02,126,216479.758,482145.3231,0.44899275722125115
02,127,224803.9157,489131.3497,0.45959825686470407
02,128,204998.5667,477116.784,0.42966119318074547
02,129,212471.7384,484320.0597,0.4387010906209632
02,130,232782.1626,489684.7567,0.4753714699406325
02,131,206619.3052,482018.1273,0.4286546366157794
02,132,219023.3663,487756.7547,0.4490422002145571
02,133,210064.8519,492324.8068,0.4266793974193055
02,134,198427.165,487828.6371,0.4067558767758942
02,135,203905.8543,488684.1481,0.4172548978574081
02,136,217517.5949,489145.9145,0.4446885652154415
02,137,210902.8905,477550.9667,0.44163430755337635
02,138,228511.3193,480077.211,0.4759886827871111
02,139,209435.3292,487608.9526,0.42951493831944876
02,140,216396.1696,484340.3848,0.44678531130406784
02,141,219741.5408,481505.3035,0.4563636977676612
02,142,204121.7541,471858.2368,0.43259127038725037
02,143,203916.927,482586.7857,0.42254975279568663
02,144,214138.9867,480367.7509,0.44578135459509255
02,145,218939.8191,472690.1483,0.46317829954231776
02,146,217583.4188,493483.8973,0.4409129051433387
02,147,227510.8287,476251.1293,0.4777118933752416
02,148,208399.9284,478699.2976,0.43534621722829114
02,149,209961.2955,483371.3569,0.4343685088138908
02,150,215513.7355,486122.4794,0.4433321737476516
02,151,211351.361,483190.456,0.43740797934965836
02,152,211545.4039,478671.358,0.4419428912226664
02,153,217708.3964,488551.0923,0.44562052942113545
02,154,209895.6802,482236.1259,0.4352549900907372
02,155,211108.1644,490201.3148,0.4306560550253343
02,156,204812.8531,482132.3193,0.4248063133319177
02,157,220150.259,483337.7068,0.45547917305590196
02,158,220565.5635,487014.7181,0.4528930139123859
02,159,202615.1568,475308.833,0.42628106766111795
02,160,205723.7973,482921.4209,0.42599849250132943
04,0,1472593.3564,4771069.7782,0.3086505594884783
04,1,1459375.0067,4735828.3689,0.3081562280178181
04,2,1457422.6537,4811835.1688,0.30288291318662514
04,3,1411269.7514,4729544.7918,0.2983944150073035
04,4,1461350.8581,4794639.5022,0.30478847417610133
04,5,1562449.8889,4747287.7095,0.3291247517552633
04,6,1457051.557,4686678.9836,0.3108921182992543
04,7,1493146.7445,4793240.0097,0.31151094906124954
04,8,1558744.5797,4810040.3389,0.32406060445980933
04,9,1529519.506,4740202.4712,0.32266965710702994
04,10,1512340.5384,4804655.9256,0.31476562771997885
04,11,1524015.865,4810237.1833,0.31682759226322993
04,12,1504328.6274,4733447.7267,0.31780822653105906
04,13,1421874.9765,4793481.4883,0.2966267795068226
04,14,1391126.4368,4747441.8889,0.29302653288976416
04,15,1518592.2989,4770039.9956,0.3183604959918127
04,16,1478168.2692,4776483.4931,0.30946789020318577
04,17,1491934.2719,4835259.6117,0.30855308539999154
04,18,1515584.1521,4762586.052,0.31822714289089765
04,19,1495998.22,4831247.8554,0.30965048053328237
04,20,1461973.961,4831107.6082,0.30261672468618644
04,21,1511740.1655,4751069.5407,0.31818944188244136
04,22,1423426.3598,4770119.5375,0.2984047566543819
04,23,1412250.7324,4791261.1809,0.29475553076292954
04,24,1386532.666,4739749.1616,0.29253292077843784
04,25,1497338.1165,4620256.7618,0.3240811482339899
04,26,1269116.4933,4744974.5219,0.2674653967987621
04,27,1407782.4311,4771422.1436,0.29504461955609723
04,28,1521585.9933,4769909.179,0.3189968479900904
04,29,1491967.1848,4729422.3918,0.3154649894217131
04,30,1409737.2341,4795429.4406,0.2939751802340386
04,31,1357077.712,4726125.4646,0.2871438183698023
04,32,1466879.5161,4782442.2869,0.3067218437989427
04,33,1304460.8834,4780764.388,0.27285613293854716
04,34,1581928.1578,4797300.1135,0.3297538449488126
04,35,1489693.6726,4775215.1992,0.3119636729355299
04,36,1590123.824,4814856.1249,0.33025365301710347
04,37,1432628.1727,4802236.7203,0.29832518806163777
04,38,1524163.164,4819250.4765,0.31626560425365763
04,39,1449340.6614,4778462.242,0.3033069192555524
04,40,1493045.3937,4773291.6752,0.3127915692764452
04,41,1524631.7295,4765943.4366,0.31990134792444463
04,42,1517708.9753,4739066.4826,0.3202548394019021
04,43,1505200.8641,4740587.3316,0.31751358192824986
04,44,1467393.4678,4698355.3705,0.31232066373979706
04,45,1341201.1554,4692204.106,0.28583606448086596
04,46,1327212.2436,4741089.2401,0.27993825393002014
04,47,1486570.572,4785095.1733,0.31066687665792014
04,48,1557604.8071,4770240.4787,0.32652542655972827
04,49,1512392.0491,4715015.556,0.3207607761071828
04,50,1453352.6828,4810222.3491,0.3021383581305601
04,51,1540534.8078,4726648.886,0.32592537439431035
04,52,1334874.6072,4764722.423,0.28015789561137255
04,53,1411481.0817,4799470.7331,0.29409098631763464
04,54,1513925.369,4796825.7164,0.31560983419180705
04,55,1508647.8633,4818255.9341,0.31311077782791125
04,56,1419759.6698,4782421.4429,0.29687046337327305
04,57,1445007.0052,4818152.7108,0.29990892608301595
04,58,1407179.1821,4826598.2695,0.29154677964233666
04,59,1701045.2088,4781917.2033,0.35572452145890543
04,60,1462682.3504,4754395.062,0.30764846659265693
04,61,1503510.8255,4747265.0229,0.31671095214767225
04,62,1474051.0127,4829042.8303,0.3052470364211754
04,63,1303232.8886,4693527.0966,0.27766599867806546
04,64,1456985.1183,4786455.7689,0.3043974892167106
04,65,1522119.7878,4805920.8796,0.31671761269750387
04,66,1406292.3135,4701682.5399,0.2991040551049009
04,67,1535899.8799,4752277.6679,0.3231923694767406
04,68,1576464.9798,4778318.9565,0.3299204163957111
04,69,1467975.6407,4778731.7837,0.3071893772542721
04,70,1466427.2112,4797676.6513,0.3056536148184664
04,71,1513812.366,4801496.8503,0.31527925836406956
04,72,1545344.6641,4737510.8347,0.3261933783414467
04,73,1315246.2333,4737934.6736,0.2775990645520326
04,74,1410032.3674,4724254.192,0.29846665951796864
04,75,1490510.8604,4785385.4573,0.31147143186266396
04,76,1515500.1861,4774937.284,0.31738640655620387
04,77,1585096.3044,4809533.2639,0.3295738312691619
04,78,1479765.4874,4802634.928,0.3081153386806002
04,79,1507689.6457,4815448.9826,0.31309430359408663
04,80,1580668.0605,4758859.8372,0.33215268248581736
04,81,1474279.4338,4733339.4089,0.31146708622414504
04,82,1460250.1434,4764939.5128,0.30645722563263345
04,83,1544020.9295,4748435.8986,0.32516410929233136
04,84,1598937.0068,4778687.1673,0.33459754757359716
04,85,1463060.0679,4676158.7451,0.3128764756827588
04,86,1367894.7261,4771945.6819,0.28665345695120287
04,87,1425461.6367,4833531.3406,0.29491101562259725
04,88,1510288.9167,4810796.3164,0.313937406069641
04,89,1422138.0822,4779709.7248,0.29753649574598534
04,90,1453130.844,4770618.4701,0.30460009600590426
04,91,1614073.8092,4777152.4366,0.33787362463751947
04,92,1454762.997,4756192.7547,0.3058671235648355
04,93,1483605.3047,4769880.3202,0.3110361696953002
04,94,1443806.4829,4770539.2981,0.3026505794586025
04,95,1513593.2573,4763296.4528,0.3177617165545653
04,96,1461572.0349,4814908.0415,0.3035513912836169
04,97,1440803.0208,4835555.6554,0.2979601773771366
04,98,1450975.2809,4766678.0381,0.30439968239985415
04,99,1552303.6265,4819289.7995,0.3221021542761448
04,100,1445014.3853,4799098.5907,0.30110120848532707
04,101,1492680.5574,4751835.665,0.3141271421472864
04,102,1466015.1362,4793289.4652,0.3058474033006956
04,103,1368251.8586,4731941.0223,0.28915234829679887
04,104,1535116.0212,4770826.1126,0.32177153075138887
04,105,1595571.2573,4722686.4627,0.3378524638258112
04,106,1395302.4919,4732442.4984,0.2948377064003927
04,107,1617905.3789,4773137.6111,0.33896055607899045
04,108,1429858.2731,4793535.1823,0.29828888674473764
04,109,1294089.5666,4731295.9578,0.27351693450217757
04,110,1648463.8535,4773063.2602,0.345368113438942
04,111,1419449.6263,4760470.7011,0.29817421751424883
04,112,1594516.6549,4770072.2828,0.3342751556720708
04,113,1455944.0356,4786511.1549,0.30417646349983646
04,114,1504303.8226,4737640.1931,0.31752175371842295
04,115,1551007.5722,4785724.728,0.32409042733391413
04,116,1358154.4691,4782047.0179,0.2840111073806262
04,117,1524538.7182,4760767.5664,0.3202296051921784
04,118,1438211.5122,4763625.266,0.3019153337826805
04,119,1468605.9652,4732746.3852,0.31030734496835677
04,120,1334432.4191,4752176.3585,0.28080448165884286
04,121,1495909.2962,4763932.2635,0.31400725565752996
04,122,1523033.3073,4780983.7476,0.3185606535610052
04,123,1462985.3059,4686093.9579,0.3121971772319337
04,124,1280505.6532,4720888.7468,0.2712424973090027
04,125,1410252.826,4741294.803,0.2974404428738915
04,126,1431823.7981,4697164.9399,0.30482723438927883
04,127,1608782.0573,4771548.3482,0.33716142851342806
04,128,1509934.9032,4810678.5228,0.3138715039975608
04,129,1561366.3583,4731189.7869,0.3300155835268338
04,130,1474786.0124,4788548.0134,0.3079818784886447
04,131,1399800.6232,4766767.2029,0.29365827270700173
04,132,1424332.9925,4738241.4686,0.3006037159437645
04,133,1448466.1377,4797541.3238,0.3019184286155789
04,134,1440575.4472,4729922.4754,0.30456639716450606
04,135,1506222.6679,4821883.626,0.31237225630629517
04,136,1386633.6488,4780122.2286,0.2900833038334496
04,137,1405727.81,4786417.6905,0.29369100251949687
04,138,1509381.7027,4797093.9786,0.31464501413426615
04,139,1642025.5809,4776758.8923,0.34375307984392905
04,140,1450875.5427,4765713.1669,0.3044403831890213
04,141,1511174.3405,4754218.0354,0.31785970463444596
04,142,1377677.4319,4759423.5668,0.28946308572117313
04,143,1420849.6839,4730517.7162,0.3003581783520644
04,144,1493584.9536,4789791.1513,0.3118267386657611
04,145,1437997.3962,4762046.28,0.30197047900172863
04,146,1418244.643,4800981.3479,0.29540723869305496
04,147,1516621.5814,4847852.2012,0.312844022147496
04,148,1391515.4148,4764658.3863,0.2920493563192434
04,149,1413370.5723,4754496.4569,0.2972702966785967
04,150,1498965.955,4781892.4776,0.3134670973932733
04,151,1460120.5516,4771331.5607,0.30601951112066217
04,152,1494327.6232,4785763.9556,0.31224432234093613
04,153,1467663.6392,4766725.53,0.30789766055609247
04,154,1535482.7506,4783776.1451,0.32097713271403555
04,155,1462542.4031,4821666.3035,0.3033271717784275
04,156,1517428.8746,4803244.6195,0.31591746721364333
04,157,1523240.304,4848660.0145,0.31415696284019173
04,158,1421062.4505,4769021.221,0.2979777997720929
04,159,1468785.8555,4825705.4868,0.304367073274083
04,160,1539973.8233,4740587.4954,0.3248487291489302
05,0,657826.7381,2129649.7835,0.3088896320872469
05,1,623059.5134,2129352.6871,0.2926051269827709
05,2,616635.8156,2145245.599,0.28744299295495257
05,3,653585.611,2110677.9879,0.30965671445234483
05,4,651046.8901,2114286.5575,0.3079274603485247
05,5,696977.8072,2116013.518,0.3293824927256443
05,6,739076.1113,2118835.7838,0.3488123605192815
05,7,637969.1882,2136430.9633,0.29861446457159196
05,8,688939.7409,2111006.312,0.32635607813379197
05,9,663255.6296,2121611.43,0.31261880484872767
05,10,651465.5556,2136343.9395,0.3049441354244074
05,11,653430.2216,2157816.8611,0.3028200554827892
05,12,606611.6007,2123179.5293,0.28570904736444797
05,13,670614.365,2109161.4878,0.31795306754794617
05,14,688006.3503,2152598.2095,0.319616706575171
05,15,671403.6223,2157326.4247,0.3112202282477331
05,16,708424.597,2116679.0752,0.3346868239499475
05,17,658552.1775,2140341.851,0.30768551163558966
05,18,698465.61,2133624.0547,0.3273611433379759
05,19,667872.7697,2113359.9224,0.31602414838147497
05,20,631215.328,2101363.3876,0.3003837088457703
05,21,637954.6093,2130493.4052,0.29943984231207327
05,22,653136.5995,2139740.2155,0.30524107308390214
05,23,648219.1159,2093251.6497,0.30967089694777084
05,24,710466.5187,2144470.9304,0.3313015385885783
05,25,562662.0867,2104340.9819,0.2673816133124846
05,26,772322.941,2114195.6362,0.3653034410704551
05,27,569149.674,2137032.3217,0.2663271248734525
05,28,651881.9868,2125809.8826,0.30665112253721727
05,29,600428.3395,2146127.0872,0.27977296548796854
05,30,674802.7971,2119927.7875,0.3183140487515309
05,31,719405.9453,2111847.4357,0.3406524226791711
05,32,619673.6071,2130468.9877,0.2908625334034943
05,33,634199.9003,2124988.5747,0.29844861654822524
05,34,698470.007,2135723.6019,0.3270413860569885
05,35,647555.8039,2135859.7901,0.3031827308615992
05,36,667646.3764,2122652.9572,0.3145339298802264
05,37,580418.402,2137525.6978,0.27153750834311957
05,38,699962.6995,2140059.2303,0.32707632087448213
05,39,689425.4178,2151971.491,0.320369215244404
05,40,738686.3044,2117140.2289,0.3489075944600034
05,41,617478.2533,2126112.765,0.2904259188246772
05,42,667815.0807,2120022.9668,0.31500370097783037
05,43,637442.4605,2115504.9424,0.3013192962701537
05,44,642583.3591,2158570.761,0.2976892723230953
05,45,633663.1329,2111814.4098,0.30005625965967875
05,46,726223.5605,2144652.5079,0.3386206193427127
05,47,594838.3003,2127169.9754,0.2796383491583199
05,48,647614.6252,2114076.9159,0.3063344669861735
05,49,582118.9094,2136621.6957,0.2724482815893556
05,50,648987.2648,2099233.4228,0.30915440739046907
05,51,710010.5248,2125339.0096,0.33406930451703687
05,52,617958.6394,2123886.017,0.2909565929874475
05,53,692150.6669,2148472.2713,0.322159460071222
05,54,717618.9439,2145972.9833,0.3344025994197147
05,55,725758.2553,2150591.9984,0.3374690577477971
05,56,678975.8048,2109500.8125,0.32186562848266265
05,57,610894.9711,2156265.8848,0.2833115226681158
05,58,709417.1612,2141067.083,0.33133812893241327
05,59,672486.7983,2126704.2052,0.3162107812904606
05,60,640770.3153,2121400.861,0.3020505587039073
05,61,626969.5269,2127537.2868,0.2946926151611737
05,62,580023.6564,2147992.6356,0.2700305609930463
05,63,701466.2741,2126280.1317,0.32990303753587014
05,64,643971.1141,2137433.7801,0.3012823695852097
05,65,646267.1514,2128381.8837,0.30364247898808594
05,66,752244.2778,2151152.5777,0.3496935947724802
05,67,592342.7278,2113757.0216,0.2802321751019559
05,68,698013.2862,2132557.5229,0.32731275883746996
05,69,652188.2931,2151542.4265,0.303125927272994
05,70,684283.251,2103090.4972,0.325370330906367
05,71,607965.7883,2112870.1101,0.2877440432300051
05,72,622440.3051,2135385.324,0.2914885187718936
05,73,673796.4048,2130107.5968,0.3163203613809111
05,74,685184.164,2141810.8732,0.319908808276938
05,75,609520.9348,2119312.8849,0.2876030902009829
05,76,655162.7963,2130804.5563,0.30747202710963156
05,77,638965.1218,2146253.6003,0.29771184621923824
05,78,669859.2803,2125814.5688,0.3151071077088951
05,79,677610.1102,2112892.3833,0.3207026138935109
05,80,682922.9459,2127499.8986,0.3209978747117201
05,81,623728.8611,2130091.5417,0.29281786669234394
05,82,664606.272,2138776.0863,0.31074139843677756
05,83,727745.5751,2121599.4143,0.34301742835845955
05,84,684248.0634,2150099.8733,0.31824013009675106
05,85,652887.0134,2122230.2443,0.3076419324215923
05,86,694864.0067,2137010.2432,0.3251570781708081
05,87,565711.6695,2115103.0646,0.26746293311573693
05,88,670460.5301,2133908.0754,0.3141937264445295
05,89,573473.3986,2158314.4659,0.26570428343993246
05,90,650665.8776,2091159.8174,0.31115071750421824
05,91,700215.0015,2113813.5491,0.331256747690983
05,92,637237.5662,2120855.1151,0.3004625642096036
05,93,644267.1443,2132272.9656,0.3021504069572583
05,94,678820.3748,2149458.5451,0.31580994029750825
05,95,641925.4705,2119536.3612,0.3028612682712206
05,96,643132.9435,2126683.7162,0.30241118535912925
05,97,612956.7447,2146971.0611,0.28549837294311353
05,98,683476.7255,2134988.4614,0.3201313439660541
05,99,683431.214,2114234.1185,0.32325238156920794
05,100,675370.6142,2136226.8066,0.31615117463810594
05,101,598081.1547,2132481.3141,0.28046255352648486
05,102,633104.869,2124185.382,0.2980459588719644
05,103,666077.1053,2132393.4511,0.3123612600462652
05,104,634540.0545,2157379.1924,0.2941254169574608
05,105,664712.183,2104396.5567,0.3158683095558593
05,106,650252.2414,2131926.5841,0.3050068638618277
05,107,587138.0466,2123057.4482,0.2765530660028986
05,108,716975.4716,2123419.9659,0.3376512810060698
05,109,620159.9704,2142250.6419,0.2894899216134528
05,110,676801.9919,2126484.3514,0.3182727356796292
05,111,637657.1831,2118752.3762,0.3009588049376697
05,112,661756.9624,2133534.6171,0.3101693111028548
05,113,692347.7048,2129767.1412,0.3250814097967078
05,114,649159.9046,2142336.5702,0.3030149014071104
05,115,638097.9339,2114404.1083,0.30178617767302607
05,116,618384.0949,2090796.3786,0.2957648584191976
05,117,644782.0822,2143101.063,0.30086405785147985
05,118,604376.1572,2139208.606,0.282523245047192
05,119,746338.3366,2114199.2796,0.3530122934963846
05,120,650345.731,2141182.1295,0.30373209361310427
05,121,612145.3178,2128895.2456,0.2875413053156005
05,122,707909.5693,2145557.3674,0.3299420374659333
05,123,657071.4502,2088979.6255,0.31454181849319335
05,124,712599.0607,2141609.5079,0.3327399593956575
05,125,690680.8655,2116352.9291,0.3263542937489726
05,126,715519.5332,2108435.0569,0.339360480114582
05,127,620266.6488,2134068.4093,0.29064984332130894
05,128,688414.7691,2134676.4843,0.3224913817916273
05,129,623462.3174,2158687.6023,0.28881544357586736
05,130,625676.3429,2129124.3494,0.29386557110970024
05,131,688701.8868,2117059.5738,0.3253105842287753
05,132,637902.2482,2135119.8127,0.2987664881406962
05,133,655002.8212,2116794.3896,0.30943148017496996
05,134,646150.0384,2141304.2067,0.3017553677699035
05,135,668892.5763,2126159.4043,0.31460132996012163
05,136,675897.2728,2120961.4814,0.3186749399870549
05,137,692473.617,2141003.8334,0.3234340855430997
05,138,654033.1205,2146120.3514,0.30475137150316295
05,139,691662.1377,2134091.0008,0.3241015202447875
05,140,665359.9403,2100730.2887,0.3167279226081642
05,141,620374.5858,2136338.7526,0.2903914863899661
05,142,652515.5302,2117252.2491,0.3081897919708768
05,143,714415.9662,2118743.8032,0.33718846286228515
05,144,709632.0931,2132247.5918,0.33280942411614733
05,145,619600.0573,2106971.4373,0.2940714080557223
05,146,702986.0022,2133317.6504,0.3295271110086157
05,147,624223.1752,2139239.2721,0.2917968005454699
05,148,702328.0984,2128433.2973,0.32997421121485476
05,149,591999.7387,2134519.1609,0.2773457130506099
05,150,667053.8928,2126034.6452,0.31375494952823263
05,151,689140.8555,2157926.6634,0.31935323252097875
05,152,724862.4042,2128700.2374,0.3405187782970085
05,153,627918.0486,2110579.3032,0.2975098105283078
05,154,638504.5568,2159463.8294,0.2956773566230125
05,155,644005.1054,2158971.0815,0.29829260378631894
05,156,673758.6802,2093801.1174,0.3217873343370105
05,157,585823.6305,2138259.215,0.2739722230075833
05,158,625816.4281,2118957.8033,0.29534161894369615
05,159,753406.4612,2136803.5304,0.352585743369193
05,160,715045.6824,2110522.5054,0.33880031156762286
06,0,9084464.265,27443329.2543,0.33102631903075636
06,1,9144058.3892,27449775.6164,0.3331196042177058
06,2,9018445.4036,27486880.1127,0.32810000140514783
06,3,9466913.2302,27377194.4403,0.34579559460864395
06,4,9011430.2163,27519330.2052,0.3274581957157234
06,5,9064248.0139,27432361.6464,0.33042171617366084
06,6,8997392.3292,27391911.2956,0.3284689495415117
06,7,9074420.6581,27282068.9218,0.33261482786039726
06,8,9055743.6823,27500435.6796,0.3292945532865724
06,9,9113826.0626,27381029.3717,0.33285184201364276
06,10,9158209.9621,27526671.3863,0.33270313847892385
06,11,9333926.883,27324622.2139,0.34159399569856974
06,12,9255932.2363,27543156.5244,0.3360519782146368
06,13,9035949.8468,27372685.4608,0.33010827014909605
06,14,9039509.5852,27588077.4252,0.3276600049318032
06,15,9011917.7187,27337267.0627,0.32965686357859086
06,16,8880209.0047,27474878.597,0.3232119469918108
06,17,8944602.1959,27420505.4686,0.3262012148588113
06,18,8874167.8276,27532404.3596,0.3223172125359896
06,19,9274333.599,27508890.1682,0.33713950443995144
06,20,8943542.1848,27579931.9052,0.32427716701917453
06,21,9141879.6232,27369452.0288,0.33401763446269556
06,22,8856204.0249,27603174.4403,0.3208400556991788
06,23,9538480.9984,27501247.8608,0.3468381160985809
06,24,9039735.7415,27526846.9951,0.32839706425909027
06,25,8928113.1007,27475230.491,0.32495134494411476
06,26,9099916.3718,27585263.9188,0.3298832448580706
06,27,8897012.526,27555042.0903,0.3228814710877161
06,28,9200470.268,27435912.7505,0.3353440562254423
06,29,8805613.5612,27380075.7465,0.32160661799212237
06,30,9123330.3521,27272557.2653,0.33452419820227086
06,31,9222349.2296,27264050.4611,0.33826042255747474
06,32,9233401.1179,27657528.0428,0.3338476635949287
06,33,9080080.5465,27485413.8535,0.3303599718344332
06,34,9152981.5956,27408113.8295,0.3339515317448963
06,35,9259446.2381,27556988.7191,0.33601081498727736
06,36,8776239.7253,27325267.8048,0.32117671409457704
06,37,9288247.0752,27331887.3365,0.33983189528211377
06,38,9056421.6218,27338001.3461,0.3312759227401229
06,39,9132252.4091,27400404.2772,0.33328896598430807
06,40,9122939.1046,27570885.4685,0.33089031960990317
06,41,9023540.1954,27469857.2159,0.3284887913497063
06,42,9159102.4573,27302989.5388,0.33546152315240396
06,43,9465139.0583,27295536.7018,0.346765083306672
06,44,9237006.9643,27552983.9795,0.33524524861526894
06,45,9152077.1708,27519088.6668,0.3325719569282608
06,46,8953043.766,27659815.2915,0.3236841487062032
06,47,8798179.6459,27483343.9634,0.32012769834764915
06,48,9046219.7226,27389646.8194,0.3302788014116557
06,49,9303757.542,27432123.1657,0.33915557632203386
06,50,8805471.41,27398037.9149,0.32139058414877514
06,51,9008580.303,27419498.6684,0.32854649940708325
06,52,9136589.5256,27522935.4281,0.3319627570056298
06,53,9213281.3504,27439474.7017,0.3357674099289224
06,54,8951252.0264,27386593.8345,0.3268479490546848
06,55,9281782.2529,27427790.9955,0.3384079401225872
06,56,9096262.7618,27442556.8556,0.33146557041545466
06,57,9127022.8464,27623334.1851,0.330409891334664
06,58,9214025.4499,27296302.2124,0.33755581170677057
06,59,8907002.2999,27316788.811,0.32606329980899157
06,60,9155086.4523,27548460.6505,0.3323266068637427
06,61,9056338.6876,27415978.6915,0.33033067283524736
06,62,9289144.6249,27350743.7891,0.33963042089560913
06,63,9085705.4962,27545933.1665,0.3298383627551084
06,64,8941536.8108,27233520.2294,0.3283283518062107
06,65,8805639.3797,27593015.4589,0.3191256639860933
06,66,9038673.2631,27377656.5003,0.33014780731875115
06,67,9119021.481,27543572.8568,0.33107620163913054
06,68,9084833.6904,27449863.3824,0.33096098016374514
06,69,9152288.2529,27486093.4935,0.3329788663879923
06,70,8796455.7359,27302172.4989,0.3221888564455597
06,71,9121663.7122,27596940.7369,0.3305316991170467
06,72,9025930.4909,27351331.6199,0.32999967300798644
06,73,9143158.5079,27485796.5463,0.33265030149292896
06,74,9266862.7964,27277430.3435,0.33972638476953243
06,75,9253941.3127,27399425.2847,0.33774216855079275
06,76,9080354.8088,27486724.1265,0.3303542017961178
06,77,8876403.2641,27526632.7797,0.32246600356604677
06,78,8999406.0536,27533810.8806,0.32684927243184037
06,79,8955163.7497,27402219.5193,0.3268043212117426
06,80,8974035.5119,27370620.5843,0.32787110121454743
06,81,9099601.2652,27437013.5763,0.33165421739121803
06,82,9311551.2607,27424715.4653,0.3395313717103734
06,83,9312573.8887,27377930.439,0.34014893526919737
06,84,8948167.1841,27480010.1576,0.3256245952159975
06,85,9105111.5733,27572552.2386,0.33022374912951885
06,86,9058141.9046,27437637.5562,0.33013563525818784
06,87,8918868.243,27494847.1857,0.32438326289875435
06,88,9293262.0943,27451040.501,0.33853952071366694
06,89,8936473.7743,27538473.588,0.3245086822166536
06,90,9131097.0051,27615322.0973,0.3306532863505063
06,91,9193437.0738,27514009.8418,0.33413657720777185
06,92,8835822.5344,27605928.9215,0.32006974152275314
06,93,9079932.2961,27396740.7037,0.3314238140332413
06,94,9028696.8457,27440215.2077,0.32903156106321124
06,95,9132914.5034,27334417.5965,0.33411776457858067
06,96,9034168.6331,27546196.1519,0.32796428890879253
06,97,8942348.0893,27650111.2486,0.323410926231003
06,98,9364472.238,27375675.4623,0.34207273719679143
06,99,9013658.1333,27412655.6158,0.3288137515616963
06,100,9054452.8645,27572136.9106,0.3283914081037024
06,101,9277053.504,27430884.9697,0.3381973827766542
06,102,8997503.0402,27420059.2995,0.3281357980273977
06,103,9518138.7019,27603648.6421,0.34481451438935173
06,104,9338082.4111,27425014.5248,0.3404950762252367
06,105,8989829.3282,27417734.6865,0.32788373769720774
06,106,9299503.8992,27481145.4042,0.3383957896376014
06,107,9373247.3356,27625692.6274,0.33929456401405583
06,108,8964744.2901,27329529.7458,0.32802409604130495
06,109,9146458.2684,27480579.3777,0.3328335310070714
06,110,8991223.2269,27405711.2481,0.32807844852132234
06,111,8963918.3182,27411099.7466,0.327017828582812
06,112,8984354.7829,27263353.8098,0.32953960270546434
06,113,9453270.9652,27603019.8947,0.3424723454630087
06,114,8735725.4632,27262909.3505,0.32042528370288503
06,115,9097806.0413,27325402.8732,0.3329431622112652
06,116,8877959.2545,27575315.6942,0.32195313203131626
06,117,8964803.2335,27337007.6628,0.32793652268310397
06,118,9056835.5348,27309192.4762,0.3316405471415182
06,119,8972378.628,27529744.0541,0.32591580257222713
06,120,9073309.9657,27501876.1627,0.32991603598324204
06,121,9202104.8381,27437838.8662,0.33538008889744764
06,122,9348229.5659,27510129.377,0.3398104544617533
06,123,9150213.3735,27523319.2881,0.33245312012407574
06,124,8788270.583,27401160.7646,0.3207262151592391
06,125,9093606.7582,27343475.9594,0.3325695230446313
06,126,9211647.0275,27498443.8175,0.33498793926795634
06,127,8992847.2631,27239625.0276,0.3301384381755688
06,128,8908111.6922,27312257.52,0.32615801479159456
06,129,8755070.1765,27235644.0135,0.3214563302472429
06,130,8887041.6808,27527691.1843,0.32284006752693406
06,131,9003491.7702,27631834.0643,0.325837646145697
06,132,9133041.8014,27400159.8104,0.3333207493896975
06,133,9087563.6462,27479897.8574,0.3306985962377888
06,134,9106481.933,27534161.4277,0.3307339486954075
06,135,9194001.3288,27468394.6687,0.3347120004532513
06,136,9223400.8669,27350042.4687,0.33723533985204834
06,137,9067513.0518,27525798.1035,0.3294187154067309
06,138,9231049.3478,27440989.2747,0.3363963760705533
06,139,9323927.2983,27398369.7618,0.3403095651077688
06,140,8735956.0696,27398586.0541,0.3188469672248918
06,141,8970659.4285,27464773.5,0.3266241911115706
06,142,9170715.3982,27541835.5423,0.3329740090893797
06,143,9414542.0648,27532315.3382,0.34194516331642094
06,144,9096680.1964,27437498.1038,0.3315418979524281
06,145,8715764.3879,27444546.3923,0.31757727977407363
06,146,9234077.4602,27535657.1048,0.33534981297360505
06,147,9011742.9283,27364354.0244,0.3293241609235318
06,148,8978410.0199,27267214.7545,0.32927492231007066
06,149,9040023.6001,27482739.0163,0.32893459399146374
06,150,8943861.9654,27485892.4717,0.3253982738457109
06,151,9068125.5506,27501007.4306,0.32973794045486565
06,152,9134576.1345,27470310.9193,0.33252540028887184
06,153,9107783.4102,27533126.1857,0.33079365375263303
06,154,8755477.8642,27347224.601,0.32015965027324345
06,155,9323700.5628,27604842.187,0.33775598134702717
06,156,9361811.4408,27398065.7059,0.34169607231739696
06,157,8967960.2038,27467035.6279,0.3264990195989944
06,158,9093215.3534,27252064.0264,0.3336707026884677
06,159,8937318.5273,27364605.0775,0.3266014072554086
06,160,9202425.3992,27327650.3791,0.33674411343603666
08,0,1504210.4348,3771955.419,0.39878796743541256
08,1,1563712.3349,3793453.0119,0.41221344511047325
08,2,1500188.5896,3784556.0581,0.396397507810508
08,3,1495950.8698,3778003.2711,0.395963360128177
08,4,1486722.5404,3734790.0542,0.39807392619782994
08,5,1528916.5563,3751732.0955,0.40752285008139383
08,6,1565296.7422,3824250.5065,0.4093081087495438
08,7,1436412.7885,3733803.9628,0.3847049290244007
08,8,1522643.493,3762320.1236,0.4047086486471143
08,9,1424157.1798,3715047.8246,0.38334827626434104
08,10,1440830.6927,3745280.074,0.38470572673652603
08,11,1482486.3747,3766879.3638,0.39355822990956596
08,12,1431111.613,3762469.4506,0.3803649788496704
08,13,1561629.3052,3786786.412,0.4123890643135645
08,14,1405753.3397,3743627.7872,0.3755056377416772
08,15,1484041.3396,3799043.0682,0.3906355661040568
08,16,1525029.554,3802311.3807,0.4010796069308885
08,17,1555100.5598,3828241.1239,0.40621802793230266
08,18,1537834.7755,3792139.0038,0.40553227979221684
08,19,1490068.8001,3734935.3454,0.39895437599346667
08,20,1550482.4835,3715751.292,0.41727294473076915
08,21,1463264.271,3748063.5232,0.3904054085376607
08,22,1424898.353,3733297.7537,0.38167283913741157
08,23,1553652.8805,3767094.5962,0.4124273603501287
08,24,1600148.449,3821909.2799,0.41867776857379196
08,25,1527378.0042,3777938.2441,0.4042887695650673
08,26,1541828.6352,3771977.6709,0.40875868568758444
08,27,1496106.5149,3789122.4007,0.3948424877020627
08,28,1526338.891,3804216.4779,0.40122293246639007
08,29,1554134.5831,3780622.2118,0.41107904890609465
08,30,1556681.035,3780595.1045,0.41175555487206233
08,31,1492944.5376,3768695.7208,0.3961435595238464
08,32,1512166.6676,3783282.79,0.3996969699428681
08,33,1512960.3814,3743142.1501,0.40419527785221315
08,34,1513895.4798,3781422.7472,0.4003507624004701
08,35,1498225.0201,3741454.8297,0.4004391575723318
08,36,1492173.2497,3731355.2214,0.39990115150176947
08,37,1439445.9355,3728930.9939,0.3860210708792221
08,38,1419189.8496,3741808.6985,0.3792791037577412
08,39,1525115.2931,3815686.4497,0.3996961787098384
08,40,1553180.489,3801071.2273,0.4086165178502231
08,41,1564955.9328,3790398.022,0.41287377307522244
08,42,1542406.9359,3808420.4441,0.40499912195605786
08,43,1479092.1516,3759625.6899,0.39341473689082634
08,44,1429915.6794,3715327.6695,0.38486933229026193
08,45,1539706.2744,3800313.0099,0.4051524888578889
08,46,1505180.1988,3808635.4475,0.39520196131871976
08,47,1504359.5841,3760002.5112,0.40009536685651986
08,48,1492875.8913,3743366.7547,0.398805671238495
08,49,1414882.4477,3776490.1829,0.37465540202026937
08,50,1435110.6226,3737910.0884,0.38393396006330754
08,51,1485129.6558,3783249.9234,0.3925539379817965
08,52,1447119.4542,3765584.905,0.38430137434386175
08,53,1551418.39,3779662.4376,0.4104648009215118
08,54,1475149.711,3778942.246,0.39036048051844185
08,55,1584022.7102,3777418.4006,0.41934002067348325
08,56,1549388.6942,3810984.4856,0.40655864647427575
08,57,1580627.5069,3795174.1363,0.41648352621863854
08,58,1589971.2094,3803162.8841,0.41806550438511103
08,59,1477089.7922,3749444.5683,0.39394896105097327
08,60,1435576.5937,3747199.3275,0.3831065465785527
08,61,1407362.2915,3735547.5482,0.37674859531051813
08,62,1489505.9754,3738441.6814,0.3984296405667611
08,63,1588120.0114,3778311.535,0.42032532169161113
08,64,1540737.7365,3817801.2779,0.40356677164388455
08,65,1524251.6254,3756428.3117,0.4057715198909755
08,66,1440129.2992,3726737.984,0.38643159389871395
08,67,1509379.9375,3822701.7756,0.39484637465947553
08,68,1562207.2321,3821627.7297,0.4087805884281236
08,69,1554117.6374,3810389.2044,0.40786322709643463
08,70,1584251.8502,3765229.7141,0.42075835221083785
08,71,1499501.3728,3766949.8602,0.3980677812155393
08,72,1523445.9266,3792779.451,0.4016700539226793
08,73,1381121.0456,3762732.4219,0.36705268691484577
08,74,1616631.0974,3808712.9167,0.4244560125053229
08,75,1430204.1354,3755654.656,0.3808135375586567
08,76,1522256.1556,3696541.6095,0.41180549724852217
08,77,1423124.4535,3759520.3645,0.3785388335539098
08,78,1376837.9415,3756283.1766,0.36654263716779867
08,79,1568142.8806,3804945.7141,0.41213278675407317
08,80,1518294.2941,3815958.4765,0.3978801927353729
08,81,1563127.7906,3794481.4637,0.41194766809475825
08,82,1534115.7644,3785236.341,0.4052892940351277
08,83,1453426.4193,3762338.2633,0.3863093421124711
08,84,1439364.3988,3727772.4611,0.38611916736336127
08,85,1519588.7457,3793517.7126,0.40057510227321563
08,86,1476249.8,3796688.5326,0.3888256272075743
08,87,1484397.6277,3780712.7978,0.3926237477133339
08,88,1490374.9083,3700850.3289,0.40271147867333035
08,89,1417907.4333,3755725.285,0.3775322542793489
08,90,1473733.8145,3753594.6808,0.392619326225682
08,91,1504627.16,3789906.8812,0.39700900501375624
08,92,1437685.9554,3759852.9332,0.38237824216608113
08,93,1596814.6124,3788275.9068,0.4215148663099483
08,94,1403021.8356,3776918.7662,0.37147260040532876
08,95,1560608.3676,3792357.8634,0.41151400363911134
08,96,1564707.3515,3806022.3732,0.4111135453427292
08,97,1624515.4092,3808837.161,0.4265121717026852
08,98,1540129.725,3797398.3016,0.40557497599108316
08,99,1520891.1655,3760990.0413,0.4043858528735424
08,100,1412354.7438,3728624.7692,0.37878704112750655
08,101,1400427.2838,3742798.8962,0.37416578411996165
08,102,1484012.8045,3741030.4979,0.3966855670738423
08,103,1580862.4311,3771039.6613,0.41921129796736883
08,104,1561813.9572,3794813.1306,0.41156544563580677
08,105,1469638.6478,3738954.2315,0.3930614168578383
08,106,1461841.2216,3724325.0778,0.39251171448855526
08,107,1566085.7915,3805728.2185,0.4115075227619016
08,108,1620206.1359,3813360.0472,0.42487625502072734
08,109,1533674.0127,3810092.029,0.40252938801127314
08,110,1633396.5465,3780532.6954,0.4320546013231022
08,111,1445727.1639,3752695.7906,0.3852502959396157
08,112,1562227.94,3769860.6113,0.41439939060804715
08,113,1457658.7705,3775574.6588,0.3860760022590286
08,114,1576253.2762,3784636.8658,0.4164873228509362
08,115,1449434.4479,3745274.0274,0.38700357765442583
08,116,1510747.0111,3735818.9932,0.40439513098731145
08,117,1479920.2468,3745096.9626,0.3951620643147724
08,118,1420302.075,3752774.4676,0.37846720799833233
08,119,1529567.1425,3779008.0508,0.40475360780885267
08,120,1497117.7223,3819196.4217,0.3919980951473565
08,121,1565599.6052,3799024.0402,0.4121057378509189
08,122,1521596.9728,3797416.2645,0.4006926991450979
08,123,1496758.6659,3771470.844,0.39686337978223546
08,124,1532477.6376,3742386.8201,0.4094920464579476
08,125,1487912.9475,3795252.4855,0.3920458396864674
08,126,1545102.6797,3824321.8383,0.40402004460661034
08,127,1458338.4319,3749517.0969,0.38894033397146394
08,128,1442531.3604,3746050.1754,0.3850806296917707
08,129,1472854.5896,3754423.7433,0.3922984431974147
08,130,1465976.0806,3755340.3592,0.3903710290889044
08,131,1401598.4699,3803361.5512,0.3685157067062902
08,132,1472660.8481,3750575.3888,0.39264931255552743
08,133,1572651.5939,3787344.5789,0.41523858237286726
08,134,1464932.0368,3748948.7946,0.39075808101462833
08,135,1551231.1041,3761205.8786,0.4124291927027937
08,136,1581024.8971,3833990.7417,0.4123705568467205
08,137,1529055.6429,3794716.7859,0.4029432838259499
08,138,1602932.6815,3791044.6995,0.4228208339805148
08,139,1433203.7502,3764765.6798,0.38068869940296995
08,140,1551878.2548,3729417.8864,0.41611809190362015
08,141,1402827.6037,3742992.2925,0.3747877350725269
08,142,1488667.7784,3748378.1851,0.39714983517872676
08,143,1574627.7844,3793665.3059,0.4150676608057914
08,144,1561281.5708,3826362.3154,0.40803286309722786
08,145,1472140.8179,3748969.2654,0.3926788174783632
08,146,1544985.7693,3743315.8591,0.4127318739465012
08,147,1479605.664,3765430.0843,0.3929446652506526
08,148,1512753.0198,3809201.9775,0.3971312177026717
08,149,1568751.5015,3762547.1926,0.41693869105093123
08,150,1568681.7251,3790192.6645,0.41387915178896045
08,151,1431392.7757,3758321.8403,0.3808595528864399
08,152,1547499.9434,3754333.3239,0.412190343768533
08,153,1445521.8271,3771173.48,0.38330822879566917
08,154,1526811.3307,3781450.788,0.4037633745083132
08,155,1417172.8962,3769709.7301,0.37593687516158075
08,156,1480981.3911,3711958.3678,0.39897575467090884
08,157,1418700.9931,3723515.1105,0.3810112087632953
08,158,1458572.6108,3749214.9614,0.3890341380306858
08,159,1514378.7842,3798092.067,0.39872092552937055
08,160,1517596.3106,3827919.1199,0.396454643649745
15,0,330639.0285,937142.8599,0.35281603547113577
15,1,330147.1616,936433.7611,0.3525579441008046
15,2,331946.4426,933538.369,0.35557878885640104
15,3,312321.9296,934378.47,0.33425634218648037
15,4,336416.2192,934067.3047,0.3601627179403831
15,5,324302.5884,944736.2466,0.34327315117539814
15,6,340652.0891,958544.6916,0.3553846702039365
15,7,327480.4868,913199.9782,0.35860763755765057
15,8,327410.9827,943810.09,0.34690345671129663
15,9,329614.4588,941220.4111,0.3501990128059177
15,10,358358.3879,937571.4714,0.3822198081228861
15,11,316262.9155,964683.7211,0.3278410411439045
15,12,329919.7564,939482.2535,0.3511718876763221
15,13,347131.3124,924367.9515,0.37553369503637535
15,14,333653.5036,936157.0888,0.3564076025185999
15,15,319885.2044,932782.8213,0.3429364232439258
15,16,325363.646,923774.4225,0.3522111438412336
15,17,337234.5321,960012.4811,0.3512814038767397
15,18,328046.2636,957991.2802,0.3424313669447114
15,19,348203.5262,921435.5694,0.3778924297731804
15,20,331260.8345,940514.3603,0.3522124153365785
15,21,339008.4892,945677.6011,0.35848209665288644
15,22,331385.1871,943166.2312,0.3513539566385612
15,23,335373.5407,939387.8368,0.35701286259192067
15,24,322403.6039,932865.0354,0.34560583971480685
15,25,329281.3636,947943.9942,0.3473637320503212
15,26,336642.0832,916861.7671,0.3671677621205501
15,27,344732.5919,944311.6332,0.3650623160617016
15,28,335086.4752,946370.0893,0.35407551336269816
15,29,320314.3924,935159.6168,0.34252376454842653
15,30,316993.4113,948706.6885,0.3341321560631118
15,31,317094.7376,932479.3575,0.3400555036951582
15,32,343362.4849,950150.2141,0.3613770536538155
15,33,328286.4313,957228.0009,0.3429553157568941
15,34,361924.9968,937325.2752,0.3861252932956224
15,35,345144.3041,920179.5757,0.37508363934011624
15,36,308442.2039,955948.5672,0.32265564747216036
15,37,347385.7413,943612.3077,0.36814456367862824
15,38,344585.6148,944828.8189,0.3647069267014713
15,39,329567.4862,947095.5995,0.3479770008159562
15,40,297600.4032,916022.5819,0.3248832606099315
15,41,333376.1245,939420.3446,0.3548742864856197
15,42,324311.603,938979.5357,0.3453872961759799
15,43,329521.7315,931206.3185,0.3538654377160994
15,44,340572.6927,932792.7692,0.36511077695433747
15,45,325396.0637,960285.0794,0.33885360782999163
15,46,324586.3072,912032.2912,0.3558934374713069
15,47,324551.8201,937128.0793,0.3463260009692893
15,48,343670.9368,940167.5507,0.365542223345318
15,49,328420.5248,928752.1581,0.3536148174038897
15,50,292520.6618,916297.7062,0.3192419448621337
15,51,335195.6903,942024.6923,0.35582473903269257
15,52,311947.7621,932373.9756,0.3345736477675236
15,53,332911.7886,944430.0635,0.35250020246734765
15,54,359100.5219,932493.7823,0.38509696119825804
15,55,335696.2351,926476.2452,0.3623365810394121
15,56,333469.007,943395.6638,0.35347735822399906
15,57,339188.9408,941376.4441,0.3603116935056523
15,58,328113.3053,923413.4819,0.3553265267742026
15,59,324232.8618,934176.3137,0.34707887263359116
15,60,326721.6651,925532.5055,0.3530093899008931
15,61,332545.3253,936956.9906,0.35492058721611935
15,62,319187.6163,934318.6249,0.3416260874968243
15,63,316266.2832,939281.5328,0.3367108498952488
15,64,319575.8032,938684.2569,0.34045079679443807
15,65,326127.573,926450.4352,0.3520183709877543
15,66,348325.2971,954542.1059,0.3649134961642974
15,67,321098.5722,941564.6493,0.3410265800003416
15,68,325218.0724,943910.4791,0.3445433434641906
15,69,329711.5853,918700.7511,0.35888899068083063
15,70,327864.8126,933248.952,0.35131548971726034
15,71,342963.2451,936651.7037,0.3661587799874943
15,72,336569.55,945076.9017,0.3561292730724666
15,73,339188.8691,927146.1369,0.3658418620327857
15,74,326813.2662,946086.1471,0.34543711183359743
15,75,319850.6429,929857.9455,0.34397796399751257
15,76,338702.8461,909367.63,0.3724597565673192
15,77,356462.746,950079.6218,0.3751924973663297
15,78,314280.8095,954882.079,0.32913049308573317
15,79,313856.282,923904.1258,0.3397065488025987
15,80,341280.5216,913646.1225,0.3735368795372959
15,81,328855.5569,933109.3118,0.35242983082617224
15,82,310163.5672,931541.5608,0.33295730459265194
15,83,309487.2887,933227.6505,0.33163107472671266
15,84,330120.7078,953955.5211,0.3460546120843663
15,85,348611.6779,938716.6983,0.37137048752976254
15,86,329591.2607,947284.3334,0.34793276852476657
15,87,336853.9999,948186.9589,0.35526116103810085
15,88,333073.6091,925901.6205,0.35972894066233035
15,89,331193.0937,938552.4181,0.3528765014216951
15,90,327591.0526,946271.9198,0.3461912434950392
15,91,334552.2038,953437.1683,0.35089066686640097
15,92,346138.7879,940165.075,0.36816809845866694
15,93,322752.8742,926333.0137,0.3484199196473051
15,94,309863.8738,935956.7663,0.3310664391315272
15,95,321824.0486,914673.0154,0.35184600746012124
15,96,340499.6511,937322.9529,0.3632682311326338
15,97,337210.6703,951292.9157,0.35447617104545204
15,98,347794.675,946083.5035,0.36761519856687785
15,99,323469.9286,952769.7411,0.3395048295997989
15,100,357018.8771,918370.0373,0.3887527495448702
15,101,335594.0114,944693.9464,0.35524098855387776
15,102,311234.2758,928029.8613,0.3353709711064876
15,103,340916.0763,949231.5075,0.3591495579385833
15,104,350017.4993,931709.4003,0.37567239225803484
15,105,359186.4946,940476.5294,0.38191967940885435
15,106,311149.0161,919306.3143,0.3384606537124924
15,107,340305.9077,936656.3513,0.3633199168805978
15,108,329415.2138,968886.7418,0.3399935199732547
15,109,322891.3611,940382.3252,0.34336179280201556
15,110,325533.2088,931141.1127,0.3496067399022494
15,111,343664.7507,952962.5749,0.36062775155263865
15,112,309018.1851,953794.4387,0.3239882437574125
15,113,328064.4357,927522.0254,0.3536998871358554
15,114,345902.7684,948116.8069,0.36483138562955897
15,115,339527.7279,945273.1923,0.35918476337393535
15,116,329617.2994,939135.1475,0.3509796223445039
15,117,326709.834,937077.1885,0.34864772935404775
15,118,327651.3747,937045.7422,0.3496642265624501
15,119,341961.7461,938334.4584,0.36443481643325315
15,120,302584.246,938771.5687,0.32231935445064147
15,121,322885.26,938155.9642,0.3441701298305299
15,122,333210.8161,935625.7147,0.3561368727524137
15,123,334983.5939,933704.9425,0.35876814896478926
15,124,339947.7753,940757.1957,0.3613554877430952
15,125,332737.9655,948157.4226,0.350931140303241
15,126,325549.7454,909671.56,0.35787613872417867
15,127,349622.1376,945661.8029,0.36971159935596043
15,128,326381.7459,940592.4673,0.34699591719768813
15,129,302270.4667,922350.4465,0.3277175913417851
15,130,336042.4197,925994.0999,0.3628990937807162
15,131,335032.8163,952223.6367,0.35184257498698573
15,132,347482.8344,934679.1227,0.3717669796627415
15,133,323817.2573,938432.0142,0.3450620315591531
15,134,349441.8738,942714.5647,0.37067622256499544
15,135,332154.8485,921476.8762,0.36045923351842
15,136,321935.9089,937660.6853,0.34333945524974013
15,137,327026.4185,931792.3863,0.35096489658878854
15,138,345478.7319,926027.1002,0.3730762650740834
15,139,318910.9936,942709.8427,0.3382917830650969
15,140,294049.4837,921198.4689,0.31920318327398384
15,141,330771.0485,935018.7789,0.35375872224634314
15,142,319299.5216,924971.4639,0.3451993213430852
15,143,310943.5823,931972.2473,0.3336403881133039
15,144,335212.899,957212.1926,0.3501970635053108
15,145,331849.0944,940047.7308,0.3530130263891915
15,146,320140.4189,930936.4566,0.34389073134940756
15,147,334780.8128,950780.227,0.3521116692301595
15,148,345782.025,935853.965,0.3694828872152078
15,149,328898.1921,930365.6723,0.35351496932052057
15,150,337709.3419,932786.8538,0.362043419162947
15,151,311103.5072,940583.9768,0.3307556952632961
15,152,357100.6687,938171.8472,0.3806346031015287
15,153,355030.4904,932608.3835,0.38068550174039906
15,154,315392.4642,943787.866,0.3341772823767158
15,155,302382.7271,917558.8717,0.3295513088329284
15,156,335412.1674,921886.2179,0.3638325000280927
15,157,326710.605,944514.4281,0.34590324433393377
15,158,324845.6626,936859.0213,0.3467391093157636
15,159,339181.9779,933265.0162,0.36343586442472287
15,160,326892.3291,926763.7615,0.3527245482396864
16,0,484388.3777,1134187.5667,0.42707960475123413
16,1,498422.4228,1131373.0921,0.4405464707268691
16,2,502569.5742,1132496.6771,0.4437713455256548
16,3,505698.1743,1120575.7355,0.4512842445891066
16,4,521577.3436,1137893.0358,0.4583711536939877
16,5,481557.1492,1136098.3949,0.4238692276670164
16,6,488266.2662,1143328.7575,0.42705675248442265
16,7,468048.879,1131699.27,0.41358061404422397
16,8,484270.7898,1134777.6567,0.4267538992689439
16,9,471423.1884,1130925.1538,0.41684738093938395
16,10,461760.3141,1133413.4515,0.4074067706615709
16,11,513004.0039,1137925.5749,0.450823863366532
16,12,500989.8972,1132788.3584,0.4422625757803692
16,13,482609.1805,1126180.3111,0.4285363327197667
16,14,500611.1216,1123637.8217,0.445527119087718
16,15,503199.6645,1139450.9143,0.4416159206025396
16,16,533769.9221,1145901.8119,0.46580773025828914
16,17,482158.1367,1138147.9858,0.42363395860257386
16,18,428372.6479,1124237.8706,0.38103381775547174
16,19,466341.7577,1130507.4159,0.4125065887592998
16,20,440435.4759,1135766.355,0.3877870426087767
16,21,468140.5519,1140401.5299,0.41050501917605325
16,22,488264.8696,1138983.5676,0.42868473566202836
16,23,474079.7976,1140174.4717,0.4157958359593397
16,24,446704.1521,1126847.1259,0.39641948036493635
16,25,552135.4146,1134297.8643,0.4867640431825505
16,26,493531.2491,1120480.7922,0.440463819224406
16,27,489270.5933,1136580.4093,0.43047600442218886
16,28,473817.1685,1129435.6763,0.41951673605017675
16,29,494890.335,1136514.5337,0.43544567211899265
16,30,500587.0264,1124355.0359,0.44522149180334364
16,31,490244.8024,1132477.7885,0.4328957330362687
16,32,509500.4004,1130577.3327,0.45065506415490514
16,33,468586.5028,1144038.4503,0.4095898198850948
16,34,485590.9358,1146748.3561,0.4234503003356867
16,35,436749.2725,1136473.6055,0.3843021697876115
16,36,471350.2598,1134458.7626,0.41548470102142787
16,37,467367.74,1134155.7341,0.41208427198128644
16,38,505806.1137,1139177.4789,0.4440099309094584
16,39,486473.9075,1127517.6524,0.43145569070648815
16,40,515706.0746,1126263.1443,0.4578912816334089
16,41,495566.605,1127663.5899,0.43946316032421184
16,42,488416.6657,1133924.0098,0.4307313907094588
16,43,477840.8586,1121114.4697,0.42621950881417653
16,44,484321.8143,1129303.4133,0.42886775032826335
16,45,468184.7914,1130965.6309,0.41396907086153256
16,46,460689.2912,1139764.5818,0.40419688289703265
16,47,483760.428,1145850.8389,0.4221844690225151
16,48,477564.1884,1143271.9344,0.4177170575350739
16,49,488539.178,1133218.0102,0.4311078482716476
16,50,479746.4774,1140468.0407,0.4206575373261137
16,51,501921.3924,1129848.1135,0.44423793464164596
16,52,459359.7376,1134627.2592,0.4048551926417528
16,53,483660.3693,1132549.8619,0.4270543713533254
16,54,504428.0537,1141049.2111,0.4420738814706499
16,55,500536.3897,1127612.3973,0.44389046351255473
16,56,490661.977,1142878.7395,0.4293211169670201
16,57,477665.9222,1125883.5608,0.4242587233981754
16,58,464945.8411,1131438.9387,0.4109332153922625
16,59,494362.7578,1139653.2123,0.4337834987559926
16,60,445457.9909,1140452.5122,0.39059757958767205
16,61,474228.578,1139182.9464,0.4162883402517901
16,62,490075.3182,1138516.7897,0.43045067286986183
16,63,481897.453,1139645.9345,0.42284839388421475
16,64,494358.17,1141613.5197,0.43303461413974004
16,65,497044.5713,1128286.991,0.4405302686858684
16,66,500274.3943,1125825.7082,0.4443622051408401
16,67,483494.6485,1126961.8781,0.4290248480411309
16,68,499549.9658,1129520.4379,0.4422673101238977
16,69,473996.9029,1137797.4596,0.4165916340388356
16,70,490420.5591,1134010.9831,0.43246544028996714
16,71,469739.3797,1134124.1157,0.4141869246912796
16,72,487562.4228,1134370.395,0.429808839290098
16,73,468682.6284,1133331.164,0.41354428721947684
16,74,480178.2662,1145406.5364,0.4192208189322849
16,75,457996.0252,1138356.1836,0.40233103820950683
16,76,470261.086,1124217.4926,0.4183008084249053
16,77,495208.0648,1124368.6338,0.44043212333872916
16,78,487105.3905,1135822.2688,0.4288570526219991
16,79,478121.1693,1136163.2108,0.42082085104951017
16,80,478231.0153,1130326.5062,0.423091038453788
16,81,493761.9808,1130672.708,0.4366975317493911
16,82,474018.4294,1124048.7784,0.42170628046474107
16,83,491469.2409,1127746.7638,0.43579751826905666
16,84,481590.4118,1135527.9206,0.4241114666256142
16,85,509331.9943,1135411.4557,0.44858803541486936
16,86,437243.6518,1134378.7386,0.38544767891156595
16,87,482142.665,1133726.4996,0.4252724666576189
16,88,475454.5756,1134039.051,0.4192576747518018
16,89,511030.259,1132059.1691,0.45141656279881104
16,90,493170.7697,1134693.2074,0.4346291724351077
16,91,500387.5005,1130923.2188,0.4424593042054183
16,92,473233.3438,1134856.2803,0.4169984799087515
16,93,474220.4556,1132354.596,0.4187914786367856
16,94,511561.5641,1133247.2887,0.45141212266815633
16,95,480031.927,1134057.934,0.42328695263993454
16,96,500141.6651,1147361.3062,0.43590598915736734
16,97,473466.2661,1132388.9218,0.4181127676058478
16,98,481160.7105,1132838.1481,0.4247391485774066
16,99,506264.7373,1140617.1361,0.44385159689168024
16,100,463488.8621,1139799.8871,0.4066405580011572
16,101,464434.6594,1131043.2595,0.41062501853847083
16,102,506677.4245,1137057.6591,0.4456039853784052
16,103,497842.385,1136576.9519,0.4380190748789721
16,104,501904.661,1135233.7221,0.4421157081834717
16,105,505764.4869,1129218.2775,0.44788903702455346
16,106,517531.6665,1130732.6232,0.45769588307744513
16,107,507473.3244,1139224.2352,0.4454551691580797
16,108,498555.8883,1141313.5269,0.4368264079495858
16,109,490778.9184,1132943.785,0.4331891174988881
16,110,474898.2057,1139605.8598,0.41672144945213274
16,111,482679.3714,1131370.2374,0.42663255178892157
16,112,505117.5671,1138376.7431,0.4437173986218974
16,113,488571.8246,1132126.2727,0.43155241281947154
16,114,467242.3147,1125791.0825,0.4150346560415218
16,115,455620.4559,1133741.9006,0.40187317383160676
16,116,486952.4913,1123857.5766,0.4332866561020789
16,117,511594.0805,1140411.8906,0.4486046530353495
16,118,480425.1184,1132194.1454,0.424331039293855
16,119,439756.8484,1124543.767,0.3910535643918606
16,120,462631.4524,1126580.6476,0.4106509848057149
16,121,504365.6283,1134288.7131,0.4446536604614302
16,122,496126.4323,1134286.1579,0.4373908901599583
16,123,492513.3118,1130254.4832,0.43575435366165155
16,124,500343.0766,1137763.4366,0.4397602001477431
16,125,469595.9824,1138847.5809,0.41234313553082425
16,126,461690.9033,1137729.7022,0.4058001671286595
16,127,455595.0652,1131544.7356,0.40263106783703195
16,128,484241.473,1133736.256,0.4271200382251866
16,129,462731.3959,1133436.1856,0.40825535815679537
16,130,470072.6944,1134527.3288,0.4143335135850806
16,131,506576.6062,1142170.9911,0.4435208126868352
16,132,494950.8725,1125626.7584,0.43971135974373793
16,133,474533.1022,1130694.6406,0.41968280839130034
16,134,501217.3591,1128626.7257,0.44409488778420836
16,135,490861.5882,1138047.6259,0.4313190213035354
16,136,502524.3022,1144082.5369,0.4392378049591048
16,137,472418.6758,1133534.3547,0.41676608551050914
16,138,438937.0852,1125003.2814,0.3901651599218171
16,139,494443.456,1138612.9795,0.43425067595586814
16,140,463152.6403,1130847.2559,0.4095625097762595
16,141,467487.2253,1136438.8512,0.4113615306326127
16,142,499237.9874,1147817.9316,0.4349452762983826
16,143,458835.4784,1134739.1042,0.4043532797113594
16,144,454896.5932,1130581.97,0.4023561362826262
16,145,523198.7568,1138185.8656,0.4596777842819137
16,146,504391.1892,1129605.4929,0.4465197738239504
16,147,485850.3498,1133743.3126,0.42853646358963315
16,148,482446.176,1133103.7098,0.42577406801108686
16,149,458533.7367,1125272.2191,0.4074869430854147
16,150,508838.0251,1132514.2757,0.44929943579341675
16,151,476537.2512,1128790.4154,0.42216628055894106
16,152,500371.6684,1145660.4673,0.43675389234581474
16,153,461579.3732,1134243.444,0.40694912158557733
16,154,465902.6969,1143748.4825,0.40734716069885585
16,155,471084.0775,1137890.0407,0.413997891404517
16,156,482494.9574,1129975.0496,0.4269961160388439
16,157,488217.277,1131334.1359,0.43154118797238705
16,158,489181.8484,1140621.3701,0.42887312233779445
16,159,465154.1794,1124509.9076,0.41365058347308065
16,160,500729.4129,1131199.3237,0.44265356459211963
17,0,3206762.406,9287877.6397,0.3452632054812017
17,1,3207501.262,9277074.172,0.34574491941444835
17,2,3240483.0005,9290064.6852,0.34881167250238987
17,3,3160687.8896,9270666.2434,0.3409342766330485
17,4,3461067.2032,9375541.0681,0.36915919604642106
17,5,3152000.3458,9300078.2352,0.3389219172232281
17,6,3051123.1154,9294447.7001,0.32827374082347816
17,7,3285939.0778,9218747.6402,0.35644094035843593
17,8,3452093.9485,9236834.9905,0.3737312566534367
17,9,3293226.9547,9279856.3805,0.3548790864501031
17,10,3219726.34,9279553.9271,0.34696994761753736
17,11,3391783.7993,9320609.646,0.3639014965888638
17,12,3273423.2208,9285105.943,0.3525455973141393
17,13,3227199.5585,9387694.281,0.3437691366911696
17,14,3132853.492,9149529.477,0.34240596741890794
17,15,3267184.4294,9318825.9075,0.3506004363457951
17,16,3281805.796,9204183.5313,0.3565558840542239
17,17,3300436.9113,9280098.1507,0.3556467677069824
17,18,3229393.8756,9267332.1951,0.34847071493859977
17,19,3286320.3129,9191199.9587,0.3575507363202678
17,20,3395103.0933,9299702.5366,0.3650765258284552
17,21,3275733.929,9309747.1745,0.3518606754405154
17,22,3086988.226,9260280.7709,0.33335795127300205
17,23,3156250.3879,9257505.6904,0.34093961089033087
17,24,3176368.8819,9320042.5293,0.34081055659502096
17,25,3121937.0445,9211207.0506,0.338928115213374
17,26,3098800.4108,9298554.6324,0.3332561385403384
17,27,3169111.4297,9325124.6707,0.33984654807431197
17,28,3070452.6083,9235588.1808,0.33245880480933626
17,29,3271521.7053,9258851.9156,0.35333988869482813
17,30,3105593.3243,9348161.8371,0.3322143303055418
17,31,3032662.4135,9285626.8147,0.32659749029532575
17,32,3140437.1769,9279236.3826,0.3384370272955654
17,33,3325668.3993,9329050.424,0.3564851992593325
17,34,3175748.0347,9267244.5159,0.3426852533405485
17,35,3286024.8623,9319225.9549,0.3526070596638153
17,36,3280207.8553,9277196.6652,0.3535774839833348
17,37,3147499.7739,9313751.0305,0.33794115427745436
17,38,3327037.4684,9261848.1335,0.3592196093527104
17,39,3308664.5178,9250739.0722,0.3576648840678129
17,40,3280655.0969,9291614.4675,0.35307697153976864
17,41,3231459.1558,9305269.7415,0.34727194864520844
17,42,3161001.1144,9321683.0093,0.3391019745303881
17,43,3135312.96,9358284.0972,0.33503075215873024
17,44,3024909.839,9185574.0744,0.32931091889295844
17,45,3201037.0459,9336559.2193,0.3428497555376717
17,46,3182406.6555,9256686.7909,0.3437954343046951
17,47,3014740.2323,9269478.5439,0.32523299104931
17,48,3169623.3603,9329117.811,0.33975595812100096
17,49,3277510.5861,9291826.7972,0.3527304864407982
17,50,3147377.9399,9278357.7179,0.3392171368676607
17,51,3109462.1014,9239139.9478,0.3365531985626451
17,52,3241043.1658,9304570.2135,0.3483280894691483
17,53,2972865.3104,9261830.429,0.3209803216750299
17,54,3205393.4729,9376335.9443,0.34185992182251124
17,55,2842815.4125,9272220.4947,0.3065948889076735
17,56,3294587.1656,9296347.719,0.35439586224453273
17,57,3140041.3934,9265323.0286,0.3389025275975147
17,58,3217551.0473,9296821.8545,0.34609150284433904
17,59,3173582.0454,9297847.4332,0.34132438375661345
17,60,3206867.3651,9336351.589,0.3434818552547122
17,61,3263693.5724,9311261.2576,0.35051036396773005
17,62,3261936.7448,9284048.1612,0.3513485376381742
17,63,3170967.4637,9326471.8175,0.3399964665898697
17,64,3144157.267,9236103.3989,0.3404203191764248
17,65,3279720.8553,9326925.829,0.35164007041874806
17,66,3207292.1824,9350866.6621,0.34299410934811814
17,67,3006192.9937,9296440.3511,0.323370331026143
17,68,3228469.8119,9301784.6257,0.3470806884713312
17,69,3125903.6552,9235767.5301,0.33845629451071235
17,70,3293024.7114,9298826.3882,0.35413336844085763
17,71,3319901.8061,9245023.5298,0.35910149881163367
17,72,3186702.4796,9332652.7888,0.341457306053893
17,73,3243355.2215,9247183.461,0.350739793925237
17,74,3217230.5558,9385174.6324,0.3427992213051961
17,75,3224658.8214,9328598.9091,0.3456745061956048
17,76,3336358.2078,9320364.961,0.357964330984957
17,77,3170716.8675,9295976.1424,0.34108487574941176
17,78,3279138.0226,9287248.9156,0.35307958819666807
17,79,3264948.0776,9352660.18,0.3490929868896402
17,80,3190152.2379,9211309.1637,0.34632994954417307
17,81,3194289.6065,9276443.904,0.34434419477517925
17,82,3163697.9828,9249345.2662,0.3420456142297057
17,83,3083246.035,9268558.074,0.3326564941799382
17,84,3288060.3085,9259802.5929,0.35508967664398555
17,85,3212175.9884,9253422.8563,0.3471338161330277
17,86,3239431.0647,9361072.6989,0.3460534031618683
17,87,3273424.7373,9264536.3751,0.3533284996427754
17,88,3123208.138,9335317.9072,0.33455830524969915
17,89,3271143.0871,9358002.6321,0.3495556921387543
17,90,3241816.3632,9269032.3234,0.3497470124271678
17,91,3225756.9999,9339748.1588,0.34537944118553787
17,92,3096909.8656,9276444.7367,0.33384663559174005
17,93,3305699.4102,9299015.7108,0.3554891735864815
17,94,3144478.1833,9301592.2711,0.33805805411078677
17,95,3354278.2436,9337429.3713,0.3592293028646493
17,96,3165114.6299,9261152.2178,0.34176251026482724
17,97,3267793.7674,9316305.0372,0.35076070978265544
17,98,3116284.1753,9266934.6537,0.33627993416957613
17,99,3217148.8822,9269543.5872,0.3470665898418615
17,100,3137898.9084,9278912.8539,0.33817527525125063
17,101,3226861.9602,9293592.5998,0.3472136233160729
17,102,3195651.445,9214418.3677,0.34680989265713824
17,103,3304464.7171,9320501.4327,0.35453722538002436
17,104,3354156.4139,9310966.051,0.36023720798979425
17,105,3193127.9543,9334376.1233,0.34208263221036
17,106,3182332.5252,9337957.4739,0.34079535424044916
17,107,3269245.0085,9318966.9524,0.3508162466074677
17,108,3219851.5641,9284572.4997,0.34679588793173177
17,109,3252055.493,9216158.7984,0.35286452459614553
17,110,3229328.312,9309176.3519,0.34689731829399656
17,111,3181596.6238,9367062.7161,0.3396578757107613
17,112,3239591.3647,9333983.0625,0.3470749135720322
17,113,3371242.8608,9313567.8503,0.36197114950866105
17,114,3272779.1685,9305292.5063,0.3517115841639816
17,115,3289577.093,9391142.2599,0.35028508800749747
17,116,3041502.3721,9287901.6897,0.32746926848643687
17,117,3168706.5898,9361835.2045,0.3384706652683741
17,118,3209704.7569,9273904.7066,0.3461006834171733
17,119,3332692.9777,9282062.0174,0.3590466182463109
17,120,3182053.7971,9268243.4583,0.3433286805009823
17,121,3215068.2713,9281171.9626,0.34640757484675894
17,122,3275629.9162,9312370.7294,0.35175037714709306
17,123,3224210.6122,9208166.6655,0.35014685651597366
17,124,3226903.0155,9285743.1272,0.3475115530654392
17,125,3138288.4263,9241018.7414,0.33960416206498834
17,126,3316423.1312,9210474.4498,0.36007082471978563
17,127,3295048.9092,9286138.448,0.35483521246763994
17,128,3121083.3575,9289732.9759,0.33597126694566004
17,129,3342557.9708,9313414.0926,0.35889717106596164
17,130,3163978.824,9289829.9495,0.34058522504712724
17,131,3229147.4968,9222689.107,0.35013079800652547
17,132,3303231.3131,9242942.8247,0.35737874568181305
17,133,3154846.9761,9232891.8396,0.3416965162062029
17,134,3274366.26,9279720.0295,0.3528518370803075
17,135,3076536.7742,9231225.8093,0.3332749991989734
17,136,3301342.3386,9308941.0555,0.3546420928994355
17,137,3100670.0985,9239711.0169,0.33558085234794505
17,138,3116235.3979,9282835.6032,0.3356986519103887
17,139,3071265.3997,9272285.7184,0.33123066878810214
17,140,3071771.9729,9305143.7151,0.3301154788093446
17,141,3208538.9694,9284507.4396,0.3455798802761509
17,142,3109480.4054,9307658.2269,0.334077630441276
17,143,3122994.7223,9283231.1246,0.3364124710871685
17,144,3188105.585,9278381.4466,0.34360578979734224
17,145,3202952.8593,9235402.9516,0.3468124646088236
17,146,3197786.3143,9276104.6704,0.34473374632178516
17,147,3194631.0904,9281753.1044,0.3441840193837509
17,148,3196228.5272,9269016.414,0.34482930922124483
17,149,3146770.3413,9351234.5154,0.336508547199599
17,150,3297714.0107,9274751.3122,0.35555821387493053
17,151,3201535.6787,9320492.8017,0.34349424937231426
17,152,3216490.342,9276835.1403,0.3467228093800084
17,153,2996616.7743,9233703.5756,0.32453031979698155
17,154,3285982.2283,9279061.7314,0.35412871725816397
17,155,3230595.4204,9206905.6691,0.35088829369051194
17,156,3140653.2778,9296503.4311,0.3378316698398061
17,157,3273274.823,9289115.4385,0.3523774512946053
17,158,3226009.3419,9344103.6083,0.34524545928990585
17,159,3129488.6927,9314600.2316,0.3359767048384037
17,160,3049716.9376,9339333.0242,0.32654547489607655
18,0,1885997.3441,4677446.6445,0.4032108728204649
18,1,1941435.6344,4666718.2709,0.41601732131680286
18,2,1857125.1635,4657028.2556,0.39877901991830034
18,3,1898763.9912,4653560.6108,0.4080239090027842
18,4,1865653.7219,4626900.1803,0.4032189261059516
18,5,1968404.5227,4732663.7253,0.4159189490217212
18,6,1988876.4333,4691977.4616,0.4238887440481818
18,7,1921164.1089,4643855.5011,0.41370023430852443
18,8,1882151.4952,4692413.8779,0.40110517617902897
18,9,1851103.0835,4697013.6343,0.39410213118869764
18,10,1806467.9314,4681629.2408,0.38586309134794056
18,11,1995721.0471,4698068.6621,0.42479605783537616
18,12,1960891.5751,4685783.9737,0.41847673433217114
18,13,1901498.1915,4719065.8777,0.402939530996071
18,14,1847580.5974,4727161.1008,0.3908435862461563
18,15,1942849.4295,4708937.5087,0.41258764337188325
18,16,1879517.3999,4551016.7063,0.4129884641597058
18,17,1849584.2133,4677872.9732,0.39539000393906637
18,18,1894831.3519,4593098.4814,0.4125388035055686
18,19,1794120.3188,4711887.254,0.38076469620043246
18,20,1882464.0119,4638302.6041,0.4058519188109907
18,21,1844706.0638,4667322.6982,0.3952385946040177
18,22,1856662.0813,4647320.2501,0.3995124031445969
18,23,1926453.3133,4654461.2826,0.413893938811298
18,24,1935103.1346,4631195.8377,0.4178409210958857
18,25,1969291.4879,4705584.9424,0.4185008903262084
18,26,1987227.7375,4706344.3749,0.4222444384007119
18,27,1917293.868,4683716.1528,0.4093531301750238
18,28,1964230.943,4710464.781,0.4169930217762942
18,29,1796528.9124,4719167.3313,0.38068769049244666
18,30,1858851.6991,4671374.8774,0.39792389775718495
18,31,1880723.5299,4684694.4766,0.401461298979943
18,32,1879711.009,4702104.4484,0.39975951823860806
18,33,1861135.1245,4733868.9959,0.39315306910941716
18,34,1876664.2331,4730585.5438,0.3967086559843725
18,35,1915639.0104,4745572.2387,0.40366870717466297
18,36,1868445.1186,4661079.8696,0.40086099592203395
18,37,1844724.4798,4718106.756,0.3909882872942776
18,38,1804864.0028,4686184.1742,0.38514576800817196
18,39,1781281.837,4713772.4999,0.37788880075094605
18,40,1831402.6525,4644260.8031,0.39433673735065783
18,41,1858609.963,4682462.4128,0.39693003363343515
18,42,2016519.8453,4764755.6015,0.42321579823846084
18,43,1877108.7111,4699921.9485,0.39939146472402315
18,44,1791698.4721,4696583.0622,0.3814897870156527
18,45,1844240.7689,4659235.1767,0.3958247864633916
18,46,1786864.7208,4620587.4258,0.3867180849825876
18,47,1912808.6854,4682004.0679,0.4085448576421131
18,48,1871535.4484,4631421.5033,0.4040952539229016
18,49,1844076.5259,4664317.5748,0.3953582697419722
18,50,1971504.9161,4694034.1613,0.4200022514437767
18,51,1886027.8884,4689033.4024,0.4022210392945099
18,52,1799653.4526,4651324.8202,0.3869120137093796
18,53,1889802.4995,4654629.8436,0.40600489469606943
18,54,1991281.6812,4624517.0759,0.43059235126999
18,55,1810455.8614,4615812.0965,0.39222910802040706
18,56,1874732.2575,4716894.2544,0.39745055886110175
18,57,1967091.7262,4674154.6369,0.4208443834251529
18,58,1833314.5172,4710009.1006,0.38923799891733907
18,59,1916048.5611,4679616.1671,0.4094456666276953
18,60,1898298.3425,4698225.8079,0.4040457866686693
18,61,1840909.7498,4668901.1892,0.3942918633742672
18,62,1967766.0473,4728879.0369,0.41611680737555135
18,63,1944808.0763,4698117.5387,0.4139547510848656
18,64,1773853.5198,4720739.3307,0.3757575658253873
18,65,1825610.0968,4612445.287,0.39580092189828503
18,66,1896734.5024,4643595.8141,0.4084624455558082
18,67,1776513.7442,4699625.8219,0.37801174210966815
18,68,1877131.8322,4681177.7263,0.4009956344220419
18,69,1781368.3904,4638218.709,0.38406304276756775
18,70,2037323.3556,4638769.2271,0.4391948070401564
18,71,1879698.5117,4684896.276,0.4012252141695015
18,72,1813307.141,4696348.5337,0.3861100018425151
18,73,1941805.9527,4615892.2945,0.4206783496689754
18,74,1842631.0041,4614618.3541,0.3993030111499595
18,75,1915075.2866,4593194.6486,0.41693754197499827
18,76,2006127.8183,4775981.7166,0.42004512105380365
18,77,2009175.0625,4675902.1678,0.4296871470784667
18,78,1988675.3228,4758516.4076,0.4179191900281807
18,79,1849671.7362,4634902.906,0.39907453806757265
18,80,1829643.0826,4690906.6473,0.3900403952086979
18,81,1939797.4101,4666125.6019,0.41571907308070183
18,82,1899971.5567,4631647.3864,0.41021506997249507
18,83,1946839.5672,4639749.2895,0.41960016494981783
18,84,1938350.0541,4636887.913,0.41802823153555924
18,85,1945332.9563,4721452.9997,0.41201997699089793
18,86,1876247.3788,4695697.9011,0.39956730997547263
18,87,1887823.6565,4654313.9795,0.405607284943592
18,88,1960431.2449,4718183.6107,0.4155055009843388
18,89,1858916.2619,4665665.1151,0.3984247081694284
18,90,1755056.4645,4612892.0852,0.3804677048767133
18,91,1890956.3964,4633401.7199,0.40811406191665406
18,92,1923460.2869,4708452.4255,0.408512205939034
18,93,1902961.9103,4667974.7351,0.40766328403429836
18,94,1844048.7124,4709148.5658,0.3915885614211301
18,95,1908099.4081,4719492.7829,0.40430179595009885
18,96,1914915.9507,4637324.5245,0.41293550636430126
18,97,1765086.4407,4672909.6854,0.3777274887667573
18,98,1880694.0849,4664108.4044,0.4032269239552412
18,99,1750542.9205,4703450.2582,0.37218272213001546
18,100,1864626.0822,4656356.1305,0.4004474808072243
18,101,1972508.3869,4676883.8225,0.42175697788567423
18,102,1914998.3927,4655882.5105,0.41130728457629107
18,103,1913411.2792,4648680.6697,0.41160307948695496
18,104,1921819.3183,4629699.6749,0.41510669228053343
18,105,1925930.98,4752195.347,0.4052718458250702
18,106,1867039.2409,4739952.0129,0.3938941229402251
18,107,1964243.6967,4636467.2417,0.4236509381612267
18,108,1961134.8343,4695459.0658,0.41766626155559233
18,109,1921184.5086,4688933.1123,0.4097274289454786
18,110,1840519.8346,4683359.1655,0.3929913913411132
18,111,1864134.4536,4616070.457,0.4038357886789075
18,112,1925486.2171,4663082.197,0.4129213545364403
18,113,1895293.5996,4685467.6556,0.40450468105030535
18,114,1920438.6279,4749868.5701,0.4043140561802047
18,115,1847382.2875,4733361.9647,0.3902896717549229
18,116,1868496.0657,4604382.2299,0.40580820018944885
18,117,1741597.2047,4670323.311,0.37290720336170746
18,118,1798235.2159,4645862.3016,0.38706166889205934
18,119,1800024.393,4699344.6773,0.38303732043638916
18,120,1941084.9154,4682308.4108,0.41455725362361473
18,121,1824492.5192,4692398.4991,0.3888187500592579
18,122,1867287.7714,4675817.3041,0.3993500280181317
18,123,1931836.7792,4708627.7002,0.4102759662051737
18,124,1905906.6736,4729479.0714,0.40298448197505643
18,125,1767744.7789,4623913.9015,0.38230486478706766
18,126,1842183.3713,4631339.0997,0.39776473534821266
18,127,1857863.2758,4719938.4918,0.39362023022708575
18,128,1854698.3767,4647213.1619,0.3990990540106217
18,129,1902699.3197,4649223.6093,0.40925098029141166
18,130,2017484.8109,4680886.2884,0.4310048752732269
18,131,1753984.9004,4697458.0606,0.3733902203644083
18,132,1878919.1306,4666731.6033,0.40261992553232634
18,133,1962668.026,4643036.8773,0.4227121338612591
18,134,1975611.1952,4631894.1218,0.4265233926444454
18,135,1753135.963,4635197.3041,0.37822251092726683
18,136,1926768.7923,4761819.4086,0.40462869902629933
18,137,1887255.0601,4653065.6447,0.40559390393506434
18,138,1864926.2196,4694166.4239,0.39728591856157175
18,139,1950777.2033,4628636.7526,0.4214582624579923
18,140,1808414.1421,4694222.6392,0.3852425164069751
18,141,1882268.1905,4692393.7632,0.40113176461482175
18,142,1906976.4505,4674574.2689,0.4079465510232959
18,143,1915197.3791,4717238.618,0.4059996820580595
18,144,1849212.7499,4707008.4058,0.39286370247849794
18,145,1827609.8126,4650442.3038,0.39299698678265754
18,146,1919196.7814,4644098.6075,0.41325495938018797
18,147,1802186.2295,4699263.3541,0.383503986412601
18,148,1801416.5541,4630374.7173,0.3890433634603156
18,149,1972288.3074,4673422.9798,0.4220222128244862
18,150,1967165.0335,4734130.9503,0.41552822559235325
18,151,1882959.5609,4730191.9848,0.3980725448249675
18,152,1851140.3432,4659815.487,0.39725614637839846
18,153,1916431.671,4698414.3353,0.40788903111450114
18,154,1834972.9232,4650664.094,0.39456148328738017
18,155,1929576.1551,4693886.6595,0.41108281794463725
18,156,1933249.7569,4735537.0534,0.4082429796451437
18,157,2017075.0105,4650065.5019,0.43377346183098503
18,158,1939869.0523,4713365.6538,0.41156769807070726
18,159,1876287.146,4628000.3369,0.4054207021205198
18,160,1883429.0795,4729411.6587,0.3982375008602463
19,0,842325.8622,2136264.8258,0.39429842781058816
19,1,767287.2708,2066161.7655,0.37135875980858674
19,2,873147.7935,2095003.7248,0.4167762487311832
19,3,877546.2874,2102492.1197,0.417383865165314
19,4,912260.5629,2192162.4281,0.41614642747557634
19,5,869493.2723,2160017.5951,0.40253990257877786
19,6,888547.6574,2212016.5513,0.4016912336744503
19,7,842389.7353,2155520.4399,0.3908057282625817
19,8,852065.5836,2118704.3856,0.40216350586290117
19,9,852497.8308,2170190.1917,0.39282171399558447
19,10,761233.8401,2072028.7583,0.36738575034284554
19,11,814291.9065,2170560.5061,0.37515282537002204
19,12,780778.9318,2083444.7076,0.37475385305492903
19,13,825631.2931,2103598.617,0.3924851853522587
19,14,862252.5753,2109427.2314,0.4087614696847039
19,15,810722.8616,2076810.0478,0.3903692889288611
19,16,909831.0628,2237092.6845,0.406702444250025
19,17,921897.0194,2210396.057,0.4170732283386443
19,18,790252.3319,2063673.7232,0.3829347260741436
19,19,828873.0975,2173848.3587,0.38129297022156633
19,20,880964.1865,2213632.7025,0.397972159295022
19,21,764339.3346,2066456.1796,0.36987928519633634
19,22,865570.2401,2086633.7528,0.41481656229250274
19,23,870263.5508,2095860.3527,0.4152297407023706
19,24,909742.0248,2200490.8303,0.41342686471271134
19,25,819236.9504,2177414.1222,0.3762430591624276
19,26,873067.7664,2224768.9369,0.3924307607497142
19,27,815571.7596,2145916.3064,0.38005758060909994
19,28,826427.7799,2124238.2909,0.389046644832797
19,29,843496.9718,2167467.4307,0.38916246668933163
19,30,789748.9332,2066926.5359,0.3820885355541291
19,31,806945.3828,2175424.5389,0.3709369681046398
19,32,785295.2275,2069315.6189,0.3794951433834171
19,33,836275.4932,2111729.8399,0.3960144320542449
19,34,871220.8145,2085868.9292,0.4176776413435249
19,35,824174.0675,2047349.1453,0.4025566764672339
19,36,884404.0991,2233066.6205,0.39604913305361905
19,37,891152.3805,2213493.2468,0.4025999997010698
19,38,811614.187,2067502.8991,0.39255770202465107
19,39,814468.0151,2168531.67,0.37558502205319416
19,40,910958.1078,2212219.4898,0.4117846859229854
19,41,922305.7714,2194423.6722,0.42029521604428854
19,42,814602.4449,2171161.2579,0.37519205076821577
19,43,825473.7176,2177078.9536,0.37916572397845444
19,44,798808.0876,2070222.799,0.3858560962548843
19,45,848101.7027,2128931.016,0.39836974346565673
19,46,781793.7658,2056822.1632,0.3800978907110213
19,47,799355.4746,2116437.3425,0.3776891753647557
19,48,849044.4048,2169641.8837,0.3913292839609464
19,49,843386.0618,2119485.5911,0.3979201676772371
19,50,917206.2619,2208972.3514,0.41521853422868515
19,51,861428.1714,2097811.4743,0.41063183320009355
19,52,930186.3282,2198314.507,0.42313614600551785
19,53,842961.6737,2159859.1337,0.3902854869317073
19,54,808095.1818,2172524.7995,0.37196131523376885
19,55,894875.8951,2221920.6248,0.4027488133967656
19,56,805961.7322,2070516.7007,0.38925633003951166
19,57,794526.5723,2073094.8983,0.38325624791780427
19,58,892757.6504,2210102.0278,0.4039440890829266
19,59,849981.3042,2094296.2345,0.40585533708077726
19,60,785695.3887,2049444.7812,0.3833698745666893
19,61,925403.7778,2205053.2238,0.4196741229698022
19,62,779433.4834,2180190.7457,0.35750701397906587
19,63,800488.1059,2182223.2778,0.3668222743490341
19,64,747298.9721,2054160.4064,0.36379776855385504
19,65,851573.0992,2108991.2006,0.40378219641586494
19,66,793962.102,2047471.048,0.3877769616208024
19,67,836970.3291,2118278.2986,0.39511820975230943
19,68,813184.4041,2159071.7739,0.3766361146165693
19,69,864099.8998,2117519.5021,0.4080717551564693
19,70,912134.3385,2211336.8671,0.4124809530698933
19,71,862394.6099,2099614.4975,0.41073950047823005
19,72,913503.2071,2204129.4702,0.4144507931365347
19,73,847126.8497,2185845.7435,0.38755106677544926
19,74,809848.9926,2176097.3108,0.3721566074185693
19,75,884602.0924,2204951.7403,0.40118886787047925
19,76,824998.9152,2046535.6168,0.4031197446199266
19,77,805006.0157,2076567.7988,0.3876618024054857
19,78,861145.9518,2201342.9094,0.3911911897609422
19,79,825131.9833,2092111.0077,0.3944016260433158
19,80,821006.9404,2046597.7416,0.40115696588140903
19,81,766491.4747,2067235.3868,0.3707809374753878
19,82,869369.9799,2101622.7398,0.4136660512070464
19,83,885457.2703,2095985.8093,0.4224538479083108
19,84,922628.1133,2195197.267,0.4202939422209111
19,85,851585.8522,2155178.5164,0.3951347165535433
19,86,911969.4989,2212039.0385,0.41227549922374485
19,87,840426.9319,2161052.573,0.38889703212231846
19,88,858080.2976,2110211.0767,0.4066324487983861
19,89,838685.2395,2170918.8272,0.38632731403491327
19,90,773813.6548,2080835.959,0.37187633722548524
19,91,822065.5564,2186045.0711,0.37605151296644734
19,92,773603.1505,2072028.4783,0.37335546234128225
19,93,829631.6952,2111473.0428,0.39291607251581817
19,94,871173.0817,2116841.0042,0.41154393739138434
19,95,816580.0485,2091525.6339,0.3904231606176156
19,96,897091.85,2221660.7326,0.40379335910129593
19,97,896707.415,2208810.9431,0.40596838665671314
19,98,779984.5068,2066807.5644,0.37738612933054155
19,99,828103.6757,2160961.1605,0.3832108095401375
19,100,903004.9842,2214766.3713,0.4077201983475863
19,101,765431.7726,2058057.4765,0.3719195315680485
19,102,868818.6697,2090288.1242,0.4156454125349424
19,103,877645.2938,2111286.2226,0.41569223746423173
19,104,917193.9149,2220459.7634,0.4130648661228517
19,105,817574.7589,2176717.7014,0.37559981175977036
19,106,870995.535,2213509.0616,0.3934908377426811
19,107,815956.4055,2148287.1678,0.37981719470753894
19,108,819700.9689,2115981.5307,0.38738569170253107
19,109,838209.1204,2164825.8567,0.3871947102838759
19,110,784758.9587,2073108.0084,0.37854224455274166
19,111,797759.9736,2174805.896,0.3668189308605774
19,112,791878.2475,2070085.4086,0.38253409458866133
19,113,852206.4998,2102799.9813,0.4052722595485026
19,114,878417.7189,2087385.0616,0.420822077852126
19,115,821041.2693,2059793.2378,0.39860373081762723
19,116,890789.8205,2228251.999,0.39977068163734203
19,117,907945.6157,2206192.5506,0.41154413990432226
19,118,810016.628,2070552.4075,0.3912079815347538
19,119,815991.8985,2173462.0841,0.3754341538641981
19,120,891379.5386,2200005.5466,0.4051714960344455
19,121,924770.1611,2203604.3965,0.4196625140922839
19,122,810329.5842,2178428.7981,0.3719789165965672
19,123,820336.7732,2178842.2201,0.37650122878670395
19,124,769384.5339,2064651.0434,0.3726462814912309
19,125,839064.9567,2114986.3332,0.3967235832822071
19,126,767199.32,2043987.6851,0.3753443944856574
19,127,794741.9023,2107893.2348,0.37703138336387626
19,128,857209.9731,2163578.386,0.3962001000965814
19,129,835412.6831,2114447.3477,0.3950974158844504
19,130,920269.9703,2201769.8972,0.41796827700765243
19,131,866058.7035,2093495.5955,0.413690243897148
19,132,933985.0901,2217557.4215,0.42117740945270943
19,133,836846.1296,2166593.5998,0.3862497007640242
19,134,807415.2829,2176600.9032,0.3709523788733857
19,135,903614.6032,2202281.7326,0.410308358746271
19,136,818475.8882,2074308.9482,0.39457762013235287
19,137,798500.8706,2064823.3429,0.3867163132118231
19,138,890314.0865,2212652.4689,0.4023741184003521
19,139,868193.0516,2105991.963,0.41224898615626865
19,140,776651.375,2066273.0129,0.37587064736908854
19,141,916927.0969,2210724.8049,0.4147631106629196
19,142,783510.6364,2177003.6386,0.35990322777037914
19,143,789961.0476,2184072.4548,0.3616917771495536
19,144,747617.581,2046054.9936,0.36539466599799414
19,145,833820.6916,2109031.0607,0.3953572363809805
19,146,768177.5559,2053750.9031,0.3740363813062661
19,147,844775.3143,2104152.5244,0.4014800754716619
19,148,824818.9439,2164863.657,0.3810027209949139
19,149,875729.2627,2115391.3701,0.41397978410898123
19,150,922300.1422,2201730.8703,0.41889776568120274
19,151,873200.1916,2095766.0795,0.41664964431923857
19,152,902274.1073,2203600.775,0.4094544336416836
19,153,818827.9411,2180180.1603,0.37557810864003394
19,154,835656.2937,2181796.0334,0.3830130227149399
19,155,900446.4542,2208641.8809,0.407692375113831
19,156,817028.0405,2057779.7329,0.3970434869375324
19,157,791185.6152,2061824.7019,0.3837307868466759
19,158,864323.6266,2210912.1072,0.3909353175032448
19,159,827342.9607,2092160.7833,0.39544903398629727
19,160,827099.7296,2054099.8531,0.40265799559440124
20,0,910631.49,2055390.7428,0.4430454370731829
20,1,900005.1544,2062802.815,0.4363020778600208
20,2,941525.3905,2072893.8756,0.4542081973335345
20,3,934874.008,2040311.3078,0.45820165012369785
20,4,879919.4445,2059965.1972,0.4271525779639516
20,5,939283.1754,2077079.8041,0.45221333024659205
20,6,921864.6815,2057474.585,0.44805641256560164
20,7,885407.876,2057844.3792,0.43025988016849354
20,8,896931.6959,2059009.3068,0.4356132305657046
20,9,909853.6858,2073196.8638,0.4388650695391815
20,10,900415.6107,2047038.9197,0.4398624774715855
20,11,851114.6628,2052653.288,0.4146412196232528
20,12,905262.5909,2059870.4795,0.4394754912550316
20,13,863607.6603,2056103.7654,0.4200214380386543
20,14,908481.4756,2053340.9459,0.44244063676517364
20,15,860977.799,2057530.7066,0.4184519804434592
20,16,908204.9791,2042891.7969,0.4445683224525948
20,17,950116.7197,2061304.0645,0.4609299210451346
20,18,911886.2589,2054309.6059,0.44388940025449547
20,19,894759.9065,2065111.6718,0.43327434478160987
20,20,919809.907,2055786.2482,0.44742487591079316
20,21,918627.2111,2053875.061,0.4472653807153852
20,22,917394.909,2040837.555,0.4495188295376111
20,23,919935.727,2044638.814,0.44992578674582473
20,24,937454.724,2051074.4094,0.45705544357809685
20,25,938057.4914,2053591.707,0.45678870254611914
20,26,929854.6714,2034715.288,0.4569949795354366
20,27,892854.0875,2045959.4326,0.4363987248590571
20,28,958880.3177,2066303.8967,0.4640558047784666
20,29,894440.7939,2062946.213,0.4335744617399775
20,30,934290.6542,2057849.9884,0.4540130036040289
20,31,875742.0755,2041542.8838,0.428960901311046
20,32,932644.8781,2061503.773,0.45240997873254923
20,33,919838.7832,2049138.8792,0.4488904058855749
20,34,913167.8424,2050048.2465,0.4454372446887679
20,35,931816.1637,2047499.1998,0.45509964731171565
20,36,887024.4276,2036496.7381,0.43556388331246304
20,37,949345.9498,2047483.3041,0.4636648063986526
20,38,928991.1302,2031371.1349,0.4573222067791823
20,39,907968.0432,2054185.2082,0.44200885079666985
20,40,944845.2359,2075734.0802,0.45518606882870216
20,41,903528.1976,2045476.7803,0.4417200949440668
20,42,906150.0045,2045531.9067,0.4429899145214834
20,43,941470.7778,2044489.3424,0.4604918980378834
20,44,904143.2331,2045408.959,0.4420354321426437
20,45,917422.5373,2042306.0059,0.4492091462541196
20,46,937076.9837,2061103.936,0.45464809771728076
20,47,893832.8054,2058997.8553,0.43411060536037654
20,48,873259.1371,2042626.2075,0.4275178365447463
20,49,936444.3365,2059035.8697,0.45479748569724493
20,50,902919.7422,2040470.49,0.442505660643002
20,51,930311.9756,2070814.9549,0.4492492066462428
20,52,903405.0308,2068091.0778,0.4368303893854747
20,53,918529.4932,2047031.9997,0.4487128160842693
20,54,911961.5999,2061705.2006,0.4423336564483612
20,55,917254.1205,2062387.6361,0.4447535004789588
20,56,921131.7393,2049575.8242,0.449425548654459
20,57,895392.8175,2052007.9585,0.4363495832416383
20,58,916512.2344,2042124.0619,0.44880340597293267
20,59,935891.3554,2064913.396,0.4532351609578109
20,60,917588.0125,2068355.9936,0.4436315679405489
20,61,895317.812,2060820.4681,0.4344472630483187
20,62,886865.5434,2066400.6507,0.42918373215744554
20,63,909326.8993,2064913.6176,0.4403704307770942
20,64,904906.2758,2046541.3385,0.4421636928493443
20,65,881945.154,2047247.4524,0.4307955801659885
20,66,934728.1731,2061391.068,0.45344533970785594
20,67,943690.5684,2069412.874,0.4560185066288517
20,68,854295.893,2048744.6707,0.416985047096235
20,69,907644.2494,2064666.1635,0.4396082356778547
20,70,883424.6936,2057617.6761,0.42934346057642714
20,71,883783.9173,2055299.7072,0.43000245375600565
20,72,932488.6492,2078458.4307,0.4486443584469231
20,73,926531.6763,2052593.97,0.4513954975225811
20,74,947685.7378,2075543.7492,0.45659636813980775
20,75,912740.3081,2070789.2628,0.44076928758354
20,76,869113.5572,2040560.4901,0.42591903617491295
20,77,879463.9335,2054151.5763,0.42813974569691543
20,78,934939.5933,2070713.7361,0.4515059599985429
20,79,922010.7688,2065812.1986,0.44631877448726764
20,80,860444.2044,2047517.8161,0.42023771301728013
20,81,901823.5943,2064112.0635,0.4369063144618359
20,82,900428.0999,2044396.1234,0.4404371978569953
20,83,908960.5112,2074877.3615,0.43807915015414756
20,84,926470.0839,2050873.7014,0.45174409485457745
20,85,914067.7855,2041682.1051,0.4477032850592721
20,86,920656.0345,2055298.8356,0.44794266339922995
20,87,919225.9686,2063320.3044,0.4455081291255479
20,88,936853.1891,2066304.8242,0.4533954420121515
20,89,916131.5177,2059131.2853,0.44491165970824753
20,90,895274.9194,2065037.6331,0.4335392755317627
20,91,913890.7667,2057974.7168,0.4440728835196932
20,92,916121.2053,2072870.9509,0.4419576649970603
20,93,890953.6965,2069822.7962,0.43044926267877
20,94,897269.4848,2070915.1238,0.43327197454310273
20,95,878268.3649,2058610.2147,0.42663169483397784
20,96,909400.3084,2064012.422,0.44059827291097575
20,97,906451.9347,2068177.4701,0.4382853733805404
20,98,943505.739,2050143.5764,0.46021446978692687
20,99,872791.2875,2048932.1296,0.4259737425613944
20,100,905053.3087,2060869.3543,0.4391609331331984
20,101,897892.9768,2045917.3859,0.43887059320580357
20,102,951058.117,2048586.7551,0.4642508376237036
20,103,913375.7925,2062437.0077,0.44286239487070855
20,104,940540.8749,2055193.4619,0.457641040776026
20,105,965044.1785,2045935.4232,0.47168848418030557
20,106,940636.3262,2042847.7856,0.4604534575853031
20,107,943703.8571,2059484.239,0.45822339361927983
20,108,945268.065,2046166.4468,0.46197026956350734
20,109,945976.1665,2057898.3312,0.45968071024596396
20,110,928962.4908,2049794.3108,0.4531979066901799
20,111,923202.0863,2048901.6262,0.45058390041508184
20,112,909136.6057,2041046.6248,0.44542667210705456
20,113,950557.4744,2053963.8106,0.4627917344475144
20,114,913005.5018,2046279.8109,0.4461782288700975
20,115,892708.2603,2041738.3476,0.43722951148434414
20,116,881278.2769,2041830.0959,0.4316119537416992
20,117,937806.8003,2068287.9957,0.45342176826907743
20,118,930759.9951,2046651.4382,0.45477211103351817
20,119,889191.4749,2051704.2543,0.4333916416249642
20,120,914115.2453,2047101.9662,0.4465411398128137
20,121,911608.9043,2044710.5195,0.44583763599109316
20,122,896747.8259,2050219.3956,0.4373911532709724
20,123,909831.1562,2059882.6794,0.44169076486677117
20,124,962269.6888,2057788.5243,0.4676232165923543
20,125,894938.4066,2060400.9856,0.43435157178367834
20,126,877996.6191,2049671.6826,0.42835963757193785
20,127,891359.5368,2056152.1982,0.43350853967926856
20,128,919089.8367,2050742.6911,0.4481741374423763
20,129,946038.6025,2066778.4506,0.4577358556382076
20,130,904982.1027,2060876.795,0.43912479624964673
20,131,914552.3164,2043637.7439,0.4475119522184511
20,132,888028.8214,2049851.0665,0.4332162642997556
20,133,923830.5779,2050864.6877,0.45045905926443924
20,134,941528.5048,2068962.118,0.4550728583228705
20,135,926228.0737,2037496.75,0.4545911907344147
20,136,909548.2681,2036581.2784,0.44660543517053675
20,137,887828.069,2052274.1143,0.43260696162063367
20,138,922969.8624,2042535.9611,0.45187447368267536
20,139,876594.6451,2053299.3597,0.4269200401582339
20,140,904242.8257,2049552.9834,0.44119026588907845
20,141,929694.5572,2072072.7364,0.4486785337541976
20,142,874993.8129,2052521.3946,0.4263019207507558
20,143,943074.0248,2057127.7626,0.4584421259319598
20,144,913019.3082,2055696.1799,0.44414117082438426
20,145,879268.7363,2063554.2483,0.4260943161655965
20,146,905615.9003,2066902.7751,0.4381511850532906
20,147,818602.4498,2049377.7799,0.39943950687312707
20,148,883002.227,2064146.8427,0.4277807221529802
20,149,925251.0618,2062641.1651,0.44857587323248366
20,150,897412.7535,2053243.3198,0.4370708258714384
20,151,890713.9507,2061945.3572,0.43197747582871787
20,152,881726.8736,2058772.0548,0.4282780463938518
20,153,897991.9695,2059242.2943,0.4360788295702984
20,154,921443.771,2065261.4387,0.44616325746149227
20,155,918740.0741,2052413.4558,0.4476388865526556
20,156,936251.3177,2069669.2942,0.4523675933752953
20,157,911652.2947,2062554.4863,0.4420015571736026
20,158,868920.4111,2058596.5131,0.42209359899843113
20,159,890928.9588,2056768.6365,0.43316926512264037
20,160,873236.8343,2066163.6162,0.42263682675141667
26,0,2557376.2159,7098749.7256,0.3602572727247185
26,1,2585978.9285,7127083.8506,0.3628382916081866
26,2,2404076.7314,7159947.0573,0.3357673893620342
26,3,2605692.4219,7055046.6557,0.369337376358068
26,4,2488496.4273,6967349.8198,0.3571654203766437
26,5,2499588.2609,7039905.131,0.35505993538082525
26,6,2583589.4601,7126580.6582,0.36252862122977103
26,7,2569744.6785,7026699.8898,0.3657114604012414
26,8,2401063.1263,7106036.4929,0.33789062703224554
26,9,2568176.0665,7024851.0693,0.36558441469648256
26,10,2496041.6566,7122858.4865,0.35042696149737695
26,11,2626525.5466,7085801.765,0.37067443229552444
26,12,2622641.966,7132436.1673,0.367706335462769
26,13,2532897.2272,7122026.9464,0.3556427469683071
26,14,2619434.5348,7131989.3265,0.3672796487604222
26,15,2568112.6873,7099437.3881,0.3617346765540383
26,16,2549360.3955,7043024.2483,0.3619695610327266
26,17,2536596.2854,7157150.2838,0.3544142828943401
26,18,2467304.494,7145397.0605,0.3452998445165971
26,19,2491454.3964,6982438.9576,0.3568172112250533
26,20,2574462.2757,7059430.6957,0.36468412067111045
26,21,2638163.8547,7134297.7603,0.3697860593064263
26,22,2577582.0583,7073140.6271,0.3644183247854939
26,23,2637900.3676,7144018.9142,0.3692459943459426
26,24,2648835.3326,7222964.8463,0.36672410692361035
26,25,2702337.5607,7166925.0069,0.37705676536287297
26,26,2568853.253,7170562.0343,0.35824991691195585
26,27,2479448.5384,7114257.7218,0.3485182341373862
26,28,2583018.883,6994613.7937,0.3692868483069797
26,29,2543853.0711,7167531.892,0.35491339409864464
26,30,2663096.5844,7112301.8329,0.3744352597749831
26,31,2507427.8994,7112982.5059,0.3525142789709051
26,32,2441371.6955,7027493.7235,0.3474028994627248
26,33,2485110.7979,7052400.5632,0.3523779988997662
26,34,2532152.7639,7079364.767,0.35768078736435027
26,35,2656439.0997,7083235.4091,0.3750318810930962
26,36,2587819.5683,7174505.7095,0.36069656546142026
26,37,2390381.7016,7079227.3551,0.3376613833256714
26,38,2552356.153,7014359.618,0.3638758620887122
26,39,2504195.6241,7150974.6185,0.35018941580655255
26,40,2536470.4526,7125100.5911,0.35599082710050695
26,41,2540193.452,7110252.3503,0.3572578478023811
26,42,2546184.9542,7017728.6952,0.36282179958617444
26,43,2653408.1575,7088307.5702,0.374335923098937
26,44,2547658.7312,7124300.1014,0.35760126537894693
26,45,2456094.1299,7095472.6086,0.3461494766286765
26,46,2563128.8661,7054869.3654,0.36331344116315534
26,47,2613589.3325,7097891.79,0.36822050967052006
26,48,2585301.3937,7006582.8108,0.36898177949384925
26,49,2538756.3278,7089103.9728,0.3581209046363107
26,50,2537633.3474,7020982.336,0.3614356547214649
26,51,2491996.3229,7128232.9246,0.3495952432053612
26,52,2608087.2436,7062839.5636,0.3692689349820983
26,53,2509867.5564,7129138.9016,0.3520576034556863
26,54,2610072.6937,7087487.5514,0.3682648716870662
26,55,2603935.0269,7062923.6826,0.36867664779034404
26,56,2682849.6888,7196732.7171,0.3727871791633083
26,57,2569616.3755,7138460.3561,0.35996787084545423
26,58,2686895.7484,7099132.2929,0.37848227607861656
26,59,2558662.7142,7156776.1848,0.3575161005641401
26,60,2441902.0369,7080111.8485,0.34489596904000097
26,61,2504318.9318,7128462.4488,0.3513126357594232
26,62,2609015.7867,7241496.203,0.36028684039344516
26,63,2558314.9269,7088205.5721,0.36092561098535636
26,64,2524999.8502,7075125.6492,0.3568841000704358
26,65,2525751.6564,7065589.9357,0.35747215439693775
26,66,2643661.8218,7114868.0641,0.3715686359862826
26,67,2399840.7648,7117458.1802,0.3371766583014281
26,68,2482034.0969,7127126.9997,0.34825170044037035
26,69,2573231.5971,7104114.2711,0.3622170898303359
26,70,2498974.722,7119856.2344,0.35098668283863066
26,71,2656579.8244,7047037.5885,0.3769782395847086
26,72,2541227.8582,7125046.9113,0.35666121077318497
26,73,2699199.7187,7132001.1133,0.37846316564174953
26,74,2582871.1134,7146764.2444,0.36140426983076485
26,75,2447415.4833,7074794.0047,0.3459345221463844
26,76,2549290.4436,7094790.5027,0.35931863564256616
26,77,2532901.1817,7028887.2629,0.3603559264734839
26,78,2573970.4922,7070516.963,0.3640427575055094
26,79,2444946.8608,7027359.75,0.3479182719797432
26,80,2616941.4022,7054458.7191,0.3709627494331509
26,81,2563736.189,7104494.2957,0.36086117917663796
26,82,2653602.6738,7193566.4126,0.3688855460001095
26,83,2427676.6776,7109933.9922,0.34144855356790915
26,84,2507154.0346,7088713.5059,0.3536825169353047
26,85,2640267.0143,7054457.5481,0.3742693178458649
26,86,2462238.5042,6997913.488,0.3518532357426594
26,87,2546506.8973,7095951.6491,0.3588675660752256
26,88,2530084.6035,7176137.5427,0.3525691346417621
26,89,2587731.2258,7093623.9647,0.36479678633619805
26,90,2683482.1188,7239175.1447,0.3706889341895052
26,91,2515617.1112,7044068.1039,0.3571256089655366
26,92,2561110.3722,7215296.5708,0.35495566219200264
26,93,2533011.3489,7087282.5205,0.35740233884754163
26,94,2590587.3517,7149597.5422,0.3623403046687928
26,95,2538851.0755,7116252.3085,0.356767996051443
26,96,2502261.1048,6990780.5663,0.3579372977121449
26,97,2586436.4169,7035234.3176,0.3676404082845583
26,98,2372210.9665,7091673.2015,0.3345065260477937
26,99,2548275.3334,7036731.9133,0.3621390390876695
26,100,2485451.5953,7056940.2812,0.3521996072322381
26,101,2453128.8653,7080110.4068,0.3464817247685748
26,102,2450228.5149,6972037.6171,0.35143650242081825
26,103,2582257.7444,7091123.2343,0.36415355636601165
26,104,2486410.0515,7163115.7246,0.3471129250307966
26,105,2602483.5823,7157872.0316,0.363583418481186
26,106,2483783.1642,7163697.6116,0.3467180356940347
26,107,2510676.0283,7117869.5015,0.3527285837104638
26,108,2621423.6918,7044153.7954,0.37214174589882637
26,109,2530337.7288,7137640.9804,0.35450616467658164
26,110,2620624.9451,7039076.3763,0.3722967055625979
26,111,2446752.3673,7154673.2505,0.3419796099184558
26,112,2612627.5424,7032740.6305,0.37149493770172676
26,113,2570777.5915,7092243.0823,0.3624773659994606
26,114,2483897.1244,7072500.0823,0.3512049622475548
26,115,2598007.8941,7035197.4083,0.3692871348620462
26,116,2591285.507,7125391.1796,0.36366922765150805
26,117,2635561.5123,7125504.079,0.3698772021010305
26,118,2612560.6762,7062319.1398,0.36992956909534197
26,119,2657875.4548,7193975.0688,0.36945853014241126
26,120,2467813.8866,7101981.6286,0.34748243738930584
26,121,2549609.1374,7024144.5335,0.36297788652272756
26,122,2440449.4215,7023323.2979,0.3474778702312769
26,123,2722353.7836,7120900.8031,0.382304691341137
26,124,2629568.2303,7139338.6528,0.3683209829622946
26,125,2727370.4775,7169108.2996,0.3804337113518251
26,126,2661516.3843,7107211.5291,0.3744810990080428
26,127,2426539.8976,7025631.0074,0.34538390858332285
26,128,2706053.0582,7048602.9605,0.38391339012348674
26,129,2601994.7042,7178009.6748,0.36249529076770143
26,130,2507306.1595,7059388.1848,0.3551732946062711
26,131,2553039.5034,7144684.13,0.35733413219486865
26,132,2397015.4009,7057229.6283,0.33965387654212004
26,133,2608097.8199,7133714.1068,0.36560167408642136
26,134,2451089.9095,7100799.1618,0.34518507757353145
26,135,2488627.5441,7088995.3,0.35105504218630246
26,136,2514718.936,7102882.9571,0.3540420067722363
26,137,2476038.1855,7030156.4233,0.3522024314130029
26,138,2569986.8399,7057375.8747,0.36415615173809157
26,139,2518122.3012,7205488.9291,0.3494727874787708
26,140,2584902.385,7105062.0665,0.3638113729066043
26,141,2565549.8679,7128692.1504,0.359890680334126
26,142,2506445.0733,7177631.2096,0.3492022646618648
26,143,2592643.333,7077658.7571,0.3663136952455037
26,144,2546739.4181,7041423.1102,0.36167964603786806
26,145,2587957.0322,7067567.7246,0.3661736446036631
26,146,2472141.2468,7040476.3687,0.3511326673562108
26,147,2617972.2605,7174153.4424,0.3649172381827672
26,148,2691200.211,7183340.1089,0.3746446875967438
26,149,2743500.5842,7062892.9696,0.38843864631795144
26,150,2515062.7834,7186974.9009,0.3499473447562823
26,151,2614137.8192,7025044.7851,0.3721168902359942
26,152,2614092.8071,7175347.8992,0.3643158274446111
26,153,2576395.8395,7083973.3967,0.363693607418146
26,154,2562548.5919,7126305.5878,0.35959005130049415
26,155,2550159.9422,7125676.5527,0.35788320215484876
26,156,2572413.7277,6977813.2854,0.3686561423307757
26,157,2568799.287,7049558.5484,0.36439151038514694
26,158,2436211.2846,7078351.6575,0.3441777694131185
26,159,2534890.0526,7148184.4347,0.3546201242786464
26,160,2562283.114,7082188.6697,0.36179255220385675
27,0,1802245.4024,3970930.6464,0.4538597026452464
27,1,1805710.492,3945339.7215,0.4576818777252158
27,2,1772341.1161,3960415.5019,0.4475139326289687
27,3,1808996.7009,4001570.4308,0.4520716883991825
27,4,1808721.1462,3950554.7696,0.45783978496345107
27,5,1730987.8129,3987851.0704,0.4340653104496136
27,6,1836673.2872,3997488.9734,0.4594567488294651
27,7,1849505.9658,3965745.5606,0.46637030478581126
27,8,1819229.3744,3919357.748,0.46416517484996883
27,9,1773323.4962,3989521.2652,0.4444953111714022
27,10,1820184.2979,3995466.9272,0.4555623487980101
27,11,1712611.068,4002017.9793,0.427936875061105
27,12,1838965.4745,4004367.0072,0.45923999253651626
27,13,1861300.2122,3965945.4905,0.46932067439114994
27,14,1772469.6124,3981147.6651,0.4452157421685283
27,15,1880763.3542,3983399.9635,0.4721502664641976
27,16,1757990.4897,4012069.8207,0.43817544765292177
27,17,1865716.0693,3944779.857,0.47295822249479713
27,18,1772997.0548,3945560.6782,0.44936504578326675
27,19,1801088.4453,3946516.1014,0.4563742802572314
27,20,1824573.9075,3970206.8897,0.4595664553989704
27,21,1826535.8816,3944254.8069,0.463087698696518
27,22,1788154.6289,3980874.0922,0.44918643179488
27,23,1751519.5297,4005975.6064,0.4372267087452427
27,24,1913739.2532,3967832.67,0.4823134976606763
27,25,1736649.2973,3995439.2622,0.43465791452020536
27,26,1829239.9283,4019738.761,0.45506438031434054
27,27,1855293.7349,3964040.2832,0.46803099927185926
27,28,1822211.8023,3925094.1276,0.46424665066929033
27,29,1683499.8049,3969813.5441,0.4240752836873269
27,30,1790998.5293,4011849.5346,0.44642714385313326
27,31,1751179.137,3969632.6602,0.4411438757438506
27,32,1814348.3469,3992068.8211,0.45448824361701834
27,33,1926958.3798,3985795.3309,0.4834564296016899
27,34,1753731.3004,3985977.4842,0.43997521495081404
27,35,1754249.9765,3948595.2381,0.444271917155053
27,36,1737952.8813,3975350.0147,0.4371823549809248
27,37,1852016.017,3962262.2322,0.4674137925423703
27,38,1796604.0415,3950057.0819,0.454829893403926
27,39,1799571.518,3957553.4453,0.4547181845736475
27,40,1814033.4107,3942838.1369,0.46008315525888105
27,41,1811074.3163,3949153.0137,0.4585981626989902
27,42,1732433.3185,4004111.3859,0.4326636178505316
27,43,1762129.6905,3986289.0854,0.4420476419921213
27,44,1895856.8609,3995531.0183,0.47449434185762884
27,45,1787628.9065,3969929.087,0.45029240254033787
27,46,1756370.5962,4006219.3007,0.4384109965954965
27,47,1860078.456,3957316.15,0.4700353435244237
27,48,1775554.4603,3954419.5298,0.4490050807507015
27,49,1712800.7684,3983193.471,0.4300069230556338
27,50,1800582.4575,4008586.3623,0.4491814058028384
27,51,1784169.991,3978879.5439,0.4484101544957052
27,52,1831177.4389,4005314.782,0.4571868975515643
27,53,1880883.7666,3955178.9282,0.47554960236804994
27,54,1724487.6529,3991602.7744,0.4320288742056046
27,55,1858190.7059,3935380.0455,0.47217566903729935
27,56,1795060.0916,3970198.9851,0.45213353243421545
27,57,1800710.5648,3971440.8009,0.45341493303687835
27,58,1795561.1367,3939116.3605,0.4558284072806841
27,59,1798371.2666,3938103.0604,0.45665926945480606
27,60,1788651.5789,3948994.495,0.452938483749393
27,61,1799819.2458,3937181.4054,0.45713393935353774
27,62,1769598.1031,3980716.9521,0.44454255964279515
27,63,1764237.6692,4009804.2618,0.4399809950842923
27,64,1842468.9321,3952094.6116,0.46620061338918173
27,65,1770835.2997,3994879.2939,0.4432762968342962
27,66,1809964.9118,4002351.1435,0.4522254162380193
27,67,1863488.0015,3960438.318,0.4705256973781254
27,68,1809058.2701,3960002.232,0.45683263900241156
27,69,1741064.5438,3979870.6281,0.43746762306974496
27,70,1795729.1991,3976252.0034,0.45161352891228074
27,71,1821674.6158,4006723.3075,0.4546544585172856
27,72,1883826.5426,3993359.6221,0.47173976823288116
27,73,1889325.4762,3937844.0935,0.47978676436647505
27,74,1749251.7856,3965135.7706,0.44115810575013553
27,75,1833923.9566,3959677.4744,0.4631498318882373
27,76,1782403.0035,3958263.5562,0.4502992229277267
27,77,1873967.7545,3962734.1569,0.4728976712295994
27,78,1775203.0828,3947497.4576,0.4497034138381151
27,79,1790021.2991,3913038.5191,0.45745046729356126
27,80,1793155.5943,3952276.9589,0.4537019072669118
27,81,1791549.1479,3991250.5732,0.4488691238604994
27,82,1813600.6869,3952047.435,0.45890154830593527
27,83,1816422.5628,3955591.38,0.459203792379586
27,84,1695057.5832,3966816.1792,0.42730933489886275
27,85,1823324.4766,3956603.381,0.4608307431964963
27,86,1840370.1678,3928453.5547,0.46847191704689545
27,87,1780043.2436,3992813.8235,0.4458117313468072
27,88,1794970.2515,4016519.9016,0.4468968897141441
27,89,1835472.2962,3956109.5951,0.4639589101559266
27,90,1832594.7083,3946370.4817,0.46437472528189067
27,91,1797358.9793,3952736.7839,0.45471253907441345
27,92,1773508.7647,3969669.9036,0.4467647960077604
27,93,1796097.042,3970145.5093,0.45240080943952116
27,94,1836135.3355,3963326.8419,0.46328133125144066
27,95,1794564.1918,4016406.4353,0.4468084146135369
27,96,1849030.2142,3949934.9821,0.46811662029357126
27,97,1708060.8632,3966533.7905,0.43061800388310595
27,98,1822101.5833,3991938.226,0.45644533560976003
27,99,1806740.0177,3997645.8103,0.4519509990217004
27,100,1831328.7514,3991379.1869,0.4588210404590362
27,101,1801832.8299,3990970.2208,0.45147739276762083
27,102,1824134.0425,3961227.4079,0.46049717793582673
27,103,1810349.819,3944858.4443,0.4589137594064518
27,104,1779919.0042,3983353.2009,0.44683936232364346
27,105,1877358.3443,3977761.9214,0.4719634762955474
27,106,1810762.6747,3933173.1781,0.4603821374513507
27,107,1776257.242,4015728.1459,0.4423250721823719
27,108,1801076.5348,3968645.678,0.4538264891683787
27,109,1880110.8642,3969261.1235,0.4736677194324174
27,110,1727540.5457,3953380.823,0.43697802540284136
27,111,1846463.8366,3954935.074,0.4668758910200001
27,112,1791474.3122,3955601.6531,0.45289553127677146
27,113,1781402.33,3990564.975,0.446403539639146
27,114,1802389.7497,3948750.7148,0.45644556465532393
27,115,1839879.7104,3978543.516,0.4624505684054456
27,116,1831475.4798,3962260.3056,0.46222997444451397
27,117,1733029.2111,3975080.2476,0.43597339000799695
27,118,1855410.6382,4018066.0824,0.46176707902518094
27,119,1834158.5548,4005110.7023,0.45795452139355464
27,120,1766395.8847,3962844.5556,0.44573938238477195
27,121,1784513.1283,3991363.2113,0.44709364541113217
27,122,1857769.027,3966935.6829,0.46831337221023234
27,123,1809940.0402,3938855.1913,0.4595091599705746
27,124,1785712.306,3984681.773,0.44814427041574445
27,125,1837811.2995,3956339.9008,0.46452310609823527
27,126,1782323.5408,3925512.7829,0.4540358519692034
27,127,1777612.9475,3952975.1035,0.4496898920324809
27,128,1848833.8684,4011482.3459,0.46088545554478894
27,129,1855905.7051,3965154.3497,0.46805383635076303
27,130,1764800.0726,3934762.0794,0.44851506571119265
27,131,1793845.6172,3935229.4318,0.45584270200466637
27,132,1820400.595,3926546.2256,0.463613692647113
27,133,1731232.2715,3989398.4229,0.4339582282788193
27,134,1818988.9808,3978949.5758,0.45715306166811065
27,135,1759951.4319,3969014.9799,0.44342272347491674
27,136,1883524.4651,3968585.274,0.4746085405899735
27,137,1778685.7265,3989918.7635,0.44579497276273305
27,138,1760020.4523,3986457.4676,0.4414998696473237
27,139,1816940.9195,4006429.9928,0.4535062194435557
27,140,1817592.4164,4019071.954,0.452241820301583
27,141,1773670.3905,3996213.7057,0.4438377226848817
27,142,1845101.863,3983426.3189,0.46319467596165154
27,143,1819666.3775,3946117.3043,0.46112830338752175
27,144,1702864.605,3979224.3652,0.4279388264437339
27,145,1783407.6712,3953943.3074,0.45104533184941337
27,146,1796323.6726,3939111.075,0.4560225996165899
27,147,1805397.8726,3960942.6588,0.4558000526942645
27,148,1823099.4465,4036928.7279,0.4516055569423867
27,149,1846259.0065,3959279.8348,0.4663118252648748
27,150,1797742.5505,3903485.1746,0.46054806668612985
27,151,1808286.3205,3946230.3184,0.45823131814393697
27,152,1788685.0973,3954290.3438,0.452340354851411
27,153,1727647.0073,3989791.2845,0.43301688838004176
27,154,1836743.2178,3959012.4301,0.4639397451332594
27,155,1810531.845,3986292.359,0.4541894276550728
27,156,1860101.4468,3988833.6468,0.4663271551302339
27,157,1729867.819,3988881.1572,0.4336724386680607
27,158,1772329.7154,3991145.4992,0.44406542326138004
27,159,1776538.0288,3976934.2829,0.4467104313085455
27,160,1823280.6607,4003813.1666,0.4553860494565266
29,0,1818230.0564,4283597.9564,0.4244632841145689
29,1,1794314.8135,4278163.8555,0.4194123633654733
29,2,1857374.562,4299736.7534,0.4319740180678011
29,3,1776729.6608,4295744.5159,0.41360226480502366
29,4,1843448.6479,4310472.6113,0.4276674077611254
29,5,1736308.6278,4305656.342,0.40326224154561197
29,6,1790109.8531,4250501.3291,0.421152639300324
29,7,1744390.9142,4227623.98,0.4126173288949884
29,8,1826960.4646,4359727.3191,0.41905383774716176
29,9,1893029.2438,4275030.7989,0.4428106680043315
29,10,1777549.0029,4295871.5424,0.4137807626125911
29,11,1810377.1989,4272352.5945,0.4237424601215226
29,12,1784774.5931,4227263.688,0.42220564526562837
29,13,1818492.1297,4262424.5263,0.42663327373412596
29,14,1893774.893,4292591.7277,0.44117284222012365
29,15,1789234.5407,4307318.3752,0.4153940769741501
29,16,1843815.7914,4281526.5508,0.43064448381278503
29,17,1778572.348,4264002.0509,0.4171133894329619
29,18,1801414.3206,4316951.9547,0.4172884802757057
29,19,1849121.8776,4257893.5543,0.43428090768793226
29,20,1879617.3588,4275702.7186,0.4396043136075293
29,21,1758089.1477,4264626.3809,0.41224927828940916
29,22,1936343.545,4233426.887,0.4573938789272871
29,23,1829949.0422,4316192.1556,0.4239730244228703
29,24,1788479.4173,4315711.5202,0.4144112526819489
29,25,1736920.9747,4273704.8599,0.40642043183596027
29,26,1920895.333,4346337.9973,0.4419571911326925
29,27,1910405.0936,4314099.976,0.44282819225977066
29,28,1823292.3069,4315980.8259,0.42245143814321595
29,29,1738179.6025,4239412.5528,0.41000482516191694
29,30,1819974.4895,4306807.6346,0.422580863579488
29,31,1927575.9076,4286249.0002,0.4497116027347123
29,32,1868116.3748,4268145.2806,0.43768809447306045
29,33,1761942.3192,4265876.0372,0.4130317674107776
29,34,1893410.9141,4236079.2185,0.44697249896343033
29,35,1783799.5169,4232738.5333,0.42142917708391586
29,36,1706169.8082,4320756.1246,0.3948775998918363
29,37,1842575.2439,4308818.3923,0.4276288940821322
29,38,1895619.4281,4308898.5375,0.43993132156688664
29,39,1799137.3809,4279467.4154,0.4204115153268051
29,40,1904062.928,4220752.8514,0.4511192659310609
29,41,1805641.5502,4282712.9451,0.42161162173287775
29,42,1787437.6478,4209177.1144,0.4246525150212862
29,43,1863698.5438,4299475.9301,0.43347109603580286
29,44,1879162.8963,4311483.8227,0.43585061978110434
29,45,1771962.5328,4290770.4551,0.4129707126825788
29,46,1854507.9351,4332555.6773,0.42804018533830096
29,47,1782079.3801,4268790.5821,0.41746704267308404
29,48,1762931.3648,4283127.5419,0.41159908210857565
29,49,1758090.7429,4256049.5916,0.41308041766474607
29,50,1843288.1992,4366732.0423,0.42212074873023864
29,51,1859828.2314,4270824.1275,0.43547291479986144
29,52,1888394.9288,4251538.7084,0.4441674081595432
29,53,1782630.787,4272610.2035,0.4172228923527168
29,54,1838981.6596,4213096.8139,0.4364916689150759
29,55,1807286.5998,4311288.8642,0.4191986797283088
29,56,1849877.3268,4347711.2832,0.42548301998527704
29,57,1768033.7185,4281525.1395,0.4129448411241776
29,58,1780190.9629,4303349.2221,0.41367569096130224
29,59,1929705.1254,4319467.997,0.4467460175049886
29,60,1883980.4489,4240884.5838,0.4442423300310331
29,61,1790193.7138,4261724.1847,0.4200632505094928
29,62,1907980.8001,4269234.7865,0.4469140011070225
29,63,1780204.0232,4293067.8915,0.41466943178902205
29,64,1840348.1158,4273819.4104,0.43060970506186086
29,65,1760064.1196,4324158.0421,0.40703047910460644
29,66,1776833.1582,4316438.8149,0.4116433093100995
29,67,1818960.6482,4260908.4088,0.42689503591377925
29,68,1769764.1689,4307868.2977,0.4108213266048289
29,69,1697294.8391,4259949.6499,0.398430727729339
29,70,1865460.6384,4355948.1195,0.4282559358429935
29,71,1850269.0919,4254323.9032,0.43491495570148575
29,72,1837584.4147,4257793.6821,0.43158136628961297
29,73,1736629.9032,4231621.6472,0.4103934727598111
29,74,1808478.727,4254231.4445,0.4251011611834275
29,75,1904222.3211,4318758.4643,0.44091892075947414
29,76,1803830.4287,4266076.6525,0.4228312277612082
29,77,1802827.036,4255110.6458,0.42368511328359404
29,78,1791669.1561,4335541.4163,0.4132515374813397
29,79,1749427.8913,4294816.9461,0.4073346811413244
29,80,1859109.8491,4274936.4027,0.4348859664732808
29,81,1844329.0654,4292388.2771,0.4296743319423227
29,82,1784555.8607,4331444.0738,0.41200020831260536
29,83,1808176.6599,4298313.055,0.42067123468278883
29,84,1719531.9849,4248784.2493,0.4047115325244623
29,85,1886551.8148,4230169.5467,0.44597546126058213
29,86,1779901.4045,4260609.5866,0.41775745191438096
29,87,1809543.4938,4337303.6481,0.4172047061064514
29,88,1880314.3202,4202865.712,0.4473886269626309
29,89,1891199.7448,4256079.2109,0.4443525721881672
29,90,1842673.4459,4273167.1046,0.4312196084998384
29,91,1684732.0039,4301058.4463,0.39170172294433625
29,92,1825443.3023,4318462.3987,0.42270677240341814
29,93,1847706.4355,4287434.5222,0.43095851981708894
29,94,1778575.1856,4329940.1022,0.4107620760611269
29,95,1766960.6233,4333193.6995,0.4077732835953968
29,96,1863097.0141,4239934.6957,0.4394164410101624
29,97,1829228.3645,4326637.5043,0.4227829030470044
29,98,1783165.307,4280320.8887,0.416596174297945
29,99,1768609.6384,4250724.69,0.41607249760510834
29,100,1797090.2885,4329350.8083,0.41509463383163925
29,101,1831721.1299,4293130.0419,0.4266633230353627
29,102,1749420.0304,4323533.1518,0.40462741211355596
29,103,1864395.1395,4250636.5067,0.43861551947838306
29,104,1817226.5631,4251390.4863,0.4274428728567671
29,105,1868094.9364,4253350.4074,0.43920551035482036
29,106,1795054.9902,4259627.26,0.4214112833431346
29,107,1928210.438,4318928.9151,0.44645570137969137
29,108,1862533.9468,4240931.4322,0.43918039623522115
29,109,1801131.688,4315355.1081,0.41737739835575594
29,110,1840807.2258,4272530.6677,0.4308470480308918
29,111,1815147.1476,4332192.8135,0.41899038794940746
29,112,1766429.504,4290862.3874,0.4116723736438325
29,113,1826710.5672,4311532.6239,0.4236800985974328
29,114,1796381.4347,4261586.3483,0.4215288129540304
29,115,1834254.528,4257151.4587,0.4308642870226007
29,116,1814657.9281,4292086.9904,0.4227915072920932
29,117,1821746.4705,4277577.9964,0.4258827009193468
29,118,1797042.4026,4265127.9206,0.42133376443893383
29,119,1795111.0941,4265629.5818,0.42083145281979767
29,120,1821918.9791,4348199.5168,0.41900537729713405
29,121,1819226.3717,4287557.5176,0.42430366571929484
29,122,1822191.6701,4327464.8767,0.42107601610149886
29,123,1878498.1219,4233505.8792,0.44372162824419586
29,124,1813998.9497,4290946.0428,0.4227503519285223
29,125,1861715.9204,4295521.9029,0.43340855022601915
29,126,1724616.3255,4251583.1911,0.4056409690183658
29,127,1872440.3316,4311405.2037,0.43429931614710965
29,128,1972849.1115,4239993.046,0.46529536489716217
29,129,1884032.1409,4272807.2329,0.4409354408486355
29,130,1863264.7266,4241097.2769,0.43933553157307914
29,131,1766137.9812,4325500.6013,0.40830834254633996
29,132,1723296.923,4341443.3899,0.39694100975935886
29,133,1811962.389,4306961.8188,0.4207054683166071
29,134,1818107.3753,4268150.312,0.4259707935281357
29,135,1723428.2899,4252401.4546,0.40528353409241163
29,136,1845680.824,4254676.5925,0.4338004978459476
29,137,1817109.6007,4311009.8375,0.42150439669461787
29,138,1851268.288,4250033.4291,0.43558911215247315
29,139,1857750.7495,4231428.3545,0.43903632387497155
29,140,1778989.8939,4325940.6365,0.4112377037469779
29,141,1846445.7352,4282790.9401,0.43113141897999974
29,142,1808610.171,4319568.7518,0.41870155909576323
29,143,1875857.4507,4305711.6956,0.43566722142983605
29,144,1809750.8035,4266199.202,0.4242068215313496
29,145,1785577.8785,4276125.7764,0.4175690734717463
29,146,1760215.4743,4259941.1501,0.41320182891697455
29,147,1903283.806,4319738.5543,0.4406016202312552
29,148,1833694.7915,4254130.512,0.431038677898465
29,149,1775105.9571,4285427.2293,0.4142191343171993
29,150,1886367.5934,4242624.3248,0.4446228204494454
29,151,1874428.7345,4299997.1249,0.43591395065027894
29,152,1716530.6943,4342236.2086,0.3953102990805363
29,153,1798818.361,4293928.2594,0.4189213820846073
29,154,1789388.6589,4299293.9519,0.41620523716672364
29,155,1835169.8789,4267685.1491,0.4300152927839613
29,156,1893836.5435,4228805.8924,0.4478419184251513
29,157,1885355.1451,4287750.7553,0.43970726208130256
29,158,1781500.925,4284692.7911,0.41578265043889856
29,159,1750982.1182,4269184.1208,0.4101444371230081
29,160,1719071.6086,4272941.6616,0.4023157217541545
30,0,290633.8134,704845.5001,0.412336906965805
30,1,280686.353,704856.5391,0.3982177044968554
30,2,271096.4444,708372.5758,0.38270318990516744
30,3,285854.9127,706508.1453,0.40460243042013233
30,4,294643.3916,702470.3238,0.4194389166593289
30,5,283617.6401,699065.3738,0.40570975294957456
30,6,309247.711,694089.594,0.44554437016959514
30,7,301725.4673,706318.0504,0.4271807397943854
30,8,294783.6865,728141.1904,0.40484412966400424
30,9,297158.597,715512.7582,0.415308593165488
30,10,269151.4765,709702.1976,0.3792456574182658
30,11,295895.6487,701842.738,0.42159821948602966
30,12,282571.2298,711621.5828,0.39708074716926645
30,13,298687.2816,699981.4368,0.42670743236486924
30,14,292459.6973,710655.567,0.4115350823671237
30,15,294955.7976,715645.443,0.41215353284936657
30,16,290340.029,723399.6218,0.4013549637716993
30,17,286117.6452,702240.0686,0.4074356591050265
30,18,284044.525,708961.8699,0.40064852153482505
30,19,302027.5503,711561.7864,0.42445723768844595
30,20,276471.1057,705447.2289,0.3919089825203508
30,21,285403.3838,697168.8764,0.4093748207374795
30,22,277811.5261,693354.8179,0.40067728517618484
30,23,294499.0374,716894.2877,0.4107984154049216
30,24,315891.8849,709664.9505,0.4451282040594451
30,25,310993.6246,725490.6759,0.428666604452497
30,26,275258.592,706893.1648,0.38939206899514783
30,27,277390.8755,681641.6122,0.40694533686803575
30,28,258034.2455,702369.6912,0.3673766803051367
30,29,284427.5255,688165.3347,0.41331277697094965
30,30,304389.4789,717149.7684,0.42444339008727483
30,31,287048.5316,693003.9806,0.41420906608858804
30,32,288407.7491,695947.1673,0.41441040735736895
30,33,271381.0947,700947.4721,0.3871632404735796
30,34,282251.125,707937.4506,0.3986950044255788
30,35,292323.8333,689180.0023,0.42416180435362005
30,36,296399.0006,691512.2618,0.4286243599332225
30,37,294552.3057,685497.5109,0.4296912840912841
30,38,267473.9856,714805.3578,0.37419135528477426
30,39,277545.2675,710512.8973,0.3906266424644675
30,40,287343.6214,712392.8132,0.4033499722004214
30,41,281203.2153,702335.7725,0.4003828742754236
30,42,296323.1296,704941.0811,0.42035162589419983
30,43,298647.552,716449.1977,0.41684400367638236
30,44,297855.2849,686733.1253,0.4337278542809212
30,45,283778.3163,709539.6534,0.3999470853252245
30,46,293236.7486,698618.8968,0.41973778542659085
30,47,282098.2608,702901.4925,0.4013339903386249
30,48,278118.6962,691801.8364,0.40202075445083335
30,49,298979.2173,707404.8908,0.4226422819354361
30,50,292141.0313,702518.8911,0.4158479366192805
30,51,333843.6334,708373.1203,0.471282187074822
30,52,272122.9522,709338.8472,0.3836289994184884
30,53,292660.6758,708225.4322,0.4132309607844665
30,54,269053.8771,696348.4093,0.3863782461576451
30,55,288910.5366,698269.7584,0.41375203941525873
30,56,294181.9989,691489.7206,0.42543220836998225
30,57,289412.8945,709963.2526,0.40764489350698546
30,58,280772.7412,698348.0881,0.4020527097939083
30,59,282412.1617,680117.0074,0.4152405521803159
30,60,302426.4041,707708.9222,0.42733162549352977
30,61,301233.0992,713074.458,0.42244269980569127
30,62,277163.023,730914.1358,0.37920052359726164
30,63,271634.9857,690935.7281,0.3931407432742947
30,64,312044.7792,713869.9534,0.4371171215622702
30,65,307036.1352,689083.6047,0.44557167389532
30,66,287915.0044,712778.0875,0.40393357967812105
30,67,297796.6225,721876.1236,0.412531475642783
30,68,273092.3904,704715.3446,0.38752156099993623
30,69,300949.352,709332.4775,0.42427121490429714
30,70,286045.9904,707916.7667,0.4040672630674111
30,71,294158.9542,708099.5727,0.4154203244020684
30,72,293867.4061,714143.563,0.4114962611516251
30,73,303743.5431,702689.3581,0.4322586354819595
30,74,300796.3787,717461.951,0.41925063521591543
30,75,318087.369,721458.495,0.44089489721789193
30,76,311493.909,713799.9693,0.43638823535600846
30,77,310269.7648,710844.1958,0.4364806896268112
30,78,272502.5908,695397.8853,0.3918657168225933
30,79,292841.5104,699660.5375,0.4185479882092107
30,80,294070.4948,695737.7142,0.4226743624760079
30,81,299111.2802,701836.1838,0.4261838974737683
30,82,289753.1368,693204.2375,0.41799100629415875
30,83,291389.3139,700160.6441,0.41617493978765036
30,84,281499.1278,697954.0888,0.40332040791391377
30,85,297420.676,715711.5718,0.41555940649666046
30,86,285969.2187,714133.6939,0.400442131694243
30,87,269383.8801,687270.7926,0.3919617754755726
30,88,301230.2862,670433.0126,0.44930706056940967
30,89,282860.2614,691288.1159,0.4091785391561944
30,90,308337.1055,692672.2553,0.445141411599426
30,91,277941.4558,706742.3833,0.3932712433379259
30,92,300788.7589,707129.6488,0.4253657860484834
30,93,291611.2411,718183.2667,0.40604014966810975
30,94,308534.3938,703958.3768,0.43828499520456304
30,95,278523.821,688063.0263,0.40479405280318287
30,96,283181.5684,682557.9266,0.41488283611414734
30,97,291793.6747,700942.8059,0.41628742351573367
30,98,299370.8046,702501.8134,0.4261495114882219
30,99,279999.9124,696618.4184,0.4019415866768303
30,100,288343.056,706890.4091,0.4079034773821774
30,101,280496.9301,709868.2745,0.39513940850162615
30,102,313478.4066,713853.3564,0.43913557846234424
30,103,284613.6903,696387.0241,0.4087004502529759
30,104,265942.1398,698453.6038,0.38075849040382603
30,105,283108.0505,685771.5457,0.4128314338429105
30,106,285381.5473,699584.7961,0.4079298876861341
30,107,308054.9125,724378.7318,0.4252677487293395
30,108,304504.8326,709492.9205,0.42918656945217537
30,109,299377.0712,717121.0244,0.4174707769173027
30,110,277723.8726,698631.0338,0.3975258171533004
30,111,292605.2104,716013.456,0.4086588149259586
30,112,292890.7619,704571.2437,0.4157007038236579
30,113,315779.3904,710848.9698,0.44422852647426037
30,114,284239.3177,697243.4988,0.407661481518571
30,115,280268.9944,714705.6866,0.39214602549658795
30,116,279113.0421,720755.2789,0.3872507774427623
30,117,262664.8296,723000.4571,0.3632982898151476
30,118,303291.9424,693861.2477,0.4371074813665516
30,119,295854.552,698965.0414,0.4232751775502459
30,120,297815.9259,703673.3683,0.42323034992711406
30,121,298363.7254,704077.0578,0.423765725774796
30,122,302223.0393,723987.4784,0.4174423568317891
30,123,281092.725,695993.8662,0.40387241705837895
30,124,294346.9355,720186.7483,0.40870918021583375
30,125,296448.9579,704387.4762,0.42086063128105344
30,126,280046.3595,707773.2558,0.39567242362592814
30,127,289181.8089,716957.5193,0.40334580657211333
30,128,305963.6446,721630.7913,0.42398917602838715
30,129,287666.4444,716222.5841,0.4016439173884464
30,130,305608.3336,715063.8483,0.42738607793773425
30,131,272027.2939,707131.9749,0.38469098210198893
30,132,284351.839,699477.7766,0.4065201905086515
30,133,280027.3324,693597.241,0.40373190065789205
30,134,291070.8592,715158.9714,0.40700161899695914
30,135,301198.3749,723326.7454,0.4164070758000759
30,136,294574.7539,724578.544,0.4065463383359582
30,137,283457.1618,700843.4834,0.40445144816766376
30,138,286857.2586,697816.5197,0.4110783429479765
30,139,280285.8777,723410.0832,0.38745088603155375
30,140,304168.2492,701835.1764,0.4333898605085648
30,141,281123.195,692073.6105,0.40620418223561205
30,142,310310.5247,689109.6704,0.4503064432688594
30,143,306953.7477,723418.9842,0.4243097767740334
30,144,265338.1875,702060.1338,0.37794225127670966
30,145,277117.6527,724971.4438,0.3822463009680272
30,146,292440.3542,709003.0863,0.41246696925697146
30,147,284854.0078,688352.1305,0.4138201876314233
30,148,310413.5551,707701.0357,0.43862244004343487
30,149,297511.2399,707613.4713,0.42044315430205687
30,150,289268.9538,702991.1913,0.41148304186439666
30,151,283300.4365,697750.2944,0.40601980217523503
30,152,297847.9317,698975.6948,0.426120584615212
30,153,283939.4313,698739.9963,0.4063592077217979
30,154,283100.0287,700894.9695,0.40391219942976064
30,155,276895.7918,691007.6552,0.40071305971256915
30,156,267277.4242,703316.3805,0.38002445501125365
30,157,279247.8831,692797.5234,0.4030728656903279
30,158,311769.2065,714781.5081,0.4361741356862055
30,159,301128.5514,704858.7413,0.42721829744867207
30,160,279174.8195,705692.2903,0.39560417952322924
31,0,539409.8911,1258422.4054,0.4286397705455221
31,1,530258.8251,1252338.1392,0.42341505740512864
31,2,552926.7098,1246027.6843,0.44375154482271884
31,3,532220.3108,1270990.8186,0.4187444181431949
31,4,555042.7585,1268738.627,0.43747604643552795
31,5,531995.6389,1232631.736,0.4315933326740177
31,6,520749.4044,1273662.8973,0.40885967982887866
31,7,554335.2326,1279403.3443,0.4332763667295973
31,8,559374.7105,1252425.915,0.446632973496081
31,9,561762.4978,1242641.0646,0.45207140968001774
31,10,554869.9154,1257637.9917,0.4412000266069888
31,11,543620.8636,1257049.5834,0.4324577731688543
31,12,535159.6488,1272220.6024,0.42065004118817123
31,13,539183.0504,1278138.6588,0.4218502012185597
31,14,542379.6796,1243210.1262,0.43627353748946646
31,15,575439.0643,1288721.0238,0.44651949776005506
31,16,523617.9243,1242373.0914,0.42146592511106923
31,17,542229.9886,1278746.5969,0.42403240009748644
31,18,539358.9318,1259949.6493,0.42807975072627374
31,19,555154.4367,1234675.032,0.4496360761428275
31,20,551550.7648,1237137.524,0.44582817520293727
31,21,558039.2169,1261039.009,0.4425233580541837
31,22,537359.0885,1286418.0934,0.41771729677694536
31,23,519200.3541,1258261.1928,0.41263320928195124
31,24,492391.9721,1238674.0347,0.397515373945216
31,25,559602.7855,1259789.968,0.4442032399959546
31,26,517611.0505,1251994.9479,0.4134290249079686
31,27,522758.5102,1246387.371,0.41941897227390956
31,28,525367.5599,1258660.4249,0.41740214398314796
31,29,538623.2092,1286266.8383,0.4187491997475995
31,30,502855.3748,1261303.1569,0.39867923270398026
31,31,508021.7609,1233453.7958,0.4118693076545316
31,32,524421.9054,1255759.2677,0.41761340639795624
31,33,543285.5501,1239637.6023,0.43826159281712523
31,34,562005.5702,1269266.9429,0.4427796480037044
31,35,516241.2194,1234201.7189,0.41827945261663335
31,36,575679.6286,1277438.8172,0.45065142913210043
31,37,506906.7818,1239155.9719,0.40907423544330657
31,38,541868.8659,1257579.3659,0.430882440180788
31,39,571673.201,1266489.321,0.4513841463334376
31,40,534996.0031,1268143.1346,0.4218735160907127
31,41,527268.5187,1249052.0346,0.4221349504217044
31,42,528945.1528,1234652.5409,0.42841620235473327
31,43,526858.8492,1262047.9746,0.4174634085261183
31,44,556405.8306,1260354.0734,0.4414678718806448
31,45,530304.1962,1241726.2433,0.42707013648247344
31,46,534141.9999,1276906.9146,0.41830927046653493
31,47,537636.898,1292666.07,0.4159132126056345
31,48,520221.2248,1255205.5666,0.41445101793894484
31,49,526982.9727,1246189.132,0.4228755966233222
31,50,545746.0649,1277944.1761,0.4270500035185379
31,51,563054.8303,1263926.2739,0.44548075463501924
31,52,533715.702,1266813.2819,0.4213057359167557
31,53,571145.5104,1282223.1653,0.44543377928004435
31,54,512642.5386,1222922.4974,0.41919462573458743
31,55,545026.5922,1280505.2637,0.4256340115503736
31,56,552607.3343,1243324.9856,0.44445928514283367
31,57,536111.3128,1285158.3805,0.417155831479247
31,58,523546.9062,1246586.8448,0.4199843022440983
31,59,543728.8567,1253302.3943,0.4338369248896918
31,60,543305.0737,1256501.8121,0.4323949782388062
31,61,549592.8861,1264016.8452,0.43479870397853776
31,62,538262.6404,1254889.5423,0.42893228627394225
31,63,563246.575,1254594.5614,0.44894708803095246
31,64,525525.4631,1242334.8411,0.4230143482369731
31,65,547231.0793,1285687.6522,0.4256329897573547
31,66,528558.789,1243364.2947,0.42510372161485555
31,67,563300.3735,1251155.6905,0.4502240430804323
31,68,540103.4732,1268793.3645,0.425682769402598
31,69,548630.0364,1282729.8616,0.4277050475114627
31,70,540405.1541,1241385.7065,0.4353241311466639
31,71,547894.8623,1258051.8404,0.4355105606187069
31,72,527675.4451,1233201.8433,0.42789057441558886
31,73,508854.6506,1243527.5025,0.40920257057201675
31,74,562550.6052,1272990.8237,0.44191253756639315
31,75,529741.1175,1230705.477,0.4304369545760947
31,76,540054.4648,1286880.2914,0.4196617730561974
31,77,525450.3637,1245472.2583,0.42188845251134727
31,78,548225.5704,1256334.5545,0.4363690932772159
31,79,546223.6774,1263933.0946,0.4321618602548458
31,80,540158.6825,1257624.7236,0.42950704797992095
31,81,552674.3221,1261627.6464,0.43806453011475477
31,82,540791.8218,1276142.6481,0.4237706674917293
31,83,534462.4638,1259886.0839,0.4242149116732537
31,84,516489.0845,1244034.295,0.4151727059100087
31,85,544740.6684,1276668.7547,0.42668912072498144
31,86,532048.8683,1257513.987,0.423095785653476
31,87,548230.881,1245930.701,0.4400171538914507
31,88,513111.0555,1278784.5873,0.4012490145688824
31,89,502590.8251,1275568.4241,0.3940132223440792
31,90,556558.6271,1248784.9699,0.4456801134822819
31,91,533865.769,1240203.0602,0.43046641806697905
31,92,532884.1833,1260199.5777,0.4228569765691963
31,93,543210.1061,1246829.4821,0.43567313245199046
31,94,546611.8544,1280894.2688,0.4267423687609211
31,95,527551.8352,1256979.1609,0.4196981553952507
31,96,568761.5329,1276532.35,0.4455519931790213
31,97,537766.9736,1230604.5763,0.43699412789190034
31,98,554278.6782,1262730.4821,0.43895248119630387
31,99,550246.8172,1264407.3072,0.43518161755843415
31,100,529835.7746,1276057.259,0.4152131660731378
31,101,525044.3895,1252167.0759,0.4193085727977812
31,102,512177.6541,1234390.2906,0.41492359264349515
31,103,545255.1305,1254754.9003,0.4345511066500993
31,104,560632.508,1277376.516,0.43889370203514844
31,105,528102.126,1241845.5281,0.4252558905679567
31,106,520937.974,1262553.6996,0.4126065878742763
31,107,572352.3731,1270852.6694,0.45036878536850483
31,108,555784.2292,1253248.3164,0.4434749458084331
31,109,540275.6869,1237901.9581,0.4364446500506751
31,110,568730.7041,1258721.0553,0.45183220039522604
31,111,550764.0741,1269101.3522,0.433979581808218
31,112,522317.5955,1268229.159,0.4118479628018078
31,113,536660.4115,1282157.2198,0.4185605347086156
31,114,517238.1942,1232762.6719,0.4195764570019019
31,115,540439.526,1282010.228,0.4215563294242298
31,116,520153.0826,1246495.503,0.4172923860119213
31,117,554121.9986,1280866.0097,0.43261511696276844
31,118,537411.6585,1253596.4163,0.4286959116285406
31,119,500932.001,1250438.3057,0.40060513079018034
31,120,553781.5771,1243003.0617,0.44551907727613926
31,121,548059.0027,1261820.459,0.43433992434576624
31,122,567256.4461,1283027.7316,0.44212329330762223
31,123,553821.3385,1258534.0725,0.44005271736494844
31,124,528916.1686,1239856.1217,0.4265947954306092
31,125,551153.4658,1277552.9403,0.43141340637561054
31,126,542827.1416,1243221.5687,0.43662944342867077
31,127,523963.2958,1234305.5329,0.4245004837408033
31,128,557588.8481,1248701.1844,0.446535051833014
31,129,562576.2228,1290433.7563,0.4359590099479793
31,130,546490.5756,1264601.005,0.4321446633675576
31,131,502255.2803,1239025.6116,0.4053631140452529
31,132,552993.0045,1242178.8174,0.44517987004275894
31,133,532984.8903,1247941.0845,0.42709138830343557
31,134,554285.4978,1271662.8029,0.4358745860427495
31,135,508230.0639,1241034.856,0.409521184230139
31,136,563032.8227,1276465.3477,0.44108743234941794
31,137,552285.2951,1241459.1936,0.44486786029468733
31,138,550898.607,1263780.1062,0.4359133399056824
31,139,545491.7615,1263097.538,0.4318682802309444
31,140,564363.0174,1261664.7144,0.44731616170179545
31,141,528220.1579,1246412.9864,0.42379224515756375
31,142,530487.2637,1230454.1587,0.4311312696610093
31,143,537413.7937,1265717.8911,0.42459208128357
31,144,549839.1265,1263448.2799,0.4351892635791304
31,145,550124.7432,1247841.8279,0.44086095761496313
31,146,542440.4187,1272010.5596,0.42644332989702327
31,147,554638.4591,1284507.4767,0.43179075961855007
31,148,529125.621,1246573.4254,0.42446406302157
31,149,519853.1336,1253002.059,0.414886096847188
31,150,545436.2557,1265901.7061,0.43086777833674333
31,151,539653.3506,1253911.6352,0.4303759016590709
31,152,523194.1224,1266694.1708,0.41303902272603715
31,153,558390.5726,1274743.4906,0.4380415171503838
31,154,514821.4494,1217148.1161,0.42297354166689
31,155,547177.1947,1279722.2215,0.42757497330837746
31,156,544854.4537,1247250.6689,0.43684438684689486
31,157,548282.0007,1273541.3643,0.4305176228032156
31,158,509630.824,1235577.6578,0.4124636122891862
31,159,509060.8806,1244417.3084,0.40907569925600046
31,160,539678.0369,1254694.0076,0.430127213193841
32,0,558043.3145,2043169.3215,0.2731263183270149
32,1,562737.2186,2046058.5373,0.27503475992558546
32,2,580108.943,2043423.2118,0.2838907474722266
32,3,571894.3061,2047377.9523,0.2793301087654777
32,4,513855.3714,2008260.1093,0.25587092479724133
32,5,575739.4675,2043566.6968,0.2817326532094815
32,6,560133.4831,2033186.8917,0.27549532479606825
32,7,533261.6627,2051746.5349,0.25990620850542373
32,8,578516.3921,2050607.0142,0.2821195812234631
32,9,559985.5087,2040696.374,0.27440902813110013
32,10,531080.8437,2054738.1597,0.2584664333958444
32,11,551287.318,2043039.5986,0.26983682468894465
32,12,598051.4614,2028974.4657,0.294755538578782
32,13,535474.093,2013794.9843,0.2659029827637256
32,14,520499.5891,2022610.9496,0.25734043870519746
32,15,549134.2453,2051361.48,0.2676925791255474
32,16,531684.7161,2039754.8638,0.2606610850822965
32,17,558948.5082,2057963.1488,0.27160277798264915
32,18,542618.478,2042650.4745,0.26564431104289743
32,19,561856.908,2052631.7204,0.27372514144452076
32,20,597639.3995,2043831.3115,0.29241131405379195
32,21,553714.6272,2044755.8207,0.2707974329230381
32,22,578307.6974,2050035.3704,0.2820964485540371
32,23,537732.7927,2054287.5115,0.26176121389520507
32,24,590776.6037,2067006.5601,0.28581264090009406
32,25,593573.5038,2052414.6829,0.28920739495066294
32,26,596564.6591,2053968.7478,0.290444856933183
32,27,562572.2493,2035983.535,0.2763147341955297
32,28,501052.8927,2038931.3491,0.24574289513041653
32,29,549797.3175,2042083.3486,0.2692335344083418
32,30,592001.9028,2034246.2495,0.2910178170147832
32,31,564617.7706,2043747.9895,0.27626584759999345
32,32,560925.0212,2051224.7092,0.273458592168952
32,33,563842.0782,2058796.8874,0.2738696962535538
32,34,600540.4252,2056140.1169,0.2920717417378259
32,35,519608.3365,2009534.2904,0.2585715202682963
32,36,535496.8847,2041606.8121,0.26229187791021674
32,37,544365.6873,2042345.2142,0.26653950738354076
32,38,581715.2245,2046291.9954,0.28427772077869506
32,39,561778.7606,2028848.2833,0.2768954018021718
32,40,541698.7131,2046475.4977,0.26469836248164524
32,41,565114.1774,2049745.3308,0.2756997022549334
32,42,592688.086,2029149.2195,0.292086989120516
32,43,553522.2681,2030279.0927,0.2726335852495478
32,44,540969.17,2027027.5323,0.2668780573425071
32,45,540630.4864,2037243.5803,0.26537351332352116
32,46,603163.4736,2047386.2016,0.2946017088171432
32,47,565130.817,2048555.2364,0.27586799074704216
32,48,579238.0558,2027488.7945,0.28569235863167675
32,49,525946.555,2052146.4977,0.25629094004227726
32,50,565497.1246,2043962.2247,0.2766671114398898
32,51,539798.8861,2046752.4523,0.26373432971506205
32,52,529417.1647,2046792.9715,0.2586569194206362
32,53,607485.3928,2033310.7981,0.29876661913547925
32,54,515647.9242,2041474.8404,0.25258598048603215
32,55,597145.0056,2054564.9878,0.2906430359447596
32,56,507700.5326,2035663.6683,0.24940295418446262
32,57,591202.4584,2052500.8193,0.28804005963886925
32,58,567637.1497,2049294.9331,0.27699143765574363
32,59,603703.7218,2060477.4916,0.29299214587935757
32,60,545498.2593,2042179.2113,0.2671157635341658
32,61,531310.4453,2038329.989,0.26065968129167333
32,62,532988.6092,2029190.4546,0.26266071180837697
32,63,563253.9617,2071008.3696,0.2719708765874222
32,64,542023.4092,2053543.4776,0.2639454265820897
32,65,541530.1659,2054247.8853,0.2636148099628763
32,66,533098.6808,2054281.1018,0.25950619919196494
32,67,591771.9735,2029831.9304,0.2915374246691375
32,68,574646.2688,2057698.2588,0.27926653791072353
32,69,527023.966,2027832.9641,0.2598951567166705
32,70,562923.4346,2034255.0967,0.2767221453755643
32,71,567665.8406,2024163.0694,0.2804447177115364
32,72,520493.4298,2060090.5344,0.25265560959998945
32,73,572167.2051,2068225.7523,0.27664639822984183
32,74,521405.4241,2047848.7197,0.25461129969423885
32,75,566884.556,2020150.638,0.28061499243503446
32,76,537567.0868,2040613.4498,0.26343406040604445
32,77,571308.4727,2052157.613,0.27839405174382187
32,78,595708.3599,2056334.5995,0.28969427448472984
32,79,556392.8472,2021396.7928,0.275251672102089
32,80,551981.7975,2048837.9,0.2694121372413113
32,81,550465.3274,2037110.9064,0.2702186344742452
32,82,592169.7541,2056204.2364,0.2879917002489841
32,83,574125.7226,2015615.1497,0.2848389598011563
32,84,539580.6543,2013938.8832,0.26792305307827724
32,85,560551.5385,2052694.2458,0.27308087390362185
32,86,516887.5335,2042983.6639,0.2530062000169281
32,87,579386.9135,2042778.7853,0.28362685067483306
32,88,591671.311,2061757.4552,0.2869742556321229
32,89,538279.4513,2042483.6883,0.26354161572179835
32,90,585233.8916,2072766.5232,0.28234433789315455
32,91,551187.3185,2041760.1701,0.26995693547739463
32,92,574884.9804,2040395.0584,0.28175179999249894
32,93,557091.2858,2017689.1161,0.2761036283314072
32,94,557338.9057,2033697.3244,0.27405204255969173
32,95,586441.5192,2057026.8439,0.28509181634603364
32,96,590249.2339,2050716.4285,0.2878258669492099
32,97,584836.1922,2041187.6799,0.286517598532954
32,98,548178.0898,2030838.3472,0.2699269937244368
32,99,553425.3713,2042991.5533,0.2708897011375617
32,100,579516.4244,2035041.1131,0.2847689025393774
32,101,549484.5454,2048046.6805,0.2682968853355684
32,102,566220.7104,2053678.6658,0.2757104701087361
32,103,521696.7081,2037915.1325,0.25599530607538684
32,104,523304.0413,2064677.3049,0.25345560783666654
32,105,589078.802,2036809.1189,0.2892164987547474
32,106,537235.098,2042017.8246,0.26309030779652287
32,107,600402.1846,2046183.4749,0.2934253902276982
32,108,532082.5189,2037751.9226,0.2611125098196975
32,109,536899.2082,2044466.1647,0.2626109531525474
32,110,590348.337,2039362.6329,0.28947688237305647
32,111,527040.2519,2033367.4665,0.25919577281679695
32,112,539018.0716,2049444.8672,0.2630068660185132
32,113,545779.1108,2047307.9116,0.2665837941169611
32,114,540251.9298,2057500.3228,0.2625768384156484
32,115,619086.0013,2040935.1896,0.30333447355637677
32,116,564372.9312,2043882.8563,0.2761278267295969
32,117,545227.5666,2035506.0355,0.26785848682883945
32,118,528383.7335,2041287.2004,0.25884830581236223
32,119,545863.7815,2031604.6808,0.2686860227576613
32,120,504748.1089,2051535.2236,0.24603433716057596
32,121,560542.1277,2037457.2706,0.27511847035443787
32,122,542759.0449,2041289.036,0.26589034444801674
32,123,506927.0312,2014400.0258,0.2516516206847638
32,124,565973.5846,2041104.0854,0.2772879583400005
32,125,523887.9057,2035297.7322,0.25740111503672614
32,126,582122.3141,2039786.7787,0.285383903934802
32,127,559272.3314,2057071.9021,0.27187787205155856
32,128,544324.2053,2034080.5696,0.26760208687654924
32,129,562478.787,2039775.998,0.2757551748581758
32,130,561224.8811,2056011.4268,0.27296778305045555
32,131,535942.3042,2064849.7059,0.25955511564286005
32,132,529909.5994,2042303.2703,0.25946665566576704
32,133,576461.3042,2037103.1932,0.282980904513954
32,134,556842.042,2031620.8673,0.27408757754099883
32,135,548805.6306,2047791.7985,0.26799874430691545
32,136,497251.7276,2032829.0737,0.24461069257285878
32,137,580117.9095,2036211.1523,0.2849006640812906
32,138,574949.3956,2036999.5048,0.2822530856022229
32,139,569836.6737,2055435.9457,0.27723397311023296
32,140,526208.1343,2045501.4828,0.2572514069164575
32,141,565406.4417,2041188.5598,0.276998633460595
32,142,556839.1036,2053496.3531,0.2711663464896757
32,143,603471.8377,2058884.9645,0.2931061463390467
32,144,556396.8269,2055522.2918,0.2706839177174619
32,145,550299.8788,2046891.115,0.26884667912587035
32,146,579417.0049,2061034.346,0.2811292330108506
32,147,561353.1102,2024192.1493,0.2773220469183844
32,148,566146.5595,2058982.2587,0.27496427281381897
32,149,577139.816,2040753.7484,0.28280718163692775
32,150,502462.6267,2039025.4147,0.2464229347400885
32,151,563650.8651,2020310.5212,0.27899219411341253
32,152,566237.0782,2044477.1286,0.27695936055188014
32,153,547584.4484,2070850.0476,0.26442496357214273
32,154,552352.0496,2038557.1945,0.2709524418006217
32,155,570640.4735,2046168.5513,0.278882437684546
32,156,549521.7144,2043371.8644,0.26892888366227813
32,157,603017.3275,2060482.6471,0.29265828972095886
32,158,591200.3278,2041868.7234,0.2895388528286813
32,159,538472.9272,2020797.1164,0.266465605492983
32,160,589683.9295,2058509.8869,0.2864615483523525
35,0,475993.8855,1472322.4231,0.3232945977266221
35,1,469076.0647,1479516.9046,0.3170467760399255
35,2,491711.0729,1482199.5797,0.33174417240053683
35,3,516276.7087,1499274.048,0.3443511273930888
35,4,450489.7618,1501657.7629,0.2999949608558042
35,5,433142.9904,1462630.0706,0.29613980944772733
35,6,467967.6378,1473545.3637,0.3175793900399213
35,7,512149.1336,1477473.9843,0.3466383429029695
35,8,436429.2139,1447336.7843,0.30153950250844874
35,9,542717.876,1470946.7303,0.3689582122999876
35,10,469882.4402,1486415.1677,0.3161178992320639
35,11,481653.2718,1490539.3443,0.3231402603640752
35,12,470399.1744,1444440.3194,0.32566189691755293
35,13,466948.7082,1470246.2019,0.31759898960906136
35,14,479630.673,1475151.8272,0.32513986977895803
35,15,517025.2288,1468126.1283,0.3521667647170639
35,16,511662.4252,1479267.9794,0.3458889344765871
35,17,476370.4973,1461461.9057,0.32595478229166136
35,18,516416.0429,1496398.3909,0.34510598650764696
35,19,408965.9841,1469356.6747,0.27832995973118574
35,20,493511.2176,1461252.0274,0.3377317590300303
35,21,494552.6628,1478007.0212,0.33460778988618783
35,22,517527.9589,1466950.5029,0.352791698068138
35,23,500266.5306,1468186.2958,0.34073777423961704
35,24,485158.1861,1466970.1975,0.33072122864309245
35,25,476165.4375,1497470.5196,0.31797984085001685
35,26,470576.1291,1453502.9338,0.32375313331479705
35,27,459153.3447,1439070.4953,0.31906244079049184
35,28,440588.53,1484312.8578,0.2968299625545425
35,29,466402.1523,1462954.3904,0.31880840261361576
35,30,525791.7598,1456658.7628,0.36095740006349825
35,31,473737.8374,1465988.0611,0.32315258900848903
35,32,477653.6406,1477751.6069,0.32322999235440725
35,33,473665.7033,1494817.9952,0.3168718230720962
35,34,532271.2007,1486180.6573,0.3581470382389426
35,35,479627.0336,1496311.5554,0.32053955064978706
35,36,455462.1871,1485383.9884,0.30662925590749557
35,37,500959.5408,1472558.5038,0.3401966981327075
35,38,412789.4925,1474365.2101,0.27997777597587387
35,39,483328.4302,1470671.6731,0.32864468598977054
35,40,460466.1035,1441172.5769,0.31950795545282623
35,41,468743.3072,1472515.7309,0.31832821705307324
35,42,442172.6185,1468329.2645,0.30113996171735363
35,43,489220.5217,1476956.8489,0.331235487390413
35,44,471772.2086,1494635.9832,0.3156435506055064
35,45,455503.7916,1459724.9569,0.31204768367278435
35,46,472590.93,1491254.9406,0.3169082073986994
35,47,467183.3998,1476601.3607,0.3163910126552547
35,48,466073.7597,1447255.6614,0.3220396866502111
35,49,509414.9506,1474366.4472,0.34551447611103775
35,50,427817.8982,1504725.542,0.28431623326561434
35,51,457826.2255,1479424.9588,0.30946228315044433
35,52,481925.6275,1466854.6383,0.32854354815861236
35,53,475667.6851,1449817.3592,0.3280880050729082
35,54,449603.2239,1444389.5736,0.3112755949763663
35,55,520875.0931,1460565.9876,0.35662551197423215
35,56,502996.7653,1489030.7917,0.33780145320281624
35,57,464039.1332,1458466.6491,0.31816917684497775
35,58,496404.6117,1457759.407,0.34052574746993214
35,59,407288.2689,1471895.148,0.2767101103997932
35,60,483253.3656,1500707.6888,0.3220169851907805
35,61,483036.8561,1461448.2347,0.3305193058713816
35,62,489287.2166,1450470.9504,0.3373298972068817
35,63,485764.4961,1462637.5479,0.33211542859503534
35,64,492189.4254,1441771.0471,0.34137835295693947
35,65,502061.1768,1471456.0163,0.3412002609921301
35,66,456564.3034,1484042.633,0.3076490481119487
35,67,452545.4725,1445915.7521,0.312981909106902
35,68,505202.8052,1496642.8676,0.33755735328504766
35,69,441985.508,1477089.4712,0.2992273092576628
35,70,450412.9508,1460422.2913,0.3084128155829937
35,71,478940.1992,1457447.7233,0.3286156968399307
35,72,507669.955,1475292.8447,0.3441147002263367
35,73,491385.1563,1474573.671,0.33323879705973675
35,74,515166.5527,1464142.0956,0.35185557074560214
35,75,476875.8373,1476819.3685,0.3229073558158714
35,76,436274.7079,1475815.3302,0.2956160564078683
35,77,498770.4272,1464843.6373,0.3404939711649591
35,78,458641.5949,1470696.5447,0.31185331641175235
35,79,505636.0401,1494091.6073,0.338423720225391
35,80,410845.4884,1461015.4758,0.28120543225254724
35,81,478962.58,1463658.2244,0.3272366267038481
35,82,464502.6558,1479727.9497,0.31391084820299114
35,83,499695.5012,1494978.4582,0.33424929868330594
35,84,510024.9685,1437498.9899,0.3548002273973633
35,85,511804.1729,1454235.5383,0.35194035589193384
35,86,468647.7148,1468939.9535,0.3190380339804679
35,87,437596.7084,1450667.2347,0.30165202462196344
35,88,515493.3557,1448758.6997,0.35581726329356655
35,89,439401.193,1470868.4942,0.29873587933433077
35,90,455733.053,1451535.7233,0.3139661295857823
35,91,492468.7097,1459480.1976,0.337427469389325
35,92,485066.5255,1456925.3639,0.3329384864311373
35,93,493047.0225,1484169.7784,0.33220392280964395
35,94,502365.7956,1473974.7873,0.3408238729240576
35,95,484613.5772,1492214.0228,0.3247614415864207
35,96,434723.1914,1444589.5036,0.3009319881645581
35,97,496748.3988,1474848.9419,0.33681306924901416
35,98,468138.3409,1470777.6508,0.3182930748542212
35,99,553111.4372,1444140.1894,0.3830039779100687
35,100,392083.0244,1430132.2907,0.27415857046909203
35,101,473514.7303,1478842.7998,0.3201927414895204
35,102,429304.6309,1480856.8245,0.2899028615038131
35,103,503369.8344,1470655.6089,0.3422758063504095
35,104,474956.6866,1479152.8146,0.3211004852993774
35,105,478240.946,1483160.13,0.3224472774898554
35,106,434757.0738,1454714.6951,0.2988607149322252
35,107,444560.2394,1454008.3595,0.30574806292920764
35,108,488590.8984,1448095.245,0.3374024602918988
35,109,459234.9071,1459233.0523,0.31470977605404943
35,110,451932.7727,1475642.9105,0.3062616094207163
35,111,504247.7143,1468790.6462,0.3433080920038337
35,112,486970.7194,1458842.8313,0.3338061571485751
35,113,453333.7003,1465584.6939,0.30931934687012497
35,114,446674.0838,1490313.367,0.2997182295285687
35,115,510362.184,1470941.7838,0.346962870740908
35,116,528624.5462,1464589.3329,0.360937045166977
35,117,461703.4817,1466254.7994,0.31488625434606027
35,118,473566.242,1474953.4068,0.3210720012013331
35,119,443066.4026,1472103.6488,0.3009750046888139
35,120,468084.9215,1476768.7746,0.316965614083211
35,121,485018.1164,1475348.0351,0.3287482714999686
35,122,508987.6177,1465075.8962,0.3474138227379022
35,123,495713.9324,1470892.8073,0.3370156750646856
35,124,469745.4572,1470849.117,0.3193702547533297
35,125,483781.2414,1486196.9463,0.32551623969111904
35,126,489963.7069,1474987.797,0.3321815325499944
35,127,455280.4475,1473214.6967,0.30903876299892197
35,128,468177.4994,1474227.5783,0.31757478037405673
35,129,471294.7254,1465770.4515,0.3215337878572319
35,130,511949.2762,1471121.5017,0.3479993159017805
35,131,495916.7516,1492762.6317,0.3322140714597311
35,132,474545.2387,1493168.0875,0.3178109970824032
35,133,456213.9147,1483627.7486,0.30749890943364905
35,134,495689.2363,1462486.0245,0.33893604998343013
35,135,492139.3325,1481277.3265,0.3322398336190289
35,136,450337.4348,1487233.7635,0.3028020516022934
35,137,495928.3699,1481723.2318,0.33469703333027
35,138,451414.4562,1445695.7508,0.3122472041231374
35,139,510457.1924,1471805.2808,0.34682386254419534
35,140,437944.0651,1475836.7141,0.2967428990727261
35,141,473859.0453,1478179.2947,0.3205693970948029
35,142,485064.6694,1473327.2713,0.3292307682406503
35,143,512497.0763,1464244.6217,0.3500078256766869
35,144,454662.2242,1503742.5947,0.3023537577524737
35,145,449428.5635,1476536.4651,0.30438026701193727
35,146,470440.3668,1481959.7906,0.3174447578024591
35,147,476077.7088,1497134.782,0.31799255118768593
35,148,480367.2717,1473906.1622,0.32591441980471014
35,149,479590.7267,1486891.2716,0.32254592912091445
35,150,482151.6557,1463492.9267,0.32945267237279635
35,151,529860.4449,1509086.9754,0.35111325823984046
35,152,494482.069,1469836.3701,0.33641980771394164
35,153,433358.0596,1467448.8065,0.295313920104374
35,154,444192.5879,1479218.7865,0.3002886334015607
35,155,487787.845,1440510.1276,0.3386216005386174
35,156,565602.6926,1492191.4296,0.3790416439743369
35,157,470013.1437,1481053.7677,0.3173504932436762
35,158,476507.0067,1478750.4977,0.3222362443435477
35,159,413812.5509,1505303.3534,0.27490309509065364
35,160,497995.714,1494911.6344,0.3331271912937358
38,0,207134.1482,516143.2378,0.4013113667494415
38,1,214857.0524,515852.87,0.4165083978305675
38,2,200767.1286,519136.1135,0.3867331194634757
38,3,209777.3788,511291.9795,0.4102888118940266
38,4,213933.6534,517964.5932,0.41302756251795475
38,5,211995.8598,516428.9095,0.41050347085575
38,6,210619.4192,511561.1413,0.4117189563397356
38,7,207118.8244,514685.0849,0.40241854772271446
38,8,184212.5478,516365.7508,0.3567481915959791
38,9,209736.6801,515649.7942,0.40674248774867444
38,10,211562.4531,516208.1303,0.40983944397979194
38,11,199835.2514,517948.437,0.3858207441602918
38,12,209711.4236,517601.2359,0.40516020645769096
38,13,213104.8378,519414.5771,0.4102788931912708
38,14,204769.8868,517269.4162,0.39586698998037534
38,15,206677.1442,518009.9279,0.3989829790287307
38,16,191903.0419,515309.8903,0.3724031801296867
38,17,201081.1088,514934.0734,0.390498743795112
38,18,220309.0215,520106.537,0.42358441170678846
38,19,200395.1025,517464.6102,0.3872633964717845
38,20,203777.7682,515773.6115,0.39509149684366895
38,21,224485.139,511391.392,0.43896933447014297
38,22,197521.0573,514776.6335,0.3837024535419205
38,23,213259.7865,518641.7224,0.4111890295156863
38,24,210127.2278,513957.4811,0.4088416562208107
38,25,215579.0397,516506.1985,0.4173793854286146
38,26,210068.4717,509851.1538,0.4120192141065622
38,27,193134.1441,522144.5068,0.369886385061554
38,28,204993.3895,518615.2932,0.3952706219578177
38,29,214246.987,511669.1494,0.41872172135301305
38,30,208569.6358,514605.3226,0.4053001915064141
38,31,202731.3237,517176.3533,0.39199650642650524
38,32,214128.9353,518143.8115,0.413261589827943
38,33,211901.5076,518359.7107,0.40879239498348613
38,34,208028.9966,517354.7382,0.4021012687035249
38,35,191342.5858,515383.0031,0.3712628950684928
38,36,205040.5252,521716.0728,0.3930117086475163
38,37,196673.9884,514599.3698,0.3821885527695802
38,38,223000.0237,518199.6101,0.43033614721741376
38,39,203494.9706,516212.3443,0.39420787365312915
38,40,212103.6754,510253.2208,0.41568316818746087
38,41,196665.0652,517748.5534,0.3798466724986894
38,42,214826.0497,515022.0132,0.41712013116724
38,43,198981.7073,516582.0321,0.38518898245667416
38,44,191183.0375,513317.5298,0.37244595479622367
38,45,199604.7649,518971.7979,0.38461582249303955
38,46,196743.1697,517022.4905,0.3805311631796412
38,47,206796.5178,509118.7505,0.40618523202476314
38,48,199261.0449,513838.8298,0.38778899791897353
38,49,217570.1344,525062.6471,0.414369857771587
38,50,224258.3231,516810.9758,0.43392716796089376
38,51,223139.8794,516671.2617,0.4318797965766556
38,52,201996.2902,513214.3293,0.3935905111525498
38,53,196678.5516,513432.1125,0.38306632330092133
38,54,201446.4674,508366.3818,0.39626237023527744
38,55,240367.9483,519172.0491,0.46298322245329826
38,56,204904.0947,513729.4221,0.3988560629103201
38,57,222486.1289,518878.7425,0.428782508660971
38,58,210239.4469,513700.8194,0.4092643791099236
38,59,218327.7135,515871.2576,0.42322131788409995
38,60,204795.8426,522537.946,0.3919253025884555
38,61,198451.3465,516141.8794,0.38448991337555083
38,62,222232.7514,514054.3148,0.43231375557359686
38,63,200554.0257,514746.055,0.38961741183232573
38,64,196652.6836,518722.4117,0.3791096724653048
38,65,202133.4039,512196.3922,0.39464042890226353
38,66,197502.2568,517462.927,0.3816742156680144
38,67,208974.8971,514283.2005,0.40634206386059074
38,68,225481.2423,513259.8075,0.4393120969247139
38,69,204218.7469,518677.9483,0.3937293797998159
38,70,203743.4696,512947.4374,0.39720145719554384
38,71,196911.4614,514317.6134,0.38285964989275245
38,72,196137.5612,514359.3434,0.38132399793400934
38,73,204189.2517,515296.6256,0.396255751650317
38,74,213431.7041,516450.8106,0.413266277677133
38,75,205979.8079,515106.6657,0.3998779701677621
38,76,223502.8443,516971.6945,0.43233091226815706
38,77,202998.1816,526374.8907,0.385653239139205
38,78,190167.0599,520163.6146,0.3655908536513773
38,79,211851.8465,519291.8617,0.40796296288268985
38,80,215234.1172,518178.5012,0.4153667446672525
38,81,199918.6214,516015.4111,0.38742761766325856
38,82,213654.1817,512492.7846,0.41689207754750507
38,83,198778.9819,511798.0543,0.3883933911626049
38,84,193003.4879,515479.8041,0.37441522706592495
38,85,191968.9963,517313.9107,0.3710880228220393
38,86,202100.0037,513714.587,0.39340912018914503
38,87,208347.6731,511743.3118,0.407133162849086
38,88,201931.3837,517873.7437,0.38992396536128926
38,89,199747.84,518115.2244,0.38552783356504666
38,90,212864.2349,518309.752,0.41068923376151334
38,91,205558.3089,519832.591,0.39543174564058836
38,92,192619.5588,520280.2367,0.37022270924941325
38,93,204750.9621,522143.625,0.3921353288570745
38,94,219685.3774,513985.6996,0.4274153494366986
38,95,222630.9378,512436.3101,0.43445582097130164
38,96,218426.0214,518455.9561,0.4213010166631587
38,97,221714.1026,509943.2919,0.4347818789299383
38,98,217659.2079,519388.4499,0.41906824832532724
38,99,218027.315,511768.66,0.42602709396077515
38,100,210738.1629,515202.1093,0.4090397905907797
38,101,206310.3539,517412.4821,0.3987347832480905
38,102,208812.6447,513805.121,0.406404366491318
38,103,204669.2902,517953.4445,0.39514997414019515
38,104,189123.3093,515016.7585,0.3672177772444273
38,105,192928.0355,511555.8841,0.3771397055463955
38,106,212615.4271,520081.9442,0.40881139880187367
38,107,200064.3046,509659.7806,0.3925448156110594
38,108,211898.993,517096.821,0.4097859131878128
38,109,200873.8494,512513.7413,0.39193846567016916
38,110,220795.5503,514122.1135,0.4294612982057618
38,111,208628.4081,517060.0997,0.40348966826302574
38,112,197746.8835,520392.0606,0.37999596548802533
38,113,205078.2429,517520.4043,0.39627083530627083
38,114,210311.8041,518224.6825,0.4058313144897339
38,115,216176.3798,514219.2217,0.42039731436978295
38,116,220705.1034,522267.3583,0.42259026893505935
38,117,220866.6896,521348.1333,0.42364530626008096
38,118,200863.1399,521991.8793,0.3848012734783554
38,119,200907.2391,513486.085,0.39126131158938804
38,120,204669.5696,515814.4659,0.39678912308690256
38,121,214580.1717,515874.6967,0.4159540544877436
38,122,210344.4974,516682.5214,0.40710588937681064
38,123,208661.7485,510743.7134,0.4085449179803845
38,124,213907.3321,515172.2491,0.41521516827370586
38,125,210306.3088,518797.817,0.4053723857515769
38,126,211046.1388,516610.9195,0.4085204761143265
38,127,201005.8632,511983.1045,0.39260253206265716
38,128,202239.743,516300.0341,0.3917097223372041
38,129,223873.2169,518121.0489,0.43208670517303893
38,130,201647.9108,518191.6755,0.38913768849225755
38,131,196319.7433,522495.1916,0.3757350238933759
38,132,210075.7078,517993.8499,0.40555637454104065
38,133,200647.5347,514459.8042,0.390015960551112
38,134,204367.6008,511957.7571,0.3991884056169915
38,135,190103.2811,516668.2455,0.36794071003150125
38,136,197129.863,518455.2172,0.3802254398453761
38,137,192370.0861,514108.8952,0.37418159439774656
38,138,213181.8235,512010.3572,0.4163623264689693
38,139,206692.023,520375.7634,0.3971976358958919
38,140,206663.8898,521287.6987,0.396448813803555
38,141,214878.598,515791.9702,0.4165993470520298
38,142,205833.5323,519515.9822,0.39620250262244966
38,143,218970.7394,517434.9711,0.4231850408844544
38,144,215568.9659,511626.0719,0.4213408536813857
38,145,218631.6478,514423.7313,0.42500303640249265
38,146,209801.9052,516133.0443,0.4064880315588815
38,147,204934.8938,515188.8093,0.3977859963193886
38,148,208729.9627,510655.8732,0.40874877516242775
38,149,200658.9276,514383.5196,0.3900959497225696
38,150,193372.4579,517659.2782,0.37355161211906196
38,151,202440.4011,510121.1036,0.39684772825775716
38,152,213390.5633,513877.8469,0.4152554241971936
38,153,228484.8083,517415.5344,0.4415886132312459
38,154,194699.7015,513356.3554,0.37926812330645593
38,155,197214.5508,513574.9037,0.38400348104860094
38,156,206512.2663,523572.3795,0.3944292601859835
38,157,202079.0864,521852.9424,0.38723377791191316
38,158,211520.2282,509238.0767,0.41536608882569837
38,159,206424.308,523001.5113,0.39469160899153216
38,160,220889.6137,519093.503,0.42552952873309224
40,0,1036085.8879,2692395.3693,0.3848193692924727
40,1,1009751.8326,2673739.4928,0.37765527842900104
40,2,1060452.3503,2711821.724,0.39104795898448963
40,3,1055712.4147,2717175.5387,0.3885330188144903
40,4,1058812.8787,2732367.7047,0.3875074635374715
40,5,1017990.0688,2721396.8025,0.3740689589496201
40,6,1079691.0405,2683327.4582,0.4023702128491863
40,7,1088687.1712,2703641.7911,0.40267433902812183
40,8,1078158.3721,2655518.0295,0.40600679796664885
40,9,1142038.0874,2702230.6766,0.42262790415692225
40,10,1006367.7528,2670780.6339,0.3768065935577997
40,11,1016270.4389,2681859.5367,0.3789424557821959
40,12,1022110.0791,2703518.1584,0.3780666595207582
40,13,1020507.8986,2697148.7618,0.37836544763624463
40,14,970379.9329,2689626.6094,0.3607861141426139
40,15,1014357.4717,2698436.5476,0.3759056230550144
40,16,1046818.3171,2683968.2291,0.3900263444813666
40,17,992526.7664,2690180.6215,0.3689442851783623
40,18,1029934.2424,2711375.6596,0.379856711759352
40,19,1037158.2802,2699325.4705,0.3842286865866107
40,20,978610.077,2693016.4332,0.36338808220236446
40,21,988566.8235,2676705.9905,0.36932215454687983
40,22,1008219.9145,2709974.5215,0.3720403666164136
40,23,1086364.7837,2665213.4039,0.40760892996798126
40,24,1013642.7969,2679230.7548,0.3783335179636913
40,25,1122358.4337,2700336.3726,0.41563652776314863
40,26,1136541.105,2679510.9271,0.4241599067595756
40,27,997891.346,2715009.5541,0.3675461636932587
40,28,1007540.6186,2701576.7062,0.3729454049140039
40,29,1039996.0226,2727643.9129,0.3812799822152328
40,30,1041657.2183,2673050.6365,0.389688546889598
40,31,1061147.9435,2678076.0556,0.39623517834046684
40,32,1053952.7715,2659706.0194,0.39626664143045404
40,33,1029926.2291,2637976.0956,0.3904228817000505
40,34,950418.5865,2697772.4796,0.3522975320146045
40,35,990598.477,2687710.4285,0.3685659238048382
40,36,997578.6122,2688028.3478,0.37111908176729685
40,37,1022126.7353,2699811.1436,0.37859193881875347
40,38,1117603.539,2694997.3763,0.4146955944478038
40,39,1053380.8477,2726683.6323,0.3863230905198404
40,40,1065736.6948,2695616.1012,0.395359225790931
40,41,1026185.0181,2712437.3229,0.37832579924938325
40,42,1122272.0994,2735170.5969,0.41031155448657053
40,43,1018405.3735,2659135.9209,0.38298357203016337
40,44,980988.1611,2655913.0438,0.3693600448968133
40,45,1044937.8536,2673721.3844,0.3908177791810161
40,46,1012674.727,2650001.5441,0.3821411837493578
40,47,1110581.6878,2687613.7923,0.413222201412201
40,48,1052982.0322,2712797.4932,0.38815357019440055
40,49,1089242.3663,2693079.9364,0.4044597234481109
40,50,1028846.6497,2686191.881,0.38301308889258756
40,51,1038526.2291,2684300.0911,0.3868890190568902
40,52,1014359.6106,2704040.2118,0.37512741348057493
40,53,1032990.8339,2696985.2308,0.38301686716822936
40,54,1063350.7893,2710363.9669,0.39232767343650005
40,55,1040392.1471,2666783.6677,0.3901299380602923
40,56,1054165.8828,2686893.9195,0.3923362493582062
40,57,1037928.0001,2658344.2741,0.3904415279136098
40,58,1062352.963,2724396.4482,0.38994066509736247
40,59,994119.2459,2719269.5295,0.36558319619121815
40,60,930043.8101,2693886.8221,0.34524234740306986
40,61,1061605.7798,2716550.7361,0.39079181025129245
40,62,1000866.4435,2696407.6018,0.37118514383057916
40,63,1101332.9391,2664795.6767,0.4132898250810195
40,64,1036305.0061,2666477.3755,0.3886419647215942
40,65,1054448.9859,2671120.4121,0.39475906107542563
40,66,1021069.0724,2695729.5665,0.37877281352287306
40,67,1018822.8682,2682841.5542,0.37975513932420957
40,68,1022575.9262,2693531.0546,0.3796414095369903
40,69,1056044.0713,2682999.4937,0.3936057661508011
40,70,1006720.8102,2693089.9753,0.3738162554661231
40,71,1066914.786,2707101.524,0.3941170201934399
40,72,1055497.1711,2729242.8489,0.3867362596646209
40,73,1120830.5885,2742373.5658,0.40870820900471794
40,74,1018442.9749,2694988.9418,0.37790246895030877
40,75,955674.8768,2691754.2226,0.35503794097400965
40,76,996376.5846,2697416.1404,0.3693818575773211
40,77,959499.7609,2675436.5034,0.3586329780881168
40,78,1058365.8693,2679786.1917,0.3949441461330148
40,79,1072585.6473,2685117.8778,0.39945570217528126
40,80,1017149.5218,2682925.1401,0.3791196059097229
40,81,1074579.8978,2708994.0232,0.3966711955055007
40,82,995960.4293,2671175.4422,0.3728547416113258
40,83,1105521.2039,2680076.9554,0.4124960672015485
40,84,1037339.4,2668799.4913,0.3886913960309177
40,85,1028095.5048,2702919.7992,0.3803647837069719
40,86,957558.1852,2701470.149,0.3544581773574134
40,87,988783.8869,2686134.5714,0.3681066084431692
40,88,1044668.6674,2717760.4606,0.38438585097723016
40,89,986021.3365,2660166.1356,0.3706615625634987
40,90,1080357.3812,2705122.5152,0.3993746586816328
40,91,1049225.085,2680697.6555,0.39140000844455547
40,92,1025014.9055,2696156.6543,0.38017631648563216
40,93,1073840.9529,2709203.6168,0.3963677540665536
40,94,1090010.0371,2701354.8912,0.4035049377076827
40,95,1064601.8587,2681056.7616,0.3970829241469201
40,96,1054590.4924,2695806.5186,0.3911966549245067
40,97,1069773.0823,2679300.9313,0.39927320959088564
40,98,957708.2093,2665103.2253,0.35935126272348966
40,99,1048167.6959,2693443.8167,0.389155210664172
40,100,1029093.5064,2693426.4624,0.38207596188945797
40,101,1061713.5096,2725473.2634,0.3895519812494962
40,102,1075460.5559,2649571.7152,0.4058997723029437
40,103,1046890.4345,2731851.5545,0.383216442626806
40,104,1031293.5673,2709172.7805,0.3806673294235838
40,105,964230.4851,2677828.0384,0.3600793147554489
40,106,1010039.2398,2712877.2142,0.3723129209509212
40,107,1055662.8357,2655121.7793,0.39759488394476444
40,108,1036556.1082,2683275.8572,0.3863024762879382
40,109,1023429.6576,2657673.6113,0.3850847798798701
40,110,1023571.6454,2728348.5641,0.37516161199793235
40,111,973881.0265,2697181.3643,0.3610736153639233
40,112,1069926.6565,2730922.6793,0.39178211254748796
40,113,1059390.2421,2731919.2692,0.38778241145106235
40,114,1037947.3707,2672861.982,0.38832808341392316
40,115,1093840.7403,2695874.4981,0.40574616550989956
40,116,1020776.3502,2698632.7978,0.37825685325997854
40,117,1040655.5208,2704088.2774,0.384845246916494
40,118,1022433.2981,2663029.6614,0.38393612843294034
40,119,1010754.9473,2645148.1354,0.38211657554186595
40,120,1061070.9444,2697500.548,0.3933533749183876
40,121,1011809.1857,2673644.0323,0.3784382563559114
40,122,965657.035,2645855.6952,0.36496965301314593
40,123,1001713.2576,2716413.4887,0.36876317312037504
40,124,1018058.8047,2755137.1975,0.3695129250273933
40,125,1057854.6601,2732916.6251,0.38707900943055373
40,126,1043244.5053,2732068.4164,0.3818515301584817
40,127,1005163.1459,2701179.0065,0.37212015326685827
40,128,1088829.9173,2665035.3114,0.40856115963732365
40,129,925230.0767,2686820.6296,0.34435870653477285
40,130,1100245.1219,2704131.7007,0.406875568085381
40,131,994210.5107,2665957.8076,0.37292807405494066
40,132,991321.6891,2674005.235,0.37072541075260834
40,133,1028770.9192,2689571.9251,0.3825035908499638
40,134,1032748.0691,2700712.8696,0.38239832183750777
40,135,1011151.2105,2710334.1311,0.3730725296550873
40,136,1048237.6911,2695024.7585,0.38895289840803887
40,137,1031857.5388,2714038.2805,0.3801926989069232
40,138,1015401.8209,2636766.9922,0.3850934966584948
40,139,1099861.3061,2679994.3517,0.410396874680846
40,140,1076911.599,2695437.2284,0.3995313219144228
40,141,1033881.4094,2669136.9211,0.38734671167559237
40,142,1069532.4175,2684857.9925,0.39835716469462396
40,143,1050355.4292,2711982.7748,0.3873016594943013
40,144,1113528.8937,2713485.3005,0.4103685004281452
40,145,1030081.0029,2722805.6986,0.3783160155091648
40,146,1040017.6875,2681064.0089,0.3879122930476783
40,147,1073216.7087,2697514.2394,0.39785395495769926
40,148,1023821.7837,2697441.4386,0.3795529233922402
40,149,1047011.0166,2697648.6754,0.3881198564319173
40,150,1045425.5915,2695961.4308,0.3877746838499022
40,151,986201.4412,2664828.2735,0.37008067311771564
40,152,1048242.9213,2653737.0593,0.3950063242424268
40,153,1014608.5951,2646705.2272,0.38334778828897914
40,154,1047962.8184,2682937.0775,0.39060283119889905
40,155,1093758.6983,2684577.6103,0.40742301288051536
40,156,1098178.9598,2709988.8177,0.40523376060718863
40,157,1031204.478,2716436.6149,0.3796166169840711
40,158,996859.6045,2686131.6699,0.37111345496221015
40,159,1050516.663,2702786.7771,0.38867907446519673
40,160,1040931.8912,2681824.1644,0.38814322915644467
41,0,1246383.5595,2918091.7659,0.42712281158011817
41,1,1261626.6603,2911764.0989,0.4332860140615837
41,2,1260232.4435,2902446.013,0.4341966871581566
41,3,1270731.8131,2920822.2554,0.4350596174589803
41,4,1235971.6259,2914397.5254,0.42409163991119
41,5,1243567.127,2897322.7484,0.42921249546214346
41,6,1329452.2892,2928507.2891,0.4539692607726349
41,7,1312929.7012,2954494.7795,0.4443838284331617
41,8,1328476.7673,2959704.1021,0.4488545886588478
41,9,1251131.5601,2926384.8348,0.4275348700628115
41,10,1239459.0901,2929233.6524,0.4231342518834159
41,11,1306015.2898,2902648.937,0.4499391135980148
41,12,1212632.5176,2929128.6775,0.4139908659236429
41,13,1325210.2687,2884968.1065,0.4593500585723026
41,14,1288055.9688,2942431.7266,0.4377522024235232
41,15,1300947.1119,2917022.5339,0.44598459449014266
41,16,1279746.1154,2911519.0508,0.4395458498024814
41,17,1238389.7403,2917109.5357,0.42452630768382565
41,18,1310885.5034,2930136.239,0.44738039342750163
41,19,1285962.7275,2951036.2912,0.4357664903460337
41,20,1231871.6378,2935072.8986,0.4197073395988189
41,21,1194224.343,2915790.1973,0.40957142393367085
41,22,1212288.404,2935597.8539,0.4129613333752274
41,23,1259029.6587,2889567.2036,0.4357156522026633
41,24,1302294.1621,2891463.4871,0.4503927398392082
41,25,1232518.8894,2921316.3593,0.4219053117873662
41,26,1185721.5033,2906482.847,0.40795750937387176
41,27,1229385.7344,2894363.7332,0.4247516372245291
41,28,1212735.9259,2909015.5413,0.41688877514832545
41,29,1234749.4167,2941334.8181,0.4197922008408431
41,30,1209348.5479,2933650.9815,0.41223327366694795
41,31,1184204.8924,2900642.027,0.40825613135888
41,32,1239200.9717,2879280.1766,0.43038568520390097
41,33,1130857.067,2912469.8895,0.38828111874287585
41,34,1269338.3543,2915358.9763,0.43539693211673325
41,35,1279444.1577,2918117.9524,0.43844840358414017
41,36,1160428.916,2943036.4511,0.3942964809580506
41,37,1157826.8991,2927175.6438,0.39554404654615555
41,38,1142520.6481,2937684.9979,0.38891870602761336
41,39,1269460.0607,2913052.8124,0.4357834005948282
41,40,1251990.9547,2901283.7492,0.4315299925576821
41,41,1263327.4644,2920346.5427,0.43259505196667286
41,42,1131838.3905,2942618.5897,0.38463645763054566
41,43,1194813.0899,2879039.4042,0.4150040767615
41,44,1122427.6795,2887743.1391,0.388686813692792
41,45,1220367.5029,2947941.4508,0.413972774991451
41,46,1257286.1024,2911351.1273,0.4318565667364255
41,47,1236005.9737,2893312.9465,0.42719401480409475
41,48,1188065.6679,2875439.8503,0.4131770197787469
41,49,1216255.279,2913866.8268,0.41740249341995084
41,50,1303215.7797,2893466.8959,0.4503994089397178
41,51,1135523.3013,2899649.5771,0.39160707909942016
41,52,1239308.0947,2924674.488,0.42374223175430525
41,53,1177932.8432,2956159.7854,0.3984672442327447
41,54,1197789.2498,2883641.4218,0.4153738536091381
41,55,1237148.1529,2926336.236,0.42276350122740985
41,56,1228616.3402,2931315.408,0.4191348146456439
41,57,1216976.9244,2918149.7673,0.4170371713052961
41,58,1216777.4415,2934906.6816,0.41458811931855327
41,59,1200081.1807,2900020.516,0.41381816924359993
41,60,1281201.6805,2932589.2129,0.4368841278090347
41,61,1254096.0126,2906862.5381,0.431425977720883
41,62,1292923.6216,2903201.4111,0.44534410070781877
41,63,1270460.9172,2939737.3168,0.4321681770475119
41,64,1258162.2179,2913383.2212,0.4318560664263635
41,65,1392104.3399,2898336.313,0.4803115268769708
41,66,1399996.9889,2945437.1451,0.4753104275978257
41,67,1238373.845,2951272.9477,0.41960668055629874
41,68,1311832.5814,2917302.2851,0.44967317514545213
41,69,1251515.3443,2942806.4191,0.42527953458887435
41,70,1187506.032,2914735.7589,0.4074146441487911
41,71,1325781.6506,2927707.5704,0.4528395062416921
41,72,1322253.4823,2950430.4196,0.44815613122618986
41,73,1335523.8088,2920632.4903,0.45727211939041956
41,74,1267625.9657,2941334.8563,0.4309696201317886
41,75,1274015.7459,2935549.3388,0.43399568491694807
41,76,1306211.6892,2911924.1951,0.4485733836746195
41,77,1300921.3949,2915228.1318,0.4462502885140414
41,78,1288282.3909,2904316.9546,0.44357499922987226
41,79,1156697.5522,2916240.2241,0.39664001018879574
41,80,1190430.7542,2908169.2853,0.4093402540963835
41,81,1233713.0692,2924413.1709,0.421866883064379
41,82,1215376.6305,2934455.2918,0.414174526323925
41,83,1284617.0307,2903477.665,0.4424408171571039
41,84,1200752.5756,2920385.3647,0.41116237264918243
41,85,1239983.1935,2904523.4442,0.42691450674158066
41,86,1186432.8451,2909277.514,0.40781013134383304
41,87,1230470.3581,2877934.2153,0.4275533302875493
41,88,1216014.1404,2885281.4319,0.4214542564048031
41,89,1295480.1759,2924889.5521,0.44291592992626905
41,90,1288224.7703,2911386.0049,0.44247817641901727
41,91,1234586.1487,2923478.0359,0.42230047003583165
41,92,1249589.3369,2907113.3722,0.429838529466897
41,93,1193396.034,2916512.5887,0.40918597047165217
41,94,1229154.5605,2923116.7498,0.4204945151725804
41,95,1209446.6019,2918339.2202,0.4144297528979904
41,96,1239516.0824,2936129.8154,0.42215983635966586
41,97,1284302.417,2923231.4928,0.43934338425241803
41,98,1203863.4333,2918814.21,0.41244949033600875
41,99,1183085.5291,2898901.4741,0.4081151221144222
41,100,1249686.5652,2907666.4974,0.42979019991372963
41,101,1293325.7705,2922673.6913,0.4425145969424767
41,102,1250497.0463,2896772.3172,0.43168634237319753
41,103,1161512.6965,2945541.1849,0.3943291312490791
41,104,1175059.2153,2928237.5762,0.4012854779443425
41,105,1291110.2045,2903253.1762,0.4447115446507162
41,106,1381486.5208,2937604.2601,0.47027659224356255
41,107,1269740.7224,2962952.3231,0.4285390326738464
41,108,1330419.2967,2915672.6339,0.45629927078625176
41,109,1274109.4241,2909777.2372,0.43787180950183013
41,110,1164979.7109,2916472.4432,0.39944821478298137
41,111,1244980.57,2922072.8299,0.4260607597664176
41,112,1307558.0364,2944637.8379,0.4440471488787562
41,113,1362002.1539,2931726.9755,0.46457332667129186
41,114,1218862.079,2925446.9491,0.41664132018356276
41,115,1262038.7962,2916531.3012,0.4327190987735112
41,116,1287520.1454,2906283.6997,0.44301254744431995
41,117,1285842.124,2923375.7286,0.4398483956134464
41,118,1279080.959,2900504.5361,0.44098567786411536
41,119,1195882.5854,2922666.3784,0.4091751950336118
41,120,1192149.3349,2919190.1345,0.4083835858482688
41,121,1224613.5729,2913780.9887,0.4202833286541444
41,122,1295690.5237,2888927.8516,0.4485022092131503
41,123,1326949.57,2953004.2306,0.44935579714031987
41,124,1235637.021,2924241.3261,0.4225496062761494
41,125,1290769.7029,2948859.9082,0.43771821757646423
41,126,1347449.7398,2938099.188,0.4586127470792521
41,127,1275603.2265,2910545.2654,0.4382695028536834
41,128,1206660.5699,2922760.9092,0.4128495649787104
41,129,1324207.8628,2937954.7406,0.4507243915301314
41,130,1126774.5636,2907616.3181,0.38752518913372236
41,131,1254894.4782,2887432.9942,0.4346055755131677
41,132,1251586.5218,2935550.2456,0.4263549989225911
41,133,1360386.3539,2937811.2365,0.46306118548335123
41,134,1308978.6707,2933972.2788,0.446145548190174
41,135,1260091.6552,2916054.1375,0.4321221746178915
41,136,1296592.629,2922057.1323,0.4437259678011259
41,137,1225064.9173,2902209.3808,0.42211458808058444
41,138,1297162.4491,2898909.2199,0.4474657019941958
41,139,1248970.435,2904450.1147,0.4300195856966908
41,140,1194353.2905,2917284.7527,0.4094057974267354
41,141,1239309.7419,2929774.2951,0.4230051932576258
41,142,1165887.5014,2928603.5322,0.3981035632106105
41,143,1234017.9708,2884456.2093,0.42781650379066477
41,144,1226529.8803,2913419.2674,0.42099326177470586
41,145,1166941.6011,2950664.7598,0.39548430475683616
41,146,1195535.2843,2916838.0254,0.40987373103655644
41,147,1257393.3006,2894114.0237,0.434465708781051
41,148,1192329.7032,2923495.192,0.40784390768377227
41,149,1240352.1897,2913799.9788,0.4256819955811855
41,150,1300219.6294,2912557.6307,0.44641850712066666
41,151,1224868.1812,2891504.3519,0.42360931616621716
41,152,1232323.4097,2922066.1963,0.4217301480919226
41,153,1216173.0152,2935405.9297,0.41431169804998436
41,154,1277138.4003,2897965.2766,0.44070176085697826
41,155,1245758.5594,2915910.2135,0.427228024248628
41,156,1188464.6699,2946205.1293,0.4033882970607589
41,157,1195157.0569,2930280.3788,0.4078644028560288
41,158,1190882.9515,2915427.8677,0.4084762187717905
41,159,1259935.6279,2923435.2699,0.43097777497331
41,160,1240220.5667,2900703.8176,0.42755849776008514
46,0,247934.8104,574739.3882,0.4313864953235512
46,1,247504.2219,571741.8636,0.43289504872282364
46,2,259055.9772,581653.9545,0.44537817579644773
46,3,259969.8791,572606.063,0.45401174716517106
46,4,230110.5094,576202.6444,0.39935691312144905
46,5,239591.5358,583700.5309,0.4104699638195926
46,6,249792.6148,567978.4903,0.43979238486313504
46,7,245170.1662,572731.1826,0.4280719710196551
46,8,242529.1854,585770.2297,0.41403467281737827
46,9,254915.3773,572089.4225,0.44558659411326557
46,10,244204.1219,565193.642,0.4320716012230017
46,11,269848.7112,580221.5184,0.4650787718872027
46,12,243584.6766,561658.1896,0.4336884623252363
46,13,229274.8504,570335.9412,0.40199965290211315
46,14,254254.1016,580437.337,0.4380388465602791
46,15,260431.2345,572630.2267,0.45479826658965294
46,16,243552.4001,572241.8268,0.4256109719591018
46,17,263086.8532,574204.3595,0.45817634235499044
46,18,250612.0724,578377.5316,0.43330188105114836
46,19,221150.7587,568403.9306,0.3890732396353348
46,20,244095.203,572667.8589,0.4262421911871681
46,21,246824.502,575884.4863,0.42860071398315075
46,22,248766.8955,575678.8147,0.43212793166557356
46,23,246677.2184,575698.6365,0.42848324237780266
46,24,264208.0861,567271.0822,0.4657527844982753
46,25,241468.3475,563011.0361,0.42888741430836047
46,26,253359.3345,579049.8725,0.4375432005643003
46,27,252327.4255,573993.4951,0.4395997997434449
46,28,240370.7246,573362.7184,0.41922977704369696
46,29,233554.1171,579404.8304,0.4030931480822532
46,30,264760.6994,577223.4164,0.45867976225089263
46,31,236171.3363,570647.0636,0.4138658574883097
46,32,264494.7179,577803.7686,0.4577587275708883
46,33,258162.6357,580878.5728,0.44443477137671417
46,34,244930.2074,570949.615,0.42898742895202757
46,35,235394.4236,570248.1657,0.4127929518388629
46,36,259033.9322,580464.1533,0.44625310749572517
46,37,239058.6247,578194.1936,0.41345732514460865
46,38,251345.008,572160.3962,0.43929116672406276
46,39,268882.6624,580289.7803,0.4633592931121279
46,40,239227.9951,575938.2352,0.41537092083654736
46,41,246161.3943,579982.2974,0.42442915137844
46,42,235690.8687,573737.6493,0.4107990280706858
46,43,243763.5115,567852.6763,0.42927245335587405
46,44,252140.1185,573474.2199,0.43967123499286004
46,45,249649.6867,579015.5468,0.4311623203897018
46,46,254762.5539,571043.2406,0.446135311281014
46,47,254628.3236,566425.7942,0.4495351839681456
46,48,241248.1497,579257.586,0.4164781878229904
46,49,233636.0432,581535.2311,0.4017573324974085
46,50,259603.6403,575277.9618,0.45126644429020085
46,51,227332.277,576738.4458,0.3941687582222215
46,52,256050.8719,581858.9924,0.4400565691076875
46,53,258148.4616,577702.0382,0.4468539913834079
46,54,244084.8686,572305.4437,0.4264940536332697
46,55,234805.5904,567843.1975,0.413504276239921
46,56,250865.3096,578931.6636,0.4333245620735815
46,57,232978.1708,564342.7026,0.41283101513785747
46,58,243486.4212,573009.7293,0.424925457195025
46,59,261896.2461,575579.6389,0.4550130484124045
46,60,242048.2984,584649.9141,0.4140055314514242
46,61,247771.7835,572909.2125,0.4324800127035835
46,62,252924.0102,572788.7986,0.44156591542675466
46,63,277014.0271,578188.5206,0.47910675710499395
46,64,251440.7796,581058.0831,0.43272916583233745
46,65,236803.8491,581941.4829,0.4069203795541966
46,66,237964.8855,582172.2202,0.40875341907975155
46,67,238031.6057,579607.5278,0.4106772156729742
46,68,238063.27,568347.3905,0.4188692936384653
46,69,263567.0731,572082.6997,0.46071498620429263
46,70,238515.7864,571602.3825,0.41727570370999983
46,71,250502.7267,572400.4056,0.4376354807740199
46,72,244254.9561,572602.7597,0.42656964529470814
46,73,239378.0954,570552.1053,0.4195551872937765
46,74,256864.1379,576065.1589,0.44589424291947055
46,75,246075.0881,581597.285,0.4231021953618645
46,76,238594.309,571195.2134,0.41771062397351666
46,77,265253.7158,580510.293,0.4569319769150071
46,78,254960.4295,581517.3784,0.43843991421460843
46,79,231390.024,573125.6016,0.4037335330231739
46,80,252862.7972,569171.1845,0.44426493133543377
46,81,249164.5866,577828.4442,0.4312085863910124
46,82,247369.517,566830.9228,0.43640794291542484
46,83,240642.1108,577592.0683,0.416629874278348
46,84,246002.1563,570508.4159,0.43119811985932177
46,85,246207.764,570584.8457,0.43150070643385124
46,86,256550.6117,580062.9074,0.4422806706429993
46,87,240724.7737,570941.4868,0.4216277486668709
46,88,252296.6802,570053.6971,0.4425840609112681
46,89,243999.0425,577730.4034,0.4223406645453342
46,90,265993.6474,580062.0872,0.45856064940215246
46,91,225277.2484,575349.2865,0.3915486708437936
46,92,254482.3547,578321.7866,0.4400359118340018
46,93,255731.261,578671.5793,0.44192815086814824
46,94,251590.9112,566602.6675,0.4440341100229642
46,95,234334.3102,573488.3856,0.4086121290055992
46,96,231955.211,574202.8,0.40396043174989743
46,97,244076.6273,574978.0633,0.4244972858601926
46,98,239618.7639,571257.5425,0.41945838098058896
46,99,256950.4739,582307.15,0.44126278356705734
46,100,242868.2752,579572.7213,0.41904711225062274
46,101,240409.7903,572624.2266,0.41983866405277936
46,102,238520.1578,582551.5299,0.4094404452786246
46,103,250594.3052,575922.916,0.4351177878811823
46,104,232267.1848,576681.3812,0.40276518780037907
46,105,264873.6203,586074.7006,0.45194515311586203
46,106,245697.8969,572101.4366,0.4294656177760767
46,107,247004.6155,575987.2178,0.4288369739235557
46,108,250556.2759,576278.4921,0.43478331975735385
46,109,255703.1179,576195.9795,0.4437780321235303
46,110,227149.4457,574445.9295,0.3954235447324203
46,111,259585.9587,575210.6808,0.4512884884873299
46,112,250817.7963,567098.3993,0.4422826737116484
46,113,244224.7927,571357.0307,0.42744690198488877
46,114,249902.8084,571323.7902,0.4374101213473326
46,115,261657.5767,582477.7156,0.44921474194162286
46,116,250052.3043,572699.4621,0.4366204629965899
46,117,247544.893,569914.1497,0.4343547061084664
46,118,249499.5122,577380.8601,0.4321229355555494
46,119,235596.4715,571849.433,0.4119903910090963
46,120,245184.9001,573518.0199,0.4275103686240775
46,121,248376.6144,572167.2343,0.43409793415358455
46,122,250461.3812,574403.599,0.4360372769878832
46,123,263292.192,580440.9617,0.45360718724755017
46,124,237154.6975,576513.5007,0.4113601801381024
46,125,237965.9005,584234.3438,0.4073124132898673
46,126,237312.0988,572716.6845,0.41436211869256273
46,127,270728.819,578963.66,0.46760934701842943
46,128,241351.4717,572416.8153,0.4216358870825785
46,129,255861.0196,565106.7663,0.45276580437221353
46,130,228505.2821,566483.1336,0.40337526140954816
46,131,253220.9227,577864.3326,0.438201336221387
46,132,257931.9604,577453.4413,0.4466714404183429
46,133,244131.6152,574012.4998,0.42530714102055517
46,134,245253.4047,577288.3288,0.42483693583378745
46,135,257894.1435,575354.5813,0.4482351438260808
46,136,247154.2831,572106.7721,0.4320072670924428
46,137,251596.4888,576760.6713,0.4362233788113701
46,138,247638.8188,573921.6521,0.43148540901685906
46,139,229802.1974,570512.5072,0.4027995784489262
46,140,261164.6748,568875.2363,0.45908954747025255
46,141,250196.7297,577101.8705,0.4335399735981275
46,142,238275.5815,573959.527,0.4151435254423436
46,143,246632.0052,567508.1208,0.43458762290895486
46,144,268431.7668,572264.0385,0.4690697802776576
46,145,251034.7726,571458.7956,0.43928761711756914
46,146,255584.4772,572980.0015,0.4460617762066867
46,147,241032.1388,564431.2417,0.42703543140886346
46,148,257525.9495,574346.8221,0.44838055960404
46,149,245223.6972,586029.2557,0.41844958219207895
46,150,268602.5609,581187.7207,0.46216145202876446
46,151,247868.3422,574291.8003,0.43160696717333924
46,152,242401.3747,570769.8081,0.42469200588397416
46,153,249769.9812,579011.2834,0.4313732536149053
46,154,251144.7905,574219.6726,0.43736709570197335
46,155,247363.4671,568129.8155,0.43539955191807744
46,156,243961.9375,580495.5177,0.4202649806265679
46,157,235855.7413,570840.0002,0.41317311543929186
46,158,248280.3674,570809.0905,0.43496218180849033
46,159,262708.1302,574579.9062,0.45721774702743684
46,160,228416.0279,589281.4774,0.38761786456924874
48,0,6526846.152,18421210.35,0.3543114718300798
48,1,6512698.2258,18441371.9843,0.35315692516503455
48,2,6441859.447,18366196.9238,0.35074541962752553
48,3,6654220.0194,18370625.9412,0.36222064728216524
48,4,6200187.2192,18442428.8702,0.3361914671238616
48,5,6407265.7631,18407021.4906,0.3480881339966941
48,6,6475033.462,18423789.3591,0.3514496033250515
48,7,6373997.9608,18466901.0125,0.34515796432143786
48,8,6521995.4199,18324520.5421,0.35591629286648585
48,9,6368989.3201,18494579.86,0.34437058685906263
48,10,6551706.4338,18387176.1635,0.3563193377570209
48,11,6217577.759,18551596.7266,0.33515054529430316
48,12,6519268.7065,18508298.4134,0.35223490354899684
48,13,6609116.0593,18432633.935,0.35855516268624904
48,14,6366043.2471,18410671.7823,0.3457800629100513
48,15,6550207.7314,18513890.6044,0.35379963462910824
48,16,6599785.2693,18369733.1866,0.3592749661772053
48,17,6506098.6953,18451917.9679,0.3525974213964303
48,18,6593366.8084,18324393.7136,0.35981364030104496
48,19,6567592.5331,18302666.5586,0.35883255109698975
48,20,6786825.7738,18392812.232,0.3689933702466778
48,21,6349018.9064,18421132.7631,0.344659527079569
48,22,6671251.1365,18435205.7027,0.36187560063530705
48,23,6668914.4847,18405488.5462,0.36233292411446827
48,24,6531303.8237,18322603.2016,0.35646156563220566
48,25,6597664.1167,18359380.4427,0.359362024077634
48,26,6858281.4089,18467274.308,0.37137485990171276
48,27,6448809.1082,18453964.5809,0.3494538574586064
48,28,6317694.3817,18463403.7198,0.3421738741987729
48,29,6683866.8166,18394793.9659,0.3633564381851982
48,30,6539187.6734,18462250.069,0.3541923464886852
48,31,6302968.8244,18530923.096,0.34013247973386335
48,32,6649120.1206,18408260.0362,0.36120307446355326
48,33,6574965.2021,18283522.7547,0.35961150869625635
48,34,6333072.8636,18504317.238,0.3422483943689941
48,35,6437074.6094,18448580.2082,0.34891978335215507
48,36,6672205.8309,18495927.2128,0.36073919161416995
48,37,6606100.2807,18481581.9507,0.3574423606335166
48,38,6366547.9484,18365547.6608,0.3466571248506223
48,39,6550118.6086,18428842.5242,0.3554275641564929
48,40,6342879.2366,18488280.2351,0.3430756758304671
48,41,6616490.8728,18434953.345,0.3589100958909967
48,42,6606439.1011,18411702.3645,0.358817396148985
48,43,6434496.6625,18448661.4302,0.3487785109420941
48,44,6501990.9827,18544887.2991,0.3506082769786122
48,45,6431266.9019,18445179.5451,0.34866924912143127
48,46,6574794.7786,18505344.8407,0.3552916649323729
48,47,6606568.8729,18384728.1269,0.3593509149169011
48,48,6626729.798,18301843.2618,0.36207991201801254
48,49,6673105.2839,18495674.2004,0.3607927568142222
48,50,6606209.078,18480801.3533,0.3574633454311964
48,51,6410161.0458,18368388.4271,0.3489778687575389
48,52,6523929.9727,18361106.7745,0.3553124576215889
48,53,6580983.9389,18372762.3695,0.35819240496055554
48,54,6467719.7601,18364425.0561,0.35218743523645774
48,55,6542582.0431,18366790.7845,0.35621803067639773
48,56,6643008.6881,18367534.8959,0.36167121640165506
48,57,6364697.8568,18313629.4522,0.347538857516603
48,58,6567120.4763,18319978.3809,0.3584676979284393
48,59,6629911.2131,18335268.8652,0.3615933456903623
48,60,6659091.9792,18250300.2223,0.36487574988291266
48,61,6487698.7811,18483615.9437,0.35099727244177475
48,62,6707789.3717,18382115.7141,0.3649084510198568
48,63,6632145.2069,18418807.0353,0.3600746342686237
48,64,6511467.868,18362858.342,0.354599907417834
48,65,6576334.4464,18328957.7182,0.35879478514318003
48,66,6688210.0118,18404746.7092,0.3633959280980899
48,67,6415008.7052,18457268.5974,0.3475600233776549
48,68,6272434.7372,18471741.787,0.3395692084443493
48,69,6496676.4164,18518292.7453,0.3508248036552331
48,70,6618130.1426,18434656.0661,0.35900480697170495
48,71,6434129.3264,18340625.1585,0.3508129777908955
48,72,6479790.6326,18385605.9639,0.35243824137877316
48,73,6394733.2468,18428088.2196,0.34701012772440504
48,74,6504609.3994,18510504.9687,0.35140096990324415
48,75,6632047.292,18474406.6341,0.358985672630946
48,76,6637752.9552,18476918.1103,0.35924567698872734
48,77,6666885.0312,18478557.9861,0.3607903298631303
48,78,6479747.2277,18396046.0056,0.352235867736332
48,79,6568523.9057,18553768.8475,0.3540263953749249
48,80,6414348.2313,18443277.6704,0.34778786861700406
48,81,6491811.0785,18441942.2758,0.35201341493291216
48,82,6514282.0381,18454174.9045,0.35299774017593766
48,83,6254549.3666,18326296.867,0.3412882270756244
48,84,6397251.831,18504080.0021,0.3457211507015742
48,85,6288503.0217,18343867.866,0.342812272070255
48,86,6402382.7552,18493459.906,0.3461971306474035
48,87,6483459.8574,18470455.8523,0.3510178584245748
48,88,6443291.5787,18407003.6116,0.35004565189738274
48,89,6495086.4601,18474501.928,0.35157031488118395
48,90,6529894.1672,18479880.6758,0.35335153304053024
48,91,6374124.8327,18493276.3808,0.3446725556601594
48,92,6526104.6484,18458045.2156,0.3535642356583024
48,93,6614387.3585,18390486.4529,0.35966353448236144
48,94,6424669.52,18456971.6749,0.34808903828665644
48,95,6595794.1533,18370478.4861,0.35904313316012426
48,96,6703351.5365,18459121.6782,0.3631457473091245
48,97,6693689.2972,18497866.1939,0.3618627806599316
48,98,6617201.8341,18341832.8439,0.3607710249251728
48,99,6518978.6328,18413618.0596,0.35403029495343036
48,100,6496578.1261,18389902.1971,0.35326876981023203
48,101,6547224.7282,18459634.1659,0.35467792424047695
48,102,6837085.3922,18513405.9334,0.36930456863505745
48,103,6715416.0912,18377647.3446,0.36541217519734515
48,104,6345305.2566,18370323.0683,0.34541065135373245
48,105,6727770.8653,18424875.5069,0.36514606911620606
48,106,6928523.2105,18337105.8092,0.37784169882598684
48,107,6418394.5214,18389977.1008,0.3490159061220793
48,108,6428788.7796,18464235.0248,0.3481752030866838
48,109,6533483.0425,18471347.0826,0.35370907239648686
48,110,6578204.2941,18382251.335,0.3578562916053177
48,111,6541299.2936,18324966.5056,0.35696105046636883
48,112,6439231.2835,18525127.7712,0.34759443297933523
48,113,6669687.8319,18405153.7902,0.3623815322559999
48,114,6378496.9512,18427296.2988,0.34614394036825535
48,115,6601687.4667,18518890.8307,0.3564839561425538
48,116,6709509.7165,18431236.3714,0.36402928058104866
48,117,6324710.3123,18441513.6929,0.342960475892769
48,118,6501310.745,18376318.7756,0.35378743829979775
48,119,6513642.4738,18452677.0115,0.35299173500628633
48,120,6341658.1408,18440736.4539,0.34389397390139553
48,121,6378748.8705,18448162.7323,0.34576607779655777
48,122,6458703.5904,18377922.1862,0.35143818354230744
48,123,6529265.9172,18358513.5236,0.35565329996933476
48,124,6630162.4198,18494034.9204,0.35850275228401046
48,125,6671709.715,18357174.8107,0.3634388071039779
48,126,6445381.4416,18516331.1977,0.3480917128119101
48,127,6633583.4895,18373345.4244,0.36104385653635673
48,128,6507638.0366,18430871.969,0.35308356802356344
48,129,6554922.4168,18356709.206,0.35708592118774124
48,130,6546723.1194,18412579.8513,0.35555707957664473
48,131,6277019.7091,18368869.8472,0.3417205174469031
48,132,6447974.0517,18439680.0393,0.3496792806576689
48,133,6402688.2965,18330703.3213,0.34928765057586053
48,134,6507636.4779,18339494.4482,0.3548427409643627
48,135,6759544.9184,18448546.8301,0.3663998568912411
48,136,6442789.8004,18475789.6892,0.3487152597415701
48,137,6336319.8955,18489495.2585,0.342698370448326
48,138,6492615.0256,18442485.4999,0.3520466384878115
48,139,6407879.3471,18403086.8089,0.34819589852725447
48,140,6613393.9336,18207694.2051,0.36321973881501035
48,141,6434752.2421,18433385.26,0.34908141675220433
48,142,6709913.7809,18456729.7872,0.3635483565216098
48,143,6587713.3377,18365981.5952,0.35869105626359316
48,144,6272507.9458,18406247.6622,0.34078145969325074
48,145,6634482.091,18496967.6402,0.358679445196254
48,146,6694899.0033,18367072.5077,0.3645055030132487
48,147,6532239.4617,18378062.0909,0.3554367935743603
48,148,6578144.725,18407182.9491,0.3573683568631903
48,149,6711914.0443,18513473.1914,0.36254213214935066
48,150,6580139.4863,18452774.1267,0.3565935095243459
48,151,6463324.7204,18363095.808,0.35197358811275226
48,152,7012858.0049,18436898.975,0.3803707995801935
48,153,6485463.0948,18448681.5235,0.35154073674797803
48,154,6375335.1779,18405832.043,0.34637582060978495
48,155,6632865.5177,18406905.6382,0.3603465812273607
48,156,6506822.888,18436385.5032,0.3529337617110801
48,157,6314761.7638,18305709.8958,0.3449613153352134
48,158,6434251.8533,18463447.0558,0.34848594814687006
48,159,6550296.8614,18338744.7995,0.35718348954714674
48,160,6494909.4624,18438433.4612,0.3522484421503182
49,0,1159986.1139,1964162.749,0.5905753555760974
49,1,1172141.9116,1971561.2235,0.5945247338143339
49,2,1208642.5378,1979927.3883,0.6104479108386704
49,3,1120562.7254,1960256.9733,0.5716407290793031
49,4,1165379.4698,1965484.1191,0.5929223535693741
49,5,1145845.7289,1951344.9997,0.5872081713260149
49,6,1201731.9262,1969588.2188,0.6101437420925336
49,7,1182206.7042,1951781.6594,0.6057064316115276
49,8,1206971.4517,1985052.387,0.6080300246000511
49,9,1168427.3106,1965245.8875,0.5945450989272201
49,10,1185341.5273,1968675.1498,0.6021011274614911
49,11,1189069.7505,1959635.8225,0.6067809828986732
49,12,1153902.5859,1953331.8594,0.5907355579888208
49,13,1169559.3293,1945102.8934,0.6012840417175228
49,14,1227267.0636,1996292.0187,0.6147733157793244
49,15,1107642.5862,1968624.0022,0.5626481161268857
49,16,1215839.4354,1944091.3124,0.6254024323060392
49,17,1077803.6086,1972728.0244,0.5463518514813065
49,18,1189896.1842,1986388.9273,0.5990247769943859
49,19,1198934.5429,1948986.086,0.6151580822009008
49,20,1131066.8066,1955478.1577,0.5784093277371819
49,21,1173640.603,1950399.1306,0.601743809554998
49,22,1188684.3287,1977841.8202,0.6010007051927944
49,23,1190653.4648,1992788.7141,0.597481035684073
49,24,1085748.3321,1971726.0934,0.550658803844179
49,25,1176393.6574,1971788.3182,0.5966125504150986
49,26,1168413.2848,1958114.3542,0.5967032938060263
49,27,1130616.7138,1979804.4307,0.5710749487515024
49,28,1180889.0428,1959584.7768,0.602622074217371
49,29,1118549.9136,1965117.726,0.5692024955048418
49,30,1196929.189,1946747.597,0.6148353237186506
49,31,1103736.5055,1947186.5838,0.5668365397968289
49,32,1191531.7782,1973019.3583,0.6039128674473077
49,33,1168900.9514,1994778.0564,0.5859804541411137
49,34,1101521.4744,1948090.3684,0.5654365384007819
49,35,1187772.906,1977621.1355,0.6006069032528298
49,36,1168217.8211,1968099.1128,0.5935767225858789
49,37,1081281.6958,1964199.9811,0.5504947083822167
49,38,1164616.2765,1960153.3841,0.5941454816479737
49,39,1218342.5166,1958337.4992,0.6221310254732418
49,40,1147481.6991,1960389.9378,0.5853333956548121
49,41,1168132.5727,1970141.6408,0.59291806665518
49,42,1184629.8748,1978417.9127,0.5987763592290285
49,43,1127758.7537,1940241.5287,0.5812465803964213
49,44,1190792.3984,1962024.5434,0.6069202357359257
49,45,1200281.6459,1956908.8044,0.6133559434150605
49,46,1106777.8602,1973209.936,0.5609022334661505
49,47,1226421.6143,1967307.2131,0.6234011679179767
49,48,1124036.9829,1976839.5366,0.5686030464734889
49,49,1174022.7515,1969769.9877,0.5960202251181858
49,50,1147834.8924,1962905.4855,0.5847631996950777
49,51,1160199.7918,1991783.354,0.5824929651460478
49,52,1126909.9491,1959996.3363,0.5749551303893424
49,53,1104182.3667,1955719.9761,0.5645912401538721
49,54,1219869.4831,1976823.2575,0.6170857604350094
49,55,1118308.4241,1947187.1684,0.5743199432743344
49,56,1152576.0694,1955959.8739,0.5892636575932776
49,57,1163240.9858,1969527.4887,0.5906193198490493
49,58,1145732.2627,1971077.1463,0.5812721561156077
49,59,1151931.929,1942486.0127,0.5930194202010483
49,60,1135525.3998,1953417.9994,0.5813018003053013
49,61,1123451.3492,1964421.4767,0.5718993416256413
49,62,1195169.3669,1959430.2405,0.6099576000189837
49,63,1171023.3382,1974124.3227,0.5931862166605583
49,64,1114636.3393,1939826.7848,0.5746061184606858
49,65,1154927.6983,1974559.006,0.584904120257017
49,66,1183569.589,1949922.6316,0.6069828463034082
49,67,1202814.7403,1975590.7239,0.6088380177881842
49,68,1094607.33,1926560.8325,0.5681665024714448
49,69,1140843.1224,1966022.7543,0.5802797144157142
49,70,1122640.5843,1942072.8878,0.5780630538392093
49,71,1118300.9817,1951125.6233,0.5731568323153803
49,72,1165661.1023,1967829.5582,0.5923587728635633
49,73,1259456.192,1983015.9472,0.6351215650980218
49,74,1083359.3052,1937443.214,0.5591695784277061
49,75,1203911.7479,1975319.6264,0.6094769331554291
49,76,1172066.4732,1965066.4616,0.5964513140413978
49,77,1152894.0036,1967965.8872,0.5858302784101226
49,78,1138159.5988,1946738.9868,0.5846493066185918
49,79,1149952.4087,1974177.3344,0.582497017193999
49,80,1126992.01,1975656.5637,0.5704392305357845
49,81,1173951.0381,1971606.5525,0.5954286551804305
49,82,1063636.0491,1935427.9701,0.5495611645237533
49,83,1161526.4155,1962394.1866,0.5918925073419803
49,84,1215597.6589,1956249.2671,0.6213920073192087
49,85,1120303.0967,1961863.6038,0.5710402570953694
49,86,1147654.4336,1978295.415,0.5801228799794798
49,87,1138446.4303,1957079.2241,0.5817068702589371
49,88,1156430.5137,1971996.6843,0.5864261957978384
49,89,1135823.3536,1965190.5241,0.5779711125567196
49,90,1195261.3799,1977852.8983,0.604322687964989
49,91,1141679.3385,1984302.1842,0.575355582224632
49,92,1178717.0695,1967446.5227,0.5991100931589249
49,93,1128457.2525,1968126.8483,0.5733661188935675
49,94,1104200.6192,1952480.0817,0.5655374564633644
49,95,1162795.2599,1956637.3806,0.5942824518375656
49,96,1165694.4793,1958158.9982,0.5953012397724302
49,97,1199194.0304,1969594.9233,0.6088531282314562
49,98,1148134.4236,1977705.6086,0.5805385890636949
49,99,1157013.2995,1947361.8651,0.5941439648355163
49,100,1193439.0398,1964661.0181,0.6074529034806018
49,101,1111057.6146,1966048.0684,0.5651223042090704
49,102,1171488.9251,1970415.9967,0.5945388826836456
49,103,1153509.4793,1944272.9552,0.593285771020429
49,104,1128455.8564,1951225.9265,0.5783317252370468
49,105,1217054.7916,1975474.7562,0.6160821786156925
49,106,1161552.752,1960621.0361,0.5924412370431977
49,107,1221091.245,1967835.7407,0.6205249857722538
49,108,1126422.2392,1948041.836,0.5782330843124664
49,109,1138232.8826,1956063.353,0.5818998044487161
49,110,1152683.062,1958925.5149,0.5884261822271699
49,111,1153224.1434,1963977.3491,0.5871881078101381
49,112,1153869.394,1957997.4135,0.5893109899146453
49,113,1179312.1346,1968406.9565,0.5991200806854088
49,114,1129599.1051,1942971.9819,0.5813769398750588
49,115,1161485.2364,1957179.8389,0.5934483961641426
49,116,1138336.9929,1988408.5872,0.5724864598894949
49,117,1179790.3151,1949513.3465,0.6051717046298252
49,118,1156796.2788,1947469.3881,0.5939997238819756
49,119,1207101.495,1992745.4171,0.6057479719394708
49,120,1125204.8142,1968501.1973,0.5716048411569844
49,121,1170551.369,1969945.5121,0.5942049471978388
49,122,1136008.9015,1956721.3925,0.5805675278321464
49,123,1164230.9457,1975403.9564,0.5893634777474621
49,124,1147299.203,1965868.223,0.5836094146988
49,125,1147040.8836,1948903.624,0.5885570068599759
49,126,1158815.9405,1981871.6576,0.5847078624169332
49,127,1139351.4369,1936908.1929,0.5882320293116873
49,128,1173465.7933,1987359.964,0.5904646438273524
49,129,1173087.3584,1968304.0361,0.5959889005381286
49,130,1156987.4213,1971526.8602,0.5868484191905102
49,131,1198667.1815,1946385.5959,0.6158426079729292
49,132,1172678.7898,1951065.2044,0.601045412093558
49,133,1173077.9447,1967774.2356,0.5961445797374785
49,134,1181713.822,1962265.7224,0.6022190616236593
49,135,1158817.655,1959734.3208,0.5913136503763169
49,136,1116695.7371,1948941.1938,0.5729755934414279
49,137,1167794.6824,1976545.5255,0.5908260990368976
49,138,1220950.8865,1982564.3707,0.615844259356335
49,139,1131504.798,1935155.0934,0.584710136081127
49,140,1142972.0477,1972114.9496,0.5795666464228298
49,141,1178083.7535,1949650.0756,0.6042539470255696
49,142,1256646.1036,1985902.2264,0.6327834708549678
49,143,1154868.0099,1977148.4794,0.5841078815944388
49,144,1140396.4263,1963699.3589,0.5807388086834294
49,145,1156084.6391,1974776.8624,0.5854254529268582
49,146,1129760.0997,1970443.191,0.5733532967913917
49,147,1182601.6443,1971650.6767,0.5998028242403209
49,148,1133731.6937,1956790.4032,0.57938330638068
49,149,1184498.2947,1951179.4463,0.6070678414259391
49,150,1157765.2759,1956327.6503,0.5918054042340292
49,151,1146858.6415,1973420.6788,0.5811526421205757
49,152,1170966.5363,1960874.7535,0.597165389686374
49,153,1180379.9354,1978018.8275,0.5967485844873739
49,154,1198460.5927,1969535.6426,0.6084990628135587
49,155,1139153.4315,1961287.9818,0.580819054657402
49,156,1148897.7193,1981693.3439,0.5797555524100179
49,157,1177496.4325,1945454.352,0.6052552357702403
49,158,1149314.4148,1970246.7685,0.5833352619453871
49,159,1203453.3549,1982551.2385,0.6070225735051034
49,160,1178857.5793,1950242.0939,0.604467303309292
53,0,2353420.0193,4850647.6134,0.48517645619084665
53,1,2388615.8562,4821320.4654,0.49542773050283617
53,2,2453101.6013,4857068.6538,0.5050580455313884
53,3,2255432.152,4922552.6209,0.45818345189931864
53,4,2412643.4389,4826621.3913,0.4998617549014301
53,5,2379684.1094,4857215.2346,0.4899276631697321
53,6,2290371.1695,4850210.3438,0.4722209980908911
53,7,2428894.706,4953455.8326,0.490343466881203
53,8,2455988.941,4883854.5866,0.5028792109696676
53,9,2384600.84,4860441.9657,0.4906139928895479
53,10,2302470.9507,4862119.0267,0.47355297927840423
53,11,2370736.4038,4847498.3273,0.48906389311133036
53,12,2278821.3584,4836433.5884,0.47117805232882043
53,13,2412496.1066,4837306.5604,0.4987271483576408
53,14,2376865.1191,4826828.6886,0.4924279008935366
53,15,2360617.6962,4822963.3314,0.48945379303034525
53,16,2413698.4046,4969934.3273,0.4856600199607229
53,17,2299056.4726,4785065.161,0.4804650292619077
53,18,2357337.2381,4914680.8959,0.4796521458934544
53,19,2390139.8428,4918841.7484,0.48591517374541765
53,20,2294354.5864,4844863.5239,0.473564337794411
53,21,2428441.6368,4833428.947,0.5024262616516332
53,22,2321178.8377,4826983.8001,0.4808756220917734
53,23,2273416.2911,4759100.0953,0.4776987761499667
53,24,2421356.7877,4925697.4891,0.49157643015190905
53,25,2372742.1847,4864812.9529,0.4877355424910154
53,26,2387802.4893,4859907.0801,0.4913267784640169
53,27,2412580.267,4912225.8439,0.4911378962748509
53,28,2288731.9945,4933623.3006,0.46390489404038143
53,29,2394950.1774,4910515.1652,0.48771872132126004
53,30,2391586.4741,4860137.2685,0.49208208368940226
53,31,2367188.4586,4825001.9501,0.4906088086764274
53,32,2347645.4518,4898515.6894,0.479256493325135
53,33,2379261.3007,4856393.8104,0.4899234686455608
53,34,2433564.5851,4894942.6494,0.49715895760255646
53,35,2465353.795,4912328.2982,0.5018707312178967
53,36,2360746.117,4880776.0793,0.48368252889376107
53,37,2260150.9682,4861162.3971,0.464940436786956
53,38,2338754.7895,4852182.2686,0.4820006050957358
53,39,2387386.6016,4814812.2706,0.4958420946498283
53,40,2316648.3773,4887314.0497,0.4740125872292172
53,41,2326509.8251,4884975.008,0.476258286130417
53,42,2332184.2353,4899070.5627,0.476046263357896
53,43,2448110.384,4894829.393,0.5001421270169283
53,44,2275801.7394,4769380.7392,0.4771692309433311
53,45,2364296.1186,4965520.3968,0.476142665756374
53,46,2224142.1788,4803881.4421,0.4629885657269102
53,47,2261994.4402,4769208.4153,0.4742913798741405
53,48,2371873.4218,4776422.5262,0.4965794815658827
53,49,2357022.3692,4827367.3294,0.4882624851945869
53,50,2254161.8823,4837435.9899,0.46598278240919905
53,51,2443119.6793,4818398.2674,0.5070397969859606
53,52,2436766.7204,4858056.9501,0.5015928683894578
53,53,2394054.9677,4839485.4391,0.4946920489433734
53,54,2282478.9245,4843842.7197,0.47121243537018964
53,55,2361195.5852,4778431.4883,0.4941361178833248
53,56,2364865.783,4833767.8165,0.4892385966341956
53,57,2381732.5118,4898121.7398,0.4862542497559995
53,58,2336791.2373,4775694.2963,0.4893092171143459
53,59,2321892.3524,4909403.2244,0.472947982936107
53,60,2419975.1358,4861470.5213,0.4977866522479452
53,61,2325521.66,4857009.79,0.4787969883832579
53,62,2293293.1177,4871376.8694,0.47076897952723196
53,63,2365053.8238,4856168.2873,0.4870205651614589
53,64,2242184.8272,4850176.0479,0.4622893695107846
53,65,2304544.4937,4864720.8416,0.4737259482585312
53,66,2402332.7165,4891275.2686,0.49114649750383094
53,67,2284707.2838,4802261.6113,0.47575652239019034
53,68,2318822.6863,4883694.4403,0.47480912547787435
53,69,2382310.2853,4800385.3549,0.49627480070287555
53,70,2325067.1897,4841899.4844,0.4801973269356537
53,71,2513137.7825,4893592.3259,0.5135568341479689
53,72,2325199.5414,4731206.6171,0.4914601558503134
53,73,2286414.8182,4807647.5028,0.47557871430224025
53,74,2254850.061,4710532.3764,0.47868263729528965
53,75,2283532.5531,4839883.5573,0.47181559764092795
53,76,2416672.6965,4787172.636,0.5048225498128871
53,77,2343689.8544,4889770.5693,0.47930466699494106
53,78,2450279.6171,4875078.2066,0.5026133968031019
53,79,2297205.0298,4840937.5275,0.4745372186173084
53,80,2410480.6349,4836565.2373,0.4983868751133903
53,81,2404082.8077,4820611.6962,0.49870907660849234
53,82,2436846.5896,4802003.5663,0.5074645522343122
53,83,2144149.2347,4811249.1861,0.4456533327965181
53,84,2423742.1778,4816374.7154,0.5032295701682563
53,85,2451706.0443,4886445.3231,0.5017361051212209
53,86,2390597.4032,4857505.088,0.49214511562854385
53,87,2438825.0781,4883809.9873,0.49936936212546984
53,88,2395405.0305,4868652.0329,0.4920057983838256
53,89,2367855.1295,4873083.4189,0.4859049037240769
53,90,2333142.3607,4905738.8194,0.47559449179672325
53,91,2296736.3228,4809128.1219,0.4775785266233666
53,92,2317966.3509,4862245.342,0.47672755853709037
53,93,2435286.2137,4904341.1981,0.49655725719969457
53,94,2396419.6323,4917231.8457,0.48735136098892934
53,95,2380785.5143,4922634.2577,0.483640544811138
53,96,2373397.748,4921329.7109,0.48226757551791
53,97,2339161.7836,4811289.2114,0.4861819110889294
53,98,2324504.4884,4886472.3709,0.47570196083434896
53,99,2284581.6112,4822718.3732,0.47371242407508035
53,100,2348750.6573,4899016.2623,0.4794331211705968
53,101,2437253.6054,4838602.6273,0.5037102223788147
53,102,2454752.2353,4883443.7318,0.5026682747085113
53,103,2326521.9209,4818469.7018,0.4828341911189975
53,104,2388395.4942,4867105.7738,0.49072192082960564
53,105,2320542.6088,4808398.3723,0.4826019870084132
53,106,2389626.9191,4926864.9747,0.4850197704566698
53,107,2503401.2323,4916772.4793,0.5091553946902194
53,108,2279722.1304,4832998.2221,0.47169935216931064
53,109,2363838.5481,4894442.995,0.4829637510365978
53,110,2347617.808,4893336.8316,0.47975806464816506
53,111,2371345.1646,4873139.8841,0.48661545143351737
53,112,2363821.5739,4835892.6412,0.48880770300008786
53,113,2410188.4983,4920638.7359,0.48981212148653486
53,114,2326893.576,4860705.6693,0.47871517724197044
53,115,2364468.8286,4879619.5504,0.4845600777228987
53,116,2343984.9153,4913076.2129,0.477091096031754
53,117,2258217.6378,4752981.1826,0.47511604844282135
53,118,2370232.6177,4994830.8895,0.47453711049209685
53,119,2327904.1934,4730675.8507,0.4920870224189085
53,120,2347523.1483,4863837.6492,0.48264833606979435
53,121,2275901.9238,4883150.184,0.4660724815012161
53,122,2402601.107,4959204.0216,0.48447313248968593
53,123,2507322.4007,4976428.8018,0.5038397012317525
53,124,2216003.6351,4795087.2008,0.46214042462674876
53,125,2297765.4964,4856659.6447,0.47311643485404975
53,126,2216823.8258,4736124.8446,0.4680670165034948
53,127,2325974.2015,4829587.6288,0.48160927604453285
53,128,2479010.3349,4848087.8889,0.5113377462846432
53,129,2278645.3465,4778769.7093,0.47682677448664473
53,130,2374496.7699,4843920.1282,0.4902014705148251
53,131,2434120.2708,4851747.0065,0.5016997521797719
53,132,2383835.2973,4800206.6403,0.49661097447067754
53,133,2308895.2749,4815363.8016,0.4794851168114907
53,134,2246303.2314,4784682.2087,0.46947804126166226
53,135,2312696.4581,4755731.2648,0.486296707977939
53,136,2293202.6128,4781823.2568,0.4795665773591584
53,137,2324592.261,4844012.2588,0.4798898385892747
53,138,2473480.8054,4816759.9168,0.5135154851237115
53,139,2314847.1823,4961713.1201,0.4665419233777357
53,140,2450620.9138,4860876.2664,0.5041520868859614
53,141,2352341.5389,4867335.9984,0.4832913815017632
53,142,2214952.957,4843218.1224,0.45733082859840435
53,143,2316899.6273,4870965.9705,0.47565506335536406
53,144,2288348.8401,4887224.8061,0.46823073029990203
53,145,2263768.0496,4903668.9458,0.46164781403910243
53,146,2207276.1294,4852522.5723,0.45487189322929716
53,147,2236148.4897,4725695.9218,0.47318924592343625
53,148,2406320.803,4863581.1427,0.49476316574090085
53,149,2374377.3581,4814399.0819,0.493182496446255
53,150,2341793.3681,4827342.1552,0.4851102931615126
53,151,2489410.329,4818579.188,0.5166274604762187
53,152,2330163.4228,4900953.1604,0.47545106972820356
53,153,2279950.3921,4754342.4129,0.47955115431185397
53,154,2293706.274,4780669.1771,0.4797877010580733
53,155,2405661.7178,4837470.3317,0.497297461864659
53,156,2393520.2376,4784394.4921,0.500276522254213
53,157,2437498.823,4902540.2651,0.49719098491693486
53,158,2403676.3359,4793390.4745,0.5014564009936471
53,159,2419649.6812,4895618.5212,0.4942480037449696
53,160,2401805.0818,4824871.9403,0.4977966485988561
55,0,1854119.064,4304560.0148,0.4307337004537377
55,1,1848606.5459,4324369.2613,0.4274858214453843
55,2,1768948.4474,4325165.7982,0.40898974280620215
55,3,1851416.9936,4306183.4507,0.42994382724197205
55,4,1875020.6319,4311407.5295,0.4348975639789377
55,5,1897848.8137,4347694.975,0.43651839069046006
55,6,1836929.9555,4300260.5448,0.42716713007570417
55,7,1763907.2561,4313808.2844,0.4088979249446035
55,8,1868442.8391,4295429.9089,0.4349838965428451
55,9,1770506.9227,4295161.2846,0.4122096483426661
55,10,1887490.5628,4294242.0556,0.4395398625325689
55,11,1848625.4681,4295202.3519,0.4303931029657434
55,12,1864811.0345,4330479.2403,0.43062463321514793
55,13,1875865.8667,4317665.5753,0.43446298329153504
55,14,1870442.2272,4340923.3853,0.4308857957581148
55,15,1794546.2034,4301463.7475,0.417194310760607
55,16,1765122.6057,4273538.3232,0.41303539882106094
55,17,1874982.4026,4297782.2766,0.43626742397088325
55,18,1850376.255,4273013.3326,0.4330377911257538
55,19,1869321.9502,4340245.8134,0.4306949492189331
55,20,1792208.0626,4260438.2319,0.42066284383161695
55,21,1844457.2173,4288290.7963,0.430114771808718
55,22,1848971.4738,4263848.4432,0.43363911696925955
55,23,1818242.0735,4288117.9647,0.4240186693714723
55,24,1801231.74,4272735.3019,0.4215640831293781
55,25,1845444.1729,4264531.8607,0.43274249863315134
55,26,1848358.7121,4305721.4105,0.4292796806575928
55,27,1781377.1228,4295942.6394,0.4146650158831727
55,28,1894751.8492,4316371.8378,0.4389686339362577
55,29,1905056.0234,4306067.1067,0.4424120609815484
55,30,1829589.1201,4321602.0762,0.42335899692753853
55,31,1868370.7563,4306883.4978,0.43381037756289037
55,32,1905239.5053,4316090.6799,0.44142712621231184
55,33,1835784.4632,4319554.8232,0.42499390292262096
55,34,1764987.3868,4285387.3995,0.41186180437407616
55,35,1903461.6625,4321280.7068,0.44048553927651546
55,36,1950205.8484,4332122.3468,0.4501733082032077
55,37,1829716.1706,4302431.6886,0.42527489174276345
55,38,1871223.6806,4316163.4996,0.43353864624762606
55,39,1806377.5498,4284008.4477,0.4216559261851616
55,40,1929159.1654,4355703.5576,0.4429041462277497
55,41,1822415.2582,4287488.4541,0.42505426608374364
55,42,1797817.8817,4258236.676,0.42219773546941286
55,43,1946903.5084,4292316.5269,0.4535787368426191
55,44,1772444.9778,4273044.6872,0.41479673337126527
55,45,1860642.9083,4261104.3781,0.4366574350684292
55,46,1866876.4511,4300092.7723,0.4341479474875282
55,47,1903943.9307,4254080.8184,0.4475570662562286
55,48,1843515.1352,4340759.4212,0.42469875805518875
55,49,1885723.392,4321621.0022,0.4363463133486343
55,50,1825042.2196,4264555.6262,0.4279560122014947
55,51,1856396.0843,4349901.0398,0.4267674292621042
55,52,1914616.118,4306705.9005,0.4445662560282365
55,53,1823860.4899,4320089.5404,0.4221811776917771
55,54,1796868.1553,4307914.7262,0.41710857096863024
55,55,1863084.6476,4334070.1531,0.42986951797893824
55,56,1837016.1665,4332261.173,0.42403172226754393
55,57,1898268.7528,4329291.6796,0.4384709770757207
55,58,1911845.3409,4308752.3756,0.4437120479994566
55,59,1767319.979,4289989.7115,0.4119636870602318
55,60,1937292.3314,4335284.5285,0.44686624803154484
55,61,1816701.7269,4329413.165,0.419618469677749
55,62,1906721.462,4372917.9409,0.4360295545833118
55,63,1864498.8364,4304373.4425,0.43316381845277124
55,64,1852280.6156,4355550.2073,0.4252690308782427
55,65,1895594.5875,4331942.9121,0.43758531124803557
55,66,1837575.4057,4309506.0485,0.4264004702672597
55,67,1896634.9429,4330841.8985,0.4379367770402575
55,68,1861270.4198,4264429.5342,0.4364641049577505
55,69,1894415.3276,4267730.2377,0.4438929412326103
55,70,1836680.7186,4317333.6089,0.42542015164493213
55,71,1831080.9653,4276701.1094,0.42815266217116854
55,72,1856496.9583,4268712.6382,0.43490792556203417
55,73,1951600.2162,4275942.1131,0.4564140871367214
55,74,1891203.6262,4346344.7512,0.4351250842855597
55,75,1874158.9316,4252234.6811,0.4407468242357636
55,76,1789596.7971,4265463.5282,0.41955505779584035
55,77,1892551.1399,4308393.8398,0.43927069118357437
55,78,1830612.9792,4311667.7405,0.42457190335072387
55,79,1861619.003,4286058.6911,0.4343428630283695
55,80,1793521.5734,4260151.449,0.42099948672505516
55,81,1854794.3155,4323087.5378,0.4290438949667664
55,82,1831052.4361,4358498.5013,0.4201108330205588
55,83,1851050.3847,4297439.7415,0.4307332961122336
55,84,1928375.0769,4332472.4706,0.44509805659144586
55,85,1917381.0103,4338659.1528,0.44192939403008824
55,86,1821107.7613,4294601.2443,0.42404583282721797
55,87,1788031.6363,4351397.5886,0.4109097364452219
55,88,1883138.7707,4263626.6705,0.4416753426676455
55,89,1764424.42,4287942.4638,0.41148509684907403
55,90,1880261.5441,4320341.6192,0.43521131193513557
55,91,1915514.6131,4274752.9089,0.4480994934495312
55,92,1778333.4461,4299636.5546,0.4136008761478772
55,93,1825679.0329,4292235.4111,0.42534457177690566
55,94,1814863.4403,4316672.0089,0.42043116469311603
55,95,1906865.7176,4278259.3125,0.44571064498793167
55,96,1804679.3705,4286753.4485,0.4209897751715776
55,97,1800942.1948,4267308.815,0.4220323095599539
55,98,1851948.5756,4309223.3137,0.42976389033082474
55,99,1839771.7627,4307861.8073,0.42707306896018965
55,100,1787093.8322,4266732.6086,0.41884364363446275
55,101,1873968.5317,4284668.7662,0.4373660214957505
55,102,1764137.877,4248298.2451,0.4152575396595006
55,103,1850403.2493,4305363.1454,0.42979028407325764
55,104,1817573.9479,4229154.4596,0.4297724202941287
55,105,1772925.4984,4268595.4459,0.4153416553219867
55,106,1954414.1741,4298351.1754,0.45468927371159346
55,107,1843523.6059,4278540.6772,0.43087672760106954
55,108,1882010.4306,4339327.6217,0.43371014928407103
55,109,1799360.8873,4338118.0163,0.4147791462885749
55,110,1865231.0172,4291896.782,0.4345936335241531
55,111,1852097.2343,4326555.0409,0.4280766607131227
55,112,1897244.2583,4351647.5245,0.4359829806110024
55,113,1830065.4811,4335397.6821,0.42212170953912226
55,114,1874760.7349,4270716.2458,0.43898040211491873
55,115,1819163.5665,4346323.0506,0.4185523131440652
55,116,1908414.3326,4330424.8609,0.4406990985645161
55,117,1864662.9032,4323802.9356,0.4312552933084234
55,118,1834648.0442,4296605.0825,0.4269994586359567
55,119,1843574.5908,4321579.3304,0.42659741956636976
55,120,1896562.5583,4354041.1436,0.4355867332782914
55,121,1856371.8081,4282617.2944,0.433466658467805
55,122,1916792.7308,4267986.4094,0.4491093801466593
55,123,1825254.7763,4294518.1406,0.42501969174241006
55,124,1869495.7158,4294820.0758,0.4352908114437756
55,125,1804408.3074,4264373.1231,0.42313565330987724
55,126,1776164.5144,4297965.0024,0.4132570910670941
55,127,1937591.0635,4313814.9844,0.44915951901203194
55,128,1756839.0249,4317647.4929,0.40689728093573424
55,129,1893134.7551,4319810.4628,0.4382448654640543
55,130,1791858.7952,4305126.9374,0.41621508988121947
55,131,1850739.7052,4314813.388,0.4289269404667936
55,132,1818921.2769,4306629.4102,0.422353795428042
55,133,1806667.6445,4307246.611,0.41944838725650574
55,134,1885359.0355,4280914.8336,0.44041031153019294
55,135,1821844.9248,4302155.5694,0.42347258145620326
55,136,1874040.181,4323068.2222,0.43349771150414673
55,137,1821779.7985,4307327.0238,0.42294903276064555
55,138,1844841.2468,4333061.3955,0.42575931389200183
55,139,1810718.4741,4259945.3876,0.4250567341475089
55,140,1897630.8664,4340123.3993,0.43722970335499234
55,141,1829608.7271,4331283.198,0.422417247605706
55,142,1894821.793,4337594.1133,0.43683704457041456
55,143,1919686.5673,4329128.1322,0.4434349154559311
55,144,1859008.7039,4338114.1829,0.4285292238797793
55,145,1877893.927,4335632.7374,0.4331303043269617
55,146,1871531.6999,4316173.4858,0.4336090071581339
55,147,1893611.859,4296371.1979,0.4407468004453545
55,148,1893044.9894,4290620.069,0.4412054572432011
55,149,1837729.38,4296183.3987,0.4277585962824786
55,150,1864514.165,4296206.6795,0.43399079795132095
55,151,1904575.3368,4293070.4648,0.44363943066299705
55,152,1791808.6009,4295172.6617,0.41716800278543736
55,153,1886858.9396,4298790.4494,0.43892787094643254
55,154,1919762.0313,4322327.6288,0.4441500497344252
55,155,1927025.4238,4288126.3354,0.4493863457080831
55,156,1825181.7261,4261509.506,0.42829465088139124
55,157,1842200.8424,4321737.4317,0.4262639439609248
55,158,1827720.6389,4274766.909,0.42756030394358047
55,159,1945327.4759,4307646.668,0.4515986629895059
55,160,1859923.4242,4250445.6377,0.4375831577995293
56,0,165812.7889,420049.9748,0.3947453847103528
56,1,163435.3951,421320.653,0.3879121375519182
56,2,178198.4897,421007.5508,0.42326673087308436
56,3,167247.0367,424635.0679,0.39386063314814607
56,4,169432.0451,417905.2452,0.40543172656020066
56,5,174031.1159,417689.6514,0.41665173009838186
56,6,160660.4468,418220.3471,0.38415263129602045
56,7,160993.1314,420895.5325,0.38250140229274115
56,8,159550.8388,423477.4215,0.37676350780368584
56,9,167787.8134,417780.6819,0.4016169743343032
56,10,169124.3337,419101.0422,0.40354071374342193
56,11,169808.6268,419223.1053,0.405055505417535
56,12,163861.7163,419269.1283,0.39082704935707047
56,13,159709.4698,414881.113,0.3849523750192986
56,14,170020.7238,425651.1262,0.3994368000805257
56,15,163501.6767,420907.9212,0.3884499874315979
56,16,151761.3819,414905.0199,0.3657737906776288
56,17,179687.2512,420769.4503,0.42704443269796954
56,18,162378.6611,418460.5817,0.38803812880136807
56,19,165863.0603,419945.1089,0.39496366735752686
56,20,158379.6459,417430.5392,0.3794155698419489
56,21,166755.4688,418839.1773,0.39813722745558455
56,22,166164.169,421794.3938,0.3939458926966895
56,23,168434.2621,416150.674,0.404743456212689
56,24,171805.5309,420681.9431,0.4083976831379241
56,25,179369.3997,419943.5579,0.4271273992080449
56,26,168071.0025,422096.411,0.39818154838563646
56,27,170244.1681,420637.1012,0.404729320391199
56,28,162464.4906,417529.8294,0.389108703522968
56,29,171237.7253,423413.7859,0.4044217052026789
56,30,169877.5433,418821.221,0.40560872941058546
56,31,169460.9381,419035.4798,0.4044071355983542
56,32,172372.711,421892.1647,0.4085705434291987
56,33,179183.1493,423317.8617,0.4232827515957378
56,34,173458.6539,418086.6554,0.414886846206668
56,35,162668.6452,416380.0824,0.39067345455715297
56,36,158986.82,424584.832,0.37445242509275506
56,37,163266.3559,419652.4905,0.38905132126220515
56,38,164276.8341,421876.6681,0.38939540041370685
56,39,167744.9266,427451.6026,0.3924302203563665
56,40,164938.3925,418544.4054,0.39407620881318317
56,41,163266.5669,419258.7315,0.3894172133657758
56,42,160209.6826,418241.8086,0.38305515925411
56,43,162813.7953,420441.7913,0.38724455719918344
56,44,167043.147,415595.4255,0.40193692411082615
56,45,155467.5976,417411.5645,0.372456373570359
56,46,170354.2956,425632.7357,0.40023776676818235
56,47,164435.5331,417379.7887,0.39397100087707243
56,48,167725.2097,419258.9264,0.4000516128307292
56,49,166930.5017,425161.286,0.3926286498719453
56,50,172697.1625,420118.3185,0.41106791800129516
56,51,168097.6204,420470.6448,0.39978443793610585
56,52,159378.9742,419168.65,0.38022636998258336
56,53,172372.7268,418639.1826,0.411745326200625
56,54,158753.1914,416815.1019,0.38087197579056814
56,55,167425.3119,418829.6646,0.3997455912295473
56,56,164201.3882,426003.5807,0.38544602824743346
56,57,161400.7304,420531.2329,0.38380200511380375
56,58,170754.0181,421371.9339,0.40523348700419937
56,59,171785.8403,422255.0615,0.40682955863159026
56,60,170171.1519,422538.9988,0.40273478278521446
56,61,160548.4601,422685.3491,0.3798297254490764
56,62,163939.4937,419259.9363,0.39102112915147147
56,63,168278.4849,426588.4543,0.39447501029096654
56,64,158903.4365,416116.0808,0.3818728567146497
56,65,162109.3645,418482.3887,0.3873744006374718
56,66,167272.6922,414826.1925,0.4032356086097432
56,67,167625.7519,421013.3739,0.39814828290897675
56,68,170274.4676,420525.3171,0.40490895714492525
56,69,157164.1266,418005.2786,0.3759859854554478
56,70,171092.4535,418273.7491,0.4090442057818349
56,71,164915.7396,418796.3834,0.39378501376046027
56,72,152402.6793,420248.6166,0.3626488542258773
56,73,161537.5697,416194.2914,0.388130190725629
56,74,164652.0746,422482.4921,0.38972520205885236
56,75,162133.5122,423173.9348,0.38313681176187603
56,76,161356.2201,416476.2429,0.3874319912618478
56,77,157156.2783,421386.7208,0.37295023915713293
56,78,158052.779,420196.1887,0.3761404392766688
56,79,163621.9475,418583.3791,0.39089451628921595
56,80,169291.9161,421268.4658,0.4018623035989892
56,81,161998.3874,421450.5939,0.38438286656783854
56,82,164230.134,419741.3032,0.3912651262764746
56,83,166001.5912,415107.1521,0.399900580754171
56,84,160136.656,418594.6334,0.38255783333700044
56,85,169298.456,418264.9926,0.40476362831040336
56,86,178634.3446,420474.6526,0.4248397459761645
56,87,162847.0021,414872.8768,0.3925226526160796
56,88,160948.8034,416495.5251,0.38643585272940545
56,89,165151.4119,418427.1073,0.3946957762026428
56,90,174755.4345,423521.2868,0.4126249138984246
56,91,161399.8653,417125.9163,0.3869331992882457
56,92,157740.0273,424468.952,0.3716173504723144
56,93,168184.8542,427236.7515,0.39365727224896757
56,94,155840.9383,420535.2155,0.3705776176549476
56,95,160123.2539,414856.5372,0.3859725942387777
56,96,163361.9041,424594.3688,0.38474816461107997
56,97,155452.787,419723.0067,0.37036994522225697
56,98,171267.9858,426084.8941,0.40195742250323535
56,99,160853.4342,417508.9365,0.38526944009496666
56,100,167376.4573,416306.6454,0.4020508900096458
56,101,164106.6201,416698.6322,0.39382567500541943
56,102,169761.0997,418302.8342,0.4058330133590092
56,103,168970.3746,423531.2947,0.3989560552300788
56,104,167736.4142,420760.0361,0.39865101199899816
56,105,165335.0912,423615.7951,0.39029491608302874
56,106,165739.6843,418955.0259,0.3956025684235621
56,107,163035.1437,426191.6067,0.38253954591546396
56,108,167335.2637,420374.8106,0.3980620614759547
56,109,162575.2197,417744.555,0.3891737612235305
56,110,169370.3859,417726.9462,0.40545717110360546
56,111,173368.7086,422375.3926,0.4104611955085757
56,112,162972.7524,418485.581,0.3894345702677866
56,113,177295.1222,418600.3934,0.42354265546660136
56,114,170164.5262,421430.4869,0.4037783964129245
56,115,162166.9224,419788.0354,0.38630668033565396
56,116,174652.3215,419837.3564,0.41599995531031314
56,117,156093.0516,422221.8173,0.3696944241256289
56,118,164825.3505,422010.0239,0.39057212190546736
56,119,174798.8039,421047.6879,0.4151520336611258
56,120,171695.5156,420124.7763,0.4086774341473181
56,121,165503.7993,417730.4753,0.39619757017043283
56,122,174605.6605,421359.3838,0.4143865479518484
56,123,163433.3004,424963.2661,0.384582182596323
56,124,162124.171,418868.7362,0.38705245101555996
56,125,175641.2969,421161.9261,0.4170398272380776
56,126,154340.2547,423141.4024,0.3647486486186491
56,127,165240.0715,426214.1956,0.38769255741795383
56,128,171013.349,420392.5619,0.4067944214500147
56,129,164931.7782,418946.9039,0.39368181663270674
56,130,161566.5643,417765.841,0.38673952832826275
56,131,175130.8211,425706.2377,0.41138890058598737
56,132,161728.8435,415535.0985,0.38920621647559817
56,133,163814.7022,414784.3335,0.3949394636429777
56,134,173875.7931,423392.5596,0.4106727649259333
56,135,168869.4487,419092.3192,0.4029409296318118
56,136,163919.352,414866.0071,0.3951139625678915
56,137,177356.97,423682.1411,0.41860855767847704
56,138,163797.6264,416561.7207,0.3932133421303106
56,139,166402.3018,422719.2804,0.3936472962447823
56,140,161110.5214,417977.9792,0.38545217551499183
56,141,159478.2366,422321.7295,0.3776226167401126
56,142,167395.4292,420318.5713,0.3982584654355481
56,143,158626.8166,417846.402,0.37962949026422393
56,144,168515.8572,416081.5685,0.40500678222183734
56,145,169965.256,419575.6323,0.40508848206531084
56,146,153232.8846,423828.3528,0.36154467625319286
56,147,160090.6904,418676.0769,0.3823736278063897
56,148,160391.7208,419588.1318,0.38225990833423285
56,149,167572.5339,415785.8325,0.40302607929768747
56,150,159621.5367,420001.5926,0.38004983674435716
56,151,160952.0499,417180.5987,0.38580904865075644
56,152,165896.9148,424357.9154,0.39093630348246355
56,153,173439.3337,423409.889,0.40962513679032186
56,154,161684.2958,418000.0686,0.3868044719263474
56,155,164654.7733,420423.2551,0.39164049871797874
56,156,160836.3265,421493.1108,0.3815870826328106
56,157,170914.5906,417370.5879,0.40950319824872355
56,158,171627.7588,423164.2465,0.4055818992732412
56,159,168358.9182,418357.2958,0.4024285458630694
56,160,163184.7732,418405.7185,0.390015637895733
