state_fips,replicate,weighted_yes,weighted_denominator,proportion
01,0,1262635.5225,3429757.0989,0.3681413832206822
01,1,1277673.7542,3433140.332,0.37215890719377676
01,2,1312298.3123,3421865.721,0.38350374307396734
01,3,1363015.6524,3434460.6851,0.3968645378045181
01,4,1194789.2917,3425250.5731,0.34881806927738546
01,5,1185758.4513,3405442.0059,0.34819516798279004
01,6,1350482.5118,3425694.4504,0.39422153124085874
01,7,1302662.9843,3436900.117,0.37902264830351484
01,8,1161910.3302,3446747.8593,0.3371033732754598
01,9,1228336.1917,3433805.1267,0.35771866672016756
01,10,1259201.4747,3397874.212,0.3705850764731016
01,11,1279256.5091,3414368.5023,0.3746685538594508
01,12,1317458.504,3417166.3571,0.38554122519164374
01,13,1255985.5716,3446745.4987,0.36439753735044167
01,14,1228210.1023,3408365.1857,0.36035167459550077
01,15,1277211.1047,3407706.2665,0.3748008204978896
01,16,1268595.5042,3400592.445,0.3730513211206055
01,17,1346800.7246,3431140.1257,0.3925227986208328
01,18,1197044.6846,3442692.987,0.34770590613806596
01,19,1253794.389,3466969.4213,0.36163987524581864
01,20,1206827.0144,3424686.8277,0.35239047396649054
01,21,1308430.545,3431901.7263,0.38125524835777985
01,22,1328118.81,3428657.6217,0.3873582481943738
01,23,1357251.9777,3452636.3649,0.39310597301761047
01,24,1191355.3431,3412693.0267,0.3490953724167845
01,25,1181047.7893,3388250.629,0.3485715546516615
01,26,1323091.4198,3411893.9366,0.38778796890693473
01,27,1256890.2763,3464107.8953,0.3628323118934349
01,28,1176450.5566,3452015.4828,0.34080106606177707
01,29,1296752.6455,3427720.3495,0.3783134308751753
01,30,1279659.7005,3384975.5699,0.3780410446323558
01,31,1257576.9687,3414092.6167,0.3683488147183163
01,32,1264989.0067,3383182.247,0.37390507349159663
01,33,1296570.0594,3442332.6479,0.37665449333926937
01,34,1172675.7997,3419409.5517,0.34294686903386296
01,35,1347453.7221,3414926.0563,0.3945777155596562
01,36,1173892.176,3401785.4144,0.34508119501918927
01,37,1312175.5483,3417290.8243,0.3839812341897435
01,38,1253104.4437,3470290.8419,0.3610949343409844
01,39,1299359.0831,3469013.9333,0.37456150597352805
01,40,1233562.9368,3418963.0335,0.3608003142219408
01,41,1268637.5765,3432326.2466,0.36961450787397887
01,42,1346438.6761,3432101.4691,0.3923073627695153
01,43,1331051.0792,3429050.0348,0.38816904556414084
01,44,1170311.1275,3435474.4143,0.3406548809179411
01,45,1174695.8292,3418734.4446,0.34360546226556715
01,46,1330965.1413,3420602.9074,0.3891024995683192
01,47,1226449.0478,3440287.8372,0.3564960566782659
01,48,1168852.1915,3440550.6068,0.3397282368670433
01,49,1274077.7563,3441999.8345,0.37015625147032527
01,50,1358619.3424,3392886.5501,0.40043170390119787
01,51,1269339.3837,3438239.779,0.3691829148894272
01,52,1261656.5589,3410637.6848,0.3699180843871968
01,53,1178955.2395,3464559.5856,0.3402900745018724
01,54,1205367.2774,3415943.359,0.35286512413158544
01,55,1324456.0077,3417764.8942,0.3875210989344593
01,56,1198452.3805,3414778.6824,0.350960484401787
01,57,1298733.6443,3424311.3324,0.3792685647510197
01,58,1184533.8296,3445121.642,0.3438293194525176
01,59,1302794.7312,3447468.0012,0.37789900609563926
01,60,1259592.8516,3434223.3288,0.3667766277856286
01,61,1283879.8677,3437043.068,0.37354197846787063
01,62,1291128.2745,3468008.1608,0.37229678092861307
01,63,1336632.4554,3429659.3208,0.3897274715577925
01,64,1207517.4467,3409162.117,0.3541977193394936
01,65,1184837.583,3415202.8236,0.34693037110781333
01,66,1331409.7853,3413772.1401,0.39001132198032373
01,67,1246946.6515,3458443.1786,0.36055143517054167
01,68,1225283.9824,3442743.3521,0.3559033761992752
01,69,1340505.126,3469302.4646,0.3863903881769375
01,70,1272818.7584,3412447.3098,0.37299294109089076
01,71,1191700.6978,3444377.4814,0.3459843481834697
01,72,1238468.5038,3378983.8277,0.36652099179859
01,73,1231963.5874,3447645.5397,0.35733475881258964
01,74,1197208.6476,3394487.1286,0.3526920569275421
01,75,1275310.0406,3458606.778,0.3687351938104598
01,76,1200429.9164,3386045.7282,0.3545226534900167
01,77,1270273.0582,3432555.193,0.3700663170079433
01,78,1216151.0681,3455982.9105,0.35189730377574446
01,79,1318962.142,3465031.5097,0.38064939331942604
01,80,1272898.142,3448980.0583,0.36906509184846104
01,81,1275237.7603,3434477.2422,0.3713047635404128
01,82,1302783.9767,3430054.0525,0.37981441597121884
01,83,1377347.9713,3446264.5344,0.3996640297201673
01,84,1215606.8331,3432574.7848,0.35413848475578885
01,85,1229974.8118,3397611.8511,0.36201157333548484
01,86,1358967.7182,3423143.9253,0.3969940346814082
01,87,1233478.1746,3458056.5654,0.3566969340356413
01,88,1192172.4906,3446340.7843,0.34592414540982397
01,89,1267839.6198,3424146.5983,0.37026440994945997
01,90,1270413.0001,3396280.5984,0.3740600822848666
01,91,1238576.5977,3432388.6781,0.36084975038013894
01,92,1310422.9033,3400984.578,0.3853069231118401
01,93,1264635.4828,3442505.2123,0.36735906115159495
01,94,1236160.5538,3413954.8695,0.3620904789467956
01,95,1265220.0132,3435723.7828,0.36825428735976207
01,96,1217053.9823,3407433.0669,0.357176196393271
01,97,1273556.4323,3421020.3741,0.37227385196004464
01,98,1235741.5519,3448030.3235,0.35839056967620664
01,99,1270098.5291,3455634.6387,0.36754421745749355
01,100,1253792.4804,3406283.093,0.3680822897476067
01,101,1303035.9669,3430959.1478,0.37978766600457275
01,102,1331620.3441,3439231.1647,0.38718547266250875
01,103,1361583.8743,3426538.1616,0.39736428140762836
01,104,1204049.7935,3404215.8222,0.3536937304761934
01,105,1174047.7407,3389194.4827,0.3464090794119007
01,106,1310316.3352,3424019.5303,0.3826836627550413
01,107,1221657.0331,3448427.2501,0.3542649864701578
01,108,1237297.2561,3449406.1259,0.35869863128313756
01,109,1279907.4301,3415920.9664,0.3746888299493884
01,110,1313493.2798,3387337.479,0.38776569737827415
01,111,1206915.0984,3413432.7151,0.35357811304173964
01,112,1256759.7573,3412406.6379,0.3682913235901486
01,113,1290992.6999,3450518.7155,0.3741445290821811
01,114,1249146.074,3412606.7399,0.3660386822176305
01,115,1282827.7343,3419963.7946,0.3750997996895578
01,116,1184556.7458,3419257.1605,0.3464368692370543
01,117,1309960.4001,3433247.8517,0.38155136380595495
01,118,1205630.8259,3454008.5294,0.3490526487233173
01,119,1281149.0758,3445403.8111,0.37184293802443225
01,120,1312906.3333,3425542.2543,0.38326963611438175
01,121,1285940.2167,3434459.2558,0.3744229064672545
01,122,1324835.9322,3435914.1802,0.38558469819606583
01,123,1435582.2852,3446779.534,0.4164995965187253
01,124,1151250.118,3431394.1682,0.33550506341389197
01,125,1165823.8677,3403289.155,0.34255798276417687
01,126,1351894.8514,3421501.4678,0.3951174255287572
01,127,1240620.6823,3470190.5223,0.35750794497523203
01,128,1168508.0956,3456218.6696,0.338088589671103
01,129,1254790.723,3444734.669,0.3642633884961199
01,130,1308037.9848,3382791.4979,0.3866741375021238
01,131,1231016.7762,3410722.3402,0.36092553231050023
01,132,1239929.8239,3413249.8384,0.36326957668039656
01,133,1248929.7366,3457106.4515,0.3612644719279915
01,134,1215212.0458,3422260.1492,0.35509049365638445
01,135,1309443.2918,3402576.2357,0.38483878129202675
01,136,1184807.548,3411613.1798,0.3472866018384468
01,137,1342522.4409,3427198.6725,0.3917258872887825
01,138,1188683.8014,3462906.9888,0.3432618332645181
01,139,1278384.8562,3459762.7185,0.36950073175950376
01,140,1225233.9426,3405698.1333,0.3597599947628923
01,141,1284674.7625,3440258.1091,0.37342394720379907
01,142,1330037.7765,3460350.6605,0.38436502741829565
01,143,1350205.506,3426753.1885,0.3940188953587954
01,144,1196614.8613,3422005.1971,0.34968236235119654
01,145,1146367.3957,3393911.6037,0.3377717305454404
01,146,1335741.3733,3414411.4347,0.3912069177501926
01,147,1256641.5325,3456153.4765,0.3635954077399896
01,148,1176480.6627,3449080.2324,0.34109982471511263
01,149,1246249.6274,3474709.9336,0.3586629247376668
01,150,1276309.2548,3417889.0456,0.3734203298503939
01,151,1228742.0974,3424978.3714,0.3587590822939233
01,152,1233081.0766,3393305.7246,0.3633863779678604
01,153,1272288.552,3449847.0436,0.3687956410590122
01,154,1187682.7292,3402591.4854,0.34905240146992816
01,155,1294186.9421,3434974.6963,0.3767675329585513
01,156,1209915.2006,3409985.1973,0.35481538206030966
01,157,1351126.6088,3431338.7907,0.39376077129485876
01,158,1204878.8984,3450920.3032,0.34914712382164526
01,159,1286460.0399,3487063.2082,0.36892363662202227
01,160,1260755.1605,3452767.9616,0.36514332110396747
09,0,1129842.2358,2573329.4326,0.4390585291905078
09,1,1129732.8379,2573071.7546,0.43905998186032863
09,2,1131311.9217,2561316.9668,0.4416914955720661
09,3,1146207.3374,2575583.1515,0.4450282790258422
09,4,1152099.1999,2582925.1681,0.44604435859343317
09,5,1107011.7943,2580166.297,0.4290466841564205
09,6,1133890.0088,2573531.5964,0.44059688654537943
09,7,1104279.7585,2554533.1855,0.43228240868746387
09,8,1095247.5566,2562959.2256,0.4273370975473079
09,9,1116132.8751,2564872.1331,0.4351612155226624
09,10,1138926.0479,2578616.9519,0.44168097439241844
09,11,1164715.2374,2577436.4156,0.45188902831919775
09,12,1142258.3144,2576597.4451,0.44332044051827735
09,13,1110096.9354,2558690.7829,0.4338534936768815
09,14,1192110.8256,2584361.765,0.4612786188624022
09,15,1111982.5445,2594131.9171,0.4286530446543728
09,16,1133586.1373,2568886.5543,0.44127528146484957
09,17,1126515.7152,2570023.0492,0.4383290319324814
09,18,1132800.7328,2566084.7397,0.4414510227485454
09,19,1172734.798,2597539.9715,0.4514790189437514
09,20,1171515.5787,2574394.0937,0.45506458454317733
09,21,1123447.3318,2563551.0562,0.43823871932759834
09,22,1137864.3109,2576837.3546,0.44157397395251186
09,23,1165677.7043,2559876.4829,0.45536482407910633
09,24,1135724.1898,2586112.1608,0.43916277376332735
09,25,1143677.4624,2578029.9437,0.44362458442146296
09,26,1107134.5165,2569823.8642,0.4308211671326575
09,27,1134694.4984,2579361.7761,0.4399128919851097
09,28,1113023.8264,2593121.191,0.42922167705196157
09,29,1155436.1029,2577063.2344,0.4483538034599342
09,30,1109228.001,2567731.6845,0.4319875038719218
09,31,1148334.2964,2580733.2626,0.44496434910250765
09,32,1119912.9009,2574254.9981,0.43504349869246933
09,33,1133067.6517,2568156.4348,0.44119884456658487
09,34,1126086.7086,2572572.3901,0.4377278994882734
09,35,1133265.462,2575745.3144,0.43997574436585374
09,36,1112971.2692,2560624.2119,0.4346484205014089
09,37,1169748.6763,2562578.761,0.4564732581501326
09,38,1166829.2287,2582144.9196,0.45188371103537966
09,39,1108715.1164,2586297.5731,0.4286881478495403
09,40,1107044.4045,2593664.8034,0.42682632044387175
09,41,1131593.621,2573378.3906,0.4397307543785512
09,42,1098154.3595,2576396.2864,0.42623658685459903
09,43,1105983.4364,2563602.9614,0.431417599781526
09,44,1141156.731,2571617.2905,0.4437506059768811
09,45,1130572.4001,2557616.0821,0.44204148074159466
09,46,1124142.1371,2568116.8355,0.4377301381154393
09,47,1111350.8567,2563081.5882,0.43359948501697093
09,48,1116203.6071,2566441.3,0.43492271072009325
09,49,1112662.9568,2579990.1327,0.4312663613312276
09,50,1148154.3619,2568132.2206,0.4470775891872707
09,51,1129304.1919,2579135.166,0.4378615773175806
09,52,1110315.9345,2553910.9329,0.43475123591691645
09,53,1117021.463,2577407.5681,0.433389533275655
09,54,1133192.8536,2569708.9484,0.44098101238491216
09,55,1151051.8121,2584502.7021,0.44536684413784117
09,56,1104150.9572,2577980.7443,0.42830069993397507
09,57,1163616.2087,2584515.3028,0.4502260858890512
09,58,1131672.6175,2580848.2299,0.43848863501123
09,59,1142190.7751,2573488.3508,0.44382978253813976
09,60,1120361.7502,2567129.6406,0.43642585574219167
09,61,1132406.0506,2575189.2538,0.4397370208535156
09,62,1103066.254,2580114.7032,0.42752605247817727
09,63,1132798.5399,2568197.0496,0.44108708094514587
09,64,1132655.0101,2574780.3613,0.43990354560888656
09,65,1105733.2174,2578077.5573,0.4288983526771885
09,66,1150347.0158,2580138.0441,0.44584708110114407
09,67,1097483.171,2587833.065,0.424093495768051
09,68,1115186.4832,2555702.7676,0.436352183570723
09,69,1107660.8208,2565702.3781,0.43171835917315743
09,70,1107855.5348,2576507.849,0.4299833727384077
09,71,1133281.2829,2566177.3382,0.4416223563469391
09,72,1101086.4549,2563369.5026,0.429546522178398
09,73,1153744.4338,2582086.9951,0.4468263214947633
09,74,1132508.4719,2570307.8534,0.4406119953304112
09,75,1064876.5083,2549425.4211,0.4176927473487489
09,76,1147209.8962,2575264.3215,0.44547267891002
09,77,1151774.8614,2577985.2163,0.44677326080754687
09,78,1142250.0151,2577306.0515,0.4431953335286692
09,79,1123886.2276,2552907.4001,0.4402377569809137
09,80,1129046.1033,2582624.0205,0.4371701394930165
09,81,1132900.5701,2572269.433,0.44042842307491664
09,82,1120229.5737,2577820.7923,0.43456456594893916
09,83,1134711.0046,2582047.6071,0.4394616898154093
09,84,1188202.1698,2584890.1362,0.45967221320545343
09,85,1107394.5276,2564777.7495,0.43177017104732957
09,86,1147540.3352,2569002.1895,0.4466871767919137
09,87,1111431.9183,2588633.2122,0.4293508686599242
09,88,1119605.7736,2570078.1462,0.4356310236151371
09,89,1133392.0183,2573827.0542,0.4403528265236462
09,90,1118964.5474,2574918.9734,0.43456301303434247
09,91,1107947.8277,2563953.8094,0.43212472223096515
09,92,1092332.9803,2559854.2267,0.4267168688383345
09,93,1164350.1028,2578832.6167,0.4515027827940067
09,94,1078191.465,2557510.5266,0.42157850526361934
09,95,1147137.0665,2569411.9954,0.44645898304892767
09,96,1113369.3771,2575234.3571,0.43233710905976636
09,97,1102533.5547,2566303.999,0.4296192326122
09,98,1132225.378,2572593.113,0.440110553152989
09,99,1156150.4719,2576442.0761,0.4487391673288005
09,100,1167382.0857,2568503.9246,0.45449885223819525
09,101,1119119.4826,2562386.1802,0.4367489534745501
09,102,1142646.2388,2576091.5319,0.44355808970702204
09,103,1103967.578,2564371.6587,0.43050217555424586
09,104,1112821.035,2561159.1048,0.4344989863825347
09,105,1168442.7031,2578514.6363,0.45314565473114354
09,106,1113295.9908,2598676.3297,0.42840887034535874
09,107,1120036.3416,2561539.1851,0.4372513011376302
09,108,1150494.8885,2581564.8982,0.4456579376726823
09,109,1118253.9676,2570044.0227,0.43511082211938173
09,110,1119655.9227,2581246.6835,0.4337655636933625
09,111,1112177.5374,2563383.3222,0.4338709422691741
09,112,1133170.1875,2581531.5615,0.43895267615537925
09,113,1125764.5697,2573027.2248,0.4375253238090029
09,114,1101423.5153,2570586.8317,0.4284716243456356
09,115,1143923.9685,2594754.7253,0.4408601542744052
09,116,1125203.6215,2570734.1262,0.43769739158644544
09,117,1100857.3108,2564571.2579,0.42925588727896663
09,118,1094837.7583,2559611.4667,0.4277359171669631
09,119,1152156.3454,2574182.3458,0.44758148049606594
09,120,1165217.9011,2589947.4827,0.44990020410964837
09,121,1152282.4736,2577374.9188,0.447076001708161
09,122,1177824.1175,2578439.583,0.4567972525963196
09,123,1135150.509,2580074.3719,0.43996813478057245
09,124,1122545.3681,2571627.4246,0.4365116646998757
09,125,1124041.8031,2567228.0115,0.43784260613580483
09,126,1096157.9816,2572498.4404,0.42610637362701664
09,127,1162825.3325,2551944.1742,0.45566252751768366
09,128,1153845.1971,2578947.3658,0.4474093625955303
09,129,1141968.5916,2579970.9896,0.4426284621816819
09,130,1131277.5651,2568958.5439,0.44036427438123593
09,131,1146967.1073,2579012.8679,0.4447310525573047
09,132,1113144.9328,2559996.2628,0.43482287414845516
09,133,1133468.718,2571169.2799,0.44083784247923335
09,134,1116425.738,2550832.7851,0.4376710792339267
09,135,1127047.2881,2575500.5881,0.43760319578550205
09,136,1104507.1156,2584531.2451,0.427352974623166
09,137,1145358.815,2564657.8743,0.44659321872030017
09,138,1129544.7621,2567621.5244,0.4399187151867919
09,139,1135102.1993,2574438.0029,0.4409126178301258
09,140,1174654.9263,2577872.5776,0.4556683431551159
09,141,1119092.4094,2578594.9748,0.433993093268476
09,142,1153945.8553,2575678.2575,0.4480163048082103
09,143,1102006.6257,2577463.6379,0.4275546740973094
09,144,1129473.8033,2578714.3547,0.4379988040324845
09,145,1133811.6276,2571019.2482,0.44099694251367216
09,146,1160177.4738,2569196.8852,0.45157203812727087
09,147,1070775.5916,2589933.7137,0.41343745051694064
09,148,1123986.6878,2567159.1581,0.4378328800742851
09,149,1110217.7967,2566079.9825,0.43265128299639816
09,150,1132411.9482,2584102.3055,0.43822256796481157
09,151,1122230.5803,2577489.8912,0.4353966951069298
09,152,1160937.0185,2566183.4103,0.45239830241295204
09,153,1100532.0512,2557333.728,0.4303435406769093
09,154,1104856.6634,2576762.1427,0.42877712501717435
09,155,1100910.1367,2579967.4326,0.4267147417401861
09,156,1109034.814,2570341.4548,0.4314737296591183
09,157,1114093.148,2590053.1345,0.43014297010361197
09,158,1154373.4994,2580511.0119,0.44734298519813265
09,159,1177873.6804,2567632.4303,0.45873921301982395
09,160,1159410.241,2564529.2935,0.45209475436237595
10,0,257694.786,657614.8306,0.391862795680691
10,1,257582.9476,657871.7942,0.39153973444511597
10,2,255024.44,653794.6395,0.39006811098211824
10,3,259538.577,652107.1607,0.3979998881186952
10,4,263473.8998,661017.9397,0.39858812291777806
10,5,262507.126,658332.2289,0.39874567046279996
10,6,254738.543,653195.1897,0.389988394000569
10,7,259196.3141,663333.9241,0.39074786420982927
10,8,263427.0656,660824.1937,0.398634111933847
10,9,259283.8109,651141.5425,0.3981988461441162
10,10,259610.8004,658602.5479,0.3941843244120253
10,11,255642.8364,663798.6135,0.3851210761831457
10,12,260001.6796,658039.7877,0.3951154390052393
10,13,266894.6866,662462.6455,0.40288262049637336
10,14,262983.3724,654512.5767,0.4018003347253327
10,15,261367.1188,659430.7219,0.3963526571023715
10,16,259263.0099,660033.0646,0.3928030636724559
10,17,260088.1305,652655.5901,0.39850747384259627
10,18,249337.9126,651867.7456,0.38249769877860945
10,19,250946.6439,659109.3104,0.3807360022690403
10,20,262122.5328,651687.1124,0.4022214461701851
10,21,250877.3993,659698.6727,0.38029089595286675
10,22,257757.8685,661290.2383,0.3897802410672603
10,23,254812.9596,656166.3387,0.38833592120076854
10,24,268592.5557,656345.8289,0.40922413744922637
10,25,258895.9018,662955.9835,0.3905174826738705
10,26,256348.9527,656591.3753,0.3904238805800226
10,27,260970.7253,660854.9811,0.3948986279343942
10,28,251874.0923,658792.5015,0.3823268961418195
10,29,252223.7958,659986.8622,0.3821648736449651
10,30,257132.9845,659071.2324,0.39014445155442956
10,31,250546.5914,657421.4339,0.3811049936624222
10,32,263358.951,655354.9086,0.4018569900736683
10,33,260200.7667,659977.8792,0.3942567999633646
10,34,252412.8321,653439.2188,0.38628356676163433
10,35,255163.4098,661412.5411,0.38578556338776987
10,36,256004.8854,655061.2461,0.390810610342409
10,37,247529.2644,655694.2497,0.37750714530934526
10,38,260330.1288,657001.116,0.3962400100398003
10,39,253157.8163,652875.0285,0.3877584610360082
10,40,246043.1009,657176.2247,0.37439440389420403
10,41,253041.7509,658494.9507,0.3842728795885359
10,42,254876.9769,656410.3892,0.3882890659464291
10,43,256942.9765,655365.4467,0.392060609532895
10,44,259047.7387,657753.2231,0.39383727757213327
10,45,255214.8831,657197.27,0.38833831902557964
10,46,252857.9626,658153.3389,0.38419308640538447
10,47,259102.0244,653576.7377,0.39643703555271137
10,48,252710.4098,655226.1289,0.38568426784849486
10,49,266415.7685,655925.0397,0.40616801063403585
10,50,267635.8456,653865.6632,0.40931319789786447
10,51,252320.5253,658951.3782,0.3829122051299778
10,52,247905.3987,660504.7376,0.37532720749405263
10,53,259228.0867,657066.9283,0.3945231079742353
10,54,269441.0884,659291.3674,0.40868287031055095
10,55,245772.9376,653769.6278,0.3759320212336117
10,56,271033.9351,658267.1589,0.41173850379063776
10,57,257908.5411,662624.4523,0.3892227946082997
10,58,263066.656,661644.0326,0.39759544866784613
10,59,259259.5408,659613.127,0.39304787941250297
10,60,253828.4314,658022.567,0.38574426490755903
10,61,255784.1218,656389.8871,0.3896832154591554
10,62,249427.4529,662333.5871,0.3765888636149462
10,63,274436.2585,663917.9759,0.4133586805327528
10,64,250380.7603,657748.3693,0.38066344515071077
10,65,251136.7733,655421.529,0.38316833089564256
10,66,260520.5476,661726.6688,0.3936981232333249
10,67,255824.9126,658394.5644,0.3885586644129348
10,68,260923.8037,655952.9594,0.39777822473530255
10,69,272950.6371,660609.0526,0.41318028571623605
10,70,258632.3086,658244.752,0.39291207079764157
10,71,257771.0863,655504.9277,0.3932405011880737
10,72,247198.9021,652667.9153,0.378751423664475
10,73,253343.0869,653687.5436,0.38755991204113255
10,74,256694.7509,658116.4218,0.3900445914993577
10,75,254860.9336,653009.121,0.39028694302112205
10,76,260755.4648,655872.6004,0.3975702974037517
10,77,268239.5103,660727.0441,0.4059762842996364
10,78,258524.3259,656589.9102,0.39373789009528404
10,79,262107.1382,659760.1426,0.397276405887572
10,80,252755.1808,660245.9541,0.3828197344193313
10,81,257693.5997,657809.5111,0.391745019419194
10,82,250891.4669,660353.9409,0.37993483700280284
10,83,250509.3095,658762.3298,0.38027266916742875
10,84,259386.5366,655033.7976,0.39598954672319947
10,85,263504.1786,658999.3364,0.3998549983972336
10,86,256305.2284,657631.0408,0.38974016203403034
10,87,266300.586,656020.0274,0.4059336222636791
10,88,257443.0612,653559.5622,0.39390910345401414
10,89,263977.612,659554.4247,0.4002362839428617
10,90,269440.0206,660325.7067,0.4080410892172222
10,91,253003.7231,654462.2189,0.3865826258469754
10,92,260354.5457,657457.3219,0.39600219972848705
10,93,257815.4584,658771.4621,0.3913579643813778
10,94,254646.3825,660549.2715,0.38550702193908937
10,95,252892.6111,656887.4195,0.38498622989688724
10,96,255310.8025,658881.5796,0.3874911826416463
10,97,256111.3611,664678.6026,0.3853160912630227
10,98,258020.6033,659159.3939,0.3914388624174624
10,99,256518.4267,653117.1882,0.3927601835238303
10,100,258387.2218,658486.9247,0.39239537203828095
10,101,259616.682,657114.996,0.3950856145124407
10,102,247504.7877,653823.1988,0.37855002415677513
10,103,252491.5714,657520.6406,0.38400554417515576
10,104,254602.2922,656219.9482,0.3879831646361402
10,105,258330.6938,657573.3662,0.39285455749652287
10,106,252490.3758,659733.7451,0.38271556923578076
10,107,262929.2602,655937.1577,0.40084519852777356
10,108,259832.5962,658838.8448,0.39437959411588114
10,109,259185.0895,650760.2396,0.3982804629540861
10,110,265714.6793,653025.1658,0.40689806950162716
10,111,261166.7116,660695.4276,0.3952906296759121
10,112,255831.7686,657648.601,0.38900982714931676
10,113,259084.8809,656714.7408,0.3945166216071025
10,114,247723.4415,664639.3705,0.37271857866867064
10,115,267460.1159,658233.1816,0.4063303451975354
10,116,262015.4059,655087.9188,0.39996983363693195
10,117,254176.6369,653160.6141,0.38914875057222165
10,118,259207.0204,659969.4051,0.39275611626379014
10,119,253280.2213,659713.8055,0.38392439143825074
10,120,258745.0914,658969.028,0.3926513696482864
10,121,257521.8929,658219.7215,0.39124001376491724
10,122,243153.3179,656710.7776,0.3702593686502641
10,123,254830.2577,660677.933,0.3857102605847137
10,124,267382.5947,654392.893,0.408596422058025
10,125,260700.6316,655695.5765,0.3975940069499615
10,126,274980.8022,661551.3748,0.41566054077528314
10,127,250611.536,659588.1208,0.37995156082562365
10,128,271138.2312,657613.6323,0.41230628119994345
10,129,254460.0751,663962.2977,0.38324476552578807
10,130,259578.3824,661588.5096,0.39235624354622256
10,131,253469.575,661976.736,0.38289801018022485
10,132,254904.6218,649676.2749,0.3923563652362642
10,133,247527.1633,655324.1676,0.3777171292286093
10,134,257321.2182,651074.2704,0.39522559852028827
10,135,256542.6972,664203.325,0.38624121190600785
10,136,249576.1957,655078.5898,0.38098664738256416
10,137,257917.938,657803.9417,0.39208937747233324
10,138,264881.5463,654896.6216,0.4044631435918221
10,139,258563.8106,653048.7085,0.39593342308860874
10,140,249967.7641,656736.2916,0.3806212132589872
10,141,259089.8251,658168.6985,0.39365260865562113
10,142,253995.1052,648933.2482,0.3914040556629319
10,143,241587.856,651709.1502,0.3706988860381356
10,144,258815.8862,659656.9933,0.39234918878862735
10,145,250911.8107,657773.0401,0.3814565137267626
10,146,251152.4613,659622.3643,0.3807518891002526
10,147,266716.521,660286.0359,0.4039408778900696
10,148,263184.673,656861.6315,0.40066988293865663
10,149,263155.5937,656805.5985,0.40065979081327824
10,150,266080.5045,658853.5639,0.40385378341883776
10,151,265352.9377,661021.4732,0.4014286198834486
10,152,258440.4942,662828.0861,0.38990576835787466
10,153,257156.9814,656130.6748,0.3919295214758644
10,154,260258.0745,652590.9313,0.39880737230220226
10,155,255565.3453,658440.4837,0.38813735125138693
10,156,254962.5849,659566.5565,0.38656081389717944
10,157,260698.8223,658120.8262,0.39612607886196083
10,158,253780.2086,658957.8514,0.3851235827311671
10,159,259728.2065,652957.5744,0.3977719482596755
10,160,258965.8846,657013.5875,0.3941560563235688
11,0,193475.1671,468156.7873,0.41327002480478614
11,1,193502.659,468216.6689,0.41327588668426407
11,2,191803.3066,466668.6399,0.4110053476940309
11,3,191817.6733,468753.4616,0.40920801447581245
11,4,193155.5467,463365.8221,0.41685324529247364
11,5,185298.4169,467689.8055,0.3961993926763067
11,6,195778.0425,464893.5625,0.4211244428664249
11,7,193775.0811,462748.9402,0.4187477577285222
11,8,194033.4879,469097.2232,0.41363171279586464
11,9,190752.2832,470024.1629,0.4058350575491233
11,10,204451.2061,472454.0836,0.4327430182042774
11,11,192980.8731,468057.5117,0.41230162592431696
11,12,191362.959,464586.4299,0.4118995878575058
11,13,193058.3197,468450.2982,0.41212124411451595
11,14,198473.4432,469421.8202,0.4228040424610837
11,15,192838.308,466330.3466,0.4135229658673901
11,16,186795.5368,465155.4683,0.40157656854530843
11,17,199002.721,466689.6133,0.4264134348155633
11,18,190695.2214,469442.218,0.4062165993770931
11,19,189676.4153,465099.7636,0.40781877383005405
11,20,189099.8367,467635.0429,0.4043748208588326
11,21,193640.7383,465542.6108,0.41594632544428733
11,22,198870.6378,471572.8679,0.4217177266487091
11,23,190234.4019,463830.5787,0.4101376895701422
11,24,189641.5694,465006.4727,0.40782565519759484
11,25,190833.2232,467756.9521,0.4079751724549515
11,26,197487.5199,471084.3338,0.4192190351714048
11,27,195308.0746,468245.0718,0.417106524686332
11,28,189083.227,462761.2693,0.4085977793388337
11,29,200864.794,471214.0967,0.4262707661054572
11,30,187188.1335,466102.5209,0.4016029201870811
11,31,184440.2654,463603.3181,0.3978406931078434
11,32,193318.9132,467138.0091,0.41383683073114336
11,33,191030.6749,465002.6692,0.41081629752502935
11,34,185071.8707,469593.7146,0.39411062147125253
11,35,193825.322,461413.0873,0.4200689736266178
11,36,204435.2491,470909.9049,0.4341281569420648
11,37,191130.1495,466436.5486,0.4097666661707221
11,38,186779.8214,465235.0476,0.40147409865945793
11,39,201354.3436,470377.3124,0.4280698458278788
11,40,188371.2032,471079.6132,0.3998712699970435
11,41,196346.4061,468528.0096,0.4190707963599195
11,42,193424.6769,462043.4093,0.41862879765570116
11,43,188606.7667,468975.9463,0.40216725012875143
11,44,194844.0688,466438.8316,0.41772694638573915
11,45,190211.3769,467052.8689,0.40725876997176924
11,46,188404.2947,470429.9009,0.4004938766425253
11,47,199868.9653,472381.6624,0.4231090688079174
11,48,194448.4235,472452.8236,0.41157214813182885
11,49,190801.3262,466038.8088,0.4094108099951868
11,50,195463.0663,470097.1765,0.4157928957482262
11,51,197330.3456,469612.0089,0.4201986786117726
11,52,192151.7577,467145.3918,0.4113318060563602
11,53,190446.9182,474204.4411,0.4016135271914053
11,54,200324.7136,466472.8485,0.4294456027701685
11,55,197566.5439,467656.5525,0.4224607628051999
11,56,186944.0591,465757.3639,0.40137649684082644
11,57,200882.4388,473960.0785,0.4238383102554913
11,58,195871.5487,469480.6284,0.4172090110885606
11,59,189065.3918,468030.1884,0.40395982243439404
11,60,191484.6049,473000.2566,0.4048298118830238
11,61,194326.5206,467425.4643,0.41573798485929
11,62,195522.4139,472961.4954,0.4134002784616534
11,63,196278.9104,470171.7143,0.4174621833476808
11,64,198876.6674,475002.8774,0.41868518457947346
11,65,188333.1856,468808.0527,0.40172771033973326
11,66,200994.7925,469164.8016,0.4284097865281972
11,67,195518.6916,474591.634,0.41197247821692534
11,68,189014.8409,466847.345,0.40487504732408836
11,69,186364.1165,462015.3022,0.4033721731998512
11,70,192492.9844,467502.5169,0.4117474825085803
11,71,196657.4287,467584.0749,0.4205819643067574
11,72,195529.6787,474222.1189,0.4123166569150092
11,73,197253.3297,469230.4836,0.4203762044329381
11,74,193173.4042,468864.9127,0.41200226113656896
11,75,196543.7485,471364.914,0.41696728513824005
11,76,196231.4131,467143.8159,0.4200663830301173
11,77,193241.8435,464589.7214,0.4159408497408914
11,78,204106.0098,468306.0146,0.4358389673349286
11,79,195578.3034,465063.6357,0.4205409504994329
11,80,187881.1526,469217.0481,0.4004141651732112
11,81,194366.2518,468143.0343,0.41518561114687935
11,82,188213.2115,465801.8691,0.40406280864363325
11,83,190615.1207,466581.7363,0.4085353237603784
11,84,195337.6804,470158.0032,0.4154724136789936
11,85,203231.6484,467217.3434,0.43498309998737944
11,86,194520.9924,470089.7124,0.4137954676925195
11,87,186137.5896,467628.781,0.3980456232868182
11,88,199816.0539,464398.5907,0.4302684329829944
11,89,191037.1938,462817.2366,0.4127702658687021
11,90,184637.0477,470919.1475,0.3920780216310911
11,91,197951.2519,467090.603,0.4237962627135104
11,92,197569.04,468076.2658,0.4220872845631901
11,93,191812.2611,468537.9296,0.409384702885749
11,94,204767.8145,474005.3437,0.43199473850151027
11,95,194423.3664,466227.5783,0.4170138692973152
11,96,192228.0147,463959.2386,0.41432091163880963
11,97,196761.3388,471025.6944,0.41772952333447055
11,98,192927.2543,471128.6249,0.4095001749064813
11,99,195792.326,468938.4933,0.4175224017592927
11,100,184950.3567,468271.4395,0.3949639911788812
11,101,191462.7335,466966.5529,0.41001380572325785
11,102,193251.0002,470086.4811,0.41109669809647287
11,103,192256.9861,467654.3156,0.41110918831858634
11,104,189904.98,466997.5159,0.4066509425302063
11,105,198633.1859,467185.2574,0.4251700642384183
11,106,193343.36,469964.8896,0.4113995838381881
11,107,193611.797,471009.6376,0.4110569753658051
11,108,189798.242,469536.2247,0.40422491815464817
11,109,195008.2063,468204.4873,0.416502215569432
11,110,194488.6239,469525.511,0.4142237628063622
11,111,198083.2038,469993.1874,0.4214597341203929
11,112,194802.3729,466415.2239,0.4176586931942982
11,113,197515.267,470946.1476,0.41940096124909887
11,114,182804.917,464918.0967,0.39319811015650663
11,115,190522.4361,469706.6397,0.40562006153816776
11,116,192184.9857,465281.9649,0.4130505805040285
11,117,193952.2727,471705.967,0.41117197209421774
11,118,201282.6581,466986.6848,0.431024405302273
11,119,182898.9285,469056.7809,0.3899291854369182
11,120,201666.1738,467470.8973,0.43139835006794125
11,121,194605.5522,468225.3202,0.41562372602334974
11,122,198936.9862,467147.9603,0.42585433975189296
11,123,188818.234,465650.6367,0.40549334440542817
11,124,190379.0303,468518.714,0.4063424247766547
11,125,193699.7255,470608.1755,0.4115944762204838
11,126,192180.2818,468014.9443,0.41062851547922247
11,127,192268.1838,470861.7791,0.4083325347992765
11,128,199046.3537,468593.4205,0.4247741111849435
11,129,186099.0204,466977.9978,0.3985177487520591
11,130,197800.6462,469049.9296,0.42170488410195894
11,131,194186.9812,462293.4867,0.42005130244462086
11,132,187405.9977,469765.0463,0.3989355938166573
11,133,193534.7203,467403.0523,0.4140638777339024
11,134,202864.4606,469966.7268,0.43165707066392256
11,135,187011.9632,467036.3864,0.40042268364039396
11,136,190967.733,469591.1024,0.4066681247238214
11,137,203242.0414,467100.9353,0.43511375388162277
11,138,195015.0597,468225.1047,0.4164985126650771
11,139,193294.3311,466163.067,0.41464960393355227
11,140,194198.8097,468971.0698,0.4140955001399534
11,141,191596.2592,467055.2808,0.4102218025922382
11,142,189702.8614,473179.5627,0.40091093604622413
11,143,197922.9226,465999.9042,0.42472738903193963
11,144,188744.2353,463243.9424,0.40744026640077224
11,145,195046.3306,466537.5434,0.4180721002184623
11,146,186250.692,466525.17,0.3992296750033873
11,147,192389.8708,471417.98,0.4081088947858968
11,148,196514.6192,469727.611,0.4183586712768307
11,149,187826.5583,469489.589,0.4000654385117792
11,150,195871.8274,466566.0107,0.41981589508873324
11,151,197524.7998,467624.6411,0.4224003237625794
11,152,189349.535,468219.8908,0.40440301388409106
11,153,191807.8143,465436.3562,0.41210320540060985
11,154,190881.1003,468438.4091,0.4074838796134064
11,155,189819.3911,468224.4823,0.40540253292090617
11,156,189811.1178,472905.035,0.4013725880503683
11,157,196527.3111,467405.9508,0.42046386179642964
11,158,197367.5932,466793.172,0.42281593870443335
11,159,185140.6718,465665.5828,0.39758289776703676
11,160,200797.6011,469312.9422,0.4278543867951315
12,0,4596554.8506,13671204.4257,0.33622164569195556
12,1,4563527.8609,13655083.6296,0.33419992031448875
12,2,4565280.4657,13652747.8885,0.33438546606031105
12,3,4467516.9901,13640920.7607,0.3275084628429983
12,4,4604140.4588,13656830.8132,0.33713095825642586
12,5,4522693.9351,13578971.5367,0.33306601482126075
12,6,4706040.0021,13714336.5235,0.3431474788471199
12,7,4589672.0634,13642297.4497,0.33642955523601553
12,8,4618583.3612,13769119.6675,0.3354305484105489
12,9,4503713.6844,13684254.069,0.329116491238102
12,10,4752278.8479,13639868.9794,0.34841088686975397
12,11,4514860.8991,13592008.9756,0.332170241147203
12,12,4566273.1331,13578856.2933,0.33627818385213076
12,13,4542877.1457,13727588.6258,0.3309304546875767
12,14,4668000.5538,13698838.7493,0.3407588511134589
12,15,4666518.1008,13704029.2714,0.3405216092568423
12,16,4655201.0401,13576525.2378,0.34288604473985046
12,17,4564332.7468,13684035.9646,0.3335516479646596
12,18,4640097.7318,13669245.6644,0.3394552885887923
12,19,4481184.6853,13717918.9105,0.3266665092961004
12,20,4464060.3895,13630929.493,0.3274949365553145
12,21,4768997.3456,13683681.2105,0.34851713308992976
12,22,4701853.3551,13639144.0655,0.3447322891026031
12,23,4545855.8559,13704193.0374,0.33171277166732416
12,24,4565071.9605,13723484.5257,0.33264670878237806
12,25,4557709.9259,13602820.4767,0.33505624320388633
12,26,4626740.4224,13651878.5977,0.33890869958215786
12,27,4477968.6862,13740971.2367,0.3258844377928717
12,28,4649406.5334,13694271.4617,0.33951470484599444
12,29,4611707.6851,13710257.9472,0.3363691407455856
12,30,4621474.7437,13742957.7056,0.33627948529717405
12,31,4591117.7469,13709476.2978,0.3348864425723359
12,32,4639014.0383,13651001.2618,0.3398295809466731
12,33,4541300.9364,13550467.1431,0.335139806505672
12,34,4516676.6893,13582828.9981,0.33252842172509156
12,35,4514641.9226,13628192.1775,0.33127225268026567
12,36,4666085.637,13612412.8268,0.34278167260791936
12,37,4581112.2696,13664126.0561,0.33526566212808606
12,38,4706439.1118,13699479.2711,0.34354875967647613
12,39,4770074.2261,13675319.3748,0.3488089817404913
12,40,4447193.9832,13684057.3189,0.324990891192605
12,41,4574047.3039,13648038.4804,0.33514320101520867
12,42,4582871.1881,13726720.4862,0.33386497471900417
12,43,4530956.4779,13609354.114,0.33292957475762835
12,44,4558861.3253,13603247.3231,0.33513037122823525
12,45,4454176.9258,13737552.2336,0.32423366623536826
12,46,4687819.7872,13808469.6016,0.3394887284726193
12,47,4690937.3628,13545192.1061,0.34631752182292513
12,48,4521314.1424,13646462.1039,0.33131767838257953
12,49,4623489.4776,13750200.8692,0.3362488680406455
12,50,4545261.2136,13636868.3915,0.33330681818657926
12,51,4671172.3305,13688022.6597,0.3412598332593919
12,52,4517644.7351,13680413.7149,0.3302272014025142
12,53,4685549.5523,13743239.3799,0.3409348715232881
12,54,4754580.3056,13709266.2703,0.34681508199314853
12,55,4622747.4851,13720890.0516,0.33691309147695847
12,56,4636158.3101,13568237.0804,0.3416920181028649
12,57,4688652.6184,13693400.1656,0.3424023662273919
12,58,4618938.0791,13732314.9613,0.33635538451579017
12,59,4525699.3879,13667404.1106,0.3311308681061104
12,60,4677102.602,13636567.9965,0.3429823840720362
12,61,4563087.1852,13676851.6032,0.33363578969683094
12,62,4566174.5692,13699922.6912,0.33329929461083996
12,63,4582215.8352,13814394.4394,0.33169863907541786
12,64,4465287.2844,13669451.0972,0.3266617841966349
12,65,4680723.4135,13596264.8008,0.3442653906846966
12,66,4666567.5964,13676218.3113,0.3412176882657862
12,67,4628390.6591,13744840.3681,0.3367365887960327
12,68,4694828.1283,13642117.5501,0.3441421840164092
12,69,4580197.6083,13720382.7534,0.3338243320628207
12,70,4555673.9347,13725511.398,0.3319128739613903
12,71,4620944.3397,13709591.1761,0.3370592368761306
12,72,4592048.7098,13576715.078,0.3382297325544567
12,73,4500897.6523,13625618.1556,0.3303261254573007
12,74,4614866.9532,13639405.4094,0.33834810350453604
12,75,4675058.6312,13626440.4129,0.3430872986296681
12,76,4559651.0298,13818979.1024,0.329955707727216
12,77,4455304.406,13610984.4353,0.32733153337867293
12,78,4528833.2002,13732251.4294,0.3297953888685737
12,79,4665420.4078,13677207.0623,0.3411091450578251
12,80,4589181.5518,13581604.8363,0.33789685439340306
12,81,4570017.4173,13651305.5494,0.3347677920446855
12,82,4550971.3274,13687469.9543,0.3324917857423523
12,83,4669367.317,13646025.0362,0.34217783600815344
12,84,4502637.5803,13555169.3329,0.3321712528792662
12,85,4505436.4447,13709855.4991,0.32862756613268207
12,86,4333990.3332,13722123.4688,0.3158396251902409
12,87,4772154.0549,13595112.7914,0.3510198207343135
12,88,4423814.4055,13670720.8548,0.3235977423931329
12,89,4418549.7412,13763166.6277,0.32104165129463347
12,90,4558228.6497,13667356.7648,0.33351208489995854
12,91,4593814.4061,13643217.5298,0.3367104860760321
12,92,4684430.5235,13718496.3382,0.3414682198409686
12,93,4478533.6226,13642726.3892,0.3282726263678017
12,94,4525205.3607,13607308.2952,0.3325569805966896
12,95,4453999.6651,13716420.9686,0.3247202513903748
12,96,4572673.2975,13651981.5105,0.3349457581658069
12,97,4389855.8548,13592214.5317,0.322968405520815
12,98,4653788.3164,13725274.3602,0.33906705208712395
12,99,4697977.9712,13853429.5138,0.33912021326705716
12,100,4585001.6149,13671751.9977,0.3353631352932188
12,101,4655932.8403,13671453.2797,0.3405587354208599
12,102,4764195.925,13809826.2011,0.3449859437492787
12,103,4683349.5926,13725381.395,0.3412181751325388
12,104,4619559.4804,13658148.4703,0.33822735859442093
12,105,4701236.6647,13676496.254,0.3437456916880314
12,106,4537075.9787,13636814.928,0.33270789423006536
12,107,4537527.2397,13654864.5418,0.3323011536152418
12,108,4588853.0116,13626856.2415,0.3367506731027841
12,109,4687038.58,13621873.6941,0.3440817823784464
12,110,4692637.0434,13688661.5809,0.34281197001376007
12,111,4659819.2385,13738857.7455,0.3391707902373666
12,112,4650859.0671,13650984.8743,0.3406976939704864
12,113,4496292.9824,13713116.4204,0.32788265224024454
12,114,4520759.4571,13598946.5443,0.33243453398196326
12,115,4681469.0158,13660370.9299,0.34270438480942994
12,116,4622791.3055,13758127.0241,0.3360044065156757
12,117,4633057.3717,13595292.8396,0.3407839335541899
12,118,4672027.4087,13692537.9631,0.3412097465999831
12,119,4576974.7703,13613033.3419,0.336220051427655
12,120,4654136.0193,13764378.6522,0.3381290312408048
12,121,4615637.8083,13662366.3216,0.3378358989688883
12,122,4494944.2354,13600875.3028,0.3304893350852669
12,123,4646297.2713,13610680.3695,0.3413714190006128
12,124,4756918.0255,13612422.7381,0.349454179981187
12,125,4646682.4563,13635152.4989,0.3407869810531907
12,126,4752761.4248,13684514.1122,0.3473094759398746
12,127,4702793.6174,13656359.1414,0.3443665744805454
12,128,4559430.5603,13732547.1948,0.332016376541308
12,129,4564765.0993,13757462.1714,0.331802845788634
12,130,4633848.4057,13685454.5521,0.33859660181977275
12,131,4603305.1471,13639538.8335,0.3374971253275695
12,132,4623163.059,13650757.9846,0.3386744578004816
12,133,4778006.0328,13673882.2419,0.3494257116065445
12,134,4538832.3264,13605106.1427,0.3336124157205029
12,135,4652471.2165,13680161.3373,0.340088914288948
12,136,4622120.2772,13714787.272,0.3370172781780206
12,137,4516783.0996,13651479.6501,0.3308639953594271
12,138,4472116.711,13582214.717,0.32926270156828946
12,139,4535727.8854,13766115.9044,0.3294849409157064
12,140,4616649.7128,13682071.777,0.33742329290807666
12,141,4608806.1465,13715925.4323,0.33601860619966617
12,142,4701933.0296,13758266.7072,0.3417532985560875
12,143,4610180.9478,13650931.2075,0.3377191546659547
12,144,4475955.1356,13630060.7255,0.3283884955278367
12,145,4503645.5931,13593510.28,0.33130850680461615
12,146,4667001.8752,13668322.4594,0.341446573934931
12,147,4417875.7252,13685006.8451,0.3228259784745265
12,148,4660060.0828,13660676.4828,0.3411295252228122
12,149,4678689.8608,13648070.9404,0.3428096088620474
12,150,4515579.749,13713027.0306,0.32929124539196836
12,151,4496904.721,13693952.7291,0.3283861723462768
12,152,4461552.5306,13719433.9754,0.32519946075034195
12,153,4522863.4399,13671960.6129,0.3308130829189569
12,154,4624344.942,13611614.5661,0.33973522535063727
12,155,4529536.4089,13591868.2443,0.3332534076615659
12,156,4600724.2335,13658253.5446,0.3368457188524639
12,157,4730765.4257,13620055.1776,0.3473381982681227
12,158,4437472.5255,13695725.5364,0.3240041948640287
12,159,4788159.4091,13674482.5441,0.3501528773508071
12,160,4688690.1653,13747723.0623,0.3410521250720903
13,0,2786066.0835,7063500.1482,0.3944313760947505
13,1,2757982.987,7047266.6891,0.3913549903348726
13,2,2849046.4862,7091656.0413,0.4017462874126831
13,3,2697454.0774,7099437.7011,0.3799532006572931
13,4,2827684.9423,7053646.3143,0.40088272310554857
13,5,2736463.644,7080071.4372,0.38650226459892983
13,6,2752196.7009,7064137.4613,0.3896012380814456
13,7,2787520.5007,7073589.3625,0.3940744023787683
13,8,2740468.5328,7049711.7217,0.38873483639968626
13,9,2790153.4643,7035918.8055,0.39655850805426124
13,10,2804772.7903,7070912.9567,0.3966634588030609
13,11,2783313.295,7126541.3507,0.39055597351253857
13,12,2768659.0855,7069480.5865,0.3916354322815566
13,13,2794179.3321,7080786.8534,0.3946142413195663
13,14,2793048.5316,7015843.6015,0.39810587154520394
13,15,2756091.3934,7093068.0788,0.388561249205756
13,16,2717707.6241,7078598.9283,0.3839329861216881
13,17,2764024.5296,7079603.6174,0.3904208030526848
13,18,2939317.753,7093433.0211,0.41437167930630453
13,19,2696005.4166,7077753.7347,0.3809125773029278
13,20,2798945.1999,7034581.1308,0.3978837044959482
13,21,2828775.9583,7110507.3231,0.3978303979956701
13,22,2784970.8055,7046160.9107,0.3952465521005718
13,23,2848359.5864,7068150.5582,0.4029851321001534
13,24,2742468.2304,7072074.5203,0.3877883671230975
13,25,2909206.1091,7048395.665,0.4127472757447705
13,26,2753105.507,7050941.8276,0.39045925697802875
13,27,2874459.4273,7096812.4866,0.40503527925071614
13,28,2807145.6226,7039133.892,0.39879133792160576
13,29,2723068.729,7057177.8366,0.38585802881111997
13,30,2810913.193,7088200.0254,0.3965623406404047
13,31,2793021.3541,7067011.992,0.3952195577511056
13,32,2792361.3088,7068178.1331,0.395060969915781
13,33,2758210.5523,7052895.6672,0.3910749119864706
13,34,2731257.0447,7032328.319,0.38838588313925393
13,35,2858437.2638,7105618.9277,0.4022784352615488
13,36,2835816.8059,7028075.591,0.40349833595009776
13,37,2773206.5446,7102595.6902,0.39044972648892395
13,38,2719689.9759,7066288.6777,0.3848823760176791
13,39,2707658.1839,7015356.8232,0.38596157717105584
13,40,2877587.214,7043935.4449,0.40851981630289513
13,41,2723733.5657,7024367.4114,0.3877549971659502
13,42,2885813.6535,7080193.8998,0.4075896358688027
13,43,2835939.3299,7055724.3271,0.40193454256816324
13,44,2866665.3268,7034810.0345,0.40749719078999247
13,45,2750742.6539,7053508.4977,0.3899821847236675
13,46,2782516.9337,7069669.4489,0.3935851532822293
13,47,2699458.4606,7058692.1639,0.3824303989917194
13,48,2886129.7934,7048286.6141,0.40947962979064123
13,49,2775540.2604,7047801.4031,0.3938164686620098
13,50,2852090.3594,7059937.973,0.40398235371295377
13,51,2661448.4831,7097066.9653,0.3750068156483145
13,52,2899170.6046,7060366.9622,0.41062605104262495
13,53,2805503.2357,7047330.9044,0.39809443798763366
13,54,2775807.5443,7055617.1411,0.393418107698973
13,55,2795825.1234,7049034.1703,0.3966252760101193
13,56,2734087.534,7050927.5757,0.3877628162601806
13,57,2811989.0395,7047579.3678,0.39900069126540416
13,58,2797785.7409,7075669.052,0.39540935568618507
13,59,2823596.5742,7031969.7833,0.4015370744205513
13,60,2785424.4044,7062230.7575,0.3944114119241876
13,61,2791799.3712,7077842.1396,0.39444216417036065
13,62,2744045.8157,7038760.2164,0.38984788959091043
13,63,2832687.7237,7037467.5097,0.4025152115864979
13,64,2693204.5388,7087905.256,0.37997185931910826
13,65,2865344.496,7045442.7012,0.4066947411994375
13,66,2856015.9337,7067930.1476,0.4040809507249862
13,67,2862055.081,7075998.4034,0.4044736753508578
13,68,2803704.4597,7038048.6505,0.39836389302322
13,69,2798812.4565,7091532.1724,0.3946696409829292
13,70,2798379.9148,7120516.1818,0.39300239524104214
13,71,2793413.0148,7030670.6206,0.3973181458131812
13,72,2758498.0589,7060222.0162,0.3907098179873807
13,73,2739170.8465,7053369.1138,0.38834928419395776
13,74,2761080.8881,7069999.4982,0.3905348067992031
13,75,2738530.3584,7057169.4543,0.38804939801061283
13,76,2802737.281,7052234.006,0.39742545108620153
13,77,2727975.9507,7069396.1319,0.3858852863528554
13,78,2654596.8114,7046705.251,0.3767146087206195
13,79,2620354.518,7062123.6358,0.37104342165813203
13,80,2811361.527,7055248.2404,0.3984780451666445
13,81,2757653.7975,7045187.5373,0.3914237602476717
13,82,2861115.9895,7053146.8562,0.40565098782608844
13,83,2631547.9681,7081175.7121,0.3716258535434062
13,84,2877694.3016,7031412.7794,0.409262603673448
13,85,2777807.0002,7053978.7171,0.3937929375185299
13,86,2720001.5503,7076258.5681,0.3843841380474498
13,87,2743441.2141,7063244.4144,0.38841091333422967
13,88,2722547.8396,7041024.8963,0.38666925336830954
13,89,2803071.5165,7010921.4162,0.39981499578971136
13,90,2892850.0693,7028281.2006,0.411601355542382
13,91,2817474.3022,7116321.8258,0.39591721273556457
13,92,2719321.0624,7061274.637,0.38510342709957396
13,93,2798940.2036,7089804.605,0.394783828263205
13,94,2851494.4371,7042645.3338,0.4048896830591097
13,95,2662130.8656,7111649.5881,0.374333807173876
13,96,2755513.3438,7043831.1768,0.3911952564785667
13,97,2776049.2894,7062675.8043,0.3930591416513619
13,98,2795382.1135,7060159.3825,0.39593753654186714
13,99,2804819.7981,7059886.051,0.3972896698102812
13,100,2725689.5054,7063277.0799,0.38589587730552255
13,101,2779810.3885,7110398.5321,0.3909500115852163
13,102,2719310.3526,7021746.4753,0.3872697999230767
13,103,2724287.448,7021388.2247,0.3879984072688702
13,104,2723378.613,7093196.5637,0.38394235779917724
13,105,2873176.2918,7065053.6471,0.40667437719731336
13,106,2749176.5628,7085133.6559,0.38802042365293693
13,107,2852375.0584,7092955.4343,0.4021419681571
13,108,2886951.8609,7052844.3045,0.40933157407969545
13,109,2782200.0469,7097528.9493,0.3919955898417853
13,110,2740799.6861,7094958.316,0.3863024367485234
13,111,2853384.0339,7090757.614,0.4024089087837773
13,112,2794135.2942,7069737.5013,0.3952247581591548
13,113,2831532.513,7047892.1694,0.4017559356673661
13,114,2694897.5202,7073796.6027,0.3809690427303753
13,115,2802170.9617,7086127.7678,0.3954446001430169
13,116,2846613.9012,7010158.2199,0.40606985062322987
13,117,2783048.6122,7069293.6153,0.3936812875018625
13,118,2763563.5278,7032917.4334,0.3929469603433095
13,119,2711963.4437,7072586.8613,0.3834471738395191
13,120,2833581.6595,7045103.4273,0.40220582830903245
13,121,2716917.2361,7027421.1875,0.3866165359396284
13,122,2875342.9728,7051103.42,0.40778624302180494
13,123,2748613.7458,7109199.5518,0.3866277385762888
13,124,2849551.4385,7049408.0573,0.4042256336046759
13,125,2770974.881,7032704.3382,0.39401270802025823
13,126,2801382.6719,7036187.1117,0.3981393086095977
13,127,2682150.9345,7055079.9954,0.38017300105013635
13,128,2699293.0537,7057784.9216,0.38245612237898435
13,129,2797333.437,7042464.7862,0.3972094319138791
13,130,2775310.9907,7035139.168,0.3944926922446348
13,131,2771656.6022,7084670.2772,0.39121885617172475
13,132,2788716.664,7058514.0433,0.3950855161430291
13,133,2839659.0017,7070348.2156,0.4016292995915792
13,134,2794828.0902,7054250.0065,0.39619067762338456
13,135,2766488.4916,7057111.6623,0.392014272124804
13,136,2751009.7801,7055383.7005,0.38991639532022077
13,137,2892885.8756,7053824.2753,0.4101159545085159
13,138,2843007.5839,7088765.8623,0.40105818687282274
13,139,2926148.0195,7079951.3439,0.4133005832054388
13,140,2791599.9082,7094020.2053,0.3935145132677199
13,141,2752822.433,7072253.9897,0.3892425861697273
13,142,2748685.7728,7059225.1558,0.3893749968495657
13,143,2917041.1518,7055200.3339,0.4134597196033847
13,144,2753887.9352,7072980.5635,0.38935324513846303
13,145,2758136.8449,7051317.1037,0.3911520081053705
13,146,2795366.727,7061177.5197,0.3958782680652339
13,147,2818066.9267,7116285.9981,0.39600248324089343
13,148,2827902.6889,7079117.2213,0.39947109229824107
13,149,2785714.2922,7101667.519,0.39226199829082703
13,150,2789672.4036,7116724.6762,0.39198824326158355
13,151,2759095.3635,7048550.708,0.3914415144050064
13,152,2853077.0574,7065277.3192,0.4038167121404731
13,153,2770104.4224,7025429.2802,0.3942968197270275
13,154,2713893.6157,7074928.748,0.3835930667806635
13,155,2813528.0171,7062607.8491,0.39836956506915966
13,156,2743355.2666,7033376.1213,0.39004813894311363
13,157,2806021.2021,7046903.6837,0.3981920752784703
13,158,2751694.5527,7034826.652,0.3911531426176214
13,159,2708107.924,7037239.9232,0.3848252942282177
13,160,2860712.2602,7054420.3434,0.40552052768962593
18,0,1737138.7715,4734518.2954,0.36690929533164607
18,1,1677651.1097,4726979.3864,0.3549097579157575
18,2,1661514.7028,4724294.8428,0.35169581029266406
18,3,1777697.9346,4725406.8801,0.3761999717074903
18,4,1634537.9655,4725356.733,0.3459078452395014
18,5,1761045.0293,4709062.9226,0.3739693136926019
18,6,1692330.7362,4693003.5039,0.36060717508385237
18,7,1716468.3995,4705829.8737,0.3647536025671093
18,8,1856721.977,4763060.4053,0.3898170123843002
18,9,1723566.8433,4735582.2181,0.3639609162971149
18,10,1775498.3232,4727872.4669,0.3755385399310844
18,11,1822118.4334,4748651.4609,0.3837128179238192
18,12,1699979.0727,4768701.5039,0.3564867860380235
18,13,1705304.145,4743475.6228,0.35950519842523937
18,14,1772121.59,4720033.0301,0.37544686206622907
18,15,1857127.9847,4761820.093,0.3900038112380656
18,16,1777172.7567,4759251.5775,0.37341433369520166
18,17,1793462.6975,4730192.3312,0.379152172242649
18,18,1732144.1811,4771992.3725,0.36298133900674
18,19,1661999.8254,4707185.2759,0.3530772060129353
18,20,1844849.7678,4734166.2879,0.3896884172647737
18,21,1670037.9743,4722652.9936,0.35362284219551726
18,22,1710359.3179,4744419.5338,0.3604991729157019
18,23,1767404.1806,4748420.5542,0.3722088556450045
18,24,1628004.893,4737431.4846,0.34364716371986936
18,25,1684956.3812,4704611.7096,0.3581499356815698
18,26,1714800.6728,4688438.3939,0.36575092359773365
18,27,1760090.1361,4719572.4157,0.3729342366365505
18,28,1826872.2744,4745432.4569,0.3849748765770912
18,29,1758046.3899,4743879.1217,0.37059257725563477
18,30,1663722.757,4732001.1044,0.35158968062222246
18,31,1849308.0656,4739919.9296,0.3901559716339053
18,32,1729728.7557,4776731.6572,0.3621155383708373
18,33,1681865.6179,4736812.1166,0.35506276721551994
18,34,1764438.7211,4711383.3843,0.37450544291932075
18,35,1759842.2948,4753635.6131,0.37020975902112735
18,36,1763319.1859,4747661.4352,0.37140794683176864
18,37,1724112.3458,4743998.6509,0.36343019310785696
18,38,1744471.8089,4765269.7283,0.3660803917436037
18,39,1763094.4396,4732524.9001,0.37254837044021577
18,40,1864761.3331,4738346.2386,0.3935468704057738
18,41,1793037.1593,4731383.3453,0.3789667901420721
18,42,1778491.945,4713296.0013,0.37733508451611447
18,43,1682798.2168,4716597.2361,0.3567822590235521
18,44,1822738.7839,4750623.3502,0.3836841293307884
18,45,1730588.4436,4750398.961,0.3643038106499788
18,46,1729638.9743,4762835.6834,0.36315319050966693
18,47,1766273.9809,4747052.3869,0.37207804695272007
18,48,1616863.0977,4720623.3056,0.342510510377293
18,49,1737525.0376,4749252.5897,0.36585231144965397
18,50,1812839.4675,4721771.9009,0.3839320292355633
18,51,1640538.3992,4739952.2201,0.3461086363367159
18,52,1771669.6972,4712057.4935,0.37598643472493953
18,53,1807975.4065,4722852.4615,0.38281428887274166
18,54,1740260.5265,4760454.462,0.36556604845010277
18,55,1673294.087,4732128.4745,0.35360284405143955
18,56,1716567.4575,4724366.5871,0.3633434082332074
18,57,1719766.7171,4735863.4981,0.36313688470750055
18,58,1654430.494,4718520.4598,0.350624842701249
18,59,1808480.5132,4751045.97,0.3806489191263287
18,60,1692265.5923,4722907.9602,0.35831009339177083
18,61,1825360.7699,4748580.7848,0.3844013301285513
18,62,1735371.3535,4722239.508,0.3674890590704024
18,63,1714925.8493,4715737.2328,0.36366017965800684
18,64,1845020.0105,4747422.8129,0.3886361260022162
18,65,1678308.3553,4735827.6903,0.3543854348285388
18,66,1755820.0449,4757835.1556,0.36903759535119446
18,67,1687226.8559,4752917.5562,0.3549876125452832
18,68,1624390.0486,4718543.9325,0.34425663336769197
18,69,1710100.5496,4737698.8999,0.36095593783642427
18,70,1797383.8908,4732887.3976,0.3797647693269515
18,71,1573825.5602,4737752.5872,0.33218821186484265
18,72,1751810.756,4702350.3945,0.37253939180052736
18,73,1783650.478,4735010.105,0.37669412281011383
18,74,1709744.4336,4765035.9354,0.35881039655926034
18,75,1682600.8617,4724923.9608,0.35611173336535784
18,76,1720961.7992,4722595.5459,0.364410160148921
18,77,1710133.0518,4745141.7652,0.3603966196208936
18,78,1711247.6315,4720546.9212,0.3625104590772688
18,79,1753133.1136,4741744.399,0.3697232423514273
18,80,1733546.3134,4738684.6405,0.36582858850406336
18,81,1676609.1488,4724854.4363,0.3548488469653132
18,82,1630684.3071,4741856.6622,0.3438915225125001
18,83,1792815.9618,4750041.9523,0.37743160582653534
18,84,1680371.0987,4726776.505,0.35550043394742653
18,85,1741948.5336,4732630.6405,0.3680719384042115
18,86,1689956.7196,4703617.6057,0.35928871376619864
18,87,1739756.7808,4693065.196,0.3707079932072608
18,88,1797764.8892,4735400.8236,0.3796436576689369
18,89,1732304.6029,4730358.339,0.36621001597655073
18,90,1738433.4182,4736437.7666,0.3670339406671684
18,91,1810200.2988,4732138.0989,0.3825332779744502
18,92,1707376.4644,4773379.5024,0.35768714042986754
18,93,1679877.4098,4740709.6271,0.3543514667502678
18,94,1731934.1061,4729171.019,0.36622361490877603
18,95,1815981.4587,4716782.024,0.38500432062789763
18,96,1738459.4891,4746698.6447,0.3662460204928122
18,97,1735307.8726,4722811.0272,0.3674311469601203
18,98,1768380.8963,4795619.2866,0.36874922520251757
18,99,1698859.5598,4705622.9652,0.3610275562584931
18,100,1747716.5402,4738345.4244,0.36884532123812125
18,101,1638225.4831,4718029.0198,0.3472266652504493
18,102,1735566.4994,4723622.3095,0.3674227924424617
18,103,1748878.4864,4757855.1671,0.3675770751689303
18,104,1700141.5991,4740877.6296,0.358613263604411
18,105,1606313.6819,4741755.2089,0.3387593013838087
18,106,1637731.953,4712645.0894,0.34751862742299383
18,107,1684946.2846,4714436.135,0.3574014444889707
18,108,1737513.2312,4749878.0983,0.3658016469563425
18,109,1722688.1335,4746110.5806,0.3629683936445954
18,110,1759450.7344,4734672.4593,0.37160981029300744
18,111,1780777.8785,4718294.2514,0.377419843616496
18,112,1715756.3475,4768226.6432,0.3598311229494201
18,113,1682386.8172,4730299.6954,0.35566178160678574
18,114,1812312.3077,4718982.6043,0.3840472533313848
18,115,1844535.8116,4738509.8575,0.38926495186678
18,116,1754834.4939,4739707.2621,0.37024111339789656
18,117,1779694.1425,4724108.8094,0.37672589991127564
18,118,1729498.3845,4777620.6651,0.3619999379887562
18,119,1709070.8351,4714109.1367,0.3625437565275365
18,120,1770030.5658,4725826.599,0.3745441202126511
18,121,1779155.3531,4748477.9853,0.37467907792934546
18,122,1847456.295,4712115.3562,0.39206516720122225
18,123,1726474.8315,4700402.252,0.3673036346549687
18,124,1889061.3666,4750520.809,0.3976535294869393
18,125,1786124.3949,4748113.2779,0.3761756071013472
18,126,1850048.6016,4762700.4834,0.3884452965388422
18,127,1780125.3163,4777374.4903,0.37261582065931265
18,128,1656833.4009,4743950.5516,0.3492518277495951
18,129,1733161.7791,4731663.293,0.36629017573250217
18,130,1701585.2953,4738946.6395,0.359064033580157
18,131,1623120.8183,4742229.2827,0.3422695786180697
18,132,1730770.2017,4702996.5596,0.3680143456977578
18,133,1739883.1713,4744089.8023,0.3667475203476293
18,134,1718438.9276,4763941.1037,0.3607179203507247
18,135,1644207.2445,4715945.3044,0.34864849746368914
18,136,1636371.3612,4719981.5988,0.3466901993041728
18,137,1681509.0731,4742589.6163,0.3545550446365321
18,138,1712877.3372,4712291.9175,0.3634913471380882
18,139,1806014.4843,4771807.8792,0.37847594245617044
18,140,1709496.0312,4728024.4055,0.361566668143968
18,141,1774815.0227,4743446.5483,0.37416148883053707
18,142,1776953.3157,4714613.0402,0.3769033217675526
18,143,1836416.6268,4721549.7335,0.3889436160696114
18,144,1825911.4675,4736719.3394,0.38548018927616856
18,145,1818265.4402,4752792.5906,0.38256780735522466
18,146,1804875.9858,4769954.1545,0.37838434654498104
18,147,1809610.2105,4750422.8789,0.3809366569316941
18,148,1724284.7062,4746014.4721,0.36331214671518786
18,149,1728603.8991,4698497.6489,0.3679056643786331
18,150,1770653.1891,4750325.7482,0.37274353022441425
18,151,1667738.3301,4732625.5806,0.35239177528355514
18,152,1754463.8843,4675259.6394,0.3752655509256721
18,153,1828522.2359,4725615.4919,0.3869384292975595
18,154,1694767.9776,4747828.4347,0.35695644880796684
18,155,1634372.6049,4727343.5746,0.34572748502594103
18,156,1712119.8675,4722142.8281,0.3625726560644689
18,157,1703510.7828,4733378.6958,0.35989319517399937
18,158,1683754.3161,4699229.8,0.3583043153369516
18,159,1819310.765,4756673.5456,0.382475431109392
18,160,1669494.1523,4744901.1916,0.35185014079018995
21,0,1063342.8787,3202563.6031,0.33202865281760874
21,1,1077652.3626,3193097.8858,0.3374943083932438
21,2,1126458.8237,3213258.0003,0.3505659438472822
21,3,1119414.8257,3194540.9588,0.3504149235014028
21,4,1130729.8561,3194715.8518,0.3539375357789371
21,5,1070119.3882,3182719.9762,0.33622794220108115
21,6,983338.2357,3195397.7665,0.30773578363518583
21,7,1058063.828,3226129.6379,0.327966928411696
21,8,1063804.5139,3185167.0888,0.333987035606595
21,9,1010079.7071,3205645.2042,0.3150940427769751
21,10,1005103.8489,3230071.2759,0.3111707956413272
21,11,1135190.6372,3219096.8781,0.35264258274513965
21,12,1137744.8105,3200869.3526,0.3554486875810265
21,13,1007972.1328,3188465.1023,0.31613083426031513
21,14,1068308.1063,3238125.6208,0.3299155843237692
21,15,1000698.9533,3191052.3848,0.3135952759868964
21,16,1110929.8702,3221036.4282,0.3448982633272536
21,17,1049657.4841,3181834.7747,0.32989063179717343
21,18,1082524.1616,3208204.5331,0.33742367434222986
21,19,1052867.8072,3188221.188,0.330236751189924
21,20,1033199.8392,3197606.4369,0.3231166372687383
21,21,1041348.5153,3193367.7971,0.3260972682963992
21,22,1015638.7045,3172990.6487,0.32008877962376453
21,23,1018561.4603,3219559.7161,0.31636669300044234
21,24,996568.5402,3215623.9182,0.30991451909520756
21,25,1066647.6945,3207005.5207,0.3325992698220178
21,26,1103187.3148,3208815.1365,0.3437989625052992
21,27,1028405.9423,3180554.7939,0.3233416837441016
21,28,1021984.0107,3212008.1537,0.3181760324994034
21,29,1122008.4553,3198306.5547,0.35081329325707616
21,30,1095071.3213,3189652.7107,0.34331992245628395
21,31,1040160.9064,3174723.733,0.32763824316047974
21,32,981707.0159,3220061.3463,0.30487214693223996
21,33,1071254.163,3209652.5345,0.33376016608815884
21,34,1063331.2226,3194784.865,0.33283343559347933
21,35,1157858.1507,3199243.8311,0.36191619389694724
21,36,1041646.6277,3178505.1412,0.3277158857470782
21,37,1109084.8858,3212970.2086,0.34518990647076864
21,38,1079908.3244,3189503.0888,0.3385819967355161
21,39,1095204.6675,3228367.8363,0.3392440772037932
21,40,1057002.4647,3200866.3248,0.33022386986624463
21,41,1053397.031,3205403.8051,0.32863161556243825
21,42,1006131.7334,3201864.4817,0.3142330786173073
21,43,1044889.7937,3200934.6402,0.32643271767483306
21,44,990345.3573,3195437.4143,0.30992481745005396
21,45,1038962.4649,3213150.8927,0.3233469263022887
21,46,1173942.0807,3191995.0795,0.36777690800321927
21,47,1056683.2788,3207916.4969,0.3293986236303644
21,48,1030356.5893,3212994.0939,0.3206842462786265
21,49,1089233.4821,3214050.3868,0.33889745057309817
21,50,1060801.0697,3186720.5146,0.3328817399705831
21,51,1022952.7163,3193129.6703,0.320360530865598
21,52,1045800.9275,3201533.4818,0.3266562519008918
21,53,1144356.5496,3219635.3694,0.3554304814999154
21,54,1045402.3738,3196390.4038,0.3270571619027459
21,55,1094852.7672,3198519.786,0.3422998263109697
21,56,1049128.071,3174087.1869,0.3305290652789661
21,57,1089225.0358,3213140.4366,0.33899079647840374
21,58,1146174.5247,3188054.5993,0.35952161075022526
21,59,1032436.6202,3220175.5976,0.3206150065137678
21,60,1125357.2278,3207185.7982,0.35088619699912466
21,61,1064461.6252,3202440.3506,0.33239077349264773
21,62,1096595.0408,3196442.2627,0.34306737011846355
21,63,1093573.4438,3207800.7316,0.3409106535288253
21,64,1059731.6418,3209928.9262,0.33014177764195507
21,65,1149530.2755,3205642.9432,0.35859585607887234
21,66,996896.5126,3194315.2304,0.3120845754710208
21,67,1005828.3233,3219832.9031,0.3123852552508566
21,68,1057664.4971,3208112.1066,0.32968439442128067
21,69,990827.1036,3201722.2299,0.30946691575769414
21,70,1049722.2801,3224615.7948,0.32553406262934553
21,71,1184750.0844,3204509.2745,0.36971342034416693
21,72,1081155.8069,3197438.426,0.33813186146403057
21,73,1023305.6952,3201149.4451,0.3196682044215006
21,74,1059100.4215,3204998.8017,0.3304526731611352
21,75,1019512.9876,3193841.1632,0.3192121760302322
21,76,1054065.4458,3232992.174,0.32603402330413433
21,77,1047233.3438,3192318.9391,0.3280478435200598
21,78,1082996.5032,3202981.6044,0.3381213622058478
21,79,1072602.3886,3183411.0068,0.33693493749592573
21,80,1026690.3926,3206666.564,0.3201737293569136
21,81,1073371.3606,3190880.713,0.336387178695514
21,82,1081759.0862,3216727.8607,0.33629176388101284
21,83,1109715.514,3196209.2578,0.3471973905625423
21,84,1110321.3977,3183300.4205,0.3487956683414763
21,85,1121040.8691,3199530.9935,0.35037662437946315
21,86,1021204.747,3196140.9915,0.3195117955421398
21,87,1015734.4268,3216761.5849,0.3157630430455344
21,88,1083487.717,3203944.48,0.33817306253696383
21,89,1024323.8287,3207934.825,0.3193094263378621
21,90,1019020.5634,3212622.828,0.3171927169659021
21,91,1170599.8333,3216907.4649,0.36388980599303283
21,92,1062482.1868,3200449.8262,0.33197901685636494
21,93,1039030.9075,3193108.7284,0.325397910274304
21,94,1045017.777,3212849.731,0.32526195262631785
21,95,971356.5816,3187168.5036,0.3047710155590532
21,96,1052373.5795,3224671.7807,0.3263506028112897
21,97,1057679.923,3194937.0324,0.33104875378576176
21,98,1080533.6386,3184237.3889,0.33933827998083776
21,99,1032779.2325,3188477.3818,0.323909850637536
21,100,1052947.2945,3199280.5755,0.32912002234609883
21,101,1062163.3609,3220311.1084,0.3298325301954233
21,102,1043603.1922,3192253.0714,0.32691743695067244
21,103,1078584.0272,3208106.2595,0.3362058298430872
21,104,1032950.574,3209208.5226,0.32187081852915433
21,105,995425.3233,3224364.2728,0.30871987129282524
21,106,1099303.0195,3206613.7326,0.34282364861222575
21,107,1096909.5195,3201830.5892,0.34258824411258765
21,108,1052117.268,3207515.2761,0.328016292187161
21,109,1093174.8579,3200082.2011,0.3416083679113714
21,110,1027754.92,3199640.5304,0.3212094953277505
21,111,981233.2536,3189083.6449,0.3076850164056354
21,112,1067375.2355,3201037.8828,0.3334466115616069
21,113,1092017.7209,3213826.8182,0.3397873571518758
21,114,1054363.761,3185246.6367,0.33101479453796673
21,115,1158670.5524,3208917.0325,0.36107837649429786
21,116,1038827.4747,3187627.6236,0.32589361034799386
21,117,1106287.4015,3208758.7608,0.3447711354979466
21,118,1040413.336,3206550.3737,0.32446499033148807
21,119,1078111.8133,3210222.4723,0.33583710244467097
21,120,1095484.8482,3212833.4129,0.34097156852311944
21,121,1049977.6966,3210397.8086,0.3270553243549208
21,122,984880.5447,3197461.2481,0.30801954059184833
21,123,1042230.1269,3204085.7745,0.3252815936435537
21,124,1021778.3022,3211014.2281,0.3182104561413295
21,125,984770.3288,3193108.3783,0.308404918383725
21,126,1092886.2745,3205128.5537,0.34098048056087243
21,127,1062250.478,3191149.9829,0.3328738804794959
21,128,1041242.8922,3210050.561,0.32436962359733995
21,129,1165048.8667,3204900.4559,0.36352107740358225
21,130,1071356.5983,3200167.3164,0.3347814324612293
21,131,964246.9196,3201930.0593,0.30114552839758213
21,132,1014405.0546,3215641.2718,0.31545964517123287
21,133,1121440.6039,3198098.3631,0.3506585716184659
21,134,1108884.1247,3208079.472,0.3456535707354821
21,135,1157140.5573,3203372.0668,0.3612257749553028
21,136,1079743.4568,3176166.2715,0.3399518049444157
21,137,1087134.751,3226752.5905,0.33691295521096754
21,138,1021502.3742,3205646.877,0.31865717385439896
21,139,1099648.1472,3231407.4527,0.34030005912166533
21,140,1101031.5046,3203986.7131,0.3436442167810062
21,141,1065977.5172,3182924.4326,0.3349050660085093
21,142,1099183.7725,3205252.5305,0.3429320348523472
21,143,1090017.9979,3208660.4635,0.3397112316181347
21,144,1114955.3269,3199365.1151,0.3484926811378172
21,145,1051535.5958,3200687.719,0.32853426766936644
21,146,1045566.5137,3204658.2092,0.32626459530016827
21,147,1084653.732,3210562.7506,0.3378391317214705
21,148,1057178.0864,3188442.334,0.33156569122382
21,149,1030005.4907,3196802.522,0.32219866057150215
21,150,1020214.2233,3220247.0544,0.31681240788840265
21,151,1123014.334,3191803.4909,0.3518431937309966
21,152,1116555.6029,3197191.1831,0.34923016452753586
21,153,1000822.7177,3182935.4475,0.3144338721936961
21,154,1069059.4227,3206049.4986,0.3334506916274471
21,155,999441.0169,3189835.2506,0.3133205756353742
21,156,1153711.6552,3214881.965,0.3588659452385214
21,157,1021661.4842,3173936.1031,0.32189100568286105
21,158,1077307.4488,3205859.7671,0.33604322305542556
21,159,1036902.7779,3201706.2728,0.32385943292455543
21,160,1026807.2237,3203046.1826,0.320572094551104
23,0,415353.6217,1001154.7537,0.41487454378552785
23,1,414221.3027,1000040.5749,0.41420449639397927
23,2,414965.7189,996095.2711,0.41659239928099284
23,3,421266.2524,1004493.6763,0.41938168685313404
23,4,406712.1877,996391.7296,0.40818502966024617
23,5,408697.1434,997911.1268,0.40955264694819915
23,6,412017.273,1002512.5935,0.4109846356758011
23,7,428782.3889,1006278.5092,0.4261070717299584
23,8,420119.8437,1000323.6723,0.4199839065430062
23,9,409265.1691,1001523.0128,0.40864280088362637
23,10,407022.4868,1000517.9455,0.4068117804689591
23,11,407224.3852,998960.3032,0.40764821574543625
23,12,412334.7565,1000688.779,0.41205094446252405
23,13,412341.3999,1006656.4445,0.4096148215738165
23,14,410429.25,1001733.3007,0.4097190836255485
23,15,417580.3957,991009.7769,0.42136859336165444
23,16,415639.1108,999619.7106,0.4157972340806702
23,17,414152.3104,1004838.8269,0.4121579494272625
23,18,406362.4614,1001330.4386,0.4058225394287939
23,19,415145.0909,995401.081,0.4170631304548483
23,20,421434.8484,1002880.426,0.42022442304602325
23,21,423590.9251,996307.1368,0.42516098646097744
23,22,410483.7294,999441.3654,0.41071316798631274
23,23,399254.7929,1002107.1044,0.3984152902888052
23,24,416738.8879,999683.8047,0.41687070045619196
23,25,422520.2517,1000245.0986,0.4224167179538129
23,26,415092.3298,1006360.8841,0.4124686644306747
23,27,408266.5419,1001871.5273,0.40750388725015524
23,28,429656.486,1002998.638,0.4283719535818552
23,29,423779.3164,1002061.2045,0.42290761731610377
23,30,405795.3573,1001096.6488,0.405350829798922
23,31,412258.9577,1007515.691,0.40918365975106186
23,32,410768.8125,997537.6068,0.4117827836262784
23,33,417519.2504,999723.5635,0.4176346998747119
23,34,413843.7284,1002049.2715,0.412997384630103
23,35,417656.2469,998193.6222,0.41841205715129043
23,36,403728.0292,993469.8773,0.4063817519029673
23,37,418302.5732,1002616.3219,0.4172110148848356
23,38,409427.4522,1004710.6224,0.4075078366564705
23,39,422264.5111,1005084.938,0.420128185325567
23,40,436611.0627,1004206.1385,0.43478230809480356
23,41,423290.3496,1002129.5788,0.4223908350324007
23,42,404725.6396,999064.1466,0.40510475826537884
23,43,406457.4763,996903.8349,0.4077198442523516
23,44,415906.8207,997385.8051,0.4169969319528267
23,45,414543.018,1005163.8625,0.4124133720535541
23,46,405072.242,1001374.9212,0.4045160642874706
23,47,424802.7628,1009912.6147,0.42063318807656436
23,48,411403.932,993961.1807,0.41390341996079527
23,49,417569.5737,1000634.0185,0.4173049946132728
23,50,427463.4429,1004054.8772,0.42573713111385303
23,51,421767.9017,1004064.5408,0.42006054846230456
23,52,410620.995,1001108.7561,0.41016622070078407
23,53,408076.7475,1001248.6445,0.40756784015800984
23,54,426792.503,1001693.4867,0.4260709575002171
23,55,416710.0668,999540.6157,0.4169015848427219
23,56,422242.8304,1003286.8078,0.42085954596162883
23,57,426217.7087,1002757.513,0.42504563982259586
23,58,427704.9473,999276.0908,0.428014791145046
23,59,411730.9847,1001499.6406,0.4111144607633921
23,60,402066.9138,1004335.6632,0.40033121249417764
23,61,413702.9206,999250.8806,0.41401306581945885
23,62,426749.3372,1004422.3049,0.42487043061283575
23,63,412760.395,1002781.3782,0.41161553651994215
23,64,411735.6226,1001172.1819,0.41125355862227236
23,65,417497.3563,1002205.2487,0.41657869667071923
23,66,416382.6982,994145.9878,0.4188345608288739
23,67,426091.2422,1000674.7011,0.4258039518053326
23,68,408012.9556,1001523.6505,0.4073922322216793
23,69,410863.8432,1001938.6602,0.41006885902375123
23,70,409182.3671,1004237.2317,0.40745588211992995
23,71,406451.7688,995906.4304,0.4081224464398237
23,72,423200.2673,1000022.2153,0.4231908659879548
23,73,423306.0109,1000643.7946,0.42303366411142684
23,74,407407.0807,1002687.0443,0.4063152935065803
23,75,416518.3871,1000859.7888,0.41616057689698244
23,76,414435.6398,1002416.2223,0.41343668486239743
23,77,420801.4224,1005672.8225,0.41842775601107585
23,78,403900.3185,998222.2859,0.404619616497384
23,79,429872.4986,1011688.0324,0.4249061813850117
23,80,412786.5736,1003340.6562,0.4114121869269868
23,81,408404.1311,999980.552,0.40841207389801315
23,82,432437.8424,1004437.3205,0.4305274541020999
23,83,408860.8642,1000763.1293,0.4085490884201383
23,84,406084.0437,990105.5302,0.41014218314483264
23,85,425476.2422,1002575.8114,0.4243831113438331
23,86,409007.9411,1000592.4993,0.4087657476806352
23,87,401896.7761,1003891.9573,0.4003386750710848
23,88,416745.1352,1000692.7546,0.4164566329518221
23,89,404642.5263,996374.6459,0.40611483638716706
23,90,405952.1052,1001559.6543,0.4053199462030287
23,91,408004.3602,1002752.301,0.4068844916068659
23,92,420469.2793,995834.8979,0.42222790161971485
23,93,428166.8646,1005189.0405,0.42595655876532607
23,94,418011.7039,1009023.3309,0.4142735763375796
23,95,422229.5502,1003492.0432,0.4207602372745949
23,96,429126.6569,1006400.9566,0.42639730624834743
23,97,408029.3172,1000916.1227,0.4076558544179798
23,98,408830.7746,1002371.2912,0.4078636112079424
23,99,402418.2522,1004055.0719,0.4007930077366108
23,100,424209.0001,1004720.5419,0.4222159121956338
23,101,420000.9128,1003669.4396,0.41846537936572636
23,102,418242.3928,999415.4354,0.41848702550066696
23,103,433144.5617,1001757.5798,0.43238461124145117
23,104,417275.496,998363.3334,0.41795955644618626
23,105,401513.6862,1002670.3214,0.4004443710265383
23,106,422429.7084,995585.1627,0.4243029368320256
23,107,414159.7173,998519.1569,0.4147739324158779
23,108,418091.2042,994129.0957,0.4205602733170261
23,109,411443.2978,995058.3327,0.41348661106488716
23,110,416457.8083,1004809.1314,0.4144645936086882
23,111,424971.0345,1004107.9456,0.42323241874762835
23,112,418102.2279,995573.4134,0.41996122262057184
23,113,404261.9089,1000136.2426,0.4042068387093565
23,114,434237.2658,1002606.7639,0.43310825483650023
23,115,409686.9531,1006720.1087,0.40695219014651235
23,116,406452.2339,1000463.1429,0.40626407557787103
23,117,417534.8882,1002073.4228,0.41667095314565006
23,118,405693.7877,996428.2087,0.40714803551105044
23,119,415660.3723,1001369.316,0.41509198021002675
23,120,410363.0906,999745.7681,0.410467444518308
23,121,420979.2868,1000967.9336,0.4205722008355853
23,122,405715.4861,1001262.4932,0.4052039189077656
23,123,420897.1306,1000940.1003,0.42050181671595477
23,124,408409.622,1002634.9657,0.40733630480846494
23,125,419615.341,1001267.9058,0.4190839819885496
23,126,418328.6235,1001429.5898,0.4177314388958152
23,127,405946.2949,1001913.4847,0.4051710063784113
23,128,420328.0453,1001236.4379,0.41980897756937297
23,129,427609.4637,1007397.8214,0.4244693155140468
23,130,417867.3988,1001378.6443,0.41729210142293827
23,131,433750.1454,1005131.4246,0.4315357522252518
23,132,414367.1558,1001681.1614,0.41367170689409755
23,133,410232.9208,1004410.0107,0.40843173248950176
23,134,428934.4423,1002687.2083,0.4277848951790602
23,135,418374.7825,998836.4898,0.418862132863981
23,136,407573.5519,995442.0346,0.4094397641785098
23,137,411032.0931,995252.5753,0.412992745058813
23,138,422374.0583,1006364.527,0.4197028481907133
23,139,414973.7767,1000707.3613,0.4146804477993601
23,140,402881.5647,998719.1891,0.40339824156483706
23,141,411367.2551,1002885.6353,0.4101836147817043
23,142,419192.6041,999722.1282,0.4193091182794527
23,143,423003.7767,1010429.2283,0.4186377084634459
23,144,412037.9914,1000878.8684,0.41167618221242086
23,145,421806.7073,995598.8899,0.42367133147603964
23,146,406339.9007,1002651.6642,0.4052652732833314
23,147,425769.2403,993845.3359,0.42840593492792783
23,148,407807.787,997460.2383,0.40884615881535136
23,149,408575.8199,1001648.9218,0.4079032193892589
23,150,409087.2138,1000274.0609,0.40897512970787464
23,151,415652.0568,1002498.9171,0.4146159658729471
23,152,427720.5681,1003538.8963,0.42621224715552664
23,153,415528.3532,1009256.1217,0.4117174464100157
23,154,416667.5031,999289.8117,0.4169636257885606
23,155,411623.3068,998280.1316,0.41233246437577403
23,156,419994.2149,997519.6364,0.4210385435776871
23,157,412133.6615,1002734.7749,0.4110096426456348
23,158,401208.6777,1007194.3366,0.39834286504664607
23,159,414444.8058,1001711.8102,0.4137365673239419
23,160,413595.6479,996558.2769,0.41502404574529705
24,0,1826901.903,4151883.6084,0.4400176101526189
24,1,1827048.046,4150062.5584,0.440245904800142
24,2,1782206.4037,4158783.0369,0.42854036574807114
24,3,1786128.5213,4180788.292,0.4272229054788025
24,4,1836311.9414,4152551.9414,0.4422128771207861
24,5,1805265.5243,4146388.3964,0.43538263947182987
24,6,1817314.7607,4159884.9814,0.4368665885777416
24,7,1864152.6852,4149945.1042,0.44919936008632083
24,8,1798213.5589,4135039.0878,0.4348722033137343
24,9,1836455.6262,4151038.9628,0.4424086698914663
24,10,1848993.7351,4155649.341,0.44493497486846784
24,11,1845486.239,4148077.2341,0.4449016097937751
24,12,1868222.0076,4157154.7501,0.4493991972646821
24,13,1792124.3227,4159912.0146,0.43080822777265476
24,14,1817547.4216,4171929.3095,0.4356611262470865
24,15,1806074.0151,4137727.0577,0.43648940346102133
24,16,1770885.4869,4149049.4839,0.4268171526446614
24,17,1840227.6826,4144479.8716,0.4440189697168368
24,18,1806893.6982,4171369.8416,0.4331655467660319
24,19,1818001.1155,4153856.5522,0.4376658396008247
24,20,1790019.1798,4124953.7876,0.4339489051200928
24,21,1785365.0656,4129072.3034,0.43238890830995563
24,22,1844125.5785,4152110.9506,0.44414169092314715
24,23,1855504.3148,4157822.6113,0.44626827266684455
24,24,1834466.7941,4156133.0897,0.44138788496602654
24,25,1860220.6512,4174488.3735,0.4456164408095698
24,26,1862890.2233,4148054.7007,0.44909972450113306
24,27,1844091.2964,4142062.9038,0.44521083798804667
24,28,1808253.2053,4140423.539,0.43673145712448813
24,29,1810455.9297,4132887.59,0.43806077234730695
24,30,1859355.1547,4140708.0547,0.44904280382421524
24,31,1838686.6916,4164135.7787,0.44155301107256856
24,32,1815092.5179,4146461.9518,0.43774488684553325
24,33,1859019.9254,4143896.9825,0.44861634670233985
24,34,1809956.0992,4131115.5871,0.43812768271404634
24,35,1783426.2141,4160341.1586,0.4286730693739891
24,36,1853527.8711,4152729.6587,0.44633964246067526
24,37,1849136.9292,4149322.1953,0.44564794975298505
24,38,1853753.0266,4130117.9996,0.44883778787422907
24,39,1834019.1041,4147875.9691,0.44215861750995
24,40,1827489.9446,4174189.7599,0.43780710741904094
24,41,1812237.0954,4157533.2142,0.435892391481162
24,42,1854288.0844,4136997.408,0.448220750831082
24,43,1826175.8974,4163231.7442,0.4386438251831967
24,44,1786856.744,4149808.9402,0.4305877137355346
24,45,1844812.7098,4180481.0565,0.44129196732792325
24,46,1840988.5142,4156485.182,0.44291954225472807
24,47,1836045.1911,4174730.8124,0.43979965981195346
24,48,1828614.2134,4123227.2152,0.4434910127336511
24,49,1785440.9689,4135568.9605,0.43172801274824735
24,50,1850761.1106,4174952.1812,0.44330115179140533
24,51,1837889.7022,4159607.6153,0.44184208516202733
24,52,1855936.2076,4174032.8245,0.44463862303773793
24,53,1846194.0596,4130422.9825,0.44697457558755
24,54,1838889.3247,4166216.0693,0.44138117037433605
24,55,1855914.404,4173422.7448,0.4446983968524233
24,56,1790615.6417,4156107.4292,0.4308395950305528
24,57,1825945.4486,4160912.9314,0.4388328904507103
24,58,1820001.2243,4128364.0836,0.44085288686867213
24,59,1820004.4975,4157485.0736,0.4377657322348588
24,60,1843236.7672,4141812.1823,0.4450314707839861
24,61,1840881.7883,4135777.5693,0.4451114107211472
24,62,1776888.8457,4176177.1764,0.42548215045601484
24,63,1837113.5826,4148317.3178,0.4428575352028004
24,64,1828658.5196,4145333.9617,0.4411365975565616
24,65,1870225.5647,4166776.8271,0.4488422688098807
24,66,1805244.0906,4150990.2074,0.4348948083235124
24,67,1771579.6999,4143100.1018,0.42759760960888304
24,68,1770114.7263,4147068.0147,0.42683522913671107
24,69,1843646.4022,4172010.7421,0.44190835454848143
24,70,1809839.5716,4152100.7665,0.4358852719091397
24,71,1872796.5196,4127727.3133,0.45371129860386844
24,72,1876975.5874,4142660.5743,0.4530845705883493
24,73,1868939.2215,4155589.5316,0.4497410553396053
24,74,1799404.5666,4157416.6094,0.4328179577989637
24,75,1807694.9835,4170128.5157,0.433486636369661
24,76,1813083.529,4126882.1147,0.4393349455129276
24,77,1834210.1144,4139111.1161,0.44314106651194474
24,78,1867947.419,4169204.6793,0.4480344724437046
24,79,1815982.4087,4153527.3589,0.4372145051142593
24,80,1806692.1374,4123780.7561,0.4381154683666186
24,81,1833924.3544,4147676.9142,0.44215699350192167
24,82,1847300.5626,4171500.9638,0.4428383401156437
24,83,1855478.5437,4157737.9063,0.44627116608011574
24,84,1760866.7242,4135556.5042,0.42578712741844876
24,85,1862931.9595,4163610.9358,0.4474318057631037
24,86,1870593.2439,4168972.9932,0.44869401815533927
24,87,1851707.7541,4154419.5784,0.4457199662084088
24,88,1848646.2362,4172124.125,0.44309473563421364
24,89,1807249.1504,4171934.7044,0.433192098738735
24,90,1875417.1206,4161778.2374,0.4506287970239459
24,91,1868413.3971,4148866.6608,0.45034308158260394
24,92,1794475.4129,4159792.882,0.43138575977302707
24,93,1889932.9702,4144161.3636,0.4560471478741432
24,94,1729108.4111,4162363.7295,0.4154150197987881
24,95,1799355.7001,4169488.3131,0.4315531223451698
24,96,1803074.1479,4166986.0833,0.432704624362958
24,97,1828742.0972,4179234.2571,0.4375782702520669
24,98,1826741.2974,4149522.111,0.44022932003602955
24,99,1853566.42,4101151.0593,0.4519624839950113
24,100,1815002.3261,4164831.347,0.43579251472148506
24,101,1830718.9748,4156110.6793,0.44048850381153515
24,102,1901705.3117,4157001.3557,0.4574704574229735
24,103,1781248.9244,4130356.622,0.43125790032568284
24,104,1851860.4749,4126950.2286,0.4487237238933732
24,105,1843247.6567,4142710.202,0.4449376294316037
24,106,1826010.9083,4158991.2687,0.43905139259183074
24,107,1874705.4606,4135114.2145,0.45336243773539425
24,108,1827408.2462,4171740.7743,0.4380445346599061
24,109,1893736.3447,4157779.0394,0.45546825041796374
24,110,1829684.6941,4141279.7153,0.44181625484997095
24,111,1806949.2987,4157137.1565,0.43466193937688524
24,112,1820693.026,4167863.7835,0.4368408183606848
24,113,1835985.2442,4136966.4602,0.44379988618791943
24,114,1758305.159,4126293.3278,0.42612219232059995
24,115,1897511.5286,4116636.7251,0.46093732707345125
24,116,1776011.9159,4133850.7746,0.42962651840567484
24,117,1802978.2735,4146254.339,0.4348450736707206
24,118,1851762.8329,4170628.2232,0.44400093554231906
24,119,1780077.3615,4146569.7466,0.4292891402488968
24,120,1834641.2598,4138605.8372,0.4432993457142655
24,121,1851779.431,4157866.4171,0.44536770671232057
24,122,1817948.7646,4180353.1245,0.4348792339923292
24,123,1851519.6071,4148882.4132,0.44626948240548897
24,124,1803257.1066,4140258.245,0.4355421811616971
24,125,1793019.9782,4165854.9277,0.4304086458406606
24,126,1801572.1789,4138782.1381,0.43529041123364176
24,127,1845452.3168,4136076.94,0.4461842329267695
24,128,1783886.6666,4175393.9351,0.42723793115757264
24,129,1819088.9872,4156826.0552,0.437614892478939
24,130,1796844.7681,4146445.1716,0.4333458405303468
24,131,1861301.647,4183302.44,0.4449359504114649
24,132,1789844.2658,4135793.7454,0.4327692278636328
24,133,1832286.3055,4146098.1527,0.4419302770984301
24,134,1840373.9882,4132639.8169,0.44532649099347643
24,135,1848483.0343,4105961.9869,0.4501948727722158
24,136,1828745.52,4171409.4538,0.43839990781391175
24,137,1858437.2746,4174724.1405,0.44516409038165045
24,138,1812259.7566,4160753.1354,0.4355605097503041
24,139,1805876.0102,4155794.5321,0.4345441037209935
24,140,1835725.5225,4144541.3031,0.44292610164770924
24,141,1835496.1575,4142433.0002,0.4430961604958682
24,142,1829198.7972,4153927.9056,0.44035400680257775
24,143,1808917.0332,4144706.2145,0.436440350554067
24,144,1836028.0469,4173638.4468,0.43991066075877133
24,145,1734672.0614,4144690.1712,0.4185287656610929
24,146,1856008.7505,4154985.0641,0.44669444579628714
24,147,1796956.6181,4146285.7725,0.43338947595416855
24,148,1871021.8846,4126322.2279,0.45343571860412246
24,149,1772146.985,4139631.2822,0.4280929542251878
24,150,1820210.6805,4156795.9489,0.4378879076279115
24,151,1740487.6137,4137690.1118,0.4206423310282277
24,152,1808748.898,4160205.8709,0.43477389199700917
24,153,1845438.1252,4145859.3009,0.4451280159940268
24,154,1828409.4507,4157150.433,0.43982277768585143
24,155,1873594.1897,4147606.4654,0.45172901656167813
24,156,1873425.9473,4148963.4532,0.4515407205756584
24,157,1841784.3798,4164728.3868,0.44223397272136367
24,158,1772968.283,4171240.495,0.425045807146634
24,159,1839635.4173,4118628.8036,0.4466621064981667
24,160,1870011.2488,4174966.5249,0.4479104772809624
25,0,2025127.1879,4991053.6472,0.4057514366803298
25,1,2026529.1809,4992778.6919,0.40589205049038635
25,2,2088323.3446,4972498.467,0.4199746583049072
25,3,2089409.283,5008731.1911,0.417153407376436
25,4,2018049.0351,5000261.0548,0.40358873526468664
25,5,2022559.7829,4990834.847,0.4052548010310869
25,6,2003477.4369,5001966.9503,0.4005379197437197
25,7,1999742.6322,4962999.3068,0.40293026627266987
25,8,2066865.5681,4986239.6814,0.41451388223674007
25,9,1925546.8411,4939997.9409,0.389786972411003
25,10,2001194.3792,4993838.349,0.4007327108617228
25,11,2008754.059,4971006.7832,0.4040940088411827
25,12,2096545.262,4996276.1485,0.41962157408561823
25,13,2066863.8413,4991004.2997,0.41411782422712706
25,14,1992456.4151,5016541.9537,0.39717726543290327
25,15,2076667.6105,5013120.6263,0.4142464874284727
25,16,1972801.7915,4974891.6295,0.39655171176025716
25,17,2078312.5629,4982318.039,0.41713767500019683
25,18,2055041.3094,4987480.8979,0.41203993588532517
25,19,1955776.7459,4941407.6086,0.3957934460812697
25,20,2055590.8527,5019596.4949,0.40951316600617543
25,21,2061310.6648,4967200.002,0.4149844306591301
25,22,2020814.2157,4988662.4335,0.40508137053527093
25,23,2019045.5783,4992881.5307,0.40438483586790225
25,24,2061108.2642,4962158.5548,0.41536525716338646
25,25,2138800.0344,5020389.7167,0.4260227104054135
25,26,1928028.0276,5022083.2611,0.38391000852855217
25,27,2111245.1234,5026943.3157,0.4199858623442643
25,28,2062870.9018,5011787.3429,0.41160383724628447
25,29,2010975.6895,4989873.9062,0.40301132399384476
25,30,2011716.5588,5058908.0953,0.39765825369885527
25,31,1980485.6248,4997596.2364,0.39628764132146765
25,32,2015600.3693,4982690.6243,0.4045204732298956
25,33,2096593.1846,4991711.258,0.42001491597493357
25,34,1954926.0124,5003636.2466,0.3907010653958676
25,35,2045713.5635,4995256.4854,0.4095312361795948
25,36,2022074.5507,5001539.7536,0.40429040861757715
25,37,2094147.4079,5012052.3681,0.4178223318711776
25,38,1984045.3952,5034593.7297,0.3940825221895759
25,39,2077070.7965,4967124.0812,0.4181636622208567
25,40,1987183.1713,4989035.8191,0.3983100629769539
25,41,2028037.9581,4996042.8191,0.40592885840504783
25,42,2053634.1391,4991235.9986,0.41144801401416947
25,43,1977995.1425,4996368.0991,0.3958865926744464
25,44,2078871.2327,5026704.3186,0.4135654498331407
25,45,2008566.6614,4978980.0821,0.40340925817739776
25,46,2027679.5056,5003354.8082,0.4052639845323053
25,47,2028915.9569,4972512.8112,0.4080262905165585
25,48,2035634.2693,4987022.4656,0.40818630422092717
25,49,2010445.841,4971436.971,0.40439934222792745
25,50,2044616.18,4980654.8698,0.4105115157441339
25,51,2041925.8726,4998705.0803,0.4084909671201192
25,52,2107155.7562,4969200.8049,0.42404318902190236
25,53,2008881.5696,5015377.8031,0.40054441528977386
25,54,2024789.9332,5042050.3782,0.40158066288953764
25,55,1982582.3166,4988501.2127,0.39743045697826695
25,56,1964986.0932,5010601.5233,0.39216570786212773
25,57,2017115.6759,5000848.7215,0.4033546680242245
25,58,2056182.0022,4914244.9486,0.418412599230687
25,59,2015791.1225,4973271.9574,0.4053249329147576
25,60,2046983.5158,5010503.6328,0.4085384755336645
25,61,2078653.2953,5007388.9859,0.4151172000324226
25,62,1990139.6453,4969920.1507,0.4004369456558963
25,63,1994340.8179,4997061.9071,0.39910268373228897
25,64,1952453.7852,4924155.6921,0.39650529091360615
25,65,2023058.9292,5006807.1524,0.4040616839476735
25,66,1985579.1286,4958766.1267,0.4004179825922501
25,67,2032361.2057,5024515.3421,0.4044890038788444
25,68,2012164.9383,4987956.9875,0.4034046290580608
25,69,2022752.1145,5004706.7202,0.404169959917085
25,70,1978847.9445,4963000.2858,0.398720094810759
25,71,1992574.1492,4987834.05,0.3994868572662316
25,72,1986284.9252,4987589.0919,0.39824550270706716
25,73,2054569.1735,5003363.7371,0.4106375793279521
25,74,2051462.2579,4956379.8314,0.41390335843581527
25,75,1943873.9202,4984859.2527,0.3899556279642439
25,76,2103490.7679,4989547.1867,0.42157949192403815
25,77,2103330.4049,5003902.9602,0.42033796850767313
25,78,1999283.6103,4990417.3486,0.4006245311047731
25,79,1980329.4524,4970383.4864,0.3984258876238809
25,80,1931272.9292,4982837.2459,0.38758499101874105
25,81,2020039.5303,4989967.1136,0.404820209094053
25,82,1963872.659,4969577.3241,0.39517901240336595
25,83,2003098.7296,5011035.1742,0.39973751130569346
25,84,1993290.2215,4984684.9384,0.39988289052022064
25,85,2020478.0847,4989629.8245,0.4049354673124409
25,86,1950288.101,4973123.275,0.39216564584355695
25,87,1964132.9808,4979010.7352,0.39448257600936937
25,88,2011649.8631,4960353.1857,0.40554569156472636
25,89,2004702.451,4958227.933,0.40431833269654566
25,90,2062821.7701,4994991.6739,0.412978019738997
25,91,1969246.864,4979574.6244,0.39546487652793816
25,92,2035947.368,4963416.4972,0.41019071624324377
25,93,2065898.384,4986298.4561,0.41431502790866404
25,94,1976092.5428,4986496.2118,0.3962887885332776
25,95,2085377.7145,4989193.2131,0.41797894477697833
25,96,1976370.0013,5008165.7538,0.3946295107745601
25,97,2044036.0626,4981726.8464,0.4103067321077839
25,98,2016395.0203,4959130.7188,0.40660251456084284
25,99,2014645.3423,4993373.5832,0.4034637722837705
25,100,2005577.7319,4985932.4923,0.4022472696927413
25,101,1981148.9446,4970466.4385,0.3985841105885982
25,102,2044824.3282,4993572.4705,0.4094912690824039
25,103,2105165.0379,5017744.4398,0.4195440926010789
25,104,2071173.2782,4997093.4429,0.4144755950367061
25,105,1978447.8974,4946458.4099,0.39997261342383295
25,106,1981379.855,4958069.8885,0.39962725406427074
25,107,2052615.7489,4997605.428,0.41071984943025797
25,108,2058415.4062,4991701.7241,0.4123674690460658
25,109,2028181.8405,4983582.702,0.4069726463425709
25,110,1953683.1154,4930489.2967,0.39624528070826753
25,111,1931776.3567,4996109.7153,0.3866561118111881
25,112,2001333.9681,4987677.3059,0.4012557038789561
25,113,2080700.0974,5005528.6543,0.415680388846156
25,114,2025110.9026,4982954.9435,0.4064076287187083
25,115,2023743.8534,4992196.4837,0.4053814508318568
25,116,2064403.4906,5013545.7991,0.4117651604919194
25,117,2001289.9323,4958889.3436,0.4035762433140171
25,118,1986906.1432,4982808.6013,0.39875225042391194
25,119,2056040.2747,5034178.136,0.4084162735515881
25,120,2032352.4697,4960036.6989,0.40974545009933494
25,121,2033036.7666,5006878.3317,0.4060487657006271
25,122,2028549.2517,4989200.8748,0.40658800930345734
25,123,1976664.9557,4925397.7112,0.401320882414268
25,124,1977255.8201,4967385.7954,0.39804756496485916
25,125,2008229.3098,4995269.0435,0.40202625570552014
25,126,2015422.811,4963479.2435,0.40605041587296403
25,127,2024628.241,5005029.7974,0.4045187187600259
25,128,2079856.5865,5008976.1693,0.4152258897232203
25,129,2093474.1316,5037363.2893,0.4155892698957816
25,130,2064694.7151,4999250.8973,0.4130008190257269
25,131,1945098.0374,4988263.0673,0.38993493549906627
25,132,2034736.3442,5002374.8487,0.40675407296372046
25,133,2023445.8694,4953154.2362,0.40851662857814885
25,134,1975111.0177,4970329.9198,0.39738026440294655
25,135,1998924.749,4992034.877,0.40042283322372707
25,136,2015769.4516,5022679.5352,0.40133347896736427
25,137,2038778.9821,5030695.2881,0.40526783383654486
25,138,2125687.7828,5031753.1509,0.4224547029736128
25,139,2053467.3036,4984561.1915,0.41196551204982834
25,140,2038947.7439,5005222.8386,0.4073640294645322
25,141,2035687.0627,4974512.1067,0.4092234613236146
25,142,2126869.4124,5055978.3728,0.42066426230026377
25,143,2046515.8214,5015136.4058,0.4080678282315924
25,144,2139541.4431,5017341.5596,0.42642929879993496
25,145,2027669.4878,4952236.7926,0.409445180575754
25,146,2071649.487,5037558.6277,0.4112407696078475
25,147,1989306.3612,4970936.3448,0.40018745427729624
25,148,2042766.9236,5016089.1934,0.4072429426270576
25,149,1992181.5171,4981605.6305,0.399907512731
25,150,2046718.9437,5003856.7482,0.4090282849196774
25,151,2077370.2752,4993980.7033,0.41597483022457077
25,152,2122958.2947,4995696.4169,0.4249574268600909
25,153,1962309.7522,5031805.5762,0.38998123486359515
25,154,2002870.638,5062060.3212,0.3956631313957168
25,155,2032780.8839,4957329.3639,0.4100556438115669
25,156,1955356.57,4983054.5104,0.392401200091034
25,157,1985831.8831,4992365.9887,0.39777369840168825
25,158,2032826.1154,5026146.8538,0.40445020301448004
25,159,2166906.7816,4999027.9263,0.4334656284274497
25,160,2038721.0549,5006095.3402,0.4072477482657273
26,0,2468843.7108,7167254.9311,0.344461545533597
26,1,2417473.7646,7169619.6477,0.3371829864608677
26,2,2493620.5876,7166787.3234,0.34794120085832264
26,3,2471369.4983,7204406.4115,0.34303582517986325
26,4,2568348.4188,7179705.6597,0.35772335810592504
26,5,2422669.6132,7115278.9156,0.3404883549804888
26,6,2487671.7562,7194646.509,0.3457670579212052
26,7,2499419.1465,7152822.0086,0.3494311956169036
26,8,2415571.9619,7143464.6957,0.3381513123952374
26,9,2410776.7748,7180398.9608,0.33574412619147903
26,10,2447040.8613,7174296.0513,0.34108445536710047
26,11,2408859.6716,7140050.3724,0.3373729239938548
26,12,2380493.5712,7182585.7226,0.33142570978439967
26,13,2429737.7565,7145704.6134,0.34002773525561475
26,14,2393964.2704,7136746.8832,0.33544194709152775
26,15,2404972.8959,7165064.0455,0.3356526725550258
26,16,2509281.1394,7167560.9203,0.35008856810595107
26,17,2469273.3618,7204207.7061,0.3427543267123182
26,18,2431619.9087,7161326.9309,0.33954879202734656
26,19,2509934.0664,7168812.3034,0.3501185357035498
26,20,2477643.8294,7126462.6739,0.34766811288777777
26,21,2465787.6181,7167804.8426,0.34400875473690734
26,22,2610614.476,7171603.8633,0.3640210092137926
26,23,2569761.3853,7131355.4246,0.3603468390364429
26,24,2448646.1988,7174049.0859,0.3413199672152525
26,25,2430782.481,7172093.0993,0.3389223267664004
26,26,2444969.5747,7177300.7434,0.34065307587233407
26,27,2387958.7273,7184501.1123,0.3323764155609594
26,28,2446925.558,7165084.9506,0.3415068453298793
26,29,2450838.847,7175168.3973,0.3415723104035085
26,30,2510366.4433,7159665.176,0.35062623482939254
26,31,2434955.3199,7182151.0663,0.33902869731120905
26,32,2479746.3617,7179554.3578,0.3453900114296033
26,33,2560659.7613,7194677.5138,0.3559102901260603
26,34,2488408.3025,7197927.5889,0.3457117721408313
26,35,2512117.6357,7169909.7248,0.3503694930789486
26,36,2415163.5941,7225812.9759,0.33424108846370787
26,37,2465945.2615,7157956.7498,0.34450407395502924
26,38,2500301.6996,7227202.3241,0.3459570643625729
26,39,2449944.3648,7126217.7527,0.34379308208365633
26,40,2453778.4298,7185819.7219,0.34147508910106605
26,41,2506191.433,7163880.8178,0.3498371199549969
26,42,2514357.5061,7184820.8918,0.3499540968334539
26,43,2471948.945,7126710.8924,0.34685691370420435
26,44,2453512.2851,7175809.9858,0.3419143330098182
26,45,2385773.7666,7193722.213,0.33164663521321325
26,46,2448732.9032,7186435.9924,0.3407437157708845
26,47,2467226.8711,7181045.5511,0.34357488105921674
26,48,2556159.2885,7145694.9397,0.3577201811818902
26,49,2481313.9403,7098028.7266,0.3495778949162643
26,50,2523516.1874,7133959.1688,0.3537329171207577
26,51,2443406.6417,7197273.4386,0.33949059495164696
26,52,2457683.6819,7134957.1227,0.34445668553225545
26,53,2465064.4786,7177245.5608,0.34345550221431126
26,54,2486511.8948,7153994.1626,0.34756974052328815
26,55,2462349.7169,7102426.7296,0.34669132264862895
26,56,2400064.4145,7188604.6781,0.33387069145863146
26,57,2478370.0305,7190594.8745,0.3446682887516082
26,58,2445773.5469,7168329.5299,0.3411915616739398
26,59,2439865.6669,7099325.3062,0.3436757102494248
26,60,2450284.3792,7142568.7307,0.34305366480664756
26,61,2410598.0277,7171738.1562,0.3361246569795674
26,62,2387334.5206,7166608.7986,0.33311913454329567
26,63,2490969.2961,7180834.7323,0.3468913279531988
26,64,2593440.335,7149918.4061,0.36272306727128373
26,65,2358570.8241,7138332.3539,0.33040921985250576
26,66,2592139.464,7212154.931,0.359412615064356
26,67,2447068.3626,7168309.1601,0.3413731617800177
26,68,2479524.8566,7147162.234,0.34692438417090504
26,69,2521830.9515,7159625.4467,0.35222945254243115
26,70,2502021.918,7201868.0936,0.34741290530208996
26,71,2510712.0997,7184414.9345,0.34946646631494055
26,72,2454164.5561,7157360.7068,0.34288680655264026
26,73,2388234.7488,7196047.1987,0.33188147365562665
26,74,2457468.0858,7181103.8525,0.34221313829690225
26,75,2491058.9792,7170582.9495,0.3473997855883809
26,76,2526064.7021,7173098.7969,0.35215808029741485
26,77,2565439.8731,7210625.449,0.35578603981653023
26,78,2438559.9344,7152927.8078,0.3409177332589379
26,79,2508068.2912,7135079.8105,0.35151229668224887
26,80,2472302.4882,7158723.349,0.3453552215487354
26,81,2465465.8194,7169480.1026,0.3438834872428062
26,82,2498746.9723,7130025.6159,0.35045413676043174
26,83,2378066.8267,7160451.1381,0.33211131265829874
26,84,2451964.5069,7172838.3804,0.34184020005247406
26,85,2494220.1669,7165687.5237,0.34807827701815697
26,86,2541367.4392,7126497.9402,0.356608177049256
26,87,2391770.8012,7177913.0419,0.3332125629327624
26,88,2409819.6835,7180609.8679,0.33560097649543547
26,89,2564041.5888,7197406.7797,0.35624519598249993
26,90,2498009.7034,7154543.5842,0.3491501133512656
26,91,2461495.2353,7184244.1064,0.3426241089312661
26,92,2475651.5224,7183450.5479,0.344632639410837
26,93,2524968.1288,7147113.2479,0.35328503148343127
26,94,2396172.413,7189502.7051,0.3332876432886287
26,95,2508201.5025,7202572.1329,0.34823691539901497
26,96,2479317.5684,7217695.5077,0.34350542576297494
26,97,2493902.7615,7151593.0372,0.34871989338985315
26,98,2443033.7053,7137608.5319,0.3422762252064383
26,99,2503375.1614,7182059.8224,0.34855949731750596
26,100,2386647.1463,7144624.772,0.3340479342810755
26,101,2543498.8481,7198653.1231,0.35332982498324317
26,102,2505396.2959,7184769.2539,0.3487093610612524
26,103,2412409.3328,7151456.4776,0.33733119125540634
26,104,2423656.5847,7136317.5411,0.33962286161476146
26,105,2437817.215,7151119.846,0.34090006425547464
26,106,2511790.0996,7180623.1451,0.3498011313007041
26,107,2399929.773,7155591.1412,0.33539224442014853
26,108,2398167.639,7131301.8165,0.33628749710904904
26,109,2463761.8695,7130611.6793,0.34551900738785757
26,110,2380736.8221,7117770.6663,0.3344778770931613
26,111,2540990.7545,7208718.5149,0.352488552472665
26,112,2515616.3326,7169070.1477,0.3508985518027141
26,113,2464598.7335,7173291.7023,0.3435798843520843
26,114,2526785.529,7100923.9102,0.35583898108955125
26,115,2444202.6277,7173911.7257,0.34070709553671086
26,116,2435300.169,7124893.4613,0.34180162583871926
26,117,2496798.3138,7196519.9476,0.3469452363058715
26,118,2641963.243,7177249.2584,0.368102478802438
26,119,2516642.8657,7162262.3909,0.35137540742678125
26,120,2447972.4834,7168078.5579,0.3415102755398891
26,121,2531336.9856,7205423.7225,0.3513099413842279
26,122,2488374.2041,7178557.8628,0.3466398476767879
26,123,2500430.685,7174994.4207,0.3484923525217258
26,124,2511762.6559,7166810.8791,0.3504714577058052
26,125,2470399.2094,7162855.9789,0.34489025280938
26,126,2500823.3157,7210977.3869,0.34680781557340373
26,127,2447697.7726,7191665.6405,0.3403519984043396
26,128,2386341.497,7109582.0972,0.33565144397725205
26,129,2514134.7417,7167687.2334,0.3507595490473735
26,130,2479374.185,7183726.5441,0.3451376064747776
26,131,2437003.5403,7152917.6651,0.3407006279675847
26,132,2449669.6476,7148090.4319,0.3427026659690517
26,133,2513879.4607,7147874.8348,0.35169606614555937
26,134,2437722.3868,7136358.4017,0.3415919226000888
26,135,2402965.0343,7170926.8983,0.3350982471833128
26,136,2422412.4208,7191936.7036,0.33682337882471014
26,137,2530938.2866,7208111.273,0.35112364262193596
26,138,2467086.2975,7184697.8528,0.34338066096106384
26,139,2468652.2815,7154082.5555,0.3450690235049245
26,140,2430098.1928,7199183.0442,0.3375519385852817
26,141,2445495.6907,7141249.709,0.342446461103017
26,142,2416484.7923,7189448.0148,0.3361154830420209
26,143,2415753.7899,7156211.7864,0.33757438460541533
26,144,2532827.134,7164602.0629,0.3535195830506172
26,145,2522942.8167,7203294.1524,0.3502484784491834
26,146,2557550.1165,7168582.7082,0.35677207344967493
26,147,2396186.3537,7134875.1537,0.33584138503914635
26,148,2410224.888,7154874.8744,0.33686471535983625
26,149,2411509.3364,7101697.2253,0.33956802999273594
26,150,2467121.2521,7178916.5238,0.34366206152709017
26,151,2526401.4071,7199429.7296,0.3509168784178642
26,152,2368490.0331,7176968.7893,0.33001258646005743
26,153,2507747.7759,7190762.5101,0.34874573765684347
26,154,2365678.8878,7184113.8105,0.3292930694308354
26,155,2460517.1804,7151456.4776,0.3440581912379532
26,156,2495376.6679,7196841.1679,0.3467322134369318
26,157,2517092.416,7183158.0322,0.3504158483937858
26,158,2542456.2353,7199708.6379,0.3531332117964123
26,159,2528962.766,7151607.1712,0.35362159937759197
26,160,2458642.3785,7129858.462,0.3448374735071985
28,0,980035.9027,2074502.4674,0.4724197334545913
28,1,1012728.7956,2064001.4782,0.49066282475882383
28,2,940490.4229,2056781.7932,0.45726310200206416
28,3,986266.9664,2077660.3118,0.4747007779849915
28,4,982359.6989,2054077.8074,0.47824853341044865
28,5,1009962.3963,2087449.405,0.48382604813360736
28,6,1011649.4074,2065028.6798,0.48989605679373865
28,7,1011589.1326,2063269.8994,0.4902844426190537
28,8,949309.184,2058379.2426,0.46119255594556974
28,9,979472.8332,2067048.5108,0.47385091742279395
28,10,994000.0015,2078170.6362,0.4783052864790545
28,11,974874.787,2095694.0446,0.46517991951734156
28,12,943319.9412,2061809.9768,0.4575203107049006
28,13,978001.8154,2081922.7988,0.4697589247611442
28,14,989512.1349,2077117.8651,0.4763870897872044
28,15,984551.1891,2081685.1293,0.4729587463744198
28,16,972285.3778,2066139.7708,0.4705806410296896
28,17,926682.3403,2063412.9399,0.4491017393469046
28,18,993011.6995,2102465.8876,0.4723081146555674
28,19,938488.4431,2063244.2978,0.45486055340159826
28,20,1032162.4337,2084386.4332,0.4951876567894368
28,21,1021239.9469,2063258.6158,0.4949645861549103
28,22,962692.325,2064512.9751,0.4663048072891717
28,23,986241.9902,2082222.2045,0.47364877200357414
28,24,1011092.5286,2060862.2672,0.49061625548306315
28,25,969806.6136,2076939.2739,0.46694028361211204
28,26,1010278.6473,2065147.3293,0.4892041516681732
28,27,996793.5044,2070291.3481,0.48147498916749204
28,28,985667.4166,2064203.5087,0.4775049613304632
28,29,964021.7308,2070577.0328,0.4655811957386452
28,30,979669.723,2070104.4942,0.47324650796364615
28,31,962960.5329,2079713.1554,0.4630256487052849
28,32,967019.9774,2057775.3644,0.46993466543028656
28,33,964928.57,2086031.2769,0.46256668377185445
28,34,1013999.6921,2084798.4866,0.4863777955603203
28,35,980074.7112,2069371.0911,0.47360993657209594
28,36,957090.652,2078699.3537,0.4604276468823727
28,37,941953.4318,2076248.7308,0.453680437139656
28,38,985418.3153,2078363.9766,0.47413173361099525
28,39,923486.1869,2057156.2879,0.44891396552214285
28,40,1025570.8275,2094916.5286,0.4895521198571921
28,41,1021015.4153,2060848.3493,0.4954345212479143
28,42,943306.2804,2064342.3041,0.4569524533438543
28,43,1008317.9859,2095503.2897,0.4811817718713076
28,44,985462.3161,2032569.2072,0.4848357992481546
28,45,979132.5296,2094947.0663,0.467378171673473
28,46,1013991.9069,2074972.517,0.48867727094816266
28,47,1007953.6183,2085757.1868,0.48325549334264434
28,48,929749.8366,2063002.2735,0.4506780474956176
28,49,991459.0148,2077153.7401,0.4773161445200818
28,50,967115.865,2078367.1334,0.4653248453837391
28,51,957094.9766,2080497.8262,0.46003171190431885
28,52,967642.5762,2059293.2567,0.4698906156525948
28,53,962475.8525,2103277.6472,0.4576076077170797
28,54,1019034.4253,2070743.6139,0.49211037931478613
28,55,976023.7944,2079097.9529,0.4694457964515848
28,56,970646.4395,2069489.6885,0.46902695137540906
28,57,924692.4467,2077596.6973,0.445077934471936
28,58,1002204.2129,2096167.2201,0.47811272082204814
28,59,923232.6366,2072847.1069,0.4453935041937173
28,60,1023025.781,2089807.4705,0.48953111491903817
28,61,1009738.6997,2060770.6795,0.4899811074296683
28,62,917728.18,2060659.8362,0.4453564648944459
28,63,1013420.7422,2084054.7942,0.4862735591311642
28,64,993687.1452,2066759.5878,0.4807947431649505
28,65,983864.0445,2056511.0546,0.47841417739977365
28,66,1009386.2659,2098480.7518,0.4810081126711243
28,67,1004022.5361,2062330.3312,0.4868388545281169
28,68,952189.0042,2065751.3224,0.46094076952773877
28,69,983034.2578,2070481.5124,0.474785334673438
28,70,962938.0879,2079884.6785,0.46297667262709247
28,71,944630.8747,2082777.1207,0.4535439079446577
28,72,994357.9833,2055674.1068,0.4837138240982586
28,73,938141.5616,2080758.0795,0.4508652739800643
28,74,1011292.6332,2094524.1619,0.48282691200020766
28,75,964137.2989,2081043.4132,0.46329513972870734
28,76,952191.7718,2060130.6988,0.4621996907063419
28,77,944089.3837,2077841.2155,0.45436069737062157
28,78,996200.8267,2097175.6466,0.4750202150759612
28,79,932855.8438,2072560.8848,0.45009816147814624
28,80,1031809.1342,2081670.9474,0.49566389706727
28,81,945268.0653,2085151.4074,0.45333305866678814
28,82,996626.3975,2084398.2125,0.47813627526798697
28,83,968220.6862,2083638.892,0.46467777594160975
28,84,981831.1656,2097608.7993,0.4680716280021566
28,85,951062.5176,2060626.5339,0.461540459638745
28,86,960575.6989,2084481.107,0.4608224539307374
28,87,968451.608,2081645.3843,0.4652337114208641
28,88,1002047.5744,2093807.5196,0.47857673879757134
28,89,991498.863,2078165.1272,0.4771030222876892
28,90,986580.558,2071587.1847,0.4762438024749961
28,91,947895.7683,2048165.7975,0.4628022640828226
28,92,989735.3836,2088332.3187,0.4739357691002534
28,93,981942.1406,2065249.0424,0.4754594339183895
28,94,981835.5139,2070329.8531,0.47424110338256126
28,95,986377.9889,2080513.828,0.47410306801383106
28,96,968795.4906,2079214.4792,0.4659430281443377
28,97,1022876.4304,2076496.9215,0.49259713308946507
28,98,986440.8577,2050863.2452,0.4809881204945005
28,99,1026047.0471,2076763.1182,0.49406070346111947
28,100,930150.3575,2047089.4306,0.4543770016082657
28,101,949933.9661,2085830.285,0.4554224631463724
28,102,1002330.9169,2095425.0164,0.4783425362659997
28,103,971024.8788,2061349.7185,0.47106265864804053
28,104,963185.1817,2079568.5964,0.46316586207706595
28,105,978035.0751,2070950.4258,0.4722638760037865
28,106,937392.4863,2077325.0116,0.45124979532114734
28,107,939600.8767,2081790.1872,0.45134273495820426
28,108,989311.5235,2077899.6931,0.47611129968649013
28,109,1001306.3096,2080635.5416,0.4812502187817092
28,110,961300.8532,2062436.6757,0.4660995726686883
28,111,999065.323,2066311.2924,0.48350184537761276
28,112,973392.4979,2094240.7945,0.4647949273342264
28,113,1004219.1143,2068490.6295,0.4854840046061712
28,114,963624.3918,2059467.6413,0.46789974869026363
28,115,960983.4166,2084853.7818,0.4609356421006733
28,116,981554.104,2063951.601,0.47557031062377125
28,117,1043732.4125,2075282.0636,0.5029352061615341
28,118,993434.6132,2061453.2122,0.4819098523899062
28,119,1007126.5218,2079034.9254,0.4844202035741328
28,120,917949.587,2050998.5681,0.44756227589684194
28,121,947801.3236,2086064.1935,0.45434906871671016
28,122,1018696.975,2084280.9085,0.4887522458444089
28,123,940476.7857,2054960.8502,0.45766165599138675
28,124,985038.2534,2109326.0212,0.4669919412645418
28,125,957227.6113,2056575.4757,0.46544735294686274
28,126,956168.4027,2073293.9743,0.46118322560737113
28,127,948842.5055,2073677.8514,0.45756504794580743
28,128,1023017.2184,2083426.3574,0.49102633974385756
28,129,978425.6999,2077148.7457,0.4710426742068826
28,130,1005143.2165,2065237.5851,0.4866961669455238
28,131,983093.3541,2068300.3659,0.4753145966167331
28,132,962938.0133,2095872.9562,0.459444839178559
28,133,1014126.5385,2049417.5483,0.4948364667518447
28,134,980266.2982,2082589.3736,0.4706959089613978
28,135,979252.7029,2067452.7315,0.47365179768319166
28,136,964992.8375,2080694.3855,0.4637840348995357
28,137,1046711.0209,2072075.3823,0.5051510335199063
28,138,973714.111,2055406.7391,0.4737330536467735
28,139,1024428.9076,2069584.0659,0.4949926531032247
28,140,941342.3292,2057674.4263,0.45747875230809537
28,141,944424.9807,2086601.5912,0.45261394637241853
28,142,1033211.036,2089761.6258,0.49441573777797143
28,143,939705.2868,2072087.8117,0.45350649788777
28,144,971976.7047,2084215.0949,0.46635143708458515
28,145,993484.248,2090527.3529,0.47523140351252946
28,146,934624.5539,2054566.5159,0.4549010930856084
28,147,952045.6519,2078258.4747,0.4580978080878171
28,148,1009598.2923,2087463.6188,0.48364832958400394
28,149,974065.0463,2074499.2244,0.46954225619521517
28,150,985630.7981,2070995.8934,0.47592117456199684
28,151,1023802.3893,2057602.6063,0.4975705153975339
28,152,963879.8676,2085203.0493,0.4622474861254271
28,153,1004363.0453,2069561.0785,0.48530244201729655
28,154,934192.2524,2054895.9624,0.45461778576318645
28,155,999135.6678,2080324.4574,0.4802787681728863
28,156,1002453.6671,2090087.5259,0.47962281707238047
28,157,1017550.3473,2065821.4973,0.4925645069672884
28,158,983477.2037,2054869.2104,0.4786081755094071
28,159,1033571.8779,2072563.6448,0.4986924674150301
28,160,912186.291,2052965.079,0.4443262578262297
33,0,387939.2734,993615.8339,0.39043185521442003
33,1,388070.4792,993608.4354,0.3905668122108618
33,2,385257.6742,992234.0896,0.38827296727459665
33,3,382017.1246,985987.7955,0.38744609856583156
33,4,380962.3692,997025.3435,0.3820989824217041
33,5,385894.3011,991694.4567,0.3891262056501924
33,6,381717.5825,991214.6966,0.38510080995504076
33,7,389945.9837,994337.6103,0.392166583724365
33,8,384126.7313,990933.0058,0.38764147429914986
33,9,387786.4713,996564.0766,0.3891234697351522
33,10,396541.2101,992150.1093,0.3996786437687086
33,11,380163.6085,982622.5836,0.3868866997817289
33,12,385574.6321,996822.1266,0.38680384575243437
33,13,389087.0947,996124.7886,0.3906007551993973
33,14,379800.8272,993380.3941,0.3823317124595544
33,15,392408.5724,992973.3802,0.3951853898852383
33,16,404089.1362,991843.5055,0.40741219149919616
33,17,387188.6129,990321.1211,0.39097279119921213
33,18,386940.2688,998060.5993,0.3876921592450243
33,19,401344.9483,999468.5408,0.40155836018485713
33,20,389778.043,988469.0178,0.3943249975275047
33,21,393911.916,995309.7188,0.3957681800544677
33,22,393999.5011,997312.0964,0.39506138802709906
33,23,390843.2711,999070.7171,0.3912068129015929
33,24,389049.7905,988160.1265,0.39371128227769064
33,25,385964.7426,994467.2376,0.38811207449273943
33,26,377103.9416,989550.4252,0.38108612961667193
33,27,389605.678,993270.4229,0.3922453231442134
33,28,382904.0656,993228.5585,0.38551455485560326
33,29,397306.4939,997568.7048,0.3982748175521955
33,30,388323.6043,997898.8197,0.3891412602499544
33,31,396269.1166,994188.3669,0.3985855495730806
33,32,382553.1396,989050.4921,0.38678828093775536
33,33,394366.6306,990573.4137,0.3981195387901213
33,34,379159.4651,991543.9266,0.3823930084470753
33,35,381484.4585,991092.9122,0.3849129115989656
33,36,381937.2116,996174.4046,0.38340396002581656
33,37,391766.5691,998925.5329,0.3921879621623595
33,38,388277.4315,999785.5363,0.38836072077711253
33,39,402667.9224,994583.9756,0.40486065760016254
33,40,391003.798,991589.186,0.3943203531467315
33,41,386654.1926,990102.5678,0.39051933120337473
33,42,394483.8843,1001468.1975,0.3939055531516267
33,43,378282.03,1001743.8,0.37762353008823213
33,44,370971.4593,989847.3146,0.3747764466582511
33,45,399289.2286,989004.2465,0.40372852797452574
33,46,395320.8931,994926.1058,0.39733693868865816
33,47,378540.5262,996598.3789,0.3798325726937423
33,48,400896.2761,992135.1129,0.40407427465013773
33,49,378865.2099,1006153.4655,0.37654813394865755
33,50,382914.1333,990669.4281,0.38652059146953704
33,51,391988.6703,992807.5039,0.39482847254897746
33,52,379131.5524,992111.9757,0.38214592877230197
33,53,387770.1754,989893.2945,0.39172926774482764
33,54,377783.8433,987836.5823,0.3824355668428458
33,55,375169.4279,996667.2938,0.37642393829297743
33,56,383815.9822,988116.1834,0.38843203729275144
33,57,380029.0922,984568.4705,0.385985437871078
33,58,386465.7464,994522.4218,0.38859430207770507
33,59,398841.4709,993691.7585,0.4013734314371895
33,60,384401.2479,999133.061,0.38473478949366885
33,61,385697.0959,994249.1133,0.38792802602542686
33,62,393025.51,996689.1062,0.3943310983888027
33,63,388977.8634,990449.1859,0.39272874261241797
33,64,398743.5037,986076.1403,0.4043739498439622
33,65,392865.5489,994309.4535,0.39511396328084897
33,66,394538.238,990867.723,0.3981744776239926
33,67,385393.8238,988698.4405,0.38979916222493527
33,68,390670.2904,995464.527,0.39245023785764693
33,69,387785.7544,998487.1515,0.38837330437095763
33,70,403914.1795,994198.0843,0.4062713315167871
33,71,386421.5563,998613.2996,0.3869581513232232
33,72,379303.3131,995847.0833,0.38088509718086355
33,73,398202.2593,997072.8114,0.3993712944001353
33,74,380108.5891,997305.1899,0.3811356773728547
33,75,396530.8755,987666.6414,0.40148250318338635
33,76,386302.6684,994427.6567,0.3884673417892884
33,77,388379.5319,993858.7123,0.3907794207500655
33,78,374779.3744,998136.859,0.37547894461635145
33,79,390274.1608,994385.5052,0.39247772494582417
33,80,378659.4158,989308.2054,0.38275171855761503
33,81,389313.3854,993428.4812,0.39188868928917114
33,82,388803.8238,991603.3058,0.3920961351438044
33,83,398152.7609,992237.8996,0.4012674390491504
33,84,395069.4449,993496.9746,0.39765540811944816
33,85,394587.8132,992828.9255,0.3974378697732654
33,86,393241.6518,990670.5497,0.3969449297943534
33,87,401687.1394,989754.974,0.4058450323079659
33,88,402145.9295,992272.808,0.4052775872298216
33,89,392007.0935,985535.1512,0.39776064103110603
33,90,393153.1539,998981.5516,0.3935539683093383
33,91,383941.8309,994755.0617,0.3859661998038567
33,92,374594.9209,994404.1322,0.37670290053124944
33,93,390506.8189,997437.6993,0.3915099852091584
33,94,391168.4266,988839.9972,0.39558313549981067
33,95,395737.0036,995448.6518,0.3975463755809167
33,96,400516.739,996100.5296,0.4020846562152054
33,97,377637.8551,991738.3452,0.38078375907089007
33,98,383516.4279,988725.3544,0.3878897473330537
33,99,387086.4241,991746.6779,0.39030775975942394
33,100,379945.9542,992996.4008,0.38262571132574036
33,101,389069.2068,989210.6266,0.393312805521776
33,102,395497.6521,996481.4602,0.39689413992772243
33,103,391343.5864,990656.4553,0.39503460993598394
33,104,391843.04,997911.4729,0.3926631275831281
33,105,399636.8926,995631.9921,0.4013901680249152
33,106,381341.6528,996423.0517,0.3827105887899643
33,107,375267.7619,992226.1553,0.37820789131136906
33,108,391598.3704,998537.9135,0.39217175943515137
33,109,392621.1777,993257.156,0.3952865331281842
33,110,377155.4187,995127.7166,0.3790020239699552
33,111,404647.8006,995054.3601,0.406658989524285
33,112,367500.1473,989813.6764,0.37128214740032256
33,113,379313.2338,994749.6665,0.38131526611574895
33,114,391205.4156,987998.9096,0.3959573353763952
33,115,372813.6261,996450.2934,0.3741417194307989
33,116,388615.9643,994572.3744,0.39073673701669226
33,117,388231.4395,991011.0598,0.3917528827360923
33,118,398987.7638,993323.9645,0.40166932245597703
33,119,394648.6737,995595.9934,0.39639439724165526
33,120,371189.135,986763.3744,0.37616833440509584
33,121,383754.9481,996055.4973,0.38527466505655716
33,122,400629.8935,998824.2645,0.4011014827523746
33,123,383329.0754,991689.0773,0.38654159269724164
33,124,385876.6135,994318.8032,0.38808138019530514
33,125,395368.5514,988631.6288,0.39991493280454515
33,126,394748.2014,998937.3095,0.3951681428312895
33,127,397706.1664,999197.6644,0.39802551644154943
33,128,394701.283,990272.9079,0.3985782907431189
33,129,387687.5517,993632.5802,0.39017194023767376
33,130,406577.9194,996523.2176,0.407996434221765
33,131,388215.8143,993919.2102,0.3905909155552812
33,132,380886.6855,999855.5613,0.3809417082251118
33,133,389703.6052,997329.7373,0.3907470023455
33,134,382312.7682,990850.0466,0.38584321564283813
33,135,385613.6035,997499.7228,0.38658016106267734
33,136,405737.7331,998356.332,0.4064057291920897
33,137,401424.0732,995248.0357,0.40334073396855435
33,138,386962.7321,990582.9925,0.39064140514203305
33,139,372825.1885,994075.6183,0.375047110739503
33,140,373652.3433,990495.8713,0.37723765855741637
33,141,383970.3381,994760.8433,0.38599261388920814
33,142,378385.5324,989270.8846,0.3824893042849388
33,143,382684.671,997720.7326,0.3835589043065657
33,144,378725.3322,995322.2528,0.38050523951874415
33,145,361464.7518,992196.1798,0.364307743931106
33,146,374005.5818,989764.3806,0.3778733495877837
33,147,388769.1946,988401.564,0.39333122160053563
33,148,393734.1337,992026.456,0.39689882393620357
33,149,397473.9517,993839.2504,0.39993786876501897
33,150,389928.3183,993560.6146,0.39245549045538825
33,151,381555.4753,992333.1006,0.3845034243736281
33,152,387464.2462,988819.2902,0.3918453554052641
33,153,377976.2442,988617.5163,0.3823280874231461
33,154,378416.6431,990665.7292,0.38198216809779595
33,155,378045.4609,994154.8966,0.38026816765969945
33,156,402738.7914,991875.7671,0.40603753489966676
33,157,388497.545,1002289.5829,0.38761007958990334
33,158,383898.8617,995029.0134,0.3858167516022704
33,159,382999.0649,996067.9767,0.3845109709970661
33,160,386352.0255,999003.6895,0.3867373359685675
34,0,2473042.5141,6407393.7096,0.38596699784418065
34,1,2472883.7959,6408930.8996,0.38584965802242305
34,2,2469605.7213,6401857.9819,0.3857639029610352
34,3,2438320.4721,6385884.6662,0.38182970716741005
34,4,2416367.236,6440666.2986,0.3751734873339491
34,5,2445098.4836,6382898.9154,0.38307021872157787
34,6,2356758.6561,6423681.4268,0.3668859800966243
34,7,2393196.0896,6402136.3247,0.3738121102430826
34,8,2439056.7706,6400205.0966,0.3810904078520401
34,9,2415592.7263,6421303.8983,0.3761841464845657
34,10,2581223.4371,6344729.6713,0.40682953739952193
34,11,2432209.5241,6456490.5069,0.3767076744712498
34,12,2479508.7506,6383986.3682,0.38839505719356837
34,13,2611873.6527,6431543.3873,0.40610371343486806
34,14,2464192.5726,6383539.6037,0.38602291605925265
34,15,2550151.0649,6425730.8677,0.396865526646744
34,16,2599583.4292,6420367.15,0.40489638185255494
34,17,2500825.351,6398396.15,0.39085190919289986
34,18,2468176.8204,6400179.0187,0.38564184114045835
34,19,2470757.5319,6445583.4259,0.3833256617192891
34,20,2475789.4403,6422494.7739,0.3854871864374597
34,21,2420511.3809,6360848.9322,0.38053275697947253
34,22,2527144.7132,6414541.0205,0.3939712451948767
34,23,2417337.8964,6416450.0977,0.3767406992328209
34,24,2512842.6071,6440226.4097,0.3901792339653248
34,25,2510977.99,6353286.6851,0.3952250409050253
34,26,2365526.2565,6406219.4511,0.36925463989433266
34,27,2507616.4798,6390187.3693,0.39241673755095097
34,28,2497646.5297,6398707.9971,0.3903360695365337
34,29,2470186.6858,6424936.0264,0.3844686819681981
34,30,2566276.9121,6376006.84,0.4024896736309022
34,31,2503694.3587,6447849.3444,0.38829914053039644
34,32,2454363.8232,6411783.9329,0.3827895401475125
34,33,2412378.6397,6404678.7957,0.3766588015810618
34,34,2589362.468,6413298.8355,0.4037489183673952
34,35,2480231.3631,6440158.5309,0.38511961331383443
34,36,2441690.698,6420521.1882,0.3802947808174013
34,37,2358285.2769,6407669.9954,0.36804100064344586
34,38,2329910.0136,6390573.094,0.36458545725539276
34,39,2497104.5852,6408904.5117,0.3896304868704664
34,40,2522612.515,6428616.3417,0.39240364969935565
34,41,2464483.1444,6416593.0809,0.3840796998232477
34,42,2520346.631,6446638.701,0.3909551547551509
34,43,2468865.5075,6377563.1486,0.38711737539470137
34,44,2429229.7547,6357173.1847,0.38212420585717255
34,45,2486253.5451,6434532.5931,0.3863922529145484
34,46,2451606.4381,6404776.6529,0.38277781895641033
34,47,2495993.8745,6422123.0961,0.3886555640790748
34,48,2539331.4667,6456163.4371,0.39331895659701965
34,49,2488275.5639,6370366.063,0.390601660766759
34,50,2413156.0409,6422504.8685,0.3757344043031612
34,51,2449120.9422,6345535.313,0.38595970574500216
34,52,2447421.9739,6419555.8552,0.38124475105509475
34,53,2532138.9198,6437663.1575,0.39333199918203393
34,54,2389480.317,6406772.4279,0.37296163456569337
34,55,2434554.4764,6393613.8562,0.3807790916304978
34,56,2565259.5595,6389911.2997,0.40145464298079325
34,57,2393751.9014,6425001.9766,0.37256827470529935
34,58,2460850.572,6413670.8751,0.38368831515097523
34,59,2474151.8447,6390724.0305,0.38714734557336633
34,60,2440507.8336,6441669.1677,0.37886264725255736
34,61,2501846.0956,6408175.697,0.3904147161213517
34,62,2440477.1379,6443837.0818,0.37873042209476304
34,63,2527758.9653,6425216.2048,0.3934122813504114
34,64,2453624.0609,6382855.4862,0.3844085247119941
34,65,2375694.6,6427656.5154,0.36960509546645526
34,66,2541443.5968,6453285.688,0.39382164678155496
34,67,2534679.288,6399123.8839,0.3960978618303008
34,68,2548972.7634,6423774.689,0.3968029525949645
34,69,2469796.1906,6382042.4299,0.38699150275606975
34,70,2453762.9545,6433188.0452,0.3814225446636568
34,71,2519148.0638,6353749.6197,0.39648211128579924
34,72,2537077.1441,6413342.988,0.39559355375926764
34,73,2383336.7647,6404507.4246,0.37213428085749367
34,74,2583265.5591,6384469.4019,0.40461711012840434
34,75,2490873.5561,6393066.2508,0.38962110799153743
34,76,2441332.106,6378374.3621,0.382751461015879
34,77,2487692.1878,6438118.5893,0.38640049158685663
34,78,2342745.7931,6396755.6019,0.36623969069635
34,79,2502988.3406,6377979.9673,0.3924421765877063
34,80,2508791.0516,6408168.644,0.3914989119315693
34,81,2483278.6384,6406997.9475,0.3875884866435725
34,82,2379889.2651,6358665.9242,0.3742749333696785
34,83,2399947.1482,6411962.8348,0.3742921177232398
34,84,2403950.1412,6421130.4414,0.3743811410060479
34,85,2526796.8617,6342788.9657,0.39837315656633054
34,86,2436758.5005,6379138.0157,0.38198867848646284
34,87,2521929.7307,6422574.365,0.3926664896934985
34,88,2383990.9502,6432844.2274,0.37059671677508527
34,89,2404076.2705,6402283.7619,0.3755029236296369
34,90,2443534.8144,6365732.5346,0.3838576002240947
34,91,2442196.8056,6431795.6454,0.3797068408643629
34,92,2427658.2641,6412077.429,0.3786071348921011
34,93,2651493.3967,6428307.3001,0.41247147544716056
34,94,2426834.1892,6420011.1055,0.3780109020560634
34,95,2446500.1167,6422923.8072,0.3809013138156038
34,96,2404249.7413,6404087.554,0.3754242460033675
34,97,2364259.1739,6382189.3959,0.3704464137994448
34,98,2491027.3718,6379626.1033,0.39046604479084784
34,99,2544594.5662,6444842.7427,0.3948264787503517
34,100,2515630.8807,6404023.2368,0.3928203861354234
34,101,2431026.6213,6405504.1788,0.3795215104762332
34,102,2420544.9953,6400899.666,0.378156996923001
34,103,2418943.3009,6417545.2035,0.3769265699259519
34,104,2529576.2437,6425646.8699,0.39366873015531384
34,105,2484942.6421,6424047.8023,0.38681882803087436
34,106,2362916.6218,6413550.4186,0.36842567183182695
34,107,2408026.0135,6400078.2414,0.3762494648773623
34,108,2457710.6748,6415264.9474,0.3831035342969068
34,109,2551085.8954,6430893.7726,0.3966922772491389
34,110,2547159.309,6388670.2005,0.39869945216465397
34,111,2537596.3817,6426461.115,0.39486683826297453
34,112,2535116.927,6404481.3432,0.3958348523712505
34,113,2485299.6834,6433936.5089,0.3862797961966379
34,114,2473720.7777,6393172.3369,0.3869316588608478
34,115,2520823.7462,6409435.7659,0.39329885473094073
34,116,2525533.505,6469252.6169,0.39039030542761677
34,117,2462145.3093,6429237.0291,0.3829607305121654
34,118,2466542.4381,6376744.2573,0.38680278502251986
34,119,2400279.7375,6403151.0531,0.37485914631639633
34,120,2442240.4811,6393546.6859,0.3819852424767605
34,121,2460052.2291,6416855.4326,0.3833734848695553
34,122,2427251.3713,6468572.3907,0.37523756784259066
34,123,2509666.8655,6380770.8942,0.39331718801896487
34,124,2475256.4377,6361412.8097,0.38910482808562324
34,125,2365238.097,6429183.2948,0.3678909106407081
34,126,2528832.173,6406661.7546,0.39471916418629277
34,127,2508538.2975,6436696.693,0.3897244840242467
34,128,2595918.9049,6414189.4612,0.404715033848461
34,129,2479764.7527,6364354.6798,0.3896333371505195
34,130,2433933.0089,6391760.4768,0.38079227432479373
34,131,2439001.5248,6372032.2441,0.38276666397260045
34,132,2537825.6016,6440387.946,0.394048560875311
34,133,2461975.7248,6427585.9079,0.383032721783468
34,134,2492078.4882,6399260.4275,0.3894322658741333
34,135,2491112.598,6394350.6529,0.3895802299910183
34,136,2489969.7089,6409093.2213,0.3885057718656404
34,137,2492230.7042,6448340.8035,0.386491778295477
34,138,2494049.5297,6438230.5111,0.3873812106292356
34,139,2452818.1753,6413599.4986,0.38244018446044475
34,140,2464670.2403,6449299.7032,0.3821609095134911
34,141,2515998.935,6386671.1131,0.3939452792299445
34,142,2520234.1537,6430180.2048,0.3919383397402605
34,143,2405191.2954,6424865.8922,0.3743566536260285
34,144,2473671.2431,6402348.257,0.3863693669577275
34,145,2379305.8414,6381001.5695,0.3728734142258543
34,146,2702938.1685,6469060.6724,0.41782544721399545
34,147,2439605.3065,6394738.1568,0.38150198595790613
34,148,2425970.7665,6392935.1214,0.3794768319139038
34,149,2441097.739,6370556.8729,0.38318435698836567
34,150,2443008.4012,6406446.82,0.38133593703974583
34,151,2476134.7526,6362017.2269,0.38920591760273154
34,152,2477038.9154,6434572.9099,0.38495778198253344
34,153,2462680.1886,6362817.0497,0.3870424325206887
34,154,2546012.562,6390007.3136,0.39843656463135224
34,155,2445255.1514,6389743.7929,0.3826843815110489
34,156,2457642.4729,6393584.6509,0.38439195022686484
34,157,2396243.89,6400836.9112,0.3743641531948926
34,158,2558317.8346,6421681.4385,0.39838753433985064
34,159,2458035.6055,6393770.6929,0.3844422522424115
34,160,2538298.4968,6387350.9364,0.3973945571605966
36,0,5328890.4168,14532696.7208,0.3666828338317277
36,1,5326575.6576,14534307.5627,0.36648293251133707
36,2,5366663.361,14551899.9141,0.3687946861014344
36,3,5381226.8737,14488281.4582,0.3714192666138717
36,4,5358114.6501,14509327.4047,0.3692875969126142
36,5,5273535.7263,14558573.8705,0.3622288675531435
36,6,5287446.8781,14501729.359,0.36460802344366794
36,7,5245232.5978,14541270.9706,0.3607134897908839
36,8,5375703.3012,14438364.3125,0.37232079651474026
36,9,5238602.4729,14478703.1089,0.36181434438557225
36,10,5269869.3785,14550220.0533,0.3621848576307126
36,11,5209771.4362,14568289.3142,0.35761037715814253
36,12,5395914.1116,14576788.3188,0.3701716724966619
36,13,5271080.5874,14550579.6908,0.3622591470175435
36,14,5246547.3822,14552756.9147,0.3605191382603504
36,15,5266769.5502,14562231.7776,0.3616732401074319
36,16,5402934.2754,14552625.1961,0.37126870256013655
36,17,5380770.5079,14563774.9323,0.3694626244165829
36,18,5311143.7055,14555506.7446,0.36488895911991526
36,19,5221130.2248,14533669.7065,0.35924376501173105
36,20,5340402.7179,14511045.0774,0.36802330152066903
36,21,5292272.2844,14509459.1171,0.3647463521340253
36,22,5315546.647,14515013.7845,0.3662102376145353
36,23,5305750.0949,14515064.3569,0.3655340385988585
36,24,5402340.9313,14553618.2088,0.3712026008785511
36,25,5405519.3253,14419304.1437,0.37488073428714996
36,26,5355289.1772,14484270.5423,0.3697313690434298
36,27,5438658.7826,14485130.4316,0.37546495064589186
36,28,5377961.7294,14510393.7618,0.37062824191291066
36,29,5226891.2846,14462722.483,0.3614043822484926
36,30,5368583.042,14495587.8624,0.37035980140726327
36,31,5534765.7066,14523441.4327,0.3810918873634382
36,32,5474005.8454,14503960.4308,0.3774145600794409
36,33,5282440.5467,14517159.9433,0.3638756180500695
36,34,5155393.5318,14503754.8508,0.3554523352630742
36,35,5361993.6566,14548235.5779,0.3685665954396093
36,36,5283762.849,14557921.3164,0.3629476169133885
36,37,5288207.1847,14530827.5104,0.36393021532429076
36,38,5193767.5395,14555314.3861,0.356829636360169
36,39,5409420.08,14504910.784,0.3729371493940517
36,40,5478792.0532,14535915.1013,0.3769141478206633
36,41,5263979.3705,14521614.312,0.36249271309664843
36,42,5359957.7588,14515989.2966,0.3692450889348226
36,43,5538940.9493,14600522.4415,0.3793659419717964
36,44,5348686.8949,14541018.8812,0.3678343958287054
36,45,5501294.9567,14588890.0018,0.37708797283557843
36,46,5293585.3475,14519936.2116,0.3645735952525016
36,47,5348350.6466,14589133.6536,0.3665982349322193
36,48,5283265.4635,14529844.5802,0.36361472652636434
36,49,5206685.9808,14532455.5892,0.3582798480849597
36,50,5343105.2212,14557192.8006,0.3670422789880048
36,51,5294228.8939,14506210.762,0.36496291007770204
36,52,5338815.6121,14535934.0884,0.3672839722326819
36,53,5470073.4574,14516066.9094,0.37682889528828284
36,54,5301009.8676,14627407.1913,0.3624025637812901
36,55,5244432.2255,14617008.7234,0.3587897034708833
36,56,5384474.317,14479218.4617,0.371876032621709
36,57,5393575.8236,14527335.3308,0.37127082846121534
36,58,5170313.541,14529723.2341,0.35584391097455476
36,59,5334670.0395,14475153.5987,0.36853978806685006
36,60,5218043.3743,14517799.9661,0.35942383739164807
36,61,5333631.7899,14545958.1133,0.366674491178634
36,62,5401486.5955,14562890.231,0.37090759525206507
36,63,5369579.2388,14572353.9135,0.3684771362727856
36,64,5276238.4711,14540997.7077,0.3628525756734034
36,65,5329375.0424,14607521.5664,0.3648377322720199
36,66,5270968.7878,14558300.3652,0.36205935140613427
36,67,5382918.0782,14569016.2759,0.36947711336587624
36,68,5327558.8892,14510902.8404,0.367141793160345
36,69,5308610.3909,14582381.9811,0.3640427467734975
36,70,5392356.0022,14490530.9319,0.37212963607351784
36,71,5290562.0493,14577406.1847,0.3629289039673472
36,72,5395534.271,14524852.2544,0.37146913280068206
36,73,5271294.0526,14496143.5583,0.36363423357392427
36,74,5387514.7138,14498183.2297,0.37159929823231236
36,75,5380835.3371,14571127.7827,0.3692806361556005
36,76,5266292.1978,14577452.2241,0.3612628679443425
36,77,5358303.3263,14544634.4921,0.3684041238169576
36,78,5203043.5479,14564901.426,0.3572316348541829
36,79,5348411.8863,14488912.9602,0.36913824391047845
36,80,5268154.4195,14527544.1811,0.3626321389098749
36,81,5315653.7995,14530643.5983,0.3658236996551137
36,82,5359588.4124,14576812.75,0.36767903274328606
36,83,5334320.5446,14518262.7388,0.3674214085094389
36,84,5383825.068,14491955.0553,0.371504400024414
36,85,5350471.4615,14510768.4847,0.36872419728434647
36,86,5388061.9827,14542568.8068,0.37050276703388063
36,87,5380996.7307,14597834.5879,0.36861609153731983
36,88,5406877.3042,14598123.9872,0.37038165376187276
36,89,5190978.3904,14500883.3965,0.3579767003472987
36,90,5329587.3153,14520591.4936,0.36703651622243033
36,91,5492241.6603,14563562.0671,0.37712213777062953
36,92,5317494.9863,14503652.2131,0.36663144621581095
36,93,5237579.2451,14563268.4027,0.35964311720911246
36,94,5446461.2003,14590062.5043,0.3732993740564725
36,95,5341365.2686,14583723.2864,0.36625525345650733
36,96,5283969.3657,14518809.345,0.3639395793512295
36,97,5258621.9618,14492987.8124,0.3628390522277812
36,98,5368695.7168,14526357.6118,0.36958306137520114
36,99,5279788.775,14446367.0413,0.3654751924761343
36,100,5264963.2973,14550945.6737,0.36182963055219974
36,101,5293350.7893,14517126.3519,0.36462800288344993
36,102,5438187.0059,14511747.2762,0.3747437784296934
36,103,5368053.2279,14505957.6554,0.37005852046601584
36,104,5353937.4175,14547857.3126,0.36802240374346523
36,105,5309575.2189,14535983.9814,0.36527112479582
36,106,5129392.7809,14511551.8855,0.35346962346772226
36,107,5146096.4559,14501281.7012,0.3548718356029284
36,108,5198749.4684,14503509.7212,0.35844768392859483
36,109,5463843.2314,14501153.7025,0.37678679527809106
36,110,5120523.2282,14515398.5496,0.3527649076050417
36,111,5134020.278,14479906.6977,0.3545616960926614
36,112,5163368.6121,14499664.2245,0.3561026332854995
36,113,5338337.0094,14454428.4418,0.3693219023425613
36,114,5113775.3566,14578218.0549,0.35078192254650553
36,115,5211527.8782,14567060.5482,0.3577611187209605
36,116,5313624.373,14508436.3966,0.36624376519617435
36,117,5396733.657,14526614.5178,0.37150663359223735
36,118,5333561.1126,14505453.2531,0.36769351633049796
36,119,5268621.0302,14433242.3385,0.3650337815049498
36,120,5369404.0271,14527341.7562,0.36960678128250396
36,121,5348310.8885,14542159.8425,0.3677796796641833
36,122,5261014.4965,14522607.5315,0.36226376599992055
36,123,5340443.6135,14533799.1676,0.36744993871976556
36,124,5305010.3561,14532798.3779,0.365037084954493
36,125,5388274.7861,14547500.2408,0.3703917990657951
36,126,5248023.2633,14527482.3351,0.36124795351636374
36,127,5317726.0558,14539822.096,0.36573529034189084
36,128,5332578.8076,14549831.1451,0.3665045150297756
36,129,5330368.3491,14540673.4485,0.36658332009029987
36,130,5302400.0121,14505689.7302,0.36553932358422864
36,131,5366951.1434,14548102.7055,0.3689107268517558
36,132,5392483.6775,14553215.0138,0.37053556017598926
36,133,5386175.4198,14581169.1395,0.36939256161626943
36,134,5523740.9089,14580659.6888,0.37884026009762856
36,135,5318080.069,14496431.2634,0.366854432816639
36,136,5212529.0458,14542435.8453,0.3584357600920514
36,137,5281138.0799,14517096.3671,0.3637874920957753
36,138,5347932.3472,14530679.6153,0.36804419949972084
36,139,5403637.9473,14541155.2935,0.3716099469562411
36,140,5482212.5104,14521331.7997,0.377528217522945
36,141,5376798.4177,14549172.0012,0.3695604407767347
36,142,5371248.6064,14522296.3149,0.36986220980004747
36,143,5442349.4766,14520633.9727,0.3748010924889416
36,144,5347273.9892,14542049.8441,0.367711158091615
36,145,5398028.3577,14544433.2063,0.37114050998988496
36,146,5384040.1721,14594085.8995,0.3689193149318423
36,147,5380517.7295,14541503.1216,0.37001111126591585
36,148,5529033.0479,14541702.0195,0.3802191133118893
36,149,5259683.2851,14500344.9372,0.36272814942536385
36,150,5285601.0612,14517721.4235,0.3640792454278767
36,151,5288949.1675,14559628.4074,0.36326127422399507
36,152,5355023.2833,14522063.3821,0.36875085464098994
36,153,5391384.6702,14556223.3616,0.37038348040349023
36,154,5315977.2124,14550880.0799,0.3653371605847592
36,155,5469797.0273,14618935.4107,0.3741583688300932
36,156,5476601.9847,14543180.0964,0.376575270910361
36,157,5309916.073,14520528.8094,0.3656833812803413
36,158,5278600.1917,14530801.615,0.3632697170850474
36,159,5346307.6325,14552428.6279,0.36738250151937035
36,160,5168091.1981,14518890.3572,0.35595634865698356
37,0,2711828.5933,6939541.9832,0.3907791897311221
37,1,2689367.1226,6941723.393,0.3874206692407169
37,2,2767593.5877,6941317.7291,0.398712995962921
37,3,2790738.0025,6965225.9004,0.40066726369057654
37,4,2642388.2757,6946734.0459,0.3803784999167417
37,5,2803196.0319,6911746.9283,0.405569830750367
37,6,2611503.645,6909248.4656,0.37797217135875816
37,7,2667100.1123,6922259.5768,0.3852932821587339
37,8,2683652.6449,6935108.5907,0.3869662038888311
37,9,2894723.1626,6924402.1661,0.41804665488260945
37,10,2726426.3612,6949900.1838,0.39229719695186627
37,11,2708648.7189,6905693.6308,0.3922341279113786
37,12,2621917.3943,6961398.2369,0.376636604468641
37,13,2766491.1378,6939334.8883,0.3986680542633007
37,14,2609575.215,6949367.8949,0.37551260121299873
37,15,2676494.6755,6914366.5023,0.3870918145009653
37,16,2664326.7781,6923989.5607,0.3847964753185795
37,17,2756046.8288,6930363.9032,0.39767707255998974
37,18,2802620.313,6965661.958,0.4023480223270404
37,19,2699640.4227,6945086.1271,0.38871230295703557
37,20,2681930.6585,6923196.651,0.38738328458611915
37,21,2644725.9792,6912740.9994,0.3825871646904683
37,22,2700217.5192,6936678.3512,0.38926664643934084
37,23,2695893.1872,6904494.5458,0.3904548217566354
37,24,2753370.1077,6931554.9578,0.3972225747992756
37,25,2747726.0076,6926218.0302,0.396713761481265
37,26,2730156.5305,6945612.2222,0.3930764406589966
37,27,2666987.5793,6920810.6957,0.38535768374029333
37,28,2770722.4617,6923074.7838,0.4002155903592855
37,29,2700213.4132,6930281.4696,0.38962536010183874
37,30,2712454.6098,6932477.4181,0.39126771660561843
37,31,2682077.8408,6907466.3745,0.388286774829815
37,32,2697274.7539,6929891.1603,0.38922324918350276
37,33,2671972.7824,6932808.8309,0.3854098457887423
37,34,2569552.4696,6919175.9661,0.37136683359251677
37,35,2642220.5839,6917071.1297,0.38198545805825707
37,36,2777351.4908,6928831.7522,0.40083979379614065
37,37,2737540.6218,6963045.1001,0.3931527919818708
37,38,2635793.037,6926781.56,0.3805220381455193
37,39,2774457.9838,6934919.1167,0.4000707055283196
37,40,2686730.1968,6924638.834,0.38799571518562753
37,41,2872753.8284,6967127.3078,0.4123297453146619
37,42,2728989.8911,6973323.5849,0.39134708978790844
37,43,2738124.1074,6945370.9283,0.39423727482186516
37,44,2707848.961,6935677.3871,0.3904231425233905
37,45,2681640.3081,6957562.9463,0.38542810590396226
37,46,2570137.5175,6930308.2265,0.3708547200934512
37,47,2673843.7961,6921497.8701,0.3863099933398331
37,48,2774633.7752,6935986.9849,0.4000344552607322
37,49,2661748.9105,6919027.7956,0.384699843552107
37,50,2750807.8516,6953948.8796,0.395574931485293
37,51,2604518.2485,6943809.7462,0.37508490924961224
37,52,2783646.5626,6922174.7721,0.4021346837152332
37,53,2822864.4525,6964491.36,0.4053224143133979
37,54,2755602.7343,6922051.7908,0.39809045317494335
37,55,2755048.3141,6964017.3752,0.39561192421937025
37,56,2722128.7831,6944495.7141,0.39198365081758646
37,57,2744860.7247,6934331.561,0.39583638315445124
37,58,2729496.474,6981370.9365,0.39096855027852023
37,59,2641724.3465,6926318.6066,0.3814038158716428
37,60,2583372.2548,6881709.5533,0.375396874103934
37,61,2804617.8798,6934053.7423,0.40447016767275856
37,62,2631609.6341,6927851.938,0.37985939330852947
37,63,2727068.8335,6961257.3162,0.39174946559634544
37,64,2832921.4305,6988197.0361,0.4053865991278643
37,65,2745565.7853,6965014.4521,0.3941938389621278
37,66,2695230.4029,6972240.7487,0.38656588319939117
37,67,2685588.4966,6973258.7612,0.3851267518628332
37,68,2706804.2235,6940385.4513,0.3900077657780505
37,69,2559133.8042,6962992.8004,0.3675335990657619
37,70,2744575.8424,6937278.7197,0.3956271548678223
37,71,2679768.3898,6972793.1776,0.3843177793382311
37,72,2666196.6212,6949155.0532,0.38367205808312616
37,73,2669018.8895,6947585.2024,0.3841649741233838
37,74,2672791.7924,6943561.6517,0.3849309513577398
37,75,2687875.4205,6958533.5224,0.38627038467912
37,76,2855166.595,6952827.2437,0.41064828665016584
37,77,2778078.3893,6950915.8923,0.39967083940369147
37,78,2829240.8996,6969553.3538,0.40594292861785997
37,79,2732882.8628,6957669.6434,0.3927870972420191
37,80,2711805.6938,6955051.3576,0.3899044815588207
37,81,2749304.9508,6942819.0016,0.39599260043599177
37,82,2612907.3493,6966888.4146,0.3750465335176491
37,83,2621866.6388,6941839.5801,0.37769046785754606
37,84,2683216.6775,6959396.8693,0.38555304833044923
37,85,2770540.9474,6942272.6647,0.39908270406715934
37,86,2773325.7618,6951928.6125,0.398928975883525
37,87,2736639.0631,6933271.3725,0.39471108457611437
37,88,2776573.4138,6955890.8219,0.3991686305739887
37,89,2733417.5951,6947910.9431,0.3934157500701083
37,90,2764376.4331,6932824.2734,0.39873741553012026
37,91,2598576.6088,6959849.8134,0.37336676486853
37,92,2745018.7802,6909022.9584,0.39730925728978833
37,93,2601594.6895,6979606.813,0.3727422989865776
37,94,2728860.5317,6937770.0129,0.39333395696686285
37,95,2825471.2287,6928279.6478,0.4078171454290529
37,96,2754234.4245,6961778.8789,0.3956222213330603
37,97,2670095.7816,6946529.0728,0.38437840734808015
37,98,2582250.4908,6964459.7226,0.3707754217345066
37,99,2785494.6221,6949841.9321,0.40079970872924886
37,100,2706695.4707,6946470.8241,0.3896504482980659
37,101,2802215.614,6939758.1862,0.40379153549936697
37,102,2752802.3898,6969669.8825,0.39496883442241
37,103,2719999.171,6961002.6966,0.3907481852188541
37,104,2645938.0364,6961058.2569,0.38010571650901936
37,105,2687921.3633,6955055.2504,0.38647016688263003
37,106,2632370.8087,6977163.9614,0.3772837822449285
37,107,2647494.245,6946755.5101,0.38111233958799406
37,108,2657275.8119,6934743.5549,0.3831829960060172
37,109,2626189.7774,6967128.559,0.376940048566714
37,110,2756562.4975,6918399.2828,0.398439347719227
37,111,2654598.6056,6956104.859,0.381621418798109
37,112,2765998.2791,6929495.6419,0.3991630014708531
37,113,2629610.8591,6960364.8974,0.3777978450644555
37,114,2887692.0345,6937026.0254,0.41627233686693443
37,115,2783947.432,6965525.1276,0.3996751689214307
37,116,2677889.2174,6955808.6978,0.38498603595107056
37,117,2866756.3062,6939848.9174,0.41308627036711115
37,118,2711038.2247,6954434.174,0.38982872752402303
37,119,2686337.5368,6915654.836,0.38844297474420686
37,120,2708500.287,6936589.4419,0.39046570503935074
37,121,2638259.8979,6946872.8496,0.3797766210809387
37,122,2595054.6293,6879626.7581,0.37720863653607517
37,123,2751962.6295,6945986.5803,0.39619463667048166
37,124,2755741.5047,6940704.9208,0.3970405796162802
37,125,2802338.2744,6929807.0664,0.4043890757056532
37,126,2804777.3447,6948953.0618,0.40362588720285203
37,127,2730819.1521,6952594.2762,0.39277700432601004
37,128,2728519.6252,6946313.2085,0.3928011224517188
37,129,2713239.8922,6939538.3051,0.39098276757201383
37,130,2607376.1434,6929028.9068,0.37629748388568235
37,131,2870583.701,6908857.289,0.4154932691358998
37,132,2579523.9014,6937615.8545,0.37181705581562624
37,133,2657800.3175,6899485.7161,0.38521716354858215
37,134,2647455.9181,6934223.2521,0.3817955987064924
37,135,2632171.7233,6924674.5372,0.38011486448348253
37,136,2721056.2089,6928108.3576,0.3927560119516685
37,137,2625739.9339,6894923.5894,0.38082219474291423
37,138,2725192.4155,6897490.5104,0.3950991177720316
37,139,2766617.2726,6946850.4343,0.39825490684812453
37,140,2859526.4924,6938271.3467,0.41213817527618835
37,141,2679788.2771,6940397.2799,0.386114536247212
37,142,2735400.801,6897684.1982,0.39656799621441385
37,143,2791513.1749,6949732.7134,0.40167201963286947
37,144,2787008.7911,6917882.5958,0.4028702066716274
37,145,2683931.8353,6951976.1309,0.3860674698479638
37,146,2684855.3513,6951448.4549,0.38622962807232997
37,147,2748540.4652,6909022.4987,0.3978190063380405
37,148,2679254.7537,6898883.6126,0.38836062530561555
37,149,2765860.1553,6922233.1302,0.39956183261630307
37,150,2697805.3503,6938394.847,0.3888226902316561
37,151,2708285.2687,6927630.2569,0.3909396385585845
37,152,2694150.8107,6934308.0562,0.38852482307750175
37,153,2767602.4384,6947802.6749,0.3983421187821564
37,154,2659246.3598,6942303.9042,0.38304954615876036
37,155,2726644.8056,6948309.7266,0.3924184316599575
37,156,2579254.917,6933032.8871,0.3720240418589547
37,157,2706126.2282,6945051.4543,0.38964811794511806
37,158,2771597.7823,6962180.8495,0.3980933334271325
37,159,2594959.2535,6914512.2932,0.3752917260776272
37,160,2707380.8709,6917007.1875,0.39140928981433126
39,0,3147101.8958,8112172.219,0.38794811190386047
39,1,3109450.5331,8093279.6817,0.384201541944842
39,2,3240059.5648,8115516.0297,0.3992425808713205
39,3,3133887.2579,8118558.865,0.38601521649495363
39,4,3170982.338,8131149.9756,0.3899795659304651
39,5,3168045.0835,8099274.3227,0.3911517201758256
39,6,3250017.5692,8110314.0932,0.40072647395061306
39,7,3074808.0143,8059896.4737,0.38149472816844626
39,8,3157646.3381,8155505.7765,0.3871797071370758
39,9,3208787.7737,8164207.0892,0.39303115889168666
39,10,3190431.8178,8041867.3694,0.39672773390168914
39,11,3099505.5195,8093194.6124,0.3829767685001777
39,12,3069603.7095,8090076.3961,0.3794282722694399
39,13,3200413.887,8130412.8497,0.3936348554696199
39,14,3108387.0091,8139866.691,0.381871979861396
39,15,3091591.7543,8083297.8586,0.3824666377981837
39,16,3213537.2277,8099407.6831,0.396762004511179
39,17,3264386.2761,8114502.6443,0.4022903706110756
39,18,3230671.0365,8155955.2355,0.3961119137140463
39,19,3184968.8742,8150656.167,0.390762266122224
39,20,2996903.1084,8083115.78,0.370760878597733
39,21,3088943.8242,8084410.623,0.3820864585245103
39,22,3295239.7636,8145912.146,0.40452679878435804
39,23,3055270.4176,8054506.8797,0.37932432900396224
39,24,3229710.8417,8153549.9093,0.3961110041181164
39,25,3099391.577,8136814.6068,0.3809096958421314
39,26,3075066.1021,8116489.5893,0.37886651221161816
39,27,3071339.1015,8069128.5058,0.38062835401522677
39,28,3122649.7534,8054026.1899,0.3877128879113778
39,29,3180018.9245,8110146.3965,0.39210376348722425
39,30,3172809.1771,8129608.6814,0.3902782165098764
39,31,3025268.3888,8096620.3525,0.37364582468855484
39,32,3125837.5054,8142647.397,0.38388466956725326
39,33,3133763.9462,8098628.2743,0.38694996733516146
39,34,3147074.0049,8117337.1422,0.3876978311691837
39,35,3164661.6749,8131662.3004,0.38917770536835117
39,36,3262109.3136,8109096.5025,0.4022777768884987
39,37,3168920.7494,8116259.5505,0.3904410313251724
39,38,3094567.0998,8093587.5806,0.3823480093324191
39,39,3139355.0531,8093898.6493,0.3878668598564064
39,40,3051283.4877,8080580.1715,0.377606981545929
39,41,3167713.7896,8137679.0587,0.38926501853294326
39,42,3048059.2096,8080800.3863,0.3771976863538924
39,43,3189592.8845,8194458.098,0.3892378051549834
39,44,3072542.4085,8092680.3954,0.379669313302732
39,45,3253399.7171,8083039.9665,0.4024970469753522
39,46,3187214.7011,8087907.4623,0.3940716082567091
39,47,3167129.3456,8111675.6505,0.3904408265393081
39,48,3111005.7597,8127782.851,0.3827619188075673
39,49,3111278.6041,8103489.4238,0.38394306963147934
39,50,3075653.901,8114845.8672,0.3790156894330815
39,51,3274691.933,8172884.9808,0.40067759924347524
39,52,3098167.2299,8058544.1834,0.38445743541147215
39,53,3042847.3969,8096996.3999,0.3757995244925118
39,54,3222078.7769,8061685.4678,0.39967805612977997
39,55,3268945.3959,8105985.1615,0.4032755218238133
39,56,3038737.1164,8124812.4188,0.37400704899582266
39,57,3092854.1509,8121122.6881,0.38084071250789064
39,58,3232091.1949,8134673.3142,0.3973228020427097
39,59,3059282.5773,8157145.3006,0.3750432859244243
39,60,3149902.9898,8056219.9759,0.39099019133326346
39,61,3195128.2493,8134905.3006,0.392767725158932
39,62,2985759.5183,8076855.8031,0.36966854319152603
39,63,3244286.4928,8163144.7874,0.3974309628573084
39,64,3045187.2187,8130691.6653,0.3745299101300555
39,65,3294999.4788,8155262.3598,0.40403353484274745
39,66,3123226.4306,8112512.202,0.3849888114596638
39,67,3255346.1673,8061068.1903,0.4038355823881015
39,68,3096692.0686,8117228.9486,0.38149620864569733
39,69,3056786.3028,8149958.3605,0.37506772029844654
39,70,3117935.5051,8141665.523,0.38296040242526674
39,71,3362515.6784,8152328.461,0.41246077050084157
39,72,3037729.8909,8147259.1651,0.3728529839719067
39,73,3198995.0817,8048627.2022,0.39745847351776853
39,74,3187997.3268,8133903.8328,0.3919393924900351
39,75,3212544.6031,8085843.2356,0.3973048338305581
39,76,2978519.5999,8103584.9277,0.36755579493203117
39,77,3149672.3097,8180346.4786,0.38502920602930757
39,78,3199944.6686,8096327.794,0.39523408019267753
39,79,3115017.1372,8063176.0724,0.38632631970702047
39,80,3213903.8423,8129313.2452,0.39534752141549817
39,81,3201636.428,8147722.2352,0.39294864694432113
39,82,2999598.1741,8042099.2047,0.3729869649390748
39,83,3235721.9693,8151922.6047,0.396927464379316
39,84,3006364.5448,8081757.9834,0.3719938843720758
39,85,3301430.6501,8127444.5288,0.4062077124490014
39,86,3139855.8335,8077981.4555,0.3886931222604117
39,87,3248715.2444,8114500.0694,0.40035926016576096
39,88,3110584.2386,8064285.3068,0.38572348574734583
39,89,2917365.046,8098885.3302,0.3602180950903717
39,90,3162210.6717,8099515.411,0.39041973639625194
39,91,3245074.226,8188848.6917,0.3962796661866669
39,92,3182470.9867,8028024.4519,0.39642019101558684
39,93,3086494.3452,8121068.2471,0.38006014126308746
39,94,3190936.7429,8115750.9965,0.39317824613841945
39,95,3243989.7483,8148882.6033,0.39809013164409834
39,96,3022768.1913,8090443.9364,0.37362204287704875
39,97,3053661.2895,8106334.3314,0.37670063491849826
39,98,3140781.1711,8122188.9565,0.38669146801694454
39,99,3184895.9044,8052403.9961,0.3955211270997496
39,100,3248603.1866,8131222.3117,0.3995221212837326
39,101,3142956.4035,8134322.5262,0.38638207341506187
39,102,3056704.9782,8052699.1574,0.3795876287506719
39,103,3257189.6677,8160472.9484,0.39914226642202494
39,104,3032532.9998,8017240.8831,0.3782514513431235
39,105,3320124.2701,8173018.1893,0.4062298887877993
39,106,3207555.4339,8097284.0367,0.39612732113164456
39,107,3144110.2489,8126632.2345,0.3868896928240835
39,108,3122320.1587,8142346.7868,0.383466860409552
39,109,3073522.8673,8117322.794,0.37863750713127053
39,110,3152456.7553,8079406.037,0.39018422157064314
39,111,3218565.8067,8171496.379,0.39387716244621
39,112,3085052.5424,8106599.0977,0.3805606401919258
39,113,3156226.7451,8065303.3122,0.3913339180097202
39,114,3159395.8382,8108517.7849,0.38963913282444185
39,115,3140439.4017,8123905.7353,0.3865676811160131
39,116,3136212.5914,8155052.4261,0.3845729527578077
39,117,3086418.5521,8143125.2273,0.3790213788869065
39,118,3024384.2786,8054806.2775,0.37547573143356705
39,119,3053313.3754,8082551.4702,0.37776602928634945
39,120,3255994.1764,8152332.9455,0.3993941609312306
39,121,3122428.5662,8103149.32,0.38533518794887517
39,122,3350055.4426,8134755.6647,0.4118200448400986
39,123,3028459.8381,8078662.7574,0.37487142724530137
39,124,3261802.2084,8153546.4071,0.40004705260028517
39,125,3155945.8071,8141703.9628,0.3876271873209504
39,126,3126428.4505,8150616.0802,0.3835818568482106
39,127,3076139.3133,8061461.7891,0.3815857959482343
39,128,3232822.1157,8094498.3599,0.399385109732722
39,129,3150656.9231,8120072.8554,0.38800845499862163
39,130,3220142.8377,8082080.3533,0.3984299458721889
39,131,3107050.7124,8113100.9149,0.3829670979062753
39,132,3207937.0095,8136950.3962,0.3942431566251312
39,133,3207278.4478,8152509.4107,0.39340996572055636
39,134,3054106.2963,8066409.8477,0.37862027270667714
39,135,3044521.1417,8109279.2589,0.37543671200601625
39,136,3304193.0813,8158118.3635,0.40501901714042227
39,137,3243423.4273,8112394.8591,0.399810842991909
39,138,3048670.1897,8113965.3299,0.375731231986614
39,139,3216119.3962,8152200.381,0.3945093650661088
39,140,3058700.1336,8104803.2126,0.37739351016503914
39,141,3090275.5893,8100462.8391,0.3814937060612878
39,142,3286703.1318,8100275.4048,0.4057520229315154
39,143,3074138.6204,8047633.8996,0.38199285140851114
39,144,3248622.5116,8181709.36,0.39705914359196937
39,145,3074909.1394,8102327.2179,0.3795093751097564
39,146,3104189.4024,8123062.7959,0.38214519330895674
39,147,3123043.3326,8115984.8461,0.3848015233913018
39,148,3056978.342,8014068.5532,0.38145148393812467
39,149,3170370.4579,8109990.1779,0.39092161499028294
39,150,3177356.1385,8110435.2767,0.39176148136315725
39,151,3045045.2882,8108049.923,0.3755582806122295
39,152,3242874.9904,8149216.9998,0.3979370030862582
39,153,3146231.76,8156005.5264,0.38575645269194947
39,154,3135405.378,8133009.9241,0.3855159906677434
39,155,3125828.3394,8084753.8947,0.3866324665057711
39,156,3273297.4705,8104871.1706,0.40386792110573166
39,157,3274612.8367,8158666.0775,0.40136620442534593
39,158,3081087.2253,8114167.8857,0.37971696774107333
39,159,3104978.3733,8135778.348,0.3816449072833074
39,160,2963170.4071,8102815.4406,0.36569639637263934
42,0,3833288.9843,9411846.5514,0.407283412810189
42,1,3831182.7334,9406465.4184,0.4072924911737642
42,2,3799853.756,9450812.8148,0.4020663439709036
42,3,3709026.9256,9351519.1952,0.3966229281231428
42,4,3775990.8341,9333861.073,0.404547571960631
42,5,3771076.2854,9407172.7849,0.40087243762049035
42,6,3860642.2618,9447066.6414,0.40866042427195953
42,7,3844725.9459,9434955.9893,0.40749802651546324
42,8,3833916.4424,9407372.4267,0.40754381441501986
42,9,3929005.0306,9404866.0084,0.41776299918476145
42,10,4039167.381,9469447.3403,0.4265473195896178
42,11,3821010.4114,9409133.221,0.4060958987031862
42,12,3863365.8072,9395181.7519,0.411207138852711
42,13,3835588.8677,9443258.8809,0.4061721611230937
42,14,3889420.603,9430810.8507,0.41241635152838513
42,15,3800175.7847,9399170.1963,0.4043097108929835
42,16,3801379.5354,9406007.0164,0.40414381243518543
42,17,3746796.0002,9385837.5069,0.399196768263412
42,18,3782366.9417,9355600.8716,0.40428904499141355
42,19,3821823.3458,9484615.2938,0.40294974834649205
42,20,3803933.1723,9410530.0532,0.40422092600474646
42,21,3947664.841,9428858.05,0.4186789980362468
42,22,3756837.2039,9371285.2654,0.40088814901097186
42,23,3846594.9911,9421258.609,0.40828886571751677
42,24,3979726.027,9406025.0615,0.42310391488212173
42,25,3810873.7002,9408717.5503,0.40503646536594023
42,26,3718571.6829,9441490.7348,0.3938542956139194
42,27,3852958.4531,9427866.6896,0.40867765529080374
42,28,3848659.1322,9382993.3633,0.41017391606109227
42,29,3756347.593,9386744.367,0.400175763410134
42,30,3876786.4092,9425965.5245,0.4112879894503586
42,31,3917809.6374,9411882.1846,0.4162620781431408
42,32,3916769.924,9455484.7417,0.41423258891492903
42,33,3880022.6836,9432915.0783,0.4113280625758859
42,34,3755181.3535,9401973.2857,0.39940353364027004
42,35,3857359.5255,9389781.1581,0.4108039857960361
42,36,3826854.7676,9418288.8041,0.40632166279866905
42,37,3876314.1669,9384436.6776,0.4130577359163703
42,38,3934318.3012,9450189.8093,0.41632161687675406
42,39,3819977.7515,9393784.6306,0.40664949237355574
42,40,3773792.5235,9424784.0949,0.40041156227038655
42,41,3879859.5745,9428671.5001,0.41149589042940465
42,42,3913773.9601,9422914.4738,0.4153464377695539
42,43,3807518.1853,9422722.0247,0.40407837303480504
42,44,3780909.2093,9397191.3858,0.40234460000605005
42,45,3821569.7954,9418474.6346,0.4057525176487669
42,46,3763200.8565,9423740.6136,0.39933196495976186
42,47,3846922.2947,9444607.9625,0.4073141320396019
42,48,3957248.6665,9424053.8239,0.4199093872388723
42,49,3701490.2697,9408084.9076,0.3934371666554452
42,50,3702228.3685,9415113.3427,0.3932218587013102
42,51,3854716.7651,9459310.2866,0.4075050556868367
42,52,3880790.0913,9406556.099,0.41256226513256666
42,53,3747620.5697,9358528.8616,0.4004497528534929
42,54,3872088.3251,9405662.4921,0.41167629907539666
42,55,3831414.2521,9372059.0416,0.40881243226204644
42,56,3780014.8361,9452987.4362,0.39987515709843424
42,57,3957141.9442,9381094.8592,0.42182090721737536
42,58,3826509.463,9439997.2282,0.40535069772786697
42,59,3864255.1671,9384291.6427,0.41177910003532203
42,60,3786471.9829,9419949.1488,0.40196310225117887
42,61,3776502.2187,9418560.2798,0.40096385291491626
42,62,3923381.4273,9412338.8205,0.41683384991994826
42,63,3851863.9403,9382389.921,0.41054187395032693
42,64,3769496.3046,9377334.133,0.40197952329912995
42,65,3757655.7537,9406925.0934,0.3994563278000812
42,66,3984828.7626,9454391.2817,0.42147914591953356
42,67,3785625.1186,9413547.8069,0.4021464803976657
42,68,3808659.389,9367415.3219,0.40658594266614484
42,69,3862309.0523,9398132.1221,0.41096560487989525
42,70,3813842.343,9434077.9027,0.4042623330371792
42,71,3708560.1667,9430242.9431,0.3932624206053473
42,72,3720638.0194,9392092.6187,0.3961457973691692
42,73,3855244.6449,9390889.0947,0.4105303135861556
42,74,3823274.3515,9408794.7645,0.4063511264934235
42,75,3833491.3125,9418026.024,0.40703766402121805
42,76,3849125.868,9414005.4883,0.4088722778825449
42,77,3776987.301,9453427.827,0.39953627087653015
42,78,3876338.6834,9412899.7892,0.41181131959436795
42,79,3868024.6114,9371894.1461,0.41272602433411304
42,80,3970321.2698,9408701.607,0.42198397139581006
42,81,3817559.3199,9415502.3737,0.4054546606629783
42,82,3805655.2876,9436978.9436,0.40327050747325566
42,83,3880421.9586,9414006.3853,0.41219665674534606
42,84,3869023.9313,9409895.7217,0.411165441756991
42,85,3868426.5922,9407339.8184,0.41121365517525676
42,86,3842557.6956,9430083.3507,0.4074786566244682
42,87,3842154.7674,9380835.9477,0.4095748810469308
42,88,3818772.1767,9372835.3681,0.40742977196601676
42,89,3802426.4254,9362063.3764,0.40615260466888115
42,90,3784690.2192,9381587.5225,0.4034168215265403
42,91,3849877.275,9415516.5857,0.4088864631014592
42,92,3902348.1061,9437802.776,0.4134805736800872
42,93,3722591.6221,9432908.5807,0.39463878932490964
42,94,3808707.143,9421671.2258,0.4042496338197792
42,95,3760137.8921,9437910.2679,0.3984078874842552
42,96,3835663.9043,9451746.7717,0.4058153478872894
42,97,3884245.9814,9415634.923,0.41253149821174306
42,98,3927320.589,9443750.5003,0.4158645009602107
42,99,3836115.8237,9358722.9839,0.4098973578232145
42,100,3748800.9808,9415088.8204,0.39816947586063584
42,101,3860083.0332,9377801.9323,0.41161916844337487
42,102,3816829.8232,9399509.7619,0.4060669034752375
42,103,3868314.4778,9402056.1863,0.41143281864626907
42,104,3807005.8112,9436706.5727,0.4034252609076041
42,105,3689478.5299,9455326.196,0.3902010838569276
42,106,3870008.0322,9428488.2226,0.410459019604397
42,107,3825960.5162,9386669.2129,0.407595114882926
42,108,3776599.5706,9412973.48,0.40121217579378543
42,109,3923912.4279,9482075.8114,0.41382419904114287
42,110,3884233.0021,9398317.9809,0.4132902302299032
42,111,3840326.3207,9380083.1731,0.4094128218087879
42,112,3744742.6418,9415194.6602,0.3977339584522678
42,113,3821235.7269,9411004.8173,0.4060390788319993
42,114,3947103.7492,9421498.4622,0.4189464940249343
42,115,3819199.3808,9413598.07,0.40571090377985514
42,116,3914685.3879,9383125.7569,0.41720483017306753
42,117,3772368.7793,9385354.0076,0.4019420872398889
42,118,3891010.6131,9341922.2008,0.4165107061977878
42,119,3881630.6668,9484470.8922,0.4092616985089006
42,120,3977371.1786,9445778.9307,0.4210739217782274
42,121,3893309.2755,9394887.8761,0.41440721026637606
42,122,3783734.605,9368006.1279,0.4038996722825788
42,123,3746519.217,9423490.8495,0.39757233034282474
42,124,3831447.3717,9436452.3319,0.4060262519154325
42,125,3747538.3782,9371221.931,0.3998985837485231
42,126,3846098.5505,9405834.7995,0.40890560300978845
42,127,3758683.881,9410479.8015,0.39941469088546133
42,128,3805183.2505,9416306.3032,0.4041057212855174
42,129,3919942.5797,9454912.3683,0.41459322170373625
42,130,3935036.8423,9410436.8727,0.4181566589873927
42,131,3731267.3558,9378925.3722,0.3978352751222246
42,132,3747561.3355,9438382.6417,0.39705545724993047
42,133,3829327.1347,9427683.3344,0.4061790154456548
42,134,3907104.2668,9419567.9396,0.41478593199317315
42,135,3895067.2331,9423727.1811,0.4133255513712083
42,136,3741800.5498,9365767.1656,0.39951885239507645
42,137,3837018.5321,9444565.4881,0.4062673435781224
42,138,3860702.2838,9409895.1328,0.41028111677278734
42,139,3847145.8278,9405454.0035,0.40903350613041994
42,140,3921506.8051,9399198.293,0.4172171586187856
42,141,3795130.4805,9451962.4111,0.4015177288520692
42,142,3919354.0678,9467914.7808,0.41396169679812334
42,143,3890396.8345,9440920.7668,0.4120781151115041
42,144,3941074.0502,9411818.3535,0.41873673100952075
42,145,3903947.8202,9430585.7748,0.4139666308567978
42,146,3794692.218,9398780.7475,0.4037430300743378
42,147,3919051.2555,9378427.4044,0.41787936148669563
42,148,3821350.0855,9400426.8611,0.4065081449985178
42,149,3701349.3778,9385311.5005,0.3943768278338776
42,150,3735423.9919,9390891.9712,0.39777094692983406
42,151,3791020.1518,9431264.1664,0.40196309687793075
42,152,3893913.1328,9361484.0016,0.4159504125771597
42,153,3745835.3089,9423862.1091,0.39748409574911914
42,154,3803290.1758,9422868.9275,0.4036233768147148
42,155,3773608.6492,9424684.2753,0.40039629328377485
42,156,3836897.0399,9413536.1318,0.4075935956668317
42,157,3834676.0177,9411921.1385,0.40742755504123795
42,158,3866751.6797,9457006.4818,0.40887691968294193
42,159,3863507.3313,9386826.5703,0.41158822977769405
42,160,3776266.1569,9356242.6888,0.40360925667527026
44,0,262235.3447,780859.5266,0.3358290905943338
44,1,262546.4557,780747.9786,0.3362755497244908
44,2,262285.8004,778165.4868,0.3370565835277289
44,3,263381.1676,779453.6364,0.33790485450354363
44,4,275893.9967,782602.2695,0.3525341127317035
44,5,264730.7712,782807.4641,0.3381812046265592
44,6,267130.0549,781800.9768,0.3416854964717409
44,7,257737.4228,779052.8324,0.33083433123013956
44,8,255668.1367,778065.1136,0.32859478240459694
44,9,270779.7351,780313.4974,0.34701403474659415
44,10,262848.9133,784739.8362,0.334950388873861
44,11,255447.5538,780263.3182,0.32738634233029873
44,12,265872.441,785447.1397,0.3384981974745614
44,13,261100.3675,780800.1804,0.3344010081634966
44,14,270115.5073,782269.9741,0.3452970409745911
44,15,261895.1983,781746.9789,0.33501274116660357
44,16,262066.3488,780847.4999,0.33561783681648694
44,17,260195.9912,783644.5424,0.3320331822934929
44,18,267150.4526,781975.2549,0.34163543018271536
44,19,261426.0453,782879.5198,0.3339288341158621
44,20,267092.7651,776625.8097,0.34391435587644753
44,21,256372.069,776781.1829,0.3300441290851975
44,22,273687.4219,783345.0033,0.34938299312185067
44,23,276195.1242,781829.5653,0.35326768960703053
44,24,248624.9836,779384.2611,0.3190018018186536
44,25,258788.4425,784425.2921,0.32990833557545357
44,26,257672.7719,782377.1353,0.3293459896437237
44,27,260278.572,778150.4748,0.33448359980361986
44,28,260556.1068,787183.6752,0.3309978534981692
44,29,263126.1005,790783.8165,0.33274087684873604
44,30,256048.4706,779564.064,0.328450838647175
44,31,255463.256,780654.0883,0.32724257751126673
44,32,261604.532,778512.4133,0.33603129189822
44,33,269228.5687,781082.6485,0.3446864031828509
44,34,265376.1186,777712.9195,0.3412263213662609
44,35,253717.4795,776060.0495,0.32693021585567394
44,36,263598.7472,778821.2948,0.3384585770317075
44,37,260449.6862,780241.451,0.3338065234373199
44,38,262681.6883,776998.5316,0.33807230981387354
44,39,258626.8575,784094.1122,0.3298416012516004
44,40,259336.7252,776147.2555,0.3341334049206079
44,41,260372.7991,779673.0579,0.33395125875106885
44,42,268424.612,783894.7996,0.34242427955507515
44,43,250084.0484,778979.7284,0.32104050886364505
44,44,257399.6706,780597.6754,0.32974690895422054
44,45,251029.1611,783191.2102,0.32052091217404727
44,46,257171.2996,774867.5727,0.33189064642864746
44,47,256733.8668,782824.8202,0.3279582611271936
44,48,257202.1368,783014.8723,0.3284766942478418
44,49,255254.5304,782579.9131,0.32617056242712805
44,50,274471.6853,777912.5803,0.35283101501476
44,51,262169.9368,777822.0029,0.33705646770409714
44,52,255715.9263,789162.2565,0.32403466358632166
44,53,265464.5266,783486.3218,0.33882471105572787
44,54,253127.8885,780185.7924,0.3244456525173708
44,55,265488.5188,781009.6338,0.33992988986354294
44,56,252369.8216,781984.5561,0.3227299307017606
44,57,261984.9129,785470.4265,0.3335388629045985
44,58,261271.7916,774791.3329,0.3372156869928765
44,59,275732.6843,786153.9596,0.35073624057086034
44,60,268447.7214,782087.382,0.34324517640664354
44,61,260774.4682,780405.8074,0.3341523931873293
44,62,258866.0155,786512.8061,0.3291313421628978
44,63,265882.9583,783226.4847,0.33947135789444277
44,64,261063.6712,773695.5187,0.3374243030884444
44,65,274562.001,776854.9727,0.35342761602689554
44,66,272410.8274,776150.2851,0.3509769082477401
44,67,263155.6334,783527.3953,0.3358601562351779
44,68,261081.5462,781889.2486,0.3339111602665923
44,69,260981.9996,776743.2448,0.33599519705794034
44,70,267555.062,774926.3504,0.34526514921307544
44,71,269361.6329,779504.0027,0.3455551632409854
44,72,260113.8452,781755.0227,0.3327306351056464
44,73,251091.5115,780933.9575,0.3215272035343655
44,74,263099.7815,777011.5934,0.33860470517401675
44,75,271516.5143,783257.4207,0.34665042056970835
44,76,271468.8428,779166.0019,0.3484095072654889
44,77,264859.5104,777450.8553,0.3406768525552614
44,78,260666.7425,780332.4302,0.33404576358974447
44,79,258818.3413,784741.2318,0.3298136134714567
44,80,260203.783,781867.3425,0.3327978658988433
44,81,262610.9463,780604.9275,0.3364197906629279
44,82,259047.8311,783075.7545,0.33080813651982377
44,83,268237.1038,783119.606,0.34252380063639987
44,84,261029.008,775607.5701,0.33654778274836233
44,85,263092.7733,780986.9056,0.33687219518472805
44,86,252198.089,779413.0464,0.32357437454359755
44,87,256890.6238,776165.0227,0.33097423394108844
44,88,256492.5993,776259.4411,0.33042122996473533
44,89,271336.5683,776498.6154,0.349435997590576
44,90,262733.3988,781378.8222,0.3362433064928286
44,91,264000.5174,779055.2883,0.3388726337717102
44,92,253983.109,778309.8976,0.3263264540039687
44,93,253123.1723,779931.1176,0.3245455484311349
44,94,259839.9535,780459.7204,0.3329319203902377
44,95,264200.4645,778439.5119,0.3393975517187516
44,96,265267.114,778727.1008,0.3406419446908762
44,97,262489.951,782945.671,0.33525947038539794
44,98,259891.6118,780381.4782,0.3330314968513306
44,99,249449.2435,776344.6577,0.32131250086658514
44,100,260657.5826,777527.4186,0.33523908786308104
44,101,271831.1425,779598.0618,0.3486811420135832
44,102,255727.4642,784149.5523,0.32612078072342476
44,103,261549.9503,784705.2587,0.3333097967679008
44,104,259013.2636,775791.7912,0.3338695595107503
44,105,274866.6813,782213.711,0.3513958876386916
44,106,262500.3962,780594.4259,0.336282693663032
44,107,261879.9612,780001.7599,0.33574278246958605
44,108,264854.3006,782535.0488,0.33845678989860983
44,109,258853.3219,778856.8516,0.3323503174790586
44,110,266112.4933,782042.657,0.3402787442833825
44,111,254808.0675,782654.2706,0.3255691268440387
44,112,260224.7153,776578.8399,0.3350911741730036
44,113,261381.172,779293.0103,0.3354080795609569
44,114,270248.4275,784846.5461,0.344332823840403
44,115,257886.591,777607.2653,0.33164117994770487
44,116,264255.6435,779037.8501,0.3392077079003019
44,117,261505.505,776679.7447,0.33669669742837055
44,118,268970.2289,782018.6426,0.34394349987072803
44,119,260701.6448,785434.5165,0.3319202802058165
44,120,258202.4604,781524.9706,0.33038286697579256
44,121,265368.82,781129.4888,0.3397244935761795
44,122,256869.8513,782774.4053,0.328153104599216
44,123,247761.5128,781380.7877,0.3170816542972445
44,124,262290.3647,783938.1084,0.33458044951447596
44,125,259147.5072,785591.5237,0.3298756406885096
44,126,257180.1847,777628.3288,0.3307237856121684
44,127,263796.4336,781873.7564,0.3373900600201805
44,128,252897.5803,773687.8537,0.32687288431706707
44,129,259697.8535,778678.3238,0.3335110861089055
44,130,273007.068,774544.2157,0.35247447784923147
44,131,257149.5849,780398.7143,0.32951051839015055
44,132,252847.1951,781773.0164,0.32342788737367834
44,133,261052.3361,782407.8997,0.3336524799916971
44,134,263343.8352,781790.4329,0.33684709369382204
44,135,262729.1463,784151.5303,0.3350489492757673
44,136,251058.6418,784862.6922,0.31987587675529977
44,137,265278.8674,784561.4276,0.3381237696218345
44,138,264605.9562,780812.3134,0.3388854807473378
44,139,270395.0186,782679.7574,0.345473376618594
44,140,267213.1889,780262.6903,0.34246567498602337
44,141,256296.4435,779707.7668,0.328708337165688
44,142,263694.7556,782985.5675,0.33678111902107316
44,143,263521.0146,782306.1529,0.33685151730320745
44,144,258016.313,782840.1584,0.3295900321814661
44,145,268536.8715,780973.5304,0.34384887713474804
44,146,265087.7539,783826.5607,0.33819695222277507
44,147,271408.3733,784827.7068,0.34581905168284766
44,148,261893.3568,783914.616,0.33408403345805204
44,149,266287.8436,781037.0965,0.34094135194511854
44,150,263885.2037,778258.2939,0.33907149563112415
44,151,263674.8812,785610.6742,0.33563047175817
44,152,268800.3592,783315.9293,0.3431570189568466
44,153,270593.8621,786935.0389,0.3438579409022678
44,154,260711.4483,773558.102,0.33702891563793613
44,155,269755.6294,781336.584,0.34524894254791477
44,156,272069.9926,778790.043,0.34934960333076576
44,157,264986.1234,783103.1006,0.3383796120804173
44,158,253539.5449,779709.0957,0.32517197285274657
44,159,267947.1929,787373.0629,0.34030525747618895
44,160,268459.3652,780069.7466,0.3441479000693244
45,0,1456000.4856,3453253.2788,0.4216315364235194
45,1,1459484.3261,3454437.0214,0.4224955664435608
45,2,1508122.8112,3432596.2171,0.4393533977830124
45,3,1432513.5239,3453858.9937,0.4147573848593621
45,4,1490621.3754,3448720.6589,0.43222444576750585
45,5,1432577.3953,3453558.6522,0.4148119489406713
45,6,1468091.8031,3457243.4181,0.424642301844867
45,7,1497397.9996,3431655.5354,0.43634857407838884
45,8,1446097.0956,3458120.9593,0.4181742375757504
45,9,1449152.0716,3448223.4823,0.4202604845766554
45,10,1500651.0822,3441376.9017,0.4360612409116525
45,11,1460803.939,3445269.8879,0.4240027592991868
45,12,1496356.1468,3472834.0246,0.4308746505593079
45,13,1496656.0671,3430851.1214,0.4362346292920083
45,14,1418919.6744,3443720.6944,0.412030997957347
45,15,1444160.0529,3457370.5719,0.4177047333709331
45,16,1476799.2145,3455947.8937,0.42732103027135404
45,17,1425265.0362,3434423.077,0.4149940191541521
45,18,1474131.48,3455220.993,0.4266388410427211
45,19,1506148.7839,3454237.8232,0.4360292663649622
45,20,1414930.9023,3460197.8058,0.4089161896838054
45,21,1439752.279,3460259.1853,0.41608220711223265
45,22,1382650.1752,3460075.9915,0.3996011008418917
45,23,1511939.4645,3458152.8851,0.43721012769979917
45,24,1409386.5727,3466232.2973,0.4066047661600271
45,25,1493203.433,3451806.9506,0.43258602070444535
45,26,1376160.3087,3441985.2826,0.3998158608221819
45,27,1438260.4921,3452472.3119,0.41658856673306144
45,28,1482671.1952,3443606.1666,0.4305577128942989
45,29,1453771.7961,3449651.5199,0.421425696976529
45,30,1402475.2448,3461693.5067,0.4051413685485306
45,31,1482265.0155,3452555.4904,0.42932402379093126
45,32,1440936.803,3438047.1011,0.41911491047896743
45,33,1437559.3639,3454792.9118,0.41610579869778924
45,34,1458911.2174,3467900.6615,0.42069002540833017
45,35,1451031.6037,3439483.2184,0.42187488979085636
45,36,1479503.3099,3457764.3949,0.42787857729178447
45,37,1455685.4803,3440494.789,0.4231035271304984
45,38,1469344.6052,3450751.1338,0.4258042809311327
45,39,1413651.4229,3465029.8539,0.4079766935655377
45,40,1503863.6039,3450328.7874,0.4358609560317405
45,41,1428788.5027,3436921.4707,0.4157175294461988
45,42,1414639.7378,3453670.2787,0.40960474615210984
45,43,1525899.8791,3437687.35,0.4438739547096975
45,44,1376358.7894,3459171.2243,0.39788686368901
45,45,1509951.2449,3457076.477,0.43677114317422144
45,46,1479537.7376,3461425.2339,0.4274359946041647
45,47,1452998.0273,3464858.8294,0.41935273523152794
45,48,1519950.337,3450371.0624,0.4405179354659777
45,49,1460005.5323,3438794.0241,0.4245690559155
45,50,1405033.783,3467391.1654,0.4052135210530579
45,51,1526715.5776,3460904.8361,0.44113191488975306
45,52,1434171.8677,3464190.5911,0.41399912331168853
45,53,1418412.0966,3448282.7006,0.41133869225780034
45,54,1418677.119,3462476.4544,0.4097290299829165
45,55,1479076.3476,3434161.274,0.4306950750385755
45,56,1422606.2156,3450926.7581,0.4122388898173121
45,57,1460231.6756,3469211.6049,0.4209116773210181
45,58,1469215.8374,3435102.311,0.42770657301682913
45,59,1513042.2159,3467525.1717,0.4363464260472004
45,60,1509198.9469,3452220.3933,0.4371676124238832
45,61,1450361.1471,3451572.0893,0.42020305807784597
45,62,1531524.7098,3460440.494,0.4425808542165326
45,63,1428696.749,3460060.8375,0.41291087529902426
45,64,1548914.4276,3431638.4239,0.451362945703261
45,65,1405445.3201,3438671.3893,0.4087175426163947
45,66,1436764.2932,3466884.3341,0.41442521720961384
45,67,1492324.5738,3454057.0233,0.43204977906654124
45,68,1402661.0372,3459479.9415,0.40545430553698153
45,69,1441738.5665,3468242.2564,0.41569719180934894
45,70,1528685.1434,3431191.8559,0.4455259885195276
45,71,1394719.5842,3472883.9691,0.4016027015614468
45,72,1442019.1603,3466206.1753,0.41602232740099293
45,73,1471772.0765,3463238.6762,0.4249698661008503
45,74,1450463.74,3455324.8639,0.4197763733170004
45,75,1425596.6119,3467227.0085,0.4111633326589553
45,76,1426251.6313,3456699.7377,0.41260501042216396
45,77,1462461.0611,3453622.3015,0.4234571511959528
45,78,1405387.9859,3454771.626,0.40679620479782186
45,79,1470408.5928,3452504.4686,0.42589621712966375
45,80,1394704.1822,3464016.9022,0.4026262635480278
45,81,1453236.3064,3452370.0092,0.4209387471584342
45,82,1394859.1869,3468790.1383,0.4021169143382075
45,83,1524284.4051,3437990.0422,0.44336498546825254
45,84,1392064.1858,3457389.3705,0.40263448417980263
45,85,1509183.7393,3461070.3895,0.4360453759849775
45,86,1451128.3504,3458036.9032,0.4196393477053857
45,87,1476655.0705,3446957.598,0.4283937439081895
45,88,1481667.3389,3451436.1874,0.4292900863440718
45,89,1442530.0383,3445456.6854,0.4186760043777853
45,90,1438843.4865,3456431.032,0.41628010892710904
45,91,1537182.2817,3454331.9991,0.4450013148998131
45,92,1407800.7908,3456598.0727,0.4072792847738719
45,93,1457773.8279,3444797.8474,0.42318124095446447
45,94,1448319.2052,3452857.6526,0.4194552312660258
45,95,1502465.5125,3439840.7095,0.43678345580089134
45,96,1439175.1639,3457562.1503,0.4162398537869024
45,97,1429303.764,3447720.3892,0.4145648726263593
45,98,1552705.8554,3453926.1063,0.4495480816940024
45,99,1430896.0272,3474267.872,0.41185541239694023
45,100,1555054.917,3451531.3532,0.45054057398559344
45,101,1466649.6321,3461796.366,0.423667216969977
45,102,1522094.2877,3451797.7397,0.4409569744466798
45,103,1415945.3226,3457932.0943,0.4094774807562073
45,104,1512340.4305,3439792.8029,0.43966032757117957
45,105,1404563.0203,3438262.8521,0.4085094946833777
45,106,1446620.2523,3469428.3518,0.41696213485701994
45,107,1380980.1801,3463546.7515,0.3987185042332465
45,108,1415389.437,3455251.2562,0.4096343021249952
45,109,1452114.2042,3465731.5756,0.41899211538002756
45,110,1481127.6851,3437711.6302,0.4308469832339691
45,111,1353219.3321,3472677.1845,0.38967610872095443
45,112,1492101.6432,3456394.2779,0.4316931238835853
45,113,1467447.3884,3461141.3525,0.42397788444556167
45,114,1423353.424,3451603.901,0.4123744974293329
45,115,1422993.0673,3437402.655,0.4139733427011041
45,116,1483188.9419,3460435.6844,0.4286133531064797
45,117,1472698.4904,3444741.4824,0.42752075821200675
45,118,1414286.5847,3466670.3406,0.4079668516895148
45,119,1431836.9866,3442660.9156,0.41590996665161084
45,120,1401592.6491,3479007.3008,0.40287143081812526
45,121,1441234.8063,3445765.3486,0.4182626094622397
45,122,1521276.7005,3430731.8108,0.44342629631118236
45,123,1387004.6365,3460954.3951,0.40075784831597705
45,124,1484894.0962,3447769.814,0.4306824922506268
45,125,1421383.081,3457250.5524,0.4111310590472783
45,126,1478960.9197,3460195.6261,0.42742118640469545
45,127,1469140.6341,3441539.87,0.42688467650964623
45,128,1413179.9148,3454920.3261,0.40903400987982624
45,129,1492989.5996,3449073.2024,0.432866892636874
45,130,1488537.0477,3443245.4601,0.43230639957244565
45,131,1366678.9868,3440585.3721,0.3972228092005844
45,132,1476888.8043,3457952.9146,0.4270991655393433
45,133,1519918.8162,3438283.3604,0.4420574620769991
45,134,1473878.3865,3449121.1494,0.42731998171661556
45,135,1453207.7247,3462593.0969,0.4196876976393882
45,136,1486269.1895,3457980.7102,0.4298084096062058
45,137,1455138.481,3444429.7194,0.4224613650277866
45,138,1431423.8934,3457168.3109,0.4140451851554081
45,139,1488681.7969,3433652.6156,0.433556321375238
45,140,1386346.694,3464079.863,0.40020633150165913
45,141,1463813.9835,3447895.1951,0.42455292306457265
45,142,1333325.4721,3453736.1824,0.38605307460787947
45,143,1518591.9146,3451081.7659,0.44003359456885244
45,144,1398955.5923,3463847.0222,0.40387337643204535
45,145,1466249.2427,3446117.4353,0.4254786060627549
45,146,1468527.9604,3452907.9347,0.42530180015575497
45,147,1464693.2231,3452375.932,0.424256585015493
45,148,1517590.2277,3442065.5774,0.4408952106154606
45,149,1422406.3989,3439857.2438,0.4135073923383727
45,150,1445174.867,3466401.239,0.4169092864208961
45,151,1518894.5458,3448354.1926,0.44046941264313094
45,152,1436335.5555,3470070.2986,0.413921169285674
45,153,1495979.1855,3466359.6647,0.43157067650378145
45,154,1468847.7418,3461023.6976,0.4243969039618401
45,155,1466760.943,3456190.4366,0.4243866100280384
45,156,1449131.615,3456909.1193,0.4191986439300548
45,157,1444962.3541,3452559.4818,0.41851917735727623
45,158,1420148.063,3438569.9292,0.4130054331424937
45,159,1460158.6804,3472863.1296,0.420448093089168
45,160,1523604.3842,3436710.3089,0.44333221227705555
47,0,1809266.144,4683258.289,0.38632636347424826
47,1,1769798.6591,4672476.017,0.378771052577026
47,2,1859822.0405,4649641.2594,0.3999925879744098
47,3,1920621.5341,4678939.8315,0.4104822039321409
47,4,1795144.711,4714862.3323,0.380741702403916
47,5,1787067.7333,4704557.2296,0.37985885729185687
47,6,1796667.3722,4676343.5568,0.3842034594715387
47,7,1809335.5726,4709784.6528,0.3841652444818973
47,8,1839198.4717,4704550.2827,0.3909403367338357
47,9,1857953.2887,4676529.1332,0.39729321378752147
47,10,1843762.4111,4665591.7887,0.39518296812112186
47,11,1787088.1906,4674717.5041,0.3822879540919038
47,12,1862928.2912,4702756.4249,0.39613539866454245
47,13,1717263.8167,4709882.9136,0.3646086002990272
47,14,1921269.4268,4687395.5339,0.4098799456766705
47,15,1758202.4409,4672896.6334,0.37625536767346207
47,16,1813617.7852,4652259.2356,0.38983592559112806
47,17,1775830.371,4656359.0824,0.3813774538377513
47,18,1741689.3652,4725899.4093,0.36854135358288953
47,19,1835328.8826,4699707.427,0.3905198166285767
47,20,1822073.1661,4700235.8728,0.38765568695057084
47,21,1734637.745,4701803.1239,0.3689303229611136
47,22,1822717.9197,4687626.7628,0.38883597434947215
47,23,1904298.4526,4684614.7752,0.4065005435839065
47,24,1905517.9885,4703282.519,0.4051464016465561
47,25,1869701.1883,4684533.7372,0.3991221524252576
47,26,1848556.5812,4656833.0756,0.3969557317580739
47,27,1829551.7576,4702231.2764,0.38908161892893833
47,28,1743309.1597,4679958.7264,0.3725052423787119
47,29,1861149.0704,4694592.4782,0.39644528871089607
47,30,1836571.9501,4695925.1361,0.3910990692720639
47,31,1722289.2784,4718302.7178,0.36502305625762194
47,32,1842086.6268,4667410.1875,0.39466996745505134
47,33,1707993.0331,4698101.2576,0.36354964260019357
47,34,1894946.3175,4723737.2766,0.40115404531217363
47,35,1745431.5389,4692838.0943,0.37193517096190265
47,36,1793470.4218,4702109.4934,0.38141826010588664
47,37,1729184.8276,4691073.2104,0.3686117760359053
47,38,1677113.3009,4667790.3591,0.3592949065568929
47,39,1800589.3825,4710947.4256,0.38221385632862837
47,40,1722971.1345,4657761.1811,0.36991401394544976
47,41,1751325.9135,4670402.1599,0.37498396359458225
47,42,1812557.1871,4696407.913,0.38594543333484926
47,43,1925292.342,4708438.5407,0.40890251096147223
47,44,1835975.5756,4717940.9588,0.3891476369952237
47,45,1837946.4151,4683465.5465,0.3924329957916559
47,46,1909633.992,4651036.6939,0.41058243950312256
47,47,1834843.8158,4704804.8025,0.38999361138745137
47,48,1756676.0646,4701777.5481,0.37361956124654966
47,49,1912210.2375,4705515.4391,0.4063763603049061
47,50,1856293.1474,4673045.5273,0.397234124203479
47,51,1813105.1085,4643835.1332,0.39043270411079717
47,52,1887470.2474,4676821.3257,0.40357972134364023
47,53,1783407.6062,4643663.6112,0.3840518511932301
47,54,1787834.0022,4713869.1097,0.37927103205328105
47,55,1787957.0514,4691447.7285,0.38110987372583705
47,56,1730653.5201,4695232.9488,0.36859800972011786
47,57,1805832.9013,4664203.5099,0.3871685481705572
47,58,1741883.2416,4655092.3709,0.3741887599242698
47,59,1797775.9251,4696708.1515,0.38277360804840294
47,60,1828051.5428,4664352.1901,0.39191970680944826
47,61,1756253.1453,4672078.6796,0.37590401740630824
47,62,1860329.1006,4675954.0647,0.39785016594669115
47,63,1864969.1288,4666577.2785,0.3996438969075566
47,64,1846007.2359,4718958.0624,0.39118958284641864
47,65,1769256.7248,4679328.7258,0.378100541439845
47,66,1749685.1097,4663546.2484,0.3751833940320187
47,67,1777934.7378,4694463.6146,0.37873011354706004
47,68,1764030.6778,4684215.4647,0.37659042183128466
47,69,1887961.0361,4652178.7963,0.4058229743021797
47,70,1923364.8849,4656083.9344,0.41308638589820695
47,71,1723463.1094,4681031.6149,0.3681801900064326
47,72,1884664.833,4697779.3733,0.4011820656609719
47,73,1753274.0812,4698971.5233,0.3731186861861866
47,74,1937332.5626,4688506.5835,0.4132088817829427
47,75,1730231.4275,4659022.2034,0.37137222188753133
47,76,1744829.9303,4661276.8111,0.37432446108864387
47,77,1751352.4311,4692581.6037,0.37321725630068875
47,78,1708620.164,4676080.9226,0.36539576459039785
47,79,1888519.8747,4674833.3758,0.4039758688461959
47,80,1772535.3064,4658659.561,0.3804818281290162
47,81,1754334.197,4675787.2059,0.3751954739912772
47,82,1838778.3915,4683118.4638,0.39263973476510544
47,83,1925919.1098,4692515.9372,0.41042356287641846
47,84,1827446.138,4697962.6478,0.3889869449804526
47,85,1877663.8691,4673863.0782,0.40173702945169004
47,86,1876616.4871,4664852.2888,0.402288512244135
47,87,1828479.1372,4684393.8498,0.390334202423664
47,88,1790594.7353,4697494.0445,0.3811808420271431
47,89,1892562.3791,4677347.9064,0.404622965187262
47,90,1842574.7774,4693587.0589,0.39257283486541533
47,91,1812517.4044,4694484.1383,0.3860951173767011
47,92,1850284.796,4698553.4308,0.3937988198391012
47,93,1739359.9506,4693949.2037,0.3705536372717778
47,94,1913648.2766,4678303.3062,0.4090475010596054
47,95,1819808.7526,4680125.1943,0.3888376222961673
47,96,1850913.8296,4667412.1029,0.39656104684863225
47,97,1788511.6465,4684675.1446,0.3817792250891949
47,98,1825770.2961,4683808.6458,0.38980462998572313
47,99,1851707.051,4716637.1709,0.39259052242228515
47,100,1836444.9013,4710100.0177,0.38989509657944776
47,101,1762082.389,4675010.1554,0.3769152002728075
47,102,1816518.2615,4684476.4886,0.38777401614046386
47,103,1916632.1183,4672117.9366,0.410227683527778
47,104,1845018.645,4713897.1294,0.39139985331729965
47,105,1744284.1883,4696581.0611,0.37139446026967243
47,106,1842897.4726,4663541.2568,0.3951712595900884
47,107,1817905.9856,4703806.6173,0.3864754938933871
47,108,1772403.2025,4723480.6673,0.37523244559252694
47,109,1837118.0893,4676310.8688,0.39285627941399615
47,110,1874002.0356,4698567.9547,0.39884536175015345
47,111,1784457.8183,4694895.2729,0.3800846908343824
47,112,1872572.6151,4713086.8067,0.3973134151567079
47,113,1725717.5193,4681959.0234,0.36858877035766924
47,114,1812028.3436,4677084.5916,0.3874268912848799
47,115,1747274.2847,4644926.0673,0.3761683737015118
47,116,1790051.6433,4695987.6896,0.381187465049014
47,117,1739013.4878,4674892.0627,0.3719900832952337
47,118,1764473.5862,4701038.7768,0.3753369563569263
47,119,1784655.6945,4678531.8094,0.3814563557982678
47,120,1747379.8583,4682304.8854,0.3731879706826748
47,121,1768536.4112,4671734.7557,0.37856096368532105
47,122,1794987.8971,4657332.0942,0.38541118837872546
47,123,1912629.7907,4694932.6212,0.4073817336724935
47,124,1800223.4751,4710565.7765,0.3821671452038581
47,125,1829207.0676,4695804.0997,0.38954075356696893
47,126,1790454.4484,4679032.2211,0.382654866176382
47,127,1736585.8963,4720219.2307,0.3679036526535373
47,128,1739306.7955,4697004.5121,0.3703012826620359
47,129,1889954.6388,4676555.2868,0.40413392398771975
47,130,1847734.4032,4663371.6105,0.3962228528045374
47,131,1800160.928,4688287.3304,0.38396983826637865
47,132,1895268.8643,4692925.4828,0.40385658609887015
47,133,1758571.3312,4684457.8523,0.37540551898371066
47,134,1900754.4756,4670108.3476,0.40700436352334535
47,135,1825958.794,4684631.5245,0.38977639638261374
47,136,1751443.5969,4689483.829,0.3734832362719722
47,137,1691981.7224,4648730.704,0.36396638784520996
47,138,1711368.3247,4704530.8132,0.3637702446114781
47,139,1768421.2028,4637083.7047,0.3813649516413915
47,140,1803558.1042,4677479.1646,0.3855833539248343
47,141,1773953.7031,4679783.2961,0.3790674889964164
47,142,1791259.6288,4674224.4943,0.38322070987055884
47,143,1803668.6699,4652848.5104,0.3876482687687893
47,144,1800354.465,4673023.1314,0.3852654725594368
47,145,1817662.1489,4673375.4028,0.38893989723379985
47,146,1806347.8596,4670892.7448,0.3867243283654857
47,147,1774650.7153,4691863.0302,0.37824009436702416
47,148,1721285.4882,4698811.6116,0.36632357933879417
47,149,1811017.5348,4667791.0871,0.3879817029097476
47,150,1887119.1276,4703069.6592,0.4012526422840614
47,151,1932320.544,4677556.5684,0.4131046874032712
47,152,1901383.6154,4676361.917,0.4065946240148547
47,153,1789229.76,4670888.553,0.383059826775533
47,154,1823046.2968,4693777.002,0.3883964440626828
47,155,1741800.829,4674209.0157,0.37264076620226866
47,156,1796862.8368,4666021.805,0.38509525070682776
47,157,1771138.7072,4673322.4788,0.37898919135894665
47,158,1701131.9358,4671250.0603,0.3641705996982634
47,159,1791979.402,4688714.0759,0.3821899508035215
47,160,1830356.6672,4710198.8263,0.38859435338057674
50,0,224950.0592,479028.8537,0.46959605347881367
50,1,224914.1452,479021.9164,0.4695278806662968
50,2,218328.2118,482041.9223,0.4529237016529091
50,3,219132.481,478275.2959,0.4581722762570142
50,4,226414.1624,479857.2093,0.4718365338936672
50,5,227862.5742,478413.5649,0.47628786246399346
50,6,227106.116,475879.6202,0.4772343810490416
50,7,230004.4199,477990.7575,0.48119009895290704
50,8,220199.1105,479904.4008,0.45883953165032115
50,9,229239.9301,477872.5405,0.47970935902729483
50,10,226076.1885,478471.0657,0.47249709482276014
50,11,217070.3741,475933.7143,0.4560937113254639
50,12,222657.7218,480647.9278,0.46324494275703815
50,13,233827.364,479550.871,0.48759657867454903
50,14,229588.4872,480077.4623,0.4782321713251566
50,15,225610.8491,481314.8565,0.4687385939852035
50,16,226409.7762,485286.4863,0.46654869358969825
50,17,216847.6267,475513.1037,0.45602870880464447
50,18,233828.5335,478906.1569,0.48825543403658006
50,19,236786.8192,480784.8195,0.49250061482026475
50,20,225007.9661,481772.3491,0.4670420926405135
50,21,220832.4042,474257.9063,0.46563779172994674
50,22,225672.3054,478829.0637,0.47130035018381866
50,23,216232.8129,478470.2787,0.4519252762940738
50,24,230064.6951,479884.3318,0.47941697583050785
50,25,227940.6383,479984.8318,0.4748913365557732
50,26,223026.4642,476187.8407,0.4683581669623258
50,27,218169.3905,478901.9594,0.45556169946211333
50,28,221291.0479,479287.8877,0.46170799133257545
50,29,226653.9022,480850.5705,0.4713603686989907
50,30,224286.9651,478358.9274,0.4688675223833609
50,31,216590.8907,478063.7156,0.45305862719191065
50,32,222888.1606,480765.634,0.4636108424505234
50,33,225821.7086,477139.9799,0.4732818839606109
50,34,223204.0838,474603.9281,0.4702954834224854
50,35,231118.4964,480271.8815,0.48122429253647653
50,36,217875.1284,477835.4139,0.45596270611620315
50,37,218305.5706,474466.9716,0.460106990933065
50,38,234680.5146,480068.6739,0.48884779898986863
50,39,231430.987,478861.3443,0.48329436016245175
50,40,219661.8072,477362.3114,0.4601574149324433
50,41,227100.5696,479042.9866,0.47407137971446506
50,42,227102.9501,479828.0477,0.47330069842434513
50,43,228814.8429,481589.1824,0.4751245486032329
50,44,219207.8027,476718.6279,0.45982638367968837
50,45,224697.5979,480967.9493,0.46717790286655175
50,46,222556.9783,476618.0854,0.4669503426694769
50,47,219050.7866,481484.0339,0.45494922194137577
50,48,230694.0004,478670.5079,0.48194738675689364
50,49,223058.3353,480519.9592,0.4642020191447648
50,50,208291.333,476154.4372,0.43744490595287894
50,51,218419.8634,480384.442,0.45467722162409246
50,52,234274.83,476325.0755,0.4918381207499541
50,53,223155.3184,478132.6742,0.46672258651508824
50,54,229535.2096,483379.2153,0.4748553564876458
50,55,231994.683,474699.0772,0.4887194733312197
50,56,226725.4214,477387.0561,0.474929972446733
50,57,223862.1389,477982.7559,0.4683477304081547
50,58,217300.8006,479054.5515,0.4536034568914851
50,59,230003.2234,477686.0828,0.4814945037791668
50,60,229913.8198,477304.8597,0.4816917639273724
50,61,224989.0834,481722.4611,0.467051262019719
50,62,225143.5484,479427.0336,0.4696096227811881
50,63,215874.7381,481804.238,0.44805487597226157
50,64,221033.1237,472859.2531,0.4674395652637383
50,65,232922.2165,480523.2637,0.4847262018211419
50,66,226046.7271,481073.495,0.46987981971444925
50,67,227166.8319,480210.8324,0.47305645056914797
50,68,224644.565,480013.631,0.4679962202990023
50,69,217154.821,480018.2132,0.4523887115706634
50,70,225142.7055,480596.3395,0.4684652940432976
50,71,229779.4488,477305.2326,0.4814098675355691
50,72,226906.3532,478240.4188,0.47446084496444907
50,73,223906.8706,479007.1088,0.4674395567133178
50,74,231482.0897,484113.2225,0.47815692474708227
50,75,218882.8837,477845.7409,0.45806180732665813
50,76,225127.0411,479004.2488,0.46998965387882796
50,77,231151.0231,481448.2648,0.480116016610888
50,78,221248.8083,477970.6948,0.4628919946495431
50,79,226872.2439,478754.8277,0.4738798039696509
50,80,231532.5958,483240.5234,0.4791249586664941
50,81,224176.9504,478975.7674,0.4680340126952318
50,82,225910.5601,482052.078,0.46864347320581407
50,83,219877.6366,475154.8787,0.46274940331366105
50,84,225986.7093,482397.4064,0.46846584642002337
50,85,229752.8671,477519.3927,0.48113829639656436
50,86,224498.3699,480786.6829,0.4669396592806502
50,87,224687.3741,475234.2803,0.47279285904662044
50,88,232098.9915,482651.4525,0.4808832342631353
50,89,225080.261,478922.4084,0.4699722899831638
50,90,227861.5645,483999.8857,0.4707884675849625
50,91,218947.9441,478412.9233,0.4576547443362093
50,92,233837.3062,482925.6278,0.48420976800353605
50,93,225522.1723,479567.3799,0.47026170200947814
50,94,227589.8815,479081.0348,0.4750550845641615
50,95,226190.9509,480631.8042,0.47061170093911986
50,96,224407.4897,481515.7597,0.466043914823916
50,97,218756.0164,476958.8214,0.45864759510662445
50,98,223846.9317,478418.1437,0.4678897208387793
50,99,228238.2176,478563.8424,0.4769232386119775
50,100,222224.8967,481574.4701,0.46145489534329864
50,101,225006.3176,476899.0201,0.4718112391021875
50,102,222576.9819,477363.9356,0.4662626673299951
50,103,225516.2004,477738.5257,0.47204943346271977
50,104,223874.0652,478732.8202,0.4676388493825684
50,105,222867.5068,476927.7531,0.46729825503207856
50,106,223418.099,477253.1531,0.4681333115324367
50,107,217868.9504,477730.7614,0.4560496580993246
50,108,218371.5346,478738.1208,0.4561398499770357
50,109,230277.3809,481066.5955,0.4786808792255874
50,110,227388.0819,478858.2432,0.47485468847829576
50,111,217194.2308,478125.9506,0.45426154034819294
50,112,223796.2163,478658.7815,0.4675485438680916
50,113,216977.5258,477628.4569,0.4542809848648279
50,114,221736.9456,478384.1163,0.4635123492706984
50,115,226407.1196,477146.8222,0.47450199616984895
50,116,222988.5541,481125.4618,0.46347277748666427
50,117,223143.629,476533.8999,0.46826391374638066
50,118,230305.742,479940.8859,0.47986272636081745
50,119,229131.933,480553.6724,0.47680820303725974
50,120,225820.4307,476896.6858,0.473520654313593
50,121,225768.2046,479218.3289,0.47111763257934935
50,122,226253.7461,474063.2275,0.47726491525858755
50,123,222641.991,480756.1129,0.46310797725896163
50,124,221663.8174,476288.5646,0.4653981511946634
50,125,229201.1959,480404.1215,0.4771008108430643
50,126,227209.2785,477757.7845,0.4755742049034054
50,127,222447.614,480617.163,0.4628374330443959
50,128,223095.2864,478144.0579,0.46658592261886606
50,129,224405.8133,476899.7628,0.47055132085295304
50,130,209608.5022,476116.173,0.4402465492387296
50,131,227771.4735,478302.3774,0.47620811491287396
50,132,224681.5065,480304.324,0.46778988918700637
50,133,224923.6365,479411.7634,0.46916586882398553
50,134,229110.0229,480471.5974,0.4768440510111202
50,135,223040.2836,474860.491,0.4696964431180694
50,136,224810.7726,477565.1478,0.4707436747334601
50,137,223134.9679,479831.9395,0.46502733463827706
50,138,219190.2419,479183.8436,0.4574241073181291
50,139,225640.8079,478308.4734,0.4717474609974158
50,140,228537.1699,477443.4314,0.47866858117591854
50,141,223208.2976,480903.2235,0.4641438998380929
50,142,226580.7787,479752.81,0.47228650666996613
50,143,217223.1731,481953.0643,0.4507143728103484
50,144,228550.8028,475529.7684,0.4806235444922779
50,145,229603.2701,481123.1958,0.4772234473505715
50,146,224134.1936,477535.5766,0.4693560115370051
50,147,225188.6184,479479.8672,0.4696518744676919
50,148,224196.3476,479694.2643,0.46737341737275384
50,149,230187.1789,481254.4446,0.4783066036747414
50,150,231962.9813,478784.1687,0.4844833987093358
50,151,226217.7263,477973.5449,0.4732850357802303
50,152,225438.9101,477599.863,0.4720246540355477
50,153,222344.8687,481146.452,0.4621147423529167
50,154,236664.7265,482787.3284,0.49020492580931624
50,155,233060.4025,480800.6272,0.48473398185284233
50,156,221243.1836,480567.7208,0.46037878539094756
50,157,224203.8594,480437.5888,0.4666659408561248
50,158,217788.0037,475452.7473,0.4580644552729457
50,159,230990.951,476845.5417,0.48441461815181314
50,160,233488.9414,482871.0273,0.48354307506409383
51,0,2234208.6854,5646782.5412,0.3956604790602061
51,1,2249899.5428,5644122.961,0.39862695379715346
51,2,2256383.8586,5686537.6814,0.3967939693744346
51,3,2148611.782,5641634.3759,0.38084917221478676
51,4,2237270.7254,5622036.2347,0.39794669262201654
51,5,2289198.1652,5685230.2684,0.40265707053660843
51,6,2224530.7692,5626072.4292,0.39539675274253755
51,7,2233264.2977,5618759.6373,0.3974657116269094
51,8,2215232.5225,5634698.4357,0.39314127415672445
51,9,2174222.2065,5672077.5493,0.38332025392853175
51,10,2157019.0846,5619857.5626,0.3838209528574005
51,11,2126791.6712,5673165.5628,0.3748862337361997
51,12,2222502.4638,5658389.2953,0.3927800559155706
51,13,2245362.027,5652312.3315,0.3972466302838099
51,14,2317762.7679,5675802.7708,0.4083585814193669
51,15,2300180.4451,5665913.0233,0.40596818829391507
51,16,2182549.5173,5657669.6154,0.38576828723953205
51,17,2209240.9898,5622798.7394,0.39290771236740807
51,18,2162971.168,5624763.6908,0.3845443625547875
51,19,2207451.6246,5645177.6402,0.3910331552510354
51,20,2230735.0302,5638023.387,0.39565905940432383
51,21,2264758.0916,5659569.1605,0.4001643989804902
51,22,2139801.7031,5659473.5921,0.37809200242349866
51,23,2166566.5329,5625050.5722,0.38516392076678513
51,24,2225730.0919,5616957.7595,0.39625188352816204
51,25,2297211.3921,5681151.2411,0.4043566690287949
51,26,2194007.6791,5630595.2153,0.38965821466587214
51,27,2156636.6856,5586022.2284,0.3860773547651499
51,28,2210884.2823,5673350.3897,0.38969641048680387
51,29,2163672.5892,5650698.1165,0.3829035890064788
51,30,2193149.7764,5610090.7756,0.3909294633767209
51,31,2222552.5068,5674211.4634,0.39169363375615923
51,32,2237266.6865,5659641,0.39530187276896184
51,33,2335561.3674,5610544.01,0.416280731999819
51,34,2185110.0525,5618929.6759,0.38888368044043986
51,35,2283262.8254,5665238.5712,0.4030303043206817
51,36,2183764.9471,5678637.0116,0.3845579392799941
51,37,2285952.9149,5597892.0824,0.40835958986903814
51,38,2328388.1418,5646355.4235,0.41237009843718
51,39,2184206.8053,5623065.5459,0.3884370166896937
51,40,2256787.9638,5633721.0995,0.40058567400510703
51,41,2239696.7157,5656126.0768,0.39597715561657476
51,42,2285457.6873,5630725.1726,0.4058904700981321
51,43,2219980.1464,5626865.9876,0.39453225850628043
51,44,2272081.8826,5670201.2816,0.40070568393629774
51,45,2189417.0855,5604279.4126,0.39066879509568586
51,46,2304294.0243,5637827.5992,0.4087202000690791
51,47,2291688.4502,5679089.1356,0.40353098806537424
51,48,2230568.8954,5649128.4152,0.39485186589107296
51,49,2279774.8132,5617932.4638,0.4058031718768559
51,50,2305516.2359,5626004.2104,0.40979639361771497
51,51,2220937.5969,5669140.1128,0.3917591650073144
51,52,2220501.4045,5613048.7961,0.39559631230051406
51,53,2213255.4142,5679124.5249,0.3897177116817969
51,54,2263904.9352,5656953.2249,0.40019863081685986
51,55,2229385.5008,5648518.3736,0.3946850046942724
51,56,2319574.7459,5648103.9463,0.4106820214276551
51,57,2168998.3239,5619508.2282,0.38597653670395243
51,58,2147134.6601,5646180.5755,0.38028090518692975
51,59,2228392.8063,5678863.147,0.3924012163380277
51,60,2148415.5797,5664119.8019,0.3793026374511579
51,61,2252756.0109,5650288.1058,0.3986975475794861
51,62,2224507.1581,5642123.3179,0.3942677309165873
51,63,2263259.0368,5647236.0739,0.40077287493968455
51,64,2207775.9949,5664783.9427,0.3897370168451138
51,65,2245642.1696,5624393.8574,0.3992682992222201
51,66,2256610.1286,5622451.604,0.40135696801633153
51,67,2236196.2571,5665249.8631,0.3947215588257149
51,68,2189107.4793,5688533.3741,0.38482809809414986
51,69,2299751.265,5630177.6484,0.4084686858244251
51,70,2307980.3507,5678015.8672,0.4064765588332416
51,71,2302241.1113,5649475.9757,0.4075140988655572
51,72,2261241.0804,5681173.6995,0.39802357752219614
51,73,2155865.403,5618357.3169,0.38371810146627094
51,74,2303659.4687,5648593.0608,0.40782889542652534
51,75,2254688.9965,5719567.2813,0.3942062197382757
51,76,2308792.0917,5639806.0954,0.40937437433941604
51,77,2268525.1476,5645069.9358,0.4018595293591367
51,78,2231853.9344,5683149.2552,0.39271429170329913
51,79,2215236.5091,5627391.3964,0.3936524675566638
51,80,2250558.2519,5681157.7005,0.39614430201469814
51,81,2231491.514,5636566.6495,0.39589552519492477
51,82,2216462.9966,5645662.9802,0.39259569768393804
51,83,2227442.1392,5689680.3442,0.3914880985309888
51,84,2304299.0859,5667105.5934,0.4066095201373383
51,85,2224752.3443,5658796.8093,0.3931493600624979
51,86,2240309.8976,5663122.9035,0.3955961994424337
51,87,2212633.2945,5654455.7651,0.39130791475222887
51,88,2313275.8969,5626513.5469,0.4111384212652485
51,89,2212634.944,5652377.6278,0.39145207374638813
51,90,2301753.6053,5694543.0985,0.40420338655550875
51,91,2201057.4856,5671322.7333,0.3881030209542069
51,92,2275446.0282,5674673.0178,0.4009827563742452
51,93,2300071.3711,5679099.3441,0.40500636311099886
51,94,2145961.4725,5650194.0577,0.37980314491597256
51,95,2247568.3213,5628295.2455,0.3993337632912918
51,96,2185387.2304,5634928.4553,0.3878287448963984
51,97,2269595.8997,5686403.7695,0.3991267577362983
51,98,2298980.0566,5618300.5891,0.4091949193783303
51,99,2205162.7263,5629874.365,0.3916895090961768
51,100,2246104.6891,5632342.2967,0.39878696477946607
51,101,2214293.8273,5624530.8015,0.3936850744438047
51,102,2206031.5289,5677356.9948,0.3885666395332452
51,103,2184476.9692,5680388.1144,0.38456473839565075
51,104,2315179.5888,5675800.5091,0.40790362259703755
51,105,2171238.6153,5665727.2758,0.3832232844270503
51,106,2212252.6968,5678856.7199,0.3895595197969629
51,107,2219171.4369,5672788.1047,0.3911958980208302
51,108,2233748.634,5648944.5819,0.39542760627484996
51,109,2270978.6586,5692283.4456,0.39895740967632465
51,110,2242440.6167,5661608.2079,0.3960783816815478
51,111,2205164.7961,5653317.5508,0.39006561656667377
51,112,2211266.1651,5648562.9925,0.39147410908509933
51,113,2231900.6639,5637798.8762,0.39588156883743786
51,114,2146016.1265,5652659.0985,0.37964718712109685
51,115,2242455.4493,5626667.3895,0.39854060922184176
51,116,2135044.0289,5661125.8215,0.37714124296468793
51,117,2229119.5065,5657373.4548,0.39402021526592046
51,118,2200994.846,5630471.1616,0.3909077558217255
51,119,2254071.6155,5642013.2471,0.39951547732692666
51,120,2360580.4079,5639691.9845,0.4185654844959202
51,121,2241068.7659,5667361.975,0.3954342030358843
51,122,2192221.4988,5634165.8983,0.38909424010064386
51,123,2333455.0319,5661991.7451,0.41212618049459687
51,124,2209888.6743,5646825.8529,0.39135059799393024
51,125,2200065.0655,5625308.7329,0.39110121238906764
51,126,2282140.1726,5588378.2398,0.40837253218595215
51,127,2193696.1271,5650116.4624,0.38825679819140996
51,128,2213688.1824,5631122.0526,0.3931167113271673
51,129,2217684.9693,5627102.3783,0.3941078054403523
51,130,2270776.3324,5646980.4559,0.4021222226876098
51,131,2230348.0134,5630194.887,0.39614046372530126
51,132,2300634.2928,5615980.0131,0.40965856136123574
51,133,2234298.5342,5623922.7282,0.3972847142789802
51,134,2354760.1364,5623810.0894,0.4187125985705587
51,135,2224046.7837,5647060.1515,0.3938415253305276
51,136,2237113.7111,5636136.0483,0.39692329850248553
51,137,2230289.1626,5688588.5934,0.3920637124624587
51,138,2263509.6252,5677697.8599,0.3986667978911908
51,139,2177737.1668,5644390.3434,0.38582327484604845
51,140,2220027.2123,5648512.3482,0.39302865523653346
51,141,2190918.5164,5636587.7082,0.3886958972026096
51,142,2253281.9878,5649626.7536,0.39883731900770003
51,143,2265792.0129,5609667.3824,0.40390844206000315
51,144,2222159.7081,5611775.7737,0.3959815569457203
51,145,2214861.2007,5637415.6451,0.3928859144216448
51,146,2219305.5209,5664867.2113,0.39176655658812937
51,147,2218446.0037,5643632.2866,0.39308833230814555
51,148,2221597.5995,5635354.1744,0.39422501776235475
51,149,2230513.0353,5623317.5339,0.39665429203551456
51,150,2301259.2173,5624807.265,0.4091267680618031
51,151,2214335.4095,5622664.5713,0.3938231387308295
51,152,2210742.2169,5580812.8979,0.3961326525983121
51,153,2240069.7233,5663398.5407,0.3955345376458578
51,154,2179228.211,5617903.6997,0.38790771922921574
51,155,2180609.1718,5628441.7122,0.3874268018221443
51,156,2293410.5079,5660544.2877,0.40515724130688885
51,157,2273518.0842,5668999.1389,0.4010439988602906
51,158,2173863.9227,5648928.7966,0.3848276374112582
51,159,2273618.7903,5676946.8089,0.4005002806676905
51,160,2252845.5111,5617491.4469,0.4010412000437006
54,0,461470.1816,1355829.2459,0.3403601028635991
54,1,473601.247,1354876.6688,0.34955303158291423
54,2,456602.6689,1350640.4575,0.33806381732793606
54,3,510832.7822,1356278.223,0.3766430615320733
54,4,453761.9766,1368059.9165,0.33168282406876587
54,5,442543.763,1362089.8421,0.32490056773179427
54,6,437425.6936,1354627.7631,0.32291209844907687
54,7,441244.4008,1354484.9953,0.3257654402456266
54,8,487535.9733,1343215.5472,0.3629618301517527
54,9,451903.371,1352637.4156,0.33409054473001226
54,10,462074.7907,1352842.804,0.34155837569137115
54,11,453105.5641,1360753.4214,0.332981388820486
54,12,476048.7173,1357931.0398,0.3505691403667404
54,13,495522.2629,1357114.2404,0.3651293665255095
54,14,459730.4975,1356750.0233,0.3388468690656849
54,15,483380.9867,1348429.3513,0.3584770579444743
54,16,421846.9486,1355090.4805,0.31130537382592144
54,17,465399.7881,1349464.5641,0.3448773687587637
54,18,479372.1502,1354357.7504,0.3539479506492438
54,19,447007.2781,1361351.9751,0.3283554042422897
54,20,434669.7827,1372717.4419,0.3166491292617122
54,21,471879.827,1345767.9093,0.35063982707497304
54,22,499018.0755,1340622.6996,0.3722285738178918
54,23,463284.8621,1352480.0944,0.3425446807078716
54,24,436136.9978,1357266.1399,0.32133491360223093
54,25,462438.6739,1345385.7388,0.3437219977613754
54,26,425967.2564,1358636.7525,0.31352549209064623
54,27,454230.1,1356303.3206,0.3349030361431676
54,28,468804.866,1349682.7575,0.34734448772862836
54,29,438978.4528,1348484.8634,0.32553457937464897
54,30,477648.9263,1365224.511,0.34986840805409475
54,31,448355.9094,1363963.7233,0.3287154209022797
54,32,485713.4731,1348061.21,0.36030520683849365
54,33,473081.5244,1356616.3755,0.3487216673362351
54,34,467551.9386,1350694.6029,0.3461566645755048
54,35,515948.8691,1364090.9627,0.3782364103334881
54,36,466098.9696,1359506.8865,0.3428441402014185
54,37,438647.5341,1359338.7352,0.32269185210517937
54,38,474173.9615,1352681.1789,0.3505437710648108
54,39,424836.0707,1355740.6209,0.31336087755338865
54,40,470388.3181,1348776.2209,0.3487519358742277
54,41,431211.0886,1355634.9199,0.3180879175285694
54,42,447985.4858,1364126.4335,0.32840466601807844
54,43,453727.1027,1377416.1947,0.3294045071096477
54,44,488753.2936,1347914.1357,0.36259972401445306
54,45,472252.9576,1357823.8516,0.3478013418629507
54,46,495751.8263,1353906.261,0.36616406953745523
54,47,471126.45,1349766.2382,0.3490429947546157
54,48,463923.6758,1350383.3969,0.3435495999617618
54,49,452891.184,1349985.6821,0.3354785091464786
54,50,441829.886,1351217.4543,0.3269865147123122
54,51,491955.8145,1353571.3228,0.36345023436396345
54,52,444193.959,1370765.0376,0.3240482116305765
54,53,445061.1826,1358008.0676,0.32773088262027344
54,54,455923.7438,1358427.5088,0.33562611243256646
54,55,430162.8349,1357356.502,0.31691219975457857
54,56,472037.6732,1350947.7041,0.3494122472449598
54,57,497084.6001,1347252.0419,0.36896184577235636
54,58,442584.4615,1357546.5115,0.3260178990191453
54,59,479439.3297,1359643.8058,0.352621273053131
54,60,482359.5454,1370163.0942,0.35204534952215766
54,61,439855.8393,1349728.3933,0.3258847050143033
54,62,439238.3852,1360892.4792,0.32275759614617466
54,63,438078.3087,1350939.9852,0.32427666180533155
54,64,437593.4883,1343185.5246,0.32578782326463435
54,65,459692.2445,1363611.0529,0.3371139032074943
54,66,478975.3606,1349593.3325,0.35490347282076545
54,67,498987.2703,1358001.2462,0.36744242444274716
54,68,437968.5478,1360008.7916,0.3220336151538743
54,69,472993.0695,1343386.5448,0.3520900751394812
54,70,465320.2914,1366657.6432,0.3404805100350241
54,71,493386.7982,1365714.2923,0.36126648229556646
54,72,446585.4207,1345396.2853,0.33193596978039763
54,73,438542.3197,1361602.058,0.32207818512271963
54,74,433097.6547,1351921.927,0.3203570014291217
54,75,459395.3098,1351072.6025,0.34002266713864476
54,76,481663.6451,1351397.1228,0.35641902515082075
54,77,457511.9332,1346766.1376,0.3397114914214487
54,78,438381.0138,1361011.8907,0.3220993268284603
54,79,491920.0886,1359808.3054,0.36175693783198154
54,80,484476.5956,1353346.5886,0.3579841259297648
54,81,480473.5789,1355065.9378,0.354575792584726
54,82,451211.9779,1353211.8596,0.3334377944584192
54,83,487572.1112,1359121.1906,0.3587407175843941
54,84,458851.3111,1355603.6046,0.3384848709039793
54,85,446853.9281,1354698.9596,0.32985478060154555
54,86,442590.667,1368069.5537,0.3235147407549532
54,87,417438.8474,1343921.5161,0.31061251895972974
54,88,470195.7467,1353125.8807,0.34748854737502916
54,89,444217.3912,1354368.5446,0.32798856188083975
54,90,469757.7173,1354007.4725,0.3469387923189619
54,91,458849.8131,1365128.5202,0.33612206199660644
54,92,489986.6412,1351698.7656,0.36249692140726475
54,93,503877.429,1350048.7692,0.3732290569759071
54,94,480656.4325,1365371.2364,0.35203351270773847
54,95,508466.9368,1350246.2262,0.3765734922518386
54,96,444550.9421,1349353.5148,0.32945476276162583
54,97,436226.2064,1371188.1112,0.31813738963812566
54,98,474333.1351,1363352.8397,0.34791663704927256
54,99,436075.3853,1364873.2278,0.31949881968371335
54,100,445680.3923,1368230.2296,0.3257349404056757
54,101,477193.3074,1349474.8517,0.3536140794316071
54,102,494647.4187,1347732.3666,0.3670219926140639
54,103,472067.8037,1356698.5678,0.34795334417246226
54,104,430752.4213,1360150.8891,0.3166945849552215
54,105,435747.9847,1362231.6063,0.31987804620357385
54,106,445807.4941,1346731.2382,0.3310292963099696
54,107,440542.8539,1352066.8073,0.32582920571782903
54,108,484643.953,1357877.0171,0.3569129949890806
54,109,424745.3825,1349927.9684,0.31464299758410724
54,110,481481.9219,1358751.8511,0.35435603749883277
54,111,440473.6724,1358332.382,0.32427532335749026
54,112,485753.0119,1350944.7069,0.359565428117819
54,113,486035.2179,1358821.6267,0.35768875645611625
54,114,465918.6102,1351653.436,0.34470271579289646
54,115,493741.5434,1346720.0738,0.366625220048012
54,116,452504.884,1351357.2889,0.3348521428913425
54,117,445237.7253,1351801.8704,0.3293661112987316
54,118,456930.537,1356081.5241,0.33694916483966864
54,119,440830.6674,1362394.6025,0.3235704740690207
54,120,487866.3577,1354250.7197,0.3602481804905922
54,121,446822.2905,1354097.8924,0.3299778346955797
54,122,443798.9223,1361619.3886,0.3259346378405411
54,123,461906.6783,1357682.2709,0.3402170656569041
54,124,487488.9936,1355342.83,0.3596794720934186
54,125,491127.265,1361548.1024,0.36071238624202134
54,126,499038.0772,1365358.9191,0.365499554892826
54,127,479978.4555,1352941.9454,0.3547664828723256
54,128,426643.6213,1360135.7534,0.3136772342271699
54,129,476979.3908,1352426.9485,0.35268403319604513
54,130,438253.3446,1353608.4267,0.3237667082705965
54,131,470596.403,1358777.2127,0.34633816243126936
54,132,439852.4669,1357151.9372,0.3240996493049106
54,133,448678.4176,1368391.374,0.32788749339193074
54,134,440147.7048,1362856.931,0.32295958202820335
54,135,434597.4138,1358431.1405,0.3199259799359701
54,136,447574.0019,1347556.9347,0.33213735937594446
54,137,477951.7195,1355107.8395,0.35270382590093485
54,138,480748.4161,1357378.1024,0.35417428294296316
54,139,468083.5134,1350092.2301,0.34670484205759006
54,140,480133.4562,1357927.5413,0.3535781119369215
54,141,447890.8882,1352081.6639,0.33126023387380693
54,142,431778.0171,1345482.4226,0.32090944470730093
54,143,450539.4642,1358209.6037,0.33171571086866997
54,144,479049.5326,1361647.4148,0.35181613638972997
54,145,487202.6071,1349230.6989,0.36109659192990956
54,146,501471.9711,1356077.4795,0.36979595832894296
54,147,473378.3428,1354033.2723,0.34960613781366384
54,148,472959.7876,1345665.399,0.3514690858154405
54,149,494544.2406,1350147.901,0.3662889378517058
54,150,449448.5865,1366088.0244,0.32900411867485807
54,151,483444.8125,1355456.1712,0.35666576520286974
54,152,450305.1688,1356385.2729,0.33198913155200477
54,153,457265.2269,1352829.7385,0.33800648661598004
54,154,434911.2373,1354639.3018,0.32105316649391785
54,155,429406.7316,1357639.7132,0.3162891652512688
54,156,455914.2452,1352851.8936,0.3370023336307654
54,157,485666.777,1345599.654,0.3609296238716185
54,158,434657.4211,1347212.7606,0.3226345784510082
54,159,457516.7774,1355097.6188,0.33762643447425705
54,160,469359.5313,1361178.4817,0.3448185066177424
02,0,255574.7057,467664.436,0.5464916423535785
02,1,256978.0646,468446.5034,0.5485750512275037
02,2,262209.7734,467731.6119,0.5605987851341976
02,3,261613.6951,466286.0552,0.5610583721784009
02,4,257529.199,471558.0072,0.5461241142508586
02,5,251073.7029,475411.6802,0.5281184988858
02,6,250604.0705,468673.501,0.5347092804805279
02,7,253661.1393,473846.104,0.5353238892516039
02,8,251573.6119,467716.6046,0.5378761613886907
02,9,251581.3279,455987.1521,0.5517289834622953
02,10,258067.0597,466688.1655,0.5529753672315909
02,11,255278.1508,470395.5067,0.5426883275116114
02,12,261643.94,471116.3884,0.5553700665956285
02,13,257281.6576,475799.4155,0.5407355478350729
02,14,259251.6457,468444.7324,0.5534305922744964
02,15,252890.3522,463894.5964,0.5451461477726323
02,16,247581.6421,471073.3504,0.5255691961554869
02,17,248370.9259,460685.7944,0.5391330249795955
02,18,248824.0481,467779.6408,0.5319257752955203
02,19,260207.9175,464984.6794,0.5596053569673806
02,20,252663.1697,464643.1675,0.5437789412883167
02,21,255205.5485,466512.9441,0.5470492335262943
02,22,251355.4925,470547.6579,0.5341764819779798
02,23,257923.6232,469979.4458,0.5487976665893588
02,24,258066.1033,468847.4082,0.5504266394278854
02,25,263428.3804,469874.7255,0.5606353483254123
02,26,252515.8856,464475.2738,0.5436584030277825
02,27,249957.5917,466917.3695,0.5353358174866527
02,28,257688.8763,469595.197,0.5487468311989571
02,29,252372.2811,462693.5389,0.545441550145666
02,30,263188.2902,474266.1735,0.554937933392376
02,31,268738.6955,468238.4336,0.5739355768680326
02,32,258396.1824,466953.8991,0.5533655097388178
02,33,249838.886,464531.9129,0.5378293268169564
02,34,250128.6977,463454.3543,0.5397051411412319
02,35,249855.117,464074.4112,0.5383945138322248
02,36,253093.4516,465351.3901,0.5438759977607726
02,37,259730.141,469353.8974,0.5533780425363098
02,38,259341.3447,469458.943,0.5524260397357048
02,39,254862.9406,463831.4298,0.5494732013091365
02,40,251436.5583,460584.563,0.5459074804033326
02,41,257091.812,469539.5951,0.5475402174448056
02,42,260825.5221,469834.4519,0.5551434575417521
02,43,267862.3461,472339.2113,0.5670974157804375
02,44,256148.6755,466246.2492,0.5493849568538256
02,45,263593.6353,468868.0542,0.562191501295078
02,46,257350.5571,470635.9908,0.5468144428617719
02,47,249256.0266,466550.4809,0.5342530697196416
02,48,252619.9119,462733.6218,0.545929450549383
02,49,251593.5796,463886.7694,0.5423598951214236
02,50,257661.7965,471316.7939,0.5466849470139367
02,51,255345.4501,468903.4937,0.5445586427286626
02,52,259242.414,477517.3525,0.542896321238923
02,53,251896.2348,468569.708,0.5375854019142015
02,54,247257.6096,461792.1174,0.5354305547529036
02,55,255369.9499,468994.2866,0.5445054602931703
02,56,243405.147,465859.6071,0.522486052214764
02,57,261841.5659,470416.1984,0.5566168146220026
02,58,252076.8033,470912.5517,0.5352942969772194
02,59,256752.661,460867.9979,0.5571067250707884
02,60,260954.07,474414.7893,0.5500546692168645
02,61,253345.1682,467291.727,0.5421563309636765
02,62,259052.2823,468217.1675,0.5532737803767095
02,63,259698.4847,473172.13,0.548845691101883
02,64,263362.9669,469467.8536,0.5609818965887977
02,65,257784.6013,470755.9814,0.5475970810468814
02,66,258758.9337,471157.963,0.5491978360132268
02,67,251823.5082,468938.0869,0.5370080085938953
02,68,259986.6252,465503.2325,0.5585065946883624
02,69,250909.5072,465615.9638,0.5388765134946604
02,70,252734.3048,466567.4325,0.5416886974853308
02,71,259788.5641,464592.3236,0.5591753262020535
02,72,256577.7558,474965.7778,0.5402026162567874
02,73,246970.7894,464619.3797,0.5315550753812003
02,74,247588.3862,462544.2888,0.5352749827315563
02,75,253145.8151,458393.9834,0.5522450648727254
02,76,249530.8764,462913.3657,0.5390444409023898
02,77,249463.7825,466994.3636,0.5341901357800456
02,78,263303.2469,471531.1443,0.5584005427486245
02,79,259431.9721,467677.9238,0.5547235798347084
02,80,252987.7594,468614.0238,0.5398638251337795
02,81,256149.755,467514.9203,0.5478964282800453
02,82,254102.6598,471153.5271,0.5393202962185784
02,83,251054.3647,466917.2542,0.5376849162067227
02,84,258568.1739,472916.4306,0.5467523587030981
02,85,263292.2245,477141.4014,0.5518117349017787
02,86,257736.9316,474162.1532,0.5435628505155861
02,87,258055.1198,471364.1449,0.5474644658319238
02,88,258449.3768,466198.5114,0.5543762377616206
02,89,250617.1448,463758.9507,0.5404038982357479
02,90,252935.6706,470196.4275,0.5379361811505895
02,91,261745.9834,465935.0458,0.5617649622182594
02,92,257482.5455,469415.6139,0.548517215609389
02,93,253816.9148,468766.8872,0.5414565783775352
02,94,245610.8357,470226.7556,0.5223242462811488
02,95,243102.6041,461143.9074,0.5271729718183847
02,96,249565.8155,467006.407,0.5343948428955922
02,97,250952.9628,459285.6885,0.5463983944712006
02,98,257382.9216,473605.3147,0.5434544622098177
02,99,257673.7165,463409.3151,0.5560391388429387
02,100,256799.996,466945.5359,0.5499570640610979
02,101,256507.8269,465756.6809,0.550733542682286
02,102,254657.7557,469561.8609,0.5423305785778736
02,103,258486.4727,466415.1202,0.55419831284449
02,104,264552.6896,466788.6731,0.5667504479983921
02,105,255818.4034,469461.9461,0.5449182953489231
02,106,257425.9028,467894.4139,0.5501794745833789
02,107,254986.9231,471081.7367,0.5412795768441855
02,108,259595.4182,467430.5499,0.5553668202806528
02,109,256076.2594,461258.3097,0.5551688804621225
02,110,256646.6861,470330.5659,0.5456729898234326
02,111,259173.8547,463815.7023,0.5587862882062672
02,112,252852.7182,465180.4471,0.5435583541318626
02,113,254239.111,469531.117,0.5414744663238156
02,114,250106.1558,460820.5898,0.5427408439118316
02,115,246790.2676,470018.3699,0.5250651536290093
02,116,255002.5381,472537.6322,0.5396449313735737
02,117,253381.8276,457190.2025,0.5542153489170626
02,118,255576.1426,474699.587,0.53839554446463
02,119,260631.847,461640.2452,0.5645778281031032
02,120,256193.9348,465513.4949,0.550346955795631
02,121,256136.1909,467487.4552,0.5478996025474525
02,122,247769.2248,469512.8504,0.5277155344926423
02,123,257154.9139,472301.7377,0.5444716658301636
02,124,261995.8264,467987.5084,0.5598350846921879
02,125,253428.8858,460011.1611,0.5509189933435291
02,126,255103.1608,467631.1033,0.5455222268146337
02,127,252259.6485,469261.6906,0.5375671049930791
02,128,260637.7363,462566.1216,0.5634604959793925
02,129,255996.9381,471032.7476,0.5434801283018056
02,130,257227.3347,470450.5439,0.5467680674096038
02,131,260439.782,467291.9591,0.5573384624499095
02,132,258390.1818,473194.1727,0.5460552912679603
02,133,250018.2479,464337.0411,0.5384413169100499
02,134,255440.3737,468258.0477,0.5455119777538849
02,135,253128.775,472517.8672,0.5357020179997968
02,136,259764.4902,468377.8259,0.5546045859469454
02,137,256936.3136,470604.6033,0.5459706764411074
02,138,246551.9359,463597.0581,0.5318237715106846
02,139,252913.5332,468838.1073,0.53944747507089
02,140,260805.3723,472354.7093,0.5521388210281574
02,141,257486.1788,467617.8727,0.5506337414207222
02,142,260481.9802,467760.1614,0.556870810503359
02,143,262003.5245,466949.2166,0.5610964001775777
02,144,254049.7731,463453.476,0.548166722780174
02,145,257833.9638,465843.9523,0.5534771086476548
02,146,249825.8592,469920.917,0.531633834890563
02,147,248839.5092,468122.7616,0.5315689165583184
02,148,258357.9616,466691.9635,0.5535941944712747
02,149,253310.8652,462259.6695,0.5479839188090797
02,150,257167.59,466614.3543,0.5511351882558234
02,151,254117.1281,465925.4412,0.5454029886101871
02,152,258507.7298,468833.1263,0.5513853763707481
02,153,253595.808,470576.071,0.5389050222232826
02,154,252994.3109,471242.6664,0.5368663088864994
02,155,254320.3895,468193.5063,0.543195038115376
02,156,254987.9556,469511.0642,0.5430925382652569
02,157,249195.7618,458606.4701,0.5433760272629001
02,158,261305.67,472389.2733,0.553157501173937
02,159,257184.5066,467338.3596,0.550317561819935
02,160,249274.4233,465070.2277,0.5359930790082695
04,0,1669125.0501,4807691.6358,0.34717805894018355
04,1,1610388.826,4832690.6211,0.3332282060367955
04,2,1690654.1001,4796333.7695,0.35248883446162765
04,3,1727020.336,4800062.4313,0.35979122370128663
04,4,1781285.1351,4814004.6241,0.37002148402236307
04,5,1588530.5709,4821049.3058,0.32949892650732826
04,6,1643912.7292,4811969.3332,0.34162992641243295
04,7,1659330.3614,4823436.7577,0.34401412203675963
04,8,1654425.0047,4807285.4893,0.34414952229951806
04,9,1663941.5413,4775228.8702,0.3484527310688481
04,10,1663792.2993,4802016.1225,0.34647786614131676
04,11,1624884.6753,4845193.634,0.33536011107951524
04,12,1632608.8461,4792125.168,0.34068576860261174
04,13,1627670.1972,4802052.4039,0.338953026809554
04,14,1655533.9275,4823361.1262,0.3432324232384987
04,15,1782379.3288,4827206.0103,0.369236225882398
04,16,1810987.9511,4780988.238,0.37878945961548294
04,17,1766997.285,4816648.2148,0.36685205275539734
04,18,1704470.0782,4779758.1513,0.35660174097645875
04,19,1628885.4967,4797465.7686,0.3395304052738124
04,20,1711193.4542,4805712.4579,0.3560748732244703
04,21,1642881.7073,4826856.0819,0.34036268731122205
04,22,1642078.8554,4793778.1058,0.3425437763615396
04,23,1660066.1219,4851375.4421,0.34218463231973906
04,24,1549815.5786,4795457.7779,0.3231840734251416
04,25,1548953.7727,4838433.9306,0.3201353567946558
04,26,1572391.7923,4860727.4669,0.32348898452083263
04,27,1631706.9375,4880104.9153,0.33435898732101177
04,28,1799252.1644,4790176.6207,0.3756129067610603
04,29,1720307.6049,4791175.4442,0.35905752668325547
04,30,1661647.0473,4815548.9058,0.3450587004315665
04,31,1664428.3451,4823293.0474,0.3450813228106079
04,32,1665410.8092,4767619.0022,0.34931709275248346
04,33,1592766.5675,4813076.4745,0.3309248410945854
04,34,1617090.2638,4836463.1254,0.3343538908231123
04,35,1669259.1712,4835909.4126,0.3451799917613701
04,36,1763252.0854,4764000.2671,0.37012006434528355
04,37,1734491.2225,4788940.9609,0.3621868042770842
04,38,1783294.357,4789137.9301,0.37236228795831816
04,39,1669977.4227,4780777.1879,0.34931086663621586
04,40,1686840.9078,4815403.3011,0.35030106562718616
04,41,1594036.5764,4822923.7936,0.33051249503781915
04,42,1765773.1285,4783760.5136,0.3691182122265511
04,43,1631708.3047,4779218.8936,0.34141736150337687
04,44,1676394.7704,4774635.0505,0.3511042734511087
04,45,1571993.0983,4814607.8338,0.326504910174435
04,46,1637571.7523,4827915.3887,0.33918816310095784
04,47,1550195.7675,4814532.8017,0.3219825954768923
04,48,1656987.9497,4826579.3051,0.34330482210230034
04,49,1731194.0344,4811792.174,0.3597815474563345
04,50,1714050.4116,4803732.5859,0.3568163674703939
04,51,1718191.5374,4821130.4587,0.3563876879331127
04,52,1758717.2989,4799695.8928,0.3664226522222466
04,53,1687017.0544,4802998.7541,0.3512424509708452
04,54,1582584.6613,4809770.6417,0.32903536970749186
04,55,1712732.9698,4813292.5262,0.3558339661421262
04,56,1669082.1272,4811423.1007,0.34689988643010217
04,57,1764851.8144,4802337.5011,0.36749849713722776
04,58,1662645.322,4825373.3682,0.34456304106063684
04,59,1725983.7985,4796745.9738,0.35982389059737285
04,60,1625511.6006,4810648.8552,0.3378986181547895
04,61,1631213.7795,4839264.6066,0.3370788564186549
04,62,1674020.1054,4793198.3826,0.3492490758314811
04,63,1739586.6049,4830183.6747,0.36014916244526557
04,64,1587666.7425,4793601.9653,0.33120537624792934
04,65,1578887.1332,4844294.5049,0.3259271564936766
04,66,1529716.7523,4850403.2101,0.31537929653243446
04,67,1617663.2633,4794171.5421,0.3374228996802672
04,68,1607942.5242,4821924.0195,0.3334649234822934
04,69,1698213.8577,4783596.3698,0.3550077653752801
04,70,1591648.4906,4784401.6386,0.3326745141458785
04,71,1726173.7389,4819772.0888,0.3581442663878684
04,72,1705524.9284,4777954.0627,0.35695716325832894
04,73,1630533.7821,4783378.3153,0.34087493704702665
04,74,1646448.4905,4821899.3942,0.3414522693029272
04,75,1668505.0719,4830104.7185,0.3454386952542424
04,76,1744553.0984,4797609.2819,0.3636296738422816
04,77,1732214.4525,4760533.3135,0.36386983105186077
04,78,1723423.069,4791894.468,0.359653803001907
04,79,1693409.6308,4799756.0942,0.3528116007491104
04,80,1696949.2856,4834150.5464,0.35103360338327094
04,81,1609279.3471,4830993.588,0.333115604023443
04,82,1667024.8156,4790898.1741,0.347956636735065
04,83,1665487.9667,4799471.4585,0.3470148705125381
04,84,1615992.5419,4807151.6126,0.3361642552867129
04,85,1623218.514,4815976.9659,0.3370486456835983
04,86,1587362.9427,4820958.4511,0.32926293781640265
04,87,1579010.9104,4815491.8849,0.32790230949227117
04,88,1662935.9291,4834582.5193,0.34396681046635164
04,89,1725264.0418,4775956.606,0.361239471822789
04,90,1612425.1959,4800045.6466,0.33591872132343653
04,91,1601625.6153,4827437.2686,0.33177554180097835
04,92,1692714.084,4780133.5957,0.3541143882511342
04,93,1572495.3876,4805031.6332,0.32726015303103584
04,94,1639915.9509,4831546.5851,0.33941842886444157
04,95,1798641.1231,4823890.0957,0.3728611322847722
04,96,1751340.5723,4803141.781,0.36462395909857487
04,97,1742059.7122,4770120.8033,0.3652024307214258
04,98,1730400.5719,4806946.9502,0.3599791280883606
04,99,1685244.2682,4780128.7757,0.35255206444793186
04,100,1644773.2224,4826645.2777,0.34076944290875455
04,101,1625112.7169,4836684.5903,0.3359972490575824
04,102,1691563.3363,4777008.4351,0.35410516001414377
04,103,1632047.7819,4815761.5455,0.3388971331907073
04,104,1644465.9435,4785056.1714,0.343667009246177
04,105,1554502.4986,4837854.0654,0.3213206677145752
04,106,1615743.5735,4839249.2845,0.33388310428131657
04,107,1626412.1094,4816200.2368,0.3376961150769403
04,108,1716354.1071,4835123.2171,0.35497629119975793
04,109,1634405.1901,4796097.1611,0.340778165078946
04,110,1784707.5258,4803094.5033,0.37157451817235826
04,111,1690351.0348,4826898.492,0.35019402989342996
04,112,1708234.7118,4785904.1268,0.3569304078270739
04,113,1743040.5754,4784654.3827,0.3642981155968877
04,114,1579978.1796,4828685.114,0.3272067120341117
04,115,1659713.1348,4846337.7021,0.34246749542047356
04,116,1768311.7516,4794604.7783,0.3688128288703249
04,117,1766028.9944,4794577.0695,0.36833884799440075
04,118,1702680.5996,4786672.4103,0.35571279035852926
04,119,1702912.9103,4777822.3576,0.35642030675150693
04,120,1659900.9598,4827960.6085,0.3438099633368208
04,121,1610731.2442,4832208.5598,0.33333231052979767
04,122,1649590.021,4797649.736,0.3438329414967529
04,123,1712471.8582,4818281.1447,0.35541136076787055
04,124,1543110.889,4796378.0946,0.32172419658435825
04,125,1614287.3162,4845810.821,0.3331304864821094
04,126,1678330.5413,4830056.9329,0.3474763475080445
04,127,1624095.1111,4827128.2022,0.33645162155830177
04,128,1643297.5822,4820984.6857,0.34086347278271756
04,129,1741168.0196,4786298.3415,0.36378175687525727
04,130,1678440.9278,4791895.0661,0.3502666282644707
04,131,1723806.6759,4810219.2502,0.3583634313193369
04,132,1760788.5472,4779612.5814,0.36839566329123813
04,133,1624906.5942,4801802.5039,0.3383951324279287
04,134,1582143.0525,4836298.4585,0.3271392504156389
04,135,1700249.2075,4814406.3174,0.3531586441624255
04,136,1681985.6762,4779059.4588,0.35194910017343434
04,137,1761024.2845,4812923.0654,0.365894958338305
04,138,1713612.9693,4792505.0461,0.3575610151301746
04,139,1708945.8235,4793321.985,0.356526398361699
04,140,1690795.606,4834600.5366,0.34972808884621426
04,141,1590227.2104,4827077.2176,0.3294389417682971
04,142,1673034.0838,4809768.5321,0.3478408727227325
04,143,1639931.1396,4831943.4282,0.3393936961325122
04,144,1633065.2644,4770053.1868,0.3423578732663032
04,145,1645968.5469,4812778.2718,0.34199966296897377
04,146,1579281.4971,4865550.6336,0.3245843309478616
04,147,1626787.1338,4820654.0002,0.3374619156928723
04,148,1690823.7078,4817155.6272,0.3510004323407756
04,149,1698609.0406,4811225.4729,0.353051223678393
04,150,1706133.2455,4790881.9896,0.35612090825940973
04,151,1718803.6489,4836240.2431,0.3554007994851508
04,152,1784215.318,4763987.5789,0.3745214042753599
04,153,1645989.7763,4808639.0778,0.3422984652557989
04,154,1627756.7747,4829933.3494,0.3370143347634825
04,155,1640691.5911,4811084.2637,0.341023249889665
04,156,1707708.9667,4780807.4054,0.3572009541256807
04,157,1749146.3577,4790000.0728,0.3651662486672019
04,158,1772683.488,4812073.8494,0.3683824362381782
04,159,1588622.1192,4804750.2967,0.3306357294553055
04,160,1692149.1724,4824096.0826,0.35077020511747303
05,0,689563.2586,2109447.8523,0.3268927733141858
05,1,679199.5581,2105897.7632,0.32252256969394744
05,2,645430.3996,2109971.3041,0.30589534480674174
05,3,702536.1879,2127911.9373,0.3301528487083035
05,4,685484.2847,2116971.6882,0.3238041814734176
05,5,711435.7007,2113468.7987,0.33661992130548885
05,6,696451.8353,2113016.9937,0.3296006787340018
05,7,676613.7622,2105985.9813,0.32128122798915043
05,8,713325.4787,2106771.5662,0.33858700684224186
05,9,670269.9157,2083155.433,0.3217570350642193
05,10,704705.3889,2117616.2721,0.3327823828068515
05,11,673073.8055,2115030.6652,0.318233591869153
05,12,705777.3163,2106258.5253,0.33508579683943324
05,13,706448.6545,2102407.1108,0.336018961727724
05,14,652067.3673,2092929.39,0.311557270118893
05,15,707262.3679,2132313.5205,0.3316877940792478
05,16,669311.0507,2129420.2466,0.3143160922643967
05,17,676268.1462,2094372.8179,0.3228976906213313
05,18,707842.57,2119123.9665,0.33402603207262627
05,19,707243.3467,2118574.4429,0.33382983027582147
05,20,658333.5897,2105416.7174,0.3126856475771612
05,21,669157.914,2108899.6884,0.31730191705214916
05,22,667861.8099,2096115.2751,0.3186188363939756
05,23,708296.81,2121574.3791,0.33385433806966924
05,24,728492.8573,2107370.1288,0.34568813866353215
05,25,707012.4709,2122389.6337,0.3331209593534682
05,26,744934.4811,2107504.3331,0.35346759169137765
05,27,666448.7302,2103430.3971,0.3168389746191902
05,28,699096.4618,2124663.8218,0.32903862466473893
05,29,670560.4702,2095143.5062,0.32005467320766384
05,30,705814.4868,2127360.4258,0.3317794569458424
05,31,702948.8661,2083396.968,0.3374051498091649
05,32,693018.3576,2090836.1414,0.3314551264337543
05,33,663034.6831,2102087.3499,0.31541728422063037
05,34,656296.3079,2084677.8652,0.31481905135354626
05,35,706620.7123,2111367.3261,0.33467445648371874
05,36,685000.4356,2131357.4649,0.32139162335781113
05,37,607048.8607,2090055.2974,0.2904463156812934
05,38,704314.4577,2104503.8703,0.3346700700529474
05,39,712724.7287,2117149.0504,0.33664362391742925
05,40,694479.6786,2097334.3267,0.3311249283239989
05,41,681299.2089,2112226.1678,0.3225503117450773
05,42,659914.8282,2101835.847,0.31397067908129556
05,43,680348.2742,2124894.9887,0.32017971608857415
05,44,661835.5458,2113941.1232,0.31308135242581386
05,45,732385.2,2136434.4543,0.3428072405993682
05,46,700464.2648,2116209.0327,0.33099956288642296
05,47,691981.326,2117226.1791,0.3268339173352516
05,48,683072.3705,2121180.3668,0.3220246524959492
05,49,650866.6161,2102731.3982,0.30953388371770213
05,50,717958.0092,2124013.5033,0.3380195126276437
05,51,730906.8835,2092003.5002,0.34938129091568143
05,52,699889.7029,2098903.1582,0.33345497631258936
05,53,638478.1519,2110545.8327,0.3025180225928576
05,54,662130.5238,2074196.0009,0.31922273667131723
05,55,745618.2393,2118931.4012,0.3518840859490492
05,56,700340.9902,2133065.3445,0.3283260834018955
05,57,655345.6712,2108469.1723,0.31081586575208187
05,58,713792.5179,2104844.1274,0.33911894406247994
05,59,717402,2108102.2166,0.34030702797563767
05,60,657611.3911,2104729.3835,0.3124446288702654
05,61,659130.6104,2097799.5382,0.31420095123367303
05,62,634198.569,2102015.2602,0.3017097834673465
05,63,708656.9966,2118793.5183,0.33446250919654796
05,64,716039.7592,2115926.0402,0.3384049090545334
05,65,693024.6829,2112150.618,0.32811328746821405
05,66,679254.8147,2105988.7589,0.32253487195952
05,67,685758.4973,2091915.6011,0.3278136541165451
05,68,694927.6035,2109824.3802,0.3293769898678129
05,69,681511.757,2094125.6018,0.3254397713366421
05,70,711695.1786,2107110.9443,0.3377587594641018
05,71,686851.4857,2092861.8138,0.3281876907357236
05,72,726317.3457,2108046.3322,0.3445452477043047
05,73,658700.6083,2098135.6992,0.31394566545488767
05,74,675762.6731,2088410.8413,0.32357745886788697
05,75,722506.0515,2113486.8397,0.34185500374469163
05,76,673102.4921,2128006.7188,0.31630656339260427
05,77,664875.0694,2084338.0286,0.318986201027374
05,78,699431.947,2111037.4413,0.3313214314992358
05,79,727156.5287,2118692.365,0.34321005763382734
05,80,684005.254,2111643.8425,0.3239207484867326
05,81,677579.2187,2109494.2149,0.3212045872958796
05,82,684738.6385,2088205.6533,0.32790766437103774
05,83,671333.9196,2109575.3465,0.31823178096663446
05,84,693322.9918,2113715.6906,0.3280114704561772
05,85,687639.1939,2116133.9768,0.32495068905790275
05,86,706255.1751,2112182.092,0.3343722957291317
05,87,695744.8383,2096159.2729,0.33191410943570576
05,88,678085.5349,2124509.8887,0.31917268943140786
05,89,650534.1604,2099858.1044,0.3097991045380085
05,90,711921.1125,2117280.1157,0.3362432335811314
05,91,719166.259,2085012.9141,0.344921728847147
05,92,686335.8555,2085530.8547,0.32909407883046077
05,93,669459.6593,2096417.9919,0.31933500947168625
05,94,649926.7725,2088025.3547,0.31126383165657445
05,95,727919.6276,2103125.5214,0.3461132586681947
05,96,708538.7239,2125858.9308,0.3332952688602737
05,97,668309.7995,2109715.3235,0.31677724101244126
05,98,728138.5159,2116393.7515,0.344046808578947
05,99,702799.7948,2110280.7169,0.33303616394335067
05,100,654301.6387,2094240.2551,0.3124291193938286
05,101,671361.0267,2107371.2899,0.3185774760800968
05,102,628733.8657,2092149.8896,0.30052046883706224
05,103,680163.507,2125544.4751,0.31999495421896573
05,104,674354.3321,2128130.0422,0.3168764684149056
05,105,723458.0089,2106215.6763,0.34348714475950654
05,106,700541.241,2121642.2101,0.3301882087682358
05,107,700246.2358,2098101.9047,0.33375225208621395
05,108,675743.1572,2118281.3201,0.3190053893163253
05,109,682512.4751,2098923.5748,0.32517261861953906
05,110,733531.8069,2129749.0125,0.34442171476297373
05,111,685829.2749,2105524.8467,0.32572841682438647
05,112,724110.2969,2108022.8403,0.3435021115790896
05,113,653177.6714,2089360.5295,0.31262085321211197
05,114,673680.6993,2101107.7277,0.3206312034449808
05,115,728251.1353,2108754.1468,0.34534662867414356
05,116,680181.4614,2121363.7733,0.3206340515289877
05,117,660410.7761,2098535.3148,0.31470081606081535
05,118,699616.7579,2116292.2369,0.33058608149733465
05,119,717636.8517,2112859.9699,0.33965187562049615
05,120,668076.2528,2107450.1925,0.3170069001761236
05,121,664483.5454,2104685.4673,0.31571631757995366
05,122,655955.4094,2108414.9865,0.31111304634050985
05,123,694830.3951,2118441.2348,0.32799134745203273
05,124,690782.1854,2120242.0002,0.32580346268720234
05,125,700924.1611,2105574.3812,0.3328897650723373
05,126,718125.8169,2110479.2965,0.34026669585952984
05,127,678255.1558,2091944.4312,0.3242223577664217
05,128,694430.0239,2118599.7371,0.327777829733216
05,129,659466.0117,2092911.3384,0.31509505424350753
05,130,693642.4507,2125289.2064,0.32637555802344287
05,131,707779.7828,2108331.3001,0.3357061495821029
05,132,686960.8579,2092337.6762,0.32832217558096277
05,133,709980.1989,2093277.9287,0.33917149231154553
05,134,689265.7533,2103654.8344,0.3276515434132952
05,135,734466.903,2115529.6803,0.3471787277859635
05,136,722830.3603,2123659.1499,0.3403702332994619
05,137,664548.8957,2082432.0477,0.31912152736699356
05,138,693602.4996,2117414.7187,0.3275704534753785
05,139,713939.9444,2112810.663,0.33791004414293796
05,140,651866.7263,2099194.9836,0.31053176641175356
05,141,686188.7861,2113034.0685,0.3247409951071501
05,142,659193.0607,2100284.2093,0.31385898050421535
05,143,718671.287,2115607.8193,0.33969967422307495
05,144,672954.4212,2123273.8163,0.31694189229568376
05,145,672266.1631,2110641.0691,0.3185127840740167
05,146,704269.5135,2119034.3167,0.33235399160348106
05,147,687507.3914,2115657.864,0.3249615181635059
05,148,676141.6529,2131635.2434,0.31719387967218104
05,149,692895.3237,2103572.8645,0.32938974227769136
05,150,695114.9417,2135755.4371,0.32546560791803497
05,151,687642.2876,2104109.4223,0.32680918602053444
05,152,709757.9689,2100790.9835,0.33785272998340626
05,153,700894.7563,2105963.6085,0.332814277260575
05,154,659038.224,2091006.9239,0.3151774470315038
05,155,694329.6936,2111086.9369,0.32889677893586894
05,156,688444.2025,2122123.9335,0.32441281662779947
05,157,657747.735,2106435.8588,0.31225623711832723
05,158,710831.431,2113453.1481,0.3363364982275757
05,159,719866.4974,2113009.3656,0.34068306043479846
05,160,681830.4911,2105630.6339,0.3238129613630903
06,0,10061799.4797,26805956.4961,0.37535685328609303
06,1,10051569.6239,26821460.948,0.37475846835440624
06,2,10158269.3823,26835067.9519,0.37854457460320184
06,3,10019517.0717,26805906.3478,0.3737802013369459
06,4,9782841.4376,26742569.8587,0.36581530830020087
06,5,9933719.5916,26808464.1246,0.3705441514825392
06,6,10037157.0633,26788064.1348,0.37468765987688035
06,7,9858870.0034,26802147.4204,0.36783880965806826
06,8,10060432.4354,26919900.3679,0.37371729827783184
06,9,10009090.6764,26739915.0772,0.37431273238912904
06,10,10000513.0964,26808385.7878,0.3730367496035904
06,11,9826997.9888,26813217.5879,0.36649827483720676
06,12,9976013.2495,26783672.4103,0.3724662210871276
06,13,10002676.1864,26783836.957,0.37345941891965495
06,14,10031748.3999,26892316.0284,0.3730340067886245
06,15,10039994.873,26691457.2499,0.3761501209544344
06,16,10031219.19,26883497.8448,0.37313668213529405
06,17,9989325.0575,26792685.0861,0.3728377736460033
06,18,10048996.9213,26791919.8365,0.37507565648989954
06,19,9892137.4332,26847641.6135,0.36845461421184433
06,20,9817339.2103,26747183.107,0.3670419861047239
06,21,10360727.3254,26874838.2151,0.3855177561433163
06,22,10177033.5018,26802347.4727,0.3797067966589865
06,23,10113197.9754,26837401.2264,0.37683223834100704
06,24,10053581.6435,26717757.9971,0.37628837137424614
06,25,10063614.2234,26754475.69,0.37614694229128437
06,26,9935973.6872,26815058.5446,0.37053708723678697
06,27,10235505.013,26813509.9569,0.38172939795843724
06,28,10058136.7349,26767487.0499,0.37575946954413775
06,29,10061692.4129,26732751.1843,0.37638073027100843
06,30,10288291.3755,26845784.7,0.38323675357122267
06,31,10012763.3299,26810355.3193,0.37346626744227074
06,32,10089435.2725,26832655.2636,0.3760133007107531
06,33,10198659.2034,26819515.293,0.38027007915619904
06,34,10163603.6792,26829162.2095,0.37882672592739947
06,35,10284618.8165,26802381.517,0.38372033507458114
06,36,10032747.1341,26743551.5436,0.3751464018435852
06,37,10195992.703,26804128.7542,0.3803888869696004
06,38,10217284.7369,26795550.2254,0.3813052783374027
06,39,10083075.2217,26828965.3618,0.37582795630489085
06,40,9896301.2918,26735699.6985,0.37015306887050464
06,41,9971905.2281,26887571.158,0.37087415480936836
06,42,9847648.4574,26800844.9579,0.3674379846183633
06,43,10044710.962,26780584.4645,0.3750743743220071
06,44,9993541.0336,26837003.8095,0.37237916365545987
06,45,10167813.3167,26796541.4115,0.37944498734214943
06,46,10105397.655,26787684.3134,0.3772404339536351
06,47,10034733.4839,26885981.4499,0.373232924474004
06,48,10205191.9864,26771712.7776,0.3811930925442591
06,49,9793167.1886,26773375.5065,0.3657800708103627
06,50,10181538.211,26790602.6165,0.3800414032019316
06,51,10067886.1171,26811558.4376,0.37550544256991025
06,52,10103328.0154,26902732.842,0.37555024891846267
06,53,10080015.5054,26821025.5693,0.3758251331350219
06,54,10078366.3131,26810003.4861,0.3759181276617611
06,55,10147372.3168,26866542.1423,0.377695509271492
06,56,9863824.8427,26797823.49,0.36808305892382753
06,57,10004821.9438,26773113.0813,0.3736891527488444
06,58,10122730.9573,26836708.9621,0.37719718060794166
06,59,9902484.7104,26793724.4322,0.36958224062719147
06,60,9774826.8647,26764718.6894,0.3652131366720196
06,61,10175169.8132,26804940.7974,0.3796005329803587
06,62,10433396.8172,26871830.5548,0.3882652056741377
06,63,9982286.7976,26739522.1651,0.3733158257640341
06,64,10094413.5595,26766810.2088,0.37712426250107706
06,65,9870817.5396,26732887.7692,0.3692387303915798
06,66,9917677.3614,26762013.7225,0.370587858755254
06,67,10165522.5175,26765447.9544,0.37980020117051244
06,68,10213872.8894,26745049.7701,0.3818976961044485
06,69,10093711.5413,26723763.1823,0.37770547031285573
06,70,10166040.6746,26746383.7586,0.38009028683480334
06,71,10045644.0577,26801930.2087,0.37481046997276146
06,72,10136545.59,26809765.1298,0.3780915476477961
06,73,10052688.6006,26835701.423,0.374601298551644
06,74,10234965.8824,26853049.6491,0.3811472445828153
06,75,10329998.4936,26823193.2588,0.38511441922415385
06,76,10167329.9531,26785389.199,0.37958492510833425
06,77,9975516.8473,26885040.7393,0.37104339710811723
06,78,10285086.9549,26902472.6889,0.3823100974336698
06,79,10064747.3447,26862441.0079,0.37467731773668855
06,80,10063895.9098,26771431.8081,0.3759192254616376
06,81,10043306.9847,26826081.6347,0.3743859100059104
06,82,10022639.634,26809501.0034,0.37384655658935695
06,83,10185735.8909,26723113.5625,0.38115827585275974
06,84,9846890.1724,26839440.1541,0.3668813550455443
06,85,9909027.4336,26783443.5075,0.36996838852424774
06,86,9941731.3536,26812031.6429,0.37079366032423117
06,87,9970824.5793,26785014.3002,0.37225384565971836
06,88,9887923.4538,26835042.2943,0.36847057460760113
06,89,10042770.1558,26844435.2746,0.37410994319937857
06,90,10037001.7177,26734612.1787,0.3754309825259661
06,91,10081245.1566,26771668.1585,0.37656395174610013
06,92,9920331.2245,26740077.9773,0.370991110531596
06,93,10034183.4702,26857326.6328,0.3736106578063347
06,94,10112549.4326,26821398.6063,0.37703289008294644
06,95,10106040.6166,26698731.1061,0.378521382774293
06,96,9792010.9904,26872459.9011,0.3643883375931346
06,97,10002036.4021,26792858.018,0.3733097975356128
06,98,10105099.741,26878693.6301,0.37595204142227523
06,99,9896193.2831,26900963.7577,0.3678750461223666
06,100,10205135.3404,26854317.2872,0.3800184242726675
06,101,10098243.6947,26814510.4336,0.3765962358218693
06,102,10302547.4439,26761646.3399,0.3849743514672908
06,103,10193929.865,26845599.7726,0.3797244223019539
06,104,9916942.2816,26658853.039,0.37199433400575116
06,105,10068877.0533,26783645.0061,0.3759337853756202
06,106,10032789.8595,26765858.6015,0.37483534561218024
06,107,9822114.5172,26782920.8391,0.3667305211484192
06,108,10261752.4098,26794152.5605,0.38298477201805214
06,109,10132170.2325,26872662.1669,0.37704378410934475
06,110,10167395.8838,26792535.0799,0.3794861461776221
06,111,10061250.2595,26757060.937,0.3760222500965036
06,112,10090356.0577,26770525.7405,0.37692035470318486
06,113,10232244.5948,26820050.9666,0.3815147334187617
06,114,10124828.7279,26798217.7101,0.37781724282671403
06,115,10223611.2238,26805373.8666,0.3814015530870402
06,116,10156933.5507,26797000.1908,0.37903248417287766
06,117,10097291.4542,26823096.2825,0.37644018974750887
06,118,9809605.8061,26839047.1554,0.36549754353430214
06,119,10121243.5715,26849875.6103,0.37695681419162125
06,120,10379086.5476,26870440.1452,0.3862641062637773
06,121,10069637.5123,26868218.2192,0.37477876017488376
06,122,10077065.2843,26802794.7651,0.37597069158703467
06,123,9972514.5569,26789921.8444,0.37224873647716866
06,124,9909522.0284,26760880.4582,0.37029880402771087
06,125,10150376.9435,26820844.0799,0.3784510626608827
06,126,9998269.9448,26848048.7261,0.37240210813087155
06,127,10175355.7945,26816636.8567,0.3794419057420968
06,128,9949494.1179,26794855.1893,0.3713210632268367
06,129,10034587.7185,26815852.5596,0.37420356843764213
06,130,10079483.2481,26816286.4786,0.3758717023009004
06,131,9956407.6272,26783193.4181,0.3717408701708994
06,132,10109868.8285,26848281.7341,0.3765555251775929
06,133,9988265.6989,26827621.4999,0.3723127560502235
06,134,10244383.3075,26845573.4995,0.3816041891483824
06,135,10218371.2278,26872906.0799,0.380248090676095
06,136,10056375.4219,26766511.5887,0.37570736061644633
06,137,9865426.9672,26784216.7982,0.36832986536544887
06,138,10120565.089,26791642.2228,0.37775083008488675
06,139,9809972.4429,26833547.2666,0.36558612044224864
06,140,9702411.2705,26847119.1429,0.36139487513936497
06,141,10198431.6546,26811770.9713,0.3803714296051783
06,142,10175832.0982,26692415.4045,0.38122560075565454
06,143,10049196.9443,26788313.1884,0.37513362165153236
06,144,9849550.585,26810183.822,0.3673809418985639
06,145,9986409.5051,26856187.1176,0.3718476290536225
06,146,9958861.8464,26758039.6025,0.37218204301743935
06,147,9851315.2575,26765384.1564,0.36806179204957923
06,148,10222040.356,26770934.3557,0.3818335296102039
06,149,10154304.5851,26781556.1833,0.3791528959557568
06,150,10167716.5769,26683551.4611,0.38104809967753994
06,151,10065672.6329,26792643.8342,0.37568791998240475
06,152,10103504.2766,26865025.1066,0.37608393204582735
06,153,10135601.9526,26770887.5765,0.37860537584481235
06,154,10173719.6086,26813981.0514,0.3794184678917275
06,155,10266327.7431,26827391.0153,0.3826808107148766
06,156,10189812.8832,26873655.8159,0.37917479307638974
06,157,10218252.0112,26794035.064,0.38136294092296186
06,158,10174254.5852,26864382.6449,0.3787265361607521
06,159,10048088.2214,26780413.4249,0.37520287913320444
06,160,10057960.1092,26874019.7602,0.37426332937715856
08,0,1724249.0971,3716042.7634,0.464001414107085
08,1,1708675.7618,3696610.3876,0.46222771204983454
08,2,1771584.2299,3722313.8373,0.47593628783999253
08,3,1711247.0605,3713952.7726,0.46076166426371107
08,4,1702053.8473,3726549.9717,0.4567371590950508
08,5,1729132.6112,3705347.8982,0.46665864008072916
08,6,1705282.9159,3695313.236,0.4614718176762431
08,7,1721345.2578,3700996.5854,0.4651031737209665
08,8,1759126.6287,3737514.0204,0.47066756648895003
08,9,1724868.3702,3720645.0153,0.46359390995566985
08,10,1777944.2146,3743155.53,0.4749853967729735
08,11,1708959.6684,3716526.6446,0.4598270998226439
08,12,1736653.8439,3714292.6511,0.4675597770643313
08,13,1740068.3126,3728136.3566,0.46673944999879624
08,14,1705165.7883,3717425.0161,0.45869540903044553
08,15,1759563.7245,3718920.215,0.4731383366072025
08,16,1676295.2711,3691071.8167,0.4541486468823819
08,17,1676655.0872,3696257.5841,0.453608832461347
08,18,1705346.3265,3714226.0292,0.45913908122261243
08,19,1724008.1655,3726342.0241,0.4626543012826067
08,20,1701705.6051,3710521.7364,0.45861626099811464
08,21,1735546.1946,3739216.9312,0.4641469662053075
08,22,1728396.7256,3701419.937,0.4669550483377104
08,23,1747510.5126,3723241.8079,0.46935187204121964
08,24,1724182.7638,3700895.279,0.46588261321079116
08,25,1771928.8928,3712181.7592,0.4773281611032598
08,26,1709407.8324,3730514.241,0.45822310865693866
08,27,1790338.6124,3733883.7721,0.4794842908013398
08,28,1776311.7815,3717900.8786,0.477772764659848
08,29,1697537.2244,3686599.5991,0.4604615116907232
08,30,1706695.8521,3678898.8467,0.463914862359132
08,31,1695279.9416,3705178.3024,0.4575434171418676
08,32,1712011.2528,3719954.5728,0.46022369878333586
08,33,1744943.961,3693170.3514,0.47247860103136863
08,34,1772292.7862,3709781.6594,0.47773506608112376
08,35,1673578.0195,3709512.5299,0.45115847594808256
08,36,1707053.1926,3729147.7489,0.4577596028753582
08,37,1769827.8653,3741751.7124,0.4729944692575054
08,38,1758793.3552,3727375.2515,0.47185840880716595
08,39,1751743.1167,3721693.0677,0.47068446667542474
08,40,1700573.465,3692630.2618,0.46053174686681003
08,41,1709018.9819,3694863.3869,0.46253915312789723
08,42,1735034.4918,3738469.9276,0.46410283495682597
08,43,1711858.9707,3715091.8927,0.46078509499690473
08,44,1667033.3499,3721719.9161,0.447920151833158
08,45,1746661.3684,3728797.6064,0.4684248255797207
08,46,1725135.9725,3722783.7204,0.46339946181849107
08,47,1694210.5881,3704791.3912,0.4573025601722846
08,48,1720358.3816,3722370.2659,0.4621674521097243
08,49,1750178.9212,3738268.6331,0.46817901359556524
08,50,1740185.7747,3734897.3454,0.46592599843293137
08,51,1718008.358,3744668.2349,0.4587878685722552
08,52,1687866.2389,3704413.3904,0.45563657751429987
08,53,1751645.6614,3722303.1382,0.4705811419343579
08,54,1708305.4222,3714201.7768,0.4599387768512146
08,55,1712788.0883,3727920.4549,0.4594486682377306
08,56,1750583.359,3703527.4745,0.4726799979353036
08,57,1710849.279,3691976.0973,0.4633966293149002
08,58,1695717.6135,3699134.5364,0.4584092837970347
08,59,1690859.9567,3702714.946,0.45665409877868574
08,60,1761700.333,3739554.1813,0.4710990261378086
08,61,1738785.5817,3740895.3297,0.4648046599687785
08,62,1682835.0355,3697980.3263,0.45506868263513833
08,63,1742330.4058,3715482.6957,0.46893783351929824
08,64,1736369.7544,3690075.0075,0.4705513440433771
08,65,1699801.3274,3695053.5751,0.4600207528395574
08,66,1731280.6885,3732021.0323,0.46389896346136944
08,67,1755275.2141,3729596.3442,0.4706340987355583
08,68,1718878.1262,3691904.0219,0.4655803932073503
08,69,1711031.8979,3703275.8451,0.46203198721044686
08,70,1666440.0356,3680044.7467,0.45283146002350755
08,71,1669360.2509,3710495.6185,0.4499022293886587
08,72,1778741.7158,3714474.048,0.4788677193094768
08,73,1701958.7291,3722636.4644,0.45719176325059585
08,74,1699004.5771,3731496.8329,0.4553144899173311
08,75,1704168.345,3702800.5795,0.46023767913261987
08,76,1790070.5282,3744796.9143,0.4780153821865159
08,77,1726743.9883,3748051.0836,0.4607044967598104
08,78,1720846.1274,3750522.6654,0.4588283503191331
08,79,1739490.5386,3727199.1375,0.466701797899308
08,80,1687681.3241,3706827.7112,0.4552899286364869
08,81,1712124.356,3695304.8132,0.46332425673901645
08,82,1703879.6707,3717403.9944,0.45835203095137667
08,83,1727818.7234,3717585.9776,0.4647690016615152
08,84,1717624.1499,3717910.9537,0.4619863604292756
08,85,1752626.6299,3727720.6267,0.47016040240427814
08,86,1679588.0935,3706304.4089,0.4531705732175646
08,87,1707085.2429,3698228.441,0.46159540172656416
08,88,1742864.487,3738889.0044,0.4661450192688154
08,89,1754054.9424,3721756.9661,0.4712975506936608
08,90,1747424.3561,3707975.2052,0.4712610682103382
08,91,1728770.5219,3752380.586,0.460713001327739
08,92,1705021.9671,3713163.2438,0.45918314255289894
08,93,1771045.0129,3710683.6206,0.47728267725870693
08,94,1701640.9439,3699822.5275,0.4599250183629247
08,95,1718836.1958,3712421.1851,0.4629960099082078
08,96,1710411.5796,3692638.5674,0.46319496164616697
08,97,1752783.9237,3696677.656,0.47415113970110245
08,98,1616666.3859,3684185.1679,0.43881246794701856
08,99,1727174.4651,3712330.0166,0.46525348160772134
08,100,1715284.8363,3741432.1417,0.4584567543487835
08,101,1730219.5006,3736812.6342,0.4630201377411089
08,102,1707675.4984,3720004.7782,0.4590519636983621
08,103,1769354.0471,3715503.8117,0.4762083789359499
08,104,1737168.25,3703901.223,0.46901041507607183
08,105,1696365.3782,3685410.4867,0.46029211245854024
08,106,1740440.7228,3716784.7673,0.4682651355311908
08,107,1708613.2365,3725285.2854,0.45865299046930275
08,108,1728966.9344,3716836.5777,0.465171631374198
08,109,1733760.6935,3693417.6805,0.469419070216096
08,110,1683316.8973,3699666.2856,0.45499154987353274
08,111,1731312.0071,3702217.5841,0.46764188429537634
08,112,1697294.9661,3720273.2759,0.4562285725339342
08,113,1690389.5385,3706793.5768,0.4560247295883358
08,114,1730376.2855,3710002.2046,0.46640842513638436
08,115,1678842.7961,3696480.8043,0.4541732758755449
08,116,1717310.0759,3736110.4407,0.4596518500074756
08,117,1727275.5157,3761920.2687,0.4591472950852548
08,118,1763794.8201,3714045.6905,0.4748985249727907
08,119,1755716.3386,3734308.5645,0.47015834612346213
08,120,1759568.7025,3680403.3463,0.47809126797717366
08,121,1695489.6341,3691803.4976,0.4592578221463355
08,122,1756431.7962,3733002.0991,0.4705145482300862
08,123,1650869.5402,3718556.2983,0.44395442956039755
08,124,1742897.0094,3722958.6611,0.46814836479678684
08,125,1791300.0805,3736485.0824,0.47940779663153943
08,126,1719848.0097,3730437.2454,0.4610312133840996
08,127,1712767.3432,3709749.3655,0.46169354704348153
08,128,1735684.3651,3731309.8511,0.46516757770419837
08,129,1759924.8099,3742088.2393,0.47030553459883506
08,130,1744713.1422,3745362.4529,0.4658329238199856
08,131,1731195.9273,3720941.6611,0.4652574764604659
08,132,1728087.3626,3701898.5816,0.4668111036832085
08,133,1706236.6087,3728558.5521,0.4576129313401858
08,134,1759170.8334,3715903.0966,0.4734167677864412
08,135,1716568.034,3715683.0791,0.46197912939759683
08,136,1747736.8363,3725665.2295,0.4691073214150681
08,137,1665470.8241,3702310.7178,0.4498463124914761
08,138,1741676.5831,3691798.5012,0.4717691343484421
08,139,1659189.0348,3694502.983,0.4490966829461618
08,140,1729688.7301,3727076.1494,0.4640873061792559
08,141,1737053.079,3737273.658,0.4647915132684137
08,142,1741111.0891,3719967.6659,0.4680446835762374
08,143,1718140.3269,3713006.6325,0.4627355932685639
08,144,1650768.519,3681209.1833,0.448431055341489
08,145,1727834.7847,3709078.3467,0.465839387360817
08,146,1752827.6051,3741637.8271,0.4684653315199535
08,147,1765025.2473,3727022.4018,0.47357516457308246
08,148,1711604.6551,3696359.8842,0.4630514096898985
08,149,1730549.6911,3692638.1809,0.46864859385660584
08,150,1747308.1992,3713884.8879,0.470479902296597
08,151,1705178.0611,3706102.3406,0.46010010096589504
08,152,1681677.4754,3717433.1265,0.4523759858414228
08,153,1766986.9949,3727732.2319,0.4740112446326057
08,154,1725731.3123,3716079.1365,0.4643957377951281
08,155,1760059.1942,3730947.8499,0.4717458578916279
08,156,1729482.7192,3727463.6868,0.4639837875080007
08,157,1764392.2614,3718077.8876,0.4745441905034717
08,158,1753945.6946,3763907.9466,0.4659905926191335
08,159,1754449.4337,3717714.8802,0.47191608023625975
08,160,1647071.9995,3703131.1861,0.44477819356830156
15,0,316516.9767,926220.8237,0.34172949754638515
15,1,316507.2798,925848.9041,0.34185629901206255
15,2,314236.7513,927696.2559,0.33872805813487383
15,3,334891.4612,931877.338,0.3593728997839413
15,4,313457.8189,929605.648,0.3371944002001158
15,5,303242.9423,921306.5077,0.3291444701254008
15,6,319667.5747,935025.6107,0.34188108971762093
15,7,297904.065,934479.2291,0.3187915319283366
15,8,307835.5884,924656.5501,0.3329188425331634
15,9,305890.9441,932908.0455,0.32788970528821537
15,10,331859.5352,933306.794,0.35557389845808834
15,11,307195.3729,926779.0568,0.3314655965151931
15,12,322574.1018,932165.1986,0.3460482136476104
15,13,297186.3678,927845.7946,0.32029715447287105
15,14,316938.2541,930500.3804,0.34061055833610276
15,15,324972.9548,922509.1684,0.3522707046517848
15,16,322385.5352,925263.0418,0.34842582123763804
15,17,325722.2272,927126.413,0.3513245040080635
15,18,299283.5771,929608.4185,0.3219458549901245
15,19,322526.986,925968.4895,0.34831313339199754
15,20,293297.354,929485.6283,0.3155480247031163
15,21,316233.8865,925589.9482,0.3416565695370632
15,22,310104.8728,926035.7893,0.334873529061346
15,23,323717.6757,925480.1953,0.34978347169824087
15,24,308750.9871,927295.716,0.3329584961654239
15,25,321675.9501,923916.5186,0.3481656011383278
15,26,318201.9472,921856.9811,0.3451749606759039
15,27,313659.2789,927364.7084,0.3382264561708007
15,28,313219.9444,933925.6624,0.33537995261323916
15,29,333617.5943,920869.5628,0.3622853960832421
15,30,327115.4712,927873.5613,0.3525431533383642
15,31,305983.7617,934914.0068,0.3272854609883464
15,32,329767.1822,920795.0865,0.35813308197968974
15,33,306513.0407,921904.0781,0.3324782349718082
15,34,318857.5735,928211.4493,0.3435182508688756
15,35,308036.7449,926687.8231,0.33240616442929066
15,36,329212.3088,919685.2123,0.35796194654112956
15,37,309271.4659,928205.9743,0.3331927120305759
15,38,317229.6525,925788.399,0.34265891951406924
15,39,314728.9238,930886.3202,0.3380959811853082
15,40,328888.1593,925769.3338,0.355259293316635
15,41,320613.2802,921795.4116,0.3478139250481815
15,42,335713.933,924364.5974,0.36318346023233367
15,43,333865.5597,922040.3079,0.36209432151659193
15,44,313700.1252,928232.538,0.3379542435302995
15,45,316045.5608,917056.1813,0.344630533270034
15,46,305440.8992,914669.2513,0.3339358995242087
15,47,322994.9573,931226.2183,0.3468490802263315
15,48,321306.0157,924404.7723,0.3475815198363402
15,49,326266.0284,925153.8014,0.3526613930638063
15,50,294412.6307,919762.7993,0.32009625843105133
15,51,324327.4049,931145.421,0.3483101539088168
15,52,316869.0555,915225.1651,0.3462197802060852
15,53,324603.8658,921994.3317,0.35206709481769366
15,54,311717.5709,927439.5461,0.3361055415534216
15,55,323260.9423,918557.0594,0.35192254960312813
15,56,333851.7969,918756.2145,0.3633736475803724
15,57,329206.6965,925824.617,0.3555821377560109
15,58,326524.7041,933440.6797,0.3498076644837702
15,59,305812.5384,930979.8521,0.32848459363560056
15,60,317572.9437,929444.8998,0.3416802263031795
15,61,308220.6723,929238.8296,0.3316915549393008
15,62,311768.3704,929652.0131,0.3353602918154107
15,63,316831.2806,925496.9145,0.34233639857261783
15,64,313917.4932,923622.1401,0.33987653562095466
15,65,315643.244,916503.9928,0.34439920227262977
15,66,316557.9926,928471.1712,0.34094541911394566
15,67,323262.6146,929070.2397,0.3479420616296811
15,68,321300.3896,923178.4169,0.3480371548101343
15,69,305143.4258,929988.0515,0.3281154261152354
15,70,320038.608,931683.1324,0.34350585179704385
15,71,306919.5989,926501.7333,0.3312671610519479
15,72,327724.7042,927714.0287,0.35326048120587183
15,73,309807.0422,925058.7992,0.33490524328607457
15,74,318628.811,925728.3206,0.34419257130805336
15,75,294716.5085,927768.0318,0.3176618490811854
15,76,316752.105,923555.5327,0.3429702857975202
15,77,338907.3756,915185.9462,0.37031531898757647
15,78,297132.5579,935221.9595,0.31771341004316955
15,79,314682.8132,928272.7415,0.3389982266327272
15,80,307347.9242,916755.3035,0.33525622707237496
15,81,316413.6527,926629.8149,0.3414671615483759
15,82,322769.8943,924319.0702,0.34919748461985156
15,83,322365.494,933789.2369,0.34522297030343935
15,84,309210.4448,929787.571,0.3325603121016553
15,85,319757.1672,925773.3658,0.34539464950332016
15,86,321093.691,923935.402,0.3475282907278403
15,87,334290.0537,936298.0654,0.35703379730597484
15,88,316843.4225,925964.1162,0.34217678304886345
15,89,308980.6185,926613.1282,0.3334515873957159
15,90,323126.7982,926222.5713,0.3488651736768575
15,91,322158.2207,937594.7134,0.34360072224784366
15,92,308398.7234,914333.7275,0.3372933909407821
15,93,319439.4655,921815.9901,0.34653278846393926
15,94,318649.2211,928371.5538,0.34323458080518365
15,95,308392.1175,935758.8081,0.3295636811863636
15,96,323367.8501,924455.6839,0.34979270043081834
15,97,315638.3006,927661.0744,0.34025174636561206
15,98,327329.228,923187.9355,0.3545640225711117
15,99,317369.4237,929080.6002,0.34159514646165356
15,100,307129.1498,923660.7331,0.33251294419457444
15,101,320553.5601,930177.3702,0.34461552212464264
15,102,311538.0924,930518.0908,0.3348006830605082
15,103,320907.5001,933620.5798,0.34372367859408665
15,104,318864.7939,932090.9034,0.34209624054571586
15,105,306701.8949,920301.4511,0.33326242671182504
15,106,310703.9665,927626.543,0.334945101393029
15,107,313242.0292,929931.1119,0.3368443373832237
15,108,324190.8687,925053.908,0.350456190602894
15,109,311137.6648,936204.5473,0.332339407768651
15,110,312513.1815,927189.1896,0.3370543843752339
15,111,326259.3258,925587.5355,0.35248889303998193
15,112,313484.4146,923957.9893,0.3392842729110433
15,113,313509.2482,926488.6721,0.3383843296101969
15,114,311034.3529,931824.6251,0.33379065601171565
15,115,329745.8687,934465.5599,0.3528710771698072
15,116,315895.9766,928847.7828,0.3400944508342751
15,117,325010.2774,918837.9954,0.3537188046501195
15,118,315405.5646,936433.7892,0.33681565983373213
15,119,335309.8817,927445.1284,0.36154147715290325
15,120,317556.8789,924978.8003,0.34331260218829474
15,121,313887.7817,923816.7663,0.3397727700452539
15,122,310265.9385,922531.5095,0.3363201530841587
15,123,306511.7892,922577.4695,0.3322342018238502
15,124,310151.1539,928354.7043,0.3340869093067836
15,125,321269.1709,919373.501,0.3494435836475126
15,126,312262.5261,918449.3368,0.33998884161424114
15,127,317041.3994,930073.5212,0.34087778242621797
15,128,316629.8232,929944.065,0.3404826538680044
15,129,326294.4964,930814.5508,0.3505472664985331
15,130,303159.2401,927909.7979,0.3267119722047285
15,131,307360.2627,918727.7837,0.33454987228334976
15,132,325935.1415,926917.4859,0.3516333939730676
15,133,309484.055,923534.5419,0.335108261747627
15,134,302935.298,923124.6275,0.3281629467739447
15,135,324709.2521,924581.52,0.3511959141255603
15,136,312878.1197,926300.4412,0.33777174854270164
15,137,333405.9136,921041.3922,0.36198798058752435
15,138,322908.2662,934657.8042,0.3454828759241852
15,139,311023.6173,928412.607,0.33500580986832723
15,140,337499.9609,927840.4996,0.3637478220076609
15,141,305991.856,926036.7256,0.33043166382169237
15,142,311467.6386,926991.8466,0.3359982504079125
15,143,327962.1241,924860.237,0.35460722710257464
15,144,317094.6927,921880.332,0.3439651348370452
15,145,315501.4028,919708.4195,0.343045030479902
15,146,304275.9724,925171.2544,0.32888610725084805
15,147,328510.4046,928811.5353,0.35368898007268323
15,148,316601.3804,924142.3852,0.3425893947408138
15,149,313656.8625,920480.0521,0.34075356851505634
15,150,305437.6044,922426.0267,0.3311242262891366
15,151,324052.4634,929543.1233,0.34861477136162466
15,152,309845.8541,916346.5575,0.33813173800240964
15,153,303461.9645,924800.6869,0.3281376936658934
15,154,329602.4192,924497.943,0.35652044625479495
15,155,301100.552,917683.8966,0.32810922488186983
15,156,303710.4186,919885.9151,0.3301609619351373
15,157,327174.9177,924424.0646,0.35392297780734344
15,158,325270.2868,924760.7874,0.351734514732734
15,159,309488.9368,921195.06,0.3359646075392545
15,160,309449.6797,923454.0124,0.3351002600505892
16,0,490205.4975,1081242.6368,0.4533723336611951
16,1,506747.1713,1076044.9568,0.47093494384007134
16,2,494054.3293,1071031.6735,0.4612882527418551
16,3,474997.1717,1081759.2287,0.4390969442163447
16,4,470967.2844,1086628.828,0.4334205685181767
16,5,473872.7951,1087822.3502,0.43561597627855025
16,6,496571.6055,1089237.1814,0.45588932693406126
16,7,501161.2372,1077906.618,0.4649393823463843
16,8,502332.4082,1078271.6013,0.4658681612261432
16,9,502791.7672,1073885.9574,0.4681984746474533
16,10,475630.9193,1089296.3168,0.4366405283525145
16,11,525364.5858,1091519.7458,0.48131477952783
16,12,497844.4301,1083281.7393,0.45957059187732585
16,13,521796.6082,1078918.8304,0.4836291605055668
16,14,487201.9833,1072172.8716,0.454406184119311
16,15,490202.6278,1082695.4426,0.45276132928279494
16,16,483477.803,1083783.6197,0.44610178103063647
16,17,501356.6359,1079476.3757,0.46444428723591935
16,18,471311.9511,1073543.445,0.43902457166044173
16,19,503455.4865,1093982.4075,0.46020437170512724
16,20,495110.7825,1093807.4779,0.4526489281738709
16,21,474871.9485,1084077.1214,0.43804258859991474
16,22,483375.7957,1083065.8556,0.4463032355795374
16,23,513719.3235,1085695.532,0.47317070795498123
16,24,488564.6345,1083669.8394,0.45084269833559787
16,25,515259.967,1075261.0788,0.47919521794189207
16,26,486926.6777,1075419.4056,0.4527783999102499
16,27,492252.7836,1082322.4098,0.4548115969352998
16,28,508614.6183,1080083.7284,0.4709029540269482
16,29,492482.7219,1080511.9788,0.4557864526841653
16,30,499846.5914,1079732.3053,0.4629356637255744
16,31,450822.3927,1080733.9274,0.41714466555572666
16,32,467156.954,1084549.7779,0.4307381399354026
16,33,465130.1615,1083123.6374,0.4294340419128222
16,34,484777.6459,1087536.8609,0.44575743896976355
16,35,504756.1892,1078096.8755,0.46819186723447653
16,36,488114.5953,1080862.7987,0.45159718318280206
16,37,487363.5814,1083809.6454,0.4496763647274328
16,38,497122.4136,1081582.1247,0.4596252122212981
16,39,489750.635,1079447.8974,0.4537047468244019
16,40,481550.8666,1073114.7374,0.4487412667230042
16,41,506820.9308,1076695.5491,0.47071888726915145
16,42,482627.8703,1071124.2335,0.45058066581405565
16,43,481646.5595,1076638.5674,0.4473614210785145
16,44,484215.752,1093928.7518,0.4426392040644781
16,45,480842.7967,1083028.0085,0.44398001983897906
16,46,478228.4729,1092683.6245,0.4376641711994468
16,47,469533.018,1069472.687,0.43903226674923024
16,48,485096.5934,1081341.3863,0.4486063324181491
16,49,491375.1825,1071776.6157,0.4584679076796917
16,50,482505.0151,1082923.7796,0.4455576876132714
16,51,511320.5478,1085059.3019,0.47123742168252825
16,52,507073.2417,1081551.6415,0.4688386779171654
16,53,501503.4302,1079084.9951,0.46474877556195204
16,54,491938.2468,1076864.6742,0.45682457469919296
16,55,464524.5151,1076835.2122,0.4313793882640273
16,56,487373.7544,1088487.7958,0.4477530719963631
16,57,493679.0456,1076866.5808,0.4584403067214211
16,58,486166.2094,1084192.3585,0.44841324105310965
16,59,513418.9364,1100061.9462,0.4667182045279624
16,60,486518.4298,1084912.1722,0.44844038279470233
16,61,475865.6058,1085281.563,0.43847202608379704
16,62,477110.9954,1083551.2419,0.4403215805127859
16,63,503390.9327,1083349.5184,0.46466161118847277
16,64,515999.8057,1073452.5278,0.48069177940967905
16,65,509592.4526,1078119.3664,0.4726679331451067
16,66,494983.6506,1073381.9868,0.4611439885214217
16,67,504084.3018,1079095.8529,0.46713579747832984
16,68,499369.937,1078131.5784,0.4631808834883488
16,69,484264.3702,1077896.8711,0.44926781326102694
16,70,483138.4175,1086279.0422,0.444764557476427
16,71,466629.0854,1077791.5728,0.432949279968614
16,72,481344.8091,1080690.8997,0.4454047028929562
16,73,485581.3894,1087899.8374,0.4463475153746723
16,74,477860.2705,1091142.8534,0.4379447374933428
16,75,508402.9107,1088030.1343,0.46726914510239037
16,76,483272.1564,1073139.2297,0.4503350012981079
16,77,500960.2153,1079137.9336,0.4642225981518402
16,78,493523.0921,1074747.7926,0.4591989818430635
16,79,478552.3729,1076632.1561,0.44449013545490923
16,80,477372.8699,1084425.6605,0.4402080172834494
16,81,506638.1783,1076701.3873,0.4705466011987556
16,82,520309.2612,1074117.6942,0.4844061912484599
16,83,470395.7556,1074699.6058,0.43769975634246205
16,84,473000.6069,1084245.6941,0.4362485453932318
16,85,451461.746,1084536.9306,0.4162714364648119
16,86,477015.9324,1083881.0623,0.44009988640983383
16,87,473175.4407,1077288.7765,0.43922804267700455
16,88,494183.5266,1077868.1284,0.45848236308236684
16,89,501399.5955,1073351.737,0.467134470664205
16,90,484843.6111,1077703.5929,0.4498858631391689
16,91,502136.6092,1082872.931,0.4637077858583945
16,92,507745.7987,1080735.828,0.4698149034622363
16,93,499846.7846,1075814.8823,0.4646215560165615
16,94,507115.945,1078135.6791,0.4703637536820295
16,95,456989.0808,1071380.5001,0.42654227957046614
16,96,472217.1652,1094069.4823,0.4316153341625842
16,97,475713.0216,1082992.1985,0.4392580318296725
16,98,468246.7702,1079680.9863,0.433689928915626
16,99,521275.2215,1094680.6403,0.4761893124894793
16,100,498038.5499,1085673.8863,0.45873678660295136
16,101,473339.8306,1089662.7929,0.43439111042808554
16,102,497329.3224,1086898.8888,0.45756723787718717
16,103,496668.7597,1081041.7009,0.4594353384208104
16,104,513591.3623,1077781.4153,0.4765264598267749
16,105,508722.2302,1075776.9142,0.4728882201179327
16,106,511326.0966,1081822.3671,0.4726525464348573
16,107,498465.9498,1081940.2926,0.46071484092910653
16,108,477281.1809,1075379.9994,0.4438256069168995
16,109,486772.4293,1081978.5404,0.4498910201306244
16,110,505445.2276,1081579.364,0.46732144160990113
16,111,496464.065,1089875.2283,0.45552376282043805
16,112,492009.8587,1085381.4193,0.45330595305133764
16,113,472780.8241,1094614.7208,0.43191528043261446
16,114,487119.586,1090061.4761,0.4468734990459498
16,115,505188.8569,1088548.8867,0.46409386208782016
16,116,495223.3196,1070851.5819,0.46245747587292235
16,117,484599.3279,1082176.3584,0.44780069730638095
16,118,495644.9669,1082176.2166,0.45800763248819676
16,119,494955.4011,1077113.1562,0.4595203375346164
16,120,488553.9321,1086248.8135,0.4497624540788509
16,121,509865.2869,1077246.5494,0.47330417273926984
16,122,504407.4317,1072072.9715,0.4704972936629995
16,123,472185.28,1082220.0448,0.4363117115311446
16,124,479504.379,1078662.5235,0.44453605140941005
16,125,476972.6681,1083389.8504,0.44025949469980374
16,126,483755.1469,1085727.4447,0.4455585508697052
16,127,486403.1758,1079020.2304,0.4507822579190078
16,128,492770.3691,1080739.6925,0.4559565754081897
16,129,497052.6941,1074761.0125,0.46247741434517287
16,130,485334.5695,1083644.0235,0.4478726952532305
16,131,503409.6328,1085296.9065,0.46384508219364395
16,132,497998.8092,1075573.3472,0.4630077627866307
16,133,500938.7542,1078435.2888,0.46450515798440367
16,134,504634.652,1071874.5068,0.4707963934197376
16,135,474363.0101,1077932.1801,0.44006758389567074
16,136,508606.9685,1080039.7378,0.47091505127025524
16,137,477898.2936,1080413.8744,0.442328912024938
16,138,472837.9002,1079181.6471,0.43814486789190693
16,139,486154.6055,1087569.3531,0.44701021053440715
16,140,502492.1303,1092168.6233,0.46008658331688224
16,141,473295.6147,1088395.2487,0.43485637709767044
16,142,464157.4604,1086466.0415,0.42721764203432766
16,143,503250.7094,1083775.9651,0.46434939102341605
16,144,498153.4072,1079511.8375,0.46146173658795103
16,145,516936.1795,1074680.595,0.48101378391409405
16,146,492334.4607,1071096.9448,0.45965443472713
16,147,499417.5319,1078097.5042,0.4632396698391318
16,148,472197.3973,1075649.9994,0.4389879585026661
16,149,477674.6084,1079885.5185,0.4423381925368416
16,150,490222.2125,1077095.1091,0.4551336352363723
16,151,472424.5141,1080321.5661,0.4372999011817098
16,152,485796.559,1084144.0868,0.448092246145893
16,153,476692.9635,1091763.8776,0.4366264292860682
16,154,480768.8099,1087780.6896,0.44197218657815013
16,155,494033.1773,1080189.1314,0.45735803382848217
16,156,484566.2461,1083334.1381,0.4472915872012065
16,157,485378.5319,1084118.1131,0.44771738986269316
16,158,507483.23,1080708.9415,0.4695836321069247
16,159,482378.1708,1079343.3308,0.4469181927890039
16,160,495320.6278,1080915.8088,0.4582416352573194
17,0,3608436.4345,9307735.277,0.38768146354749405
17,1,3639000.9396,9306257.3396,0.39102732782977295
17,2,3669311.0798,9303834.9271,0.39438694995674456
17,3,3636447.2288,9264006.2389,0.3925350582699725
17,4,3674995.519,9282014.9594,0.3959264809499462
17,5,3512022.5933,9279055.72,0.3784892233948133
17,6,3561498.5201,9319151.0845,0.3821698444210903
17,7,3677142.3163,9337053.4233,0.39382256367131135
17,8,3582141.2451,9339628.1634,0.3835421691773173
17,9,3546913.6794,9325075.4986,0.3803629986623173
17,10,3626472.3285,9334773.3046,0.38849066926059606
17,11,3637505.5423,9248318.5185,0.393315339974901
17,12,3544029.5174,9309915.804,0.3806725637494283
17,13,3582014.0327,9267797.7711,0.3865010999560092
17,14,3603159.3502,9248838.9635,0.389579639608783
17,15,3547437.2119,9288970.3559,0.38189778586674067
17,16,3656871.9727,9326552.8184,0.39209256023141764
17,17,3682669.8981,9295597.7841,0.3961735418887378
17,18,3681395.3814,9316132.1353,0.3951635000378245
17,19,3687139.3786,9348320.7637,0.39441729395051867
17,20,3607821.198,9331356.4728,0.3866341628375734
17,21,3653045.1349,9316324.4844,0.3921122692771115
17,22,3533434.9877,9311925.3871,0.3794526739437732
17,23,3629289.5808,9381799.5174,0.38684365127062464
17,24,3590132.8482,9347145.2315,0.3840886986650433
17,25,3636972.1597,9286906.5196,0.3916236426009217
17,26,3578688.5722,9298943.9316,0.38484892462237286
17,27,3622170.7576,9279667.0884,0.39033412762488817
17,28,3598225.3651,9343368.6664,0.3851100704224268
17,29,3531851.8002,9280316.7488,0.3805744885439055
17,30,3554233.3557,9279712.9829,0.38301113000472004
17,31,3544242.6175,9324298.5856,0.38010822851314074
17,32,3645921.2506,9297528.0676,0.3921387732407387
17,33,3599600.5849,9303038.0484,0.38692742802649116
17,34,3714164.5209,9344405.3467,0.39747467956445903
17,35,3699491.1146,9335006.6365,0.39630299780772954
17,36,3530374.5914,9266923.7199,0.3809651075274089
17,37,3625414.7945,9295472.3784,0.39001942525529093
17,38,3656167.7465,9332520.2167,0.3917663891000741
17,39,3602223.2863,9324397.1753,0.3863223775840612
17,40,3596298.2369,9343301.8215,0.38490656789278804
17,41,3615059.6574,9306644.6282,0.38843856210497524
17,42,3666895.2619,9295449.6398,0.3944828280494989
17,43,3486942.7954,9321603.9698,0.37407111551798894
17,44,3552918.1795,9335605.472,0.38057715593875086
17,45,3680834.9822,9326384.0956,0.3946690319066468
17,46,3586709.1276,9280438.2681,0.3864805760228728
17,47,3579434.6416,9248756.1991,0.38701794755367386
17,48,3560439.1739,9306349.23,0.3825817284421853
17,49,3797007.0122,9241769.3864,0.410852819784445
17,50,3681986.8081,9327124.0839,0.39476121202843817
17,51,3613547.7308,9336507.7463,0.3870341919045723
17,52,3561547.2688,9342170.8714,0.38123336832804827
17,53,3630871.9887,9299601.2237,0.3904330843183615
17,54,3521864.3002,9325224.8307,0.37767071187447504
17,55,3473569.323,9332565.8843,0.3721987464180157
17,56,3633160.46,9330714.617,0.3893764421195136
17,57,3647836.5761,9327133.5945,0.3910994239699801
17,58,3594708.2802,9318778.6673,0.38574886350869003
17,59,3597427.1415,9299230.7924,0.38685211947208326
17,60,3559488.4532,9348235.8515,0.38076579471717664
17,61,3594870.7054,9295672.5564,0.3867251867563858
17,62,3724363.4783,9318145.7012,0.39968933709851445
17,63,3513919.5333,9292686.6985,0.378138169004149
17,64,3663807.7873,9310679.5876,0.393505946889148
17,65,3706256.072,9308430.3033,0.3981612314039745
17,66,3576987.2405,9306986.7533,0.3843335480446127
17,67,3519976.97,9307352.044,0.37819316958889065
17,68,3580731.6375,9280859.2528,0.38581897860585557
17,69,3586822.6428,9283001.4179,0.3863860923131703
17,70,3700071.0448,9304927.1029,0.3976464300990413
17,71,3573251.6382,9294038.2026,0.38446707021285814
17,72,3607648.8502,9361769.8574,0.38535970282887677
17,73,3633654.0236,9288064.4523,0.3912175719991047
17,74,3572788.6501,9285954.426,0.3847519044565253
17,75,3601046.1835,9304172.423,0.3870356244256803
17,76,3646106.7643,9317346.4722,0.39132458744330517
17,77,3568629.8215,9268857.1838,0.3850129256212092
17,78,3606828.3957,9291744.8966,0.3881755726009866
17,79,3532233.4545,9262091.0413,0.38136457941836704
17,80,3612916.9956,9312148.5301,0.3879788841341862
17,81,3622960.4437,9310591.0901,0.3891224959446788
17,82,3605261.0622,9354278.0806,0.3854130731560155
17,83,3571493.1213,9312706.7543,0.38350752531222115
17,84,3623090.4025,9311245.4989,0.38910910499868356
17,85,3481373.6011,9284668.7863,0.3749593745591597
17,86,3547783.9237,9353382.003,0.3793049319018602
17,87,3567471.3794,9285392.4226,0.3842025427721313
17,88,3578248.2147,9333329.3085,0.3833839026167476
17,89,3570201.5601,9333939.6355,0.38249674837421976
17,90,3654960.9757,9317873.4852,0.39225269386897554
17,91,3553801.3508,9333949.0938,0.3807393114197059
17,92,3611949.5209,9317320.1043,0.3876597004790104
17,93,3576584.879,9321695.0456,0.38368396107188785
17,94,3665012.3031,9324456.3414,0.3930537254839808
17,95,3548651.9737,9316088.1837,0.38091652888268485
17,96,3636117.2921,9307422.2007,0.39066856683760753
17,97,3653562.04,9256400.2988,0.39470657297239486
17,98,3685804.9245,9345685.2157,0.3943857341041344
17,99,3685821.9711,9336762.8061,0.39476444327063087
17,100,3765091.977,9316029.306,0.40415201083310115
17,101,3660281.8188,9350409.7459,0.39145683646697654
17,102,3528293.4471,9314948.1052,0.37877757420144476
17,103,3599231.9355,9327019.7255,0.3858930335120583
17,104,3682143.3358,9299578.5664,0.39594733347421035
17,105,3548287.846,9315522.2119,0.3809005834871268
17,106,3633395.0323,9297123.6252,0.3908085101129155
17,107,3653468.9549,9359882.3886,0.39033278445355185
17,108,3597115.7417,9286683.3658,0.38734127136788915
17,109,3676026.5705,9311045.1038,0.39480278846461064
17,110,3528106.9182,9354860.2691,0.3771415944986025
17,111,3641256.8397,9329692.356,0.390286914161567
17,112,3595203.5677,9325481.7728,0.38552470052392057
17,113,3701355.2909,9302151.0226,0.39790316045260804
17,114,3675179.2764,9304496.1823,0.39498960549753526
17,115,3613439.164,9368802.8228,0.3856884633334691
17,116,3679269.9167,9297051.6866,0.3957458816759075
17,117,3611454.243,9310859.6476,0.38787548944859257
17,118,3631809.094,9360181.5968,0.38800626424188395
17,119,3668728.5409,9316549.4017,0.3937861951583237
17,120,3510105.3521,9317574.411,0.3767187893832212
17,121,3552889.1003,9295732.141,0.38220648426706855
17,122,3646807.3283,9299036.7372,0.39217043994581285
17,123,3547326.2151,9268161.3657,0.3827432513452014
17,124,3509991.4028,9204407.8715,0.3813380992891608
17,125,3703589.2832,9337017.4754,0.3966565654351351
17,126,3530928.6874,9285570.1186,0.3802597624379755
17,127,3545513.928,9293646.1278,0.3814987012895118
17,128,3676665.6559,9272903.8471,0.39649560876767176
17,129,3647403.7473,9324682.128,0.3911558267865922
17,130,3554372.2238,9327529.8835,0.38106253940687257
17,131,3696257.1644,9272504.0577,0.39862556450763514
17,132,3645148.2559,9326738.7284,0.3908277439787706
17,133,3563809.4778,9258988.7575,0.38490266822208097
17,134,3611296.4627,9246714.1343,0.39054916268084505
17,135,3690748.599,9298063.7272,0.396937330963145
17,136,3494429.8841,9298295.505,0.37581402765925537
17,137,3576622.081,9314061.2126,0.38400242379356164
17,138,3511664.9849,9321195.1036,0.37673977916670115
17,139,3504620.9292,9289660.6232,0.3772603834899586
17,140,3623940.4976,9295646.1969,0.3898535315176417
17,141,3595517.6481,9317654.0574,0.3858822860293328
17,142,3579857.9365,9347196.008,0.3829873614970844
17,143,3651323.044,9270261.9759,0.393874849868578
17,144,3616871.001,9321081.6628,0.38803125343647216
17,145,3623891.6214,9323373.8424,0.38868886764141025
17,146,3701774.3496,9284463.2113,0.3987063404047547
17,147,3582033.7156,9292957.6911,0.38545679800420973
17,148,3644298.7649,9288481.043,0.39234604108347965
17,149,3643754.2571,9298954.4301,0.3918455869947537
17,150,3576131.0402,9268615.3662,0.3858322844252585
17,151,3616937.783,9284550.7324,0.3895651913859534
17,152,3615828.5371,9304471.9927,0.3886118997334687
17,153,3680164.1926,9262537.3995,0.39731706700570607
17,154,3591503.6478,9315571.8892,0.38553764497956444
17,155,3514928.6032,9299096.038,0.3779860524976331
17,156,3629575.9065,9292580.403,0.3905885931671072
17,157,3611067.4118,9306569.8759,0.388012711444966
17,158,3563893.3135,9301039.7616,0.38317149532182254
17,159,3555537.0139,9281758.2747,0.3830671849741659
17,160,3609989.2432,9314575.042,0.3875634934414435
19,0,1050846.161,2218291.6048,0.4737186755456994
19,1,979283.6555,2200413.0438,0.4450453783026243
19,2,1055471.0694,2214446.3863,0.476629768925465
19,3,1089454.4479,2227029.93,0.48919614111337967
19,4,1099763.0527,2239776.2529,0.49101469455980584
19,5,1078325.5777,2208345.2031,0.4882957502234176
19,6,1098428.2475,2239953.0387,0.4903800340999533
19,7,1035978.0012,2198811.6971,0.4711535792566255
19,8,1063861.2364,2231846.4694,0.4766731273795925
19,9,1012844.7853,2198758.4281,0.4606439581337835
19,10,996577.0794,2209654.5368,0.4510103560546768
19,11,1015652.7942,2202210.8729,0.46119688477540255
19,12,995321.361,2192733.5985,0.4539180508206182
19,13,1019143.6507,2222317.2492,0.4585950323100251
19,14,1064125.0904,2216561.1788,0.48007927801753486
19,15,1058782.1236,2209119.6638,0.4792778503355242
19,16,1093291.6234,2244102.8936,0.4871842670485294
19,17,1070420.1102,2228715.7976,0.48028560274606813
19,18,1031755.3478,2211830.7502,0.4664712016083083
19,19,1059312.6201,2213576.0158,0.4785526282083238
19,20,1089716.0142,2231762.1944,0.48827604344869086
19,21,975829.2308,2205681.8121,0.4424161388314329
19,22,1072413.5754,2224603.094,0.4820696232475886
19,23,1115753.8166,2235777.2208,0.49904516703178675
19,24,1086793.927,2238200.7831,0.48556587738064577
19,25,1068370.4958,2212050.7117,0.4829773974661451
19,26,1079265.0587,2238695.7101,0.4820954691746787
19,27,1062300.2872,2198548.9466,0.4831824594320815
19,28,1060740.6109,2239750.6347,0.47359763826658285
19,29,1031315.3828,2202429.8113,0.46826254235600756
19,30,1020748.4895,2213377.6673,0.46117230899196937
19,31,1006783.0238,2207937.316,0.45598351751395466
19,32,998851.7045,2197741.4798,0.45449008160454707
19,33,1037814.6158,2217141.1012,0.46808685980260606
19,34,1053237.4368,2220980.3353,0.4742218650295854
19,35,1040548.8494,2195178.6304,0.4740155698447164
19,36,1103693.4274,2243577.3235,0.4919346508986054
19,37,1051073.2653,2224485.3326,0.4725017737345543
19,38,1050052.3292,2207941.6516,0.4755797457052692
19,39,1042103.015,2209700.6506,0.4716037055594104
19,40,1073930.0856,2235037.5013,0.48049756882171024
19,41,1108649.899,2234048.7449,0.49625143655924353
19,42,1034350.3338,2219933.1289,0.46593760881100565
19,43,1012677.8933,2212204.3551,0.4577686916515555
19,44,1000254.1094,2197383.9165,0.45520225295596406
19,45,1028684.9772,2226787.3221,0.46195923921009463
19,46,1024895.8384,2190810.5114,0.46781583029061596
19,47,1067595.0113,2239692.1093,0.4766704346847341
19,48,1048076.703,2200894.2907,0.47620492607423526
19,49,1078030.3161,2236491.2623,0.4820185682242985
19,50,1087315.8936,2225241.3817,0.48862829108873207
19,51,1085294.3218,2231100.6417,0.4864389806158873
19,52,1099967.6854,2235504.4661,0.4920445036367892
19,53,1064730.2876,2223963.0248,0.47875359245046384
19,54,1055952.393,2215920.624,0.4765298817851519
19,55,1052108.3697,2226234.6719,0.47259544691309147
19,56,1009822.7629,2208355.9856,0.4572735417137178
19,57,1051282.713,2218413.2436,0.47388948656563096
19,58,1071301.9642,2228540.5481,0.480719080975828
19,59,1040606.8009,2218544.7221,0.46904927835531596
19,60,1013811.6869,2201516.9949,0.46050595532470584
19,61,1123315.1871,2237322.8743,0.5020800529076324
19,62,1035910.3651,2218185.7841,0.46700793618164277
19,63,1031438.407,2214908.9031,0.4656798325007374
19,64,985690.102,2202537.7526,0.44752472498436663
19,65,1026617.0471,2217154.9547,0.4630335128015038
19,66,995502.3552,2198599.8515,0.45278923971582014
19,67,1071418.7568,2237045.2559,0.4789437111181511
19,68,1040065.9106,2200698.3959,0.4726072016672932
19,69,1075676.5061,2229237.2226,0.4825311973058744
19,70,1094815.5389,2224336.0742,0.4921987965751799
19,71,1073932.3001,2226373.8787,0.48236835258194766
19,72,1096517.867,2233641.379,0.4909104376866937
19,73,1054437.9203,2219238.9338,0.4751349231668747
19,74,1068666.6191,2213025.5268,0.4828984601209165
19,75,1048063.0651,2234568.5343,0.46902256476475257
19,76,1003170.159,2197010.1571,0.45660697369017184
19,77,1021272.5072,2206420.8207,0.46286388236492226
19,78,1065179.3687,2229429.3695,0.4777811682542294
19,79,1018624.8156,2221117.7374,0.45860910407765404
19,80,1033286.5117,2206944.5513,0.46819776740260327
19,81,980045.9568,2200556.4972,0.445362778936608
19,82,1061691.3671,2213357.6186,0.4796745714194819
19,83,1088108.2043,2231310.3221,0.4876543587518234
19,84,1105431.7403,2237929.3627,0.49395291858824675
19,85,1069219.8737,2208469.0306,0.48414528747523927
19,86,1095295.7374,2242941.9002,0.48832996400947076
19,87,1041362.3699,2198326.2237,0.4737069315159623
19,88,1053184.9277,2235649.9266,0.47108669169045386
19,89,1012912.0145,2192377.3608,0.4620153594955878
19,90,996266.575,2210955.2331,0.45060458940325343
19,91,1023844.0956,2199664.4967,0.46545466235237254
19,92,999426.532,2201086.938,0.4540604529270075
19,93,1005779.8407,2224112.9993,0.452216160337425
19,94,1056215.7519,2218603.5885,0.4760723174589781
19,95,1051676.4719,2206787.0436,0.4765645488766182
19,96,1090336.0035,2242025.1993,0.4863174614809959
19,97,1065831.8767,2226756.4751,0.4786477051344985
19,98,1056452.269,2213136.24,0.4773552797635269
19,99,1061728.312,2216116.8596,0.4790940095964243
19,100,1086737.2466,2232552.3181,0.48676899429835585
19,101,962381.0316,2199357.5279,0.4375737093181502
19,102,1056388.6393,2224848.8591,0.4748136642986761
19,103,1096403.9944,2233087.1956,0.49098127317209894
19,104,1087818.8796,2244111.7441,0.48474363295855805
19,105,1082318.328,2211634.6433,0.48937483018671796
19,106,1092457.0433,2241631.2572,0.48734913014399056
19,107,1054990.2662,2198691.293,0.479826462932193
19,108,1054362.6493,2233408.073,0.4720868801569878
19,109,1038575.9934,2206872.5335,0.470609868777906
19,110,1009978.8814,2207889.7392,0.4574408148506332
19,111,1025705.8117,2207946.4669,0.4645519386799767
19,112,1014582.9564,2193498.7024,0.46254094214411967
19,113,1034629.1983,2214213.2746,0.46726718251064
19,114,1043605.1577,2226043.8418,0.4688160844380006
19,115,1050389.7477,2197138.2953,0.47807174903233773
19,116,1093676.1847,2239413.7019,0.4883761244168888
19,117,1057502.3775,2225294.8352,0.475218996050452
19,118,1031970.0167,2208147.4544,0.4673465146739523
19,119,1065219.9869,2206174.7447,0.4828357270696845
19,120,1074208.8896,2239013.0171,0.47976893452425295
19,121,1120397.933,2238288.0153,0.5005602162641397
19,122,1055433.4112,2218181.2481,0.4758102666786312
19,123,1023403.5052,2212347.2452,0.46258719440197216
19,124,1023192.0075,2195870.9159,0.4659618195638036
19,125,1029147.6269,2221483.1774,0.4632705020546243
19,126,1008797.8133,2194047.1449,0.4597885763963285
19,127,1069957.0312,2235954.7212,0.47852356805587354
19,128,1037550.6135,2203883.46,0.47078288499882837
19,129,1065758.3954,2232338.2056,0.4774179793753739
19,130,1082278.8139,2226757.6792,0.4860334934553035
19,131,1098189.459,2234478.4456,0.4914746262880666
19,132,1091721.5418,2235841.3603,0.4882822015840674
19,133,1044780.135,2225277.3277,0.4695055856610299
19,134,1050085.3457,2216988.4641,0.47365395116130593
19,135,1047399.3639,2229101.9743,0.4698750330742103
19,136,1010995.6138,2204574.681,0.4585898688364733
19,137,1031631.7214,2207671.5099,0.4672940320939003
19,138,1079648.7026,2231099.9405,0.48390871381496503
19,139,1033934.8328,2215752.4327,0.46662922154173203
19,140,1029777.6857,2207985.8085,0.4663878190410933
19,141,1112998.3691,2237559.4338,0.4974162260395552
19,142,1034820.4367,2222437.2499,0.46562414157995347
19,143,1019864.7452,2219898.0478,0.45941963245146467
19,144,994765.6849,2207223.2259,0.45068648844721276
19,145,1025160.5527,2216060.5013,0.4626049478787306
19,146,1011267.4239,2194198.8178,0.46088231189274864
19,147,1070449.6576,2240174.9534,0.47784198996392546
19,148,1029480.766,2197613.6124,0.4684539448568989
19,149,1085272.5455,2230794.6435,0.48649594379394073
19,150,1088849.7789,2220868.6714,0.4902810296358526
19,151,1079045.9101,2227647.9687,0.48438798466424854
19,152,1100092.1092,2232662.5904,0.4927265382284698
19,153,1052074.2193,2211827.8824,0.47565826783882487
19,154,1058484.4239,2208452.1275,0.47928791877332644
19,155,1029898.941,2227302.6771,0.4623973883697533
19,156,1006969.828,2200611.2426,0.45758642349308154
19,157,1027955.8018,2207403.5608,0.4656854868112343
19,158,1072679.2892,2232589.3372,0.4804642176358774
19,159,1041426.2147,2225722.5519,0.4679047771749363
19,160,1033487.1152,2212331.5852,0.46714837961623656
20,0,1005709.0258,2078519.4342,0.4838583701706338
20,1,1015735.4183,2073417.8622,0.4898845702150236
20,2,1029070.5587,2085918.4853,0.4933416938159966
20,3,996900.9013,2070532.4713,0.4814707883687948
20,4,1047708.0893,2070247.8361,0.5060785820086674
20,5,1017613.1301,2081834.7965,0.4888058993974069
20,6,998655.0105,2086146.2046,0.47870806384420367
20,7,980652.7911,2082396.7145,0.47092505682110747
20,8,1028760.9954,2077475.8381,0.49519757415849197
20,9,1008674.9764,2077636.2653,0.4854916104645259
20,10,1005301.7683,2077768.9344,0.4838371349460484
20,11,1028395.7141,2079619.9006,0.49451138345199197
20,12,1002849.5703,2091934.1478,0.47938868981829813
20,13,1034119.2265,2069488.2914,0.49969803201951085
20,14,978742.9017,2079998.1478,0.47054989098678274
20,15,1023950.9785,2064979.3417,0.49586499865757955
20,16,1013891.5959,2083666.6486,0.4865901158331762
20,17,997553.9417,2090747.4585,0.47712789875430095
20,18,1007406.0268,2084066.5538,0.4833847676136532
20,19,1005495.3443,2079966.1175,0.4834190979555704
20,20,1005426.3384,2085959.0564,0.4819971587242895
20,21,1016177.6904,2087366.4646,0.4868228495731482
20,22,976288.8859,2083347.3072,0.4686155220140052
20,23,1048559.3484,2068768.5675,0.5068519334993231
20,24,997002.2449,2065614.5599,0.48266615866043594
20,25,963612.9107,2082206.6945,0.46278446479175894
20,26,1025758.6303,2083174.2223,0.4924017488885188
20,27,1000785.2996,2087164.8246,0.4794950967956247
20,28,986846.7633,2071917.2457,0.47629641837678344
20,29,998545.6433,2060620.831,0.48458485339848534
20,30,980183.905,2086405.9884,0.4697953851980997
20,31,958586.2913,2073008.5892,0.46241308226799505
20,32,984803.977,2081160.8265,0.4731993628076297
20,33,969654.4064,2071011.6884,0.4682032514983656
20,34,1036332.7402,2068475.891,0.5010127237687974
20,35,987656.4826,2077971.6368,0.4752983462858784
20,36,983575.9677,2067849.4887,0.4756516241026551
20,37,1005025.3499,2082323.4463,0.4826461286241533
20,38,1010567.377,2083970.6051,0.4849240073381494
20,39,1028782.2754,2079028.7579,0.49483792443504226
20,40,994497.7466,2073718.6705,0.47957216219701293
20,41,988843.7984,2087714.0188,0.47364906759038716
20,42,1000267.0807,2070198.6905,0.4831744340725154
20,43,1031986.761,2080664.0418,0.49598913628901836
20,44,1014536.6924,2076621.7308,0.4885515148727442
20,45,990468.6966,2073382.5265,0.4777066865090126
20,46,1025880.1908,2076505.5758,0.49404162587175654
20,47,999955.375,2074035.7719,0.48213024507477636
20,48,1011358.4318,2069034.0429,0.4888070523878184
20,49,978502.7456,2083248.51,0.4697004418354294
20,50,998388.2306,2072199.2171,0.4818012777734873
20,51,936455.4365,2086401.3181,0.44883763654481945
20,52,1003335.3938,2068273.0554,0.4851078010132259
20,53,979261.091,2083384.7059,0.47003373319713876
20,54,996565.203,2076920.618,0.4798282584144485
20,55,987642.4165,2088949.6787,0.47279378080310286
20,56,993327.1272,2088903.5523,0.4755256058166453
20,57,1012585.3412,2068449.2395,0.48953840484128547
20,58,994281.217,2073574.7864,0.47950101608160645
20,59,1033898.7842,2081662.4466,0.4966697582927901
20,60,995369.4076,2063623.9944,0.4823404894986232
20,61,989744.7651,2088032.2302,0.47400837534255796
20,62,1023253.6522,2083771.9997,0.49105835587929847
20,63,1000417.5806,2076444.6986,0.4817935104529925
20,64,1022372.7954,2086755.8188,0.48993408150069084
20,65,1065212.3947,2075600.3419,0.5132068892053212
20,66,1028644.0843,2077602.7785,0.495111045742183
20,67,991817.0412,2073245.9828,0.47838850258400706
20,68,1017667.2144,2083223.7075,0.4885059682914539
20,69,1013875.1925,2076937.4456,0.4881587525170286
20,70,1027845.7808,2079393.9872,0.4943006410170695
20,71,1023862.9531,2071728.5583,0.4942070953253413
20,72,1015939.955,2080814.9686,0.48824137192916195
20,73,1025162.6089,2093371.054,0.4897185364921932
20,74,999783.8206,2093177.579,0.4776392746752233
20,75,1051906.4066,2080105.1206,0.5056986765633176
20,76,1018913.7027,2086614.2915,0.4883095581443256
20,77,985722.3123,2068349.766,0.47657428569554616
20,78,1003122.0522,2079048.3931,0.48249095861798486
20,79,1005551.0835,2084688.2124,0.48235082710155397
20,80,1018509.9529,2068397.6884,0.4924149541512319
20,81,1014792.8761,2073941.6771,0.4893063711989184
20,82,1028046.8875,2086619.2223,0.4926854293841037
20,83,1001135.9358,2076478.5766,0.48213159869881606
20,84,1017305.5573,2076784.6655,0.489846431457099
20,85,1050996.6622,2089838.4351,0.5029080930601744
20,86,1005024.8595,2084423.4997,0.4821596281392183
20,87,988775.5193,2080824.287,0.4751845340701754
20,88,992211.8693,2082911.928,0.4763580523794475
20,89,1022572.6508,2076826.207,0.4923727596239833
20,90,1023583.2595,2093147.9778,0.48901619491605924
20,91,1049925.4211,2079741.1088,0.5048346722856296
20,92,996630.7329,2086250.1318,0.4777139220789958
20,93,1020802.8995,2070256.3479,0.4930804344763724
20,94,1006283.2084,2068430.7575,0.486495960646147
20,95,1032635.1508,2076784.9881,0.4972277615241878
20,96,1018894.1469,2068032.1714,0.49268776423832766
20,97,996846.3199,2082048.256,0.47878156379291914
20,98,986286.374,2080948.2767,0.47396006188297396
20,99,970832.4641,2075177.2012,0.46783111511566466
20,100,1043656.2581,2084278.2448,0.5007278949937635
20,101,1006259.8674,2064307.4846,0.48745638666081886
20,102,960451.3475,2089636.896,0.4596259519242333
20,103,1030255.7067,2068484.6285,0.4980726917207545
20,104,985462.7865,2075130.0033,0.47489207178964987
20,105,984567.8286,2085394.8356,0.47212537970859836
20,106,979245.7235,2079946.8958,0.47080323323512424
20,107,1018208.2019,2081387.9936,0.48919673075412134
20,108,1013509.9501,2075684.4248,0.48827747512614084
20,109,1017147.2702,2063780.6811,0.49285628047349395
20,110,998425.9982,2080476.7563,0.4799025007977687
20,111,972407.8419,2080098.3013,0.46748167684780756
20,112,1034055.1095,2082887.5325,0.4964526856900758
20,113,983674.6842,2079151.4929,0.4731135213374812
20,114,1015117.3931,2054052.5444,0.49420225196650036
20,115,973302.9876,2079884.9324,0.4679600166519289
20,116,1001146.9971,2072362.7194,0.48309448328131316
20,117,1012415.0395,2081563.8855,0.4863723119681306
20,118,1026189.6162,2081591.3075,0.49298323475056116
20,119,1003193.9473,2070309.1703,0.4845623840591071
20,120,971974.9334,2080539.5753,0.46717445077190983
20,121,991396.7529,2083097.9595,0.47592421104284605
20,122,963510.1087,2076855.2075,0.4639274347198323
20,123,1017224.9467,2080857.3963,0.4888489468373667
20,124,967872.356,2077689.7852,0.4658406480574923
20,125,971154.0989,2065554.7017,0.47016624546458025
20,126,981092.5921,2073694.5032,0.47311336871754117
20,127,1051213.3637,2065401.9958,0.5089630812004854
20,128,981284.8439,2069881.2024,0.47407785662395174
20,129,1012466.3695,2084029.8545,0.4858214326027065
20,130,979470.909,2078297.0998,0.4712853177220221
20,131,991251.2298,2084261.5883,0.47558868587531794
20,132,1019426.5363,2069801.6552,0.49252378059456875
20,133,996601.8371,2090498.4969,0.4767292770494027
20,134,1026983.0685,2088364.3605,0.4917643146592091
20,135,963086.078,2078571.8375,0.4633402900129498
20,136,997209.8026,2082610.1389,0.4788269220309806
20,137,982907.729,2081476.0106,0.4722166981480944
20,138,1024516.8915,2080596.8237,0.4924149070256028
20,139,1011250.6009,2071739.0452,0.48811678441981415
20,140,1017680.7541,2069401.2997,0.49177544937636436
20,141,1014018.8273,2089530.5631,0.48528547282678414
20,142,1047123.7546,2074613.0503,0.504732077361887
20,143,1000103.1186,2086932.1584,0.4792216721442228
20,144,1019518.0768,2078145.3653,0.4905903570671645
20,145,1028285.7471,2075552.808,0.49542740764608867
20,146,993871.6766,2071950.5551,0.47967924434955067
20,147,1001522.8163,2067794.5146,0.4843434921741909
20,148,1003866.1358,2079668.698,0.482704835037143
20,149,1015645.0579,2093712.6747,0.4850928545128705
20,150,1008997.9412,2078691.4201,0.4854005416308785
20,151,1025746.0653,2079786.6351,0.4931977386472051
20,152,1009559.9591,2059365.757,0.49022858405234715
20,153,1024963.8359,2087752.095,0.4909413518754007
20,154,983860.3292,2089251.5007,0.47091521957522076
20,155,1030177.9605,2088699.6162,0.49321499008757275
20,156,1013117.3378,2086379.3741,0.4855863465564731
20,157,1023348.5984,2075053.611,0.4931673056422059
20,158,1021922.9284,2078860.4278,0.49157842187677436
20,159,975216.2812,2086729.6544,0.46734193820636777
20,160,1032466.2892,2079228.7266,0.49656215114356916
22,0,1016123.3487,3264338.0077,0.3112800654537439
22,1,1005440.4207,3269284.7685,0.3075414018342954
22,2,1002905.4086,3245908.0704,0.30897529654202743
22,3,982140.3835,3291023.0613,0.29843011282699455
22,4,991927.336,3230353.285,0.3070646608858449
22,5,1055783.8851,3276086.0721,0.32226988603606294
22,6,1026141.7286,3264862.0982,0.31429864347585695
22,7,978808.5294,3277196.1264,0.2986725516715477
22,8,969644.4472,3271007.1444,0.2964360529936603
22,9,983345.5339,3246013.3422,0.3029394614975714
22,10,1050919.6122,3259714.6938,0.3223961944273394
22,11,1009530.5729,3304282.8956,0.3055218347812459
22,12,972500.1111,3256530.0525,0.2986307804386522
22,13,1047637.0435,3260304.7609,0.321331016677963
22,14,1055546.961,3256308.6781,0.32415445381421687
22,15,964919.7941,3259639.9882,0.29602035733793924
22,16,979486.47,3254934.2913,0.3009235770497841
22,17,1050178.5451,3263152.1951,0.32182947110985644
22,18,1007893.4634,3271884.645,0.3080467598208983
22,19,1055971.4802,3244793.4876,0.32543565075417036
22,20,1003444.2909,3274878.5575,0.30640656539826516
22,21,1035473.9911,3259513.4438,0.3176774720992792
22,22,1017765.9912,3243145.608,0.3138206279389476
22,23,1068061.659,3269444.1666,0.3266798894781897
22,24,979576.1208,3247793.7674,0.3016127842329697
22,25,1022308.577,3275958.6189,0.31206394705415125
22,26,1032245.5511,3235092.5728,0.3190775929501711
22,27,1001686.784,3238640.2979,0.30929238565008715
22,28,1075572.3298,3266238.82,0.3292999652119743
22,29,1039526.7377,3264146.4237,0.31846816985669035
22,30,989477.0981,3295223.7555,0.3002761486070502
22,31,998859.2151,3236964.2116,0.308579011012999
22,32,1037706.542,3251652.7771,0.31913202704425375
22,33,1019464.1774,3286001.9651,0.31024454282971664
22,34,1014431.6994,3267410.7532,0.31046959688386205
22,35,1070452.5215,3243501.3516,0.33002992922199714
22,36,1033230.9585,3260418.2727,0.31690135193739005
22,37,992507.0649,3285065.304,0.30212704255574213
22,38,996655.1038,3261651.7738,0.3055675997682742
22,39,1017737.6814,3275686.4193,0.3106944777752829
22,40,1018717.776,3268121.7738,0.31171353043417616
22,41,1030884.4802,3258931.9248,0.3163258711712013
22,42,979616.5601,3261904.5401,0.3003204257074819
22,43,1018078.3039,3265992.4163,0.3117209638390305
22,44,1017271.3229,3265381.8509,0.31153211763568206
22,45,989036.0569,3271164.8732,0.30234980358311336
22,46,1056060.8282,3259843.2282,0.32396061843229473
22,47,1023518.1236,3261488.1491,0.31381936000056826
22,48,1007352.2785,3256607.0429,0.30932570777804236
22,49,1009558.9516,3273908.8194,0.3083650178702958
22,50,1048787.6448,3273640.3447,0.3203735091113413
22,51,1012498.0952,3251937.0262,0.31135230696122634
22,52,965545.6618,3255024.4386,0.29663238479870996
22,53,1002447.1989,3293272.6055,0.30439241416754925
22,54,991943.9364,3252006.6255,0.3050251892544922
22,55,1034667.6072,3254071.0308,0.3179609779278946
22,56,1058110.2594,3283006.5933,0.3222991575951764
22,57,982481.7453,3266268.436,0.3007963872385166
22,58,977257.4562,3276567.0297,0.2982565127896916
22,59,990783.6124,3277515.9411,0.30229711470677795
22,60,1021717.396,3258962.4587,0.3135100231892708
22,61,1002928.9355,3266302.7692,0.3070532667569096
22,62,1069319.1777,3272313.3645,0.3267777436295099
22,63,990988.1103,3265476.8033,0.30347424587384453
22,64,1005305.6141,3268671.6131,0.3075578501281659
22,65,1023793.0106,3266246.1735,0.31344637122159646
22,66,1032541.0159,3269538.486,0.3158063501381889
22,67,1003355.7694,3267954.3769,0.3070286955327048
22,68,962919.4867,3265910.6747,0.2948395049991537
22,69,1028022.4776,3250925.4511,0.316224562224936
22,70,1024394.079,3268569.7509,0.31340744027810125
22,71,1009469.5157,3268198.6217,0.30887642782705477
22,72,1029327.8531,3267911.7384,0.3149803102099595
22,73,1061018.3539,3245690.481,0.3269006579990028
22,74,1025913.9462,3274581.3187,0.3132962190742861
22,75,987928.6768,3275467.6693,0.30161454074469013
22,76,993494.0038,3261264.4327,0.30463460547340115
22,77,1057635.7927,3251903.6358,0.3252358960015158
22,78,992192.36,3248398.398,0.30544047817868675
22,79,1064301.2105,3266187.9594,0.3258542446820827
22,80,1002455.4513,3257741.2734,0.3077148757899271
22,81,1006468.4387,3267451.2209,0.30802860414937555
22,82,1066464.5275,3277039.0134,0.32543540773825563
22,83,1003553.4301,3244739.9904,0.3092862395967467
22,84,1062899.8182,3270909.7929,0.3249554055288175
22,85,1024916.9151,3254926.2797,0.31488175983956984
22,86,1009076.0238,3275175.9343,0.30809826526637224
22,87,991983.4227,3247426.0972,0.3054675897183031
22,88,989202.0459,3273601.0912,0.3021754998063583
22,89,997961.5199,3249753.8682,0.3070883397248663
22,90,1031926.2657,3249506.866,0.3175639591647504
22,91,1029313.544,3259230.7315,0.31581487436646677
22,92,1008973.0248,3278215.2125,0.3077812039163063
22,93,1016417.8488,3241128.8265,0.3135999533525484
22,94,1026126.8258,3276216.2459,0.3132048524221012
22,95,1008995.2679,3278477.5064,0.3077633645282954
22,96,993036.4659,3254228.9541,0.3051526121568288
22,97,1028303.8787,3240419.5382,0.31733664933745154
22,98,1031301.3237,3256204.4306,0.31671885033028124
22,99,1042662.9898,3250751.1612,0.3207452487427877
22,100,950512.5478,3267085.9349,0.29093588804822595
22,101,1025168.134,3260704.8258,0.31440077798163757
22,102,985912.9283,3280265.3942,0.3005588907663513
22,103,1018843.0681,3242326.6725,0.314232084244127
22,104,988239.4007,3279458.7002,0.3013422308503936
22,105,977951.4282,3238511.5376,0.30197558873751656
22,106,1041720.5741,3277763.724,0.3178144191640337
22,107,1046365.4628,3272718.5247,0.3197236349239405
22,108,1034177.3716,3250986.4392,0.31811186879465714
22,109,1012381.9239,3262703.5241,0.31028927894368225
22,110,1041945.6443,3272238.1301,0.31841987131546506
22,111,1032649.878,3256054.1219,0.3171476392405356
22,112,1027083.8148,3273017.2894,0.3138033575704948
22,113,1012341.9223,3281774.083,0.3084739828814109
22,114,967416.5619,3255138.9148,0.29719670564641304
22,115,1026991.9352,3258834.2997,0.315140888045318
22,116,1042361.4434,3268400.7855,0.3189209377333262
22,117,996351.8922,3262718.6993,0.3053747454274137
22,118,1038600.0556,3276194.9168,0.31701412216781205
22,119,941220.1359,3273917.5254,0.2874904845946001
22,120,1086583.8782,3256936.1462,0.33362148639842437
22,121,1028783.9943,3262471.4458,0.31533885012983737
22,122,1009797.5416,3262506.1173,0.3095159074937438
22,123,1036373.8318,3258504.0235,0.3180520337939672
22,124,973743.0621,3266443.3846,0.2981049868155734
22,125,1001459.6933,3249554.482,0.3081836906712309
22,126,994798.608,3255585.0212,0.3055667726451573
22,127,1055707.684,3258080.8137,0.3240274702704806
22,128,1063302.8573,3254754.0327,0.32669223130754704
22,129,1069010.9568,3260335.8803,0.3278836893030895
22,130,932240.9935,3283212.3937,0.28394172588067496
22,131,999444.8085,3246862.3815,0.30781865415505294
22,132,1040281.7452,3265100.1401,0.3186063828254099
22,133,991922.5619,3271074.1727,0.3032406205210719
22,134,1006653.9601,3267174.5731,0.3081114698884469
22,135,1067250.9335,3257644.2107,0.3276143324659356
22,136,989194.1217,3275864.6669,0.3019642818871664
22,137,1019156.5294,3270250.073,0.31164483041049684
22,138,1048440.8265,3255126.1029,0.3220891582559402
22,139,915750.0305,3285479.5738,0.27872644158333315
22,140,1030024.2947,3261230.5417,0.31583915381924316
22,141,1014801.7443,3267582.8783,0.31056648969465867
22,142,1019939.5326,3253798.5086,0.3134611838760863
22,143,1014012.0325,3283039.6264,0.30886378109663865
22,144,1029200.5664,3259270.3279,0.31577637411350606
22,145,1050063.1192,3272837.6941,0.32084179459707596
22,146,988365.6532,3281661.3413,0.30117844299206936
22,147,990160.5774,3270284.2515,0.30277508046764967
22,148,985577.6399,3270707.9107,0.3013346550071681
22,149,963167.0305,3270853.4568,0.29446963712104146
22,150,1033521.6377,3227516.4936,0.3202219538612492
22,151,1026119.9612,3289220.2963,0.31196449880668337
22,152,1018105.2282,3266808.0659,0.3116513757962434
22,153,1033736.5969,3255005.9332,0.3175836290669161
22,154,1032058.5463,3255293.7525,0.3170400660485401
22,155,1010748.8842,3283981.6945,0.3077815220142056
22,156,1025475.4295,3263056.0441,0.3142684084002123
22,157,975062.7403,3248717.3858,0.3001377542293941
22,158,1002263.1689,3267491.0241,0.3067378491654967
22,159,1075105.2412,3251830.9756,0.33061535155640454
22,160,992098.5555,3288815.6426,0.3016583060021231
27,0,1896330.911,3897055.6337,0.4866060660262008
27,1,1863975.1941,3901537.624,0.4777539969456924
27,2,1890680.4912,3909795.9809,0.4835752301235888
27,3,1914545.5052,3890129.8944,0.49215464706103157
27,4,1884787.5647,3885805.5072,0.48504423631282667
27,5,1896316.8834,3904084.0654,0.4857264473903457
27,6,1881028.1106,3872896.0989,0.48569031096244986
27,7,1931588.178,3895617.5152,0.49583619810294255
27,8,1864112.7613,3893026.7423,0.47883379300874834
27,9,1930198.6984,3914064.376,0.4931443412723266
27,10,1930900.1089,3889914.3296,0.4963862813653674
27,11,1932893.7116,3899830.1708,0.49563535511688495
27,12,1836011.4013,3861414.654,0.47547636444537095
27,13,1932148.8419,3906660.7854,0.4945780931686826
27,14,1926248.3438,3901716.1357,0.4936925898260959
27,15,1889236.1025,3906597.2436,0.4836014527975847
27,16,1891030.123,3904467.0131,0.4843247789404662
27,17,1904434.4873,3881091.1157,0.4906956395834353
27,18,1831733.4766,3894029.9309,0.4703953254351705
27,19,1857820.0035,3913439.8182,0.4747281393877447
27,20,1889907.2413,3910906.6112,0.4832401867862838
27,21,1887582.6709,3918651.1835,0.48169193493105916
27,22,1906531.7275,3907910.0707,0.487864790388714
27,23,1915567.2091,3876574.5906,0.49413913348782396
27,24,1926681.5284,3891875.6179,0.49505218500266707
27,25,1910613.2692,3913135.1308,0.48825639936676424
27,26,1876016.6454,3880604.553,0.4834341195496711
27,27,1891499.0071,3856213.7124,0.4905067893456516
27,28,1878005.9267,3908715.1973,0.4804662995137786
27,29,1911075.108,3922312.9562,0.48723167410167095
27,30,1899835.6744,3902897.7402,0.4867756730676333
27,31,1945474.1677,3900487.0406,0.49877724177766625
27,32,1890301.0329,3871486.3386,0.48826235393189255
27,33,1892248.0192,3886691.7917,0.4868531184388947
27,34,1898559.9482,3901342.4137,0.4866427364932118
27,35,1925038.8707,3896618.5352,0.49402805363425045
27,36,1883158.1934,3893544.3567,0.4836616770936401
27,37,1870083.9133,3881123.4924,0.4818408682336418
27,38,1878493.7602,3901864.0738,0.48143495638753686
27,39,1914644.0271,3896988.6766,0.49131372605641405
27,40,1840195.1518,3910125.147,0.47062308305192463
27,41,1861527.0502,3904809.6752,0.47672670502299314
27,42,1886846.3909,3903702.6934,0.4833478722880449
27,43,1853395.7199,3899209.0795,0.47532606795675164
27,44,1946224.3709,3907274.5674,0.49810279194048734
27,45,1897082.6701,3888800.455,0.4878323514030755
27,46,1870006.9674,3905079.9917,0.4788652143809042
27,47,1906415.3131,3876571.4211,0.49177871526459416
27,48,1863806.0847,3909234.0714,0.47677014234978304
27,49,1895125.4846,3910525.1108,0.4846217402788401
27,50,1936011.8271,3896504.6411,0.4968585964659484
27,51,1911881.9363,3912754.5715,0.48862812664660893
27,52,1900569.0605,3868245.2124,0.49132590002504467
27,53,1957405.5488,3896692.4024,0.5023248813774523
27,54,1891915.8941,3889669.6175,0.4863950104111895
27,55,1955521.7808,3890756.9867,0.5026070215859467
27,56,1886701.7878,3908988.865,0.4826572428212839
27,57,1878223.3737,3893436.2882,0.4824076303476212
27,58,1897146.365,3896460.9743,0.48688961021631244
27,59,1832075.2092,3908628.6761,0.46872582714304567
27,60,1870759.58,3896043.6556,0.48016904977721525
27,61,1867990.2865,3904611.3444,0.4784062027528232
27,62,1895024.3925,3919321.96,0.483508222044611
27,63,1915336.6055,3897650.8635,0.49140794611348854
27,64,1868591.3117,3885474.1726,0.4809171876310827
27,65,1902839.8141,3911630.9431,0.4864568876203806
27,66,1888987.7658,3881540.8747,0.4866592486794301
27,67,1921431.4969,3904137.9709,0.4921525599816501
27,68,1916495.0977,3893369.7413,0.49224585000757737
27,69,1842242.7753,3894576.7581,0.4730277228375267
27,70,1942375.1789,3896169.4951,0.49853456872007734
27,71,1899520.763,3886094.5613,0.4887994188089342
27,72,1896012.7004,3891012.3161,0.4872800562863271
27,73,1949356.9788,3895753.803,0.5003799206456169
27,74,1878128.3547,3897804.2971,0.4818426507706771
27,75,1899664.7083,3899174.678,0.48719661599628394
27,76,1894831.0762,3905005.1495,0.4852313898850084
27,77,1885032.3145,3887871.1742,0.48484947932665995
27,78,1915679.0111,3906872.5327,0.49033568284248413
27,79,1872712.9968,3905954.6089,0.4794507833073349
27,80,1884629.5031,3908521.3044,0.4821847845573688
27,81,1926170.0885,3889722.8825,0.4951946826767292
27,82,1855428.2322,3891748.7504,0.47675951126323257
27,83,1894182.3589,3888760.131,0.4870915909161279
27,84,1880839.0083,3892605.6188,0.4831825241211615
27,85,1907416.4969,3896508.3464,0.48951941772748153
27,86,1925740.4609,3912448.6403,0.492208495995065
27,87,1860088.7743,3926923.9228,0.47367578564488916
27,88,1873958.7843,3883576.0402,0.4825343355974287
27,89,1863163.7549,3886974.7765,0.47933518019318694
27,90,1884513.7572,3889586.2027,0.4845023760861357
27,91,1851416.537,3898278.2583,0.47493185820126244
27,92,1922403.9161,3912741.6321,0.491318900366092
27,93,1841702.6871,3912370.362,0.4707383291183413
27,94,1924956.1359,3891061.5527,0.49471233231051737
27,95,1829320.8206,3888902.0579,0.47039518953270576
27,96,1931851.1609,3902837.6653,0.4949862962725876
27,97,1889897.3774,3885664.9715,0.4863768212807176
27,98,1956470.9069,3912511.6211,0.5000549765395814
27,99,1914425.9338,3892150.6271,0.4918684082960115
27,100,1930816.73,3891715.4117,0.4961351295614317
27,101,1905942.099,3887693.5583,0.4902500854088472
27,102,1872085.0027,3889625.5742,0.4813021117296211
27,103,1848369.7266,3901810.6502,0.4737210214199543
27,104,1849192.7115,3898247.8172,0.47436509894032913
27,105,1925809.4896,3905358.8802,0.49311972309734975
27,106,1871799.357,3908540.8047,0.47889978652625836
27,107,1913185.6962,3906586.0184,0.4897334110112782
27,108,1887611.898,3890622.1669,0.4851696764746565
27,109,1918001.0163,3897042.7435,0.4921683293053673
27,110,1847282.6212,3885184.257,0.4754684717646842
27,111,1839200.5688,3903511.1843,0.47116569723107277
27,112,1865112.1061,3899163.3728,0.4783364860038316
27,113,1923005.6881,3900515.5846,0.4930132046369468
27,114,1910448.8357,3885015.5032,0.49174805972496277
27,115,1862962.7872,3901830.2165,0.4774587011300316
27,116,1887464.5042,3910438.7156,0.4826733370530258
27,117,1907767.7107,3901973.358,0.4889238176853795
27,118,1943832.5514,3903686.5828,0.4979479039031217
27,119,1888273.3865,3901833.9814,0.4839450872336903
27,120,1943939.8927,3887054.2754,0.5001061870945853
27,121,1928921.1804,3889931.4943,0.4958753600742043
27,122,1942736.1058,3880980.0863,0.5005787359378443
27,123,1882282.7465,3906968.8616,0.48177572260690066
27,124,1876173.8489,3908249.9862,0.48005471899821023
27,125,1931279.5983,3896038.0198,0.4957034783759992
27,126,1933529.7052,3909238.9495,0.4946051469806681
27,127,1894892.1447,3893161.8208,0.48672319105159145
27,128,1880946.9817,3900269.8908,0.4822607240941963
27,129,1914688.5426,3889947.2622,0.49221452465582477
27,130,1892129.5828,3873667.1961,0.48845951059115045
27,131,1837647.2096,3915360.4208,0.4693430520055483
27,132,1879363.5457,3914148.4944,0.4801462050785295
27,133,1877119.7556,3912550.182,0.4797688638565812
27,134,1875050.9514,3884684.9683,0.48267773750017934
27,135,1934569.3024,3892034.5813,0.49705861085998465
27,136,1864286.482,3884526.9009,0.47992626375378333
27,137,1900153.9288,3907766.5445,0.48625062607037733
27,138,1913884.2398,3910787.586,0.4893858839716589
27,139,1949849.4275,3880143.6564,0.5025199065204384
27,140,1890692.4116,3895235.7563,0.4853858738953269
27,141,1921389.2889,3888191.3982,0.494160161402931
27,142,1953939.1683,3885495.9615,0.5028802468618908
27,143,1840988.9544,3897513.2269,0.47234963609457303
27,144,1891237.3189,3896120.2577,0.4854155400265945
27,145,1889281.7408,3892684.7402,0.485341574489521
27,146,1919343.0444,3903469.2036,0.4917018539892343
27,147,1872216.6885,3908650.001,0.4789931787243695
27,148,1913848.1033,3898989.2933,0.4908574913475
27,149,1955505.7411,3891401.8722,0.5025196074119317
27,150,1889844.7241,3906841.6947,0.4837269773852759
27,151,1874510.8925,3896007.57,0.48113635787930464
27,152,1869386.9046,3903029.0214,0.47895798221081604
27,153,1858076.982,3896897.023,0.4768093616622109
27,154,1895936.2245,3907107.0657,0.48525320463935706
27,155,1884319.4233,3899236.1277,0.4832534787811076
27,156,1911990.3787,3889606.1756,0.49156400221034247
27,157,1919633.0873,3896990.0749,0.4925937840242663
27,158,1899224.5146,3905359.3641,0.4863123563118451
27,159,1924114.2968,3883627.9631,0.4954424870460888
27,160,1919604.773,3890931.0622,0.49335358101015087
29,0,1909694.4256,4391305.4246,0.43488080216464386
29,1,1885219.2379,4376153.092,0.4307937127122791
29,2,1982209.4869,4391608.4904,0.45136297810542186
29,3,1949722.8391,4368872.8133,0.44627594402943704
29,4,1823101.6944,4399173.8923,0.41441910209346966
29,5,1923198.6994,4387702.3173,0.43831567420085427
29,6,1885873.2507,4430193.2965,0.4256864485325962
29,7,2013608.1941,4369934.201,0.4607868451747427
29,8,1861963.3378,4374524.0853,0.425637921175672
29,9,1922232.1687,4394762.8689,0.4373915558226992
29,10,1865994.2627,4349588.6377,0.4290047676064169
29,11,1805473.6655,4411357.6171,0.4092784630521312
29,12,1884755.1681,4401075.154,0.4282488033377491
29,13,1997712.1025,4407736.523,0.45322856574474063
29,14,1906425.6714,4421683.5422,0.4311538022125079
29,15,1915202.5648,4379828.4965,0.4372779816219911
29,16,1896494.2123,4377180.7044,0.43326843015496685
29,17,1942161.118,4405825.1371,0.44081665921003127
29,18,1871568.0095,4366392.6985,0.4286302535598654
29,19,1923068.8773,4383691.628,0.43868707940512097
29,20,1920875.4103,4453278.7736,0.4313395832498439
29,21,1872843.3732,4363945.5812,0.4291628615325227
29,22,2003166.0767,4400337.9409,0.4552300536013588
29,23,1954019.0831,4364207.4386,0.4477374438752234
29,24,1870991.308,4389452.564,0.4262470731190706
29,25,1928237.4699,4376933.5697,0.44054529025720707
29,26,1832637.922,4405741.1702,0.4159658616343109
29,27,2010197.0489,4383492.9135,0.458583391958756
29,28,1865227.1241,4394538.8814,0.42444205738959834
29,29,1921024.598,4390143.4699,0.4375767241255461
29,30,1880514.7512,4368468.8542,0.4304745699152706
29,31,1877471.1291,4399827.8694,0.42671467721668593
29,32,1962109.2389,4392978.4041,0.4466466844154637
29,33,1927549.9768,4386611.8614,0.43941657883194085
29,34,1814118.1814,4410490.5511,0.41131891348175526
29,35,1928317.2203,4372978.7161,0.4409619496204069
29,36,1911939.6535,4383625.3166,0.4361548981524102
29,37,1925637.224,4389837.0084,0.4386580231373676
29,38,1902664.4027,4392709.6632,0.4331413975841844
29,39,1888843.2018,4405143.4726,0.42878131292399624
29,40,1947982.9818,4424101.369,0.44031156145057126
29,41,1870950.1778,4370393.0167,0.4280965511913431
29,42,2013644.5531,4407217.4936,0.45689702312720915
29,43,1965466.2446,4377420.3518,0.4490010295199999
29,44,1844178.5612,4429289.9452,0.4163598644515307
29,45,1990461.6298,4380067.1319,0.4544363293666166
29,46,1846185.958,4409854.7335,0.4186500620927993
29,47,1997480.2151,4374661.2094,0.4566022646069
29,48,1894148.2826,4360050.412,0.4344326564176433
29,49,1934471.543,4380993.6286,0.44155999916808464
29,50,1861300.4615,4355297.8532,0.4273646772820447
29,51,1831572.7493,4410745.9355,0.4152523804553195
29,52,1918830.0185,4417886.2677,0.43433214488316013
29,53,1957983.6349,4392591.8611,0.4457467702017912
29,54,1907432.9412,4410991.3592,0.43242726767570494
29,55,1882603.3219,4382218.719,0.4296004929506578
29,56,1939526.7885,4383440.2183,0.4424668050456939
29,57,1952066.8984,4392397.8865,0.4444194148257065
29,58,1827543.0042,4405695.5571,0.41481372929975213
29,59,1859655.5076,4412348.4012,0.4214661532834172
29,60,1960953.1216,4421835.6586,0.44347037588024213
29,61,1864812.558,4364915.7734,0.4272276155623104
29,62,2023303.3444,4405974.5823,0.45921811544899976
29,63,1980248.9026,4367091.6843,0.4534479799723769
29,64,1800612.018,4385025.7917,0.410627463448039
29,65,1948876.3062,4383473.9711,0.4445962994302768
29,66,1839816.9491,4431378.2999,0.41517939218629063
29,67,2008142.2249,4360989.2666,0.46047859834922894
29,68,1870362.5439,4380034.1877,0.42702007878211246
29,69,1938881.991,4389185.9184,0.44174068427404073
29,70,1913600.808,4338875.3385,0.4410361346453328
29,71,1833165.0431,4388232.4963,0.41774565149992826
29,72,1896191.5414,4418902.4278,0.42910916735132354
29,73,1958681.5081,4411034.0302,0.44404135055180965
29,74,1880246.3798,4409567.4025,0.4264015510306059
29,75,1906111.8286,4380035.3099,0.4351818407243658
29,76,1901341.394,4346019.7599,0.437490278241107
29,77,1952906.7134,4390255.1569,0.44482761106280794
29,78,1865273.3562,4392775.0828,0.4246230050574444
29,79,1792765.8942,4395774.853,0.407838425340753
29,80,1958353.2848,4419192.0862,0.44314735512752057
29,81,1939329.2305,4407220.4902,0.4400345375985473
29,82,1825852.7377,4328763.2846,0.4217954685107523
29,83,1821699.9058,4409212.7667,0.41315763202859
29,84,1987354.5445,4365755.2307,0.4552143763179664
29,85,1848008.6172,4431256.9523,0.41703937214491915
29,86,2004743.4401,4395814.5041,0.45605733322690595
29,87,1812839.3601,4398379.2953,0.41216076158715
29,88,1892802.1315,4365755.1784,0.4335566366306621
29,89,1848390.6449,4424784.6575,0.4177357290748561
29,90,1987112.4645,4401699.0721,0.4514421435793364
29,91,1993257.5767,4372428.8089,0.4558696467836732
29,92,1940582.3132,4403132.4651,0.44072767026234067
29,93,1839362.1983,4402846.8688,0.41776656175219645
29,94,1924452.2996,4361179.2995,0.4412687870504738
29,95,1949410.774,4390063.6185,0.44405068887499993
29,96,1805380.3755,4375195.9064,0.4126398941037371
29,97,1874310.4597,4389497.5873,0.4269988586217442
29,98,1966381.6109,4398881.1754,0.4470185787005698
29,99,1914286.8791,4385349.874,0.4365186208857551
29,100,1883528.3876,4355531.9848,0.4324450822937738
29,101,1946369.3891,4412219.0385,0.44113163288504764
29,102,1850548.2686,4358447.9093,0.4245888231568224
29,103,1843866.9359,4415474.3966,0.41759203435078524
29,104,2041708.3267,4361487.1166,0.46812205839819493
29,105,1842883.9955,4411886.5171,0.41770883914560786
29,106,1919058.9496,4372605.3907,0.4388822631197421
29,107,1835765.1573,4418595.4867,0.415463502559957
29,108,1964069.7912,4401320.9684,0.44624552612757823
29,109,1839792.1238,4410421.4546,0.4171465567947312
29,110,1993536.9317,4416461.3219,0.45138783890500894
29,111,2000659.6766,4376764.8424,0.4571092459020343
29,112,1968659.6796,4390088.0418,0.44843284709908027
29,113,1844981.371,4391841.2903,0.4200929061518915
29,114,1941294.2351,4380041.0701,0.4432137059974368
29,115,1922331.9972,4380678.8088,0.43882057578345596
29,116,1874566.6774,4404110.4283,0.42564025310409587
29,117,1882601.1038,4401899.0943,0.4276792955653554
29,118,1988066.803,4400249.1548,0.4518077802097462
29,119,1924965.2672,4389638.3611,0.438524796087672
29,120,1897423.6511,4363318.5775,0.43485792233560555
29,121,1939082.4108,4403410.2804,0.440359241434086
29,122,1879756.7451,4364899.7418,0.4306529029976814
29,123,1864459.8273,4420762.7509,0.4217507096304646
29,124,1978106.1956,4375963.3269,0.4520390249708333
29,125,1892542.8028,4411486.2647,0.42900344447263083
29,126,1947659.0321,4367012.9652,0.4459934164658019
29,127,1837185.4793,4428606.2965,0.4148450677929889
29,128,2034859.9231,4376412.4535,0.4649607286152011
29,129,1897245.7203,4399496.5726,0.43124154979822427
29,130,1948335.8705,4420932.6942,0.44070697413152216
29,131,1968436.0159,4392546.123,0.4481309838940535
29,132,1934895.491,4391060.2245,0.44064426176717314
29,133,1889169.9978,4392252.0609,0.43011420374014175
29,134,1934807.0799,4353697.2332,0.4444055193240671
29,135,1875965.1572,4383096.338,0.42799998278294743
29,136,1911978.4833,4391182.2175,0.4354131503995142
29,137,1858537.4013,4397482.7976,0.42263665074808887
29,138,1921229.6752,4398072.316,0.43683448955822035
29,139,1890313.3017,4398301.1898,0.4297825956266439
29,140,1895472.04,4336058.7201,0.4371416907279074
29,141,1940185.3426,4414252.1711,0.43952752751697005
29,142,1854772.7256,4351275.7143,0.42625952648886134
29,143,1854860.6483,4409181.6897,0.42068138236013686
29,144,1873456.5718,4361123.9614,0.4295811328414032
29,145,1858071.9593,4449486.0268,0.41759249228079853
29,146,1985837.7113,4391379.5436,0.4522127253141126
29,147,1863862.1492,4373246.1929,0.42619648357002976
29,148,1976293.8306,4398281.842,0.4493331490783532
29,149,1926312.575,4433093.3115,0.4345301214397864
29,150,1939210.225,4399421.4326,0.4407875568888049
29,151,1920428.8845,4363547.7135,0.4401072270983889
29,152,1898916.5589,4401576.117,0.43141740786122135
29,153,1877666.6106,4418389.7835,0.4249662665824422
29,154,1962828.5983,4370571.9796,0.4491010804676509
29,155,1837674.0069,4403196.5309,0.4173499851764248
29,156,1894620.8306,4373592.437,0.4331955612900197
29,157,1936702.3096,4390987.3237,0.4410630609536961
29,158,1941325.5184,4390447.2573,0.4421703313192424
29,159,1924408.218,4408968.6968,0.436475817892906
29,160,1885209.2917,4351416.4763,0.4332403717198289
30,0,279687.5758,715850.1783,0.3907068605671115
30,1,272477.5627,716058.8113,0.3805239994258555
30,2,273658.1947,716115.9836,0.3821422799757768
30,3,260664.5273,715205.2888,0.3644611293875544
30,4,276215.0076,719851.5972,0.38371104360175196
30,5,285364.9736,722333.6781,0.3950597656620602
30,6,288520.8481,716589.5122,0.4026305760660838
30,7,284836.4807,713873.1101,0.39900155457613445
30,8,283726.3544,713073.4909,0.3978921640207057
30,9,280161.3703,719809.6009,0.38921593981200814
30,10,280148.2446,724088.5318,0.3868977787889887
30,11,278768.902,719723.6006,0.38732772104124885
30,12,269270.871,711495.4235,0.3784576289688531
30,13,279847.0998,712590.4196,0.3927180216050157
30,14,266328.0885,711942.9598,0.3740862731121286
30,15,267837.1843,716814.1897,0.3736493894074486
30,16,278654.0275,719891.8412,0.38707762965545883
30,17,283411.8614,722194.1464,0.3924316789505343
30,18,278063.7123,725139.8178,0.38346220339081205
30,19,276150.888,711996.8468,0.3878540884571794
30,20,291416.1252,712903.1407,0.4087737990799961
30,21,272022.5484,715998.006,0.3799208183828378
30,22,276073.9396,711128.4762,0.3882194973758245
30,23,274627.3293,712562.271,0.38540818182050507
30,24,283410.55,720262.4555,0.3934823311083997
30,25,281634.1858,714184.2548,0.3943438740173133
30,26,293889.5311,718902.45,0.40880307349070794
30,27,277932.9422,710523.8729,0.39116622649935456
30,28,276979.9436,717829.8597,0.3858573725475243
30,29,275332.2363,712673.6757,0.38633703711528855
30,30,288061.4364,715733.8976,0.4024700204446486
30,31,281248.9549,716319.3845,0.3926306630614434
30,32,279690.7359,704931.1697,0.39676318472203315
30,33,260258.306,714271.5633,0.3643688470496891
30,34,270971.9273,715371.7398,0.3787847803098246
30,35,272200.8757,720759.6542,0.37765831385515974
30,36,279514.6924,721484.9551,0.38741582956675574
30,37,280991.1555,710526.6466,0.3954688495422291
30,38,284448.5976,717762.3527,0.3962991323381511
30,39,269159.7213,712202.8177,0.37792566191921145
30,40,289047.9866,704997.1264,0.40999881528027743
30,41,273155.652,713916.3272,0.38261577945881164
30,42,298688.2822,714277.2694,0.4181685390197299
30,43,310276.2449,710965.1113,0.43641557084659155
30,44,285328.5647,713332.9458,0.3999935323048975
30,45,284105.2916,713639.1173,0.39810778965549287
30,46,290358.8962,712553.5914,0.40749060801098924
30,47,292716.6633,717363.7304,0.4080449720210722
30,48,293443.179,714507.8812,0.4106927113346444
30,49,281582.944,710393.0263,0.39637627844770973
30,50,283596.1857,716920.8026,0.3955753336651749
30,51,278954.1298,706042.1789,0.39509555963725157
30,52,286101.9303,720185.0436,0.39726169384170756
30,53,277316.8969,713393.6845,0.3887291167910528
30,54,273321.1212,714014.1136,0.38279512406545796
30,55,279821.5475,716216.8134,0.3906939103700187
30,56,277969.532,712714.7275,0.39001513687676675
30,57,278628.3117,711785.167,0.3914500113487192
30,58,297312.9748,712208.1444,0.4174523657693797
30,59,274957.8465,708672.7177,0.38798988536256446
30,60,269268.0209,713293.4441,0.3774996435579885
30,61,278433.4181,719790.6163,0.3868255737081634
30,62,277012.6223,723522.0804,0.38286685341635085
30,63,269797.0196,724063.7052,0.3726150305040866
30,64,284659.3161,716131.3839,0.397495937895873
30,65,287710.2232,714274.6526,0.4028005503943316
30,66,277622.0974,712137.7874,0.3898432330260025
30,67,280893.4732,721060.9132,0.3895558170715722
30,68,278091.1387,710023.6976,0.39166458759051986
30,69,264343.2019,719450.0089,0.3674240025435074
30,70,275203.5958,709634.9845,0.3878100739268161
30,71,265766.451,722715.9268,0.36773293785947875
30,72,295782.7188,722719.2909,0.40926362769653307
30,73,269071.4525,722322.7758,0.37250860905222477
30,74,289107.1205,724442.0627,0.39907555812330386
30,75,284409.6803,720153.713,0.3949291313311607
30,76,267707.2934,716369.2926,0.3737001238961258
30,77,291509.1941,716179.187,0.4070338811730925
30,78,280059.3778,712762.9595,0.3929207797168085
30,79,263681.8849,716451.2734,0.36803882509506614
30,80,282860.3277,726430.5881,0.38938383423504963
30,81,286251.3579,715104.0622,0.40029329020919663
30,82,284636.2056,712092.3587,0.39971810134240665
30,83,262687.4741,717125.2366,0.36630627496173657
30,84,295420.5606,710450.7223,0.4158213248676994
30,85,271687.3676,708117.2424,0.3836756843812733
30,86,273199.487,714086.9299,0.3825857547039246
30,87,269731.9806,713695.6991,0.37793695680125755
30,88,270435.1173,719450.739,0.37589108279448163
30,89,284478.3717,717788.8022,0.39632600958399294
30,90,278446.5034,714245.1637,0.3898472367073026
30,91,285004.607,718183.1345,0.3968411304985887
30,92,271293.7842,715576.0171,0.379126434811869
30,93,285761.523,714573.7196,0.3999048875740378
30,94,297049.3597,718760.468,0.41328004658709194
30,95,285227.0997,712024.8069,0.40058590225503
30,96,276430.9091,715222.305,0.3864964881093858
30,97,275428.8333,707108.174,0.3895144242810012
30,98,265784.9505,711556.4417,0.37352616731991845
30,99,282007.3819,716990.3658,0.39332101985128237
30,100,281039.1967,718340.6303,0.39123388660701236
30,101,280341.4606,713024.2308,0.39317241755650023
30,102,273220.7787,718398.4437,0.38031927977574487
30,103,300118.1607,717689.8242,0.4181725176813507
30,104,285909.2262,715523.5542,0.3995804533921519
30,105,275429.881,719745.5241,0.3826767541825412
30,106,270877.7944,711795.5838,0.3805555984962547
30,107,276205.9087,725917.8978,0.38049193929104413
30,108,298623.9342,718263.7111,0.4157580698914416
30,109,290213.9986,716117.2491,0.4052604499678431
30,110,277381.7222,713202.0306,0.3889244706253084
30,111,284832.1675,709848.9177,0.40125745126567514
30,112,260935.7778,720928.3242,0.361944133752208
30,113,282530.5453,721810.5774,0.39141923677218754
30,114,267943.402,715010.3369,0.3747405990823795
30,115,287687.0255,711048.8426,0.40459530803545396
30,116,283376.4462,709150.8615,0.3995996643092282
30,117,273173.0406,723023.6457,0.377820341318887
30,118,278377.907,708541.1845,0.39288881590763763
30,119,284060.4413,719503.0794,0.3948008694234923
30,120,277509.0713,729122.3684,0.38060699181259683
30,121,288391.1035,714853.5516,0.4034268317678734
30,122,270803.3324,717890.3759,0.3772210096290831
30,123,282141.8215,713031.0341,0.39569360659893893
30,124,271827.402,724418.5909,0.3752352651003728
30,125,267480.5054,715569.7206,0.3738007600094084
30,126,252441.1634,716032.8795,0.3525552675406158
30,127,273424.0982,719497.7427,0.3800207866864792
30,128,272069.267,715696.7651,0.38014600633549794
30,129,281661.9416,726348.934,0.38777773108151903
30,130,268870.6338,713742.7407,0.3767052447164735
30,131,284022.4124,717072.212,0.3960862067264154
30,132,281307.1676,716977.3538,0.3923515381749007
30,133,284401.6513,722071.8624,0.39386890157264215
30,134,279031.0689,714067.6953,0.39076276764315904
30,135,286468.4803,721580.3861,0.3970014787240903
30,136,297892.8567,714105.0458,0.4171555129767716
30,137,273963.6673,721491.5562,0.37971846648203367
30,138,260528.0687,721357.2275,0.3611637324310305
30,139,275333.5765,727116.7945,0.3786648562963429
30,140,294743.8298,714344.6534,0.4126073155263851
30,141,284065.6437,711855.4032,0.3990496418556931
30,142,284759.5821,714505.0731,0.3985410220595395
30,143,275112.7942,711516.1153,0.38665715123543315
30,144,275264.6427,713007.7122,0.3860612416809143
30,145,273999.9395,712488.4129,0.3845675726637491
30,146,291357.0619,721796.0764,0.4036556465548557
30,147,284114.6951,715261.0359,0.39721819145719806
30,148,283276.8056,724136.1121,0.3911927617841005
30,149,291003.5939,714924.9372,0.4070407657616674
30,150,276895.7052,716831.3256,0.38627735048860146
30,151,279814.4466,707388.8479,0.39555959558971726
30,152,267816.688,710475.527,0.3769541353955743
30,153,293162.375,705528.8091,0.4155214800852276
30,154,295959.0652,715538.0938,0.4136174827929196
30,155,280546.4535,717869.3722,0.39080432229645135
30,156,283236.685,716011.9768,0.39557534535363653
30,157,272907.2462,712821.6823,0.3828548611476489
30,158,280871.3871,719542.0187,0.39034744295746854
30,159,289564.7716,708620.7045,0.4086315426026336
30,160,270457.4935,710748.8179,0.3805247179996752
31,0,590355.5951,1299473.6612,0.4543036251730071
31,1,590131.3655,1292778.1762,0.45648308144761207
31,2,583564.9533,1293207.594,0.45125388685275536
31,3,583852.1262,1308961.8578,0.4460421231687321
31,4,582543.0456,1299955.6828,0.44812531173774256
31,5,567017.8187,1294166.8892,0.4381334613270061
31,6,588641.154,1304001.7247,0.45141133086723745
31,7,583052.7283,1306545.6554,0.44625515066405996
31,8,576899.9866,1296532.8941,0.4449559199193788
31,9,577137.3132,1289884.5727,0.4474333017193392
31,10,614039.8446,1309487.7611,0.4689160623266859
31,11,598949.9451,1311231.8289,0.45678417187482595
31,12,596812.214,1315566.6427,0.45365410966572844
31,13,598631.7098,1306180.7381,0.45830694967281727
31,14,565363.5818,1296793.4624,0.4359704133252423
31,15,604851.2424,1296420.69,0.4665547588568646
31,16,592087.6096,1293935.9367,0.45758649466838014
31,17,592148.6545,1299460.9959,0.45568790165177747
31,18,588354.0663,1287242.5316,0.45706543394638716
31,19,593708.6538,1290534.3457,0.4600487044596755
31,20,573497.717,1283470.5091,0.4468335757883134
31,21,589150.7623,1304631.9729,0.45158387540541933
31,22,590480.9755,1302652.699,0.45329117726719576
31,23,585686.4141,1290183.1712,0.45395601738879665
31,24,578173.5256,1297796.4415,0.44550401519959787
31,25,594509.3704,1302422.6777,0.45646423436811445
31,26,572781.6929,1296185.6872,0.44189786892132255
31,27,592415.4223,1299778.5865,0.45578179887948167
31,28,607013.4439,1312146.0665,0.4626111828533992
31,29,610790.6045,1298830.2238,0.47026208145434445
31,30,586956.8516,1291223.5171,0.4545741646018538
31,31,578877.2296,1299072.116,0.44560823257636606
31,32,601672.8068,1293916.8467,0.46500113846921753
31,33,567752.9227,1296960.6933,0.43775646064909157
31,34,601567.8634,1305446.5482,0.4608138603832267
31,35,575285.1353,1290357.7773,0.4458338186667509
31,36,582851.3455,1300052.2734,0.4483291613926268
31,37,570740.0211,1294209.306,0.4409951454173827
31,38,594744.9312,1306469.0223,0.4552307946444602
31,39,612907.9879,1317121.6912,0.46533892198039295
31,40,606071.0885,1312440.9444,0.46178922646845155
31,41,588969.8437,1291075.3823,0.45618548054938
31,42,576488.6688,1298967.3382,0.44380536126400966
31,43,593640.7936,1306574.2631,0.4543490640872704
31,44,601412.0154,1309487.2508,0.45927290627120015
31,45,593664.9469,1288245.4315,0.46083217714869107
31,46,626852.6393,1302951.9769,0.4811018751369608
31,47,595143.9563,1296458.0489,0.4590537710070597
31,48,567950.0626,1290183.6631,0.44020869186589534
31,49,593386.3424,1291876.4888,0.45932126448959953
31,50,571826.8416,1310613.3261,0.4363047667931079
31,51,616190.4729,1306144.8907,0.4717627250141951
31,52,598705.686,1311918.7407,0.45635881813880397
31,53,628925.2108,1303673.7861,0.48242529496697073
31,54,577704.5118,1297988.3148,0.4450768201938824
31,55,604138.0072,1298585.3211,0.46522781166835414
31,56,593806.0535,1298148.9864,0.45742519519791847
31,57,622644.3795,1298167.5034,0.47963331224148403
31,58,589398.494,1289506.705,0.4570728416646736
31,59,580103.9961,1292760.7626,0.4487326757452748
31,60,573840.7145,1293849.1817,0.443514377576856
31,61,582640.7765,1305879.6163,0.4461672953827237
31,62,563589.5923,1295777.3187,0.4349432453914429
31,63,604309.8071,1292665.7571,0.4674911544463933
31,64,588787.5822,1299180.5917,0.4531991825936696
31,65,586414.788,1297568.4643,0.4519336005259295
31,66,580665.3676,1293809.7719,0.4488027376290989
31,67,580609.4307,1298394.3985,0.447174934958717
31,68,595440.3321,1309493.5444,0.454710399028982
31,69,607611.5509,1302882.2037,0.4663595443812723
31,70,583635.0083,1292384.459,0.4515955018149905
31,71,590980.3611,1290891.0413,0.4578080892906728
31,72,588609.2258,1297772.8207,0.4535533618915772
31,73,583760.7506,1293412.5344,0.4513337663538264
31,74,611814.2916,1297878.4,0.4713956959296033
31,75,566576.278,1284389.2661,0.4411250490440392
31,76,602157.1799,1303867.2928,0.46182397796549746
31,77,582278.4664,1302919.5966,0.44690283876262943
31,78,590735.8028,1298205.8785,0.4550401539411917
31,79,591279.7423,1309289.2817,0.4516035917839898
31,80,604895.9167,1308440.9765,0.4623027920740145
31,81,591067.7005,1306954.015,0.4522482763098593
31,82,583607.8322,1299083.1843,0.4492459291700186
31,83,567891.6602,1286130.2974,0.4415506433119814
31,84,566763.8493,1302007.8363,0.4352998756986053
31,85,577910.7135,1302193.922,0.44379773529614125
31,86,581707.6069,1286765.5488,0.45206961551191943
31,87,588336.1946,1287247.6768,0.457049723377679
31,88,609820.1085,1310292.23,0.46540771175907836
31,89,595814.0887,1306436.2026,0.4560606078691347
31,90,576947.769,1295198.9248,0.44545108705142744
31,91,582057.3394,1288819.1831,0.451620636185734
31,92,592922.0614,1297779.4103,0.4568743013598418
31,93,568397.3482,1298478.2104,0.4377411524101768
31,94,614902.746,1301880.3269,0.4723189476748518
31,95,575485.2743,1290820.1464,0.44582916985374377
31,96,581946.5253,1297422.3366,0.4485405475791621
31,97,580127.6191,1288001.3117,0.4504091834613929
31,98,595999.8518,1304261.4106,0.45696349440088235
31,99,603496.5489,1309811.9893,0.4607505152113666
31,100,585499.3159,1314493.0802,0.44541833252626656
31,101,581665.7312,1290452.3731,0.45074560156194576
31,102,576337.3054,1293678.7142,0.4455026577108074
31,103,591298.4573,1307388.1955,0.45227458786551356
31,104,594736.3102,1307308.8243,0.45493176451130607
31,105,587681.4288,1292586.0104,0.4546555695880832
31,106,594029.5455,1302658.3265,0.4560133178559927
31,107,579064.9026,1298250.4574,0.44603481500764536
31,108,585924.4075,1294680.2058,0.4525630382507853
31,109,573241.7257,1295671.2591,0.44242837191448203
31,110,573831.5177,1308092.4633,0.43867810097488236
31,111,629387.8717,1305085.3637,0.48225801101289295
31,112,594102.7116,1312381.6208,0.45269051485028233
31,113,597976.5383,1304985.7205,0.4582245835386518
31,114,587940.0502,1292309.5132,0.45495296923424366
31,115,593776.4685,1297270.103,0.45771228915771905
31,116,595002.7235,1300678.2815,0.45745572288161557
31,117,616321.3301,1306645.1198,0.47168226533791857
31,118,591554.8497,1291216.1191,0.458137751650997
31,119,566706.1499,1297416.0908,0.4367959931424646
31,120,566534.6693,1286951.5836,0.4402144389264653
31,121,593287.1875,1305327.8459,0.45451201348649634
31,122,594543.5127,1295542.0771,0.45891486136124043
31,123,614451.0494,1288949.6856,0.47670677627263314
31,124,588255.0274,1292192.039,0.4552380835399962
31,125,585412.0119,1303558.1309,0.44908776833436725
31,126,577393.9805,1288028.6131,0.4482772933982735
31,127,600023.1553,1296465.9037,0.4628144508757126
31,128,599874.279,1315887.1917,0.45587059649468886
31,129,604753.6771,1302938.824,0.46414587236215477
31,130,616048.8613,1295572.12,0.475503333075738
31,131,568238.722,1294320.4567,0.4390247554680405
31,132,602212.1414,1300890.1508,0.46292313077292613
31,133,588109.6247,1294108.003,0.45445173303669
31,134,597275.167,1303905.9689,0.45806613455713585
31,135,575209.6709,1289270.3069,0.44615133678450186
31,136,595285.083,1302124.5713,0.45716446499867996
31,137,582494.6662,1292886.096,0.4505382709290115
31,138,590966.8848,1304275.8548,0.453099612804394
31,139,621236.9536,1314611.0125,0.4725633268647215
31,140,624250.0827,1297194.291,0.48123098215207916
31,141,582052.5572,1294674.417,0.4495744640947825
31,142,590873.9648,1300050.0384,0.45450094023088644
31,143,583982.8636,1304031.602,0.44782876634610885
31,144,574082.9245,1303399.0735,0.44045061575686323
31,145,591284.2102,1297582.2364,0.45568149255838564
31,146,609061.5805,1307402.1777,0.46585633012442246
31,147,590241.0477,1298859.5424,0.45443023547362743
31,148,574262.6711,1296515.3186,0.4429277948833639
31,149,588721.5085,1297766.6393,0.4536420421606379
31,150,587575.1764,1304613.9271,0.4503824190395614
31,151,588456.7989,1307642.6912,0.4500134500503221
31,152,597392.5097,1309472.4379,0.45620854048523385
31,153,614997.5606,1303849.4457,0.4716783541445041
31,154,574264.301,1300853.6102,0.44145190242560006
31,155,610655.6699,1301971.8519,0.4690237112337375
31,156,594739.9904,1298666.1867,0.4579621741837101
31,157,586663.9586,1295140.612,0.4529731777108384
31,158,590998.785,1291517.0576,0.4576004486524097
31,159,582993.5225,1297172.6018,0.44943403961124273
31,160,593687.3325,1290555.8787,0.4600245074998472
32,0,597771.6091,1887401.9417,0.3167166441301749
32,1,600144.6754,1886982.1925,0.3180446947434561
32,2,633879.6634,1896150.0173,0.33429826628517784
32,3,616121.9145,1875466.8301,0.3285165616430275
32,4,597192.1465,1891725.6165,0.3156864511910044
32,5,621869.0238,1876122.2249,0.3314650908914778
32,6,572817.4292,1885143.914,0.3038587266181525
32,7,589481.2166,1891787.9249,0.3116000524377805
32,8,559506.6484,1879748.5729,0.2976497263869794
32,9,579016.0032,1896365.2844,0.3053293624193282
32,10,594183.7306,1897298.2475,0.31317360429913116
32,11,633090.1875,1881694.8469,0.33644678814048146
32,12,625200.9616,1893135.3986,0.3302463004296179
32,13,595745.9538,1884410.3982,0.31614448443346527
32,14,602611.4852,1886139.0566,0.31949472818100805
32,15,584087.8768,1880756.1105,0.31056013777603514
32,16,587077.5261,1884137.0361,0.3115896109739446
32,17,599393.4475,1906295.2502,0.3144284430426579
32,18,570180.673,1891307.9727,0.3014742607921329
32,19,551966.5043,1877460.4561,0.2939963409118005
32,20,585527.5752,1875805.3116,0.3121473063217655
32,21,605255.7058,1889552.3188,0.3203169871392502
32,22,634032.1992,1890635.6878,0.3353539781838027
32,23,633728.7671,1897158.0834,0.3340410968622395
32,24,588140.8375,1885823.6142,0.3118747867358209
32,25,584523.4868,1868834.8017,0.31277429458627576
32,26,582496.7005,1882804.1783,0.30937720832229154
32,27,609758.4863,1885283.4539,0.3234306677007218
32,28,603250.6087,1881648.4616,0.3205968707816151
32,29,593797.365,1892916.47,0.3136944362896267
32,30,613658.4162,1879119.4951,0.326567000023244
32,31,603977.3475,1885072.9352,0.320399988892695
32,32,587671.6763,1896961.2779,0.3097963480575483
32,33,586263.179,1881110.1027,0.31165808857148936
32,34,589402.4133,1890815.3898,0.3117186460822829
32,35,606400.2004,1897579.0796,0.31956518013880403
32,36,584603.4924,1890944.6541,0.30915949397696335
32,37,618735.4248,1887382.5932,0.32782723917727397
32,38,594537.6389,1896193.7218,0.3135426681698024
32,39,613751.4751,1872013.9389,0.3278562527481189
32,40,583366.494,1893163.5014,0.3081437464691236
32,41,590311.1482,1889215.2817,0.3124636741604227
32,42,592394.1826,1889698.437,0.31348609439528263
32,43,626441.0834,1880474.6865,0.33312922949574625
32,44,642419.9112,1869091.4896,0.34370704418406123
32,45,610102.3024,1868967.006,0.3264382412537892
32,46,608767.3149,1876353.7864,0.32444164811156956
32,47,549558.2714,1905331.827,0.28843179104675715
32,48,594986.0586,1877005.7359,0.3169868089479822
32,49,553923.8577,1904530.9183,0.29084529548852744
32,50,578517.3916,1877822.6385,0.3080788247723535
32,51,619908.5057,1907529.3993,0.32497979109914943
32,52,623553.5982,1893380.3223,0.3293335157526793
32,53,594627.9164,1883468.7555,0.3157089357939179
32,54,573054.6242,1873590.3919,0.3058590750024437
32,55,602911.529,1884666.9378,0.31990348899725896
32,56,602106.4327,1894137.7097,0.3178789111354336
32,57,584026.2085,1904240.9999,0.3066976336139542
32,58,619221.1299,1892029.0298,0.3272788737102283
32,59,583019.9365,1879005.4428,0.3102811323586231
32,60,603730.1464,1897437.1663,0.31818189140738345
32,61,579195.4339,1884802.2068,0.30729772695000857
32,62,613581.6297,1897414.8131,0.3233776955169487
32,63,588041.5922,1875171.4277,0.31359351124567053
32,64,591203.8446,1894314.2232,0.3120938634992138
32,65,595013.4529,1894976.6262,0.31399514098133313
32,66,608410.6497,1902028.9127,0.31987455376603013
32,67,595787.8267,1892040.4576,0.3148916949988163
32,68,611966.4633,1893059.3597,0.32326850194332024
32,69,621372.0598,1883679.6302,0.3298714122284296
32,70,605743.1522,1885194.8367,0.3213159406166965
32,71,636105.7979,1886081.4551,0.33726316335912104
32,72,617171.5554,1892372.9699,0.3261363194342253
32,73,597400.269,1886789.5519,0.3166226293750763
32,74,559347.0366,1883323.9582,0.29699990496303136
32,75,589444.865,1895076.345,0.31104016814689334
32,76,587038.145,1880140.0192,0.31223107800757566
32,77,574215.9954,1884234.8518,0.3047475715946207
32,78,569536.1993,1887538.069,0.3017349470475766
32,79,597466.0466,1872381.7684,0.31909413810974596
32,80,634092.6551,1888701.6057,0.33572939906777355
32,81,598767.6175,1885674.4808,0.3175349847477238
32,82,596630.4314,1889664.8608,0.3157334635240099
32,83,602525.5936,1884519.2903,0.31972376016595877
32,84,578056.9603,1886050.8966,0.30649064738500337
32,85,619875.2918,1894103.1573,0.32726585635579525
32,86,620106.7596,1889642.3685,0.32816091020029436
32,87,631811.8522,1898430.53,0.3328074650169053
32,88,562152.4392,1873648.3508,0.3000309204018861
32,89,589670.5598,1892591.1309,0.31156785539811177
32,90,603497.4721,1893911.3891,0.3186513770249759
32,91,597280.963,1882293.3114,0.3173155636173186
32,92,584309.3979,1892968.6347,0.30867357609049983
32,93,585200.8415,1900713.2711,0.30788486111917696
32,94,609690.0244,1883145.8211,0.3237614514864613
32,95,606233.7869,1879642.4706,0.32252611673883086
32,96,613738.0775,1878795.7845,0.3266656666803906
32,97,643232.6245,1896321.5548,0.33920018620884157
32,98,595672.7813,1883090.714,0.31632718321609227
32,99,583145.5841,1869002.5496,0.3120089826655419
32,100,589626.8891,1892690.5238,0.31152842035484596
32,101,587841.0869,1891200.1687,0.310829650202537
32,102,593043.9311,1877507.7474,0.3158676345923237
32,103,611453.8971,1893023.9835,0.32300377725246077
32,104,574997.9068,1878529.7548,0.3060893261502892
32,105,619129.7935,1888826.729,0.32778538337806423
32,106,603230.3101,1867451.5045,0.32302327993331836
32,107,611724.4569,1910267.5501,0.3202297274368593
32,108,556532.5699,1881890.4939,0.2957305814041553
32,109,603100.0493,1885476.8962,0.3198660511383041
32,110,593087.9375,1873156.295,0.3166249068927801
32,111,591881.2529,1904712.8022,0.31074566843692103
32,112,595985.2227,1903960.2885,0.3130239776006757
32,113,605554.5571,1878814.779,0.32230668178068445
32,114,596234.9034,1882717.5215,0.316688455167171
32,115,608511.5471,1890693.8535,0.32184562613007933
32,116,603166.2116,1892417.2835,0.318727913161125
32,117,590306.2414,1893494.1165,0.31175499108026933
32,118,581697.5658,1884086.0128,0.30874257430292196
32,119,584864.6981,1874929.2325,0.3119396124194783
32,120,564933.0766,1898952.5813,0.297497200384674
32,121,597129.8812,1889573.0586,0.3160131218437346
32,122,587627.8142,1897464.8217,0.3096910190269168
32,123,613474.8124,1875639.2526,0.32707505537091147
32,124,585772.566,1875870.0408,0.3122671364537526
32,125,560274.1883,1872752.676,0.29917147922420056
32,126,609191.1752,1884848.6261,0.3232042970264921
32,127,585532.4868,1880112.7157,0.3114347783037017
32,128,604006.7397,1890918.094,0.3194251203246459
32,129,574561.5274,1905924.0847,0.3014608672047073
32,130,596783.3692,1882261.1997,0.3170566174849256
32,131,585972.4406,1890439.8269,0.3099661953064622
32,132,618789.745,1902010.1527,0.325334617231983
32,133,591844.1976,1899065.6646,0.31165020179787206
32,134,599801.1644,1877769.4187,0.3194221603711327
32,135,592575.8142,1880447.8923,0.315124825647369
32,136,585616.8906,1887214.9577,0.31030746561785794
32,137,598046.9472,1901332.9565,0.31454088309755757
32,138,601872.102,1898665.0502,0.3169975146151242
32,139,595971.0142,1870034.4476,0.31869520637166254
32,140,608323.3137,1882148.7517,0.3232068204760906
32,141,595566.315,1880445.0701,0.31671561401595655
32,142,610957.3568,1894288.8448,0.32252597510518793
32,143,577967.5835,1863909.2702,0.3100835393334265
32,144,591744.682,1893566.8547,0.31250266159403745
32,145,577231.7423,1884401.4082,0.3063210098380142
32,146,614270.7967,1892398.7357,0.32459903143656493
32,147,603274.0077,1885092.9869,0.32002347464677205
32,148,614369.4895,1898913.9789,0.32353729359341016
32,149,596095.3808,1881861.6291,0.31675834800090086
32,150,603700.4423,1905049.6987,0.3168948519883567
32,151,636675.7466,1887970.2581,0.33722763580011716
32,152,638127.6656,1881540.9721,0.33915161830772234
32,153,617317.2199,1886957.281,0.32714954711261424
32,154,611829.0315,1886694.9025,0.32428615283228074
32,155,608690.1329,1874835.7089,0.32466318515830356
32,156,617299.9535,1878502.7479,0.32861274980304755
32,157,592609.9734,1900258.5903,0.3118575421392742
32,158,545302.4139,1901578.3451,0.28676305412561043
32,159,601403.6742,1876084.7963,0.3205631618496582
32,160,623617.9346,1892153.0243,0.3295811314366114
35,0,639280.3659,1467319.2114,0.43567913575536793
35,1,637168.1019,1466205.0793,0.43456956390043244
35,2,661503.4394,1472629.7521,0.44919874697403245
35,3,629264.8505,1474634.3581,0.42672601994082077
35,4,622843.6358,1469224.0905,0.42392691477583694
35,5,613100.4982,1468373.3176,0.4175372099529085
35,6,629609.3443,1462310.529,0.4305578957504723
35,7,648484.9151,1477492.8328,0.438909009034619
35,8,669754.7646,1462555.8689,0.45793448225928485
35,9,626852.0959,1479873.3254,0.423584968484087
35,10,673128.3781,1479678.1109,0.4549154124410046
35,11,619649.6293,1474034.6081,0.4203765813196988
35,12,654189.6314,1475464.6503,0.4433787222669051
35,13,635550.8581,1465868.7043,0.43356601872709755
35,14,625237.2754,1462804.5664,0.4274236557373656
35,15,663079.2256,1466050.5819,0.45228945971335455
35,16,658450.9774,1470668.8592,0.44772211859995303
35,17,626886.4444,1468925.772,0.4267652296320389
35,18,615295.7351,1462089.9981,0.4208330102111243
35,19,624549.4339,1469048.1309,0.4251388506361429
35,20,666187.2162,1473391.151,0.452145525475604
35,21,644061.9175,1467788.0939,0.4387976167518087
35,22,650485.7226,1469880.195,0.4425433615696822
35,23,645261.3304,1464767.7381,0.44052126054946456
35,24,631511.8099,1468612.8625,0.4300056373093355
35,25,631701.6951,1463407.9691,0.43166479097998783
35,26,655951.6504,1469182.5029,0.44647390579810586
35,27,663436.3674,1453876.8966,0.45632224361738993
35,28,630161.4253,1474096.7648,0.42748986385944476
35,29,655321.9236,1468793.0806,0.4461635422004452
35,30,617711.4623,1446828.7766,0.4269416480308068
35,31,633606.2497,1463701.784,0.43287933144993695
35,32,650572.5126,1464870.6631,0.44411600900194176
35,33,635058.1998,1466061.6752,0.43317290844081674
35,34,659703.8382,1471471.4326,0.44832935494666293
35,35,643240.5566,1465427.6149,0.4389439301264255
35,36,620360.7843,1469974.4504,0.42202147399989937
35,37,640003.1625,1473680.9542,0.434288819894148
35,38,636962.7424,1468242.5788,0.4338266384568359
35,39,634187.1813,1446932.4908,0.4382976989820457
35,40,659008.4239,1462705.585,0.4505407175976565
35,41,639124.5543,1464786.1721,0.436326179529477
35,42,643440.4826,1473066.4809,0.4368034239750516
35,43,623369.5155,1467309.8917,0.42483835147991456
35,44,634397.3177,1468426.9293,0.4320251182007521
35,45,633009.5273,1477106.1029,0.4285470935752099
35,46,625233.0024,1458869.7215,0.4285735684178431
35,47,694228.8821,1474729.3321,0.47075003323587855
35,48,606061.8278,1465520.1883,0.41354723915678726
35,49,635754.3862,1463968.3137,0.43426785965961856
35,50,641566.5928,1469187.077,0.43668134769470207
35,51,637099.3449,1474542.4407,0.43206579025121444
35,52,626186.2639,1477248.203,0.42388696945329774
35,53,662149.5034,1469299.3762,0.4506566286800551
35,54,643140.7802,1461790.0073,0.4399679687152285
35,55,621576.6883,1465135.0613,0.42424531684367794
35,56,646409.918,1468285.0712,0.44024823971798754
35,57,633316.9597,1471172.9586,0.4304843669113373
35,58,610784.9566,1474564.3071,0.41421384856467885
35,59,650582.4274,1462590.7965,0.44481506991350744
35,60,642819.3962,1463418.6604,0.4392587122158853
35,61,648210.2876,1465771.5868,0.4422314454976854
35,62,653479.783,1467069.5433,0.4454320423898067
35,63,636127.2465,1462769.5407,0.4348786523101821
35,64,631871.5437,1465773.0025,0.4310841737583443
35,65,657354.2821,1460469.4188,0.4500979436050893
35,66,652686.1562,1467856.9857,0.4446524167943673
35,67,604658.4601,1457152.2472,0.4149590142429422
35,68,644120.1314,1478755.3086,0.43558263334981073
35,69,633605.6191,1464515.8151,0.4326382908038014
35,70,640945.2158,1453629.4365,0.44092751543560255
35,71,618884.9688,1458518.7962,0.4243243010734125
35,72,652861.2554,1468483.5942,0.4445819197290151
35,73,653683.6712,1466018.5757,0.445890442341685
35,74,662888.5907,1468090.0182,0.4515312974559669
35,75,640429.5388,1466762.6842,0.43662791922559874
35,76,621006.5892,1457249.212,0.42614988849278584
35,77,630363.6901,1473975.0117,0.42766239935979233
35,78,626736.5815,1469877.1859,0.4263870393472715
35,79,630189.8364,1452736.9036,0.4337948838763154
35,80,648386.3372,1465777.5854,0.4423497423199169
35,81,641880.8185,1468205.8241,0.4371872171897074
35,82,645133.1801,1476310.0872,0.4369902947175365
35,83,648568.7303,1480657.6249,0.4380274814333278
35,84,665240.0398,1475136.2448,0.4509685408009168
35,85,664867.9896,1462588.6105,0.4545830487307764
35,86,654908.4396,1467479.7046,0.4462810882815667
35,87,637352.3476,1463828.0679,0.43540109769471924
35,88,641301.0433,1468045.7533,0.4368399566964641
35,89,665597.4736,1476108.5602,0.4509136330120715
35,90,603940.7068,1483793.8106,0.4070246839456657
35,91,624125.3962,1468951.7118,0.4248780890388966
35,92,696948.3549,1465570.3062,0.47554754074342614
35,93,621300.1921,1461704.1886,0.42505193386294715
35,94,628289.8898,1470016.4415,0.42740330792415837
35,95,659878.2962,1458723.1921,0.45236704247502174
35,96,650811.9811,1463459.032,0.4447080286289832
35,97,631503.4016,1479382.5002,0.4268695901936288
35,98,609798.1234,1468472.6537,0.4152601152384674
35,99,630622.1039,1454663.3118,0.4335175698627254
35,100,648820.4446,1468482.1704,0.4418306586747783
35,101,618771.547,1459960.5331,0.42382758504172335
35,102,643199.6912,1465737.4662,0.4388232586204734
35,103,635282.34,1454235.9675,0.43684955825437594
35,104,624393.6927,1462705.4264,0.42687589820238325
35,105,626359.1432,1479685.0323,0.42330572353387724
35,106,641602.2879,1459116.3911,0.43971974532909486
35,107,662057.6599,1471256.8351,0.4499946196375703
35,108,641215.3629,1469286.1115,0.4364128660042806
35,109,636542.9967,1463182.0769,0.4350401817719259
35,110,673386.3766,1440988.8022,0.46730854228146756
35,111,611692.3691,1469549.12,0.41624492898883164
35,112,616936.5172,1481742.2086,0.41635887377663516
35,113,643204.111,1454445.1644,0.4422333180676083
35,114,620961.1539,1462185.8355,0.4246800501166529
35,115,643000.2938,1477134.0995,0.4353025862835685
35,116,667316.3171,1466396.9011,0.45507209992016534
35,117,619855.1505,1456789.8708,0.42549386354505947
35,118,626775.4539,1468828.5148,0.42671792355920024
35,119,648683.8108,1465194.9232,0.44272867761735635
35,120,637004.1235,1457901.1173,0.43693232410694444
35,121,646229.5476,1470503.8056,0.4394613228058415
35,122,657887.387,1478331.5727,0.44502018298807317
35,123,639820.5886,1475991.4023,0.43348530865625895
35,124,638617.1637,1475615.2645,0.4327802639778128
35,125,654837.4481,1470985.7719,0.44516912441252143
35,126,661863.2883,1463031.0631,0.4523918220147598
35,127,617708.5387,1460892.2969,0.4228296226975608
35,128,648303.6304,1462309.2343,0.4433423623357885
35,129,608714.8247,1468571.9518,0.41449438276000716
35,130,621926.8606,1472391.2927,0.4223923787674271
35,131,633319.3669,1473160.3102,0.42990526048995914
35,132,650496.9705,1458920.0801,0.4458756715826493
35,133,672801.6866,1469597.2134,0.4578136651766191
35,134,627369.3428,1471713.0648,0.4262850944285509
35,135,652438.6301,1461959.3493,0.44627686153680934
35,136,626208.7272,1466985.628,0.42686766335518594
35,137,612245.4496,1481113.5858,0.4133683300658574
35,138,651857.3269,1476561.6008,0.4414697812450386
35,139,623097.2694,1448336.5442,0.43021580301570905
35,140,639789.8432,1460438.7957,0.43808055844842414
35,141,631160.5727,1460535.0835,0.43214338349716197
35,142,614904.5275,1458629.3126,0.4215632595535431
35,143,613529.6989,1462369.7151,0.4195448610326599
35,144,639864.0811,1466765.0691,0.4362416958106437
35,145,627625.8096,1476651.0033,0.4250332733986502
35,146,623647.7267,1454744.0658,0.4286992752618933
35,147,681475.6247,1481275.9928,0.46005985921086345
35,148,618675.2576,1467609.8259,0.4215529541174899
35,149,659707.196,1467737.2386,0.44947227518003235
35,150,662559.5446,1448828.1159,0.45730721079251246
35,151,636943.3857,1469311.786,0.43349777206510476
35,152,608916.1443,1474821.0805,0.41287458685738526
35,153,619771.3442,1462794.7495,0.42368988842203936
35,154,642467.0126,1461988.7609,0.4394472993106304
35,155,623480.3434,1473125.8278,0.4232363126312977
35,156,660796.1587,1465243.5208,0.4509804338457103
35,157,657945.9894,1461441.8658,0.45020332645242606
35,158,613808.2463,1469520.2021,0.4176929622490693
35,159,673423.1877,1474711.3968,0.45664744244960187
35,160,671959.2104,1469886.2781,0.4571504751160654
38,0,209538.2101,487505.7828,0.42981687088204934
38,1,215251.2188,485163.3657,0.44366750257293797
38,2,198585.1556,483040.0839,0.41111527224956246
38,3,214551.5802,479721.1031,0.4472423222859049
38,4,211704.3502,486953.5444,0.43475266303041615
38,5,213029.2857,487246.4295,0.4372105628739143
38,6,207754.2419,487470.6591,0.4261881982467814
38,7,204679.5132,487807.9649,0.4195903468734034
38,8,205295.7312,489158.9953,0.419691211186033
38,9,210243.6707,488584.9217,0.43031141847044846
38,10,203859.4957,485623.3033,0.41978936001360545
38,11,218849.0619,482992.3808,0.45311079553162176
38,12,215659.4045,488740.2277,0.4412556861032047
38,13,209602.7029,491458.6886,0.4264909905186281
38,14,195092.5673,487061.2848,0.40055034836141834
38,15,200554.6512,487810.8429,0.41113200766042257
38,16,200691.4585,488465.3058,0.4108612343947561
38,17,207228.4623,488474.9353,0.42423561031382157
38,18,216008.2634,483184.8084,0.44705102404871055
38,19,203853.9875,489714.7064,0.4162709120960963
38,20,204756.1128,488260.6048,0.41935825005556543
38,21,211680.1503,481703.8899,0.4394404004998673
38,22,215409.8896,487683.5891,0.4417000990284092
38,23,220336.7624,484348.0809,0.4549140816054795
38,24,212306.627,482761.792,0.43977512412581315
38,25,212357.4484,488938.5812,0.4343233620034892
38,26,208294.8445,492506.8214,0.42292783662955374
38,27,200679.9815,487752.0976,0.4114384796855869
38,28,206691.7911,485399.6174,0.42581778742868864
38,29,209833.1571,490447.6398,0.4278400792907639
38,30,198073.6589,486709.9222,0.4069644974663309
38,31,209880.2838,487213.7914,0.43077656565696304
38,32,216204.223,489461.7741,0.44171830046901306
38,33,210404.7254,488590.8107,0.43063586295975337
38,34,198116.2289,488440.2743,0.4056099370264398
38,35,194892.6642,489095.6247,0.3984755830100559
38,36,209789.7228,491205.804,0.4270912947111675
38,37,204900.5444,485706.0244,0.42186123726407704
38,38,216409.7901,484972.6197,0.44623094440644767
38,39,214361.9541,489920.5447,0.43754432513391184
38,40,211906.7055,483565.5882,0.4382170912715083
38,41,206205.2953,490501.2497,0.42039708446434976
38,42,211113.2167,490247.8004,0.4306255255561571
38,43,202782.4483,492657.0862,0.4116097260756299
38,44,198834.1794,488447.2562,0.4070740021079885
38,45,208774.4122,488131.4355,0.4277012235160585
38,46,213770.0812,486177.0209,0.43969597905773833
38,47,215436.9233,486369.0238,0.44294951519895703
38,48,210159.1145,487525.6708,0.4310729200272504
38,49,209627.7427,484188.8531,0.4329462385551973
38,50,220878.423,490629.2307,0.4501941775561641
38,51,212877.3702,493075.7342,0.43173361703833774
38,52,201578.4473,487551.3718,0.4134506822445987
38,53,210576.3561,485410.6898,0.43381071023953377
38,54,222667.8631,486895.2866,0.45732187028322735
38,55,216621.0834,481841.0458,0.44956959413937914
38,56,213574.608,487703.8791,0.4379186165058329
38,57,209069.6408,483994.1471,0.4319672914490912
38,58,210228.9269,490552.9744,0.42855499379477413
38,59,214159.2697,483573.6426,0.44286795398637385
38,60,205149.3226,485636.7986,0.4224336442201396
38,61,202625.574,493757.5709,0.4103746169008869
38,62,208122.5495,486227.5375,0.4280352992142079
38,63,203908.646,489385.2883,0.4166628030612174
38,64,206826.3487,490046.6984,0.42205436619670533
38,65,205069.3339,485575.5305,0.4223222156372643
38,66,207399.493,481375.662,0.430847484349967
38,67,215851.3901,489532.3242,0.44093388613866735
38,68,213338.7814,490838.5198,0.434641481452858
38,69,205328.7722,484650.1472,0.4236639014477947
38,70,215575.214,489269.3515,0.44060641309146054
38,71,206114.5459,488153.0429,0.42223345505647775
38,72,204866.4319,490397.232,0.41775609349279524
38,73,208924.7326,485197.6688,0.4305971484090527
38,74,225415.5894,486709.091,0.4631423443043927
38,75,215911.0297,485937.5591,0.44431846367234223
38,76,212882.7484,487653.665,0.4365449573725648
38,77,213382.4055,487275.8083,0.43790888417884954
38,78,210376.7136,490526.2533,0.42887962098806587
38,79,216033.7212,487287.4139,0.44333942358776773
38,80,210226.4679,489241.2434,0.42969898947812213
38,81,203824.2647,489743.2482,0.4161859616220024
38,82,212207.5719,486135.797,0.4365191232769884
38,83,195219.3682,486570.9335,0.4012146118054132
38,84,201887.5663,490383.5405,0.4116931944619377
38,85,205477.1942,486771.7637,0.4221222542535082
38,86,203954.2642,486611.5138,0.41913160378656045
38,87,211651.0357,486925.2753,0.4346684110197391
38,88,220446.9647,487834.3778,0.4518889498812193
38,89,208016.8957,486575.1027,0.42751241184704375
38,90,209326.9896,488564.9011,0.42845277900377604
38,91,205322.2677,494256.6791,0.4154162733296283
38,92,194474.3433,489040.6566,0.3976649807647097
38,93,213559.1109,485718.9545,0.43967629618209597
38,94,215792.6771,484491.0913,0.4454007121595963
38,95,211734.4004,482511.3769,0.43881742594409695
38,96,217720.838,490348.3544,0.44401258013072675
38,97,210646.3201,487552.6895,0.4320483193642602
38,98,206076.5101,489825.9108,0.4207137792352164
38,99,211460.983,484565.5346,0.43639294976799614
38,100,210771.9262,489249.5728,0.430806561554549
38,101,199632.8509,489908.7259,0.4074898860665507
38,102,216390.0733,485632.8764,0.44558365756474555
38,103,202517.4876,487445.7039,0.4154667606662232
38,104,202707.7183,489376.9802,0.4142158836673454
38,105,208050.5304,488408.3708,0.42597658606714445
38,106,209640.9859,484818.3453,0.4324114133310623
38,107,209586.2091,488050.0423,0.4294358998767779
38,108,208097.6647,486018.2856,0.4281683855641336
38,109,202478.9838,483570.7637,0.4187163472223786
38,110,216729.4131,488314.8211,0.44383132302186845
38,111,211677.4753,492716.2184,0.4296133705267129
38,112,199165.126,483497.4511,0.41192590684166275
38,113,212091.717,484624.4515,0.43764138673469305
38,114,217620.8921,484721.8843,0.44896031961559196
38,115,211636.0082,482597.0894,0.43853560837493105
38,116,212433.6882,487769.9124,0.4355202787206602
38,117,210102.9095,486835.0148,0.4315690184821932
38,118,201461.032,490422.8317,0.41079048318704126
38,119,212028.908,486895.1103,0.43547142601074507
38,120,207537.4627,488747.488,0.42463126214574015
38,121,220965.0847,486343.5593,0.4543394900058667
38,122,208536.0884,486573.4355,0.4285809154083999
38,123,215957.3236,485093.1451,0.44518733315739034
38,124,216642.3246,484151.7379,0.44746782390926126
38,125,217366.3778,489491.2896,0.4440658749568891
38,126,207132.0619,486558.3508,0.4257085744380569
38,127,204730.4491,484271.7455,0.42275943414501765
38,128,213503.2148,487638.4815,0.4378309401326441
38,129,217391.419,486371.2884,0.446965978841279
38,130,209330.5915,490064.7631,0.42714883268864023
38,131,204698.0219,485580.4929,0.42155322318962124
38,132,212768.883,488768.7282,0.4353160722527583
38,133,209468.231,493112.54,0.4247878810788304
38,134,205112.5327,489505.5178,0.41901985828851057
38,135,201842.4195,490860.1271,0.41120149785333826
38,136,209760.2489,487135.0323,0.4305998029121832
38,137,205745.5064,487662.3414,0.4219015678129622
38,138,213238.603,487965.9578,0.43699483456056776
38,139,205778.5388,487984.9687,0.4216903224461963
38,140,213901.4023,485948.3495,0.44017312234949774
38,141,213248.9238,484888.8211,0.4397893177166505
38,142,211133.8771,487070.2011,0.4334773029086464
38,143,216745.8373,484621.6994,0.4472474872015605
38,144,217206.5675,482943.1601,0.4497559660126968
38,145,215402.7139,486399.53,0.4428514022207217
38,146,203329.3854,489504.7097,0.4153777918186187
38,147,200315.7157,486454.99,0.4117867424897831
38,148,206194.6498,488714.337,0.42191242243011995
38,149,209017.2962,487846.4283,0.4284489627778218
38,150,201094.9001,486844.5791,0.41305769589085684
38,151,206246.7105,484513.5734,0.42567787947135355
38,152,218513.6106,490854.0196,0.44517025811068656
38,153,212911.8284,491626.7507,0.43307616621114836
38,154,200022.0576,490054.0451,0.4081632619912028
38,155,205655.7699,491881.7037,0.4181000601425704
38,156,212383.9059,486228.7175,0.4367983589944993
38,157,210014.6116,486808.9335,0.4314107592275728
38,158,217929.6477,487038.548,0.4474587249713959
38,159,206564.7602,490252.4671,0.4213436424336558
38,160,214903.3316,485694.4581,0.4424660978028977
40,0,1211355.8322,2668455.4231,0.4539539321937568
40,1,1217185.0228,2670275.6597,0.4558274792261516
40,2,1188065.3045,2672069.2031,0.44462370327896694
40,3,1135777.373,2688839.5308,0.42240429746362607
40,4,1225137.2193,2681234.6566,0.4569302490120588
40,5,1227051.4782,2665486.3657,0.4603480602977147
40,6,1233702.5176,2668600.1736,0.4623032441520486
40,7,1263698.0283,2694831.0495,0.46893404636051933
40,8,1160158.282,2646134.8194,0.4384350613938337
40,9,1262312.633,2692598.211,0.4688083902912465
40,10,1135628.5999,2680648.3687,0.42363952436280605
40,11,1288245.7817,2649203.73,0.4862765996860498
40,12,1154445.0969,2697319.46,0.4279971705316655
40,13,1232875.6457,2673247.6299,0.46119021369753127
40,14,1214128.2295,2660228.9851,0.45639989500917344
40,15,1110886.6039,2669385.1338,0.4161582342816897
40,16,1225830.0069,2633816.7043,0.4654196341372942
40,17,1245414.938,2679597.096,0.46477693973437567
40,18,1151787.6554,2681397.7995,0.42954747543045413
40,19,1240158.8178,2648899.1491,0.46817894830815326
40,20,1198786.471,2674222.4597,0.44827477484221057
40,21,1225950.5063,2663811.2649,0.4602242367745308
40,22,1199165.0326,2683293.8632,0.4469003745903249
40,23,1162606.7478,2660207.7783,0.4370360681160632
40,24,1263774.3611,2655823.2755,0.47585032210476236
40,25,1204260.7794,2664013.5447,0.4520475437506134
40,26,1196777.2517,2654387.2167,0.4508676217887544
40,27,1262569.0497,2670130.8424,0.4728491314549822
40,28,1135115.5517,2669527.8046,0.42521211045040413
40,29,1313876.4871,2677003.5071,0.49080118259662775
40,30,1146184.8778,2668457.3487,0.42953089670269234
40,31,1269361.2709,2659477.3272,0.4772972711282455
40,32,1141924.4337,2663846.518,0.4286750103595871
40,33,1184368.2531,2638225.5252,0.44892608375859555
40,34,1215610.5252,2672945.4042,0.4547831479423077
40,35,1160470.5346,2664852.6113,0.43547268981374754
40,36,1216760.4902,2643170.3645,0.46034130321000727
40,37,1274280.4225,2670254.144,0.47721316166226313
40,38,1200234.1935,2663976.5566,0.45054232572971437
40,39,1190731.4902,2673640.3358,0.44535963729157024
40,40,1221119.534,2673189.3994,0.4568024750786762
40,41,1190244.7976,2668127.5246,0.4460974172433677
40,42,1209146.3332,2651955.2238,0.4559452295229209
40,43,1261328.0534,2671615.7249,0.47212181064970044
40,44,1211634.7427,2669779.8359,0.453833206172055
40,45,1217858.2989,2650865.9858,0.45941903718398075
40,46,1230927.2142,2684486.7072,0.45853354792130596
40,47,1247211.4549,2663435.5676,0.4682716826612975
40,48,1275979.6806,2641108.3865,0.48312280068555985
40,49,1174836.5936,2670550.0065,0.4399230835372863
40,50,1263654.7726,2675472.552,0.4723108714590917
40,51,1114382.0557,2662912.2807,0.4184824501267696
40,52,1225526.14,2681945.7574,0.45695411125245156
40,53,1234078.2542,2675076.8556,0.4613244107796691
40,54,1176913.5014,2642082.3958,0.44544920448767483
40,55,1257412.1363,2664505.0878,0.47191207930408063
40,56,1222068.4685,2667990.7896,0.45804823362348235
40,57,1148867.6223,2646437.2209,0.4341186003684203
40,58,1277223.3107,2661606.233,0.479869371684027
40,59,1199849.5386,2685904.2436,0.4467208916546499
40,60,1140163.6427,2678767.0205,0.4256300133511368
40,61,1215416.5872,2671213.7878,0.45500535851943613
40,62,1235583.8668,2668235.8097,0.46307146553846806
40,63,1241210.5332,2661635.5023,0.4663337756531397
40,64,1191976.4514,2677786.4088,0.4451349993721725
40,65,1198194.106,2669362.1794,0.4488690651447386
40,66,1198378.1701,2675649.0273,0.44788317072709816
40,67,1151074.8885,2672950.527,0.43063830657274266
40,68,1293269.2286,2677527.3977,0.4830087750776781
40,69,1162413.9982,2683345.672,0.4331957713571835
40,70,1275891.7175,2682166.6304,0.47569442667688483
40,71,1201902.2346,2663304.2462,0.4512823633705661
40,72,1226768.5491,2669722.7934,0.4595115837991781
40,73,1193542.9004,2649719.0214,0.4504413074596046
40,74,1202841.7485,2662435.7491,0.4517824510531772
40,75,1212438.1554,2672596.4685,0.453655525512418
40,76,1198721.0396,2682695.9855,0.44683447027881645
40,77,1163158.9341,2653319.7918,0.4383787200075564
40,78,1310368.8002,2663079.3685,0.4920502241501256
40,79,1184158.7219,2702980.1063,0.43809376145240925
40,80,1203303.7156,2677293.359,0.4494478393841188
40,81,1207863.2163,2667942.2813,0.4527321392093416
40,82,1220834.209,2640551.5828,0.4623406022257843
40,83,1220263.8783,2675278.5131,0.4561259219646666
40,84,1262139.6742,2688935.9308,0.4693825761123635
40,85,1220802.9772,2679330.1609,0.45563738094521594
40,86,1221582.4734,2692977.7862,0.4536177311450264
40,87,1209309.0448,2653660.0089,0.4557136335265817
40,88,1247173.1448,2668240.8163,0.46741401195167676
40,89,1201045.8872,2663552.8982,0.45091872889464807
40,90,1277182.3389,2656099.0056,0.48084892024252335
40,91,1181807.8706,2701927.7432,0.43739432839174974
40,92,1218833.9214,2662161.6304,0.45783618375450236
40,93,1191517.6569,2681996.9803,0.4442651000922158
40,94,1229512.4909,2648942.8099,0.46415214639776053
40,95,1260390.587,2654560.9313,0.4748019049548648
40,96,1170873.3118,2675357.9574,0.4376510846189318
40,97,1219912.5367,2662769.3792,0.4581367602576643
40,98,1262740.8509,2658093.8778,0.4750550239952853
40,99,1184713.55,2671112.4386,0.4435281468798593
40,100,1199248.7282,2669614.5447,0.44922167905508115
40,101,1177145.2992,2673366.9041,0.4403231361152392
40,102,1184332.2413,2651486.0487,0.4466673478748521
40,103,1246581.824,2675592.1348,0.4659087638158204
40,104,1192179.3134,2677703.2341,0.44522458583828173
40,105,1197722.8587,2663562.4443,0.44966952483622685
40,106,1267712.1374,2683530.7011,0.4724045589939981
40,107,1189151.7231,2669983.6721,0.4453779008186617
40,108,1274804.4065,2664489.5031,0.47844227009219925
40,109,1167727.5795,2667497.2975,0.43776148549218913
40,110,1266146.9666,2648894.3893,0.47799073142157
40,111,1172067.1466,2677385.454,0.4377655614916925
40,112,1167033.8597,2668872.3513,0.43727601251949766
40,113,1179639.5051,2672420.2921,0.44141241876779563
40,114,1209759.1413,2675300.353,0.4521956347605655
40,115,1202057.179,2665834.9895,0.45091207210295337
40,116,1199007.9192,2676002.1774,0.4480593959624332
40,117,1171734.5138,2649458.2687,0.44225437616533236
40,118,1227922.1395,2662810.375,0.4611376578026139
40,119,1251373.4296,2686277.3349,0.4658392539527509
40,120,1183610.0813,2688078.1675,0.4403183269037135
40,121,1219568.4033,2663312.3821,0.4579141416142782
40,122,1147996.9081,2672737.388,0.42952102711409373
40,123,1248774.3833,2691973.4878,0.46388806909110897
40,124,1195790.0897,2677214.3272,0.4466545982333185
40,125,1201611.2147,2671993.9187,0.44970581942215554
40,126,1165065.9575,2678084.7456,0.4350370015042141
40,127,1165128.952,2682259.0646,0.4343834521344989
40,128,1191495.4504,2671162.227,0.44605881228643174
40,129,1204683.3903,2662519.9406,0.4524598565179287
40,130,1208637.6183,2652712.5533,0.4556232889976877
40,131,1241752.4544,2674684.8716,0.4642612173063895
40,132,1182473.6386,2671712.5978,0.44259013472246167
40,133,1227039.0143,2686830.292,0.4566864598607108
40,134,1216010.1313,2665280.7686,0.4562409130122292
40,135,1180063.037,2665435.0971,0.44272810779895244
40,136,1239079.9521,2644741.5213,0.46850701368008957
40,137,1208589.9187,2673348.5467,0.45208841929418137
40,138,1132785.2721,2673302.9576,0.42373995393211095
40,139,1197946.377,2647502.8408,0.45248162099724687
40,140,1244665.8578,2663923.2392,0.46723037641797227
40,141,1230021.9066,2669063.7524,0.46084395904518
40,142,1208778.2934,2694332.07,0.44863745893059126
40,143,1196333.376,2673837.6337,0.44742184825356773
40,144,1208706.2879,2637288.5839,0.458314002979748
40,145,1186832.2133,2669592.8413,0.44457424178664395
40,146,1218332.596,2642371.4353,0.46107544901675696
40,147,1219300.7493,2676802.8833,0.4555063642926255
40,148,1195194.1919,2678890.9182,0.446152616286099
40,149,1261060.8418,2657021.1213,0.4746145341829278
40,150,1168702.2745,2655085.0567,0.4401750789681208
40,151,1245941.998,2665244.4582,0.467477568208306
40,152,1189962.9986,2667412.2028,0.4461114024112539
40,153,1217820.8351,2668021.8811,0.4564508423738654
40,154,1220327.1422,2689374.9775,0.4537586437033026
40,155,1209900.1577,2650534.675,0.4564739971568189
40,156,1241662.3705,2664626.155,0.4659799530114572
40,157,1228876.0913,2665377.615,0.4610514038927276
40,158,1182317.6864,2664424.9119,0.4437421678199555
40,159,1240177.8318,2665281.4514,0.4653083940341716
40,160,1220675.6438,2672481.4475,0.45675738738687727
41,0,1339132.1848,2896213.1841,0.46237348554026975
41,1,1324893.2279,2901918.6952,0.4565576665161146
41,2,1333734.7941,2901715.6695,0.4596366239872904
41,3,1320998.7756,2883418.3059,0.4581363629748051
41,4,1255456.4606,2879641.025,0.4359767240779604
41,5,1339791.9316,2881737.2468,0.46492508402275756
41,6,1348348.7471,2876893.7274,0.46868215334411173
41,7,1315413.1509,2896308.7159,0.45416883348060083
41,8,1339937.8842,2884863.7967,0.464471801314418
41,9,1316425.3761,2893291.5808,0.4549922948782114
41,10,1322269.406,2902547.183,0.4555548360227983
41,11,1331128.9025,2918522.0826,0.45609690960917726
41,12,1315084.8419,2886296.2252,0.45563058649978794
41,13,1324010.7354,2902555.1637,0.4561535132762927
41,14,1338228.3755,2890232.8753,0.4630174914058075
41,15,1382189.2448,2930099.3678,0.47172094570901396
41,16,1319592.4447,2901308.901,0.4548265936954088
41,17,1347497.4539,2889153.3706,0.46639872691153145
41,18,1373400.2249,2893378.8656,0.47467002722272184
41,19,1298344.4084,2908575.3934,0.44638499361101003
41,20,1270075.1617,2889032.3344,0.43961957316195
41,21,1351548.0849,2887819.216,0.4680168611011833
41,22,1353239.1092,2894714.2645,0.46748624753598716
41,23,1338334.4999,2904629.8097,0.46075905970207875
41,24,1383710.1222,2906746.6103,0.47603396776893114
41,25,1381556.3772,2879249.411,0.4798321298328122
41,26,1336308.1153,2896665.4018,0.46132636322773507
41,27,1357689.7743,2892969.7334,0.46930659475111675
41,28,1384784.8039,2905016.3283,0.4766874424800113
41,29,1365848.0772,2900303.4039,0.4709328256358842
41,30,1328260.7928,2896610.5428,0.45855691442593477
41,31,1350185.2571,2900940.6822,0.4654301500836114
41,32,1374516.8822,2894780.0775,0.47482601282342146
41,33,1342053.4421,2883258.0317,0.46546421698813784
41,34,1361231.495,2913510.2684,0.4672135567064748
41,35,1378652.7111,2888161.8145,0.4773460767255082
41,36,1325371.7773,2878327.438,0.4604659497047813
41,37,1360065.6069,2897851.3173,0.4693358830318482
41,38,1312522.0198,2895892.4841,0.45323575616375555
41,39,1319820.043,2900388.8495,0.4550493438931558
41,40,1363415.1842,2903048.4367,0.46964947844612726
41,41,1354676.6395,2891147.7351,0.4685601579793168
41,42,1314709.7874,2897274.2572,0.45377471053450397
41,43,1328659.3392,2894090.1483,0.45909397120212714
41,44,1384242.6961,2889644.5019,0.4790356374944504
41,45,1362962.0537,2901710.4496,0.4697098753901803
41,46,1377174.7398,2887412.1211,0.47695814869522196
41,47,1371616.6871,2911582.625,0.4710897349512793
41,48,1345827.2619,2906196.0404,0.46308894623459895
41,49,1300592.6546,2896265.9883,0.4490584289750954
41,50,1406875.962,2903585.3331,0.4845306063376326
41,51,1318433.3017,2894779.3608,0.4554520871447827
41,52,1379164.7137,2905394.6316,0.47469101054285845
41,53,1310885.6062,2895540.6106,0.4527256849381106
41,54,1402338.2446,2875623.0812,0.4876641357374288
41,55,1351083.8589,2917947.1777,0.4630254684613443
41,56,1401556.1741,2900383.5998,0.48323131264314356
41,57,1338019.6999,2885278.3436,0.463740249833413
41,58,1344279.8697,2877997.595,0.46708860078112746
41,59,1382490.6325,2918955.6479,0.47362509036223716
41,60,1316659.8143,2885414.0793,0.45631572388370023
41,61,1311687.4784,2900142.7608,0.45228376207182747
41,62,1353725.8898,2909825.367,0.4652258190998168
41,63,1335464.6518,2907783.6739,0.4592723536441202
41,64,1331063.1138,2891505.634,0.4603356459515721
41,65,1362552.6313,2912835.7778,0.46777530051114163
41,66,1319407.4433,2905042.2305,0.45417840382751024
41,67,1299512.0586,2890911.0367,0.44951644727310747
41,68,1320914.9995,2890267.9134,0.4570216461165797
41,69,1349311.3221,2880107.046,0.4684934624127856
41,70,1332485.5114,2893086.7307,0.4605757225527757
41,71,1302960.7887,2895252.0719,0.45003362620683185
41,72,1288048.4618,2895393.1228,0.44486133908972897
41,73,1331609.0837,2890360.7703,0.46070687693487755
41,74,1333913.6098,2878453.2291,0.4634133347433517
41,75,1313365.3517,2895989.314,0.453511808676515
41,76,1322396.2613,2889752.5589,0.457615741952445
41,77,1310194.3879,2901956.6436,0.45148654815002626
41,78,1334576.1128,2904307.9562,0.4595160475152094
41,79,1300352.1329,2887097.7286,0.45040114853699864
41,80,1345349.911,2897072.4809,0.46438255165160924
41,81,1353278.9796,2891155.1264,0.46807553397699275
41,82,1338625.5262,2895997.7225,0.4622329347153
41,83,1386053.1206,2910319.7267,0.47625458738570975
41,84,1364539.8761,2885930.6031,0.4728249094535547
41,85,1342723.091,2891720.4637,0.46433364077036876
41,86,1348279.7699,2883180.4104,0.4676362828481293
41,87,1327832.4194,2904503.1961,0.4571633528181126
41,88,1360896.1471,2890529.2727,0.4708120965780109
41,89,1333618.0177,2895297.8882,0.4606151315673798
41,90,1411481.5678,2900953.7842,0.48655775748225033
41,91,1369486.5298,2896029.7026,0.4728841449970286
41,92,1378976.9107,2910342.64,0.47381943684129235
41,93,1347939.8028,2893890.3021,0.4657881474711895
41,94,1357699.5922,2916533.5785,0.46551824474391185
41,95,1389542.2062,2904010.2485,0.4784908066070828
41,96,1338524.5221,2902317.5971,0.4611916088843811
41,97,1300908.1173,2883382.0936,0.4511743761562215
41,98,1347545.6961,2885994.6769,0.4669259118479977
41,99,1362377.1111,2918215.274,0.46685284777931707
41,100,1381053.6007,2897675.535,0.4766073992821974
41,101,1341781.6863,2901700.5191,0.46241218811794227
41,102,1380126.5978,2903307.4166,0.4753635766949668
41,103,1341675.2571,2900732.2257,0.4625298554664863
41,104,1310471.4115,2896560.4928,0.45242328436000134
41,105,1299365.1259,2902647.1213,0.44764832637253443
41,106,1361434.5343,2906800.0064,0.46836195517492896
41,107,1296975.741,2874645.2169,0.45117767346561494
41,108,1307774.4146,2889986.1232,0.4525192713216001
41,109,1346716.6284,2889655.4298,0.4660474790564249
41,110,1253861.691,2882483.5731,0.4349935252715144
41,111,1324062.6891,2886043.3148,0.4587812948995037
41,112,1327322.8686,2878059.5569,0.461186727501108
41,113,1340155.4875,2905466.1003,0.4612531832195957
41,114,1262308.967,2882809.7845,0.4378745256752822
41,115,1309525.894,2888398.4583,0.4533743916934288
41,116,1349099.8895,2917053.0334,0.4624872685045233
41,117,1287121.5703,2894385.4907,0.44469597240439207
41,118,1307608.199,2894541.8354,0.4517496285623041
41,119,1335655.0338,2881059.4578,0.46359856620936135
41,120,1285415.4296,2896785.2837,0.44373859423856477
41,121,1321881.2888,2902024.0355,0.45550321866036797
41,122,1332545.5455,2899396.2493,0.45959414682340016
41,123,1305635.3331,2891735.3596,0.45150581596809825
41,124,1302520.4959,2893380.2936,0.4501725883670061
41,125,1325375.8663,2890469.606,0.45853305758649104
41,126,1408841.8345,2906179.7005,0.48477450801050354
41,127,1315112.9886,2887377.7705,0.45546966594962224
41,128,1331844.7732,2860535.7036,0.46559278093395795
41,129,1313478.8812,2884823.1069,0.455306558678896
41,130,1281943.0303,2888789.8372,0.4437647259042358
41,131,1330248.0093,2891834.9241,0.460001363913952
41,132,1307015.1041,2891349.6129,0.45204325975269194
41,133,1373147.3493,2895535.197,0.4742292031962477
41,134,1302524.6983,2901858.1285,0.44885884857964725
41,135,1344633.2352,2904722.2663,0.4629128405149651
41,136,1325938.6555,2913895.7064,0.4550398466862575
41,137,1337317.8894,2884713.604,0.46358775011344244
41,138,1327434.5093,2898628.3019,0.45795264899259075
41,139,1319325.55,2908374.3039,0.45362990184270413
41,140,1305098.4439,2871352.0202,0.4545240133284303
41,141,1327915.2303,2889866.4111,0.4595074793767169
41,142,1291864.4604,2880288.3559,0.44851914140948324
41,143,1426686.3377,2918407.9027,0.4888577557578857
41,144,1318569.0359,2917381.3191,0.45197006893386604
41,145,1360571.7605,2897436.3274,0.46957779456051146
41,146,1348155.761,2899307.606,0.4649923168587031
41,147,1363922.4883,2880353.5818,0.4735260618412178
41,148,1340768.4052,2897903.1071,0.4626684729089299
41,149,1375725.7855,2913922.781,0.47212156563321095
41,150,1373979.1927,2893152.3987,0.4749072994970398
41,151,1319188.8477,2873888.6997,0.4590257263051654
41,152,1344121.0367,2894887.9262,0.464308488261365
41,153,1321514.3965,2911423.3963,0.4539066348712642
41,154,1400063.8334,2907898.6762,0.4814692633065136
41,155,1371377.9006,2888783.3207,0.474725082623259
41,156,1346537.5118,2899704.5058,0.4643705967648257
41,157,1368418.7706,2875861.2004,0.4758292126232199
41,158,1329193.9741,2905663.0297,0.45744945663476844
41,159,1334388.9428,2898243.2423,0.46041302652742494
41,160,1378440.2715,2924182.4494,0.4713933878451517
46,0,275829.5363,576500.5302,0.4784549568485375
46,1,269851.8357,569596.105,0.47375997365712325
46,2,281124.4305,582564.9948,0.48256320412199266
46,3,285074.5633,582084.2384,0.48974795140235494
46,4,269965.6571,580605.2581,0.4649728078306565
46,5,278374.6859,581867.4099,0.47841601224554164
46,6,272036.237,571822.5517,0.47573541160846106
46,7,279278.1111,581392.3047,0.4803608662211452
46,8,263898.2803,571366.135,0.4618724564416125
46,9,292317.5903,581614.8424,0.5025965105941389
46,10,281918.0906,568627.1889,0.495787215425569
46,11,264245.6119,562848.6054,0.4694790204058663
46,12,265113.0136,568469.5805,0.46636270909486244
46,13,265007.0535,570926.1598,0.4641704517320315
46,14,271105.7057,582113.5207,0.46572652250714164
46,15,285221.9819,582219.3208,0.4898875247013273
46,16,273166.9884,566871.273,0.48188539693384674
46,17,280220.0011,581847.9033,0.4816035247539922
46,18,278960.4248,586506.3977,0.4756306596039711
46,19,278491.3659,572979.6489,0.4860405887619999
46,20,264239.175,570141.3014,0.46346260892019636
46,21,276098.7938,580945.201,0.4752578957959238
46,22,261177.1976,569281.9726,0.4587835381597678
46,23,267418.5498,569678.5252,0.46942009917982425
46,24,282131.5694,572048.8583,0.49319488240642817
46,25,268495.6844,573589.4513,0.4680973190693683
46,26,273688.4622,584568.5541,0.4681888211064824
46,27,278597.5968,569149.8731,0.4894977754849648
46,28,282818.5113,586094.8315,0.4825473559904614
46,29,262999.5166,569385.6102,0.46190053258918834
46,30,270152.3276,585307.5552,0.46155619417502436
46,31,283901.807,581773.3154,0.48799386201617456
46,32,282402.889,581311.0437,0.4858034129242193
46,33,289949.4199,582672.7369,0.49761967831654697
46,34,269206.986,566292.3034,0.4753852107536872
46,35,273962.0328,571601.4113,0.47928858708890315
46,36,272515.7091,581471.6616,0.4686655035778273
46,37,270596.9507,567648.0936,0.4766984224044261
46,38,275956.5688,568214.5205,0.4856556086549358
46,39,284864.1316,584824.0837,0.4870937082442865
46,40,278249.7007,580428.7437,0.4793864944149216
46,41,281507.9184,583507.8929,0.4824406350373808
46,42,272135.4118,569435.5075,0.4779038332097687
46,43,267814.8919,571420.2997,0.46868284525524356
46,44,273261.7564,565757.3648,0.4830016777538554
46,45,268847.0896,565458.9182,0.4754493756253927
46,46,288474.6763,581686.4096,0.49592816943818796
46,47,279209.652,575068.0819,0.48552451577125166
46,48,289487.461,581387.2002,0.4979254116712836
46,49,259067.2084,569796.6808,0.4546660539269326
46,50,268476.5901,581584.0419,0.4616299120294002
46,51,283640.7572,585881.833,0.4841262200393232
46,52,277630.5241,585926.4609,0.47383168814999665
46,53,289779.0849,582880.4235,0.49715014129308804
46,54,285053.65,567662.3966,0.5021534836679721
46,55,277825.2241,569954.1676,0.4874518687526832
46,56,277670.4749,584999.6555,0.4746506639609466
46,57,266179.0636,566508.3681,0.46985901460331847
46,58,267406.2392,566411.6417,0.47210583171881865
46,59,275956.9341,579804.6084,0.4759481558132438
46,60,294467.5762,585553.4359,0.5028876241626029
46,61,269258.7089,573548.6511,0.4694609749035115
46,62,285004.5858,583557.2706,0.48839180001470106
46,63,290149.0335,582391.9306,0.4982023586780788
46,64,282930.7576,585364.7248,0.4833409763402948
46,65,280698.1545,584576.062,0.48017387769805736
46,66,269329.6382,566591.6082,0.4753505599132169
46,67,275919.9095,582146.6198,0.47396978719002775
46,68,264687.9392,563690.8221,0.4695622650266315
46,69,291118.078,585078.4819,0.49757098749319084
46,70,288904.6478,572344.7127,0.5047738563655294
46,71,267135.3484,573831.2746,0.4655294338674931
46,72,276929.8827,573148.3199,0.4831731562055653
46,73,270496.1344,567552.6663,0.47660094025004496
46,74,273620.3605,587174.4712,0.4659949877262307
46,75,269943.9233,583046.0682,0.46298901240064994
46,76,278401.7366,571161.3338,0.4874309938800693
46,77,286963.6389,584614.24,0.49085981706501025
46,78,282134.6226,586915.5887,0.48070732492370755
46,79,272601.2307,569321.498,0.4788177359499606
46,80,265097.4704,570662.4498,0.4645433924957016
46,81,281671.6426,583521.9865,0.4827095621357534
46,82,263436.9713,568304.3387,0.46354911155986217
46,83,266653.0803,569428.4478,0.46828197876347827
46,84,276491.3755,566223.9097,0.4883074888986801
46,85,271152.4667,570691.1024,0.4751300056364783
46,86,273012.712,583878.3783,0.4675848980654059
46,87,281949.3038,574401.6786,0.49085738134888524
46,88,288079.5751,584476.0793,0.4928851415870083
46,89,262245.9369,567055.6758,0.4624694683287041
46,90,263951.148,583403.2208,0.45243347754928953
46,91,284314.7935,586113.9378,0.48508451201004693
46,92,276289.658,584144.526,0.47298167782539485
46,93,278351.0617,586554.2481,0.4745529720424848
46,94,281914.4579,570887.3297,0.4938180324445901
46,95,278063.709,573196.1789,0.48511089088839005
46,96,268822.364,580495.2887,0.46309137943568635
46,97,262649.8576,570891.8618,0.4600693672035806
46,98,274296.2928,565789.3747,0.4848028348808085
46,99,273931.0703,582474.7667,0.47028830425041657
46,100,284312.9637,581804.5708,0.4886743383763048
46,101,269892.4262,570560.6206,0.4730302380773876
46,102,284071.4239,588204.5855,0.48294663268992827
46,103,284023.2971,579998.4343,0.4896966617552816
46,104,275435.3737,579059.5106,0.4756598737400998
46,105,274938.6104,579054.1279,0.4748064078173373
46,106,274839.9032,568228.7703,0.4836782605268236
46,107,266644.5023,583110.4999,0.4572795419491296
46,108,268487.2608,571439.8641,0.4698434212720862
46,109,291369.6725,585006.3628,0.4980623990231923
46,110,284038.1814,568348.7858,0.49976033818774107
46,111,261057.2412,565771.4477,0.46141819680236934
46,112,265837.1287,568299.4422,0.46777650822758454
46,113,270748.9056,570093.5122,0.4749201662639093
46,114,271564.9423,587881.3243,0.46193837272064536
46,115,268677.6121,580914.0745,0.462508353462178
46,116,279494.3709,568032.8365,0.4920391092566706
46,117,288386.6974,584410.4071,0.4934660538149065
46,118,277689.4762,582460.6737,0.47675231777626537
46,119,270226.2285,573417.6403,0.4712555204242118
46,120,264188.8609,567421.4305,0.46559549340109035
46,121,272523.8265,568736.3674,0.4791742573907364
46,122,290088.4456,579655.6536,0.500449609692205
46,123,287344.2256,583906.3599,0.49210668924587614
46,124,276103.6892,583554.5347,0.47314119380794867
46,125,278437.9804,582859.1837,0.4777105485967828
46,126,279715.1482,572221.3823,0.4888233065945673
46,127,276176.1664,580269.7484,0.47594445025182014
46,128,270106.3841,566724.2515,0.4766098916449846
46,129,285264.2336,581852.0325,0.49026937720630887
46,130,292575.6413,567605.8911,0.51545561081651
46,131,265911.0279,566706.4627,0.46922180247089673
46,132,271231.4851,571494.333,0.47460048059654164
46,133,265197.2845,567666.5738,0.4671708653281286
46,134,278312.0748,580593.7701,0.47935766646628714
46,135,282522.3908,583578.1268,0.48412093912632914
46,136,278605.6519,576504.682,0.4832669371104951
46,137,280482.3152,579148.9169,0.4843008542627217
46,138,278166.463,581112.7754,0.4786789669329304
46,139,270182.7209,570539.2789,0.4735567398986314
46,140,270425.753,575732.1707,0.4697075598037273
46,141,279395.3869,582277.2756,0.47983220126888976
46,142,268578.3633,570577.9856,0.4707128036451885
46,143,262529.8055,576610.5371,0.4552983142145912
46,144,279122.4351,573151.6967,0.48699574075604407
46,145,275052.5313,571216.2571,0.4815208388787995
46,146,279600.6181,582510.565,0.47999235533178697
46,147,280667.8996,568009.3552,0.49412548760077185
46,148,281866.2161,583589.9596,0.4829867468816542
46,149,268778.3691,570725.9761,0.4709411878125307
46,150,276361.327,585825.2018,0.4717470777133781
46,151,290532.0089,585637.7029,0.49609512410373197
46,152,287715.6523,580882.9519,0.49530744766895957
46,153,275428.6606,582221.6112,0.4730649898624031
46,154,274650.443,572371.1012,0.4798468029293999
46,155,271292.1436,567927.0491,0.4776883651340776
46,156,277010.9604,581236.8705,0.4765887617585334
46,157,270787.4157,572329.8838,0.4731317084163062
46,158,277346.2297,572625.964,0.48434099593150826
46,159,280530.4121,576697.2894,0.4864430911264831
46,160,287550.4243,582494.2657,0.49365365675221273
48,0,6788661.7009,17711225.5037,0.3832971185128776
48,1,6706921.0164,17713913.4371,0.37862446602866606
48,2,6492033.862,17706537.807,0.3666461469070185
48,3,6868465.2279,17647777.9297,0.3891971700494284
48,4,6677020.8949,17693531.6605,0.3773707263771508
48,5,6723461.8268,17697021.0303,0.3799205422928756
48,6,6684382.8704,17651165.4921,0.37869356974709
48,7,6735495.0034,17686569.1554,0.3808254130136676
48,8,6913722.9464,17745851.9931,0.38959656313420266
48,9,6893463.8888,17723042.0434,0.38895489114788295
48,10,6845341.2875,17743970.3232,0.3857840811731864
48,11,6905257.8532,17671816.3498,0.3907497518373741
48,12,6807505.1699,17734921.6818,0.38384748983053163
48,13,6860637.7898,17737471.3101,0.38678781602276324
48,14,6794184.9507,17670418.4858,0.3844948525786091
48,15,6623848.6154,17712424.497,0.37396623011840635
48,16,6669566.1271,17705880.923,0.37668648942714905
48,17,6684897.0657,17727494.6016,0.3770920378730028
48,18,6895393.5398,17710498.8248,0.3893393183338453
48,19,6725126.4924,17671515.2818,0.3805630917981464
48,20,6830827.382,17676951.8694,0.38642563675384695
48,21,6796996.4463,17766497.0988,0.3825738077968723
48,22,6809063.9926,17756461.8949,0.3834696367385946
48,23,6634540.42,17723504.9768,0.37433568747742546
48,24,6795762.7797,17657020.6177,0.38487596106036687
48,25,6887745.8513,17727319.3913,0.38853848679909747
48,26,7060027.9156,17710546.0413,0.3986341188541794
48,27,6654816.441,17704862.2811,0.37587507518225877
48,28,6764216.609,17715755.2145,0.38181926353687823
48,29,6753248.7116,17680968.5635,0.3819501565961257
48,30,6678774.9711,17742057.2078,0.37643746116227084
48,31,6853171.8435,17714816.0648,0.38686102178150794
48,32,6724491.3225,17742804.3481,0.378998223199147
48,33,6927458.5066,17743281.3188,0.3904271358905847
48,34,6788226.8208,17810705.0727,0.3811318413893058
48,35,6597150.4997,17694346.313,0.37283945860453105
48,36,6682091.3546,17792389.856,0.37555895574908654
48,37,6768319.3964,17705295.201,0.3822765630034637
48,38,6815266.168,17715385.7691,0.384708877177685
48,39,6851218.2149,17749403.9528,0.38599708661310894
48,40,6549447.3016,17635415.828,0.37138037262503043
48,41,6821281.9932,17707330.7272,0.3852236171724018
48,42,6706084.9061,17687700.0797,0.37913832074733717
48,43,6609233.4959,17707644.9781,0.3732418118882548
48,44,6850884.877,17627513.4706,0.3886472637463151
48,45,6877942.6121,17730351.3892,0.387919137140707
48,46,6739408.7626,17775567.4683,0.379138881198516
48,47,6896400.7864,17747211.4025,0.3885906709506218
48,48,6990577.0171,17735247.3645,0.3941629272728828
48,49,7046817.2454,17714710.0205,0.39779467105276967
48,50,6829778.0475,17677475.0112,0.38635484101506723
48,51,6846888.4201,17723923.4549,0.3863077177873442
48,52,6698999.7573,17677934.5615,0.3789469710952239
48,53,6666553.5935,17705966.5686,0.37651452507103206
48,54,6762033.1439,17696794.5743,0.3821049690953693
48,55,6874296.7308,17773718.998,0.38676749258686577
48,56,6709419.6334,17708300.3585,0.37888557894148617
48,57,6814757.3063,17708547.745,0.38482869427980865
48,58,6893608.7409,17644986.0272,0.39068371775831406
48,59,6747354.3457,17690565.4017,0.3814097623500266
48,60,6802916.829,17770858.8319,0.3828130589157719
48,61,6846618.8496,17721803.8351,0.3863387109634693
48,62,6900031.6651,17715983.2051,0.3894805941740591
48,63,6799043.1055,17729716.4893,0.3834829005643303
48,64,6809251.3827,17702812.1755,0.38464235598249963
48,65,6940901.1549,17786621.4768,0.39023156612138915
48,66,6950057.8016,17730666.6735,0.3919794968560013
48,67,6857949.1376,17664165.1054,0.38824077428394843
48,68,6814673.3072,17729766.3038,0.38436340278999725
48,69,6664916.0875,17701902.9043,0.3765084535562001
48,70,6857689.6542,17681076.1964,0.3878547650621107
48,71,6759309.3776,17734969.5529,0.3811288966377011
48,72,6686567.0552,17615634.441,0.37958139274491093
48,73,6778337.8031,17687839.4612,0.38322022415281104
48,74,6916101.2408,17767547.8213,0.38925468558519233
48,75,6759487.8136,17701151.9505,0.3818671142139462
48,76,6689386.5444,17695289.6866,0.3780320448478235
48,77,6815315.9247,17654628.282,0.3860356511526579
48,78,6743336.3059,17718832.2359,0.3805745331364092
48,79,6805533.9793,17746857.3433,0.3834782602717717
48,80,6742084.6772,17718256.6637,0.380516255361214
48,81,6721591.9485,17708067.3373,0.3795779528318001
48,82,6624907.8701,17734433.8671,0.37356184695527184
48,83,6731841.8885,17733263.1026,0.37961664751441015
48,84,6756710.7685,17725101.3431,0.38119447881917146
48,85,6752494.7012,17737372.6319,0.3806930621199157
48,86,6751109.9519,17715771.8027,0.38107907615241954
48,87,6680034.7511,17697512.7768,0.3774561338278553
48,88,6828645.6045,17728603.0899,0.38517674347339215
48,89,6906507.1417,17663020.1801,0.39101507393855556
48,90,6861188.3318,17691474.8056,0.38782455432309026
48,91,6916639.0829,17627159.2852,0.3923853509797976
48,92,6919137.9335,17774134.8456,0.38928127830721604
48,93,6851671.8246,17771342.3598,0.3855461048400572
48,94,6681817.3964,17703978.7816,0.37741896772631184
48,95,6815833.0391,17687443.9852,0.38534867134014167
48,96,6951651.5013,17671786.6424,0.3933757034289261
48,97,6744635.7059,17755653.205,0.3798584950961256
48,98,6929707.8771,17714184.2396,0.3911954275381567
48,99,6706342.2373,17632801.9998,0.38033332634121714
48,100,6807148.567,17681638.6269,0.38498403403878695
48,101,6854035.7115,17751369.1951,0.3861130730913959
48,102,6755697.514,17731885.6682,0.3809914884639443
48,103,6771947.4438,17741926.8966,0.3816917679385632
48,104,6547022.459,17679689.0657,0.3703132127873076
48,105,6871628.8405,17689760.9278,0.38845232948858144
48,106,6824628.3616,17721707.3128,0.3850999365434007
48,107,6650562.2633,17649568.3817,0.37681160918335277
48,108,6675683.2542,17706406.7104,0.37702077916684157
48,109,6758254.6027,17679033.1855,0.382275123972446
48,110,6648104.2603,17760519.1032,0.3743192539401722
48,111,6832098.7895,17645691.8165,0.3871822573208205
48,112,6577501.3546,17707509.8647,0.3714526438137007
48,113,6795377.8727,17746565.4131,0.38291228271606004
48,114,6768625.5771,17754763.7678,0.38122870377895784
48,115,6827603.2039,17712025.3738,0.3854784001156375
48,116,6748638.1776,17772986.7361,0.37971322872212315
48,117,6785806.3331,17703840.5518,0.38329572124451083
48,118,6943282.9771,17760333.9412,0.39094326717546324
48,119,7058672.4563,17716762.6806,0.3984177348624365
48,120,6907470.7126,17716495.8307,0.3898892184215346
48,121,6644182.7902,17696033.0943,0.37546170685791336
48,122,6610522.7594,17744978.3916,0.3725292087438802
48,123,6690134.5514,17745608.1835,0.377002269080895
48,124,6724323.4302,17739332.7124,0.379062929774107
48,125,6662786.7268,17683932.7888,0.37677064295448076
48,126,6786386.2301,17727598.6193,0.3828147498055194
48,127,6754238.8237,17704346.2646,0.3815017353792476
48,128,6985954.727,17711988.5595,0.39441955958429153
48,129,6729522.1884,17604568.4237,0.3822599922040939
48,130,6821808.235,17709897.8768,0.3851974913947179
48,131,6788400.4303,17731826.4699,0.3828370665494271
48,132,6923404.797,17641096.3362,0.3924588735901288
48,133,6643165.2051,17706725.0335,0.37517752111311115
48,134,6884387.4079,17741353.1846,0.3880418441743127
48,135,6767027.6898,17748842.8994,0.38126585085886133
48,136,6770291.7819,17695876.881,0.3825914831702541
48,137,6780370.6315,17678154.5643,0.38354516060135385
48,138,6747699.2098,17621984.8312,0.38291368846562013
48,139,6583491.1161,17697544.3854,0.37200026019040267
48,140,6866048.1544,17691239.2923,0.3881044194223524
48,141,6944605.6853,17726518.2924,0.39176366000070095
48,142,6895547.4475,17683233.5268,0.389948333660209
48,143,6673495.9779,17707739.7403,0.3768688763090517
48,144,6918052.0704,17658750.2302,0.39176340229155887
48,145,6762335.3626,17710604.5394,0.38182408440977444
48,146,7025142.2933,17747202.5886,0.3958450498453561
48,147,6764953.5505,17727074.6472,0.3816170284795708
48,148,6705328.1193,17710319.8653,0.37861135034821214
48,149,6871876.0484,17725260.2971,0.3876883009455323
48,150,6874402.2135,17731032.1711,0.3877045705610225
48,151,6932309.7076,17796410.3,0.3895341583352908
48,152,6650320.5934,17708791.3646,0.3755378024665217
48,153,6778860.1101,17683906.7306,0.38333498436575386
48,154,6848655.3936,17717844.6376,0.3865399846133709
48,155,6644272.2433,17775915.5686,0.3737794668105127
48,156,6810586.4591,17761171.8687,0.3834536656391519
48,157,6877261.7612,17730948.436,0.3878676758901833
48,158,6827672.3072,17633877.608,0.38719063719158825
48,159,6925990.5016,17775652.6834,0.3896335411676848
48,160,6590932.9194,17697296.9934,0.3724259654939402
49,0,1028296.0267,1921591.3869,0.535127308391455
49,1,1025404.9876,1927214.2739,0.5320658950522108
49,2,1008636.7826,1904093.2745,0.5297202590376567
49,3,1011040.2719,1919324.7409,0.5267687381687729
49,4,1045310.0799,1926162.862,0.5426903926569424
49,5,1040041.8846,1915102.8296,0.5430736504197163
49,6,1052181.5387,1927941.4832,0.5457538768000301
49,7,989301.1283,1926633.3832,0.5134869648406287
49,8,1021581.4404,1925134.3443,0.5306546233641987
49,9,1047661.2177,1927268.0719,0.5435991147132748
49,10,1035714.4896,1919671.0777,0.5395270583754964
49,11,1036119.3884,1933787.258,0.535798022307581
49,12,1030816.6462,1930267.8244,0.5340277826577857
49,13,1024467.9381,1912674.1847,0.5356207274061611
49,14,1075282.8797,1919585.424,0.5601641199480164
49,15,972474.163,1922199.2312,0.505917465377873
49,16,997695.7226,1915603.4302,0.5208258175314683
49,17,1070718.0862,1924039.6655,0.5564948090203496
49,18,1078505.1875,1931423.3895,0.5583991544076722
49,19,1028192.1403,1910327.922,0.53822808558624
49,20,1002820.8113,1910086.8632,0.5250131973683949
49,21,1030545.4602,1919082.9257,0.5369989208903522
49,22,1061444.4322,1935174.0074,0.5485007695127644
49,23,987117.1528,1911852.1684,0.5163145818047759
49,24,1022886.9593,1917699.0077,0.5333928605025475
49,25,1038976.2486,1936038.7213,0.5366505520624889
49,26,1019476.3002,1919730.1756,0.5310518702876402
49,27,1065400.4367,1910352.1712,0.5576984457429971
49,28,991250.3721,1910340.0969,0.5188868587894633
49,29,1017568.2664,1924304.9441,0.5287978236089385
49,30,971994.859,1914078.8753,0.5078133777782047
49,31,1013968.9571,1931081.7988,0.5250782011047351
49,32,1069031.9408,1910105.6454,0.5596716304014333
49,33,1030737.7935,1927809.9365,0.5346677460182289
49,34,980853.925,1915211.1487,0.5121387924594009
49,35,1079892.2145,1926434.476,0.5605652452515597
49,36,1033539.5635,1937736.8554,0.5333745707626798
49,37,976318.8479,1911278.7525,0.510819704673089
49,38,1025591.9376,1919559.9844,0.5342849121334288
49,39,996677.3516,1927399.999,0.5171097603596087
49,40,1024816.4753,1938825.7994,0.5285758398805842
49,41,1028002.1182,1925250.656,0.5339575472919615
49,42,1007267.489,1922193.7884,0.5240197398819146
49,43,1035898.1763,1915560.2119,0.540780796064101
49,44,1057543.1777,1918434.932,0.5512530865967363
49,45,1015557.4471,1916890.8827,0.5297940828377022
49,46,1045397.9517,1921956.9657,0.543923703993681
49,47,1011284.6115,1917681.2955,0.5273475910064223
49,48,986487.8214,1941145.4067,0.5081988283799183
49,49,1056234.7879,1922202.3247,0.5494919938070763
49,50,1054105.3607,1919926.0161,0.5490343647935112
49,51,1033487.0814,1926811.6706,0.536371611802713
49,52,1003194.6681,1920473.7484,0.5223683317388688
49,53,1042235.0565,1905763.2087,0.5468859151767085
49,54,1069602.6829,1924581.3515,0.5557586235917552
49,55,993843.569,1908511.7426,0.5207427058562757
49,56,1000411.0942,1927451.1832,0.5190331682170513
49,57,1068098.8784,1919140.4953,0.556550643903241
49,58,1058140.4231,1926999.9226,0.5491128518948286
49,59,1010387.9646,1907445.5955,0.5297073567831676
49,60,1046986.0366,1921127.878,0.5449850832886618
49,61,1031772.3081,1914892.4299,0.5388147615967553
49,62,1057098.6027,1918624.52,0.5509668992972111
49,63,998171.694,1940036.1095,0.5145119150680427
49,64,1049674.3046,1920554.2567,0.5465475921537395
49,65,1021788.5606,1922038.3437,0.5316171573523432
49,66,1051155.1123,1929829.4978,0.5446880739973732
49,67,1053401.165,1928063.914,0.5463517870704778
49,68,1036441.3492,1894982.0203,0.5469399382670227
49,69,1020670.1503,1926606.3845,0.5297761693885843
49,70,1017952.7881,1922271.6033,0.5295572105172137
49,71,1022494.2968,1927797.9991,0.5303949362315737
49,72,1088808.7027,1916366.7364,0.5681630149484784
49,73,1036305.405,1933762.6162,0.5359010440673551
49,74,965688.4027,1898058.4508,0.5087769569440701
49,75,1097649.834,1939460.3749,0.5659563083657203
49,76,1027236.7189,1921461.6043,0.5346121497307923
49,77,969236.3314,1914897.2103,0.5061558010459232
49,78,1037235.3677,1926756.4353,0.5383323749161374
49,79,1020459.9137,1928771.055,0.5290725983546036
49,80,1023911.9243,1928292.0203,0.5309942236553474
49,81,1022366.2602,1927294.4843,0.5304670710824594
49,82,988458.6418,1909258.6743,0.5177185549058212
49,83,1049807.3526,1933283.189,0.5430178871741072
49,84,1022856.2798,1924392.5157,0.5315216471978093
49,85,1037472.6571,1910607.084,0.5430068096094215
49,86,1017070.8071,1926018.4905,0.5280690772786742
49,87,963962.3886,1912383.8756,0.5040632275241089
49,88,1053185.7639,1940389.703,0.5427702292336891
49,89,1003501.5157,1915544.3464,0.5238727662901368
49,90,1065051.2234,1925793.3738,0.5530454294265368
49,91,1043716.8063,1919878.8493,0.5436368063956462
49,92,984868.3949,1917195.2078,0.5137027209817335
49,93,1001714.3323,1910432.7993,0.524338952234822
49,94,1026141.6875,1930259.568,0.531608134217522
49,95,1039209.3112,1922925.1734,0.5404314871818611
49,96,995870.7298,1921021.5108,0.5184068602049513
49,97,1045098.6227,1926708.0791,0.5424270723918821
49,98,1038133.9584,1931072.1033,0.5375946121462465
49,99,1029368.8005,1898529.2052,0.5421927656844033
49,100,1033227.4823,1933494.2997,0.5343835161346558
49,101,1033523.7775,1917250.455,0.5390656055418696
49,102,1035959.092,1929285.4173,0.5369651803255767
49,103,1036915.0947,1934851.7706,0.5359144873296683
49,104,1012752.4378,1914565.5815,0.5289724455437778
49,105,1062318.9008,1934436.4042,0.5491619670171217
49,106,1008576.355,1908921.7614,0.5283487125529502
49,107,1058179.3224,1919262.3958,0.5513468740468509
49,108,995357.7622,1921893.2413,0.5179048142792384
49,109,1069622.099,1913875.5908,0.5588775488551468
49,110,1033379.6915,1926592.8317,0.5363767966416441
49,111,1001665.4953,1933310.7365,0.5181088980622852
49,112,1002106.3535,1923912.3057,0.5208690388491443
49,113,1073754.4067,1933079.9456,0.5554630107999605
49,114,986748.9653,1920683.383,0.5137488948119878
49,115,1081109.2422,1934671.8766,0.5588075452360147
49,116,1026049.6228,1912517.8629,0.5364915239244744
49,117,1014964.3188,1930198.4664,0.5258341753286143
49,118,1029398.5388,1913983.1869,0.5378305022978151
49,119,1020235.0843,1932925.9057,0.5278190339792288
49,120,1022232.0404,1913384.4463,0.5342533448396831
49,121,1024232.8156,1922980.1143,0.5326278768997252
49,122,993147.9901,1919294.34,0.5174547589714665
49,123,1046022.6565,1929619.6253,0.542087488531515
49,124,1005722.0954,1913653.3689,0.5255508190483347
49,125,1057318.3779,1914727.1711,0.5522031513725146
49,126,1027981.1324,1922617.7744,0.534677847093558
49,127,992483.7026,1929877.0654,0.5142730179003867
49,128,1043307.3392,1936779.6583,0.5386814833215249
49,129,1051993.0789,1919376.0811,0.5480911684056726
49,130,1014590.6462,1911709.8228,0.5307241894661462
49,131,1089092.5126,1935186.0481,0.56278439670919
49,132,971671.256,1912773.0359,0.5079908790866074
49,133,1051182.558,1912093.1875,0.5497548785132106
49,134,1035375.4652,1925397.1671,0.5377464363674455
49,135,1014076.7,1920062.866,0.5281476549320443
49,136,1004973.1989,1912594.7141,0.5254501601887492
49,137,1041029.3049,1930245.6754,0.5393247699851834
49,138,1038908.6092,1931221.1131,0.5379542519252711
49,139,1054317.0182,1903663.3513,0.5538358541598299
49,140,1020491.6818,1910649.3052,0.5341072686770106
49,141,1033091.5927,1919465.079,0.5382184880582556
49,142,1047716.6224,1921887.4202,0.5451498414464725
49,143,1043923.3194,1925901.586,0.5420439585223956
49,144,1032401.8717,1910104.9611,0.5404948380980361
49,145,1043475.2329,1938673.9146,0.538241746093384
49,146,1034126.2716,1904935.7711,0.5428667398076349
49,147,1022145.8011,1908039.348,0.5357047810211092
49,148,1026936.6653,1918682.8165,0.5352300320139965
49,149,1055261.9875,1917329.0641,0.5503812607124605
49,150,1004331.1902,1912837.0311,0.5250479648140476
49,151,997472.5346,1924332.6261,0.518347255080092
49,152,1020960.2203,1914855.9879,0.5331785924118895
49,153,1059772.1969,1943065.3937,0.5454125220572086
49,154,1010897.8666,1920524.9651,0.5263653870530985
49,155,1024302.0337,1923149.905,0.5326168443951851
49,156,1069354.3016,1925702.9038,0.5553059610025188
49,157,1037250.5122,1923579.8463,0.5392292470703247
49,158,994506.3714,1906638.9064,0.5216018450382756
49,159,1030471.8235,1924840.1069,0.5353545054501171
49,160,1033101.4898,1919720.673,0.5381519844684196
53,0,2215252.9081,5067131.3027,0.4371808772588174
53,1,2190475.2476,5060883.3121,0.43282468939025354
53,2,2268603.1528,5051617.3329,0.44908452151059014
53,3,2165404.1458,5031794.332,0.4303443270781124
53,4,2210811.0696,5048344.855,0.4379279017380044
53,5,2291506.3617,5043286.2013,0.45436770197759585
53,6,2186276.9565,5078933.5147,0.43045984952790584
53,7,2235008.6536,5073105.6904,0.4405602386383115
53,8,2246930.278,5070484.8829,0.4431391336117931
53,9,2214040.4581,5068573.0448,0.4368173129854467
53,10,2219237.4248,5069215.2139,0.4377871783219537
53,11,2229725.6848,5065173.0806,0.4402072050291864
53,12,2272375.2284,5055529.8993,0.44948309547425247
53,13,2197163.7071,5069498.0767,0.4334085295738485
53,14,2232488.5262,5053214.0668,0.441795755471279
53,15,2101198.6767,5080509.5077,0.41358030597431844
53,16,2257819.749,5094667.2313,0.4431731546917687
53,17,2146017.6002,5053104.3748,0.42469290974915563
53,18,2259157.7121,5080259.0719,0.44469340640438687
53,19,2227731.7092,5068794.2282,0.43949933828564564
53,20,2219460.5801,5078343.8836,0.43704416852657896
53,21,2163769.2766,5062551.2473,0.4274068885236468
53,22,2136292.985,5036697.2821,0.4241455988614218
53,23,2193238.4712,5033859.5243,0.4356971942924824
53,24,2187846.0955,5063532.2028,0.43207903255560987
53,25,2281997.0149,5078544.608,0.4493407444536913
53,26,2255568.758,5064933.3537,0.44533039242308636
53,27,2213255.9792,5097971.6635,0.4341444255263856
53,28,2163243.3113,5072057.769,0.4265021042389472
53,29,2189501.8727,5086648.2703,0.4304409812418321
53,30,2274831.7836,5073649.7919,0.4483620030755241
53,31,2206649.6108,5042710.3274,0.43759198278948913
53,32,2209016.67,5085853.4496,0.43434532510443025
53,33,2273945.2814,5087283.6622,0.4469861388497119
53,34,2202367.599,5089695.833,0.43271104428687773
53,35,2200921.027,5074887.021,0.4336886748202547
53,36,2253474.5494,5084267.9134,0.44322498101659535
53,37,2150342.2039,5061488.567,0.42484383308101226
53,38,2247540.9438,5096594.4807,0.44098877246582663
53,39,2194306.3727,5038253.4009,0.4355291800741947
53,40,2194535.4717,5096895.4873,0.4305631687304855
53,41,2232177.3099,5074659.7237,0.43986738647226786
53,42,2268656.4784,5092618.6615,0.4454793553562051
53,43,2191404.3654,5070317.7647,0.43220256936493223
53,44,2180321.1305,5084710.5095,0.42879946192146146
53,45,2211165.7083,5083418.5193,0.4349761287419009
53,46,2259961.2068,5052458.5423,0.44729930743206286
53,47,2187484.2892,5072903.9017,0.43120948702910455
53,48,2235916.9322,5080378.0932,0.4401083720900098
53,49,2273234.1179,5064278.2635,0.4488762267042043
53,50,2220802.7369,5044407.4388,0.4402504682350363
53,51,2193974.4998,5074505.4552,0.43235237781679153
53,52,2237763.8409,5074018.7704,0.44102395796292854
53,53,2186754.6121,5047401.797,0.433243617220989
53,54,2190505.3401,5052653.3773,0.433535644843808
53,55,2237353.2041,5052095.2734,0.44285649478543737
53,56,2212486.7093,5043202.1706,0.4387067253020269
53,57,2287410.6299,5102808.954,0.4482649949312604
53,58,2149362.3019,5060881.9582,0.42470113305398294
53,59,2203688.7202,5087361.7168,0.4331692619620021
53,60,2207707.7006,5065433.7834,0.43583783640305557
53,61,2216534.3568,5066231.5947,0.437511455086027
53,62,2297784.1749,5069130.3526,0.4532896207179693
53,63,2268596.684,5064635.7863,0.44792888960280736
53,64,2162625.2325,5071857.1803,0.4263971077300881
53,65,2167514.6272,5082897.451,0.4264328855923637
53,66,2273306.6293,5045525.2446,0.4505589644473622
53,67,2242419.9879,5074548.3729,0.44189547977813504
53,68,2210199.6081,5069669.0815,0.43596526174959965
53,69,2241632.2943,5061037.3686,0.4429195303333805
53,70,2247248.5439,5065959.657,0.4435977970718372
53,71,2210400.2061,5073796.726,0.4356501305566888
53,72,2208611.1214,5058115.4495,0.4366470365199599
53,73,2219330.6104,5039046.9503,0.4404266585108662
53,74,2116530.2618,5049886.8471,0.4191242944414607
53,75,2204661.7238,5047456.0345,0.43678671170800865
53,76,2180980.7413,5059207.6941,0.43109136314831253
53,77,2213051.2795,5096421.1745,0.4342363403113202
53,78,2233713.4957,5052349.561,0.4421138064045367
53,79,2173491.5911,5088007.0089,0.42717936262629036
53,80,2227929.5042,5055579.6451,0.44068725261985886
53,81,2205082.9451,5058812.207,0.43588946473418677
53,82,2207805.0308,5053361.1994,0.4368983224595422
53,83,2152232.9156,5039659.3378,0.42705920605727493
53,84,2248998.0276,5053720.3007,0.4450183021186367
53,85,2254510.0595,5042361.5918,0.44711392042298875
53,86,2205284.991,5078482.4782,0.4342409372221825
53,87,2265495.8585,5060098.1102,0.44771777328452955
53,88,2194772.0274,5079705.3301,0.43206680009464116
53,89,2197011.247,5080148.4395,0.43246989200501296
53,90,2165251.3522,5069718.3958,0.42709499486081887
53,91,2258886.9651,5056866.7843,0.4466969492083798
53,92,2238820.6272,5067548.2096,0.44179562474783407
53,93,2254346.5393,5088548.5643,0.4430234890781899
53,94,2309246.7762,5059451.6176,0.45642234588566216
53,95,2216243.0216,5082822.251,0.4360260721617747
53,96,2276113.2028,5089709.057,0.44719907902586425
53,97,2180424.2372,5038487.2928,0.4327537434332378
53,98,2189325.9225,5054717.0087,0.43312532011818067
53,99,2244062.5409,5042964.4844,0.44498876560440287
53,100,2215529.3248,5101956.8993,0.4342508901053193
53,101,2189058.9152,5043322.0259,0.4340509893990666
53,102,2171290.4679,5049429.2944,0.43000710403214076
53,103,2200403.1566,5040869.4257,0.4365126272427581
53,104,2198168.3318,5077185.715,0.43295015293723604
53,105,2211228.6399,5075272.648,0.43568667010852574
53,106,2145560.0937,5069038.7165,0.42326764771318154
53,107,2265065.9056,5102645.8991,0.44390027260161447
53,108,2193919.7609,5067846.6856,0.43290965512707774
53,109,2136572.3385,5097595.6752,0.4191333472943935
53,110,2262506.7054,5079369.2198,0.4454306445336703
53,111,2270443.5926,5045870.6401,0.4499607212591966
53,112,2251681.804,5083591.2612,0.4429313232135194
53,113,2245048.7626,5071242.0479,0.4427019537609478
53,114,2170756.2137,5073682.4428,0.4278462907706203
53,115,2208041.6688,5066475.6504,0.43581412823442156
53,116,2222532.9967,5091502.5696,0.43651809388649826
53,117,2154932.5269,5062886.9546,0.42563315085320785
53,118,2208544.3535,5085101.7818,0.4343166466017579
53,119,2233454.7355,5038485.6576,0.44327897056352233
53,120,2219205.7069,5079374.1142,0.43690534640792533
53,121,2242294.4416,5083172.7433,0.4411210389329206
53,122,2297563.1829,5079520.586,0.45231890372340744
53,123,2239311.0095,5074083.7816,0.44132322324285367
53,124,2183731.2896,5075020.1161,0.4302901741556311
53,125,2193079.4486,5077315.0869,0.43193684281252753
53,126,2231444.2627,5052001.7487,0.441695069340426
53,127,2187834.9031,5080157.2681,0.43066282944391193
53,128,2195902.4288,5086462.0374,0.43171509246581524
53,129,2226177.069,5078182.155,0.43838070416755265
53,130,2234126.5852,5042134.8719,0.4430913971878992
53,131,2156309.2303,5087631.3776,0.4238336212395169
53,132,2165845.2243,5060485.7713,0.42799156487769574
53,133,2167201.5289,5039046.3223,0.4300816841689227
53,134,2185946.1193,5058158.2056,0.43216246515972756
53,135,2283190.8487,5059041.3849,0.45130898820372684
53,136,2233123.0269,5063403.695,0.44103199377627345
53,137,2242370.0154,5092142.6833,0.44035883416110716
53,138,2176130.1815,5053090.918,0.43065328069761044
53,139,2265379.5038,5100563.1096,0.44414302011796053
53,140,2177722.9084,5050368.5514,0.4312007898505385
53,141,2252740.1687,5066807.2662,0.4446074323228616
53,142,2262917.3004,5087383.0553,0.44480969406117526
53,143,2253572.4145,5066549.4019,0.44479432365840366
53,144,2217492.9107,5079457.0697,0.43656101041345513
53,145,2131386.0326,5107863.9603,0.41727541084998226
53,146,2223329.746,5051674.6841,0.4401173640491669
53,147,2161528.9847,5057564.5636,0.4273853467451165
53,148,2186774.5753,5067433.2226,0.4315349565036812
53,149,2270005.727,5078187.361,0.4470110229554407
53,150,2194435.2891,5065830.5246,0.43318371557115476
53,151,2192814.7226,5053393.5032,0.43392914508071195
53,152,2143553.3797,5072394.59,0.42259200100992145
53,153,2252823.8055,5041922.9193,0.4468183749649177
53,154,2157038.7648,5046590.6882,0.42742494845948464
53,155,2255879.328,5047025.0571,0.4469720880078648
53,156,2232414.7172,5053208.4284,0.44178164206594
53,157,2217416.0276,5085427.7373,0.43603333724240273
53,158,2217747.5722,5054960.7079,0.4387269655200399
53,159,2262379.4458,5071232.3616,0.4461202493758751
53,160,2249106.8264,5061645.1537,0.44434304620424264
55,0,1876548.0201,4206500.2103,0.446106722045348
55,1,1988533.1906,4215212.1584,0.4717516262229616
55,2,1886228.8923,4217857.8596,0.44720067747348896
55,3,1823603.5864,4222998.8527,0.4318266828876991
55,4,1965552.294,4232647.4049,0.4643789349721272
55,5,1854622.8162,4209369.151,0.4405940058166212
55,6,1866231.5392,4207609.9427,0.4435372015502106
55,7,1924625.4538,4190585.7313,0.45927361404987754
55,8,1961502.831,4218336.4223,0.4649944041045718
55,9,1721593.8105,4204666.3506,0.4094483763864714
55,10,1832413.401,4202121.5766,0.4360686304756164
55,11,1790637.9619,4193894.8739,0.42696300592648007
55,12,1867773.7018,4197259.0664,0.4449984316555409
55,13,1935453.6983,4203910.7024,0.46039362757992347
55,14,1789222.0519,4172742.1517,0.42878806953625453
55,15,1834226.9191,4216732.1858,0.43498776737038847
55,16,1797490.3687,4207762.1445,0.4271844051474046
55,17,1896575.3944,4210621.4932,0.45042647444395084
55,18,1779184.5238,4205461.3751,0.4230652394846198
55,19,1945410.7622,4225642.8222,0.46038220551427467
55,20,1815478.079,4194564.4119,0.43281683167136015
55,21,1743146.1499,4200139.1834,0.41502104425237846
55,22,1895589.2577,4195991.1603,0.4517619759629025
55,23,1929593.3786,4196394.4433,0.4598217361765898
55,24,1752333.0322,4177803.9315,0.4194387915114154
55,25,1935707.6818,4199904.8471,0.4608932231254216
55,26,1950046.1627,4200130.7266,0.4642822544427229
55,27,1852152.3876,4209550.4307,0.4399881693048177
55,28,1811025.0683,4194498.9388,0.4317619564872543
55,29,1971618.9031,4224969.0753,0.4666587773686846
55,30,1925160.8891,4217705.3494,0.45644745889464955
55,31,1935756.7472,4209749.3066,0.4598270838040501
55,32,1879406.908,4205097.3593,0.44693540896110306
55,33,1874088.4991,4208382.752,0.44532273073530554
55,34,1929304.2976,4221418.0836,0.4570275342059228
55,35,1866885.1444,4203624.6972,0.44411318299740626
55,36,1929734.9432,4225071.1345,0.45673430855226704
55,37,1816228.0378,4199976.8622,0.43243762939413843
55,38,1936583.7451,4220360.7388,0.4588668753587733
55,39,1803167.5304,4206685.6474,0.42864327918452205
55,40,1909716.2365,4215401.5627,0.45303305227149243
55,41,1771893.5586,4198762.419,0.422003767248637
55,42,1874464.1292,4181437.4281,0.448282238209107
55,43,1907817.4319,4202578.7825,0.45396351398440443
55,44,1769849.262,4193590.636,0.42203672595190334
55,45,1892640.4957,4195449.016,0.4511175057740232
55,46,1867979.7342,4222348.6809,0.44240300253977066
55,47,1846575.5337,4199413.4755,0.4397222479932484
55,48,1781893.3906,4190276.6805,0.42524480516818225
55,49,1993215.5698,4218265.0374,0.47252023097831536
55,50,1905124.0467,4215408.7677,0.4519428960953338
55,51,1964851.9039,4219718.3453,0.4656357944099488
55,52,1923329.3884,4219270.2355,0.45584408702185863
55,53,1834664.8862,4197475.1531,0.43708772995238054
55,54,1932303.1859,4209905.2821,0.45898970556794133
55,55,1921205.1771,4223366.056,0.4548990429969019
55,56,1986030.4113,4212978.7923,0.4714076450918383
55,57,1862439.9359,4193271.2754,0.4441496420291435
55,58,1845959.639,4217728.6616,0.43766676026516443
55,59,1758612.6412,4190347.0251,0.4196818618281458
55,60,1889451.071,4212554.0013,0.44852862904948226
55,61,2006371.2431,4219243.8719,0.4755286264589621
55,62,1886268.6334,4232125.2685,0.4457024576847069
55,63,1760703.6307,4193146.3905,0.41990034850418134
55,64,2000989.7965,4224051.7611,0.47371337040124606
55,65,1878141.4441,4206572.1992,0.4464778815533422
55,66,1873432.68,4186205.6403,0.4475252390768224
55,67,1908228.6242,4209122.7444,0.45335542346413876
55,68,1925855.4983,4212761.1503,0.4571480389204728
55,69,1791089.3918,4184772.3361,0.4280016325736865
55,70,1867951.1049,4212324.3579,0.44344901916129814
55,71,1780250.3327,4199689.4479,0.42390047044792584
55,72,1863045.7852,4224702.019,0.4409886843666642
55,73,1935913.559,4191906.5371,0.4618217371657535
55,74,1814945.8659,4194325.2378,0.4327146234496522
55,75,1870242.9357,4212237.4129,0.44400226111955865
55,76,1815857.7579,4172583.0938,0.43518792006758716
55,77,1894457.6933,4217804.9504,0.4491572549177119
55,78,1855615.1758,4198483.986,0.44197266965590853
55,79,1981072.08,4219927.4247,0.4694564338723993
55,80,1892097.0762,4197372.5927,0.4507813005427975
55,81,1982885.5845,4212434.0997,0.4707220427831065
55,82,1875796.1179,4229364.7631,0.4435172237367147
55,83,1796575.7303,4197775.8286,0.4279827707948797
55,84,1951443.858,4223032.7901,0.46209536013424857
55,85,1952840.924,4211299.9721,0.4637145149805606
55,86,1871881.5493,4189935.7496,0.44675662376892117
55,87,1921521.9775,4199311.1418,0.4575802822451388
55,88,1981347.7351,4226218.2023,0.4688228672200852
55,89,1715009.3934,4189732.5437,0.4093362465293443
55,90,1899790.9579,4216355.2598,0.45057658589948024
55,91,1788817.8103,4200809.7835,0.425826900643334
55,92,1859697.4083,4200934.7555,0.44268657252179977
55,93,1944975.7504,4200753.7166,0.46300637495459307
55,94,1797391.6332,4214114.6515,0.4265170223976285
55,95,1835431.8793,4205667.5627,0.4364186783516645
55,96,1741524.1349,4192677.0739,0.4153728284348992
55,97,1862120.0795,4216965.6203,0.44157819796679454
55,98,1864857.202,4197527.8683,0.44427512109771117
55,99,1984912.9822,4206900.4642,0.471823138933585
55,100,1841771.0885,4204252.1171,0.43807341643688413
55,101,1755665.5326,4193905.0588,0.4186230989936495
55,102,1837717.9742,4190324.5942,0.4385622003468802
55,103,1926848.6091,4210096.8909,0.4576732220260361
55,104,1748069.3448,4187786.3418,0.41742085248041627
55,105,1891237.5473,4198085.512,0.450500005751193
55,106,1868670.574,4222170.7234,0.4425852710416243
55,107,1847213.3435,4209120.2305,0.4388597242043072
55,108,1813809.6084,4208249.6431,0.4310128348431012
55,109,1948804.9464,4186602.4108,0.46548603262940635
55,110,1919958.9005,4224152.6996,0.45451929346252273
55,111,1951527.8964,4203856.8304,0.46422320624423136
55,112,1924734.4896,4197914.7406,0.4584977562752743
55,113,1830613.6558,4213069.5587,0.43450829147118586
55,114,1943897.7582,4224139.0305,0.4601879209382713
55,115,1877332.5217,4217141.3863,0.445167081141455
55,116,1937910.6691,4240549.0828,0.4569952219065964
55,117,1890165.8162,4193257.7092,0.45076309334696496
55,118,1948053.9083,4219661.0705,0.46166122722960057
55,119,1778898.5165,4195597.7039,0.42399167938490206
55,120,1857036.8286,4202171.4489,0.44192314644518266
55,121,1758435.1777,4193037.4481,0.41937025353703994
55,122,1843578.024,4201327.6163,0.43880844160960514
55,123,1945525.6949,4204723.7586,0.46270000280536383
55,124,1777686.2507,4188956.5102,0.42437448237320685
55,125,1876562.8313,4207528.9172,0.44600117271417433
55,126,1913701.4527,4204810.9044,0.45512188210353616
55,127,1800901.7628,4220077.8904,0.42674609558671
55,128,1799309.9095,4180720.7059,0.4303827105601056
55,129,1997972.7805,4215104.1524,0.47400318195278573
55,130,1891914.244,4213124.0022,0.44905258972014217
55,131,1951836.2097,4199580.9135,0.46476928291240077
55,132,1906940.2545,4206959.9249,0.4532822485931639
55,133,1837804.2592,4220215.1492,0.4354764376286316
55,134,1950622.0969,4222104.1566,0.4620023629333692
55,135,1885689.7649,4189501.2607,0.4500988656069603
55,136,1969564.1998,4225678.4468,0.46609419637490435
55,137,1867154.4497,4197997.2111,0.44477267511350965
55,138,1953675.7793,4203245.7084,0.464801706784751
55,139,1788108.8035,4203685.2602,0.4253669560919807
55,140,1898890.7098,4213785.44,0.450637731046885
55,141,1984253.3581,4214418.8668,0.47082490393429727
55,142,1890489.3768,4216032.1623,0.4484048754904822
55,143,1801237.4464,4202331.3221,0.42862813717883647
55,144,1986198.1132,4220106.5462,0.4706511770392324
55,145,1834616.1528,4225136.9975,0.4342145956179732
55,146,1820650.0906,4188115.9812,0.4347181641513037
55,147,1933604.8433,4204825.4571,0.45985377110839126
55,148,1973678.2389,4223414.5962,0.4673181365324183
55,149,1771088.658,4200805.9615,0.42160687121277785
55,150,1791065.6135,4212769.2428,0.4251516070008087
55,151,1881484.8632,4211413.5078,0.4467585193701078
55,152,1816089.8294,4202797.708,0.4321144998111815
55,153,1926621.274,4204304.9565,0.4582496498074854
55,154,1831868.0536,4187342.5379,0.4374774781426653
55,155,1862364.691,4200127.5512,0.44340669855797876
55,156,1800646.9881,4194658.5295,0.4292714115908347
55,157,1890095.4341,4207902.0291,0.4491776236777689
55,158,1852402.3729,4205428.0572,0.4404789114697972
55,159,1960759.506,4219485.1543,0.46469164703703864
55,160,1895892.2765,4190488.1492,0.45242754757866144
56,0,173816.9201,405321.3696,0.4288372958759488
56,1,175289.0527,405451.4951,0.43233051257282196
56,2,175188.8715,405236.5859,0.43231257392744704
56,3,171859.2942,405038.9316,0.4243031491346152
56,4,173313.7034,405371.9057,0.42754246400159446
56,5,175464.1082,406052.6393,0.432121580350974
56,6,173773.6207,402882.963,0.43132531444373834
56,7,177742.1819,403177.9098,0.4408529772580313
56,8,173796.5188,405048.232,0.4290761076572234
56,9,167192.0157,402690.6974,0.4151871815750567
56,10,176689.3392,404848.1305,0.4364336300177135
56,11,173131.2779,404049.2526,0.42849052878064897
56,12,170668.45,405620.073,0.42075937893734366
56,13,178869.0965,405757.3823,0.4408277071537091
56,14,179976.5308,404241.6864,0.44522011671481093
56,15,170316.9588,406878.5992,0.418594045336558
56,16,166431.048,407946.4329,0.4079727988228231
56,17,170811.6192,405082.1953,0.42167150563973455
56,18,179332.178,405456.3879,0.442297083858572
56,19,175450.3507,407066.6666,0.431011343093844
56,20,172151.9336,404324.8095,0.4257763302056289
56,21,174620.3377,406568.7701,0.42949766568900566
56,22,171165.18,405300.2778,0.42231695702035366
56,23,176340.4908,406871.8921,0.4334054384780639
56,24,178138.6725,404006.2279,0.4409305109625514
56,25,176760.3441,404968.7959,0.4364789235357479
56,26,178520.912,405528.7972,0.44021759547684225
56,27,175607.1433,404630.6958,0.43399362708458167
56,28,182293.3779,404710.9919,0.45042853183746207
56,29,181073.0298,405788.4691,0.4462251729370296
56,30,176628.7508,403588.7649,0.43764536122249226
56,31,177818.2214,405690.1264,0.4383104488588806
56,32,174659.7385,402836.9607,0.43357426338560895
56,33,173834.0963,405789.062,0.42838536712455794
56,34,176975.2467,406896.4718,0.4349392510510336
56,35,175937.9948,405763.218,0.43359769194259495
56,36,178959.6324,406084.0884,0.44069599748444616
56,37,173151.4961,404284.3481,0.42829136698898584
56,38,169884.4154,403330.062,0.4212044461987066
56,39,179903.2413,405196.9722,0.4439895992391623
56,40,173844.2363,404035.3704,0.43026984525610235
56,41,171962.5582,405588.3565,0.42398297545802455
56,42,169886.451,406591.3155,0.41783098783377726
56,43,168562.7212,405641.6114,0.41554593134130324
56,44,173819.0713,404574.2378,0.42963455173319
56,45,176278.3131,403547.6321,0.4368215771275244
56,46,173459.4578,404912.8862,0.4283871017982929
56,47,175170.2495,406786.4768,0.43061964812100656
56,48,170498.8452,406594.1025,0.4193342799407672
56,49,177848.2774,405375.7357,0.4387245257610025
56,50,170296.1312,404398.5761,0.421109621211646
56,51,177326.0445,407655.9556,0.4349894612455896
56,52,170274.4536,405955.2339,0.41944145408393513
56,53,171655.8368,403818.6393,0.4250815096043042
56,54,172711.4802,406958.8227,0.4243954684509166
56,55,171343.4834,405780.1862,0.42225689973819625
56,56,173993.87,405899.3401,0.4286626087077001
56,57,174249.381,406185.7253,0.42898942564095077
56,58,167830.354,402738.6543,0.4167227362163831
56,59,171092.2666,406174.4583,0.42122852164581814
56,60,173564.5961,405930.6433,0.4275720470103273
56,61,175452.2712,406147.4349,0.4319915777461432
56,62,176373.4747,403934.274,0.4366390426676197
56,63,169358.3834,402235.1427,0.42104322924939697
56,64,168404.5802,405390.9793,0.4154127467039077
56,65,172853.3291,404830.3984,0.4269771484136652
56,66,177752.4499,404634.6005,0.43929127583344174
56,67,168519.7086,407115.8842,0.4139354791600637
56,68,169828.0958,405305.6111,0.41901244677833677
56,69,168280.8128,404652.9006,0.4158645904934358
56,70,175878.065,404671.8748,0.4346189492089703
56,71,174627.4397,407169.2366,0.4288817130640758
56,72,171006.0042,403950.5122,0.4233340447290563
56,73,171588.708,405876.1323,0.42276126715717205
56,74,174886.0522,406972.7205,0.42972426256270413
56,75,174217.6087,407137.6848,0.42790833470888767
56,76,174177.3853,407498.8868,0.42743033402563885
56,77,170374.6418,407168.8726,0.41843729534643215
56,78,177357.7087,403821.0263,0.43919879637035136
56,79,168500.0414,408050.4585,0.4129392282008672
56,80,168718.175,405440.4372,0.41613553932898134
56,81,174827.5104,405379.6015,0.43126864241095764
56,82,174569.7296,404560.9601,0.43150414107394247
56,83,172634.1503,404204.8177,0.4270957265732758
56,84,173278.4995,405826.3792,0.426976925062342
56,85,173765.5665,406195.2175,0.4277883121555955
56,86,175541.1691,404295.065,0.4341907292388048
56,87,168583.6807,405837.6339,0.4153968647016597
56,88,167175.1007,402582.0872,0.41525717615187524
56,89,167325.5469,402831.5723,0.4153734672400205
56,90,173658.3316,404812.3698,0.4289847459103015
56,91,173311.106,405328.1957,0.42758216141537475
56,92,171823.5117,405689.842,0.42353417293598394
56,93,173127.5194,405221.7447,0.42724143426254785
56,94,173835.9925,405706.6177,0.42847709383075216
56,95,173071.951,404986.9759,0.42735189351554653
56,96,168923.22,407153.6549,0.41488813367397825
56,97,173728.4472,408018.2868,0.4257859336710494
56,98,177562.0603,403400.2827,0.4401634503366202
56,99,172270.1081,407038.8051,0.42322772654975055
56,100,171261.2571,408184.2761,0.4195684820011125
56,101,174796.2086,405204.224,0.4313780514785552
56,102,166747.7104,405350.025,0.4113672138049085
56,103,167064.595,403905.4933,0.41362298302764877
56,104,175474.6285,406093.0406,0.43210449566123393
56,105,168003.3623,403429.1446,0.416438337558818
56,106,175293.88,403283.8606,0.43466624163734263
56,107,176299.3914,404460.0299,0.4358882914674877
56,108,174275.1274,404162.5277,0.43120060731944004
56,109,180281.0426,406169.6028,0.44385655981442634
56,110,171980.066,405237.6253,0.4243931344545859
56,111,175986.1507,405007.1562,0.4345260275181281
56,112,173630.6898,406234.7623,0.42741465259385064
56,113,175341.9664,405799.1803,0.43209048936563366
56,114,169898.0085,406923.5887,0.4175182103420784
56,115,173002.2001,406539.118,0.4255487170609742
56,116,176550.2821,405745.8691,0.43512527309671134
56,117,172094.9637,405826.3022,0.42406064556946305
56,118,170759.055,402005.1582,0.42476831830860823
56,119,173188.6095,407086.2246,0.42543470899850244
56,120,179480.3323,404896.9349,0.443274119485067
56,121,171889.7334,405930.2122,0.4234465142873147
56,122,173480.1706,405260.0282,0.42807125926168504
56,123,177237.4628,405906.1582,0.4366464002072881
56,124,172443.2229,404826.1654,0.4259685703111917
56,125,178559.6545,404348.8733,0.44159800185104164
56,126,177280.2589,402289.1633,0.44067868357616286
56,127,174696.1101,405109.8585,0.431231446074522
56,128,179326.1442,407545.1449,0.4400154104252709
56,129,173881.1714,404815.2355,0.4295321819724347
56,130,178401.2674,406454.6011,0.43892052622159383
56,131,174982.0374,404336.8057,0.43276307012681137
56,132,172605.0743,407403.1392,0.42367143915222927
56,133,169109.9154,405136.7011,0.4174144552711322
56,134,174140.9238,407152.3063,0.4277046233202192
56,135,174573.4655,406611.9086,0.42933682415026053
56,136,175382.5681,406679.6587,0.4312548325151823
56,137,174835.2921,404314.2956,0.43242421552407756
56,138,171563.4215,404652.9101,0.42397673961519844
56,139,171071.5544,405539.7676,0.421836692890584
56,140,173321.9078,403353.1904,0.42970258305907777
56,141,173946.2553,405794.942,0.4286555530798114
56,142,175213.2242,403763.1092,0.4339505522115689
56,143,173005.2894,405860.3433,0.42626803100129346
56,144,171747.0762,406063.996,0.4229556865218851
56,145,173070.2225,404827.541,0.4275159295548027
56,146,174798.1539,405038.4398,0.4315594193635347
56,147,170610.4802,404508.4992,0.421772300303746
56,148,171063.3854,405792.8187,0.4215535059196453
56,149,176620.5133,405078.8202,0.43601517653477156
56,150,179548.6253,404241.7416,0.4441615172875062
56,151,176063.2208,406711.9676,0.43289412366925395
56,152,172945.8115,404327.2045,0.4277372622350965
56,153,172068.1825,404429.5163,0.4254590121764562
56,154,179970.8083,406061.2875,0.4432109482980448
56,155,176671.4242,406778.2473,0.4343187605843249
56,156,175925.149,408960.1776,0.43017672290838715
56,157,180136.7332,406689.8364,0.4429339439474618
56,158,172754.0197,403735.4287,0.42788917548369715
56,159,175315.0198,406186.3966,0.4316122382912909
56,160,173568.9739,406530.2805,0.4269521416375772
