state,year,S2_estimate,S2_SE,CI_lower,CI_upper,observation_type,direct_observation,direct_input_available,source_series,measurement_regime,model_estimated,backcast_flag,bridge_flag,uncertainty_flag,provenance,unit,CI_method,latent_logit_coordinate
AK,2000,1.4699119101305123,1.8846581740560513,-2.2240181110193484,6.513062665387677,MODEL_ESTIMATED,0,0,CPS_PARTICIPATION_AND_CEV_MEMBERSHIP_LATENT_MODEL,COMMON_SCALE_CPS_2013_ANCHOR,1,1,1,REGIME_BRIDGE_ASSUMPTION;EARLY_CPS_DESIGN_BREAKS;UNKNOWN_SAMPLING_SE_WAVES;BACKCAST;BACKCAST_MODEL_SENSITIVITY,S2_FINAL_20261002T002743Z|M2_L6|inherited_base_sha256:6552cee937979c00eae89960ca07a3f13358525826877809d2c0f1a2903f24b7,LATENT_INDEX_2013_STATE_SD,MODEL_AND_LENGTH_SENSITIVITY_ENVELOPE,-0.1535244143464644
AK,2001,1.4568795046967815,1.7484890132373458,-1.9701589612484165,6.138993693171063,MODEL_ESTIMATED,0,0,CPS_PARTICIPATION_AND_CEV_MEMBERSHIP_LATENT_MODEL,COMMON_SCALE_CPS_2013_ANCHOR,1,1,1,REGIME_BRIDGE_ASSUMPTION;EARLY_CPS_DESIGN_BREAKS;UNKNOWN_SAMPLING_SE_WAVES;BACKCAST;BACKCAST_MODEL_SENSITIVITY,S2_FINAL_20261002T002743Z|M2_L6|inherited_base_sha256:6552cee937979c00eae89960ca07a3f13358525826877809d2c0f1a2903f24b7,LATENT_INDEX_2013_STATE_SD,MODEL_AND_LENGTH_SENSITIVITY_ENVELOPE,-0.1562843177100462
AK,2002,1.4492040556230334,1.6108868000516312,-1.7081340724781635,5.759949548096063,MODEL_ESTIMATED,0,0,CPS_PARTICIPATION_AND_CEV_MEMBERSHIP_LATENT_MODEL,COMMON_SCALE_CPS_2013_ANCHOR,1,1,1,REGIME_BRIDGE_ASSUMPTION;EARLY_CPS_DESIGN_BREAKS;UNKNOWN_SAMPLING_SE_WAVES;BACKCAST;BACKCAST_MODEL_SENSITIVITY,S2_FINAL_20261002T002743Z|M2_L6|inherited_base_sha256:6552cee937979c00eae89960ca07a3f13358525826877809d2c0f1a2903f24b7,LATENT_INDEX_2013_STATE_SD,MODEL_AND_LENGTH_SENSITIVITY_ENVELOPE,-0.15790976573829812
AK,2003,1.4478571027263951,1.4711127390985297,-1.4355238659067229,5.3739762481290665,MODEL_ESTIMATED,0,0,CPS_PARTICIPATION_AND_CEV_MEMBERSHIP_LATENT_MODEL,COMMON_SCALE_CPS_2013_ANCHOR,1,1,1,REGIME_BRIDGE_ASSUMPTION;EARLY_CPS_DESIGN_BREAKS;UNKNOWN_SAMPLING_SE_WAVES;BACKCAST;BACKCAST_MODEL_SENSITIVITY,S2_FINAL_20261002T002743Z|M2_L6|inherited_base_sha256:6552cee937979c00eae89960ca07a3f13358525826877809d2c0f1a2903f24b7,LATENT_INDEX_2013_STATE_SD,MODEL_AND_LENGTH_SENSITIVITY_ENVELOPE,-0.15819501314323203
AK,2004,1.453986384686403,1.3280052448661552,-1.1489038952512611,4.978160227829416,MODEL_ESTIMATED,0,0,CPS_PARTICIPATION_AND_CEV_MEMBERSHIP_LATENT_MODEL,COMMON_SCALE_CPS_2013_ANCHOR,1,1,1,REGIME_BRIDGE_ASSUMPTION;EARLY_CPS_DESIGN_BREAKS;UNKNOWN_SAMPLING_SE_WAVES;BACKCAST;BACKCAST_MODEL_SENSITIVITY,S2_FINAL_20261002T002743Z|M2_L6|inherited_base_sha256:6552cee937979c00eae89960ca07a3f13358525826877809d2c0f1a2903f24b7,LATENT_INDEX_2013_STATE_SD,MODEL_AND_LENGTH_SENSITIVITY_ENVELOPE,-0.15689700058647227
AK,2005,1.4689477945433191,1.1796311468343241,-0.8431292532519561,4.567927212600712,MODEL_ESTIMATED,0,0,CPS_PARTICIPATION_AND_CEV_MEMBERSHIP_LATENT_MODEL,COMMON_SCALE_CPS_2013_ANCHOR,1,1,1,REGIME_BRIDGE_ASSUMPTION;EARLY_CPS_DESIGN_BREAKS;UNKNOWN_SAMPLING_SE_WAVES;BACKCAST;BACKCAST_MODEL_SENSITIVITY,S2_FINAL_20261002T002743Z|M2_L6|inherited_base_sha256:6552cee937979c00eae89960ca07a3f13358525826877809d2c0f1a2903f24b7,LATENT_INDEX_2013_STATE_SD,MODEL_AND_LENGTH_SENSITIVITY_ENVELOPE,-0.15372858738769662
AK,2006,1.494343130658997,1.0225409559871517,-0.5098371430758204,4.135539354088686,MODEL_ESTIMATED,0,0,CPS_PARTICIPATION_AND_CEV_MEMBERSHIP_LATENT_MODEL,COMMON_SCALE_CPS_2013_ANCHOR,1,1,1,REGIME_BRIDGE_ASSUMPTION;EARLY_CPS_DESIGN_BREAKS;UNKNOWN_SAMPLING_SE_WAVES;BACKCAST;BACKCAST_MODEL_SENSITIVITY,S2_FINAL_20261002T002743Z|M2_L6|inherited_base_sha256:6552cee937979c00eae89960ca07a3f13358525826877809d2c0f1a2903f24b7,LATENT_INDEX_2013_STATE_SD,MODEL_AND_LENGTH_SENSITIVITY_ENVELOPE,-0.14835055691424748
AK,2007,1.5320646942075542,0.8499454895549211,-0.15815638753577257,3.6662853048434494,MODEL_ESTIMATED,0,0,CPS_PARTICIPATION_AND_CEV_MEMBERSHIP_LATENT_MODEL,COMMON_SCALE_CPS_2013_ANCHOR,1,1,1,REGIME_BRIDGE_ASSUMPTION;EARLY_CPS_DESIGN_BREAKS;UNKNOWN_SAMPLING_SE_WAVES;BACKCAST;BACKCAST_MODEL_SENSITIVITY,S2_FINAL_20261002T002743Z|M2_L6|inherited_base_sha256:6552cee937979c00eae89960ca07a3f13358525826877809d2c0f1a2903f24b7,LATENT_INDEX_2013_STATE_SD,MODEL_AND_LENGTH_SENSITIVITY_ENVELOPE,-0.14036217206491092
AK,2008,1.5843479748852884,0.6459515514149312,0.2192078364613771,3.1256522307922263,MODEL_ESTIMATED,0,0,CPS_PARTICIPATION_AND_CEV_MEMBERSHIP_LATENT_MODEL,COMMON_SCALE_CPS_2013_ANCHOR,1,1,1,REGIME_BRIDGE_ASSUMPTION;EARLY_CPS_DESIGN_BREAKS;UNKNOWN_SAMPLING_SE_WAVES;BACKCAST;BACKCAST_MODEL_SENSITIVITY;NO_DIRECT_OBSERVATION_AVAILABLE_IN_CURRENT_EVIDENCE,S2_FINAL_20261002T002743Z|M2_L6|inherited_base_sha256:6552cee937979c00eae89960ca07a3f13358525826877809d2c0f1a2903f24b7,LATENT_INDEX_2013_STATE_SD,MODEL_AND_LENGTH_SENSITIVITY_ENVELOPE,-0.12929001789235156
AK,2009,1.6538338917227813,0.3518269083068672,0.9241375391909376,2.374407789517294,MODEL_ESTIMATED,0,1,CPS_PARTICIPATION_AND_CEV_MEMBERSHIP_LATENT_MODEL,COMMON_SCALE_CPS_2013_ANCHOR,1,0,1,REGIME_BRIDGE_ASSUMPTION;EARLY_CPS_DESIGN_BREAKS;UNKNOWN_SAMPLING_SE_WAVES,S2_FINAL_20261002T002743Z|M2_L6|inherited_base_sha256:6552cee937979c00eae89960ca07a3f13358525826877809d2c0f1a2903f24b7,LATENT_INDEX_2013_STATE_SD,MODEL_AND_LENGTH_SENSITIVITY_ENVELOPE,-0.11457482071892694
AK,2010,1.4654328439604984,0.31397737206549003,0.7670649820710896,2.090002621553169,MODEL_ESTIMATED,0,1,CPS_PARTICIPATION_AND_CEV_MEMBERSHIP_LATENT_MODEL,COMMON_SCALE_CPS_2013_ANCHOR,1,0,1,REGIME_BRIDGE_ASSUMPTION;EARLY_CPS_DESIGN_BREAKS;UNKNOWN_SAMPLING_SE_WAVES,S2_FINAL_20261002T002743Z|M2_L6|inherited_base_sha256:6552cee937979c00eae89960ca07a3f13358525826877809d2c0f1a2903f24b7,LATENT_INDEX_2013_STATE_SD,MODEL_AND_LENGTH_SENSITIVITY_ENVELOPE,-0.15447295679714135
AK,2011,2.582254816847532,0.2802122332990622,2.0299376201381416,3.189188892406637,MODEL_ESTIMATED,0,1,CPS_PARTICIPATION_AND_CEV_MEMBERSHIP_LATENT_MODEL,COMMON_SCALE_CPS_2013_ANCHOR,1,0,1,REGIME_BRIDGE_ASSUMPTION;EARLY_CPS_DESIGN_BREAKS;UNKNOWN_SAMPLING_SE_WAVES,S2_FINAL_20261002T002743Z|M2_L6|inherited_base_sha256:6552cee937979c00eae89960ca07a3f13358525826877809d2c0f1a2903f24b7,LATENT_INDEX_2013_STATE_SD,MODEL_AND_LENGTH_SENSITIVITY_ENVELOPE,0.08203907739074567
AK,2012,2.059372005507049,0.4810159121283141,0.8369082722943291,3.0728354337036317,MODEL_ESTIMATED,0,0,CPS_PARTICIPATION_AND_CEV_MEMBERSHIP_LATENT_MODEL,COMMON_SCALE_CPS_2013_ANCHOR,1,0,1,REGIME_BRIDGE_ASSUMPTION;EARLY_CPS_DESIGN_BREAKS;UNKNOWN_SAMPLING_SE_WAVES,S2_FINAL_20261002T002743Z|M2_L6|inherited_base_sha256:6552cee937979c00eae89960ca07a3f13358525826877809d2c0f1a2903f24b7,LATENT_INDEX_2013_STATE_SD,MODEL_AND_LENGTH_SENSITIVITY_ENVELOPE,-0.02869305391961119
AK,2013,1.5716584777348344,0.39006615812827,0.6329670925513168,2.3361881476662436,MODEL_ESTIMATED,0,1,CPS_PARTICIPATION_AND_CEV_MEMBERSHIP_LATENT_MODEL,COMMON_SCALE_CPS_2013_ANCHOR,1,0,1,REGIME_BRIDGE_ASSUMPTION;EARLY_CPS_DESIGN_BREAKS;UNKNOWN_SAMPLING_SE_WAVES,S2_FINAL_20261002T002743Z|M2_L6|inherited_base_sha256:6552cee937979c00eae89960ca07a3f13358525826877809d2c0f1a2903f24b7,LATENT_INDEX_2013_STATE_SD,MODEL_AND_LENGTH_SENSITIVITY_ENVELOPE,-0.1319773027566679
AK,2014,1.420528819421885,0.7180198091379211,-0.48803397023704176,2.82784764533221,MODEL_ESTIMATED,0,0,CPS_PARTICIPATION_AND_CEV_MEMBERSHIP_LATENT_MODEL,COMMON_SCALE_CPS_2013_ANCHOR,1,0,1,REGIME_BRIDGE_ASSUMPTION;EARLY_CPS_DESIGN_BREAKS;UNKNOWN_SAMPLING_SE_WAVES;CPS_CEV_GAP,S2_FINAL_20261002T002743Z|M2_L6|inherited_base_sha256:6552cee937979c00eae89960ca07a3f13358525826877809d2c0f1a2903f24b7,LATENT_INDEX_2013_STATE_SD,MODEL_AND_LENGTH_SENSITIVITY_ENVELOPE,-0.16398238842069385
AK,2015,1.2891521661407743,1.0261318994293653,-1.1306943145269241,3.3003706890223308,MODEL_ESTIMATED,0,0,CPS_PARTICIPATION_AND_CEV_MEMBERSHIP_LATENT_MODEL,COMMON_SCALE_CPS_2013_ANCHOR,1,0,1,REGIME_BRIDGE_ASSUMPTION;EARLY_CPS_DESIGN_BREAKS;UNKNOWN_SAMPLING_SE_WAVES;CPS_CEV_GAP,S2_FINAL_20261002T002743Z|M2_L6|inherited_base_sha256:6552cee937979c00eae89960ca07a3f13358525826877809d2c0f1a2903f24b7,LATENT_INDEX_2013_STATE_SD,MODEL_AND_LENGTH_SENSITIVITY_ENVELOPE,-0.19180433342772962
AK,2016,1.1750559517404922,1.331047961727736,-1.4899127074358773,3.7839099567268546,MODEL_ESTIMATED,0,0,CPS_PARTICIPATION_AND_CEV_MEMBERSHIP_LATENT_MODEL,COMMON_SCALE_CPS_2013_ANCHOR,1,0,1,REGIME_BRIDGE_ASSUMPTION;EARLY_CPS_DESIGN_BREAKS;UNKNOWN_SAMPLING_SE_WAVES;CPS_CEV_GAP,S2_FINAL_20261002T002743Z|M2_L6|inherited_base_sha256:6552cee937979c00eae89960ca07a3f13358525826877809d2c0f1a2903f24b7,LATENT_INDEX_2013_STATE_SD,MODEL_AND_LENGTH_SENSITIVITY_ENVELOPE,-0.2159667589673976
AK,2017,1.076248734429848,1.6430165253677436,-2.144063655290929,4.296561124150625,MODEL_ESTIMATED,0,1,CPS_PARTICIPATION_AND_CEV_MEMBERSHIP_LATENT_MODEL,COMMON_SCALE_CPS_2013_ANCHOR,1,0,1,REGIME_BRIDGE_ASSUMPTION;EARLY_CPS_DESIGN_BREAKS;UNKNOWN_SAMPLING_SE_WAVES,S2_FINAL_20261002T002743Z|M2_L6|inherited_base_sha256:6552cee937979c00eae89960ca07a3f13358525826877809d2c0f1a2903f24b7,LATENT_INDEX_2013_STATE_SD,MODEL_AND_LENGTH_SENSITIVITY_ENVELOPE,-0.2368913973841857
AK,2018,0.8275665646461832,1.674201541222792,-2.453868456150489,4.109001585442855,MODEL_ESTIMATED,0,0,CPS_PARTICIPATION_AND_CEV_MEMBERSHIP_LATENT_MODEL,COMMON_SCALE_CPS_2013_ANCHOR,1,0,1,REGIME_BRIDGE_ASSUMPTION;EARLY_CPS_DESIGN_BREAKS;UNKNOWN_SAMPLING_SE_WAVES,S2_FINAL_20261002T002743Z|M2_L6|inherited_base_sha256:6552cee937979c00eae89960ca07a3f13358525826877809d2c0f1a2903f24b7,LATENT_INDEX_2013_STATE_SD,MODEL_AND_LENGTH_SENSITIVITY_ENVELOPE,-0.2895554094377355
AK,2019,0.5868690260230265,1.6541388104013752,-2.655243042363669,3.828981094409722,MODEL_ESTIMATED,0,1,CPS_PARTICIPATION_AND_CEV_MEMBERSHIP_LATENT_MODEL,COMMON_SCALE_CPS_2013_ANCHOR,1,0,1,REGIME_BRIDGE_ASSUMPTION;EARLY_CPS_DESIGN_BREAKS;UNKNOWN_SAMPLING_SE_WAVES,S2_FINAL_20261002T002743Z|M2_L6|inherited_base_sha256:6552cee937979c00eae89960ca07a3f13358525826877809d2c0f1a2903f24b7,LATENT_INDEX_2013_STATE_SD,MODEL_AND_LENGTH_SENSITIVITY_ENVELOPE,-0.3405284972402787
AK,2020,0.04438681160648395,1.6858649979694482,-3.259908584413634,3.3486822076266023,MODEL_ESTIMATED,0,0,CPS_PARTICIPATION_AND_CEV_MEMBERSHIP_LATENT_MODEL,COMMON_SCALE_CPS_2013_ANCHOR,1,0,1,REGIME_BRIDGE_ASSUMPTION;EARLY_CPS_DESIGN_BREAKS;UNKNOWN_SAMPLING_SE_WAVES,S2_FINAL_20261002T002743Z|M2_L6|inherited_base_sha256:6552cee937979c00eae89960ca07a3f13358525826877809d2c0f1a2903f24b7,LATENT_INDEX_2013_STATE_SD,MODEL_AND_LENGTH_SENSITIVITY_ENVELOPE,-0.4554112405576721
AK,2021,-0.509545688766387,1.6647266337500042,-3.7724098909163954,2.753318513383621,MODEL_ESTIMATED,0,1,CPS_PARTICIPATION_AND_CEV_MEMBERSHIP_LATENT_MODEL,COMMON_SCALE_CPS_2013_ANCHOR,1,0,1,REGIME_BRIDGE_ASSUMPTION;EARLY_CPS_DESIGN_BREAKS;UNKNOWN_SAMPLING_SE_WAVES,S2_FINAL_20261002T002743Z|M2_L6|inherited_base_sha256:6552cee937979c00eae89960ca07a3f13358525826877809d2c0f1a2903f24b7,LATENT_INDEX_2013_STATE_SD,MODEL_AND_LENGTH_SENSITIVITY_ENVELOPE,-0.5727188380499557
AK,2022,-0.3870775826904696,1.694327220032046,-3.70795893395328,2.9338037685723406,MODEL_ESTIMATED,0,0,CPS_PARTICIPATION_AND_CEV_MEMBERSHIP_LATENT_MODEL,COMMON_SCALE_CPS_2013_ANCHOR,1,0,1,REGIME_BRIDGE_ASSUMPTION;EARLY_CPS_DESIGN_BREAKS;UNKNOWN_SAMPLING_SE_WAVES,S2_FINAL_20261002T002743Z|M2_L6|inherited_base_sha256:6552cee937979c00eae89960ca07a3f13358525826877809d2c0f1a2903f24b7,LATENT_INDEX_2013_STATE_SD,MODEL_AND_LENGTH_SENSITIVITY_ENVELOPE,-0.5467834771828366
AK,2023,-0.2857021722186199,1.665730541263129,-3.5505340330943524,2.9791296886571126,MODEL_ESTIMATED,0,1,CPS_PARTICIPATION_AND_CEV_MEMBERSHIP_LATENT_MODEL,COMMON_SCALE_CPS_2013_ANCHOR,1,0,1,REGIME_BRIDGE_ASSUMPTION;EARLY_CPS_DESIGN_BREAKS;UNKNOWN_SAMPLING_SE_WAVES,S2_FINAL_20261002T002743Z|M2_L6|inherited_base_sha256:6552cee937979c00eae89960ca07a3f13358525826877809d2c0f1a2903f24b7,LATENT_INDEX_2013_STATE_SD,MODEL_AND_LENGTH_SENSITIVITY_ENVELOPE,-0.5253149664180019
AL,2000,-0.8320681138634082,1.8893564350502787,-4.535206726561954,4.378867169586283,MODEL_ESTIMATED,0,0,CPS_PARTICIPATION_AND_CEV_MEMBERSHIP_LATENT_MODEL,COMMON_SCALE_CPS_2013_ANCHOR,1,1,1,REGIME_BRIDGE_ASSUMPTION;EARLY_CPS_DESIGN_BREAKS;UNKNOWN_SAMPLING_SE_WAVES;BACKCAST;BACKCAST_MODEL_SENSITIVITY,S2_FINAL_20261002T002743Z|M2_L6|inherited_base_sha256:6552cee937979c00eae89960ca07a3f13358525826877809d2c0f1a2903f24b7,LATENT_INDEX_2013_STATE_SD,MODEL_AND_LENGTH_SENSITIVITY_ENVELOPE,-0.6410201758484221
AL,2001,-0.8576567246427456,1.7530107940297905,-4.293557880941135,3.9713393980044813,MODEL_ESTIMATED,0,0,CPS_PARTICIPATION_AND_CEV_MEMBERSHIP_LATENT_MODEL,COMMON_SCALE_CPS_2013_ANCHOR,1,1,1,REGIME_BRIDGE_ASSUMPTION;EARLY_CPS_DESIGN_BREAKS;UNKNOWN_SAMPLING_SE_WAVES;BACKCAST;BACKCAST_MODEL_SENSITIVITY,S2_FINAL_20261002T002743Z|M2_L6|inherited_base_sha256:6552cee937979c00eae89960ca07a3f13358525826877809d2c0f1a2903f24b7,LATENT_INDEX_2013_STATE_SD,MODEL_AND_LENGTH_SENSITIVITY_ENVELOPE,-0.6464391365551303
AL,2002,-0.8801655776476178,1.6153872826797104,-4.04632465169985,3.55597346834481,MODEL_ESTIMATED,0,0,CPS_PARTICIPATION_AND_CEV_MEMBERSHIP_LATENT_MODEL,COMMON_SCALE_CPS_2013_ANCHOR,1,1,1,REGIME_BRIDGE_ASSUMPTION;EARLY_CPS_DESIGN_BREAKS;UNKNOWN_SAMPLING_SE_WAVES;BACKCAST;BACKCAST_MODEL_SENSITIVITY,S2_FINAL_20261002T002743Z|M2_L6|inherited_base_sha256:6552cee937979c00eae89960ca07a3f13358525826877809d2c0f1a2903f24b7,LATENT_INDEX_2013_STATE_SD,MODEL_AND_LENGTH_SENSITIVITY_ENVELOPE,-0.6512058896640942
AL,2003,-0.8990361267365142,1.4757348657078666,-3.791476463523933,3.130586351748725,MODEL_ESTIMATED,0,0,CPS_PARTICIPATION_AND_CEV_MEMBERSHIP_LATENT_MODEL,COMMON_SCALE_CPS_2013_ANCHOR,1,1,1,REGIME_BRIDGE_ASSUMPTION;EARLY_CPS_DESIGN_BREAKS;UNKNOWN_SAMPLING_SE_WAVES;BACKCAST;BACKCAST_MODEL_SENSITIVITY,S2_FINAL_20261002T002743Z|M2_L6|inherited_base_sha256:6552cee937979c00eae89960ca07a3f13358525826877809d2c0f1a2903f24b7,LATENT_INDEX_2013_STATE_SD,MODEL_AND_LENGTH_SENSITIVITY_ENVELOPE,-0.6552021505361112
AL,2004,-0.9136085276090952,1.3328614521513567,-3.526016973825754,2.6920283494869923,MODEL_ESTIMATED,0,0,CPS_PARTICIPATION_AND_CEV_MEMBERSHIP_LATENT_MODEL,COMMON_SCALE_CPS_2013_ANCHOR,1,1,1,REGIME_BRIDGE_ASSUMPTION;EARLY_CPS_DESIGN_BREAKS;UNKNOWN_SAMPLING_SE_WAVES;BACKCAST;BACKCAST_MODEL_SENSITIVITY,S2_FINAL_20261002T002743Z|M2_L6|inherited_base_sha256:6552cee937979c00eae89960ca07a3f13358525826877809d2c0f1a2903f24b7,LATENT_INDEX_2013_STATE_SD,MODEL_AND_LENGTH_SENSITIVITY_ENVELOPE,-0.6582881823809772
AL,2005,-0.9231032663303036,1.1847870338583488,-3.2452858526926676,2.2354940571550492,MODEL_ESTIMATED,0,0,CPS_PARTICIPATION_AND_CEV_MEMBERSHIP_LATENT_MODEL,COMMON_SCALE_CPS_2013_ANCHOR,1,1,1,REGIME_BRIDGE_ASSUMPTION;EARLY_CPS_DESIGN_BREAKS;UNKNOWN_SAMPLING_SE_WAVES;BACKCAST;BACKCAST_MODEL_SENSITIVITY,S2_FINAL_20261002T002743Z|M2_L6|inherited_base_sha256:6552cee937979c00eae89960ca07a3f13358525826877809d2c0f1a2903f24b7,LATENT_INDEX_2013_STATE_SD,MODEL_AND_LENGTH_SENSITIVITY_ENVELOPE,-0.6602989056865283
AL,2006,-0.9265994559959713,1.0280213528981275,-2.941521307676301,1.7530523177981672,MODEL_ESTIMATED,0,0,CPS_PARTICIPATION_AND_CEV_MEMBERSHIP_LATENT_MODEL,COMMON_SCALE_CPS_2013_ANCHOR,1,1,1,REGIME_BRIDGE_ASSUMPTION;EARLY_CPS_DESIGN_BREAKS;UNKNOWN_SAMPLING_SE_WAVES;BACKCAST;BACKCAST_MODEL_SENSITIVITY,S2_FINAL_20261002T002743Z|M2_L6|inherited_base_sha256:6552cee937979c00eae89960ca07a3f13358525826877809d2c0f1a2903f24b7,LATENT_INDEX_2013_STATE_SD,MODEL_AND_LENGTH_SENSITIVITY_ENVELOPE,-0.6610393020521157
AL,2007,-0.9230091972727819,0.855831795786834,-2.6155920492959424,1.2299418991963798,MODEL_ESTIMATED,0,0,CPS_PARTICIPATION_AND_CEV_MEMBERSHIP_LATENT_MODEL,COMMON_SCALE_CPS_2013_ANCHOR,1,1,1,REGIME_BRIDGE_ASSUMPTION;EARLY_CPS_DESIGN_BREAKS;UNKNOWN_SAMPLING_SE_WAVES;BACKCAST;BACKCAST_MODEL_SENSITIVITY,S2_FINAL_20261002T002743Z|M2_L6|inherited_base_sha256:6552cee937979c00eae89960ca07a3f13358525826877809d2c0f1a2903f24b7,LATENT_INDEX_2013_STATE_SD,MODEL_AND_LENGTH_SENSITIVITY_ENVELOPE,-0.6602789844594315
AL,2008,-0.9110472889552038,0.6528638620328361,-2.2445262434926354,0.6322249180571493,MODEL_ESTIMATED,0,0,CPS_PARTICIPATION_AND_CEV_MEMBERSHIP_LATENT_MODEL,COMMON_SCALE_CPS_2013_ANCHOR,1,1,1,REGIME_BRIDGE_ASSUMPTION;EARLY_CPS_DESIGN_BREAKS;UNKNOWN_SAMPLING_SE_WAVES;BACKCAST;BACKCAST_MODEL_SENSITIVITY;NO_DIRECT_OBSERVATION_AVAILABLE_IN_CURRENT_EVIDENCE,S2_FINAL_20261002T002743Z|M2_L6|inherited_base_sha256:6552cee937979c00eae89960ca07a3f13358525826877809d2c0f1a2903f24b7,LATENT_INDEX_2013_STATE_SD,MODEL_AND_LENGTH_SENSITIVITY_ENVELOPE,-0.657745782805415
AL,2009,-0.8891954452164017,0.3647300207611516,-1.6040662859082588,-0.15852236664519953,MODEL_ESTIMATED,0,1,CPS_PARTICIPATION_AND_CEV_MEMBERSHIP_LATENT_MODEL,COMMON_SCALE_CPS_2013_ANCHOR,1,0,1,REGIME_BRIDGE_ASSUMPTION;EARLY_CPS_DESIGN_BREAKS;UNKNOWN_SAMPLING_SE_WAVES,S2_FINAL_20261002T002743Z|M2_L6|inherited_base_sha256:6552cee937979c00eae89960ca07a3f13358525826877809d2c0f1a2903f24b7,LATENT_INDEX_2013_STATE_SD,MODEL_AND_LENGTH_SENSITIVITY_ENVELOPE,-0.6531181661047336
AL,2010,-1.3774190361176943,0.33999811251585305,-2.142728992275912,-0.6756699948771968,MODEL_ESTIMATED,0,1,CPS_PARTICIPATION_AND_CEV_MEMBERSHIP_LATENT_MODEL,COMMON_SCALE_CPS_2013_ANCHOR,1,0,1,REGIME_BRIDGE_ASSUMPTION;EARLY_CPS_DESIGN_BREAKS;UNKNOWN_SAMPLING_SE_WAVES,S2_FINAL_20261002T002743Z|M2_L6|inherited_base_sha256:6552cee937979c00eae89960ca07a3f13358525826877809d2c0f1a2903f24b7,LATENT_INDEX_2013_STATE_SD,MODEL_AND_LENGTH_SENSITIVITY_ENVELOPE,-0.7565104322186269
AL,2011,-0.4535305904259689,0.3647400343201172,-1.2852523205923008,0.2669228370245827,MODEL_ESTIMATED,0,1,CPS_PARTICIPATION_AND_CEV_MEMBERSHIP_LATENT_MODEL,COMMON_SCALE_CPS_2013_ANCHOR,1,0,1,REGIME_BRIDGE_ASSUMPTION;EARLY_CPS_DESIGN_BREAKS;UNKNOWN_SAMPLING_SE_WAVES,S2_FINAL_20261002T002743Z|M2_L6|inherited_base_sha256:6552cee937979c00eae89960ca07a3f13358525826877809d2c0f1a2903f24b7,LATENT_INDEX_2013_STATE_SD,MODEL_AND_LENGTH_SENSITIVITY_ENVELOPE,-0.5608563880128388
AL,2012,-0.6866807899446487,0.5036411206290135,-1.932051163887668,0.38012469046699054,MODEL_ESTIMATED,0,0,CPS_PARTICIPATION_AND_CEV_MEMBERSHIP_LATENT_MODEL,COMMON_SCALE_CPS_2013_ANCHOR,1,0,1,REGIME_BRIDGE_ASSUMPTION;EARLY_CPS_DESIGN_BREAKS;UNKNOWN_SAMPLING_SE_WAVES,S2_FINAL_20261002T002743Z|M2_L6|inherited_base_sha256:6552cee937979c00eae89960ca07a3f13358525826877809d2c0f1a2903f24b7,LATENT_INDEX_2013_STATE_SD,MODEL_AND_LENGTH_SENSITIVITY_ENVELOPE,-0.6102311579387277
AL,2013,-0.8989532481583604,0.3812364291743784,-1.701115430592028,-0.11545655206070274,MODEL_ESTIMATED,0,1,CPS_PARTICIPATION_AND_CEV_MEMBERSHIP_LATENT_MODEL,COMMON_SCALE_CPS_2013_ANCHOR,1,0,1,REGIME_BRIDGE_ASSUMPTION;EARLY_CPS_DESIGN_BREAKS;UNKNOWN_SAMPLING_SE_WAVES,S2_FINAL_20261002T002743Z|M2_L6|inherited_base_sha256:6552cee937979c00eae89960ca07a3f13358525826877809d2c0f1a2903f24b7,LATENT_INDEX_2013_STATE_SD,MODEL_AND_LENGTH_SENSITIVITY_ENVELOPE,-0.6551845991433327
AL,2014,-1.1171470386569138,0.7115759956718004,-2.953478568852979,0.2775419128598149,MODEL_ESTIMATED,0,0,CPS_PARTICIPATION_AND_CEV_MEMBERSHIP_LATENT_MODEL,COMMON_SCALE_CPS_2013_ANCHOR,1,0,1,REGIME_BRIDGE_ASSUMPTION;EARLY_CPS_DESIGN_BREAKS;UNKNOWN_SAMPLING_SE_WAVES;CPS_CEV_GAP,S2_FINAL_20261002T002743Z|M2_L6|inherited_base_sha256:6552cee937979c00eae89960ca07a3f13358525826877809d2c0f1a2903f24b7,LATENT_INDEX_2013_STATE_SD,MODEL_AND_LENGTH_SENSITIVITY_ENVELOPE,-0.7013920149094965
AL,2015,-1.32407770699137,1.0249510014926122,-3.7188660132827045,0.6848262559341498,MODEL_ESTIMATED,0,0,CPS_PARTICIPATION_AND_CEV_MEMBERSHIP_LATENT_MODEL,COMMON_SCALE_CPS_2013_ANCHOR,1,0,1,REGIME_BRIDGE_ASSUMPTION;EARLY_CPS_DESIGN_BREAKS;UNKNOWN_SAMPLING_SE_WAVES;CPS_CEV_GAP,S2_FINAL_20261002T002743Z|M2_L6|inherited_base_sha256:6552cee937979c00eae89960ca07a3f13358525826877809d2c0f1a2903f24b7,LATENT_INDEX_2013_STATE_SD,MODEL_AND_LENGTH_SENSITIVITY_ENVELOPE,-0.7452142126203144
AL,2016,-1.5243214046079,1.3350616845606065,-4.215264956631416,1.0923994971308884,MODEL_ESTIMATED,0,0,CPS_PARTICIPATION_AND_CEV_MEMBERSHIP_LATENT_MODEL,COMMON_SCALE_CPS_2013_ANCHOR,1,0,1,REGIME_BRIDGE_ASSUMPTION;EARLY_CPS_DESIGN_BREAKS;UNKNOWN_SAMPLING_SE_WAVES;CPS_CEV_GAP,S2_FINAL_20261002T002743Z|M2_L6|inherited_base_sha256:6552cee937979c00eae89960ca07a3f13358525826877809d2c0f1a2903f24b7,LATENT_INDEX_2013_STATE_SD,MODEL_AND_LENGTH_SENSITIVITY_ENVELOPE,-0.7876202947053238
AL,2017,-1.7222681033927547,1.6538225282384698,-4.963760258740155,1.519224051954646,MODEL_ESTIMATED,0,1,CPS_PARTICIPATION_AND_CEV_MEMBERSHIP_LATENT_MODEL,COMMON_SCALE_CPS_2013_ANCHOR,1,0,1,REGIME_BRIDGE_ASSUMPTION;EARLY_CPS_DESIGN_BREAKS;UNKNOWN_SAMPLING_SE_WAVES,S2_FINAL_20261002T002743Z|M2_L6|inherited_base_sha256:6552cee937979c00eae89960ca07a3f13358525826877809d2c0f1a2903f24b7,LATENT_INDEX_2013_STATE_SD,MODEL_AND_LENGTH_SENSITIVITY_ENVELOPE,-0.8295399359077256
AL,2018,-1.7821556075148763,1.6767095228768334,-5.06850627235347,1.5041950573237168,MODEL_ESTIMATED,0,0,CPS_PARTICIPATION_AND_CEV_MEMBERSHIP_LATENT_MODEL,COMMON_SCALE_CPS_2013_ANCHOR,1,0,1,REGIME_BRIDGE_ASSUMPTION;EARLY_CPS_DESIGN_BREAKS;UNKNOWN_SAMPLING_SE_WAVES,S2_FINAL_20261002T002743Z|M2_L6|inherited_base_sha256:6552cee937979c00eae89960ca07a3f13358525826877809d2c0f1a2903f24b7,LATENT_INDEX_2013_STATE_SD,MODEL_AND_LENGTH_SENSITIVITY_ENVELOPE,-0.8422224544883222
AL,2019,-1.8445542867457385,1.6486415362200222,-5.075891697736982,1.386783124245505,MODEL_ESTIMATED,0,1,CPS_PARTICIPATION_AND_CEV_MEMBERSHIP_LATENT_MODEL,COMMON_SCALE_CPS_2013_ANCHOR,1,0,1,REGIME_BRIDGE_ASSUMPTION;EARLY_CPS_DESIGN_BREAKS;UNKNOWN_SAMPLING_SE_WAVES,S2_FINAL_20261002T002743Z|M2_L6|inherited_base_sha256:6552cee937979c00eae89960ca07a3f13358525826877809d2c0f1a2903f24b7,LATENT_INDEX_2013_STATE_SD,MODEL_AND_LENGTH_SENSITIVITY_ENVELOPE,-0.8554367705689582
AL,2020,-2.4093663098036098,1.6802534677873922,-5.702663106666899,0.8839304870596787,MODEL_ESTIMATED,0,0,CPS_PARTICIPATION_AND_CEV_MEMBERSHIP_LATENT_MODEL,COMMON_SCALE_CPS_2013_ANCHOR,1,0,1,REGIME_BRIDGE_ASSUMPTION;EARLY_CPS_DESIGN_BREAKS;UNKNOWN_SAMPLING_SE_WAVES,S2_FINAL_20261002T002743Z|M2_L6|inherited_base_sha256:6552cee937979c00eae89960ca07a3f13358525826877809d2c0f1a2903f24b7,LATENT_INDEX_2013_STATE_SD,MODEL_AND_LENGTH_SENSITIVITY_ENVELOPE,-0.9750483503464139
AL,2021,-2.9917819132903447,1.6550112204964875,-6.23560390546346,0.2520400788827706,MODEL_ESTIMATED,0,1,CPS_PARTICIPATION_AND_CEV_MEMBERSHIP_LATENT_MODEL,COMMON_SCALE_CPS_2013_ANCHOR,1,0,1,REGIME_BRIDGE_ASSUMPTION;EARLY_CPS_DESIGN_BREAKS;UNKNOWN_SAMPLING_SE_WAVES,S2_FINAL_20261002T002743Z|M2_L6|inherited_base_sha256:6552cee937979c00eae89960ca07a3f13358525826877809d2c0f1a2903f24b7,LATENT_INDEX_2013_STATE_SD,MODEL_AND_LENGTH_SENSITIVITY_ENVELOPE,-1.0983878820421666
AL,2022,-3.146694229281863,1.695037611415052,-6.468967947655365,0.17557948909163912,MODEL_ESTIMATED,0,0,CPS_PARTICIPATION_AND_CEV_MEMBERSHIP_LATENT_MODEL,COMMON_SCALE_CPS_2013_ANCHOR,1,0,1,REGIME_BRIDGE_ASSUMPTION;EARLY_CPS_DESIGN_BREAKS;UNKNOWN_SAMPLING_SE_WAVES,S2_FINAL_20261002T002743Z|M2_L6|inherited_base_sha256:6552cee937979c00eae89960ca07a3f13358525826877809d2c0f1a2903f24b7,LATENT_INDEX_2013_STATE_SD,MODEL_AND_LENGTH_SENSITIVITY_ENVELOPE,-1.1311940300813195
AL,2023,-3.3373684297526887,1.681114296161857,-6.632352450229929,-0.04238440927544884,MODEL_ESTIMATED,0,1,CPS_PARTICIPATION_AND_CEV_MEMBERSHIP_LATENT_MODEL,COMMON_SCALE_CPS_2013_ANCHOR,1,0,1,REGIME_BRIDGE_ASSUMPTION;EARLY_CPS_DESIGN_BREAKS;UNKNOWN_SAMPLING_SE_WAVES,S2_FINAL_20261002T002743Z|M2_L6|inherited_base_sha256:6552cee937979c00eae89960ca07a3f13358525826877809d2c0f1a2903f24b7,LATENT_INDEX_2013_STATE_SD,MODEL_AND_LENGTH_SENSITIVITY_ENVELOPE,-1.1715735570921706
AR,2000,-0.9423398542516365,1.8969115820658933,-4.773690765044117,3.7553257561729434,MODEL_ESTIMATED,0,0,CPS_PARTICIPATION_AND_CEV_MEMBERSHIP_LATENT_MODEL,COMMON_SCALE_CPS_2013_ANCHOR,1,1,1,REGIME_BRIDGE_ASSUMPTION;EARLY_CPS_DESIGN_BREAKS;UNKNOWN_SAMPLING_SE_WAVES;BACKCAST;BACKCAST_MODEL_SENSITIVITY,S2_FINAL_20261002T002743Z|M2_L6|inherited_base_sha256:6552cee937979c00eae89960ca07a3f13358525826877809d2c0f1a2903f24b7,LATENT_INDEX_2013_STATE_SD,MODEL_AND_LENGTH_SENSITIVITY_ENVELOPE,-0.6643726834689867
AR,2001,-1.045589848623558,1.7682415507065026,-4.639703745798646,3.304698165286428,MODEL_ESTIMATED,0,0,CPS_PARTICIPATION_AND_CEV_MEMBERSHIP_LATENT_MODEL,COMMON_SCALE_CPS_2013_ANCHOR,1,1,1,REGIME_BRIDGE_ASSUMPTION;EARLY_CPS_DESIGN_BREAKS;UNKNOWN_SAMPLING_SE_WAVES;BACKCAST;BACKCAST_MODEL_SENSITIVITY,S2_FINAL_20261002T002743Z|M2_L6|inherited_base_sha256:6552cee937979c00eae89960ca07a3f13358525826877809d2c0f1a2903f24b7,LATENT_INDEX_2013_STATE_SD,MODEL_AND_LENGTH_SENSITIVITY_ENVELOPE,-0.6862381793059504
AR,2002,-1.1598447858130776,1.638508846631235,-4.505406399651604,2.885226395200566,MODEL_ESTIMATED,0,0,CPS_PARTICIPATION_AND_CEV_MEMBERSHIP_LATENT_MODEL,COMMON_SCALE_CPS_2013_ANCHOR,1,1,1,REGIME_BRIDGE_ASSUMPTION;EARLY_CPS_DESIGN_BREAKS;UNKNOWN_SAMPLING_SE_WAVES;BACKCAST;BACKCAST_MODEL_SENSITIVITY,S2_FINAL_20261002T002743Z|M2_L6|inherited_base_sha256:6552cee937979c00eae89960ca07a3f13358525826877809d2c0f1a2903f24b7,LATENT_INDEX_2013_STATE_SD,MODEL_AND_LENGTH_SENSITIVITY_ENVELOPE,-0.7104342179466012
AR,2003,-1.2871005267931488,1.506269326715444,-4.369539048304835,2.505856551661426,MODEL_ESTIMATED,0,0,CPS_PARTICIPATION_AND_CEV_MEMBERSHIP_LATENT_MODEL,COMMON_SCALE_CPS_2013_ANCHOR,1,1,1,REGIME_BRIDGE_ASSUMPTION;EARLY_CPS_DESIGN_BREAKS;UNKNOWN_SAMPLING_SE_WAVES;BACKCAST;BACKCAST_MODEL_SENSITIVITY,S2_FINAL_20261002T002743Z|M2_L6|inherited_base_sha256:6552cee937979c00eae89960ca07a3f13358525826877809d2c0f1a2903f24b7,LATENT_INDEX_2013_STATE_SD,MODEL_AND_LENGTH_SENSITIVITY_ENVELOPE,-0.737383467596015
AR,2004,-1.4297149027068174,1.3692374177421303,-4.230105173295304,2.08952521368515,MODEL_ESTIMATED,0,0,CPS_PARTICIPATION_AND_CEV_MEMBERSHIP_LATENT_MODEL,COMMON_SCALE_CPS_2013_ANCHOR,1,1,1,REGIME_BRIDGE_ASSUMPTION;EARLY_CPS_DESIGN_BREAKS;UNKNOWN_SAMPLING_SE_WAVES;BACKCAST;BACKCAST_MODEL_SENSITIVITY,S2_FINAL_20261002T002743Z|M2_L6|inherited_base_sha256:6552cee937979c00eae89960ca07a3f13358525826877809d2c0f1a2903f24b7,LATENT_INDEX_2013_STATE_SD,MODEL_AND_LENGTH_SENSITIVITY_ENVELOPE,-0.7675852517394486
AR,2005,-1.5904733619266946,1.2238326758575595,-4.083827744034574,1.618863267395615,MODEL_ESTIMATED,0,0,CPS_PARTICIPATION_AND_CEV_MEMBERSHIP_LATENT_MODEL,COMMON_SCALE_CPS_2013_ANCHOR,1,1,1,REGIME_BRIDGE_ASSUMPTION;EARLY_CPS_DESIGN_BREAKS;UNKNOWN_SAMPLING_SE_WAVES;BACKCAST;BACKCAST_MODEL_SENSITIVITY,S2_FINAL_20261002T002743Z|M2_L6|inherited_base_sha256:6552cee937979c00eae89960ca07a3f13358525826877809d2c0f1a2903f24b7,LATENT_INDEX_2013_STATE_SD,MODEL_AND_LENGTH_SENSITIVITY_ENVELOPE,-0.8016294513755973
AR,2006,-1.7726665228922642,1.0644684316836601,-3.9250004662886533,1.0670099629332828,MODEL_ESTIMATED,0,0,CPS_PARTICIPATION_AND_CEV_MEMBERSHIP_LATENT_MODEL,COMMON_SCALE_CPS_2013_ANCHOR,1,1,1,REGIME_BRIDGE_ASSUMPTION;EARLY_CPS_DESIGN_BREAKS;UNKNOWN_SAMPLING_SE_WAVES;BACKCAST;BACKCAST_MODEL_SENSITIVITY,S2_FINAL_20261002T002743Z|M2_L6|inherited_base_sha256:6552cee937979c00eae89960ca07a3f13358525826877809d2c0f1a2903f24b7,LATENT_INDEX_2013_STATE_SD,MODEL_AND_LENGTH_SENSITIVITY_ENVELOPE,-0.8402129285646216
AR,2007,-1.980181791961776,0.8823636086036911,-3.7426461756304152,0.3893621799431507,MODEL_ESTIMATED,0,0,CPS_PARTICIPATION_AND_CEV_MEMBERSHIP_LATENT_MODEL,COMMON_SCALE_CPS_2013_ANCHOR,1,1,1,REGIME_BRIDGE_ASSUMPTION;EARLY_CPS_DESIGN_BREAKS;UNKNOWN_SAMPLING_SE_WAVES;BACKCAST;BACKCAST_MODEL_SENSITIVITY,S2_FINAL_20261002T002743Z|M2_L6|inherited_base_sha256:6552cee937979c00eae89960ca07a3f13358525826877809d2c0f1a2903f24b7,LATENT_INDEX_2013_STATE_SD,MODEL_AND_LENGTH_SENSITIVITY_ENVELOPE,-0.8841589285576226
AR,2008,-2.2176115971155896,0.663097506129184,-3.51728270912879,-0.5006554868581893,MODEL_ESTIMATED,0,0,CPS_PARTICIPATION_AND_CEV_MEMBERSHIP_LATENT_MODEL,COMMON_SCALE_CPS_2013_ANCHOR,1,1,1,REGIME_BRIDGE_ASSUMPTION;EARLY_CPS_DESIGN_BREAKS;UNKNOWN_SAMPLING_SE_WAVES;BACKCAST;BACKCAST_MODEL_SENSITIVITY;NO_DIRECT_OBSERVATION_AVAILABLE_IN_CURRENT_EVIDENCE,S2_FINAL_20261002T002743Z|M2_L6|inherited_base_sha256:6552cee937979c00eae89960ca07a3f13358525826877809d2c0f1a2903f24b7,LATENT_INDEX_2013_STATE_SD,MODEL_AND_LENGTH_SENSITIVITY_ENVELOPE,-0.934440000704331
AR,2009,-2.4903812509686314,0.37683861112654815,-3.272553828440642,-1.751777573160597,MODEL_ESTIMATED,0,1,CPS_PARTICIPATION_AND_CEV_MEMBERSHIP_LATENT_MODEL,COMMON_SCALE_CPS_2013_ANCHOR,1,0,1,REGIME_BRIDGE_ASSUMPTION;EARLY_CPS_DESIGN_BREAKS;UNKNOWN_SAMPLING_SE_WAVES,S2_FINAL_20261002T002743Z|M2_L6|inherited_base_sha256:6552cee937979c00eae89960ca07a3f13358525826877809d2c0f1a2903f24b7,LATENT_INDEX_2013_STATE_SD,MODEL_AND_LENGTH_SENSITIVITY_ENVELOPE,-0.9922050763060752
AR,2010,-2.4525298998909744,0.32852494866599946,-3.0967155603877106,-1.7968694135389058,MODEL_ESTIMATED,0,1,CPS_PARTICIPATION_AND_CEV_MEMBERSHIP_LATENT_MODEL,COMMON_SCALE_CPS_2013_ANCHOR,1,0,1,REGIME_BRIDGE_ASSUMPTION;EARLY_CPS_DESIGN_BREAKS;UNKNOWN_SAMPLING_SE_WAVES,S2_FINAL_20261002T002743Z|M2_L6|inherited_base_sha256:6552cee937979c00eae89960ca07a3f13358525826877809d2c0f1a2903f24b7,LATENT_INDEX_2013_STATE_SD,MODEL_AND_LENGTH_SENSITIVITY_ENVELOPE,-0.9841892060443233
AR,2011,-1.274870925575466,0.32897359045863195,-1.9196591628743847,-0.547182855024977,MODEL_ESTIMATED,0,1,CPS_PARTICIPATION_AND_CEV_MEMBERSHIP_LATENT_MODEL,COMMON_SCALE_CPS_2013_ANCHOR,1,0,1,REGIME_BRIDGE_ASSUMPTION;EARLY_CPS_DESIGN_BREAKS;UNKNOWN_SAMPLING_SE_WAVES,S2_FINAL_20261002T002743Z|M2_L6|inherited_base_sha256:6552cee937979c00eae89960ca07a3f13358525826877809d2c0f1a2903f24b7,LATENT_INDEX_2013_STATE_SD,MODEL_AND_LENGTH_SENSITIVITY_ENVELOPE,-0.7347935759825615
AR,2012,-1.2918180811515758,0.5077267340031415,-2.4395688281098025,-0.10075060960988934,MODEL_ESTIMATED,0,0,CPS_PARTICIPATION_AND_CEV_MEMBERSHIP_LATENT_MODEL,COMMON_SCALE_CPS_2013_ANCHOR,1,0,1,REGIME_BRIDGE_ASSUMPTION;EARLY_CPS_DESIGN_BREAKS;UNKNOWN_SAMPLING_SE_WAVES,S2_FINAL_20261002T002743Z|M2_L6|inherited_base_sha256:6552cee937979c00eae89960ca07a3f13358525826877809d2c0f1a2903f24b7,LATENT_INDEX_2013_STATE_SD,MODEL_AND_LENGTH_SENSITIVITY_ENVELOPE,-0.7383825152551681
AR,2013,-1.313588051911168,0.4338222803084649,-2.2198970440169536,-0.35146940613666483,MODEL_ESTIMATED,0,1,CPS_PARTICIPATION_AND_CEV_MEMBERSHIP_LATENT_MODEL,COMMON_SCALE_CPS_2013_ANCHOR,1,0,1,REGIME_BRIDGE_ASSUMPTION;EARLY_CPS_DESIGN_BREAKS;UNKNOWN_SAMPLING_SE_WAVES,S2_FINAL_20261002T002743Z|M2_L6|inherited_base_sha256:6552cee937979c00eae89960ca07a3f13358525826877809d2c0f1a2903f24b7,LATENT_INDEX_2013_STATE_SD,MODEL_AND_LENGTH_SENSITIVITY_ENVELOPE,-0.7429927935211409
AR,2014,-1.1455706261574186,0.7269740558175891,-2.9680838339488793,0.279298523245056,MODEL_ESTIMATED,0,0,CPS_PARTICIPATION_AND_CEV_MEMBERSHIP_LATENT_MODEL,COMMON_SCALE_CPS_2013_ANCHOR,1,0,1,REGIME_BRIDGE_ASSUMPTION;EARLY_CPS_DESIGN_BREAKS;UNKNOWN_SAMPLING_SE_WAVES;CPS_CEV_GAP,S2_FINAL_20261002T002743Z|M2_L6|inherited_base_sha256:6552cee937979c00eae89960ca07a3f13358525826877809d2c0f1a2903f24b7,LATENT_INDEX_2013_STATE_SD,MODEL_AND_LENGTH_SENSITIVITY_ENVELOPE,-0.7074113453505728
AR,2015,-0.9759336923435199,1.0300906467936413,-3.3369594238029814,1.0430439753720169,MODEL_ESTIMATED,0,0,CPS_PARTICIPATION_AND_CEV_MEMBERSHIP_LATENT_MODEL,COMMON_SCALE_CPS_2013_ANCHOR,1,0,1,REGIME_BRIDGE_ASSUMPTION;EARLY_CPS_DESIGN_BREAKS;UNKNOWN_SAMPLING_SE_WAVES;CPS_CEV_GAP,S2_FINAL_20261002T002743Z|M2_L6|inherited_base_sha256:6552cee937979c00eae89960ca07a3f13358525826877809d2c0f1a2903f24b7,LATENT_INDEX_2013_STATE_SD,MODEL_AND_LENGTH_SENSITIVITY_ENVELOPE,-0.6714869301225969
AR,2016,-0.7987689548620865,1.33739834539029,-3.4491192389713494,1.8225318021028816,MODEL_ESTIMATED,0,0,CPS_PARTICIPATION_AND_CEV_MEMBERSHIP_LATENT_MODEL,COMMON_SCALE_CPS_2013_ANCHOR,1,0,1,REGIME_BRIDGE_ASSUMPTION;EARLY_CPS_DESIGN_BREAKS;UNKNOWN_SAMPLING_SE_WAVES;CPS_CEV_GAP,S2_FINAL_20261002T002743Z|M2_L6|inherited_base_sha256:6552cee937979c00eae89960ca07a3f13358525826877809d2c0f1a2903f24b7,LATENT_INDEX_2013_STATE_SD,MODEL_AND_LENGTH_SENSITIVITY_ENVELOPE,-0.633968334083714
AR,2017,-0.6079585279589765,1.6518880925309065,-3.8456591893195533,2.6297421334016002,MODEL_ESTIMATED,0,1,CPS_PARTICIPATION_AND_CEV_MEMBERSHIP_LATENT_MODEL,COMMON_SCALE_CPS_2013_ANCHOR,1,0,1,REGIME_BRIDGE_ASSUMPTION;EARLY_CPS_DESIGN_BREAKS;UNKNOWN_SAMPLING_SE_WAVES,S2_FINAL_20261002T002743Z|M2_L6|inherited_base_sha256:6552cee937979c00eae89960ca07a3f13358525826877809d2c0f1a2903f24b7,LATENT_INDEX_2013_STATE_SD,MODEL_AND_LENGTH_SENSITIVITY_ENVELOPE,-0.5935599580786706
AR,2018,-0.5230191012331995,1.6827986415104945,-3.821304438593769,2.7752662361273694,MODEL_ESTIMATED,0,0,CPS_PARTICIPATION_AND_CEV_MEMBERSHIP_LATENT_MODEL,COMMON_SCALE_CPS_2013_ANCHOR,1,0,1,REGIME_BRIDGE_ASSUMPTION;EARLY_CPS_DESIGN_BREAKS;UNKNOWN_SAMPLING_SE_WAVES,S2_FINAL_20261002T002743Z|M2_L6|inherited_base_sha256:6552cee937979c00eae89960ca07a3f13358525826877809d2c0f1a2903f24b7,LATENT_INDEX_2013_STATE_SD,MODEL_AND_LENGTH_SENSITIVITY_ENVELOPE,-0.5755721345173781
AR,2019,-0.4143860382195651,1.6534117475728256,-3.655073063462303,2.826300987023173,MODEL_ESTIMATED,0,1,CPS_PARTICIPATION_AND_CEV_MEMBERSHIP_LATENT_MODEL,COMMON_SCALE_CPS_2013_ANCHOR,1,0,1,REGIME_BRIDGE_ASSUMPTION;EARLY_CPS_DESIGN_BREAKS;UNKNOWN_SAMPLING_SE_WAVES,S2_FINAL_20261002T002743Z|M2_L6|inherited_base_sha256:6552cee937979c00eae89960ca07a3f13358525826877809d2c0f1a2903f24b7,LATENT_INDEX_2013_STATE_SD,MODEL_AND_LENGTH_SENSITIVITY_ENVELOPE,-0.5525666534853404
AR,2020,-0.9218485522237795,1.6926961860385317,-4.239533076859302,2.3958359724117426,MODEL_ESTIMATED,0,0,CPS_PARTICIPATION_AND_CEV_MEMBERSHIP_LATENT_MODEL,COMMON_SCALE_CPS_2013_ANCHOR,1,0,1,REGIME_BRIDGE_ASSUMPTION;EARLY_CPS_DESIGN_BREAKS;UNKNOWN_SAMPLING_SE_WAVES,S2_FINAL_20261002T002743Z|M2_L6|inherited_base_sha256:6552cee937979c00eae89960ca07a3f13358525826877809d2c0f1a2903f24b7,LATENT_INDEX_2013_STATE_SD,MODEL_AND_LENGTH_SENSITIVITY_ENVELOPE,-0.6600331919086276
AR,2021,-1.4143512130006726,1.6672527810673823,-4.682166663892742,1.8534642378913966,MODEL_ESTIMATED,0,1,CPS_PARTICIPATION_AND_CEV_MEMBERSHIP_LATENT_MODEL,COMMON_SCALE_CPS_2013_ANCHOR,1,0,1,REGIME_BRIDGE_ASSUMPTION;EARLY_CPS_DESIGN_BREAKS;UNKNOWN_SAMPLING_SE_WAVES,S2_FINAL_20261002T002743Z|M2_L6|inherited_base_sha256:6552cee937979c00eae89960ca07a3f13358525826877809d2c0f1a2903f24b7,LATENT_INDEX_2013_STATE_SD,MODEL_AND_LENGTH_SENSITIVITY_ENVELOPE,-0.7643316467842751
AR,2022,-1.326399478648151,1.700575065520103,-4.659526607067553,2.0067276497712507,MODEL_ESTIMATED,0,0,CPS_PARTICIPATION_AND_CEV_MEMBERSHIP_LATENT_MODEL,COMMON_SCALE_CPS_2013_ANCHOR,1,0,1,REGIME_BRIDGE_ASSUMPTION;EARLY_CPS_DESIGN_BREAKS;UNKNOWN_SAMPLING_SE_WAVES,S2_FINAL_20261002T002743Z|M2_L6|inherited_base_sha256:6552cee937979c00eae89960ca07a3f13358525826877809d2c0f1a2903f24b7,LATENT_INDEX_2013_STATE_SD,MODEL_AND_LENGTH_SENSITIVITY_ENVELOPE,-0.7457058997027646
AR,2023,-1.2323809722360333,1.663334993639848,-4.4925175597701354,2.0277556152980685,MODEL_ESTIMATED,0,1,CPS_PARTICIPATION_AND_CEV_MEMBERSHIP_LATENT_MODEL,COMMON_SCALE_CPS_2013_ANCHOR,1,0,1,REGIME_BRIDGE_ASSUMPTION;EARLY_CPS_DESIGN_BREAKS;UNKNOWN_SAMPLING_SE_WAVES,S2_FINAL_20261002T002743Z|M2_L6|inherited_base_sha256:6552cee937979c00eae89960ca07a3f13358525826877809d2c0f1a2903f24b7,LATENT_INDEX_2013_STATE_SD,MODEL_AND_LENGTH_SENSITIVITY_ENVELOPE,-0.7257953779341477
AZ,2000,-0.3705633943207389,1.8769130584704672,-4.049312988922855,4.653901325444795,MODEL_ESTIMATED,0,0,CPS_PARTICIPATION_AND_CEV_MEMBERSHIP_LATENT_MODEL,COMMON_SCALE_CPS_2013_ANCHOR,1,1,1,REGIME_BRIDGE_ASSUMPTION;EARLY_CPS_DESIGN_BREAKS;UNKNOWN_SAMPLING_SE_WAVES;BACKCAST;BACKCAST_MODEL_SENSITIVITY,S2_FINAL_20261002T002743Z|M2_L6|inherited_base_sha256:6552cee937979c00eae89960ca07a3f13358525826877809d2c0f1a2903f24b7,LATENT_INDEX_2013_STATE_SD,MODEL_AND_LENGTH_SENSITIVITY_ENVELOPE,-0.5432862284009289
AZ,2001,-0.4136148368561629,1.7418878073727533,-3.8277149393067593,4.230145478776345,MODEL_ESTIMATED,0,0,CPS_PARTICIPATION_AND_CEV_MEMBERSHIP_LATENT_MODEL,COMMON_SCALE_CPS_2013_ANCHOR,1,1,1,REGIME_BRIDGE_ASSUMPTION;EARLY_CPS_DESIGN_BREAKS;UNKNOWN_SAMPLING_SE_WAVES;BACKCAST;BACKCAST_MODEL_SENSITIVITY,S2_FINAL_20261002T002743Z|M2_L6|inherited_base_sha256:6552cee937979c00eae89960ca07a3f13358525826877809d2c0f1a2903f24b7,LATENT_INDEX_2013_STATE_SD,MODEL_AND_LENGTH_SENSITIVITY_ENVELOPE,-0.5524033343461626
AZ,2002,-0.4567535879941997,1.6057115703624432,-3.603948265904588,3.797132804327949,MODEL_ESTIMATED,0,0,CPS_PARTICIPATION_AND_CEV_MEMBERSHIP_LATENT_MODEL,COMMON_SCALE_CPS_2013_ANCHOR,1,1,1,REGIME_BRIDGE_ASSUMPTION;EARLY_CPS_DESIGN_BREAKS;UNKNOWN_SAMPLING_SE_WAVES;BACKCAST;BACKCAST_MODEL_SENSITIVITY,S2_FINAL_20261002T002743Z|M2_L6|inherited_base_sha256:6552cee937979c00eae89960ca07a3f13358525826877809d2c0f1a2903f24b7,LATENT_INDEX_2013_STATE_SD,MODEL_AND_LENGTH_SENSITIVITY_ENVELOPE,-0.5615389298409462
AZ,2003,-0.4999954820590684,1.467590844936843,-3.376473538135281,3.3525533596274366,MODEL_ESTIMATED,0,0,CPS_PARTICIPATION_AND_CEV_MEMBERSHIP_LATENT_MODEL,COMMON_SCALE_CPS_2013_ANCHOR,1,1,1,REGIME_BRIDGE_ASSUMPTION;EARLY_CPS_DESIGN_BREAKS;UNKNOWN_SAMPLING_SE_WAVES;BACKCAST;BACKCAST_MODEL_SENSITIVITY,S2_FINAL_20261002T002743Z|M2_L6|inherited_base_sha256:6552cee937979c00eae89960ca07a3f13358525826877809d2c0f1a2903f24b7,LATENT_INDEX_2013_STATE_SD,MODEL_AND_LENGTH_SENSITIVITY_ENVELOPE,-0.5706963681576203
AZ,2004,-0.543359225094561,1.3262800531255063,-3.1428681292205534,2.8931171838986414,MODEL_ESTIMATED,0,0,CPS_PARTICIPATION_AND_CEV_MEMBERSHIP_LATENT_MODEL,COMMON_SCALE_CPS_2013_ANCHOR,1,1,1,REGIME_BRIDGE_ASSUMPTION;EARLY_CPS_DESIGN_BREAKS;UNKNOWN_SAMPLING_SE_WAVES;BACKCAST;BACKCAST_MODEL_SENSITIVITY,S2_FINAL_20261002T002743Z|M2_L6|inherited_base_sha256:6552cee937979c00eae89960ca07a3f13358525826877809d2c0f1a2903f24b7,LATENT_INDEX_2013_STATE_SD,MODEL_AND_LENGTH_SENSITIVITY_ENVELOPE,-0.5798796107193804
AZ,2005,-0.5868669156803,1.1797455639694383,-2.8991682210603993,2.4138618290599396,MODEL_ESTIMATED,0,0,CPS_PARTICIPATION_AND_CEV_MEMBERSHIP_LATENT_MODEL,COMMON_SCALE_CPS_2013_ANCHOR,1,1,1,REGIME_BRIDGE_ASSUMPTION;EARLY_CPS_DESIGN_BREAKS;UNKNOWN_SAMPLING_SE_WAVES;BACKCAST;BACKCAST_MODEL_SENSITIVITY,S2_FINAL_20261002T002743Z|M2_L6|inherited_base_sha256:6552cee937979c00eae89960ca07a3f13358525826877809d2c0f1a2903f24b7,LATENT_INDEX_2013_STATE_SD,MODEL_AND_LENGTH_SENSITIVITY_ENVELOPE,-0.5890933373947699
AZ,2006,-0.6305446602034267,1.0244640999187855,-2.638494296044246,1.9066750911040609,MODEL_ESTIMATED,0,0,CPS_PARTICIPATION_AND_CEV_MEMBERSHIP_LATENT_MODEL,COMMON_SCALE_CPS_2013_ANCHOR,1,1,1,REGIME_BRIDGE_ASSUMPTION;EARLY_CPS_DESIGN_BREAKS;UNKNOWN_SAMPLING_SE_WAVES;BACKCAST;BACKCAST_MODEL_SENSITIVITY,S2_FINAL_20261002T002743Z|M2_L6|inherited_base_sha256:6552cee937979c00eae89960ca07a3f13358525826877809d2c0f1a2903f24b7,LATENT_INDEX_2013_STATE_SD,MODEL_AND_LENGTH_SENSITIVITY_ENVELOPE,-0.5983430767952217
AZ,2007,-0.6744232997162364,0.8537155490097306,-2.3477057757753084,1.4594698961452695,MODEL_ESTIMATED,0,0,CPS_PARTICIPATION_AND_CEV_MEMBERSHIP_LATENT_MODEL,COMMON_SCALE_CPS_2013_ANCHOR,1,1,1,REGIME_BRIDGE_ASSUMPTION;EARLY_CPS_DESIGN_BREAKS;UNKNOWN_SAMPLING_SE_WAVES;BACKCAST;BACKCAST_MODEL_SENSITIVITY,S2_FINAL_20261002T002743Z|M2_L6|inherited_base_sha256:6552cee937979c00eae89960ca07a3f13358525826877809d2c0f1a2903f24b7,LATENT_INDEX_2013_STATE_SD,MODEL_AND_LENGTH_SENSITIVITY_ENVELOPE,-0.6076353602034219
AZ,2008,-0.7185392686170079,0.6521863033257629,-1.9968244231355032,0.9172225346042664,MODEL_ESTIMATED,0,0,CPS_PARTICIPATION_AND_CEV_MEMBERSHIP_LATENT_MODEL,COMMON_SCALE_CPS_2013_ANCHOR,1,1,1,REGIME_BRIDGE_ASSUMPTION;EARLY_CPS_DESIGN_BREAKS;UNKNOWN_SAMPLING_SE_WAVES;BACKCAST;BACKCAST_MODEL_SENSITIVITY;NO_DIRECT_OBSERVATION_AVAILABLE_IN_CURRENT_EVIDENCE,S2_FINAL_20261002T002743Z|M2_L6|inherited_base_sha256:6552cee937979c00eae89960ca07a3f13358525826877809d2c0f1a2903f24b7,LATENT_INDEX_2013_STATE_SD,MODEL_AND_LENGTH_SENSITIVITY_ENVELOPE,-0.6169779034181823
AZ,2009,-0.7629356090615008,0.36518817763245925,-1.5057665193239829,0.01672711759221541,MODEL_ESTIMATED,0,1,CPS_PARTICIPATION_AND_CEV_MEMBERSHIP_LATENT_MODEL,COMMON_SCALE_CPS_2013_ANCHOR,1,0,1,REGIME_BRIDGE_ASSUMPTION;EARLY_CPS_DESIGN_BREAKS;UNKNOWN_SAMPLING_SE_WAVES,S2_FINAL_20261002T002743Z|M2_L6|inherited_base_sha256:6552cee937979c00eae89960ca07a3f13358525826877809d2c0f1a2903f24b7,LATENT_INDEX_2013_STATE_SD,MODEL_AND_LENGTH_SENSITIVITY_ENVELOPE,-0.6263798215787655
AZ,2010,-1.2565344780884802,0.32883755442566837,-1.9242842570100294,-0.6120128714141702,MODEL_ESTIMATED,0,1,CPS_PARTICIPATION_AND_CEV_MEMBERSHIP_LATENT_MODEL,COMMON_SCALE_CPS_2013_ANCHOR,1,0,1,REGIME_BRIDGE_ASSUMPTION;EARLY_CPS_DESIGN_BREAKS;UNKNOWN_SAMPLING_SE_WAVES,S2_FINAL_20261002T002743Z|M2_L6|inherited_base_sha256:6552cee937979c00eae89960ca07a3f13358525826877809d2c0f1a2903f24b7,LATENT_INDEX_2013_STATE_SD,MODEL_AND_LENGTH_SENSITIVITY_ENVELOPE,-0.7309104230717035
AZ,2011,-0.5214195954146835,0.34742928836856257,-1.2801376200288068,0.17096571809841685,MODEL_ESTIMATED,0,1,CPS_PARTICIPATION_AND_CEV_MEMBERSHIP_LATENT_MODEL,COMMON_SCALE_CPS_2013_ANCHOR,1,0,1,REGIME_BRIDGE_ASSUMPTION;EARLY_CPS_DESIGN_BREAKS;UNKNOWN_SAMPLING_SE_WAVES,S2_FINAL_20261002T002743Z|M2_L6|inherited_base_sha256:6552cee937979c00eae89960ca07a3f13358525826877809d2c0f1a2903f24b7,LATENT_INDEX_2013_STATE_SD,MODEL_AND_LENGTH_SENSITIVITY_ENVELOPE,-0.5752334033820525
AZ,2012,-0.8166653463229806,0.5052675424650781,-2.041759191902473,0.2811939432685463,MODEL_ESTIMATED,0,0,CPS_PARTICIPATION_AND_CEV_MEMBERSHIP_LATENT_MODEL,COMMON_SCALE_CPS_2013_ANCHOR,1,0,1,REGIME_BRIDGE_ASSUMPTION;EARLY_CPS_DESIGN_BREAKS;UNKNOWN_SAMPLING_SE_WAVES,S2_FINAL_20261002T002743Z|M2_L6|inherited_base_sha256:6552cee937979c00eae89960ca07a3f13358525826877809d2c0f1a2903f24b7,LATENT_INDEX_2013_STATE_SD,MODEL_AND_LENGTH_SENSITIVITY_ENVELOPE,-0.6377582952877339
AZ,2013,-1.1101825456375791,0.4063275589289811,-2.0104996000825937,-0.2982450069074773,MODEL_ESTIMATED,0,1,CPS_PARTICIPATION_AND_CEV_MEMBERSHIP_LATENT_MODEL,COMMON_SCALE_CPS_2013_ANCHOR,1,0,1,REGIME_BRIDGE_ASSUMPTION;EARLY_CPS_DESIGN_BREAKS;UNKNOWN_SAMPLING_SE_WAVES,S2_FINAL_20261002T002743Z|M2_L6|inherited_base_sha256:6552cee937979c00eae89960ca07a3f13358525826877809d2c0f1a2903f24b7,LATENT_INDEX_2013_STATE_SD,MODEL_AND_LENGTH_SENSITIVITY_ENVELOPE,-0.6999171277286578
AZ,2014,-1.1125769526506613,0.7146862711818651,-2.932795247703933,0.28820813886579444,MODEL_ESTIMATED,0,0,CPS_PARTICIPATION_AND_CEV_MEMBERSHIP_LATENT_MODEL,COMMON_SCALE_CPS_2013_ANCHOR,1,0,1,REGIME_BRIDGE_ASSUMPTION;EARLY_CPS_DESIGN_BREAKS;UNKNOWN_SAMPLING_SE_WAVES;CPS_CEV_GAP,S2_FINAL_20261002T002743Z|M2_L6|inherited_base_sha256:6552cee937979c00eae89960ca07a3f13358525826877809d2c0f1a2903f24b7,LATENT_INDEX_2013_STATE_SD,MODEL_AND_LENGTH_SENSITIVITY_ENVELOPE,-0.7004241969725354
AZ,2015,-1.1191111383218904,1.019607529884019,-3.4598894397409907,0.8793196202507869,MODEL_ESTIMATED,0,0,CPS_PARTICIPATION_AND_CEV_MEMBERSHIP_LATENT_MODEL,COMMON_SCALE_CPS_2013_ANCHOR,1,0,1,REGIME_BRIDGE_ASSUMPTION;EARLY_CPS_DESIGN_BREAKS;UNKNOWN_SAMPLING_SE_WAVES;CPS_CEV_GAP,S2_FINAL_20261002T002743Z|M2_L6|inherited_base_sha256:6552cee937979c00eae89960ca07a3f13358525826877809d2c0f1a2903f24b7,LATENT_INDEX_2013_STATE_SD,MODEL_AND_LENGTH_SENSITIVITY_ENVELOPE,-0.7018079569471612
AZ,2016,-1.1287817876212596,1.3277855317611633,-3.758969612051182,1.4736778546306206,MODEL_ESTIMATED,0,0,CPS_PARTICIPATION_AND_CEV_MEMBERSHIP_LATENT_MODEL,COMMON_SCALE_CPS_2013_ANCHOR,1,0,1,REGIME_BRIDGE_ASSUMPTION;EARLY_CPS_DESIGN_BREAKS;UNKNOWN_SAMPLING_SE_WAVES;CPS_CEV_GAP,S2_FINAL_20261002T002743Z|M2_L6|inherited_base_sha256:6552cee937979c00eae89960ca07a3f13358525826877809d2c0f1a2903f24b7,LATENT_INDEX_2013_STATE_SD,MODEL_AND_LENGTH_SENSITIVITY_ENVELOPE,-0.7038559332524617
AZ,2017,-1.1406729113711445,1.6470097021192562,-4.368811927524886,2.0874661047825978,MODEL_ESTIMATED,0,1,CPS_PARTICIPATION_AND_CEV_MEMBERSHIP_LATENT_MODEL,COMMON_SCALE_CPS_2013_ANCHOR,1,0,1,REGIME_BRIDGE_ASSUMPTION;EARLY_CPS_DESIGN_BREAKS;UNKNOWN_SAMPLING_SE_WAVES,S2_FINAL_20261002T002743Z|M2_L6|inherited_base_sha256:6552cee937979c00eae89960ca07a3f13358525826877809d2c0f1a2903f24b7,LATENT_INDEX_2013_STATE_SD,MODEL_AND_LENGTH_SENSITIVITY_ENVELOPE,-0.7063741446909374
AZ,2018,-1.151607569888045,1.6775660964012804,-4.439637118834554,2.1364219790584644,MODEL_ESTIMATED,0,0,CPS_PARTICIPATION_AND_CEV_MEMBERSHIP_LATENT_MODEL,COMMON_SCALE_CPS_2013_ANCHOR,1,0,1,REGIME_BRIDGE_ASSUMPTION;EARLY_CPS_DESIGN_BREAKS;UNKNOWN_SAMPLING_SE_WAVES,S2_FINAL_20261002T002743Z|M2_L6|inherited_base_sha256:6552cee937979c00eae89960ca07a3f13358525826877809d2c0f1a2903f24b7,LATENT_INDEX_2013_STATE_SD,MODEL_AND_LENGTH_SENSITIVITY_ENVELOPE,-0.7086898032218102
AZ,2019,-1.163027739974516,1.6568510893553619,-4.410455875111025,2.0844003951619934,MODEL_ESTIMATED,0,1,CPS_PARTICIPATION_AND_CEV_MEMBERSHIP_LATENT_MODEL,COMMON_SCALE_CPS_2013_ANCHOR,1,0,1,REGIME_BRIDGE_ASSUMPTION;EARLY_CPS_DESIGN_BREAKS;UNKNOWN_SAMPLING_SE_WAVES,S2_FINAL_20261002T002743Z|M2_L6|inherited_base_sha256:6552cee937979c00eae89960ca07a3f13358525826877809d2c0f1a2903f24b7,LATENT_INDEX_2013_STATE_SD,MODEL_AND_LENGTH_SENSITIVITY_ENVELOPE,-0.7111082796876167
AZ,2020,-1.473329754403866,1.6866468675778177,-4.779157614856389,1.8324981060486565,MODEL_ESTIMATED,0,0,CPS_PARTICIPATION_AND_CEV_MEMBERSHIP_LATENT_MODEL,COMMON_SCALE_CPS_2013_ANCHOR,1,0,1,REGIME_BRIDGE_ASSUMPTION;EARLY_CPS_DESIGN_BREAKS;UNKNOWN_SAMPLING_SE_WAVES,S2_FINAL_20261002T002743Z|M2_L6|inherited_base_sha256:6552cee937979c00eae89960ca07a3f13358525826877809d2c0f1a2903f24b7,LATENT_INDEX_2013_STATE_SD,MODEL_AND_LENGTH_SENSITIVITY_ENVELOPE,-0.7768216721771716
AZ,2021,-1.7907042323281255,1.657763578716336,-5.039920846612144,1.458512381955893,MODEL_ESTIMATED,0,1,CPS_PARTICIPATION_AND_CEV_MEMBERSHIP_LATENT_MODEL,COMMON_SCALE_CPS_2013_ANCHOR,1,0,1,REGIME_BRIDGE_ASSUMPTION;EARLY_CPS_DESIGN_BREAKS;UNKNOWN_SAMPLING_SE_WAVES,S2_FINAL_20261002T002743Z|M2_L6|inherited_base_sha256:6552cee937979c00eae89960ca07a3f13358525826877809d2c0f1a2903f24b7,LATENT_INDEX_2013_STATE_SD,MODEL_AND_LENGTH_SENSITIVITY_ENVELOPE,-0.8440328170108862
AZ,2022,-1.7058417013659206,1.6956938271337298,-5.029401602548031,1.61771819981619,MODEL_ESTIMATED,0,0,CPS_PARTICIPATION_AND_CEV_MEMBERSHIP_LATENT_MODEL,COMMON_SCALE_CPS_2013_ANCHOR,1,0,1,REGIME_BRIDGE_ASSUMPTION;EARLY_CPS_DESIGN_BREAKS;UNKNOWN_SAMPLING_SE_WAVES,S2_FINAL_20261002T002743Z|M2_L6|inherited_base_sha256:6552cee937979c00eae89960ca07a3f13358525826877809d2c0f1a2903f24b7,LATENT_INDEX_2013_STATE_SD,MODEL_AND_LENGTH_SENSITIVITY_ENVELOPE,-0.826061277847559
AZ,2023,-1.6321547821007167,1.6673598971436383,-4.900180180502248,1.6358706163008143,MODEL_ESTIMATED,0,1,CPS_PARTICIPATION_AND_CEV_MEMBERSHIP_LATENT_MODEL,COMMON_SCALE_CPS_2013_ANCHOR,1,0,1,REGIME_BRIDGE_ASSUMPTION;EARLY_CPS_DESIGN_BREAKS;UNKNOWN_SAMPLING_SE_WAVES,S2_FINAL_20261002T002743Z|M2_L6|inherited_base_sha256:6552cee937979c00eae89960ca07a3f13358525826877809d2c0f1a2903f24b7,LATENT_INDEX_2013_STATE_SD,MODEL_AND_LENGTH_SENSITIVITY_ENVELOPE,-0.8104564244407083
CA,2000,-0.7041887743920909,1.8798004005009668,-4.388597559373986,4.388970530964982,MODEL_ESTIMATED,0,0,CPS_PARTICIPATION_AND_CEV_MEMBERSHIP_LATENT_MODEL,COMMON_SCALE_CPS_2013_ANCHOR,1,1,1,REGIME_BRIDGE_ASSUMPTION;EARLY_CPS_DESIGN_BREAKS;UNKNOWN_SAMPLING_SE_WAVES;BACKCAST;BACKCAST_MODEL_SENSITIVITY,S2_FINAL_20261002T002743Z|M2_L6|inherited_base_sha256:6552cee937979c00eae89960ca07a3f13358525826877809d2c0f1a2903f24b7,LATENT_INDEX_2013_STATE_SD,MODEL_AND_LENGTH_SENSITIVITY_ENVELOPE,-0.6139388652696376
CA,2001,-0.7477697988678191,1.7442427639851206,-4.166485616278655,3.964572194209405,MODEL_ESTIMATED,0,0,CPS_PARTICIPATION_AND_CEV_MEMBERSHIP_LATENT_MODEL,COMMON_SCALE_CPS_2013_ANCHOR,1,1,1,REGIME_BRIDGE_ASSUMPTION;EARLY_CPS_DESIGN_BREAKS;UNKNOWN_SAMPLING_SE_WAVES;BACKCAST;BACKCAST_MODEL_SENSITIVITY,S2_FINAL_20261002T002743Z|M2_L6|inherited_base_sha256:6552cee937979c00eae89960ca07a3f13358525826877809d2c0f1a2903f24b7,LATENT_INDEX_2013_STATE_SD,MODEL_AND_LENGTH_SENSITIVITY_ENVELOPE,-0.623168122036588
CA,2002,-0.7915341771454965,1.607382457269457,-3.9420037933936323,3.530785586015779,MODEL_ESTIMATED,0,0,CPS_PARTICIPATION_AND_CEV_MEMBERSHIP_LATENT_MODEL,COMMON_SCALE_CPS_2013_ANCHOR,1,1,1,REGIME_BRIDGE_ASSUMPTION;EARLY_CPS_DESIGN_BREAKS;UNKNOWN_SAMPLING_SE_WAVES;BACKCAST;BACKCAST_MODEL_SENSITIVITY,S2_FINAL_20261002T002743Z|M2_L6|inherited_base_sha256:6552cee937979c00eae89960ca07a3f13358525826877809d2c0f1a2903f24b7,LATENT_INDEX_2013_STATE_SD,MODEL_AND_LENGTH_SENSITIVITY_ENVELOPE,-0.6324362080724173
CA,2003,-0.8355151623463574,1.4683799123205095,-3.713539790494556,3.0852555386294247,MODEL_ESTIMATED,0,0,CPS_PARTICIPATION_AND_CEV_MEMBERSHIP_LATENT_MODEL,COMMON_SCALE_CPS_2013_ANCHOR,1,1,1,REGIME_BRIDGE_ASSUMPTION;EARLY_CPS_DESIGN_BREAKS;UNKNOWN_SAMPLING_SE_WAVES;BACKCAST;BACKCAST_MODEL_SENSITIVITY,S2_FINAL_20261002T002743Z|M2_L6|inherited_base_sha256:6552cee937979c00eae89960ca07a3f13358525826877809d2c0f1a2903f24b7,LATENT_INDEX_2013_STATE_SD,MODEL_AND_LENGTH_SENSITIVITY_ENVELOPE,-0.6417501654693633
CA,2004,-0.8797520383914068,1.3259290189180892,-3.4785729154708616,2.6246208560421445,MODEL_ESTIMATED,0,0,CPS_PARTICIPATION_AND_CEV_MEMBERSHIP_LATENT_MODEL,COMMON_SCALE_CPS_2013_ANCHOR,1,1,1,REGIME_BRIDGE_ASSUMPTION;EARLY_CPS_DESIGN_BREAKS;UNKNOWN_SAMPLING_SE_WAVES;BACKCAST;BACKCAST_MODEL_SENSITIVITY,S2_FINAL_20261002T002743Z|M2_L6|inherited_base_sha256:6552cee937979c00eae89960ca07a3f13358525826877809d2c0f1a2903f24b7,LATENT_INDEX_2013_STATE_SD,MODEL_AND_LENGTH_SENSITIVITY_ENVELOPE,-0.6511183134764139
CA,2005,-0.9242912137497984,1.1779137366236914,-3.2330021375322335,2.1437975695706553,MODEL_ESTIMATED,0,0,CPS_PARTICIPATION_AND_CEV_MEMBERSHIP_LATENT_MODEL,COMMON_SCALE_CPS_2013_ANCHOR,1,1,1,REGIME_BRIDGE_ASSUMPTION;EARLY_CPS_DESIGN_BREAKS;UNKNOWN_SAMPLING_SE_WAVES;BACKCAST;BACKCAST_MODEL_SENSITIVITY,S2_FINAL_20261002T002743Z|M2_L6|inherited_base_sha256:6552cee937979c00eae89960ca07a3f13358525826877809d2c0f1a2903f24b7,LATENT_INDEX_2013_STATE_SD,MODEL_AND_LENGTH_SENSITIVITY_ENVELOPE,-0.660550480124992
CA,2006,-0.9691875135498184,1.0206870204673109,-2.9697340736657476,1.6344409925865244,MODEL_ESTIMATED,0,0,CPS_PARTICIPATION_AND_CEV_MEMBERSHIP_LATENT_MODEL,COMMON_SCALE_CPS_2013_ANCHOR,1,1,1,REGIME_BRIDGE_ASSUMPTION;EARLY_CPS_DESIGN_BREAKS;UNKNOWN_SAMPLING_SE_WAVES;BACKCAST;BACKCAST_MODEL_SENSITIVITY,S2_FINAL_20261002T002743Z|M2_L6|inherited_base_sha256:6552cee937979c00eae89960ca07a3f13358525826877809d2c0f1a2903f24b7,LATENT_INDEX_2013_STATE_SD,MODEL_AND_LENGTH_SENSITIVITY_ENVELOPE,-0.6700582758623579
CA,2007,-1.0145057060276406,0.847295054144074,-2.675204012150026,1.0810327952123955,MODEL_ESTIMATED,0,0,CPS_PARTICIPATION_AND_CEV_MEMBERSHIP_LATENT_MODEL,COMMON_SCALE_CPS_2013_ANCHOR,1,1,1,REGIME_BRIDGE_ASSUMPTION;EARLY_CPS_DESIGN_BREAKS;UNKNOWN_SAMPLING_SE_WAVES;BACKCAST;BACKCAST_MODEL_SENSITIVITY,S2_FINAL_20261002T002743Z|M2_L6|inherited_base_sha256:6552cee937979c00eae89960ca07a3f13358525826877809d2c0f1a2903f24b7,LATENT_INDEX_2013_STATE_SD,MODEL_AND_LENGTH_SENSITIVITY_ENVELOPE,-0.6796554168112781
CA,2008,-1.0603223058134885,0.641736503540282,-2.382201330642656,0.47549516971364464,MODEL_ESTIMATED,0,0,CPS_PARTICIPATION_AND_CEV_MEMBERSHIP_LATENT_MODEL,COMMON_SCALE_CPS_2013_ANCHOR,1,1,1,REGIME_BRIDGE_ASSUMPTION;EARLY_CPS_DESIGN_BREAKS;UNKNOWN_SAMPLING_SE_WAVES;BACKCAST;BACKCAST_MODEL_SENSITIVITY;NO_DIRECT_OBSERVATION_AVAILABLE_IN_CURRENT_EVIDENCE,S2_FINAL_20261002T002743Z|M2_L6|inherited_base_sha256:6552cee937979c00eae89960ca07a3f13358525826877809d2c0f1a2903f24b7,LATENT_INDEX_2013_STATE_SD,MODEL_AND_LENGTH_SENSITIVITY_ENVELOPE,-0.6893581066562058
CA,2009,-1.106727704262522,0.3441800526320133,-1.8259943081666001,-0.41291645359829465,MODEL_ESTIMATED,0,1,CPS_PARTICIPATION_AND_CEV_MEMBERSHIP_LATENT_MODEL,COMMON_SCALE_CPS_2013_ANCHOR,1,0,1,REGIME_BRIDGE_ASSUMPTION;EARLY_CPS_DESIGN_BREAKS;UNKNOWN_SAMPLING_SE_WAVES,S2_FINAL_20261002T002743Z|M2_L6|inherited_base_sha256:6552cee937979c00eae89960ca07a3f13358525826877809d2c0f1a2903f24b7,LATENT_INDEX_2013_STATE_SD,MODEL_AND_LENGTH_SENSITIVITY_ENVELOPE,-0.6991854877884989
CA,2010,-1.3782297722821595,0.2970209328858214,-2.066210906500447,-0.7958464037842672,MODEL_ESTIMATED,0,1,CPS_PARTICIPATION_AND_CEV_MEMBERSHIP_LATENT_MODEL,COMMON_SCALE_CPS_2013_ANCHOR,1,0,1,REGIME_BRIDGE_ASSUMPTION;EARLY_CPS_DESIGN_BREAKS;UNKNOWN_SAMPLING_SE_WAVES,S2_FINAL_20261002T002743Z|M2_L6|inherited_base_sha256:6552cee937979c00eae89960ca07a3f13358525826877809d2c0f1a2903f24b7,LATENT_INDEX_2013_STATE_SD,MODEL_AND_LENGTH_SENSITIVITY_ENVELOPE,-0.7566821237362568
CA,2011,-0.30589906149743434,0.17865033235492842,-0.6586723920886908,0.06780048878978978,MODEL_ESTIMATED,0,1,CPS_PARTICIPATION_AND_CEV_MEMBERSHIP_LATENT_MODEL,COMMON_SCALE_CPS_2013_ANCHOR,1,0,1,REGIME_BRIDGE_ASSUMPTION;EARLY_CPS_DESIGN_BREAKS;UNKNOWN_SAMPLING_SE_WAVES,S2_FINAL_20261002T002743Z|M2_L6|inherited_base_sha256:6552cee937979c00eae89960ca07a3f13358525826877809d2c0f1a2903f24b7,LATENT_INDEX_2013_STATE_SD,MODEL_AND_LENGTH_SENSITIVITY_ENVELOPE,-0.5295921094932332
CA,2012,-0.7008139495604774,0.4247126284328247,-1.7776992017134545,0.281249922950543,MODEL_ESTIMATED,0,0,CPS_PARTICIPATION_AND_CEV_MEMBERSHIP_LATENT_MODEL,COMMON_SCALE_CPS_2013_ANCHOR,1,0,1,REGIME_BRIDGE_ASSUMPTION;EARLY_CPS_DESIGN_BREAKS;UNKNOWN_SAMPLING_SE_WAVES,S2_FINAL_20261002T002743Z|M2_L6|inherited_base_sha256:6552cee937979c00eae89960ca07a3f13358525826877809d2c0f1a2903f24b7,LATENT_INDEX_2013_STATE_SD,MODEL_AND_LENGTH_SENSITIVITY_ENVELOPE,-0.6132241706223883
CA,2013,-1.0815671921969672,0.22661674658770706,-1.5601410656545258,-0.6373983688850613,MODEL_ESTIMATED,0,1,CPS_PARTICIPATION_AND_CEV_MEMBERSHIP_LATENT_MODEL,COMMON_SCALE_CPS_2013_ANCHOR,1,0,1,REGIME_BRIDGE_ASSUMPTION;EARLY_CPS_DESIGN_BREAKS;UNKNOWN_SAMPLING_SE_WAVES,S2_FINAL_20261002T002743Z|M2_L6|inherited_base_sha256:6552cee937979c00eae89960ca07a3f13358525826877809d2c0f1a2903f24b7,LATENT_INDEX_2013_STATE_SD,MODEL_AND_LENGTH_SENSITIVITY_ENVELOPE,-0.6938571865602823
CA,2014,-1.222456822341942,0.6628557135984794,-2.946737635460951,0.07674037631107744,MODEL_ESTIMATED,0,0,CPS_PARTICIPATION_AND_CEV_MEMBERSHIP_LATENT_MODEL,COMMON_SCALE_CPS_2013_ANCHOR,1,0,1,REGIME_BRIDGE_ASSUMPTION;EARLY_CPS_DESIGN_BREAKS;UNKNOWN_SAMPLING_SE_WAVES;CPS_CEV_GAP,S2_FINAL_20261002T002743Z|M2_L6|inherited_base_sha256:6552cee937979c00eae89960ca07a3f13358525826877809d2c0f1a2903f24b7,LATENT_INDEX_2013_STATE_SD,MODEL_AND_LENGTH_SENSITIVITY_ENVELOPE,-0.7236937172075331
CA,2015,-1.3613379783287176,1.0003872898109225,-3.681551332999473,0.5994211097006905,MODEL_ESTIMATED,0,0,CPS_PARTICIPATION_AND_CEV_MEMBERSHIP_LATENT_MODEL,COMMON_SCALE_CPS_2013_ANCHOR,1,0,1,REGIME_BRIDGE_ASSUMPTION;EARLY_CPS_DESIGN_BREAKS;UNKNOWN_SAMPLING_SE_WAVES;CPS_CEV_GAP,S2_FINAL_20261002T002743Z|M2_L6|inherited_base_sha256:6552cee937979c00eae89960ca07a3f13358525826877809d2c0f1a2903f24b7,LATENT_INDEX_2013_STATE_SD,MODEL_AND_LENGTH_SENSITIVITY_ENVELOPE,-0.7531049085255964
CA,2016,-1.5008921677064437,1.3218793920434384,-4.145251435977006,1.0899914406986957,MODEL_ESTIMATED,0,0,CPS_PARTICIPATION_AND_CEV_MEMBERSHIP_LATENT_MODEL,COMMON_SCALE_CPS_2013_ANCHOR,1,0,1,REGIME_BRIDGE_ASSUMPTION;EARLY_CPS_DESIGN_BREAKS;UNKNOWN_SAMPLING_SE_WAVES;CPS_CEV_GAP,S2_FINAL_20261002T002743Z|M2_L6|inherited_base_sha256:6552cee937979c00eae89960ca07a3f13358525826877809d2c0f1a2903f24b7,LATENT_INDEX_2013_STATE_SD,MODEL_AND_LENGTH_SENSITIVITY_ENVELOPE,-0.7826586297188185
CA,2017,-1.6438196367126194,1.6480509153485563,-4.87399943079579,1.586360157370551,MODEL_ESTIMATED,0,1,CPS_PARTICIPATION_AND_CEV_MEMBERSHIP_LATENT_MODEL,COMMON_SCALE_CPS_2013_ANCHOR,1,0,1,REGIME_BRIDGE_ASSUMPTION;EARLY_CPS_DESIGN_BREAKS;UNKNOWN_SAMPLING_SE_WAVES,S2_FINAL_20261002T002743Z|M2_L6|inherited_base_sha256:6552cee937979c00eae89960ca07a3f13358525826877809d2c0f1a2903f24b7,LATENT_INDEX_2013_STATE_SD,MODEL_AND_LENGTH_SENSITIVITY_ENVELOPE,-0.8129267183279563
CA,2018,-1.6596340446865874,1.6741336711693768,-4.940936040178566,1.6216679508053913,MODEL_ESTIMATED,0,0,CPS_PARTICIPATION_AND_CEV_MEMBERSHIP_LATENT_MODEL,COMMON_SCALE_CPS_2013_ANCHOR,1,0,1,REGIME_BRIDGE_ASSUMPTION;EARLY_CPS_DESIGN_BREAKS;UNKNOWN_SAMPLING_SE_WAVES,S2_FINAL_20261002T002743Z|M2_L6|inherited_base_sha256:6552cee937979c00eae89960ca07a3f13358525826877809d2c0f1a2903f24b7,LATENT_INDEX_2013_STATE_SD,MODEL_AND_LENGTH_SENSITIVITY_ENVELOPE,-0.8162757729581508
CA,2019,-1.6808709640403863,1.6498473066273849,-4.914571685030061,1.5528297569492882,MODEL_ESTIMATED,0,1,CPS_PARTICIPATION_AND_CEV_MEMBERSHIP_LATENT_MODEL,COMMON_SCALE_CPS_2013_ANCHOR,1,0,1,REGIME_BRIDGE_ASSUMPTION;EARLY_CPS_DESIGN_BREAKS;UNKNOWN_SAMPLING_SE_WAVES,S2_FINAL_20261002T002743Z|M2_L6|inherited_base_sha256:6552cee937979c00eae89960ca07a3f13358525826877809d2c0f1a2903f24b7,LATENT_INDEX_2013_STATE_SD,MODEL_AND_LENGTH_SENSITIVITY_ENVELOPE,-0.8207731656654835
CA,2020,-2.1333641292097294,1.684660782617274,-5.435299263139586,1.1685710047201274,MODEL_ESTIMATED,0,0,CPS_PARTICIPATION_AND_CEV_MEMBERSHIP_LATENT_MODEL,COMMON_SCALE_CPS_2013_ANCHOR,1,0,1,REGIME_BRIDGE_ASSUMPTION;EARLY_CPS_DESIGN_BREAKS;UNKNOWN_SAMPLING_SE_WAVES,S2_FINAL_20261002T002743Z|M2_L6|inherited_base_sha256:6552cee937979c00eae89960ca07a3f13358525826877809d2c0f1a2903f24b7,LATENT_INDEX_2013_STATE_SD,MODEL_AND_LENGTH_SENSITIVITY_ENVELOPE,-0.9165987149011109
CA,2021,-2.602098982576283,1.6643954564399073,-5.864314077198501,0.6601161120459356,MODEL_ESTIMATED,0,1,CPS_PARTICIPATION_AND_CEV_MEMBERSHIP_LATENT_MODEL,COMMON_SCALE_CPS_2013_ANCHOR,1,0,1,REGIME_BRIDGE_ASSUMPTION;EARLY_CPS_DESIGN_BREAKS;UNKNOWN_SAMPLING_SE_WAVES,S2_FINAL_20261002T002743Z|M2_L6|inherited_base_sha256:6552cee937979c00eae89960ca07a3f13358525826877809d2c0f1a2903f24b7,LATENT_INDEX_2013_STATE_SD,MODEL_AND_LENGTH_SENSITIVITY_ENVELOPE,-1.015863804911744
CA,2022,-2.418376425027797,1.6949835640767257,-5.740544210618179,0.9037913605625856,MODEL_ESTIMATED,0,0,CPS_PARTICIPATION_AND_CEV_MEMBERSHIP_LATENT_MODEL,COMMON_SCALE_CPS_2013_ANCHOR,1,0,1,REGIME_BRIDGE_ASSUMPTION;EARLY_CPS_DESIGN_BREAKS;UNKNOWN_SAMPLING_SE_WAVES,S2_FINAL_20261002T002743Z|M2_L6|inherited_base_sha256:6552cee937979c00eae89960ca07a3f13358525826877809d2c0f1a2903f24b7,LATENT_INDEX_2013_STATE_SD,MODEL_AND_LENGTH_SENSITIVITY_ENVELOPE,-0.9769564437862582
CA,2023,-2.2564604258237027,1.6642685094340912,-5.518426704314521,1.005505852667116,MODEL_ESTIMATED,0,1,CPS_PARTICIPATION_AND_CEV_MEMBERSHIP_LATENT_MODEL,COMMON_SCALE_CPS_2013_ANCHOR,1,0,1,REGIME_BRIDGE_ASSUMPTION;EARLY_CPS_DESIGN_BREAKS;UNKNOWN_SAMPLING_SE_WAVES,S2_FINAL_20261002T002743Z|M2_L6|inherited_base_sha256:6552cee937979c00eae89960ca07a3f13358525826877809d2c0f1a2903f24b7,LATENT_INDEX_2013_STATE_SD,MODEL_AND_LENGTH_SENSITIVITY_ENVELOPE,-0.9426671091662291
CO,2000,1.0860805357043082,1.8748046018167617,-2.5885364838565446,6.086770040716262,MODEL_ESTIMATED,0,0,CPS_PARTICIPATION_AND_CEV_MEMBERSHIP_LATENT_MODEL,COMMON_SCALE_CPS_2013_ANCHOR,1,1,1,REGIME_BRIDGE_ASSUMPTION;EARLY_CPS_DESIGN_BREAKS;UNKNOWN_SAMPLING_SE_WAVES;BACKCAST;BACKCAST_MODEL_SENSITIVITY,S2_FINAL_20261002T002743Z|M2_L6|inherited_base_sha256:6552cee937979c00eae89960ca07a3f13358525826877809d2c0f1a2903f24b7,LATENT_INDEX_2013_STATE_SD,MODEL_AND_LENGTH_SENSITIVITY_ENVELOPE,-0.2348092935434611
CO,2001,1.0620743634067593,1.7392848329086457,-2.346923909094186,5.693863563544828,MODEL_ESTIMATED,0,0,CPS_PARTICIPATION_AND_CEV_MEMBERSHIP_LATENT_MODEL,COMMON_SCALE_CPS_2013_ANCHOR,1,1,1,REGIME_BRIDGE_ASSUMPTION;EARLY_CPS_DESIGN_BREAKS;UNKNOWN_SAMPLING_SE_WAVES;BACKCAST;BACKCAST_MODEL_SENSITIVITY,S2_FINAL_20261002T002743Z|M2_L6|inherited_base_sha256:6552cee937979c00eae89960ca07a3f13358525826877809d2c0f1a2903f24b7,LATENT_INDEX_2013_STATE_SD,MODEL_AND_LENGTH_SENSITIVITY_ENVELOPE,-0.23989313750516342
CO,2002,1.0414349405800762,1.602463297020074,-2.099393121579269,5.294328102271934,MODEL_ESTIMATED,0,0,CPS_PARTICIPATION_AND_CEV_MEMBERSHIP_LATENT_MODEL,COMMON_SCALE_CPS_2013_ANCHOR,1,1,1,REGIME_BRIDGE_ASSUMPTION;EARLY_CPS_DESIGN_BREAKS;UNKNOWN_SAMPLING_SE_WAVES;BACKCAST;BACKCAST_MODEL_SENSITIVITY,S2_FINAL_20261002T002743Z|M2_L6|inherited_base_sha256:6552cee937979c00eae89960ca07a3f13358525826877809d2c0f1a2903f24b7,LATENT_INDEX_2013_STATE_SD,MODEL_AND_LENGTH_SENSITIVITY_ENVELOPE,-0.24426399695788703
CO,2003,1.024772862298306,1.4635812166838496,-1.843846322402039,4.886058467916808,MODEL_ESTIMATED,0,0,CPS_PARTICIPATION_AND_CEV_MEMBERSHIP_LATENT_MODEL,COMMON_SCALE_CPS_2013_ANCHOR,1,1,1,REGIME_BRIDGE_ASSUMPTION;EARLY_CPS_DESIGN_BREAKS;UNKNOWN_SAMPLING_SE_WAVES;BACKCAST;BACKCAST_MODEL_SENSITIVITY,S2_FINAL_20261002T002743Z|M2_L6|inherited_base_sha256:6552cee937979c00eae89960ca07a3f13358525826877809d2c0f1a2903f24b7,LATENT_INDEX_2013_STATE_SD,MODEL_AND_LENGTH_SENSITIVITY_ENVELOPE,-0.24779256473671768
CO,2004,1.0128094614102292,1.3214433416575317,-1.5772194882385329,4.465971855976215,MODEL_ESTIMATED,0,0,CPS_PARTICIPATION_AND_CEV_MEMBERSHIP_LATENT_MODEL,COMMON_SCALE_CPS_2013_ANCHOR,1,1,1,REGIME_BRIDGE_ASSUMPTION;EARLY_CPS_DESIGN_BREAKS;UNKNOWN_SAMPLING_SE_WAVES;BACKCAST;BACKCAST_MODEL_SENSITIVITY,S2_FINAL_20261002T002743Z|M2_L6|inherited_base_sha256:6552cee937979c00eae89960ca07a3f13358525826877809d2c0f1a2903f24b7,LATENT_INDEX_2013_STATE_SD,MODEL_AND_LENGTH_SENSITIVITY_ENVELOPE,-0.2503260824759236
CO,2005,1.0063968919878832,1.1740724896260872,-1.2947851876792478,4.029300271698027,MODEL_ESTIMATED,0,0,CPS_PARTICIPATION_AND_CEV_MEMBERSHIP_LATENT_MODEL,COMMON_SCALE_CPS_2013_ANCHOR,1,1,1,REGIME_BRIDGE_ASSUMPTION;EARLY_CPS_DESIGN_BREAKS;UNKNOWN_SAMPLING_SE_WAVES;BACKCAST;BACKCAST_MODEL_SENSITIVITY,S2_FINAL_20261002T002743Z|M2_L6|inherited_base_sha256:6552cee937979c00eae89960ca07a3f13358525826877809d2c0f1a2903f24b7,LATENT_INDEX_2013_STATE_SD,MODEL_AND_LENGTH_SENSITIVITY_ENVELOPE,-0.2516840874894975
CO,2006,1.006541855117648,1.0179801568830404,-0.9886992523731113,3.5680730432904175,MODEL_ESTIMATED,0,0,CPS_PARTICIPATION_AND_CEV_MEMBERSHIP_LATENT_MODEL,COMMON_SCALE_CPS_2013_ANCHOR,1,1,1,REGIME_BRIDGE_ASSUMPTION;EARLY_CPS_DESIGN_BREAKS;UNKNOWN_SAMPLING_SE_WAVES;BACKCAST;BACKCAST_MODEL_SENSITIVITY,S2_FINAL_20261002T002743Z|M2_L6|inherited_base_sha256:6552cee937979c00eae89960ca07a3f13358525826877809d2c0f1a2903f24b7,LATENT_INDEX_2013_STATE_SD,MODEL_AND_LENGTH_SENSITIVITY_ENVELOPE,-0.25165338830418843
CO,2007,1.0144336276105428,0.8463884397168852,-0.644487714234552,3.075644085004236,MODEL_ESTIMATED,0,0,CPS_PARTICIPATION_AND_CEV_MEMBERSHIP_LATENT_MODEL,COMMON_SCALE_CPS_2013_ANCHOR,1,1,1,REGIME_BRIDGE_ASSUMPTION;EARLY_CPS_DESIGN_BREAKS;UNKNOWN_SAMPLING_SE_WAVES;BACKCAST;BACKCAST_MODEL_SENSITIVITY,S2_FINAL_20261002T002743Z|M2_L6|inherited_base_sha256:6552cee937979c00eae89960ca07a3f13358525826877809d2c0f1a2903f24b7,LATENT_INDEX_2013_STATE_SD,MODEL_AND_LENGTH_SENSITIVITY_ENVELOPE,-0.2499821289531411
CO,2008,1.0314771740110613,0.6436058834419908,-0.26347643772154566,2.5984653636178217,MODEL_ESTIMATED,0,0,CPS_PARTICIPATION_AND_CEV_MEMBERSHIP_LATENT_MODEL,COMMON_SCALE_CPS_2013_ANCHOR,1,1,1,REGIME_BRIDGE_ASSUMPTION;EARLY_CPS_DESIGN_BREAKS;UNKNOWN_SAMPLING_SE_WAVES;BACKCAST;BACKCAST_MODEL_SENSITIVITY;NO_DIRECT_OBSERVATION_AVAILABLE_IN_CURRENT_EVIDENCE,S2_FINAL_20261002T002743Z|M2_L6|inherited_base_sha256:6552cee937979c00eae89960ca07a3f13358525826877809d2c0f1a2903f24b7,LATENT_INDEX_2013_STATE_SD,MODEL_AND_LENGTH_SENSITIVITY_ENVELOPE,-0.2463727767673653
CO,2009,1.0593322638135572,0.35218914534320717,0.35993512520421556,1.7871429629041709,MODEL_ESTIMATED,0,1,CPS_PARTICIPATION_AND_CEV_MEMBERSHIP_LATENT_MODEL,COMMON_SCALE_CPS_2013_ANCHOR,1,0,1,REGIME_BRIDGE_ASSUMPTION;EARLY_CPS_DESIGN_BREAKS;UNKNOWN_SAMPLING_SE_WAVES,S2_FINAL_20261002T002743Z|M2_L6|inherited_base_sha256:6552cee937979c00eae89960ca07a3f13358525826877809d2c0f1a2903f24b7,LATENT_INDEX_2013_STATE_SD,MODEL_AND_LENGTH_SENSITIVITY_ENVELOPE,-0.24047383843017972
CO,2010,0.7520614490908195,0.30742465016861575,0.13265622841730648,1.417629077473576,MODEL_ESTIMATED,0,1,CPS_PARTICIPATION_AND_CEV_MEMBERSHIP_LATENT_MODEL,COMMON_SCALE_CPS_2013_ANCHOR,1,0,1,REGIME_BRIDGE_ASSUMPTION;EARLY_CPS_DESIGN_BREAKS;UNKNOWN_SAMPLING_SE_WAVES,S2_FINAL_20261002T002743Z|M2_L6|inherited_base_sha256:6552cee937979c00eae89960ca07a3f13358525826877809d2c0f1a2903f24b7,LATENT_INDEX_2013_STATE_SD,MODEL_AND_LENGTH_SENSITIVITY_ENVELOPE,-0.3055453065790204
CO,2011,1.4736736216410657,0.23930411536566348,0.9981730545712656,1.9682641337423523,MODEL_ESTIMATED,0,1,CPS_PARTICIPATION_AND_CEV_MEMBERSHIP_LATENT_MODEL,COMMON_SCALE_CPS_2013_ANCHOR,1,0,1,REGIME_BRIDGE_ASSUMPTION;EARLY_CPS_DESIGN_BREAKS;UNKNOWN_SAMPLING_SE_WAVES,S2_FINAL_20261002T002743Z|M2_L6|inherited_base_sha256:6552cee937979c00eae89960ca07a3f13358525826877809d2c0f1a2903f24b7,LATENT_INDEX_2013_STATE_SD,MODEL_AND_LENGTH_SENSITIVITY_ENVELOPE,-0.15272778779094537
CO,2012,1.001315645376762,0.4626610652202621,-0.1482776738509608,2.034664485262127,MODEL_ESTIMATED,0,0,CPS_PARTICIPATION_AND_CEV_MEMBERSHIP_LATENT_MODEL,COMMON_SCALE_CPS_2013_ANCHOR,1,0,1,REGIME_BRIDGE_ASSUMPTION;EARLY_CPS_DESIGN_BREAKS;UNKNOWN_SAMPLING_SE_WAVES,S2_FINAL_20261002T002743Z|M2_L6|inherited_base_sha256:6552cee937979c00eae89960ca07a3f13358525826877809d2c0f1a2903f24b7,LATENT_INDEX_2013_STATE_SD,MODEL_AND_LENGTH_SENSITIVITY_ENVELOPE,-0.25276015511834254
CO,2013,0.5436704139896453,0.358738496952981,-0.2576683177779725,1.2533054354730873,MODEL_ESTIMATED,0,1,CPS_PARTICIPATION_AND_CEV_MEMBERSHIP_LATENT_MODEL,COMMON_SCALE_CPS_2013_ANCHOR,1,0,1,REGIME_BRIDGE_ASSUMPTION;EARLY_CPS_DESIGN_BREAKS;UNKNOWN_SAMPLING_SE_WAVES,S2_FINAL_20261002T002743Z|M2_L6|inherited_base_sha256:6552cee937979c00eae89960ca07a3f13358525826877809d2c0f1a2903f24b7,LATENT_INDEX_2013_STATE_SD,MODEL_AND_LENGTH_SENSITIVITY_ENVELOPE,-0.349676769618639
CO,2014,0.3682151800614465,0.6989931643689504,-1.440673148115139,1.7382417822245895,MODEL_ESTIMATED,0,0,CPS_PARTICIPATION_AND_CEV_MEMBERSHIP_LATENT_MODEL,COMMON_SCALE_CPS_2013_ANCHOR,1,0,1,REGIME_BRIDGE_ASSUMPTION;EARLY_CPS_DESIGN_BREAKS;UNKNOWN_SAMPLING_SE_WAVES;CPS_CEV_GAP,S2_FINAL_20261002T002743Z|M2_L6|inherited_base_sha256:6552cee937979c00eae89960ca07a3f13358525826877809d2c0f1a2903f24b7,LATENT_INDEX_2013_STATE_SD,MODEL_AND_LENGTH_SENSITIVITY_ENVELOPE,-0.38683334004140535
CO,2015,0.1922163020967934,1.014136592517305,-2.177473598641672,2.179924023430711,MODEL_ESTIMATED,0,0,CPS_PARTICIPATION_AND_CEV_MEMBERSHIP_LATENT_MODEL,COMMON_SCALE_CPS_2013_ANCHOR,1,0,1,REGIME_BRIDGE_ASSUMPTION;EARLY_CPS_DESIGN_BREAKS;UNKNOWN_SAMPLING_SE_WAVES;CPS_CEV_GAP,S2_FINAL_20261002T002743Z|M2_L6|inherited_base_sha256:6552cee937979c00eae89960ca07a3f13358525826877809d2c0f1a2903f24b7,LATENT_INDEX_2013_STATE_SD,MODEL_AND_LENGTH_SENSITIVITY_ENVELOPE,-0.42410503924929355
CO,2016,0.011958835818030939,1.3301977683768103,-2.697500500648819,2.6191464618365794,MODEL_ESTIMATED,0,0,CPS_PARTICIPATION_AND_CEV_MEMBERSHIP_LATENT_MODEL,COMMON_SCALE_CPS_2013_ANCHOR,1,0,1,REGIME_BRIDGE_ASSUMPTION;EARLY_CPS_DESIGN_BREAKS;UNKNOWN_SAMPLING_SE_WAVES;CPS_CEV_GAP,S2_FINAL_20261002T002743Z|M2_L6|inherited_base_sha256:6552cee937979c00eae89960ca07a3f13358525826877809d2c0f1a2903f24b7,LATENT_INDEX_2013_STATE_SD,MODEL_AND_LENGTH_SENSITIVITY_ENVELOPE,-0.46227858979015213
CO,2017,-0.17639073125495117,1.6629522107118404,-3.4357770642501584,3.0829956017402558,MODEL_ESTIMATED,0,1,CPS_PARTICIPATION_AND_CEV_MEMBERSHIP_LATENT_MODEL,COMMON_SCALE_CPS_2013_ANCHOR,1,0,1,REGIME_BRIDGE_ASSUMPTION;EARLY_CPS_DESIGN_BREAKS;UNKNOWN_SAMPLING_SE_WAVES,S2_FINAL_20261002T002743Z|M2_L6|inherited_base_sha256:6552cee937979c00eae89960ca07a3f13358525826877809d2c0f1a2903f24b7,LATENT_INDEX_2013_STATE_SD,MODEL_AND_LENGTH_SENSITIVITY_ENVELOPE,-0.5021658236808707
CO,2018,0.09792060180756763,1.6752781602819726,-3.1856245923450985,3.3814657959602337,MODEL_ESTIMATED,0,0,CPS_PARTICIPATION_AND_CEV_MEMBERSHIP_LATENT_MODEL,COMMON_SCALE_CPS_2013_ANCHOR,1,0,1,REGIME_BRIDGE_ASSUMPTION;EARLY_CPS_DESIGN_BREAKS;UNKNOWN_SAMPLING_SE_WAVES,S2_FINAL_20261002T002743Z|M2_L6|inherited_base_sha256:6552cee937979c00eae89960ca07a3f13358525826877809d2c0f1a2903f24b7,LATENT_INDEX_2013_STATE_SD,MODEL_AND_LENGTH_SENSITIVITY_ENVELOPE,-0.4440742630217488
CO,2019,0.3689036748615244,1.6441434753982627,-2.8536175369190704,3.5914248866421192,MODEL_ESTIMATED,0,1,CPS_PARTICIPATION_AND_CEV_MEMBERSHIP_LATENT_MODEL,COMMON_SCALE_CPS_2013_ANCHOR,1,0,1,REGIME_BRIDGE_ASSUMPTION;EARLY_CPS_DESIGN_BREAKS;UNKNOWN_SAMPLING_SE_WAVES,S2_FINAL_20261002T002743Z|M2_L6|inherited_base_sha256:6552cee937979c00eae89960ca07a3f13358525826877809d2c0f1a2903f24b7,LATENT_INDEX_2013_STATE_SD,MODEL_AND_LENGTH_SENSITIVITY_ENVELOPE,-0.3866875358670182
CO,2020,0.01936401304583728,1.6832487720431222,-3.2798035801586822,3.3185316062503567,MODEL_ESTIMATED,0,0,CPS_PARTICIPATION_AND_CEV_MEMBERSHIP_LATENT_MODEL,COMMON_SCALE_CPS_2013_ANCHOR,1,0,1,REGIME_BRIDGE_ASSUMPTION;EARLY_CPS_DESIGN_BREAKS;UNKNOWN_SAMPLING_SE_WAVES,S2_FINAL_20261002T002743Z|M2_L6|inherited_base_sha256:6552cee937979c00eae89960ca07a3f13358525826877809d2c0f1a2903f24b7,LATENT_INDEX_2013_STATE_SD,MODEL_AND_LENGTH_SENSITIVITY_ENVELOPE,-0.46071037787080493
CO,2021,-0.3333206106891839,1.663110393241736,-3.593016981442986,2.9263757600646185,MODEL_ESTIMATED,0,1,CPS_PARTICIPATION_AND_CEV_MEMBERSHIP_LATENT_MODEL,COMMON_SCALE_CPS_2013_ANCHOR,1,0,1,REGIME_BRIDGE_ASSUMPTION;EARLY_CPS_DESIGN_BREAKS;UNKNOWN_SAMPLING_SE_WAVES,S2_FINAL_20261002T002743Z|M2_L6|inherited_base_sha256:6552cee937979c00eae89960ca07a3f13358525826877809d2c0f1a2903f24b7,LATENT_INDEX_2013_STATE_SD,MODEL_AND_LENGTH_SENSITIVITY_ENVELOPE,-0.535399235908519
CO,2022,-0.10833491734673265,1.6973498555195299,-3.435140634165011,3.218470799471546,MODEL_ESTIMATED,0,0,CPS_PARTICIPATION_AND_CEV_MEMBERSHIP_LATENT_MODEL,COMMON_SCALE_CPS_2013_ANCHOR,1,0,1,REGIME_BRIDGE_ASSUMPTION;EARLY_CPS_DESIGN_BREAKS;UNKNOWN_SAMPLING_SE_WAVES,S2_FINAL_20261002T002743Z|M2_L6|inherited_base_sha256:6552cee937979c00eae89960ca07a3f13358525826877809d2c0f1a2903f24b7,LATENT_INDEX_2013_STATE_SD,MODEL_AND_LENGTH_SENSITIVITY_ENVELOPE,-0.48775348279171704
CO,2023,0.11232088432026806,1.6651440455638262,-3.1513614449848313,3.3760032136253675,MODEL_ESTIMATED,0,1,CPS_PARTICIPATION_AND_CEV_MEMBERSHIP_LATENT_MODEL,COMMON_SCALE_CPS_2013_ANCHOR,1,0,1,REGIME_BRIDGE_ASSUMPTION;EARLY_CPS_DESIGN_BREAKS;UNKNOWN_SAMPLING_SE_WAVES,S2_FINAL_20261002T002743Z|M2_L6|inherited_base_sha256:6552cee937979c00eae89960ca07a3f13358525826877809d2c0f1a2903f24b7,LATENT_INDEX_2013_STATE_SD,MODEL_AND_LENGTH_SENSITIVITY_ENVELOPE,-0.4410246810895857
CT,2000,0.42831594706970133,1.8761374536686852,-3.2489134621209215,5.344926273634098,MODEL_ESTIMATED,0,0,CPS_PARTICIPATION_AND_CEV_MEMBERSHIP_LATENT_MODEL,COMMON_SCALE_CPS_2013_ANCHOR,1,1,1,REGIME_BRIDGE_ASSUMPTION;EARLY_CPS_DESIGN_BREAKS;UNKNOWN_SAMPLING_SE_WAVES;BACKCAST;BACKCAST_MODEL_SENSITIVITY,S2_FINAL_20261002T002743Z|M2_L6|inherited_base_sha256:6552cee937979c00eae89960ca07a3f13358525826877809d2c0f1a2903f24b7,LATENT_INDEX_2013_STATE_SD,MODEL_AND_LENGTH_SENSITIVITY_ENVELOPE,-0.3741056582743379
CT,2001,0.37829481913607343,1.7419652773697714,-3.0359571245086783,4.923136797577296,MODEL_ESTIMATED,0,0,CPS_PARTICIPATION_AND_CEV_MEMBERSHIP_LATENT_MODEL,COMMON_SCALE_CPS_2013_ANCHOR,1,1,1,REGIME_BRIDGE_ASSUMPTION;EARLY_CPS_DESIGN_BREAKS;UNKNOWN_SAMPLING_SE_WAVES;BACKCAST;BACKCAST_MODEL_SENSITIVITY,S2_FINAL_20261002T002743Z|M2_L6|inherited_base_sha256:6552cee937979c00eae89960ca07a3f13358525826877809d2c0f1a2903f24b7,LATENT_INDEX_2013_STATE_SD,MODEL_AND_LENGTH_SENSITIVITY_ENVELOPE,-0.3846987510027808
CT,2002,0.32692235757847204,1.6064603379270759,-2.821739904758597,4.492217387523214,MODEL_ESTIMATED,0,0,CPS_PARTICIPATION_AND_CEV_MEMBERSHIP_LATENT_MODEL,COMMON_SCALE_CPS_2013_ANCHOR,1,1,1,REGIME_BRIDGE_ASSUMPTION;EARLY_CPS_DESIGN_BREAKS;UNKNOWN_SAMPLING_SE_WAVES;BACKCAST;BACKCAST_MODEL_SENSITIVITY,S2_FINAL_20261002T002743Z|M2_L6|inherited_base_sha256:6552cee937979c00eae89960ca07a3f13358525826877809d2c0f1a2903f24b7,LATENT_INDEX_2013_STATE_SD,MODEL_AND_LENGTH_SENSITIVITY_ENVELOPE,-0.3955780188531603
CT,2003,0.2739534839729238,1.4687066282872692,-2.6047115074701237,4.04984947459077,MODEL_ESTIMATED,0,0,CPS_PARTICIPATION_AND_CEV_MEMBERSHIP_LATENT_MODEL,COMMON_SCALE_CPS_2013_ANCHOR,1,1,1,REGIME_BRIDGE_ASSUMPTION;EARLY_CPS_DESIGN_BREAKS;UNKNOWN_SAMPLING_SE_WAVES;BACKCAST;BACKCAST_MODEL_SENSITIVITY,S2_FINAL_20261002T002743Z|M2_L6|inherited_base_sha256:6552cee937979c00eae89960ca07a3f13358525826877809d2c0f1a2903f24b7,LATENT_INDEX_2013_STATE_SD,MODEL_AND_LENGTH_SENSITIVITY_ENVELOPE,-0.40679536266374494
CT,2004,0.21909867237132263,1.3272953955967872,-2.3824003029983807,3.5927208885683397,MODEL_ESTIMATED,0,0,CPS_PARTICIPATION_AND_CEV_MEMBERSHIP_LATENT_MODEL,COMMON_SCALE_CPS_2013_ANCHOR,1,1,1,REGIME_BRIDGE_ASSUMPTION;EARLY_CPS_DESIGN_BREAKS;UNKNOWN_SAMPLING_SE_WAVES;BACKCAST;BACKCAST_MODEL_SENSITIVITY,S2_FINAL_20261002T002743Z|M2_L6|inherited_base_sha256:6552cee937979c00eae89960ca07a3f13358525826877809d2c0f1a2903f24b7,LATENT_INDEX_2013_STATE_SD,MODEL_AND_LENGTH_SENSITIVITY_ENVELOPE,-0.41841209603025464
CT,2005,0.16201588828006525,1.179985219809639,-2.150755142546827,3.1158194256778535,MODEL_ESTIMATED,0,0,CPS_PARTICIPATION_AND_CEV_MEMBERSHIP_LATENT_MODEL,COMMON_SCALE_CPS_2013_ANCHOR,1,1,1,REGIME_BRIDGE_ASSUMPTION;EARLY_CPS_DESIGN_BREAKS;UNKNOWN_SAMPLING_SE_WAVES;BACKCAST;BACKCAST_MODEL_SENSITIVITY,S2_FINAL_20261002T002743Z|M2_L6|inherited_base_sha256:6552cee937979c00eae89960ca07a3f13358525826877809d2c0f1a2903f24b7,LATENT_INDEX_2013_STATE_SD,MODEL_AND_LENGTH_SENSITIVITY_ENVELOPE,-0.4305006524074462
CT,2006,0.10230106568855547,1.0230053450828251,-1.9027894106737817,2.6518622326737753,MODEL_ESTIMATED,0,0,CPS_PARTICIPATION_AND_CEV_MEMBERSHIP_LATENT_MODEL,COMMON_SCALE_CPS_2013_ANCHOR,1,1,1,REGIME_BRIDGE_ASSUMPTION;EARLY_CPS_DESIGN_BREAKS;UNKNOWN_SAMPLING_SE_WAVES;BACKCAST;BACKCAST_MODEL_SENSITIVITY,S2_FINAL_20261002T002743Z|M2_L6|inherited_base_sha256:6552cee937979c00eae89960ca07a3f13358525826877809d2c0f1a2903f24b7,LATENT_INDEX_2013_STATE_SD,MODEL_AND_LENGTH_SENSITIVITY_ENVELOPE,-0.44314660181134047
CT,2007,0.03947685700773257,0.8493710224771287,-1.6252903470474396,2.171603426918459,MODEL_ESTIMATED,0,0,CPS_PARTICIPATION_AND_CEV_MEMBERSHIP_LATENT_MODEL,COMMON_SCALE_CPS_2013_ANCHOR,1,1,1,REGIME_BRIDGE_ASSUMPTION;EARLY_CPS_DESIGN_BREAKS;UNKNOWN_SAMPLING_SE_WAVES;BACKCAST;BACKCAST_MODEL_SENSITIVITY,S2_FINAL_20261002T002743Z|M2_L6|inherited_base_sha256:6552cee937979c00eae89960ca07a3f13358525826877809d2c0f1a2903f24b7,LATENT_INDEX_2013_STATE_SD,MODEL_AND_LENGTH_SENSITIVITY_ENVELOPE,-0.45645103327138364
CT,2008,-0.027020657307335515,0.6434962307284873,-1.3057141550209954,1.5569056824182754,MODEL_ESTIMATED,0,0,CPS_PARTICIPATION_AND_CEV_MEMBERSHIP_LATENT_MODEL,COMMON_SCALE_CPS_2013_ANCHOR,1,1,1,REGIME_BRIDGE_ASSUMPTION;EARLY_CPS_DESIGN_BREAKS;UNKNOWN_SAMPLING_SE_WAVES;BACKCAST;BACKCAST_MODEL_SENSITIVITY;NO_DIRECT_OBSERVATION_AVAILABLE_IN_CURRENT_EVIDENCE,S2_FINAL_20261002T002743Z|M2_L6|inherited_base_sha256:6552cee937979c00eae89960ca07a3f13358525826877809d2c0f1a2903f24b7,LATENT_INDEX_2013_STATE_SD,MODEL_AND_LENGTH_SENSITIVITY_ENVELOPE,-0.47053336936514684
CT,2009,-0.09785766948304907,0.34900587375100856,-0.8226696204151525,0.589631052246057,MODEL_ESTIMATED,0,1,CPS_PARTICIPATION_AND_CEV_MEMBERSHIP_LATENT_MODEL,COMMON_SCALE_CPS_2013_ANCHOR,1,0,1,REGIME_BRIDGE_ASSUMPTION;EARLY_CPS_DESIGN_BREAKS;UNKNOWN_SAMPLING_SE_WAVES,S2_FINAL_20261002T002743Z|M2_L6|inherited_base_sha256:6552cee937979c00eae89960ca07a3f13358525826877809d2c0f1a2903f24b7,LATENT_INDEX_2013_STATE_SD,MODEL_AND_LENGTH_SENSITIVITY_ENVELOPE,-0.4855346911981699
CT,2010,-0.23491671570670156,0.30786653211139076,-0.8554907724480534,0.4036214639775744,MODEL_ESTIMATED,0,1,CPS_PARTICIPATION_AND_CEV_MEMBERSHIP_LATENT_MODEL,COMMON_SCALE_CPS_2013_ANCHOR,1,0,1,REGIME_BRIDGE_ASSUMPTION;EARLY_CPS_DESIGN_BREAKS;UNKNOWN_SAMPLING_SE_WAVES,S2_FINAL_20261002T002743Z|M2_L6|inherited_base_sha256:6552cee937979c00eae89960ca07a3f13358525826877809d2c0f1a2903f24b7,LATENT_INDEX_2013_STATE_SD,MODEL_AND_LENGTH_SENSITIVITY_ENVELOPE,-0.5145600100163613
CT,2011,0.7545676508104878,0.2637209914458533,0.22302731954835042,1.3472709933002351,MODEL_ESTIMATED,0,1,CPS_PARTICIPATION_AND_CEV_MEMBERSHIP_LATENT_MODEL,COMMON_SCALE_CPS_2013_ANCHOR,1,0,1,REGIME_BRIDGE_ASSUMPTION;EARLY_CPS_DESIGN_BREAKS;UNKNOWN_SAMPLING_SE_WAVES,S2_FINAL_20261002T002743Z|M2_L6|inherited_base_sha256:6552cee937979c00eae89960ca07a3f13358525826877809d2c0f1a2903f24b7,LATENT_INDEX_2013_STATE_SD,MODEL_AND_LENGTH_SENSITIVITY_ENVELOPE,-0.30501456230536356
CT,2012,0.25300547548047775,0.45906898848157157,-0.8684086379169453,1.3010735791914148,MODEL_ESTIMATED,0,0,CPS_PARTICIPATION_AND_CEV_MEMBERSHIP_LATENT_MODEL,COMMON_SCALE_CPS_2013_ANCHOR,1,0,1,REGIME_BRIDGE_ASSUMPTION;EARLY_CPS_DESIGN_BREAKS;UNKNOWN_SAMPLING_SE_WAVES,S2_FINAL_20261002T002743Z|M2_L6|inherited_base_sha256:6552cee937979c00eae89960ca07a3f13358525826877809d2c0f1a2903f24b7,LATENT_INDEX_2013_STATE_SD,MODEL_AND_LENGTH_SENSITIVITY_ENVELOPE,-0.41123157203373617
CT,2013,-0.24035870863534828,0.3302543729581325,-0.98539291232883,0.41374929500418345,MODEL_ESTIMATED,0,1,CPS_PARTICIPATION_AND_CEV_MEMBERSHIP_LATENT_MODEL,COMMON_SCALE_CPS_2013_ANCHOR,1,0,1,REGIME_BRIDGE_ASSUMPTION;EARLY_CPS_DESIGN_BREAKS;UNKNOWN_SAMPLING_SE_WAVES,S2_FINAL_20261002T002743Z|M2_L6|inherited_base_sha256:6552cee937979c00eae89960ca07a3f13358525826877809d2c0f1a2903f24b7,LATENT_INDEX_2013_STATE_SD,MODEL_AND_LENGTH_SENSITIVITY_ENVELOPE,-0.5157124737472307
CT,2014,-0.27497310815079895,0.6889302101009089,-2.0616726540861436,1.0753301036469827,MODEL_ESTIMATED,0,0,CPS_PARTICIPATION_AND_CEV_MEMBERSHIP_LATENT_MODEL,COMMON_SCALE_CPS_2013_ANCHOR,1,0,1,REGIME_BRIDGE_ASSUMPTION;EARLY_CPS_DESIGN_BREAKS;UNKNOWN_SAMPLING_SE_WAVES;CPS_CEV_GAP,S2_FINAL_20261002T002743Z|M2_L6|inherited_base_sha256:6552cee937979c00eae89960ca07a3f13358525826877809d2c0f1a2903f24b7,LATENT_INDEX_2013_STATE_SD,MODEL_AND_LENGTH_SENSITIVITY_ENVELOPE,-0.5230428471105237
CT,2015,-0.3137190874546747,1.0089120955268829,-2.6592613246276016,1.6637486197780158,MODEL_ESTIMATED,0,0,CPS_PARTICIPATION_AND_CEV_MEMBERSHIP_LATENT_MODEL,COMMON_SCALE_CPS_2013_ANCHOR,1,0,1,REGIME_BRIDGE_ASSUMPTION;EARLY_CPS_DESIGN_BREAKS;UNKNOWN_SAMPLING_SE_WAVES;CPS_CEV_GAP,S2_FINAL_20261002T002743Z|M2_L6|inherited_base_sha256:6552cee937979c00eae89960ca07a3f13358525826877809d2c0f1a2903f24b7,LATENT_INDEX_2013_STATE_SD,MODEL_AND_LENGTH_SENSITIVITY_ENVELOPE,-0.5312481749105064
CT,2016,-0.35649017671265554,1.3253746402953848,-3.0262269513595372,2.2412441182662985,MODEL_ESTIMATED,0,0,CPS_PARTICIPATION_AND_CEV_MEMBERSHIP_LATENT_MODEL,COMMON_SCALE_CPS_2013_ANCHOR,1,0,1,REGIME_BRIDGE_ASSUMPTION;EARLY_CPS_DESIGN_BREAKS;UNKNOWN_SAMPLING_SE_WAVES;CPS_CEV_GAP,S2_FINAL_20261002T002743Z|M2_L6|inherited_base_sha256:6552cee937979c00eae89960ca07a3f13358525826877809d2c0f1a2903f24b7,LATENT_INDEX_2013_STATE_SD,MODEL_AND_LENGTH_SENSITIVITY_ENVELOPE,-0.5403059097782102
CT,2017,-0.4032919737562406,1.6528945412923888,-3.642965274689322,2.8363813271768414,MODEL_ESTIMATED,0,1,CPS_PARTICIPATION_AND_CEV_MEMBERSHIP_LATENT_MODEL,COMMON_SCALE_CPS_2013_ANCHOR,1,0,1,REGIME_BRIDGE_ASSUMPTION;EARLY_CPS_DESIGN_BREAKS;UNKNOWN_SAMPLING_SE_WAVES,S2_FINAL_20261002T002743Z|M2_L6|inherited_base_sha256:6552cee937979c00eae89960ca07a3f13358525826877809d2c0f1a2903f24b7,LATENT_INDEX_2013_STATE_SD,MODEL_AND_LENGTH_SENSITIVITY_ENVELOPE,-0.5502172371796694
CT,2018,-0.1887079389017895,1.6733544773191555,-3.4684827144473345,3.0910668366437553,MODEL_ESTIMATED,0,0,CPS_PARTICIPATION_AND_CEV_MEMBERSHIP_LATENT_MODEL,COMMON_SCALE_CPS_2013_ANCHOR,1,0,1,REGIME_BRIDGE_ASSUMPTION;EARLY_CPS_DESIGN_BREAKS;UNKNOWN_SAMPLING_SE_WAVES,S2_FINAL_20261002T002743Z|M2_L6|inherited_base_sha256:6552cee937979c00eae89960ca07a3f13358525826877809d2c0f1a2903f24b7,LATENT_INDEX_2013_STATE_SD,MODEL_AND_LENGTH_SENSITIVITY_ENVELOPE,-0.5047742679153064
CT,2019,0.028887285800435206,1.6435034963033812,-3.192379566954192,3.2501541385550627,MODEL_ESTIMATED,0,1,CPS_PARTICIPATION_AND_CEV_MEMBERSHIP_LATENT_MODEL,COMMON_SCALE_CPS_2013_ANCHOR,1,0,1,REGIME_BRIDGE_ASSUMPTION;EARLY_CPS_DESIGN_BREAKS;UNKNOWN_SAMPLING_SE_WAVES,S2_FINAL_20261002T002743Z|M2_L6|inherited_base_sha256:6552cee937979c00eae89960ca07a3f13358525826877809d2c0f1a2903f24b7,LATENT_INDEX_2013_STATE_SD,MODEL_AND_LENGTH_SENSITIVITY_ENVELOPE,-0.4586936118454253
CT,2020,-0.46248621544806257,1.6882211304961174,-3.771399631220453,2.8464272003243276,MODEL_ESTIMATED,0,0,CPS_PARTICIPATION_AND_CEV_MEMBERSHIP_LATENT_MODEL,COMMON_SCALE_CPS_2013_ANCHOR,1,0,1,REGIME_BRIDGE_ASSUMPTION;EARLY_CPS_DESIGN_BREAKS;UNKNOWN_SAMPLING_SE_WAVES,S2_FINAL_20261002T002743Z|M2_L6|inherited_base_sha256:6552cee937979c00eae89960ca07a3f13358525826877809d2c0f1a2903f24b7,LATENT_INDEX_2013_STATE_SD,MODEL_AND_LENGTH_SENSITIVITY_ENVELOPE,-0.5627529419335356
CT,2021,-0.9561006178838547,1.6781993633014625,-4.245371369954721,2.3331701341870117,MODEL_ESTIMATED,0,1,CPS_PARTICIPATION_AND_CEV_MEMBERSHIP_LATENT_MODEL,COMMON_SCALE_CPS_2013_ANCHOR,1,0,1,REGIME_BRIDGE_ASSUMPTION;EARLY_CPS_DESIGN_BREAKS;UNKNOWN_SAMPLING_SE_WAVES,S2_FINAL_20261002T002743Z|M2_L6|inherited_base_sha256:6552cee937979c00eae89960ca07a3f13358525826877809d2c0f1a2903f24b7,LATENT_INDEX_2013_STATE_SD,MODEL_AND_LENGTH_SENSITIVITY_ENVELOPE,-0.667286832973246
CT,2022,-0.5471817091229516,1.6994012019592217,-3.878008064963026,2.7836446467171228,MODEL_ESTIMATED,0,0,CPS_PARTICIPATION_AND_CEV_MEMBERSHIP_LATENT_MODEL,COMMON_SCALE_CPS_2013_ANCHOR,1,0,1,REGIME_BRIDGE_ASSUMPTION;EARLY_CPS_DESIGN_BREAKS;UNKNOWN_SAMPLING_SE_WAVES,S2_FINAL_20261002T002743Z|M2_L6|inherited_base_sha256:6552cee937979c00eae89960ca07a3f13358525826877809d2c0f1a2903f24b7,LATENT_INDEX_2013_STATE_SD,MODEL_AND_LENGTH_SENSITIVITY_ENVELOPE,-0.5806891072149305
CT,2023,-0.14049132369637748,1.6603484224176146,-3.3947742316349023,3.113791584242147,MODEL_ESTIMATED,0,1,CPS_PARTICIPATION_AND_CEV_MEMBERSHIP_LATENT_MODEL,COMMON_SCALE_CPS_2013_ANCHOR,1,0,1,REGIME_BRIDGE_ASSUMPTION;EARLY_CPS_DESIGN_BREAKS;UNKNOWN_SAMPLING_SE_WAVES,S2_FINAL_20261002T002743Z|M2_L6|inherited_base_sha256:6552cee937979c00eae89960ca07a3f13358525826877809d2c0f1a2903f24b7,LATENT_INDEX_2013_STATE_SD,MODEL_AND_LENGTH_SENSITIVITY_ENVELOPE,-0.49456332112097784
DE,2000,0.3305632777293257,1.8949593098314943,-3.478127421869032,5.048437307989883,MODEL_ESTIMATED,0,0,CPS_PARTICIPATION_AND_CEV_MEMBERSHIP_LATENT_MODEL,COMMON_SCALE_CPS_2013_ANCHOR,1,1,1,REGIME_BRIDGE_ASSUMPTION;EARLY_CPS_DESIGN_BREAKS;UNKNOWN_SAMPLING_SE_WAVES;BACKCAST;BACKCAST_MODEL_SENSITIVITY,S2_FINAL_20261002T002743Z|M2_L6|inherited_base_sha256:6552cee937979c00eae89960ca07a3f13358525826877809d2c0f1a2903f24b7,LATENT_INDEX_2013_STATE_SD,MODEL_AND_LENGTH_SENSITIVITY_ENVELOPE,-0.3948069725699572
DE,2001,0.2532092793796221,1.7638683788763776,-3.3085259287128297,4.602265020619146,MODEL_ESTIMATED,0,0,CPS_PARTICIPATION_AND_CEV_MEMBERSHIP_LATENT_MODEL,COMMON_SCALE_CPS_2013_ANCHOR,1,1,1,REGIME_BRIDGE_ASSUMPTION;EARLY_CPS_DESIGN_BREAKS;UNKNOWN_SAMPLING_SE_WAVES;BACKCAST;BACKCAST_MODEL_SENSITIVITY,S2_FINAL_20261002T002743Z|M2_L6|inherited_base_sha256:6552cee937979c00eae89960ca07a3f13358525826877809d2c0f1a2903f24b7,LATENT_INDEX_2013_STATE_SD,MODEL_AND_LENGTH_SENSITIVITY_ENVELOPE,-0.4111884119993419
DE,2002,0.16954684674246584,1.631392907199439,-3.1354881489274753,4.188608953370394,MODEL_ESTIMATED,0,0,CPS_PARTICIPATION_AND_CEV_MEMBERSHIP_LATENT_MODEL,COMMON_SCALE_CPS_2013_ANCHOR,1,1,1,REGIME_BRIDGE_ASSUMPTION;EARLY_CPS_DESIGN_BREAKS;UNKNOWN_SAMPLING_SE_WAVES;BACKCAST;BACKCAST_MODEL_SENSITIVITY,S2_FINAL_20261002T002743Z|M2_L6|inherited_base_sha256:6552cee937979c00eae89960ca07a3f13358525826877809d2c0f1a2903f24b7,LATENT_INDEX_2013_STATE_SD,MODEL_AND_LENGTH_SENSITIVITY_ENVELOPE,-0.42890580349815904
DE,2003,0.07843187957097195,1.4962907011843634,-2.9574691287173263,3.815176190895486,MODEL_ESTIMATED,0,0,CPS_PARTICIPATION_AND_CEV_MEMBERSHIP_LATENT_MODEL,COMMON_SCALE_CPS_2013_ANCHOR,1,1,1,REGIME_BRIDGE_ASSUMPTION;EARLY_CPS_DESIGN_BREAKS;UNKNOWN_SAMPLING_SE_WAVES;BACKCAST;BACKCAST_MODEL_SENSITIVITY,S2_FINAL_20261002T002743Z|M2_L6|inherited_base_sha256:6552cee937979c00eae89960ca07a3f13358525826877809d2c0f1a2903f24b7,LATENT_INDEX_2013_STATE_SD,MODEL_AND_LENGTH_SENSITIVITY_ENVELOPE,-0.44820143588528466
DE,2004,-0.02148721687491703,1.35664587288668,-2.7721536100576145,3.430465661705765,MODEL_ESTIMATED,0,0,CPS_PARTICIPATION_AND_CEV_MEMBERSHIP_LATENT_MODEL,COMMON_SCALE_CPS_2013_ANCHOR,1,1,1,REGIME_BRIDGE_ASSUMPTION;EARLY_CPS_DESIGN_BREAKS;UNKNOWN_SAMPLING_SE_WAVES;BACKCAST;BACKCAST_MODEL_SENSITIVITY,S2_FINAL_20261002T002743Z|M2_L6|inherited_base_sha256:6552cee937979c00eae89960ca07a3f13358525826877809d2c0f1a2903f24b7,LATENT_INDEX_2013_STATE_SD,MODEL_AND_LENGTH_SENSITIVITY_ENVELOPE,-0.4693615395798269
DE,2005,-0.131807163115315,1.2094756622424088,-2.5759010609249424,3.003957644515274,MODEL_ESTIMATED,0,0,CPS_PARTICIPATION_AND_CEV_MEMBERSHIP_LATENT_MODEL,COMMON_SCALE_CPS_2013_ANCHOR,1,1,1,REGIME_BRIDGE_ASSUMPTION;EARLY_CPS_DESIGN_BREAKS;UNKNOWN_SAMPLING_SE_WAVES;BACKCAST;BACKCAST_MODEL_SENSITIVITY,S2_FINAL_20261002T002743Z|M2_L6|inherited_base_sha256:6552cee937979c00eae89960ca07a3f13358525826877809d2c0f1a2903f24b7,LATENT_INDEX_2013_STATE_SD,MODEL_AND_LENGTH_SENSITIVITY_ENVELOPE,-0.4927242558678723
DE,2006,-0.2544142615631264,1.0500250246159053,-2.362572048930988,2.5137404768636538,MODEL_ESTIMATED,0,0,CPS_PARTICIPATION_AND_CEV_MEMBERSHIP_LATENT_MODEL,COMMON_SCALE_CPS_2013_ANCHOR,1,1,1,REGIME_BRIDGE_ASSUMPTION;EARLY_CPS_DESIGN_BREAKS;UNKNOWN_SAMPLING_SE_WAVES;BACKCAST;BACKCAST_MODEL_SENSITIVITY,S2_FINAL_20261002T002743Z|M2_L6|inherited_base_sha256:6552cee937979c00eae89960ca07a3f13358525826877809d2c0f1a2903f24b7,LATENT_INDEX_2013_STATE_SD,MODEL_AND_LENGTH_SENSITIVITY_ENVELOPE,-0.5186890514787655
DE,2007,-0.3915369152156135,0.8702898482670283,-2.120616193299902,1.9220991342275697,MODEL_ESTIMATED,0,0,CPS_PARTICIPATION_AND_CEV_MEMBERSHIP_LATENT_MODEL,COMMON_SCALE_CPS_2013_ANCHOR,1,1,1,REGIME_BRIDGE_ASSUMPTION;EARLY_CPS_DESIGN_BREAKS;UNKNOWN_SAMPLING_SE_WAVES;BACKCAST;BACKCAST_MODEL_SENSITIVITY,S2_FINAL_20261002T002743Z|M2_L6|inherited_base_sha256:6552cee937979c00eae89960ca07a3f13358525826877809d2c0f1a2903f24b7,LATENT_INDEX_2013_STATE_SD,MODEL_AND_LENGTH_SENSITIVITY_ENVELOPE,-0.5477278405928039
DE,2008,-0.545807671157689,0.6548030711596146,-1.8292216906305336,1.151989893482851,MODEL_ESTIMATED,0,0,CPS_PARTICIPATION_AND_CEV_MEMBERSHIP_LATENT_MODEL,COMMON_SCALE_CPS_2013_ANCHOR,1,1,1,REGIME_BRIDGE_ASSUMPTION;EARLY_CPS_DESIGN_BREAKS;UNKNOWN_SAMPLING_SE_WAVES;BACKCAST;BACKCAST_MODEL_SENSITIVITY;NO_DIRECT_OBSERVATION_AVAILABLE_IN_CURRENT_EVIDENCE,S2_FINAL_20261002T002743Z|M2_L6|inherited_base_sha256:6552cee937979c00eae89960ca07a3f13358525826877809d2c0f1a2903f24b7,LATENT_INDEX_2013_STATE_SD,MODEL_AND_LENGTH_SENSITIVITY_ENVELOPE,-0.580398123940868
DE,2009,-0.7203365163004155,0.35672229161865354,-1.4461117178324157,-0.018694103455582874,MODEL_ESTIMATED,0,1,CPS_PARTICIPATION_AND_CEV_MEMBERSHIP_LATENT_MODEL,COMMON_SCALE_CPS_2013_ANCHOR,1,0,1,REGIME_BRIDGE_ASSUMPTION;EARLY_CPS_DESIGN_BREAKS;UNKNOWN_SAMPLING_SE_WAVES,S2_FINAL_20261002T002743Z|M2_L6|inherited_base_sha256:6552cee937979c00eae89960ca07a3f13358525826877809d2c0f1a2903f24b7,LATENT_INDEX_2013_STATE_SD,MODEL_AND_LENGTH_SENSITIVITY_ENVELOPE,-0.6173585108165516
DE,2010,-0.8529229946583812,0.3167300589756305,-1.5345322645215562,-0.2321320790661454,MODEL_ESTIMATED,0,1,CPS_PARTICIPATION_AND_CEV_MEMBERSHIP_LATENT_MODEL,COMMON_SCALE_CPS_2013_ANCHOR,1,0,1,REGIME_BRIDGE_ASSUMPTION;EARLY_CPS_DESIGN_BREAKS;UNKNOWN_SAMPLING_SE_WAVES,S2_FINAL_20261002T002743Z|M2_L6|inherited_base_sha256:6552cee937979c00eae89960ca07a3f13358525826877809d2c0f1a2903f24b7,LATENT_INDEX_2013_STATE_SD,MODEL_AND_LENGTH_SENSITIVITY_ENVELOPE,-0.6454366633453634
DE,2011,0.2968609574630543,0.2763205071970913,-0.2845467907355744,0.8449810112321946,MODEL_ESTIMATED,0,1,CPS_PARTICIPATION_AND_CEV_MEMBERSHIP_LATENT_MODEL,COMMON_SCALE_CPS_2013_ANCHOR,1,0,1,REGIME_BRIDGE_ASSUMPTION;EARLY_CPS_DESIGN_BREAKS;UNKNOWN_SAMPLING_SE_WAVES,S2_FINAL_20261002T002743Z|M2_L6|inherited_base_sha256:6552cee937979c00eae89960ca07a3f13358525826877809d2c0f1a2903f24b7,LATENT_INDEX_2013_STATE_SD,MODEL_AND_LENGTH_SENSITIVITY_ENVELOPE,-0.4019441927505578
DE,2012,0.4920971991445211,0.4753587024471202,-0.5864061309999558,1.6336722286107597,MODEL_ESTIMATED,0,0,CPS_PARTICIPATION_AND_CEV_MEMBERSHIP_LATENT_MODEL,COMMON_SCALE_CPS_2013_ANCHOR,1,0,1,REGIME_BRIDGE_ASSUMPTION;EARLY_CPS_DESIGN_BREAKS;UNKNOWN_SAMPLING_SE_WAVES,S2_FINAL_20261002T002743Z|M2_L6|inherited_base_sha256:6552cee937979c00eae89960ca07a3f13358525826877809d2c0f1a2903f24b7,LATENT_INDEX_2013_STATE_SD,MODEL_AND_LENGTH_SENSITIVITY_ENVELOPE,-0.3605985514681649
DE,2013,0.7007138049125656,0.3902806415974897,-0.09716854719237576,1.63956623980878,MODEL_ESTIMATED,0,1,CPS_PARTICIPATION_AND_CEV_MEMBERSHIP_LATENT_MODEL,COMMON_SCALE_CPS_2013_ANCHOR,1,0,1,REGIME_BRIDGE_ASSUMPTION;EARLY_CPS_DESIGN_BREAKS;UNKNOWN_SAMPLING_SE_WAVES,S2_FINAL_20261002T002743Z|M2_L6|inherited_base_sha256:6552cee937979c00eae89960ca07a3f13358525826877809d2c0f1a2903f24b7,LATENT_INDEX_2013_STATE_SD,MODEL_AND_LENGTH_SENSITIVITY_ENVELOPE,-0.31641931879420004
DE,2014,0.5350254927148302,0.7040104798678141,-1.200852532879379,1.9148860332557458,MODEL_ESTIMATED,0,0,CPS_PARTICIPATION_AND_CEV_MEMBERSHIP_LATENT_MODEL,COMMON_SCALE_CPS_2013_ANCHOR,1,0,1,REGIME_BRIDGE_ASSUMPTION;EARLY_CPS_DESIGN_BREAKS;UNKNOWN_SAMPLING_SE_WAVES;CPS_CEV_GAP,S2_FINAL_20261002T002743Z|M2_L6|inherited_base_sha256:6552cee937979c00eae89960ca07a3f13358525826877809d2c0f1a2903f24b7,LATENT_INDEX_2013_STATE_SD,MODEL_AND_LENGTH_SENSITIVITY_ENVELOPE,-0.3515075250709294
DE,2015,0.3862832415221037,1.0205568502314921,-1.974902872340326,2.3865746679758284,MODEL_ESTIMATED,0,0,CPS_PARTICIPATION_AND_CEV_MEMBERSHIP_LATENT_MODEL,COMMON_SCALE_CPS_2013_ANCHOR,1,0,1,REGIME_BRIDGE_ASSUMPTION;EARLY_CPS_DESIGN_BREAKS;UNKNOWN_SAMPLING_SE_WAVES;CPS_CEV_GAP,S2_FINAL_20261002T002743Z|M2_L6|inherited_base_sha256:6552cee937979c00eae89960ca07a3f13358525826877809d2c0f1a2903f24b7,LATENT_INDEX_2013_STATE_SD,MODEL_AND_LENGTH_SENSITIVITY_ENVELOPE,-0.3830070238749665
DE,2016,0.25153098981409716,1.3361105851063444,-2.465153335867542,2.8703077366225322,MODEL_ESTIMATED,0,0,CPS_PARTICIPATION_AND_CEV_MEMBERSHIP_LATENT_MODEL,COMMON_SCALE_CPS_2013_ANCHOR,1,0,1,REGIME_BRIDGE_ASSUMPTION;EARLY_CPS_DESIGN_BREAKS;UNKNOWN_SAMPLING_SE_WAVES;CPS_CEV_GAP,S2_FINAL_20261002T002743Z|M2_L6|inherited_base_sha256:6552cee937979c00eae89960ca07a3f13358525826877809d2c0f1a2903f24b7,LATENT_INDEX_2013_STATE_SD,MODEL_AND_LENGTH_SENSITIVITY_ENVELOPE,-0.41154382735535655
DE,2017,0.1282021875633909,1.6606361936834109,-3.1266447520560945,3.3830491271828764,MODEL_ESTIMATED,0,1,CPS_PARTICIPATION_AND_CEV_MEMBERSHIP_LATENT_MODEL,COMMON_SCALE_CPS_2013_ANCHOR,1,0,1,REGIME_BRIDGE_ASSUMPTION;EARLY_CPS_DESIGN_BREAKS;UNKNOWN_SAMPLING_SE_WAVES,S2_FINAL_20261002T002743Z|M2_L6|inherited_base_sha256:6552cee937979c00eae89960ca07a3f13358525826877809d2c0f1a2903f24b7,LATENT_INDEX_2013_STATE_SD,MODEL_AND_LENGTH_SENSITIVITY_ENVELOPE,-0.437661459889813
DE,2018,0.2754239723229384,1.6833027169259631,-3.0238493528519492,3.5746972974978264,MODEL_ESTIMATED,0,0,CPS_PARTICIPATION_AND_CEV_MEMBERSHIP_LATENT_MODEL,COMMON_SCALE_CPS_2013_ANCHOR,1,0,1,REGIME_BRIDGE_ASSUMPTION;EARLY_CPS_DESIGN_BREAKS;UNKNOWN_SAMPLING_SE_WAVES,S2_FINAL_20261002T002743Z|M2_L6|inherited_base_sha256:6552cee937979c00eae89960ca07a3f13358525826877809d2c0f1a2903f24b7,LATENT_INDEX_2013_STATE_SD,MODEL_AND_LENGTH_SENSITIVITY_ENVELOPE,-0.4064839538632783
DE,2019,0.4371049197054178,1.6532995806371857,-2.803362258343466,3.6775720977543016,MODEL_ESTIMATED,0,1,CPS_PARTICIPATION_AND_CEV_MEMBERSHIP_LATENT_MODEL,COMMON_SCALE_CPS_2013_ANCHOR,1,0,1,REGIME_BRIDGE_ASSUMPTION;EARLY_CPS_DESIGN_BREAKS;UNKNOWN_SAMPLING_SE_WAVES,S2_FINAL_20261002T002743Z|M2_L6|inherited_base_sha256:6552cee937979c00eae89960ca07a3f13358525826877809d2c0f1a2903f24b7,LATENT_INDEX_2013_STATE_SD,MODEL_AND_LENGTH_SENSITIVITY_ENVELOPE,-0.37224439672418996
DE,2020,0.14851364265554418,1.6862938344984737,-3.156622272961464,3.4536495582725526,MODEL_ESTIMATED,0,0,CPS_PARTICIPATION_AND_CEV_MEMBERSHIP_LATENT_MODEL,COMMON_SCALE_CPS_2013_ANCHOR,1,0,1,REGIME_BRIDGE_ASSUMPTION;EARLY_CPS_DESIGN_BREAKS;UNKNOWN_SAMPLING_SE_WAVES,S2_FINAL_20261002T002743Z|M2_L6|inherited_base_sha256:6552cee937979c00eae89960ca07a3f13358525826877809d2c0f1a2903f24b7,LATENT_INDEX_2013_STATE_SD,MODEL_AND_LENGTH_SENSITIVITY_ENVELOPE,-0.43336005494096264
DE,2021,-0.1267814451974926,1.6549371099198928,-3.3704581806404823,3.1168952902454974,MODEL_ESTIMATED,0,1,CPS_PARTICIPATION_AND_CEV_MEMBERSHIP_LATENT_MODEL,COMMON_SCALE_CPS_2013_ANCHOR,1,0,1,REGIME_BRIDGE_ASSUMPTION;EARLY_CPS_DESIGN_BREAKS;UNKNOWN_SAMPLING_SE_WAVES,S2_FINAL_20261002T002743Z|M2_L6|inherited_base_sha256:6552cee937979c00eae89960ca07a3f13358525826877809d2c0f1a2903f24b7,LATENT_INDEX_2013_STATE_SD,MODEL_AND_LENGTH_SENSITIVITY_ENVELOPE,-0.49165994768191673
DE,2022,-0.11914500794516915,1.6957432107287482,-3.4428017009735155,3.2045116850831774,MODEL_ESTIMATED,0,0,CPS_PARTICIPATION_AND_CEV_MEMBERSHIP_LATENT_MODEL,COMMON_SCALE_CPS_2013_ANCHOR,1,0,1,REGIME_BRIDGE_ASSUMPTION;EARLY_CPS_DESIGN_BREAKS;UNKNOWN_SAMPLING_SE_WAVES,S2_FINAL_20261002T002743Z|M2_L6|inherited_base_sha256:6552cee937979c00eae89960ca07a3f13358525826877809d2c0f1a2903f24b7,LATENT_INDEX_2013_STATE_SD,MODEL_AND_LENGTH_SENSITIVITY_ENVELOPE,-0.49004276127948027
DE,2023,-0.10329408906249138,1.6655474649380908,-3.3677671203411492,3.161178942216167,MODEL_ESTIMATED,0,1,CPS_PARTICIPATION_AND_CEV_MEMBERSHIP_LATENT_MODEL,COMMON_SCALE_CPS_2013_ANCHOR,1,0,1,REGIME_BRIDGE_ASSUMPTION;EARLY_CPS_DESIGN_BREAKS;UNKNOWN_SAMPLING_SE_WAVES,S2_FINAL_20261002T002743Z|M2_L6|inherited_base_sha256:6552cee937979c00eae89960ca07a3f13358525826877809d2c0f1a2903f24b7,LATENT_INDEX_2013_STATE_SD,MODEL_AND_LENGTH_SENSITIVITY_ENVELOPE,-0.4866859746476788
FL,2000,-1.1733781119655173,1.8783599493644116,-4.854963612719764,3.9065392672988346,MODEL_ESTIMATED,0,0,CPS_PARTICIPATION_AND_CEV_MEMBERSHIP_LATENT_MODEL,COMMON_SCALE_CPS_2013_ANCHOR,1,1,1,REGIME_BRIDGE_ASSUMPTION;EARLY_CPS_DESIGN_BREAKS;UNKNOWN_SAMPLING_SE_WAVES;BACKCAST;BACKCAST_MODEL_SENSITIVITY,S2_FINAL_20261002T002743Z|M2_L6|inherited_base_sha256:6552cee937979c00eae89960ca07a3f13358525826877809d2c0f1a2903f24b7,LATENT_INDEX_2013_STATE_SD,MODEL_AND_LENGTH_SENSITIVITY_ENVELOPE,-0.7133002024771236
FL,2001,-1.2266426658783571,1.743135185341121,-4.643187629146954,3.4677207598102644,MODEL_ESTIMATED,0,0,CPS_PARTICIPATION_AND_CEV_MEMBERSHIP_LATENT_MODEL,COMMON_SCALE_CPS_2013_ANCHOR,1,1,1,REGIME_BRIDGE_ASSUMPTION;EARLY_CPS_DESIGN_BREAKS;UNKNOWN_SAMPLING_SE_WAVES;BACKCAST;BACKCAST_MODEL_SENSITIVITY,S2_FINAL_20261002T002743Z|M2_L6|inherited_base_sha256:6552cee937979c00eae89960ca07a3f13358525826877809d2c0f1a2903f24b7,LATENT_INDEX_2013_STATE_SD,MODEL_AND_LENGTH_SENSITIVITY_ENVELOPE,-0.7245801632066483
FL,2002,-1.2818467824898592,1.606695093986044,-4.430969166702505,3.0182791991356885,MODEL_ESTIMATED,0,0,CPS_PARTICIPATION_AND_CEV_MEMBERSHIP_LATENT_MODEL,COMMON_SCALE_CPS_2013_ANCHOR,1,1,1,REGIME_BRIDGE_ASSUMPTION;EARLY_CPS_DESIGN_BREAKS;UNKNOWN_SAMPLING_SE_WAVES;BACKCAST;BACKCAST_MODEL_SENSITIVITY,S2_FINAL_20261002T002743Z|M2_L6|inherited_base_sha256:6552cee937979c00eae89960ca07a3f13358525826877809d2c0f1a2903f24b7,LATENT_INDEX_2013_STATE_SD,MODEL_AND_LENGTH_SENSITIVITY_ENVELOPE,-0.7362708697223701
FL,2003,-1.3393422216918391,1.46817930323758,-4.216973656037496,2.5557603440754475,MODEL_ESTIMATED,0,0,CPS_PARTICIPATION_AND_CEV_MEMBERSHIP_LATENT_MODEL,COMMON_SCALE_CPS_2013_ANCHOR,1,1,1,REGIME_BRIDGE_ASSUMPTION;EARLY_CPS_DESIGN_BREAKS;UNKNOWN_SAMPLING_SE_WAVES;BACKCAST;BACKCAST_MODEL_SENSITIVITY,S2_FINAL_20261002T002743Z|M2_L6|inherited_base_sha256:6552cee937979c00eae89960ca07a3f13358525826877809d2c0f1a2903f24b7,LATENT_INDEX_2013_STATE_SD,MODEL_AND_LENGTH_SENSITIVITY_ENVELOPE,-0.7484468150496579
FL,2004,-1.399544538695302,1.3262445227191915,-3.9989838032249176,2.076700696707151,MODEL_ESTIMATED,0,0,CPS_PARTICIPATION_AND_CEV_MEMBERSHIP_LATENT_MODEL,COMMON_SCALE_CPS_2013_ANCHOR,1,1,1,REGIME_BRIDGE_ASSUMPTION;EARLY_CPS_DESIGN_BREAKS;UNKNOWN_SAMPLING_SE_WAVES;BACKCAST;BACKCAST_MODEL_SENSITIVITY,S2_FINAL_20261002T002743Z|M2_L6|inherited_base_sha256:6552cee937979c00eae89960ca07a3f13358525826877809d2c0f1a2903f24b7,LATENT_INDEX_2013_STATE_SD,MODEL_AND_LENGTH_SENSITIVITY_ENVELOPE,-0.7611960022997133
FL,2005,-1.4629446539759143,1.178718210806334,-3.7732323471563287,1.5759158521584358,MODEL_ESTIMATED,0,0,CPS_PARTICIPATION_AND_CEV_MEMBERSHIP_LATENT_MODEL,COMMON_SCALE_CPS_2013_ANCHOR,1,1,1,REGIME_BRIDGE_ASSUMPTION;EARLY_CPS_DESIGN_BREAKS;UNKNOWN_SAMPLING_SE_WAVES;BACKCAST;BACKCAST_MODEL_SENSITIVITY,S2_FINAL_20261002T002743Z|M2_L6|inherited_base_sha256:6552cee937979c00eae89960ca07a3f13358525826877809d2c0f1a2903f24b7,LATENT_INDEX_2013_STATE_SD,MODEL_AND_LENGTH_SENSITIVITY_ENVELOPE,-0.7746223948643238
FL,2006,-1.5301225215494776,1.0218801138062694,-3.5330075446097657,1.0449764918394007,MODEL_ESTIMATED,0,0,CPS_PARTICIPATION_AND_CEV_MEMBERSHIP_LATENT_MODEL,COMMON_SCALE_CPS_2013_ANCHOR,1,1,1,REGIME_BRIDGE_ASSUMPTION;EARLY_CPS_DESIGN_BREAKS;UNKNOWN_SAMPLING_SE_WAVES;BACKCAST;BACKCAST_MODEL_SENSITIVITY,S2_FINAL_20261002T002743Z|M2_L6|inherited_base_sha256:6552cee937979c00eae89960ca07a3f13358525826877809d2c0f1a2903f24b7,LATENT_INDEX_2013_STATE_SD,MODEL_AND_LENGTH_SENSITIVITY_ENVELOPE,-0.7888488109789314
FL,2007,-1.6017632761315406,0.8487093803542932,-3.265233661625955,0.4816009699444363,MODEL_ESTIMATED,0,0,CPS_PARTICIPATION_AND_CEV_MEMBERSHIP_LATENT_MODEL,COMMON_SCALE_CPS_2013_ANCHOR,1,1,1,REGIME_BRIDGE_ASSUMPTION;EARLY_CPS_DESIGN_BREAKS;UNKNOWN_SAMPLING_SE_WAVES;BACKCAST;BACKCAST_MODEL_SENSITIVITY,S2_FINAL_20261002T002743Z|M2_L6|inherited_base_sha256:6552cee937979c00eae89960ca07a3f13358525826877809d2c0f1a2903f24b7,LATENT_INDEX_2013_STATE_SD,MODEL_AND_LENGTH_SENSITIVITY_ENVELOPE,-0.8040203432448647
FL,2008,-1.678676308752549,0.643250739359242,-2.9772522846240044,-0.11682309714268903,MODEL_ESTIMATED,0,0,CPS_PARTICIPATION_AND_CEV_MEMBERSHIP_LATENT_MODEL,COMMON_SCALE_CPS_2013_ANCHOR,1,1,1,REGIME_BRIDGE_ASSUMPTION;EARLY_CPS_DESIGN_BREAKS;UNKNOWN_SAMPLING_SE_WAVES;BACKCAST;BACKCAST_MODEL_SENSITIVITY;NO_DIRECT_OBSERVATION_AVAILABLE_IN_CURRENT_EVIDENCE,S2_FINAL_20261002T002743Z|M2_L6|inherited_base_sha256:6552cee937979c00eae89960ca07a3f13358525826877809d2c0f1a2903f24b7,LATENT_INDEX_2013_STATE_SD,MODEL_AND_LENGTH_SENSITIVITY_ENVELOPE,-0.8203083983175365
FL,2009,-1.7618178019343629,0.34669438679374953,-2.4707117455695307,-1.0730581755658029,MODEL_ESTIMATED,0,1,CPS_PARTICIPATION_AND_CEV_MEMBERSHIP_LATENT_MODEL,COMMON_SCALE_CPS_2013_ANCHOR,1,0,1,REGIME_BRIDGE_ASSUMPTION;EARLY_CPS_DESIGN_BREAKS;UNKNOWN_SAMPLING_SE_WAVES,S2_FINAL_20261002T002743Z|M2_L6|inherited_base_sha256:6552cee937979c00eae89960ca07a3f13358525826877809d2c0f1a2903f24b7,LATENT_INDEX_2013_STATE_SD,MODEL_AND_LENGTH_SENSITIVITY_ENVELOPE,-0.8379154692341455
FL,2010,-2.038784319638883,0.302545661033822,-2.6987380911254575,-1.445794824012592,MODEL_ESTIMATED,0,1,CPS_PARTICIPATION_AND_CEV_MEMBERSHIP_LATENT_MODEL,COMMON_SCALE_CPS_2013_ANCHOR,1,0,1,REGIME_BRIDGE_ASSUMPTION;EARLY_CPS_DESIGN_BREAKS;UNKNOWN_SAMPLING_SE_WAVES,S2_FINAL_20261002T002743Z|M2_L6|inherited_base_sha256:6552cee937979c00eae89960ca07a3f13358525826877809d2c0f1a2903f24b7,LATENT_INDEX_2013_STATE_SD,MODEL_AND_LENGTH_SENSITIVITY_ENVELOPE,-0.8965693246332257
FL,2011,-1.0798733523056898,0.22922544615593884,-1.5383332598737034,-0.6050082153990394,MODEL_ESTIMATED,0,1,CPS_PARTICIPATION_AND_CEV_MEMBERSHIP_LATENT_MODEL,COMMON_SCALE_CPS_2013_ANCHOR,1,0,1,REGIME_BRIDGE_ASSUMPTION;EARLY_CPS_DESIGN_BREAKS;UNKNOWN_SAMPLING_SE_WAVES,S2_FINAL_20261002T002743Z|M2_L6|inherited_base_sha256:6552cee937979c00eae89960ca07a3f13358525826877809d2c0f1a2903f24b7,LATENT_INDEX_2013_STATE_SD,MODEL_AND_LENGTH_SENSITIVITY_ENVELOPE,-0.6934984780749549
FL,2012,-1.3758716748234074,0.44522879961658673,-2.4718775516834364,-0.3471054235062007,MODEL_ESTIMATED,0,0,CPS_PARTICIPATION_AND_CEV_MEMBERSHIP_LATENT_MODEL,COMMON_SCALE_CPS_2013_ANCHOR,1,0,1,REGIME_BRIDGE_ASSUMPTION;EARLY_CPS_DESIGN_BREAKS;UNKNOWN_SAMPLING_SE_WAVES,S2_FINAL_20261002T002743Z|M2_L6|inherited_base_sha256:6552cee937979c00eae89960ca07a3f13358525826877809d2c0f1a2903f24b7,LATENT_INDEX_2013_STATE_SD,MODEL_AND_LENGTH_SENSITIVITY_ENVELOPE,-0.7561827438526921
FL,2013,-1.664926766660443,0.29330354027434846,-2.2694569926869343,-1.055418975337623,MODEL_ESTIMATED,0,1,CPS_PARTICIPATION_AND_CEV_MEMBERSHIP_LATENT_MODEL,COMMON_SCALE_CPS_2013_ANCHOR,1,0,1,REGIME_BRIDGE_ASSUMPTION;EARLY_CPS_DESIGN_BREAKS;UNKNOWN_SAMPLING_SE_WAVES,S2_FINAL_20261002T002743Z|M2_L6|inherited_base_sha256:6552cee937979c00eae89960ca07a3f13358525826877809d2c0f1a2903f24b7,LATENT_INDEX_2013_STATE_SD,MODEL_AND_LENGTH_SENSITIVITY_ENVELOPE,-0.817396625225403
FL,2014,-1.8237339613546104,0.6788516684257087,-3.5626302919949624,-0.4931846912402216,MODEL_ESTIMATED,0,0,CPS_PARTICIPATION_AND_CEV_MEMBERSHIP_LATENT_MODEL,COMMON_SCALE_CPS_2013_ANCHOR,1,0,1,REGIME_BRIDGE_ASSUMPTION;EARLY_CPS_DESIGN_BREAKS;UNKNOWN_SAMPLING_SE_WAVES;CPS_CEV_GAP,S2_FINAL_20261002T002743Z|M2_L6|inherited_base_sha256:6552cee937979c00eae89960ca07a3f13358525826877809d2c0f1a2903f24b7,LATENT_INDEX_2013_STATE_SD,MODEL_AND_LENGTH_SENSITIVITY_ENVELOPE,-0.8510276009517272
FL,2015,-1.9856968873903402,1.006521424462537,-4.311831146672362,-0.012914895443767893,MODEL_ESTIMATED,0,0,CPS_PARTICIPATION_AND_CEV_MEMBERSHIP_LATENT_MODEL,COMMON_SCALE_CPS_2013_ANCHOR,1,0,1,REGIME_BRIDGE_ASSUMPTION;EARLY_CPS_DESIGN_BREAKS;UNKNOWN_SAMPLING_SE_WAVES;CPS_CEV_GAP,S2_FINAL_20261002T002743Z|M2_L6|inherited_base_sha256:6552cee937979c00eae89960ca07a3f13358525826877809d2c0f1a2903f24b7,LATENT_INDEX_2013_STATE_SD,MODEL_AND_LENGTH_SENSITIVITY_ENVELOPE,-0.8853268733780295
FL,2016,-2.154139698138126,1.3254702425291922,-4.8167618776075445,0.44378197721909096,MODEL_ESTIMATED,0,0,CPS_PARTICIPATION_AND_CEV_MEMBERSHIP_LATENT_MODEL,COMMON_SCALE_CPS_2013_ANCHOR,1,0,1,REGIME_BRIDGE_ASSUMPTION;EARLY_CPS_DESIGN_BREAKS;UNKNOWN_SAMPLING_SE_WAVES;CPS_CEV_GAP,S2_FINAL_20261002T002743Z|M2_L6|inherited_base_sha256:6552cee937979c00eae89960ca07a3f13358525826877809d2c0f1a2903f24b7,LATENT_INDEX_2013_STATE_SD,MODEL_AND_LENGTH_SENSITIVITY_ENVELOPE,-0.9209984063362315
FL,2017,-2.3325669608112483,1.6539722508708623,-5.574352572518139,0.9092186508956419,MODEL_ESTIMATED,0,1,CPS_PARTICIPATION_AND_CEV_MEMBERSHIP_LATENT_MODEL,COMMON_SCALE_CPS_2013_ANCHOR,1,0,1,REGIME_BRIDGE_ASSUMPTION;EARLY_CPS_DESIGN_BREAKS;UNKNOWN_SAMPLING_SE_WAVES,S2_FINAL_20261002T002743Z|M2_L6|inherited_base_sha256:6552cee937979c00eae89960ca07a3f13358525826877809d2c0f1a2903f24b7,LATENT_INDEX_2013_STATE_SD,MODEL_AND_LENGTH_SENSITIVITY_ENVELOPE,-0.9587843703250196
FL,2018,-2.258126533934561,1.6764548298689264,-5.543978000477656,1.027724932608535,MODEL_ESTIMATED,0,0,CPS_PARTICIPATION_AND_CEV_MEMBERSHIP_LATENT_MODEL,COMMON_SCALE_CPS_2013_ANCHOR,1,0,1,REGIME_BRIDGE_ASSUMPTION;EARLY_CPS_DESIGN_BREAKS;UNKNOWN_SAMPLING_SE_WAVES,S2_FINAL_20261002T002743Z|M2_L6|inherited_base_sha256:6552cee937979c00eae89960ca07a3f13358525826877809d2c0f1a2903f24b7,LATENT_INDEX_2013_STATE_SD,MODEL_AND_LENGTH_SENSITIVITY_ENVELOPE,-0.9430199448267393
FL,2019,-2.1941952933350963,1.651022681001837,-5.430199748098697,1.041809161428504,MODEL_ESTIMATED,0,1,CPS_PARTICIPATION_AND_CEV_MEMBERSHIP_LATENT_MODEL,COMMON_SCALE_CPS_2013_ANCHOR,1,0,1,REGIME_BRIDGE_ASSUMPTION;EARLY_CPS_DESIGN_BREAKS;UNKNOWN_SAMPLING_SE_WAVES,S2_FINAL_20261002T002743Z|M2_L6|inherited_base_sha256:6552cee937979c00eae89960ca07a3f13358525826877809d2c0f1a2903f24b7,LATENT_INDEX_2013_STATE_SD,MODEL_AND_LENGTH_SENSITIVITY_ENVELOPE,-0.9294810745954818
FL,2020,-2.543820617725557,1.6849500570966536,-5.846322729634998,0.7586814941838838,MODEL_ESTIMATED,0,0,CPS_PARTICIPATION_AND_CEV_MEMBERSHIP_LATENT_MODEL,COMMON_SCALE_CPS_2013_ANCHOR,1,0,1,REGIME_BRIDGE_ASSUMPTION;EARLY_CPS_DESIGN_BREAKS;UNKNOWN_SAMPLING_SE_WAVES,S2_FINAL_20261002T002743Z|M2_L6|inherited_base_sha256:6552cee937979c00eae89960ca07a3f13358525826877809d2c0f1a2903f24b7,LATENT_INDEX_2013_STATE_SD,MODEL_AND_LENGTH_SENSITIVITY_ENVELOPE,-1.0035220575656045
FL,2021,-2.9095389809751,1.662380879203163,-6.1678055042133,0.3487275422630991,MODEL_ESTIMATED,0,1,CPS_PARTICIPATION_AND_CEV_MEMBERSHIP_LATENT_MODEL,COMMON_SCALE_CPS_2013_ANCHOR,1,0,1,REGIME_BRIDGE_ASSUMPTION;EARLY_CPS_DESIGN_BREAKS;UNKNOWN_SAMPLING_SE_WAVES,S2_FINAL_20261002T002743Z|M2_L6|inherited_base_sha256:6552cee937979c00eae89960ca07a3f13358525826877809d2c0f1a2903f24b7,LATENT_INDEX_2013_STATE_SD,MODEL_AND_LENGTH_SENSITIVITY_ENVELOPE,-1.080971101488349
FL,2022,-2.6948514525798624,1.6953551338613497,-6.017747514948107,0.628044609788383,MODEL_ESTIMATED,0,0,CPS_PARTICIPATION_AND_CEV_MEMBERSHIP_LATENT_MODEL,COMMON_SCALE_CPS_2013_ANCHOR,1,0,1,REGIME_BRIDGE_ASSUMPTION;EARLY_CPS_DESIGN_BREAKS;UNKNOWN_SAMPLING_SE_WAVES,S2_FINAL_20261002T002743Z|M2_L6|inherited_base_sha256:6552cee937979c00eae89960ca07a3f13358525826877809d2c0f1a2903f24b7,LATENT_INDEX_2013_STATE_SD,MODEL_AND_LENGTH_SENSITIVITY_ENVELOPE,-1.035506215151748
FL,2023,-2.498091502897958,1.664150231970045,-5.759825957559245,0.7636429517633299,MODEL_ESTIMATED,0,1,CPS_PARTICIPATION_AND_CEV_MEMBERSHIP_LATENT_MODEL,COMMON_SCALE_CPS_2013_ANCHOR,1,0,1,REGIME_BRIDGE_ASSUMPTION;EARLY_CPS_DESIGN_BREAKS;UNKNOWN_SAMPLING_SE_WAVES,S2_FINAL_20261002T002743Z|M2_L6|inherited_base_sha256:6552cee937979c00eae89960ca07a3f13358525826877809d2c0f1a2903f24b7,LATENT_INDEX_2013_STATE_SD,MODEL_AND_LENGTH_SENSITIVITY_ENVELOPE,-0.9938378946174773
GA,2000,-0.2724358230376111,1.8781347555016727,-3.95357994382089,4.841101234373692,MODEL_ESTIMATED,0,0,CPS_PARTICIPATION_AND_CEV_MEMBERSHIP_LATENT_MODEL,COMMON_SCALE_CPS_2013_ANCHOR,1,1,1,REGIME_BRIDGE_ASSUMPTION;EARLY_CPS_DESIGN_BREAKS;UNKNOWN_SAMPLING_SE_WAVES;BACKCAST;BACKCAST_MODEL_SENSITIVITY,S2_FINAL_20261002T002743Z|M2_L6|inherited_base_sha256:6552cee937979c00eae89960ca07a3f13358525826877809d2c0f1a2903f24b7,LATENT_INDEX_2013_STATE_SD,MODEL_AND_LENGTH_SENSITIVITY_ENVELOPE,-0.5225055202330059
GA,2001,-0.3040931902580934,1.74244056891493,-3.7192767053313562,4.430116929634924,MODEL_ESTIMATED,0,0,CPS_PARTICIPATION_AND_CEV_MEMBERSHIP_LATENT_MODEL,COMMON_SCALE_CPS_2013_ANCHOR,1,1,1,REGIME_BRIDGE_ASSUMPTION;EARLY_CPS_DESIGN_BREAKS;UNKNOWN_SAMPLING_SE_WAVES;BACKCAST;BACKCAST_MODEL_SENSITIVITY,S2_FINAL_20261002T002743Z|M2_L6|inherited_base_sha256:6552cee937979c00eae89960ca07a3f13358525826877809d2c0f1a2903f24b7,LATENT_INDEX_2013_STATE_SD,MODEL_AND_LENGTH_SENSITIVITY_ENVELOPE,-0.5292096758640006
GA,2002,-0.33377143187784913,1.6055061384815452,-3.4805634633016775,4.010946394700737,MODEL_ESTIMATED,0,0,CPS_PARTICIPATION_AND_CEV_MEMBERSHIP_LATENT_MODEL,COMMON_SCALE_CPS_2013_ANCHOR,1,1,1,REGIME_BRIDGE_ASSUMPTION;EARLY_CPS_DESIGN_BREAKS;UNKNOWN_SAMPLING_SE_WAVES;BACKCAST;BACKCAST_MODEL_SENSITIVITY,S2_FINAL_20261002T002743Z|M2_L6|inherited_base_sha256:6552cee937979c00eae89960ca07a3f13358525826877809d2c0f1a2903f24b7,LATENT_INDEX_2013_STATE_SD,MODEL_AND_LENGTH_SENSITIVITY_ENVELOPE,-0.5354947073793306
GA,2003,-0.3611116128608212,1.466558699984886,-3.235566664831198,3.581355345709676,MODEL_ESTIMATED,0,0,CPS_PARTICIPATION_AND_CEV_MEMBERSHIP_LATENT_MODEL,COMMON_SCALE_CPS_2013_ANCHOR,1,1,1,REGIME_BRIDGE_ASSUMPTION;EARLY_CPS_DESIGN_BREAKS;UNKNOWN_SAMPLING_SE_WAVES;BACKCAST;BACKCAST_MODEL_SENSITIVITY,S2_FINAL_20261002T002743Z|M2_L6|inherited_base_sha256:6552cee937979c00eae89960ca07a3f13358525826877809d2c0f1a2903f24b7,LATENT_INDEX_2013_STATE_SD,MODEL_AND_LENGTH_SENSITIVITY_ENVELOPE,-0.5412846022563378
GA,2004,-0.3856897015646127,1.3243776560528897,-2.9814699074282767,3.1381247652927615,MODEL_ESTIMATED,0,0,CPS_PARTICIPATION_AND_CEV_MEMBERSHIP_LATENT_MODEL,COMMON_SCALE_CPS_2013_ANCHOR,1,1,1,REGIME_BRIDGE_ASSUMPTION;EARLY_CPS_DESIGN_BREAKS;UNKNOWN_SAMPLING_SE_WAVES;BACKCAST;BACKCAST_MODEL_SENSITIVITY,S2_FINAL_20261002T002743Z|M2_L6|inherited_base_sha256:6552cee937979c00eae89960ca07a3f13358525826877809d2c0f1a2903f24b7,LATENT_INDEX_2013_STATE_SD,MODEL_AND_LENGTH_SENSITIVITY_ENVELOPE,-0.54648956230987
GA,2005,-0.4070047637930978,1.1769475475409386,-2.7138219569733373,2.6763468189406767,MODEL_ESTIMATED,0,0,CPS_PARTICIPATION_AND_CEV_MEMBERSHIP_LATENT_MODEL,COMMON_SCALE_CPS_2013_ANCHOR,1,1,1,REGIME_BRIDGE_ASSUMPTION;EARLY_CPS_DESIGN_BREAKS;UNKNOWN_SAMPLING_SE_WAVES;BACKCAST;BACKCAST_MODEL_SENSITIVITY,S2_FINAL_20261002T002743Z|M2_L6|inherited_base_sha256:6552cee937979c00eae89960ca07a3f13358525826877809d2c0f1a2903f24b7,LATENT_INDEX_2013_STATE_SD,MODEL_AND_LENGTH_SENSITIVITY_ENVELOPE,-0.5510035035188422
GA,2006,-0.4244650157175312,1.0207289349924376,-2.4250937283027088,2.187917588606771,MODEL_ESTIMATED,0,0,CPS_PARTICIPATION_AND_CEV_MEMBERSHIP_LATENT_MODEL,COMMON_SCALE_CPS_2013_ANCHOR,1,1,1,REGIME_BRIDGE_ASSUMPTION;EARLY_CPS_DESIGN_BREAKS;UNKNOWN_SAMPLING_SE_WAVES;BACKCAST;BACKCAST_MODEL_SENSITIVITY,S2_FINAL_20261002T002743Z|M2_L6|inherited_base_sha256:6552cee937979c00eae89960ca07a3f13358525826877809d2c0f1a2903f24b7,LATENT_INDEX_2013_STATE_SD,MODEL_AND_LENGTH_SENSITIVITY_ENVELOPE,-0.5547011024203087
GA,2007,-0.43737134734964217,0.8488819193985261,-2.1011799093707535,1.6577181521462852,MODEL_ESTIMATED,0,0,CPS_PARTICIPATION_AND_CEV_MEMBERSHIP_LATENT_MODEL,COMMON_SCALE_CPS_2013_ANCHOR,1,1,1,REGIME_BRIDGE_ASSUMPTION;EARLY_CPS_DESIGN_BREAKS;UNKNOWN_SAMPLING_SE_WAVES;BACKCAST;BACKCAST_MODEL_SENSITIVITY,S2_FINAL_20261002T002743Z|M2_L6|inherited_base_sha256:6552cee937979c00eae89960ca07a3f13358525826877809d2c0f1a2903f24b7,LATENT_INDEX_2013_STATE_SD,MODEL_AND_LENGTH_SENSITIVITY_ENVELOPE,-0.5574343068363385
GA,2008,-0.44489785782506813,0.6456327085754188,-1.7580131087111452,1.1065170190241378,MODEL_ESTIMATED,0,0,CPS_PARTICIPATION_AND_CEV_MEMBERSHIP_LATENT_MODEL,COMMON_SCALE_CPS_2013_ANCHOR,1,1,1,REGIME_BRIDGE_ASSUMPTION;EARLY_CPS_DESIGN_BREAKS;UNKNOWN_SAMPLING_SE_WAVES;BACKCAST;BACKCAST_MODEL_SENSITIVITY;NO_DIRECT_OBSERVATION_AVAILABLE_IN_CURRENT_EVIDENCE,S2_FINAL_20261002T002743Z|M2_L6|inherited_base_sha256:6552cee937979c00eae89960ca07a3f13358525826877809d2c0f1a2903f24b7,LATENT_INDEX_2013_STATE_SD,MODEL_AND_LENGTH_SENSITIVITY_ENVELOPE,-0.5590282137848899
GA,2009,-0.4460688605576741,0.3532835521639365,-1.1385046227989897,0.27178572059085704,MODEL_ESTIMATED,0,1,CPS_PARTICIPATION_AND_CEV_MEMBERSHIP_LATENT_MODEL,COMMON_SCALE_CPS_2013_ANCHOR,1,0,1,REGIME_BRIDGE_ASSUMPTION;EARLY_CPS_DESIGN_BREAKS;UNKNOWN_SAMPLING_SE_WAVES,S2_FINAL_20261002T002743Z|M2_L6|inherited_base_sha256:6552cee937979c00eae89960ca07a3f13358525826877809d2c0f1a2903f24b7,LATENT_INDEX_2013_STATE_SD,MODEL_AND_LENGTH_SENSITIVITY_ENVELOPE,-0.5592761998068807
GA,2010,-0.8780130311906781,0.31315797205511464,-1.5803036453945485,-0.26025510071599034,MODEL_ESTIMATED,0,1,CPS_PARTICIPATION_AND_CEV_MEMBERSHIP_LATENT_MODEL,COMMON_SCALE_CPS_2013_ANCHOR,1,0,1,REGIME_BRIDGE_ASSUMPTION;EARLY_CPS_DESIGN_BREAKS;UNKNOWN_SAMPLING_SE_WAVES,S2_FINAL_20261002T002743Z|M2_L6|inherited_base_sha256:6552cee937979c00eae89960ca07a3f13358525826877809d2c0f1a2903f24b7,LATENT_INDEX_2013_STATE_SD,MODEL_AND_LENGTH_SENSITIVITY_ENVELOPE,-0.6507500398029935
GA,2011,0.0596275193903764,0.2700435436057478,-0.4905667262336625,0.6081379304378928,MODEL_ESTIMATED,0,1,CPS_PARTICIPATION_AND_CEV_MEMBERSHIP_LATENT_MODEL,COMMON_SCALE_CPS_2013_ANCHOR,1,0,1,REGIME_BRIDGE_ASSUMPTION;EARLY_CPS_DESIGN_BREAKS;UNKNOWN_SAMPLING_SE_WAVES,S2_FINAL_20261002T002743Z|M2_L6|inherited_base_sha256:6552cee937979c00eae89960ca07a3f13358525826877809d2c0f1a2903f24b7,LATENT_INDEX_2013_STATE_SD,MODEL_AND_LENGTH_SENSITIVITY_ENVELOPE,-0.4521836797754344
GA,2012,-0.26529543721550236,0.484142700150688,-1.4353842088682465,0.8260967247562332,MODEL_ESTIMATED,0,0,CPS_PARTICIPATION_AND_CEV_MEMBERSHIP_LATENT_MODEL,COMMON_SCALE_CPS_2013_ANCHOR,1,0,1,REGIME_BRIDGE_ASSUMPTION;EARLY_CPS_DESIGN_BREAKS;UNKNOWN_SAMPLING_SE_WAVES,S2_FINAL_20261002T002743Z|M2_L6|inherited_base_sha256:6552cee937979c00eae89960ca07a3f13358525826877809d2c0f1a2903f24b7,LATENT_INDEX_2013_STATE_SD,MODEL_AND_LENGTH_SENSITIVITY_ENVELOPE,-0.5209933838167535
GA,2013,-0.5741214078321929,0.4104026086691372,-1.4378872074050222,0.33590814268160396,MODEL_ESTIMATED,0,1,CPS_PARTICIPATION_AND_CEV_MEMBERSHIP_LATENT_MODEL,COMMON_SCALE_CPS_2013_ANCHOR,1,0,1,REGIME_BRIDGE_ASSUMPTION;EARLY_CPS_DESIGN_BREAKS;UNKNOWN_SAMPLING_SE_WAVES,S2_FINAL_20261002T002743Z|M2_L6|inherited_base_sha256:6552cee937979c00eae89960ca07a3f13358525826877809d2c0f1a2903f24b7,LATENT_INDEX_2013_STATE_SD,MODEL_AND_LENGTH_SENSITIVITY_ENVELOPE,-0.5863941910123603
GA,2014,-0.8421179972091029,0.7173180198288974,-2.6620269739054523,0.563825321655536,MODEL_ESTIMATED,0,0,CPS_PARTICIPATION_AND_CEV_MEMBERSHIP_LATENT_MODEL,COMMON_SCALE_CPS_2013_ANCHOR,1,0,1,REGIME_BRIDGE_ASSUMPTION;EARLY_CPS_DESIGN_BREAKS;UNKNOWN_SAMPLING_SE_WAVES;CPS_CEV_GAP,S2_FINAL_20261002T002743Z|M2_L6|inherited_base_sha256:6552cee937979c00eae89960ca07a3f13358525826877809d2c0f1a2903f24b7,LATENT_INDEX_2013_STATE_SD,MODEL_AND_LENGTH_SENSITIVITY_ENVELOPE,-0.6431484634458596
GA,2015,-1.1077070923178822,1.0228689666778075,-3.476839915674956,0.8971160823706206,MODEL_ESTIMATED,0,0,CPS_PARTICIPATION_AND_CEV_MEMBERSHIP_LATENT_MODEL,COMMON_SCALE_CPS_2013_ANCHOR,1,0,1,REGIME_BRIDGE_ASSUMPTION;EARLY_CPS_DESIGN_BREAKS;UNKNOWN_SAMPLING_SE_WAVES;CPS_CEV_GAP,S2_FINAL_20261002T002743Z|M2_L6|inherited_base_sha256:6552cee937979c00eae89960ca07a3f13358525826877809d2c0f1a2903f24b7,LATENT_INDEX_2013_STATE_SD,MODEL_AND_LENGTH_SENSITIVITY_ENVELOPE,-0.6993928951164848
GA,2016,-1.3770980206035128,1.3327964976092332,-4.070440929191392,1.2351831147105843,MODEL_ESTIMATED,0,0,CPS_PARTICIPATION_AND_CEV_MEMBERSHIP_LATENT_MODEL,COMMON_SCALE_CPS_2013_ANCHOR,1,0,1,REGIME_BRIDGE_ASSUMPTION;EARLY_CPS_DESIGN_BREAKS;UNKNOWN_SAMPLING_SE_WAVES;CPS_CEV_GAP,S2_FINAL_20261002T002743Z|M2_L6|inherited_base_sha256:6552cee937979c00eae89960ca07a3f13358525826877809d2c0f1a2903f24b7,LATENT_INDEX_2013_STATE_SD,MODEL_AND_LENGTH_SENSITIVITY_ENVELOPE,-0.7564424500029219
GA,2017,-1.6566059606740047,1.659398024681039,-4.909026089048841,1.5958141677008317,MODEL_ESTIMATED,0,1,CPS_PARTICIPATION_AND_CEV_MEMBERSHIP_LATENT_MODEL,COMMON_SCALE_CPS_2013_ANCHOR,1,0,1,REGIME_BRIDGE_ASSUMPTION;EARLY_CPS_DESIGN_BREAKS;UNKNOWN_SAMPLING_SE_WAVES,S2_FINAL_20261002T002743Z|M2_L6|inherited_base_sha256:6552cee937979c00eae89960ca07a3f13358525826877809d2c0f1a2903f24b7,LATENT_INDEX_2013_STATE_SD,MODEL_AND_LENGTH_SENSITIVITY_ENVELOPE,-0.8156345084353402
GA,2018,-1.6074743444352484,1.6798569100438163,-4.899993888121128,1.6850451992506315,MODEL_ESTIMATED,0,0,CPS_PARTICIPATION_AND_CEV_MEMBERSHIP_LATENT_MODEL,COMMON_SCALE_CPS_2013_ANCHOR,1,0,1,REGIME_BRIDGE_ASSUMPTION;EARLY_CPS_DESIGN_BREAKS;UNKNOWN_SAMPLING_SE_WAVES,S2_FINAL_20261002T002743Z|M2_L6|inherited_base_sha256:6552cee937979c00eae89960ca07a3f13358525826877809d2c0f1a2903f24b7,LATENT_INDEX_2013_STATE_SD,MODEL_AND_LENGTH_SENSITIVITY_ENVELOPE,-0.8052297897051669
GA,2019,-1.5725034278700558,1.656644892886892,-4.819527417928364,1.6745205621882524,MODEL_ESTIMATED,0,1,CPS_PARTICIPATION_AND_CEV_MEMBERSHIP_LATENT_MODEL,COMMON_SCALE_CPS_2013_ANCHOR,1,0,1,REGIME_BRIDGE_ASSUMPTION;EARLY_CPS_DESIGN_BREAKS;UNKNOWN_SAMPLING_SE_WAVES,S2_FINAL_20261002T002743Z|M2_L6|inherited_base_sha256:6552cee937979c00eae89960ca07a3f13358525826877809d2c0f1a2903f24b7,LATENT_INDEX_2013_STATE_SD,MODEL_AND_LENGTH_SENSITIVITY_ENVELOPE,-0.7978239158819043
GA,2020,-1.7833158121039545,1.6828690701502385,-5.081739189598422,1.5151075653905128,MODEL_ESTIMATED,0,0,CPS_PARTICIPATION_AND_CEV_MEMBERSHIP_LATENT_MODEL,COMMON_SCALE_CPS_2013_ANCHOR,1,0,1,REGIME_BRIDGE_ASSUMPTION;EARLY_CPS_DESIGN_BREAKS;UNKNOWN_SAMPLING_SE_WAVES,S2_FINAL_20261002T002743Z|M2_L6|inherited_base_sha256:6552cee937979c00eae89960ca07a3f13358525826877809d2c0f1a2903f24b7,LATENT_INDEX_2013_STATE_SD,MODEL_AND_LENGTH_SENSITIVITY_ENVELOPE,-0.8424681537618848
GA,2021,-2.01081421692231,1.6544991353986644,-5.253632522303692,1.232004088459072,MODEL_ESTIMATED,0,1,CPS_PARTICIPATION_AND_CEV_MEMBERSHIP_LATENT_MODEL,COMMON_SCALE_CPS_2013_ANCHOR,1,0,1,REGIME_BRIDGE_ASSUMPTION;EARLY_CPS_DESIGN_BREAKS;UNKNOWN_SAMPLING_SE_WAVES,S2_FINAL_20261002T002743Z|M2_L6|inherited_base_sha256:6552cee937979c00eae89960ca07a3f13358525826877809d2c0f1a2903f24b7,LATENT_INDEX_2013_STATE_SD,MODEL_AND_LENGTH_SENSITIVITY_ENVELOPE,-0.8906460297388389
GA,2022,-1.8845434114208182,1.693711228004822,-5.20421741831027,1.435130595468633,MODEL_ESTIMATED,0,0,CPS_PARTICIPATION_AND_CEV_MEMBERSHIP_LATENT_MODEL,COMMON_SCALE_CPS_2013_ANCHOR,1,0,1,REGIME_BRIDGE_ASSUMPTION;EARLY_CPS_DESIGN_BREAKS;UNKNOWN_SAMPLING_SE_WAVES,S2_FINAL_20261002T002743Z|M2_L6|inherited_base_sha256:6552cee937979c00eae89960ca07a3f13358525826877809d2c0f1a2903f24b7,LATENT_INDEX_2013_STATE_SD,MODEL_AND_LENGTH_SENSITIVITY_ENVELOPE,-0.8639053622083642
GA,2023,-1.7754065378134984,1.667616657004214,-5.043935185541757,1.493122109914761,MODEL_ESTIMATED,0,1,CPS_PARTICIPATION_AND_CEV_MEMBERSHIP_LATENT_MODEL,COMMON_SCALE_CPS_2013_ANCHOR,1,0,1,REGIME_BRIDGE_ASSUMPTION;EARLY_CPS_DESIGN_BREAKS;UNKNOWN_SAMPLING_SE_WAVES,S2_FINAL_20261002T002743Z|M2_L6|inherited_base_sha256:6552cee937979c00eae89960ca07a3f13358525826877809d2c0f1a2903f24b7,LATENT_INDEX_2013_STATE_SD,MODEL_AND_LENGTH_SENSITIVITY_ENVELOPE,-0.840793188013718
HI,2000,-0.6262122585911446,1.8814946675927988,-4.31394180707303,4.26102715389936,MODEL_ESTIMATED,0,0,CPS_PARTICIPATION_AND_CEV_MEMBERSHIP_LATENT_MODEL,COMMON_SCALE_CPS_2013_ANCHOR,1,1,1,REGIME_BRIDGE_ASSUMPTION;EARLY_CPS_DESIGN_BREAKS;UNKNOWN_SAMPLING_SE_WAVES;BACKCAST;BACKCAST_MODEL_SENSITIVITY,S2_FINAL_20261002T002743Z|M2_L6|inherited_base_sha256:6552cee937979c00eae89960ca07a3f13358525826877809d2c0f1a2903f24b7,LATENT_INDEX_2013_STATE_SD,MODEL_AND_LENGTH_SENSITIVITY_ENVELOPE,-0.5974255938452839
HI,2001,-0.6956259931388076,1.7484422725516315,-4.122572847340005,3.812476928411771,MODEL_ESTIMATED,0,0,CPS_PARTICIPATION_AND_CEV_MEMBERSHIP_LATENT_MODEL,COMMON_SCALE_CPS_2013_ANCHOR,1,1,1,REGIME_BRIDGE_ASSUMPTION;EARLY_CPS_DESIGN_BREAKS;UNKNOWN_SAMPLING_SE_WAVES;BACKCAST;BACKCAST_MODEL_SENSITIVITY,S2_FINAL_20261002T002743Z|M2_L6|inherited_base_sha256:6552cee937979c00eae89960ca07a3f13358525826877809d2c0f1a2903f24b7,LATENT_INDEX_2013_STATE_SD,MODEL_AND_LENGTH_SENSITIVITY_ENVELOPE,-0.6121255048042407
HI,2002,-0.7699081124525067,1.6142074462182805,-3.933754707040336,3.352493424002563,MODEL_ESTIMATED,0,0,CPS_PARTICIPATION_AND_CEV_MEMBERSHIP_LATENT_MODEL,COMMON_SCALE_CPS_2013_ANCHOR,1,1,1,REGIME_BRIDGE_ASSUMPTION;EARLY_CPS_DESIGN_BREAKS;UNKNOWN_SAMPLING_SE_WAVES;BACKCAST;BACKCAST_MODEL_SENSITIVITY,S2_FINAL_20261002T002743Z|M2_L6|inherited_base_sha256:6552cee937979c00eae89960ca07a3f13358525826877809d2c0f1a2903f24b7,LATENT_INDEX_2013_STATE_SD,MODEL_AND_LENGTH_SENSITIVITY_ENVELOPE,-0.6278564051349842
HI,2003,-0.8499415488034094,1.477767252878017,-3.7546758063482035,2.8785678765415725,MODEL_ESTIMATED,0,0,CPS_PARTICIPATION_AND_CEV_MEMBERSHIP_LATENT_MODEL,COMMON_SCALE_CPS_2013_ANCHOR,1,1,1,REGIME_BRIDGE_ASSUMPTION;EARLY_CPS_DESIGN_BREAKS;UNKNOWN_SAMPLING_SE_WAVES;BACKCAST;BACKCAST_MODEL_SENSITIVITY,S2_FINAL_20261002T002743Z|M2_L6|inherited_base_sha256:6552cee937979c00eae89960ca07a3f13358525826877809d2c0f1a2903f24b7,LATENT_INDEX_2013_STATE_SD,MODEL_AND_LENGTH_SENSITIVITY_ENVELOPE,-0.6448052754956441
HI,2004,-0.93676936342389,1.337527333929243,-3.572648094367998,2.3871879153820497,MODEL_ESTIMATED,0,0,CPS_PARTICIPATION_AND_CEV_MEMBERSHIP_LATENT_MODEL,COMMON_SCALE_CPS_2013_ANCHOR,1,1,1,REGIME_BRIDGE_ASSUMPTION;EARLY_CPS_DESIGN_BREAKS;UNKNOWN_SAMPLING_SE_WAVES;BACKCAST;BACKCAST_MODEL_SENSITIVITY,S2_FINAL_20261002T002743Z|M2_L6|inherited_base_sha256:6552cee937979c00eae89960ca07a3f13358525826877809d2c0f1a2903f24b7,LATENT_INDEX_2013_STATE_SD,MODEL_AND_LENGTH_SENSITIVITY_ENVELOPE,-0.663193007433701
HI,2005,-1.0316237875620888,1.1909525039843762,-3.3800283004686498,1.9681143606065012,MODEL_ESTIMATED,0,0,CPS_PARTICIPATION_AND_CEV_MEMBERSHIP_LATENT_MODEL,COMMON_SCALE_CPS_2013_ANCHOR,1,1,1,REGIME_BRIDGE_ASSUMPTION;EARLY_CPS_DESIGN_BREAKS;UNKNOWN_SAMPLING_SE_WAVES;BACKCAST;BACKCAST_MODEL_SENSITIVITY,S2_FINAL_20261002T002743Z|M2_L6|inherited_base_sha256:6552cee937979c00eae89960ca07a3f13358525826877809d2c0f1a2903f24b7,LATENT_INDEX_2013_STATE_SD,MODEL_AND_LENGTH_SENSITIVITY_ENVELOPE,-0.683280553478889
HI,2006,-1.1359605304340574,1.0338500215180806,-3.170749950436036,1.5143035786335182,MODEL_ESTIMATED,0,0,CPS_PARTICIPATION_AND_CEV_MEMBERSHIP_LATENT_MODEL,COMMON_SCALE_CPS_2013_ANCHOR,1,1,1,REGIME_BRIDGE_ASSUMPTION;EARLY_CPS_DESIGN_BREAKS;UNKNOWN_SAMPLING_SE_WAVES;BACKCAST;BACKCAST_MODEL_SENSITIVITY,S2_FINAL_20261002T002743Z|M2_L6|inherited_base_sha256:6552cee937979c00eae89960ca07a3f13358525826877809d2c0f1a2903f24b7,LATENT_INDEX_2013_STATE_SD,MODEL_AND_LENGTH_SENSITIVITY_ENVELOPE,-0.7053761926194738
HI,2007,-1.2514993092802709,0.8587291508858849,-2.9346084450166052,0.9734851000003802,MODEL_ESTIMATED,0,0,CPS_PARTICIPATION_AND_CEV_MEMBERSHIP_LATENT_MODEL,COMMON_SCALE_CPS_2013_ANCHOR,1,1,1,REGIME_BRIDGE_ASSUMPTION;EARLY_CPS_DESIGN_BREAKS;UNKNOWN_SAMPLING_SE_WAVES;BACKCAST;BACKCAST_MODEL_SENSITIVITY,S2_FINAL_20261002T002743Z|M2_L6|inherited_base_sha256:6552cee937979c00eae89960ca07a3f13358525826877809d2c0f1a2903f24b7,LATENT_INDEX_2013_STATE_SD,MODEL_AND_LENGTH_SENSITIVITY_ENVELOPE,-0.729844113448308
HI,2008,-1.3802717299699554,0.6497571551527302,-2.6537957540693067,0.27437460155112514,MODEL_ESTIMATED,0,0,CPS_PARTICIPATION_AND_CEV_MEMBERSHIP_LATENT_MODEL,COMMON_SCALE_CPS_2013_ANCHOR,1,1,1,REGIME_BRIDGE_ASSUMPTION;EARLY_CPS_DESIGN_BREAKS;UNKNOWN_SAMPLING_SE_WAVES;BACKCAST;BACKCAST_MODEL_SENSITIVITY;NO_DIRECT_OBSERVATION_AVAILABLE_IN_CURRENT_EVIDENCE,S2_FINAL_20261002T002743Z|M2_L6|inherited_base_sha256:6552cee937979c00eae89960ca07a3f13358525826877809d2c0f1a2903f24b7,LATENT_INDEX_2013_STATE_SD,MODEL_AND_LENGTH_SENSITIVITY_ENVELOPE,-0.7571145539518065
HI,2009,-1.5246778512515506,0.35305570047092927,-2.228318345116306,-0.8291848491364906,MODEL_ESTIMATED,0,1,CPS_PARTICIPATION_AND_CEV_MEMBERSHIP_LATENT_MODEL,COMMON_SCALE_CPS_2013_ANCHOR,1,0,1,REGIME_BRIDGE_ASSUMPTION;EARLY_CPS_DESIGN_BREAKS;UNKNOWN_SAMPLING_SE_WAVES,S2_FINAL_20261002T002743Z|M2_L6|inherited_base_sha256:6552cee937979c00eae89960ca07a3f13358525826877809d2c0f1a2903f24b7,LATENT_INDEX_2013_STATE_SD,MODEL_AND_LENGTH_SENSITIVITY_ENVELOPE,-0.7876957802552287
HI,2010,-1.742370459521402,0.3191722404138162,-2.398511449723039,-1.1133079522087035,MODEL_ESTIMATED,0,1,CPS_PARTICIPATION_AND_CEV_MEMBERSHIP_LATENT_MODEL,COMMON_SCALE_CPS_2013_ANCHOR,1,0,1,REGIME_BRIDGE_ASSUMPTION;EARLY_CPS_DESIGN_BREAKS;UNKNOWN_SAMPLING_SE_WAVES,S2_FINAL_20261002T002743Z|M2_L6|inherited_base_sha256:6552cee937979c00eae89960ca07a3f13358525826877809d2c0f1a2903f24b7,LATENT_INDEX_2013_STATE_SD,MODEL_AND_LENGTH_SENSITIVITY_ENVELOPE,-0.8337970594738614
HI,2011,-0.772010584957656,0.3064138908076369,-1.4105516793432433,-0.1419147902326675,MODEL_ESTIMATED,0,1,CPS_PARTICIPATION_AND_CEV_MEMBERSHIP_LATENT_MODEL,COMMON_SCALE_CPS_2013_ANCHOR,1,0,1,REGIME_BRIDGE_ASSUMPTION;EARLY_CPS_DESIGN_BREAKS;UNKNOWN_SAMPLING_SE_WAVES,S2_FINAL_20261002T002743Z|M2_L6|inherited_base_sha256:6552cee937979c00eae89960ca07a3f13358525826877809d2c0f1a2903f24b7,LATENT_INDEX_2013_STATE_SD,MODEL_AND_LENGTH_SENSITIVITY_ENVELOPE,-0.6283016507167232
HI,2012,-0.8553843002584419,0.48388382598872887,-1.9921158745453844,0.26184493499175726,MODEL_ESTIMATED,0,0,CPS_PARTICIPATION_AND_CEV_MEMBERSHIP_LATENT_MODEL,COMMON_SCALE_CPS_2013_ANCHOR,1,0,1,REGIME_BRIDGE_ASSUMPTION;EARLY_CPS_DESIGN_BREAKS;UNKNOWN_SAMPLING_SE_WAVES,S2_FINAL_20261002T002743Z|M2_L6|inherited_base_sha256:6552cee937979c00eae89960ca07a3f13358525826877809d2c0f1a2903f24b7,LATENT_INDEX_2013_STATE_SD,MODEL_AND_LENGTH_SENSITIVITY_ENVELOPE,-0.6459578998614427
HI,2013,-0.9350367651161627,0.37810102657281547,-1.6855926712942433,-0.095638637992057,MODEL_ESTIMATED,0,1,CPS_PARTICIPATION_AND_CEV_MEMBERSHIP_LATENT_MODEL,COMMON_SCALE_CPS_2013_ANCHOR,1,0,1,REGIME_BRIDGE_ASSUMPTION;EARLY_CPS_DESIGN_BREAKS;UNKNOWN_SAMPLING_SE_WAVES,S2_FINAL_20261002T002743Z|M2_L6|inherited_base_sha256:6552cee937979c00eae89960ca07a3f13358525826877809d2c0f1a2903f24b7,LATENT_INDEX_2013_STATE_SD,MODEL_AND_LENGTH_SENSITIVITY_ENVELOPE,-0.6628260909867298
HI,2014,-0.9812440186488535,0.70499620007809,-2.755795974811877,0.40054853350420305,MODEL_ESTIMATED,0,0,CPS_PARTICIPATION_AND_CEV_MEMBERSHIP_LATENT_MODEL,COMMON_SCALE_CPS_2013_ANCHOR,1,0,1,REGIME_BRIDGE_ASSUMPTION;EARLY_CPS_DESIGN_BREAKS;UNKNOWN_SAMPLING_SE_WAVES;CPS_CEV_GAP,S2_FINAL_20261002T002743Z|M2_L6|inherited_base_sha256:6552cee937979c00eae89960ca07a3f13358525826877809d2c0f1a2903f24b7,LATENT_INDEX_2013_STATE_SD,MODEL_AND_LENGTH_SENSITIVITY_ENVELOPE,-0.6726115105008188
HI,2015,-1.0248637439006785,1.0189450362560148,-3.3733496875552094,0.9722685271611107,MODEL_ESTIMATED,0,0,CPS_PARTICIPATION_AND_CEV_MEMBERSHIP_LATENT_MODEL,COMMON_SCALE_CPS_2013_ANCHOR,1,0,1,REGIME_BRIDGE_ASSUMPTION;EARLY_CPS_DESIGN_BREAKS;UNKNOWN_SAMPLING_SE_WAVES;CPS_CEV_GAP,S2_FINAL_20261002T002743Z|M2_L6|inherited_base_sha256:6552cee937979c00eae89960ca07a3f13358525826877809d2c0f1a2903f24b7,LATENT_INDEX_2013_STATE_SD,MODEL_AND_LENGTH_SENSITIVITY_ENVELOPE,-0.681848963022779
HI,2016,-1.0659251665434006,1.3319186728844479,-3.7385104957540696,1.5446354323101172,MODEL_ESTIMATED,0,0,CPS_PARTICIPATION_AND_CEV_MEMBERSHIP_LATENT_MODEL,COMMON_SCALE_CPS_2013_ANCHOR,1,0,1,REGIME_BRIDGE_ASSUMPTION;EARLY_CPS_DESIGN_BREAKS;UNKNOWN_SAMPLING_SE_WAVES;CPS_CEV_GAP,S2_FINAL_20261002T002743Z|M2_L6|inherited_base_sha256:6552cee937979c00eae89960ca07a3f13358525826877809d2c0f1a2903f24b7,LATENT_INDEX_2013_STATE_SD,MODEL_AND_LENGTH_SENSITIVITY_ENVELOPE,-0.6905446377423353
HI,2017,-1.1043862836350895,1.6541508736050174,-4.346521995900924,2.1377494286307446,MODEL_ESTIMATED,0,1,CPS_PARTICIPATION_AND_CEV_MEMBERSHIP_LATENT_MODEL,COMMON_SCALE_CPS_2013_ANCHOR,1,0,1,REGIME_BRIDGE_ASSUMPTION;EARLY_CPS_DESIGN_BREAKS;UNKNOWN_SAMPLING_SE_WAVES,S2_FINAL_20261002T002743Z|M2_L6|inherited_base_sha256:6552cee937979c00eae89960ca07a3f13358525826877809d2c0f1a2903f24b7,LATENT_INDEX_2013_STATE_SD,MODEL_AND_LENGTH_SENSITIVITY_ENVELOPE,-0.6986896395969988
HI,2018,-0.9885990351511845,1.6792841942917123,-4.279996055962941,2.3027979856605714,MODEL_ESTIMATED,0,0,CPS_PARTICIPATION_AND_CEV_MEMBERSHIP_LATENT_MODEL,COMMON_SCALE_CPS_2013_ANCHOR,1,0,1,REGIME_BRIDGE_ASSUMPTION;EARLY_CPS_DESIGN_BREAKS;UNKNOWN_SAMPLING_SE_WAVES,S2_FINAL_20261002T002743Z|M2_L6|inherited_base_sha256:6552cee937979c00eae89960ca07a3f13358525826877809d2c0f1a2903f24b7,LATENT_INDEX_2013_STATE_SD,MODEL_AND_LENGTH_SENSITIVITY_ENVELOPE,-0.6741690997645355
HI,2019,-0.8656880748586789,1.6509011751191658,-4.101454378092244,2.370078228374886,MODEL_ESTIMATED,0,1,CPS_PARTICIPATION_AND_CEV_MEMBERSHIP_LATENT_MODEL,COMMON_SCALE_CPS_2013_ANCHOR,1,0,1,REGIME_BRIDGE_ASSUMPTION;EARLY_CPS_DESIGN_BREAKS;UNKNOWN_SAMPLING_SE_WAVES,S2_FINAL_20261002T002743Z|M2_L6|inherited_base_sha256:6552cee937979c00eae89960ca07a3f13358525826877809d2c0f1a2903f24b7,LATENT_INDEX_2013_STATE_SD,MODEL_AND_LENGTH_SENSITIVITY_ENVELOPE,-0.6481399546111499
HI,2020,-1.2675224212969745,1.686807662172348,-4.573665439154777,2.0386205965608273,MODEL_ESTIMATED,0,0,CPS_PARTICIPATION_AND_CEV_MEMBERSHIP_LATENT_MODEL,COMMON_SCALE_CPS_2013_ANCHOR,1,0,1,REGIME_BRIDGE_ASSUMPTION;EARLY_CPS_DESIGN_BREAKS;UNKNOWN_SAMPLING_SE_WAVES,S2_FINAL_20261002T002743Z|M2_L6|inherited_base_sha256:6552cee937979c00eae89960ca07a3f13358525826877809d2c0f1a2903f24b7,LATENT_INDEX_2013_STATE_SD,MODEL_AND_LENGTH_SENSITIVITY_ENVELOPE,-0.7332373658279102
HI,2021,-1.6676283978119835,1.6607425715902095,-4.922683838128794,1.5874270425048271,MODEL_ESTIMATED,0,1,CPS_PARTICIPATION_AND_CEV_MEMBERSHIP_LATENT_MODEL,COMMON_SCALE_CPS_2013_ANCHOR,1,0,1,REGIME_BRIDGE_ASSUMPTION;EARLY_CPS_DESIGN_BREAKS;UNKNOWN_SAMPLING_SE_WAVES,S2_FINAL_20261002T002743Z|M2_L6|inherited_base_sha256:6552cee937979c00eae89960ca07a3f13358525826877809d2c0f1a2903f24b7,LATENT_INDEX_2013_STATE_SD,MODEL_AND_LENGTH_SENSITIVITY_ENVELOPE,-0.8179687560526865
HI,2022,-1.5843542020473023,1.6969589694726244,-4.910393782213646,1.7416853781190413,MODEL_ESTIMATED,0,0,CPS_PARTICIPATION_AND_CEV_MEMBERSHIP_LATENT_MODEL,COMMON_SCALE_CPS_2013_ANCHOR,1,0,1,REGIME_BRIDGE_ASSUMPTION;EARLY_CPS_DESIGN_BREAKS;UNKNOWN_SAMPLING_SE_WAVES,S2_FINAL_20261002T002743Z|M2_L6|inherited_base_sha256:6552cee937979c00eae89960ca07a3f13358525826877809d2c0f1a2903f24b7,LATENT_INDEX_2013_STATE_SD,MODEL_AND_LENGTH_SENSITIVITY_ENVELOPE,-0.8003335823958218
HI,2023,-1.5058024289893366,1.6654383098746863,-4.770061516343722,1.7584566583650485,MODEL_ESTIMATED,0,1,CPS_PARTICIPATION_AND_CEV_MEMBERSHIP_LATENT_MODEL,COMMON_SCALE_CPS_2013_ANCHOR,1,0,1,REGIME_BRIDGE_ASSUMPTION;EARLY_CPS_DESIGN_BREAKS;UNKNOWN_SAMPLING_SE_WAVES,S2_FINAL_20261002T002743Z|M2_L6|inherited_base_sha256:6552cee937979c00eae89960ca07a3f13358525826877809d2c0f1a2903f24b7,LATENT_INDEX_2013_STATE_SD,MODEL_AND_LENGTH_SENSITIVITY_ENVELOPE,-0.783698487379757
IA,2000,0.9553647785426879,1.8845244344824883,-2.738303113042989,5.900436118384278,MODEL_ESTIMATED,0,0,CPS_PARTICIPATION_AND_CEV_MEMBERSHIP_LATENT_MODEL,COMMON_SCALE_CPS_2013_ANCHOR,1,1,1,REGIME_BRIDGE_ASSUMPTION;EARLY_CPS_DESIGN_BREAKS;UNKNOWN_SAMPLING_SE_WAVES;BACKCAST;BACKCAST_MODEL_SENSITIVITY,S2_FINAL_20261002T002743Z|M2_L6|inherited_base_sha256:6552cee937979c00eae89960ca07a3f13358525826877809d2c0f1a2903f24b7,LATENT_INDEX_2013_STATE_SD,MODEL_AND_LENGTH_SENSITIVITY_ENVELOPE,-0.2624912790140602
IA,2001,0.9222704385012064,1.749220157519059,-2.5062010702361492,5.5015843562991185,MODEL_ESTIMATED,0,0,CPS_PARTICIPATION_AND_CEV_MEMBERSHIP_LATENT_MODEL,COMMON_SCALE_CPS_2013_ANCHOR,1,1,1,REGIME_BRIDGE_ASSUMPTION;EARLY_CPS_DESIGN_BREAKS;UNKNOWN_SAMPLING_SE_WAVES;BACKCAST;BACKCAST_MODEL_SENSITIVITY,S2_FINAL_20261002T002743Z|M2_L6|inherited_base_sha256:6552cee937979c00eae89960ca07a3f13358525826877809d2c0f1a2903f24b7,LATENT_INDEX_2013_STATE_SD,MODEL_AND_LENGTH_SENSITIVITY_ENVELOPE,-0.2694997457825665
IA,2002,0.890894614076358,1.6124671402460802,-2.2695409808059592,5.095627814496405,MODEL_ESTIMATED,0,0,CPS_PARTICIPATION_AND_CEV_MEMBERSHIP_LATENT_MODEL,COMMON_SCALE_CPS_2013_ANCHOR,1,1,1,REGIME_BRIDGE_ASSUMPTION;EARLY_CPS_DESIGN_BREAKS;UNKNOWN_SAMPLING_SE_WAVES;BACKCAST;BACKCAST_MODEL_SENSITIVITY,S2_FINAL_20261002T002743Z|M2_L6|inherited_base_sha256:6552cee937979c00eae89960ca07a3f13358525826877809d2c0f1a2903f24b7,LATENT_INDEX_2013_STATE_SD,MODEL_AND_LENGTH_SENSITIVITY_ENVELOPE,-0.27614427842894695
IA,2003,0.8615489759698937,1.473427507708275,-2.026368939138325,4.680438148611836,MODEL_ESTIMATED,0,0,CPS_PARTICIPATION_AND_CEV_MEMBERSHIP_LATENT_MODEL,COMMON_SCALE_CPS_2013_ANCHOR,1,1,1,REGIME_BRIDGE_ASSUMPTION;EARLY_CPS_DESIGN_BREAKS;UNKNOWN_SAMPLING_SE_WAVES;BACKCAST;BACKCAST_MODEL_SENSITIVITY,S2_FINAL_20261002T002743Z|M2_L6|inherited_base_sha256:6552cee937979c00eae89960ca07a3f13358525826877809d2c0f1a2903f24b7,LATENT_INDEX_2013_STATE_SD,MODEL_AND_LENGTH_SENSITIVITY_ENVELOPE,-0.28235887371055635
IA,2004,0.8346017196107042,1.3308157661557554,-1.7737971820545764,4.252919250448162,MODEL_ESTIMATED,0,0,CPS_PARTICIPATION_AND_CEV_MEMBERSHIP_LATENT_MODEL,COMMON_SCALE_CPS_2013_ANCHOR,1,1,1,REGIME_BRIDGE_ASSUMPTION;EARLY_CPS_DESIGN_BREAKS;UNKNOWN_SAMPLING_SE_WAVES;BACKCAST;BACKCAST_MODEL_SENSITIVITY,S2_FINAL_20261002T002743Z|M2_L6|inherited_base_sha256:6552cee937979c00eae89960ca07a3f13358525826877809d2c0f1a2903f24b7,LATENT_INDEX_2013_STATE_SD,MODEL_AND_LENGTH_SENSITIVITY_ENVELOPE,-0.28806555800941464
IA,2005,0.8104878165026895,1.182567779429655,-1.507345031179434,3.808312343529043,MODEL_ESTIMATED,0,0,CPS_PARTICIPATION_AND_CEV_MEMBERSHIP_LATENT_MODEL,COMMON_SCALE_CPS_2013_ANCHOR,1,1,1,REGIME_BRIDGE_ASSUMPTION;EARLY_CPS_DESIGN_BREAKS;UNKNOWN_SAMPLING_SE_WAVES;BACKCAST;BACKCAST_MODEL_SENSITIVITY,S2_FINAL_20261002T002743Z|M2_L6|inherited_base_sha256:6552cee937979c00eae89960ca07a3f13358525826877809d2c0f1a2903f24b7,LATENT_INDEX_2013_STATE_SD,MODEL_AND_LENGTH_SENSITIVITY_ENVELOPE,-0.2931722163799901
IA,2006,0.7897211247612744,1.0251422559468135,-1.2195576968944803,3.3387106459627556,MODEL_ESTIMATED,0,0,CPS_PARTICIPATION_AND_CEV_MEMBERSHIP_LATENT_MODEL,COMMON_SCALE_CPS_2013_ANCHOR,1,1,1,REGIME_BRIDGE_ASSUMPTION;EARLY_CPS_DESIGN_BREAKS;UNKNOWN_SAMPLING_SE_WAVES;BACKCAST;BACKCAST_MODEL_SENSITIVITY,S2_FINAL_20261002T002743Z|M2_L6|inherited_base_sha256:6552cee937979c00eae89960ca07a3f13358525826877809d2c0f1a2903f24b7,LATENT_INDEX_2013_STATE_SD,MODEL_AND_LENGTH_SENSITIVITY_ENVELOPE,-0.29757002787219977
IA,2007,0.7729086960218516,0.8517989903394938,-0.8966173250435563,2.895436375391085,MODEL_ESTIMATED,0,0,CPS_PARTICIPATION_AND_CEV_MEMBERSHIP_LATENT_MODEL,COMMON_SCALE_CPS_2013_ANCHOR,1,1,1,REGIME_BRIDGE_ASSUMPTION;EARLY_CPS_DESIGN_BREAKS;UNKNOWN_SAMPLING_SE_WAVES;BACKCAST;BACKCAST_MODEL_SENSITIVITY,S2_FINAL_20261002T002743Z|M2_L6|inherited_base_sha256:6552cee937979c00eae89960ca07a3f13358525826877809d2c0f1a2903f24b7,LATENT_INDEX_2013_STATE_SD,MODEL_AND_LENGTH_SENSITIVITY_ENVELOPE,-0.3011304357235252
IA,2008,0.7607676770550401,0.6470668493593448,-0.5171460576410708,2.3512991706598037,MODEL_ESTIMATED,0,0,CPS_PARTICIPATION_AND_CEV_MEMBERSHIP_LATENT_MODEL,COMMON_SCALE_CPS_2013_ANCHOR,1,1,1,REGIME_BRIDGE_ASSUMPTION;EARLY_CPS_DESIGN_BREAKS;UNKNOWN_SAMPLING_SE_WAVES;BACKCAST;BACKCAST_MODEL_SENSITIVITY;NO_DIRECT_OBSERVATION_AVAILABLE_IN_CURRENT_EVIDENCE,S2_FINAL_20261002T002743Z|M2_L6|inherited_base_sha256:6552cee937979c00eae89960ca07a3f13358525826877809d2c0f1a2903f24b7,LATENT_INDEX_2013_STATE_SD,MODEL_AND_LENGTH_SENSITIVITY_ENVELOPE,-0.30370156806392085
IA,2009,0.7541452766658852,0.3541308439166517,0.06004882258924782,1.4528272450607604,MODEL_ESTIMATED,0,1,CPS_PARTICIPATION_AND_CEV_MEMBERSHIP_LATENT_MODEL,COMMON_SCALE_CPS_2013_ANCHOR,1,0,1,REGIME_BRIDGE_ASSUMPTION;EARLY_CPS_DESIGN_BREAKS;UNKNOWN_SAMPLING_SE_WAVES,S2_FINAL_20261002T002743Z|M2_L6|inherited_base_sha256:6552cee937979c00eae89960ca07a3f13358525826877809d2c0f1a2903f24b7,LATENT_INDEX_2013_STATE_SD,MODEL_AND_LENGTH_SENSITIVITY_ENVELOPE,-0.30510400947828237
IA,2010,0.5523763686978704,0.32322189996033523,-0.08941782640948308,1.210457885238278,MODEL_ESTIMATED,0,1,CPS_PARTICIPATION_AND_CEV_MEMBERSHIP_LATENT_MODEL,COMMON_SCALE_CPS_2013_ANCHOR,1,0,1,REGIME_BRIDGE_ASSUMPTION;EARLY_CPS_DESIGN_BREAKS;UNKNOWN_SAMPLING_SE_WAVES,S2_FINAL_20261002T002743Z|M2_L6|inherited_base_sha256:6552cee937979c00eae89960ca07a3f13358525826877809d2c0f1a2903f24b7,LATENT_INDEX_2013_STATE_SD,MODEL_AND_LENGTH_SENSITIVITY_ENVELOPE,-0.3478330889716088
IA,2011,1.4588520197504071,0.32468467479968666,0.7990106152845321,2.1466855918182572,MODEL_ESTIMATED,0,1,CPS_PARTICIPATION_AND_CEV_MEMBERSHIP_LATENT_MODEL,COMMON_SCALE_CPS_2013_ANCHOR,1,0,1,REGIME_BRIDGE_ASSUMPTION;EARLY_CPS_DESIGN_BREAKS;UNKNOWN_SAMPLING_SE_WAVES,S2_FINAL_20261002T002743Z|M2_L6|inherited_base_sha256:6552cee937979c00eae89960ca07a3f13358525826877809d2c0f1a2903f24b7,LATENT_INDEX_2013_STATE_SD,MODEL_AND_LENGTH_SENSITIVITY_ENVELOPE,-0.15586659352559695
IA,2012,1.0990994338401052,0.49675559142346937,-0.13044759884232515,2.1612036725385044,MODEL_ESTIMATED,0,0,CPS_PARTICIPATION_AND_CEV_MEMBERSHIP_LATENT_MODEL,COMMON_SCALE_CPS_2013_ANCHOR,1,0,1,REGIME_BRIDGE_ASSUMPTION;EARLY_CPS_DESIGN_BREAKS;UNKNOWN_SAMPLING_SE_WAVES,S2_FINAL_20261002T002743Z|M2_L6|inherited_base_sha256:6552cee937979c00eae89960ca07a3f13358525826877809d2c0f1a2903f24b7,LATENT_INDEX_2013_STATE_SD,MODEL_AND_LENGTH_SENSITIVITY_ENVELOPE,-0.23205225065235235
IA,2013,0.7590263087975837,0.4013729898510574,-0.1794857936648092,1.5457173689056563,MODEL_ESTIMATED,0,1,CPS_PARTICIPATION_AND_CEV_MEMBERSHIP_LATENT_MODEL,COMMON_SCALE_CPS_2013_ANCHOR,1,0,1,REGIME_BRIDGE_ASSUMPTION;EARLY_CPS_DESIGN_BREAKS;UNKNOWN_SAMPLING_SE_WAVES,S2_FINAL_20261002T002743Z|M2_L6|inherited_base_sha256:6552cee937979c00eae89960ca07a3f13358525826877809d2c0f1a2903f24b7,LATENT_INDEX_2013_STATE_SD,MODEL_AND_LENGTH_SENSITIVITY_ENVELOPE,-0.30407034174391623
IA,2014,0.7653825902216036,0.7184205116420919,-1.1168235917693292,2.1734867930401034,MODEL_ESTIMATED,0,0,CPS_PARTICIPATION_AND_CEV_MEMBERSHIP_LATENT_MODEL,COMMON_SCALE_CPS_2013_ANCHOR,1,0,1,REGIME_BRIDGE_ASSUMPTION;EARLY_CPS_DESIGN_BREAKS;UNKNOWN_SAMPLING_SE_WAVES;CPS_CEV_GAP,S2_FINAL_20261002T002743Z|M2_L6|inherited_base_sha256:6552cee937979c00eae89960ca07a3f13358525826877809d2c0f1a2903f24b7,LATENT_INDEX_2013_STATE_SD,MODEL_AND_LENGTH_SENSITIVITY_ENVELOPE,-0.3027242569730557
IA,2015,0.7844974236370019,1.025384329519672,-1.6101123305242424,2.794250709495559,MODEL_ESTIMATED,0,0,CPS_PARTICIPATION_AND_CEV_MEMBERSHIP_LATENT_MODEL,COMMON_SCALE_CPS_2013_ANCHOR,1,0,1,REGIME_BRIDGE_ASSUMPTION;EARLY_CPS_DESIGN_BREAKS;UNKNOWN_SAMPLING_SE_WAVES;CPS_CEV_GAP,S2_FINAL_20261002T002743Z|M2_L6|inherited_base_sha256:6552cee937979c00eae89960ca07a3f13358525826877809d2c0f1a2903f24b7,LATENT_INDEX_2013_STATE_SD,MODEL_AND_LENGTH_SENSITIVITY_ENVELOPE,-0.29867626343067244
IA,2016,0.8180882475964979,1.331617495854214,-1.8283757243268868,3.428058539470757,MODEL_ESTIMATED,0,0,CPS_PARTICIPATION_AND_CEV_MEMBERSHIP_LATENT_MODEL,COMMON_SCALE_CPS_2013_ANCHOR,1,0,1,REGIME_BRIDGE_ASSUMPTION;EARLY_CPS_DESIGN_BREAKS;UNKNOWN_SAMPLING_SE_WAVES;CPS_CEV_GAP,S2_FINAL_20261002T002743Z|M2_L6|inherited_base_sha256:6552cee937979c00eae89960ca07a3f13358525826877809d2c0f1a2903f24b7,LATENT_INDEX_2013_STATE_SD,MODEL_AND_LENGTH_SENSITIVITY_ENVELOPE,-0.2915626550870164
IA,2017,0.8682755431757423,1.6445752777102765,-2.3550920011363994,4.091643087487884,MODEL_ESTIMATED,0,1,CPS_PARTICIPATION_AND_CEV_MEMBERSHIP_LATENT_MODEL,COMMON_SCALE_CPS_2013_ANCHOR,1,0,1,REGIME_BRIDGE_ASSUMPTION;EARLY_CPS_DESIGN_BREAKS;UNKNOWN_SAMPLING_SE_WAVES,S2_FINAL_20261002T002743Z|M2_L6|inherited_base_sha256:6552cee937979c00eae89960ca07a3f13358525826877809d2c0f1a2903f24b7,LATENT_INDEX_2013_STATE_SD,MODEL_AND_LENGTH_SENSITIVITY_ENVELOPE,-0.2809343726427235
IA,2018,0.7132908469114909,1.677544581556662,-2.5746965329395666,4.001278226762548,MODEL_ESTIMATED,0,0,CPS_PARTICIPATION_AND_CEV_MEMBERSHIP_LATENT_MODEL,COMMON_SCALE_CPS_2013_ANCHOR,1,0,1,REGIME_BRIDGE_ASSUMPTION;EARLY_CPS_DESIGN_BREAKS;UNKNOWN_SAMPLING_SE_WAVES,S2_FINAL_20261002T002743Z|M2_L6|inherited_base_sha256:6552cee937979c00eae89960ca07a3f13358525826877809d2c0f1a2903f24b7,LATENT_INDEX_2013_STATE_SD,MODEL_AND_LENGTH_SENSITIVITY_ENVELOPE,-0.3137558488236525
IA,2019,0.5743553200558161,1.655892030148423,-2.671193059035093,3.8199036991467255,MODEL_ESTIMATED,0,1,CPS_PARTICIPATION_AND_CEV_MEMBERSHIP_LATENT_MODEL,COMMON_SCALE_CPS_2013_ANCHOR,1,0,1,REGIME_BRIDGE_ASSUMPTION;EARLY_CPS_DESIGN_BREAKS;UNKNOWN_SAMPLING_SE_WAVES,S2_FINAL_20261002T002743Z|M2_L6|inherited_base_sha256:6552cee937979c00eae89960ca07a3f13358525826877809d2c0f1a2903f24b7,LATENT_INDEX_2013_STATE_SD,MODEL_AND_LENGTH_SENSITIVITY_ENVELOPE,-0.34317855438939016
IA,2020,0.10392064298850553,1.685922443272796,-3.2004873458261742,3.4083286318031853,MODEL_ESTIMATED,0,0,CPS_PARTICIPATION_AND_CEV_MEMBERSHIP_LATENT_MODEL,COMMON_SCALE_CPS_2013_ANCHOR,1,0,1,REGIME_BRIDGE_ASSUMPTION;EARLY_CPS_DESIGN_BREAKS;UNKNOWN_SAMPLING_SE_WAVES,S2_FINAL_20261002T002743Z|M2_L6|inherited_base_sha256:6552cee937979c00eae89960ca07a3f13358525826877809d2c0f1a2903f24b7,LATENT_INDEX_2013_STATE_SD,MODEL_AND_LENGTH_SENSITIVITY_ENVELOPE,-0.44280362009085594
IA,2021,-0.3650605523772211,1.6564364933110982,-3.6116760792669735,2.8815549745125315,MODEL_ESTIMATED,0,1,CPS_PARTICIPATION_AND_CEV_MEMBERSHIP_LATENT_MODEL,COMMON_SCALE_CPS_2013_ANCHOR,1,0,1,REGIME_BRIDGE_ASSUMPTION;EARLY_CPS_DESIGN_BREAKS;UNKNOWN_SAMPLING_SE_WAVES,S2_FINAL_20261002T002743Z|M2_L6|inherited_base_sha256:6552cee937979c00eae89960ca07a3f13358525826877809d2c0f1a2903f24b7,LATENT_INDEX_2013_STATE_SD,MODEL_AND_LENGTH_SENSITIVITY_ENVELOPE,-0.5421208785300704
IA,2022,-0.4325188595388853,1.6948812306564665,-3.7544860716255597,2.889448352547789,MODEL_ESTIMATED,0,0,CPS_PARTICIPATION_AND_CEV_MEMBERSHIP_LATENT_MODEL,COMMON_SCALE_CPS_2013_ANCHOR,1,0,1,REGIME_BRIDGE_ASSUMPTION;EARLY_CPS_DESIGN_BREAKS;UNKNOWN_SAMPLING_SE_WAVES,S2_FINAL_20261002T002743Z|M2_L6|inherited_base_sha256:6552cee937979c00eae89960ca07a3f13358525826877809d2c0f1a2903f24b7,LATENT_INDEX_2013_STATE_SD,MODEL_AND_LENGTH_SENSITIVITY_ENVELOPE,-0.5564066840004203
IA,2023,-0.5110888260710273,1.6706975846644658,-3.7856560920133804,2.7634784398713252,MODEL_ESTIMATED,0,1,CPS_PARTICIPATION_AND_CEV_MEMBERSHIP_LATENT_MODEL,COMMON_SCALE_CPS_2013_ANCHOR,1,0,1,REGIME_BRIDGE_ASSUMPTION;EARLY_CPS_DESIGN_BREAKS;UNKNOWN_SAMPLING_SE_WAVES,S2_FINAL_20261002T002743Z|M2_L6|inherited_base_sha256:6552cee937979c00eae89960ca07a3f13358525826877809d2c0f1a2903f24b7,LATENT_INDEX_2013_STATE_SD,MODEL_AND_LENGTH_SENSITIVITY_ENVELOPE,-0.5730456318915993
ID,2000,0.8277298459487141,1.8872379591863062,-2.871256554056446,5.67450465455308,MODEL_ESTIMATED,0,0,CPS_PARTICIPATION_AND_CEV_MEMBERSHIP_LATENT_MODEL,COMMON_SCALE_CPS_2013_ANCHOR,1,1,1,REGIME_BRIDGE_ASSUMPTION;EARLY_CPS_DESIGN_BREAKS;UNKNOWN_SAMPLING_SE_WAVES;BACKCAST;BACKCAST_MODEL_SENSITIVITY,S2_FINAL_20261002T002743Z|M2_L6|inherited_base_sha256:6552cee937979c00eae89960ca07a3f13358525826877809d2c0f1a2903f24b7,LATENT_INDEX_2013_STATE_SD,MODEL_AND_LENGTH_SENSITIVITY_ENVELOPE,-0.28952083096959647
ID,2001,0.7765837140792506,1.7533765418397942,-2.660034307926746,5.257706293497669,MODEL_ESTIMATED,0,0,CPS_PARTICIPATION_AND_CEV_MEMBERSHIP_LATENT_MODEL,COMMON_SCALE_CPS_2013_ANCHOR,1,1,1,REGIME_BRIDGE_ASSUMPTION;EARLY_CPS_DESIGN_BREAKS;UNKNOWN_SAMPLING_SE_WAVES;BACKCAST;BACKCAST_MODEL_SENSITIVITY,S2_FINAL_20261002T002743Z|M2_L6|inherited_base_sha256:6552cee937979c00eae89960ca07a3f13358525826877809d2c0f1a2903f24b7,LATENT_INDEX_2013_STATE_SD,MODEL_AND_LENGTH_SENSITIVITY_ENVELOPE,-0.30035216844589835
ID,2002,0.7238822174075362,1.618031833661613,-2.4523768549684255,4.83225046775291,MODEL_ESTIMATED,0,0,CPS_PARTICIPATION_AND_CEV_MEMBERSHIP_LATENT_MODEL,COMMON_SCALE_CPS_2013_ANCHOR,1,1,1,REGIME_BRIDGE_ASSUMPTION;EARLY_CPS_DESIGN_BREAKS;UNKNOWN_SAMPLING_SE_WAVES;BACKCAST;BACKCAST_MODEL_SENSITIVITY,S2_FINAL_20261002T002743Z|M2_L6|inherited_base_sha256:6552cee937979c00eae89960ca07a3f13358525826877809d2c0f1a2903f24b7,LATENT_INDEX_2013_STATE_SD,MODEL_AND_LENGTH_SENSITIVITY_ENVELOPE,-0.3115128892099714
ID,2003,0.6693432743308705,1.4802168399175601,-2.2401599824040077,4.395876983345122,MODEL_ESTIMATED,0,0,CPS_PARTICIPATION_AND_CEV_MEMBERSHIP_LATENT_MODEL,COMMON_SCALE_CPS_2013_ANCHOR,1,1,1,REGIME_BRIDGE_ASSUMPTION;EARLY_CPS_DESIGN_BREAKS;UNKNOWN_SAMPLING_SE_WAVES;BACKCAST;BACKCAST_MODEL_SENSITIVITY,S2_FINAL_20261002T002743Z|M2_L6|inherited_base_sha256:6552cee937979c00eae89960ca07a3f13358525826877809d2c0f1a2903f24b7,LATENT_INDEX_2013_STATE_SD,MODEL_AND_LENGTH_SENSITIVITY_ENVELOPE,-0.3230627303508784
ID,2004,0.612633644810639,1.338432666181705,-2.017753100726753,3.945348431165715,MODEL_ESTIMATED,0,0,CPS_PARTICIPATION_AND_CEV_MEMBERSHIP_LATENT_MODEL,COMMON_SCALE_CPS_2013_ANCHOR,1,1,1,REGIME_BRIDGE_ASSUMPTION;EARLY_CPS_DESIGN_BREAKS;UNKNOWN_SAMPLING_SE_WAVES;BACKCAST;BACKCAST_MODEL_SENSITIVITY,S2_FINAL_20261002T002743Z|M2_L6|inherited_base_sha256:6552cee937979c00eae89960ca07a3f13358525826877809d2c0f1a2903f24b7,LATENT_INDEX_2013_STATE_SD,MODEL_AND_LENGTH_SENSITIVITY_ENVELOPE,-0.33507226290081515
ID,2005,0.5533596522572324,1.1903340853771462,-1.781310156358685,3.538637966370651,MODEL_ESTIMATED,0,0,CPS_PARTICIPATION_AND_CEV_MEMBERSHIP_LATENT_MODEL,COMMON_SCALE_CPS_2013_ANCHOR,1,1,1,REGIME_BRIDGE_ASSUMPTION;EARLY_CPS_DESIGN_BREAKS;UNKNOWN_SAMPLING_SE_WAVES;BACKCAST;BACKCAST_MODEL_SENSITIVITY,S2_FINAL_20261002T002743Z|M2_L6|inherited_base_sha256:6552cee937979c00eae89960ca07a3f13358525826877809d2c0f1a2903f24b7,LATENT_INDEX_2013_STATE_SD,MODEL_AND_LENGTH_SENSITIVITY_ENVELOPE,-0.34762485668351456
ID,2006,0.4910562227322139,1.0320610939539776,-1.5317835214175823,3.1139156009070534,MODEL_ESTIMATED,0,0,CPS_PARTICIPATION_AND_CEV_MEMBERSHIP_LATENT_MODEL,COMMON_SCALE_CPS_2013_ANCHOR,1,1,1,REGIME_BRIDGE_ASSUMPTION;EARLY_CPS_DESIGN_BREAKS;UNKNOWN_SAMPLING_SE_WAVES;BACKCAST;BACKCAST_MODEL_SENSITIVITY,S2_FINAL_20261002T002743Z|M2_L6|inherited_base_sha256:6552cee937979c00eae89960ca07a3f13358525826877809d2c0f1a2903f24b7,LATENT_INDEX_2013_STATE_SD,MODEL_AND_LENGTH_SENSITIVITY_ENVELOPE,-0.3608190015083624
ID,2007,0.4251739362956712,0.8566579647596152,-1.2538756746331745,2.613705513513927,MODEL_ESTIMATED,0,0,CPS_PARTICIPATION_AND_CEV_MEMBERSHIP_LATENT_MODEL,COMMON_SCALE_CPS_2013_ANCHOR,1,1,1,REGIME_BRIDGE_ASSUMPTION;EARLY_CPS_DESIGN_BREAKS;UNKNOWN_SAMPLING_SE_WAVES;BACKCAST;BACKCAST_MODEL_SENSITIVITY,S2_FINAL_20261002T002743Z|M2_L6|inherited_base_sha256:6552cee937979c00eae89960ca07a3f13358525826877809d2c0f1a2903f24b7,LATENT_INDEX_2013_STATE_SD,MODEL_AND_LENGTH_SENSITIVITY_ENVELOPE,-0.374771049337235
ID,2008,0.355063729980526,0.6490999781934268,-0.9171722272785905,1.971347401266675,MODEL_ESTIMATED,0,0,CPS_PARTICIPATION_AND_CEV_MEMBERSHIP_LATENT_MODEL,COMMON_SCALE_CPS_2013_ANCHOR,1,1,1,REGIME_BRIDGE_ASSUMPTION;EARLY_CPS_DESIGN_BREAKS;UNKNOWN_SAMPLING_SE_WAVES;BACKCAST;BACKCAST_MODEL_SENSITIVITY;NO_DIRECT_OBSERVATION_AVAILABLE_IN_CURRENT_EVIDENCE,S2_FINAL_20261002T002743Z|M2_L6|inherited_base_sha256:6552cee937979c00eae89960ca07a3f13358525826877809d2c0f1a2903f24b7,LATENT_INDEX_2013_STATE_SD,MODEL_AND_LENGTH_SENSITIVITY_ENVELOPE,-0.38961845377185805
ID,2009,0.2799588264920535,0.3572280907006963,-0.4564063266032178,0.9989525043411902,MODEL_ESTIMATED,0,1,CPS_PARTICIPATION_AND_CEV_MEMBERSHIP_LATENT_MODEL,COMMON_SCALE_CPS_2013_ANCHOR,1,0,1,REGIME_BRIDGE_ASSUMPTION;EARLY_CPS_DESIGN_BREAKS;UNKNOWN_SAMPLING_SE_WAVES,S2_FINAL_20261002T002743Z|M2_L6|inherited_base_sha256:6552cee937979c00eae89960ca07a3f13358525826877809d2c0f1a2903f24b7,LATENT_INDEX_2013_STATE_SD,MODEL_AND_LENGTH_SENSITIVITY_ENVELOPE,-0.40552359705590796
ID,2010,0.21728743250144386,0.326478486567855,-0.43601508202257677,0.894864478608509,MODEL_ESTIMATED,0,1,CPS_PARTICIPATION_AND_CEV_MEMBERSHIP_LATENT_MODEL,COMMON_SCALE_CPS_2013_ANCHOR,1,0,1,REGIME_BRIDGE_ASSUMPTION;EARLY_CPS_DESIGN_BREAKS;UNKNOWN_SAMPLING_SE_WAVES,S2_FINAL_20261002T002743Z|M2_L6|inherited_base_sha256:6552cee937979c00eae89960ca07a3f13358525826877809d2c0f1a2903f24b7,LATENT_INDEX_2013_STATE_SD,MODEL_AND_LENGTH_SENSITIVITY_ENVELOPE,-0.4187956665870909
ID,2011,1.1957384756107419,0.33732178608142294,0.5151885229050909,1.9219713523226518,MODEL_ESTIMATED,0,1,CPS_PARTICIPATION_AND_CEV_MEMBERSHIP_LATENT_MODEL,COMMON_SCALE_CPS_2013_ANCHOR,1,0,1,REGIME_BRIDGE_ASSUMPTION;EARLY_CPS_DESIGN_BREAKS;UNKNOWN_SAMPLING_SE_WAVES,S2_FINAL_20261002T002743Z|M2_L6|inherited_base_sha256:6552cee937979c00eae89960ca07a3f13358525826877809d2c0f1a2903f24b7,LATENT_INDEX_2013_STATE_SD,MODEL_AND_LENGTH_SENSITIVITY_ENVELOPE,-0.2115867719046009
ID,2012,0.9854872606300528,0.5002155585903313,-0.20532899052214731,2.1042405968275353,MODEL_ESTIMATED,0,0,CPS_PARTICIPATION_AND_CEV_MEMBERSHIP_LATENT_MODEL,COMMON_SCALE_CPS_2013_ANCHOR,1,0,1,REGIME_BRIDGE_ASSUMPTION;EARLY_CPS_DESIGN_BREAKS;UNKNOWN_SAMPLING_SE_WAVES,S2_FINAL_20261002T002743Z|M2_L6|inherited_base_sha256:6552cee937979c00eae89960ca07a3f13358525826877809d2c0f1a2903f24b7,LATENT_INDEX_2013_STATE_SD,MODEL_AND_LENGTH_SENSITIVITY_ENVELOPE,-0.2561121696428019
ID,2013,0.792534650171561,0.40123470495195157,-0.0704521416198299,1.6293017032208086,MODEL_ESTIMATED,0,1,CPS_PARTICIPATION_AND_CEV_MEMBERSHIP_LATENT_MODEL,COMMON_SCALE_CPS_2013_ANCHOR,1,0,1,REGIME_BRIDGE_ASSUMPTION;EARLY_CPS_DESIGN_BREAKS;UNKNOWN_SAMPLING_SE_WAVES,S2_FINAL_20261002T002743Z|M2_L6|inherited_base_sha256:6552cee937979c00eae89960ca07a3f13358525826877809d2c0f1a2903f24b7,LATENT_INDEX_2013_STATE_SD,MODEL_AND_LENGTH_SENSITIVITY_ENVELOPE,-0.29697420093274046
ID,2014,0.7481922490095853,0.7166000979851134,-1.0896710516610744,2.1527284410604075,MODEL_ESTIMATED,0,0,CPS_PARTICIPATION_AND_CEV_MEMBERSHIP_LATENT_MODEL,COMMON_SCALE_CPS_2013_ANCHOR,1,0,1,REGIME_BRIDGE_ASSUMPTION;EARLY_CPS_DESIGN_BREAKS;UNKNOWN_SAMPLING_SE_WAVES;CPS_CEV_GAP,S2_FINAL_20261002T002743Z|M2_L6|inherited_base_sha256:6552cee937979c00eae89960ca07a3f13358525826877809d2c0f1a2903f24b7,LATENT_INDEX_2013_STATE_SD,MODEL_AND_LENGTH_SENSITIVITY_ENVELOPE,-0.30636469624371965
ID,2015,0.7169121334226041,1.0247698576667357,-1.6621717469313386,2.725461054449406,MODEL_ESTIMATED,0,0,CPS_PARTICIPATION_AND_CEV_MEMBERSHIP_LATENT_MODEL,COMMON_SCALE_CPS_2013_ANCHOR,1,0,1,REGIME_BRIDGE_ASSUMPTION;EARLY_CPS_DESIGN_BREAKS;UNKNOWN_SAMPLING_SE_WAVES;CPS_CEV_GAP,S2_FINAL_20261002T002743Z|M2_L6|inherited_base_sha256:6552cee937979c00eae89960ca07a3f13358525826877809d2c0f1a2903f24b7,LATENT_INDEX_2013_STATE_SD,MODEL_AND_LENGTH_SENSITIVITY_ENVELOPE,-0.31298896040283597
ID,2016,0.6990086388510077,1.332339587948391,-1.9624291421997442,3.310394231229854,MODEL_ESTIMATED,0,0,CPS_PARTICIPATION_AND_CEV_MEMBERSHIP_LATENT_MODEL,COMMON_SCALE_CPS_2013_ANCHOR,1,0,1,REGIME_BRIDGE_ASSUMPTION;EARLY_CPS_DESIGN_BREAKS;UNKNOWN_SAMPLING_SE_WAVES;CPS_CEV_GAP,S2_FINAL_20261002T002743Z|M2_L6|inherited_base_sha256:6552cee937979c00eae89960ca07a3f13358525826877809d2c0f1a2903f24b7,LATENT_INDEX_2013_STATE_SD,MODEL_AND_LENGTH_SENSITIVITY_ENVELOPE,-0.31678042584943167
ID,2017,0.6951685344602261,1.6473026793474856,-2.533544717060846,3.923881785981298,MODEL_ESTIMATED,0,1,CPS_PARTICIPATION_AND_CEV_MEMBERSHIP_LATENT_MODEL,COMMON_SCALE_CPS_2013_ANCHOR,1,0,1,REGIME_BRIDGE_ASSUMPTION;EARLY_CPS_DESIGN_BREAKS;UNKNOWN_SAMPLING_SE_WAVES,S2_FINAL_20261002T002743Z|M2_L6|inherited_base_sha256:6552cee937979c00eae89960ca07a3f13358525826877809d2c0f1a2903f24b7,LATENT_INDEX_2013_STATE_SD,MODEL_AND_LENGTH_SENSITIVITY_ENVELOPE,-0.3175936538508559
ID,2018,0.6300826905938955,1.677852296716355,-2.65850781097016,3.9186731921579514,MODEL_ESTIMATED,0,0,CPS_PARTICIPATION_AND_CEV_MEMBERSHIP_LATENT_MODEL,COMMON_SCALE_CPS_2013_ANCHOR,1,0,1,REGIME_BRIDGE_ASSUMPTION;EARLY_CPS_DESIGN_BREAKS;UNKNOWN_SAMPLING_SE_WAVES,S2_FINAL_20261002T002743Z|M2_L6|inherited_base_sha256:6552cee937979c00eae89960ca07a3f13358525826877809d2c0f1a2903f24b7,LATENT_INDEX_2013_STATE_SD,MODEL_AND_LENGTH_SENSITIVITY_ENVELOPE,-0.3313770371504054
ID,2019,0.5795116726172236,1.6538462746337592,-2.662027025664944,3.8210503708993917,MODEL_ESTIMATED,0,1,CPS_PARTICIPATION_AND_CEV_MEMBERSHIP_LATENT_MODEL,COMMON_SCALE_CPS_2013_ANCHOR,1,0,1,REGIME_BRIDGE_ASSUMPTION;EARLY_CPS_DESIGN_BREAKS;UNKNOWN_SAMPLING_SE_WAVES,S2_FINAL_20261002T002743Z|M2_L6|inherited_base_sha256:6552cee937979c00eae89960ca07a3f13358525826877809d2c0f1a2903f24b7,LATENT_INDEX_2013_STATE_SD,MODEL_AND_LENGTH_SENSITIVITY_ENVELOPE,-0.34208658139557824
ID,2020,0.13040699421370128,1.6881826261419248,-3.1784309530244714,3.439244941451874,MODEL_ESTIMATED,0,0,CPS_PARTICIPATION_AND_CEV_MEMBERSHIP_LATENT_MODEL,COMMON_SCALE_CPS_2013_ANCHOR,1,0,1,REGIME_BRIDGE_ASSUMPTION;EARLY_CPS_DESIGN_BREAKS;UNKNOWN_SAMPLING_SE_WAVES,S2_FINAL_20261002T002743Z|M2_L6|inherited_base_sha256:6552cee937979c00eae89960ca07a3f13358525826877809d2c0f1a2903f24b7,LATENT_INDEX_2013_STATE_SD,MODEL_AND_LENGTH_SENSITIVITY_ENVELOPE,-0.43719454276379344
ID,2021,-0.31572441641703697,1.6632563852841336,-3.5757069315739383,2.9442580987398648,MODEL_ESTIMATED,0,1,CPS_PARTICIPATION_AND_CEV_MEMBERSHIP_LATENT_MODEL,COMMON_SCALE_CPS_2013_ANCHOR,1,0,1,REGIME_BRIDGE_ASSUMPTION;EARLY_CPS_DESIGN_BREAKS;UNKNOWN_SAMPLING_SE_WAVES,S2_FINAL_20261002T002743Z|M2_L6|inherited_base_sha256:6552cee937979c00eae89960ca07a3f13358525826877809d2c0f1a2903f24b7,LATENT_INDEX_2013_STATE_SD,MODEL_AND_LENGTH_SENSITIVITY_ENVELOPE,-0.5316728481741225
ID,2022,-0.18127356548235846,1.6956420099400398,-3.504731904964836,3.1421847740001194,MODEL_ESTIMATED,0,0,CPS_PARTICIPATION_AND_CEV_MEMBERSHIP_LATENT_MODEL,COMMON_SCALE_CPS_2013_ANCHOR,1,0,1,REGIME_BRIDGE_ASSUMPTION;EARLY_CPS_DESIGN_BREAKS;UNKNOWN_SAMPLING_SE_WAVES,S2_FINAL_20261002T002743Z|M2_L6|inherited_base_sha256:6552cee937979c00eae89960ca07a3f13358525826877809d2c0f1a2903f24b7,LATENT_INDEX_2013_STATE_SD,MODEL_AND_LENGTH_SENSITIVITY_ENVELOPE,-0.503199873049313
ID,2023,-0.05015681839869513,1.6626435173366627,-3.3089381123785544,3.2086244755811637,MODEL_ESTIMATED,0,1,CPS_PARTICIPATION_AND_CEV_MEMBERSHIP_LATENT_MODEL,COMMON_SCALE_CPS_2013_ANCHOR,1,0,1,REGIME_BRIDGE_ASSUMPTION;EARLY_CPS_DESIGN_BREAKS;UNKNOWN_SAMPLING_SE_WAVES,S2_FINAL_20261002T002743Z|M2_L6|inherited_base_sha256:6552cee937979c00eae89960ca07a3f13358525826877809d2c0f1a2903f24b7,LATENT_INDEX_2013_STATE_SD,MODEL_AND_LENGTH_SENSITIVITY_ENVELOPE,-0.4754329689932512
IL,2000,0.2490785786610373,1.8768784292187322,-3.429603142607678,5.123152748839955,MODEL_ESTIMATED,0,0,CPS_PARTICIPATION_AND_CEV_MEMBERSHIP_LATENT_MODEL,COMMON_SCALE_CPS_2013_ANCHOR,1,1,1,REGIME_BRIDGE_ASSUMPTION;EARLY_CPS_DESIGN_BREAKS;UNKNOWN_SAMPLING_SE_WAVES;BACKCAST;BACKCAST_MODEL_SENSITIVITY,S2_FINAL_20261002T002743Z|M2_L6|inherited_base_sha256:6552cee937979c00eae89960ca07a3f13358525826877809d2c0f1a2903f24b7,LATENT_INDEX_2013_STATE_SD,MODEL_AND_LENGTH_SENSITIVITY_ENVELOPE,-0.41206318027332955
IL,2001,0.1960228682497369,1.7430487196256752,-3.220352622216587,4.694538298864738,MODEL_ESTIMATED,0,0,CPS_PARTICIPATION_AND_CEV_MEMBERSHIP_LATENT_MODEL,COMMON_SCALE_CPS_2013_ANCHOR,1,1,1,REGIME_BRIDGE_ASSUMPTION;EARLY_CPS_DESIGN_BREAKS;UNKNOWN_SAMPLING_SE_WAVES;BACKCAST;BACKCAST_MODEL_SENSITIVITY,S2_FINAL_20261002T002743Z|M2_L6|inherited_base_sha256:6552cee937979c00eae89960ca07a3f13358525826877809d2c0f1a2903f24b7,LATENT_INDEX_2013_STATE_SD,MODEL_AND_LENGTH_SENSITIVITY_ENVELOPE,-0.4232989137199255
IL,2002,0.14106547108343248,1.6080197386153332,-3.0205171246810107,4.256182723997198,MODEL_ESTIMATED,0,0,CPS_PARTICIPATION_AND_CEV_MEMBERSHIP_LATENT_MODEL,COMMON_SCALE_CPS_2013_ANCHOR,1,1,1,REGIME_BRIDGE_ASSUMPTION;EARLY_CPS_DESIGN_BREAKS;UNKNOWN_SAMPLING_SE_WAVES;BACKCAST;BACKCAST_MODEL_SENSITIVITY,S2_FINAL_20261002T002743Z|M2_L6|inherited_base_sha256:6552cee937979c00eae89960ca07a3f13358525826877809d2c0f1a2903f24b7,LATENT_INDEX_2013_STATE_SD,MODEL_AND_LENGTH_SENSITIVITY_ENVELOPE,-0.43493737187442766
IL,2003,0.08386149646710252,1.470892290436649,-2.8211071460276314,3.805706311368488,MODEL_ESTIMATED,0,0,CPS_PARTICIPATION_AND_CEV_MEMBERSHIP_LATENT_MODEL,COMMON_SCALE_CPS_2013_ANCHOR,1,1,1,REGIME_BRIDGE_ASSUMPTION;EARLY_CPS_DESIGN_BREAKS;UNKNOWN_SAMPLING_SE_WAVES;BACKCAST;BACKCAST_MODEL_SENSITIVITY,S2_FINAL_20261002T002743Z|M2_L6|inherited_base_sha256:6552cee937979c00eae89960ca07a3f13358525826877809d2c0f1a2903f24b7,LATENT_INDEX_2013_STATE_SD,MODEL_AND_LENGTH_SENSITIVITY_ENVELOPE,-0.44705159305613157
IL,2004,0.02400350418687203,1.330265773229847,-2.612479007074811,3.3418001821109256,MODEL_ESTIMATED,0,0,CPS_PARTICIPATION_AND_CEV_MEMBERSHIP_LATENT_MODEL,COMMON_SCALE_CPS_2013_ANCHOR,1,1,1,REGIME_BRIDGE_ASSUMPTION;EARLY_CPS_DESIGN_BREAKS;UNKNOWN_SAMPLING_SE_WAVES;BACKCAST;BACKCAST_MODEL_SENSITIVITY,S2_FINAL_20261002T002743Z|M2_L6|inherited_base_sha256:6552cee937979c00eae89960ca07a3f13358525826877809d2c0f1a2903f24b7,LATENT_INDEX_2013_STATE_SD,MODEL_AND_LENGTH_SENSITIVITY_ENVELOPE,-0.45972786184407755
IL,2005,-0.03898983949654307,1.183884498758608,-2.3907881299337346,2.920604710922763,MODEL_ESTIMATED,0,0,CPS_PARTICIPATION_AND_CEV_MEMBERSHIP_LATENT_MODEL,COMMON_SCALE_CPS_2013_ANCHOR,1,1,1,REGIME_BRIDGE_ASSUMPTION;EARLY_CPS_DESIGN_BREAKS;UNKNOWN_SAMPLING_SE_WAVES;BACKCAST;BACKCAST_MODEL_SENSITIVITY,S2_FINAL_20261002T002743Z|M2_L6|inherited_base_sha256:6552cee937979c00eae89960ca07a3f13358525826877809d2c0f1a2903f24b7,LATENT_INDEX_2013_STATE_SD,MODEL_AND_LENGTH_SENSITIVITY_ENVELOPE,-0.47306811142418514
IL,2006,-0.10568716320809302,1.0279091544919905,-2.149637325586433,2.5137294730609026,MODEL_ESTIMATED,0,0,CPS_PARTICIPATION_AND_CEV_MEMBERSHIP_LATENT_MODEL,COMMON_SCALE_CPS_2013_ANCHOR,1,1,1,REGIME_BRIDGE_ASSUMPTION;EARLY_CPS_DESIGN_BREAKS;UNKNOWN_SAMPLING_SE_WAVES;BACKCAST;BACKCAST_MODEL_SENSITIVITY,S2_FINAL_20261002T002743Z|M2_L6|inherited_base_sha256:6552cee937979c00eae89960ca07a3f13358525826877809d2c0f1a2903f24b7,LATENT_INDEX_2013_STATE_SD,MODEL_AND_LENGTH_SENSITIVITY_ENVELOPE,-0.4871927616270535
IL,2007,-0.1767602222949383,0.8551501307981579,-1.8770987635896563,2.0383833245026173,MODEL_ESTIMATED,0,0,CPS_PARTICIPATION_AND_CEV_MEMBERSHIP_LATENT_MODEL,COMMON_SCALE_CPS_2013_ANCHOR,1,1,1,REGIME_BRIDGE_ASSUMPTION;EARLY_CPS_DESIGN_BREAKS;UNKNOWN_SAMPLING_SE_WAVES;BACKCAST;BACKCAST_MODEL_SENSITIVITY,S2_FINAL_20261002T002743Z|M2_L6|inherited_base_sha256:6552cee937979c00eae89960ca07a3f13358525826877809d2c0f1a2903f24b7,LATENT_INDEX_2013_STATE_SD,MODEL_AND_LENGTH_SENSITIVITY_ENVELOPE,-0.5022440716734811
IL,2008,-0.2530026019313262,0.6494156568305127,-1.5460162883064497,1.4304616812012305,MODEL_ESTIMATED,0,0,CPS_PARTICIPATION_AND_CEV_MEMBERSHIP_LATENT_MODEL,COMMON_SCALE_CPS_2013_ANCHOR,1,1,1,REGIME_BRIDGE_ASSUMPTION;EARLY_CPS_DESIGN_BREAKS;UNKNOWN_SAMPLING_SE_WAVES;BACKCAST;BACKCAST_MODEL_SENSITIVITY;NO_DIRECT_OBSERVATION_AVAILABLE_IN_CURRENT_EVIDENCE,S2_FINAL_20261002T002743Z|M2_L6|inherited_base_sha256:6552cee937979c00eae89960ca07a3f13358525826877809d2c0f1a2903f24b7,LATENT_INDEX_2013_STATE_SD,MODEL_AND_LENGTH_SENSITIVITY_ENVELOPE,-0.5183901009752803
IL,2009,-0.33535181222634464,0.3516662440381022,-1.0562910681542306,0.43513728471369584,MODEL_ESTIMATED,0,1,CPS_PARTICIPATION_AND_CEV_MEMBERSHIP_LATENT_MODEL,COMMON_SCALE_CPS_2013_ANCHOR,1,0,1,REGIME_BRIDGE_ASSUMPTION;EARLY_CPS_DESIGN_BREAKS;UNKNOWN_SAMPLING_SE_WAVES,S2_FINAL_20261002T002743Z|M2_L6|inherited_base_sha256:6552cee937979c00eae89960ca07a3f13358525826877809d2c0f1a2903f24b7,LATENT_INDEX_2013_STATE_SD,MODEL_AND_LENGTH_SENSITIVITY_ENVELOPE,-0.5358293882685747
IL,2010,-0.7874507115688897,0.2991064278709085,-1.4172665729657015,-0.17820539387279288,MODEL_ESTIMATED,0,1,CPS_PARTICIPATION_AND_CEV_MEMBERSHIP_LATENT_MODEL,COMMON_SCALE_CPS_2013_ANCHOR,1,0,1,REGIME_BRIDGE_ASSUMPTION;EARLY_CPS_DESIGN_BREAKS;UNKNOWN_SAMPLING_SE_WAVES,S2_FINAL_20261002T002743Z|M2_L6|inherited_base_sha256:6552cee937979c00eae89960ca07a3f13358525826877809d2c0f1a2903f24b7,LATENT_INDEX_2013_STATE_SD,MODEL_AND_LENGTH_SENSITIVITY_ENVELOPE,-0.6315714428963142
IL,2011,0.04363287615158555,0.21673120470900145,-0.390551451181445,0.4872463431247984,MODEL_ESTIMATED,0,1,CPS_PARTICIPATION_AND_CEV_MEMBERSHIP_LATENT_MODEL,COMMON_SCALE_CPS_2013_ANCHOR,1,0,1,REGIME_BRIDGE_ASSUMPTION;EARLY_CPS_DESIGN_BREAKS;UNKNOWN_SAMPLING_SE_WAVES,S2_FINAL_20261002T002743Z|M2_L6|inherited_base_sha256:6552cee937979c00eae89960ca07a3f13358525826877809d2c0f1a2903f24b7,LATENT_INDEX_2013_STATE_SD,MODEL_AND_LENGTH_SENSITIVITY_ENVELOPE,-0.4555709032545149
IL,2012,-0.2575831107584554,0.4465553707714655,-1.3520134193949591,0.7777178145010054,MODEL_ESTIMATED,0,0,CPS_PARTICIPATION_AND_CEV_MEMBERSHIP_LATENT_MODEL,COMMON_SCALE_CPS_2013_ANCHOR,1,0,1,REGIME_BRIDGE_ASSUMPTION;EARLY_CPS_DESIGN_BREAKS;UNKNOWN_SAMPLING_SE_WAVES,S2_FINAL_20261002T002743Z|M2_L6|inherited_base_sha256:6552cee937979c00eae89960ca07a3f13358525826877809d2c0f1a2903f24b7,LATENT_INDEX_2013_STATE_SD,MODEL_AND_LENGTH_SENSITIVITY_ENVELOPE,-0.519360126177703
IL,2013,-0.5602924965744848,0.31120396426551133,-1.2338586770584077,0.05714889259641078,MODEL_ESTIMATED,0,1,CPS_PARTICIPATION_AND_CEV_MEMBERSHIP_LATENT_MODEL,COMMON_SCALE_CPS_2013_ANCHOR,1,0,1,REGIME_BRIDGE_ASSUMPTION;EARLY_CPS_DESIGN_BREAKS;UNKNOWN_SAMPLING_SE_WAVES,S2_FINAL_20261002T002743Z|M2_L6|inherited_base_sha256:6552cee937979c00eae89960ca07a3f13358525826877809d2c0f1a2903f24b7,LATENT_INDEX_2013_STATE_SD,MODEL_AND_LENGTH_SENSITIVITY_ENVELOPE,-0.5834656097240558
IL,2014,-0.5108277791352411,0.6813887750642861,-2.2570825299516035,0.8246942199907596,MODEL_ESTIMATED,0,0,CPS_PARTICIPATION_AND_CEV_MEMBERSHIP_LATENT_MODEL,COMMON_SCALE_CPS_2013_ANCHOR,1,0,1,REGIME_BRIDGE_ASSUMPTION;EARLY_CPS_DESIGN_BREAKS;UNKNOWN_SAMPLING_SE_WAVES;CPS_CEV_GAP,S2_FINAL_20261002T002743Z|M2_L6|inherited_base_sha256:6552cee937979c00eae89960ca07a3f13358525826877809d2c0f1a2903f24b7,LATENT_INDEX_2013_STATE_SD,MODEL_AND_LENGTH_SENSITIVITY_ENVELOPE,-0.5729903493637657
IL,2015,-0.4675368520897628,1.0054740969016038,-2.7890757588404687,1.5031923778373808,MODEL_ESTIMATED,0,0,CPS_PARTICIPATION_AND_CEV_MEMBERSHIP_LATENT_MODEL,COMMON_SCALE_CPS_2013_ANCHOR,1,0,1,REGIME_BRIDGE_ASSUMPTION;EARLY_CPS_DESIGN_BREAKS;UNKNOWN_SAMPLING_SE_WAVES;CPS_CEV_GAP,S2_FINAL_20261002T002743Z|M2_L6|inherited_base_sha256:6552cee937979c00eae89960ca07a3f13358525826877809d2c0f1a2903f24b7,LATENT_INDEX_2013_STATE_SD,MODEL_AND_LENGTH_SENSITIVITY_ENVELOPE,-0.5638225272166623
IL,2016,-0.4280291627560736,1.324474266814604,-3.0859527325339666,2.1679404002005502,MODEL_ESTIMATED,0,0,CPS_PARTICIPATION_AND_CEV_MEMBERSHIP_LATENT_MODEL,COMMON_SCALE_CPS_2013_ANCHOR,1,0,1,REGIME_BRIDGE_ASSUMPTION;EARLY_CPS_DESIGN_BREAKS;UNKNOWN_SAMPLING_SE_WAVES;CPS_CEV_GAP,S2_FINAL_20261002T002743Z|M2_L6|inherited_base_sha256:6552cee937979c00eae89960ca07a3f13358525826877809d2c0f1a2903f24b7,LATENT_INDEX_2013_STATE_SD,MODEL_AND_LENGTH_SENSITIVITY_ENVELOPE,-0.5554558902796944
IL,2017,-0.3900194918776968,1.6530143124145122,-3.629927544210141,2.849888560454747,MODEL_ESTIMATED,0,1,CPS_PARTICIPATION_AND_CEV_MEMBERSHIP_LATENT_MODEL,COMMON_SCALE_CPS_2013_ANCHOR,1,0,1,REGIME_BRIDGE_ASSUMPTION;EARLY_CPS_DESIGN_BREAKS;UNKNOWN_SAMPLING_SE_WAVES,S2_FINAL_20261002T002743Z|M2_L6|inherited_base_sha256:6552cee937979c00eae89960ca07a3f13358525826877809d2c0f1a2903f24b7,LATENT_INDEX_2013_STATE_SD,MODEL_AND_LENGTH_SENSITIVITY_ENVELOPE,-0.5474064922587922
IL,2018,-0.13720186173536023,1.6781613500488726,-3.42639810783115,3.15199438436043,MODEL_ESTIMATED,0,0,CPS_PARTICIPATION_AND_CEV_MEMBERSHIP_LATENT_MODEL,COMMON_SCALE_CPS_2013_ANCHOR,1,0,1,REGIME_BRIDGE_ASSUMPTION;EARLY_CPS_DESIGN_BREAKS;UNKNOWN_SAMPLING_SE_WAVES,S2_FINAL_20261002T002743Z|M2_L6|inherited_base_sha256:6552cee937979c00eae89960ca07a3f13358525826877809d2c0f1a2903f24b7,LATENT_INDEX_2013_STATE_SD,MODEL_AND_LENGTH_SENSITIVITY_ENVELOPE,-0.4938667039710012
IL,2019,0.12458548518516621,1.6505831483351772,-3.110557485551781,3.359728455922113,MODEL_ESTIMATED,0,1,CPS_PARTICIPATION_AND_CEV_MEMBERSHIP_LATENT_MODEL,COMMON_SCALE_CPS_2013_ANCHOR,1,0,1,REGIME_BRIDGE_ASSUMPTION;EARLY_CPS_DESIGN_BREAKS;UNKNOWN_SAMPLING_SE_WAVES,S2_FINAL_20261002T002743Z|M2_L6|inherited_base_sha256:6552cee937979c00eae89960ca07a3f13358525826877809d2c0f1a2903f24b7,LATENT_INDEX_2013_STATE_SD,MODEL_AND_LENGTH_SENSITIVITY_ENVELOPE,-0.438427377517951
IL,2020,-0.16620421304583863,1.6864242341152715,-3.471595711911771,3.1391872858200935,MODEL_ESTIMATED,0,0,CPS_PARTICIPATION_AND_CEV_MEMBERSHIP_LATENT_MODEL,COMMON_SCALE_CPS_2013_ANCHOR,1,0,1,REGIME_BRIDGE_ASSUMPTION;EARLY_CPS_DESIGN_BREAKS;UNKNOWN_SAMPLING_SE_WAVES,S2_FINAL_20261002T002743Z|M2_L6|inherited_base_sha256:6552cee937979c00eae89960ca07a3f13358525826877809d2c0f1a2903f24b7,LATENT_INDEX_2013_STATE_SD,MODEL_AND_LENGTH_SENSITIVITY_ENVELOPE,-0.5000086005948123
IL,2021,-0.44646120050390203,1.6568487399647427,-3.6938847308347977,2.8009623298269934,MODEL_ESTIMATED,0,1,CPS_PARTICIPATION_AND_CEV_MEMBERSHIP_LATENT_MODEL,COMMON_SCALE_CPS_2013_ANCHOR,1,0,1,REGIME_BRIDGE_ASSUMPTION;EARLY_CPS_DESIGN_BREAKS;UNKNOWN_SAMPLING_SE_WAVES,S2_FINAL_20261002T002743Z|M2_L6|inherited_base_sha256:6552cee937979c00eae89960ca07a3f13358525826877809d2c0f1a2903f24b7,LATENT_INDEX_2013_STATE_SD,MODEL_AND_LENGTH_SENSITIVITY_ENVELOPE,-0.5593592865664792
IL,2022,-0.4582220878422626,1.6984842667952607,-3.7872512507609732,2.8708070750764483,MODEL_ESTIMATED,0,0,CPS_PARTICIPATION_AND_CEV_MEMBERSHIP_LATENT_MODEL,COMMON_SCALE_CPS_2013_ANCHOR,1,0,1,REGIME_BRIDGE_ASSUMPTION;EARLY_CPS_DESIGN_BREAKS;UNKNOWN_SAMPLING_SE_WAVES,S2_FINAL_20261002T002743Z|M2_L6|inherited_base_sha256:6552cee937979c00eae89960ca07a3f13358525826877809d2c0f1a2903f24b7,LATENT_INDEX_2013_STATE_SD,MODEL_AND_LENGTH_SENSITIVITY_ENVELOPE,-0.5618499175316451
IL,2023,-0.46521018484984467,1.669690686208826,-3.737803929819144,2.8073835601194546,MODEL_ESTIMATED,0,1,CPS_PARTICIPATION_AND_CEV_MEMBERSHIP_LATENT_MODEL,COMMON_SCALE_CPS_2013_ANCHOR,1,0,1,REGIME_BRIDGE_ASSUMPTION;EARLY_CPS_DESIGN_BREAKS;UNKNOWN_SAMPLING_SE_WAVES,S2_FINAL_20261002T002743Z|M2_L6|inherited_base_sha256:6552cee937979c00eae89960ca07a3f13358525826877809d2c0f1a2903f24b7,LATENT_INDEX_2013_STATE_SD,MODEL_AND_LENGTH_SENSITIVITY_ENVELOPE,-0.5633298033849768
IN,2000,0.6298911682867078,1.884635099423161,-3.063993626582688,5.476268096509793,MODEL_ESTIMATED,0,0,CPS_PARTICIPATION_AND_CEV_MEMBERSHIP_LATENT_MODEL,COMMON_SCALE_CPS_2013_ANCHOR,1,1,1,REGIME_BRIDGE_ASSUMPTION;EARLY_CPS_DESIGN_BREAKS;UNKNOWN_SAMPLING_SE_WAVES;BACKCAST;BACKCAST_MODEL_SENSITIVITY,S2_FINAL_20261002T002743Z|M2_L6|inherited_base_sha256:6552cee937979c00eae89960ca07a3f13358525826877809d2c0f1a2903f24b7,LATENT_INDEX_2013_STATE_SD,MODEL_AND_LENGTH_SENSITIVITY_ENVELOPE,-0.3314175962829843
IN,2001,0.5816340413017084,1.7507090866255985,-2.857123560901159,5.057173692455441,MODEL_ESTIMATED,0,0,CPS_PARTICIPATION_AND_CEV_MEMBERSHIP_LATENT_MODEL,COMMON_SCALE_CPS_2013_ANCHOR,1,1,1,REGIME_BRIDGE_ASSUMPTION;EARLY_CPS_DESIGN_BREAKS;UNKNOWN_SAMPLING_SE_WAVES;BACKCAST;BACKCAST_MODEL_SENSITIVITY,S2_FINAL_20261002T002743Z|M2_L6|inherited_base_sha256:6552cee937979c00eae89960ca07a3f13358525826877809d2c0f1a2903f24b7,LATENT_INDEX_2013_STATE_SD,MODEL_AND_LENGTH_SENSITIVITY_ENVELOPE,-0.3416371223528209
IN,2002,0.5323455006330736,1.615514504969719,-2.6549848946821144,4.629217626140764,MODEL_ESTIMATED,0,0,CPS_PARTICIPATION_AND_CEV_MEMBERSHIP_LATENT_MODEL,COMMON_SCALE_CPS_2013_ANCHOR,1,1,1,REGIME_BRIDGE_ASSUMPTION;EARLY_CPS_DESIGN_BREAKS;UNKNOWN_SAMPLING_SE_WAVES;BACKCAST;BACKCAST_MODEL_SENSITIVITY,S2_FINAL_20261002T002743Z|M2_L6|inherited_base_sha256:6552cee937979c00eae89960ca07a3f13358525826877809d2c0f1a2903f24b7,LATENT_INDEX_2013_STATE_SD,MODEL_AND_LENGTH_SENSITIVITY_ENVELOPE,-0.35207507334115656
IN,2003,0.48183848866929674,1.4781615052956063,-2.4453800703173005,4.190119796962194,MODEL_ESTIMATED,0,0,CPS_PARTICIPATION_AND_CEV_MEMBERSHIP_LATENT_MODEL,COMMON_SCALE_CPS_2013_ANCHOR,1,1,1,REGIME_BRIDGE_ASSUMPTION;EARLY_CPS_DESIGN_BREAKS;UNKNOWN_SAMPLING_SE_WAVES;BACKCAST;BACKCAST_MODEL_SENSITIVITY,S2_FINAL_20261002T002743Z|M2_L6|inherited_base_sha256:6552cee937979c00eae89960ca07a3f13358525826877809d2c0f1a2903f24b7,LATENT_INDEX_2013_STATE_SD,MODEL_AND_LENGTH_SENSITIVITY_ENVELOPE,-0.362771062881392
IN,2004,0.4298920229532384,1.3372737714071883,-2.2257997060640777,3.7515287116161673,MODEL_ESTIMATED,0,0,CPS_PARTICIPATION_AND_CEV_MEMBERSHIP_LATENT_MODEL,COMMON_SCALE_CPS_2013_ANCHOR,1,1,1,REGIME_BRIDGE_ASSUMPTION;EARLY_CPS_DESIGN_BREAKS;UNKNOWN_SAMPLING_SE_WAVES;BACKCAST;BACKCAST_MODEL_SENSITIVITY,S2_FINAL_20261002T002743Z|M2_L6|inherited_base_sha256:6552cee937979c00eae89960ca07a3f13358525826877809d2c0f1a2903f24b7,LATENT_INDEX_2013_STATE_SD,MODEL_AND_LENGTH_SENSITIVITY_ENVELOPE,-0.37377188895183233
IN,2005,0.37624504355807104,1.1906456196572806,-1.9924089132709213,3.3768782260201595,MODEL_ESTIMATED,0,0,CPS_PARTICIPATION_AND_CEV_MEMBERSHIP_LATENT_MODEL,COMMON_SCALE_CPS_2013_ANCHOR,1,1,1,REGIME_BRIDGE_ASSUMPTION;EARLY_CPS_DESIGN_BREAKS;UNKNOWN_SAMPLING_SE_WAVES;BACKCAST;BACKCAST_MODEL_SENSITIVITY,S2_FINAL_20261002T002743Z|M2_L6|inherited_base_sha256:6552cee937979c00eae89960ca07a3f13358525826877809d2c0f1a2903f24b7,LATENT_INDEX_2013_STATE_SD,MODEL_AND_LENGTH_SENSITIVITY_ENVELOPE,-0.3851328368314548
IN,2006,0.32058914462087745,1.0345348964637275,-1.7388940560312844,2.97689047339226,MODEL_ESTIMATED,0,0,CPS_PARTICIPATION_AND_CEV_MEMBERSHIP_LATENT_MODEL,COMMON_SCALE_CPS_2013_ANCHOR,1,1,1,REGIME_BRIDGE_ASSUMPTION;EARLY_CPS_DESIGN_BREAKS;UNKNOWN_SAMPLING_SE_WAVES;BACKCAST;BACKCAST_MODEL_SENSITIVITY,S2_FINAL_20261002T002743Z|M2_L6|inherited_base_sha256:6552cee937979c00eae89960ca07a3f13358525826877809d2c0f1a2903f24b7,LATENT_INDEX_2013_STATE_SD,MODEL_AND_LENGTH_SENSITIVITY_ENVELOPE,-0.39691921836025246
IN,2007,0.26255998766409644,0.8619510671132903,-1.4536150108159456,2.511202660507563,MODEL_ESTIMATED,0,0,CPS_PARTICIPATION_AND_CEV_MEMBERSHIP_LATENT_MODEL,COMMON_SCALE_CPS_2013_ANCHOR,1,1,1,REGIME_BRIDGE_ASSUMPTION;EARLY_CPS_DESIGN_BREAKS;UNKNOWN_SAMPLING_SE_WAVES;BACKCAST;BACKCAST_MODEL_SENSITIVITY,S2_FINAL_20261002T002743Z|M2_L6|inherited_base_sha256:6552cee937979c00eae89960ca07a3f13358525826877809d2c0f1a2903f24b7,LATENT_INDEX_2013_STATE_SD,MODEL_AND_LENGTH_SENSITIVITY_ENVELOPE,-0.4092081903604879
IN,2008,0.20172715763345303,0.6572232496814965,-1.110464797546457,1.9170038577594581,MODEL_ESTIMATED,0,0,CPS_PARTICIPATION_AND_CEV_MEMBERSHIP_LATENT_MODEL,COMMON_SCALE_CPS_2013_ANCHOR,1,1,1,REGIME_BRIDGE_ASSUMPTION;EARLY_CPS_DESIGN_BREAKS;UNKNOWN_SAMPLING_SE_WAVES;BACKCAST;BACKCAST_MODEL_SENSITIVITY;NO_DIRECT_OBSERVATION_AVAILABLE_IN_CURRENT_EVIDENCE,S2_FINAL_20261002T002743Z|M2_L6|inherited_base_sha256:6552cee937979c00eae89960ca07a3f13358525826877809d2c0f1a2903f24b7,LATENT_INDEX_2013_STATE_SD,MODEL_AND_LENGTH_SENSITIVITY_ENVELOPE,-0.4220909028475646
IN,2009,0.13758217922274918,0.36450112836535065,-0.6166899341429832,0.9434696233247613,MODEL_ESTIMATED,0,1,CPS_PARTICIPATION_AND_CEV_MEMBERSHIP_LATENT_MODEL,COMMON_SCALE_CPS_2013_ANCHOR,1,0,1,REGIME_BRIDGE_ASSUMPTION;EARLY_CPS_DESIGN_BREAKS;UNKNOWN_SAMPLING_SE_WAVES,S2_FINAL_20261002T002743Z|M2_L6|inherited_base_sha256:6552cee937979c00eae89960ca07a3f13358525826877809d2c0f1a2903f24b7,LATENT_INDEX_2013_STATE_SD,MODEL_AND_LENGTH_SENSITIVITY_ENVELOPE,-0.43567503684130743
IN,2010,-0.3422181162318285,0.3238154070518092,-0.9897773519679887,0.31025131281849355,MODEL_ESTIMATED,0,1,CPS_PARTICIPATION_AND_CEV_MEMBERSHIP_LATENT_MODEL,COMMON_SCALE_CPS_2013_ANCHOR,1,0,1,REGIME_BRIDGE_ASSUMPTION;EARLY_CPS_DESIGN_BREAKS;UNKNOWN_SAMPLING_SE_WAVES,S2_FINAL_20261002T002743Z|M2_L6|inherited_base_sha256:6552cee937979c00eae89960ca07a3f13358525826877809d2c0f1a2903f24b7,LATENT_INDEX_2013_STATE_SD,MODEL_AND_LENGTH_SENSITIVITY_ENVELOPE,-0.5372834817294075
IN,2011,0.36720991371461636,0.3362028842718101,-0.4009078838259024,1.0455001583092716,MODEL_ESTIMATED,0,1,CPS_PARTICIPATION_AND_CEV_MEMBERSHIP_LATENT_MODEL,COMMON_SCALE_CPS_2013_ANCHOR,1,0,1,REGIME_BRIDGE_ASSUMPTION;EARLY_CPS_DESIGN_BREAKS;UNKNOWN_SAMPLING_SE_WAVES,S2_FINAL_20261002T002743Z|M2_L6|inherited_base_sha256:6552cee937979c00eae89960ca07a3f13358525826877809d2c0f1a2903f24b7,LATENT_INDEX_2013_STATE_SD,MODEL_AND_LENGTH_SENSITIVITY_ENVELOPE,-0.38704622767646396
IN,2012,0.31886847635307114,0.4885140368163265,-0.8695144892050001,1.3943951023133887,MODEL_ESTIMATED,0,0,CPS_PARTICIPATION_AND_CEV_MEMBERSHIP_LATENT_MODEL,COMMON_SCALE_CPS_2013_ANCHOR,1,0,1,REGIME_BRIDGE_ASSUMPTION;EARLY_CPS_DESIGN_BREAKS;UNKNOWN_SAMPLING_SE_WAVES,S2_FINAL_20261002T002743Z|M2_L6|inherited_base_sha256:6552cee937979c00eae89960ca07a3f13358525826877809d2c0f1a2903f24b7,LATENT_INDEX_2013_STATE_SD,MODEL_AND_LENGTH_SENSITIVITY_ENVELOPE,-0.39728360835441545
IN,2013,0.27521731825461265,0.365727803178708,-0.4831372259907423,1.0470769120617052,MODEL_ESTIMATED,0,1,CPS_PARTICIPATION_AND_CEV_MEMBERSHIP_LATENT_MODEL,COMMON_SCALE_CPS_2013_ANCHOR,1,0,1,REGIME_BRIDGE_ASSUMPTION;EARLY_CPS_DESIGN_BREAKS;UNKNOWN_SAMPLING_SE_WAVES,S2_FINAL_20261002T002743Z|M2_L6|inherited_base_sha256:6552cee937979c00eae89960ca07a3f13358525826877809d2c0f1a2903f24b7,LATENT_INDEX_2013_STATE_SD,MODEL_AND_LENGTH_SENSITIVITY_ENVELOPE,-0.4065277174847502
IN,2014,0.343089024246985,0.7011508736177358,-1.4362531135137544,1.7173447365377472,MODEL_ESTIMATED,0,0,CPS_PARTICIPATION_AND_CEV_MEMBERSHIP_LATENT_MODEL,COMMON_SCALE_CPS_2013_ANCHOR,1,0,1,REGIME_BRIDGE_ASSUMPTION;EARLY_CPS_DESIGN_BREAKS;UNKNOWN_SAMPLING_SE_WAVES;CPS_CEV_GAP,S2_FINAL_20261002T002743Z|M2_L6|inherited_base_sha256:6552cee937979c00eae89960ca07a3f13358525826877809d2c0f1a2903f24b7,LATENT_INDEX_2013_STATE_SD,MODEL_AND_LENGTH_SENSITIVITY_ENVELOPE,-0.39215436556496136
IN,2015,0.41869584278863825,1.0169461933064488,-1.9168910255722102,2.4119103816692777,MODEL_ESTIMATED,0,0,CPS_PARTICIPATION_AND_CEV_MEMBERSHIP_LATENT_MODEL,COMMON_SCALE_CPS_2013_ANCHOR,1,0,1,REGIME_BRIDGE_ASSUMPTION;EARLY_CPS_DESIGN_BREAKS;UNKNOWN_SAMPLING_SE_WAVES;CPS_CEV_GAP,S2_FINAL_20261002T002743Z|M2_L6|inherited_base_sha256:6552cee937979c00eae89960ca07a3f13358525826877809d2c0f1a2903f24b7,LATENT_INDEX_2013_STATE_SD,MODEL_AND_LENGTH_SENSITIVITY_ENVELOPE,-0.3761429305414049
IN,2016,0.5053280700643096,1.3291776929454338,-2.1221095207337815,3.1105163482373595,MODEL_ESTIMATED,0,0,CPS_PARTICIPATION_AND_CEV_MEMBERSHIP_LATENT_MODEL,COMMON_SCALE_CPS_2013_ANCHOR,1,0,1,REGIME_BRIDGE_ASSUMPTION;EARLY_CPS_DESIGN_BREAKS;UNKNOWN_SAMPLING_SE_WAVES;CPS_CEV_GAP,S2_FINAL_20261002T002743Z|M2_L6|inherited_base_sha256:6552cee937979c00eae89960ca07a3f13358525826877809d2c0f1a2903f24b7,LATENT_INDEX_2013_STATE_SD,MODEL_AND_LENGTH_SENSITIVITY_ENVELOPE,-0.3577966185985713
IN,2017,0.606582973207551,1.6466763133197428,-2.620902600899145,3.834068547314247,MODEL_ESTIMATED,0,1,CPS_PARTICIPATION_AND_CEV_MEMBERSHIP_LATENT_MODEL,COMMON_SCALE_CPS_2013_ANCHOR,1,0,1,REGIME_BRIDGE_ASSUMPTION;EARLY_CPS_DESIGN_BREAKS;UNKNOWN_SAMPLING_SE_WAVES,S2_FINAL_20261002T002743Z|M2_L6|inherited_base_sha256:6552cee937979c00eae89960ca07a3f13358525826877809d2c0f1a2903f24b7,LATENT_INDEX_2013_STATE_SD,MODEL_AND_LENGTH_SENSITIVITY_ENVELOPE,-0.3363536279561157
IN,2018,0.5829865396616286,1.6791177796980203,-2.708084308546491,3.8740573878697484,MODEL_ESTIMATED,0,0,CPS_PARTICIPATION_AND_CEV_MEMBERSHIP_LATENT_MODEL,COMMON_SCALE_CPS_2013_ANCHOR,1,0,1,REGIME_BRIDGE_ASSUMPTION;EARLY_CPS_DESIGN_BREAKS;UNKNOWN_SAMPLING_SE_WAVES,S2_FINAL_20261002T002743Z|M2_L6|inherited_base_sha256:6552cee937979c00eae89960ca07a3f13358525826877809d2c0f1a2903f24b7,LATENT_INDEX_2013_STATE_SD,MODEL_AND_LENGTH_SENSITIVITY_ENVELOPE,-0.34135070057199435
IN,2019,0.5785454412469491,1.6547676171890007,-2.664799088443492,3.8218899709373906,MODEL_ESTIMATED,0,1,CPS_PARTICIPATION_AND_CEV_MEMBERSHIP_LATENT_MODEL,COMMON_SCALE_CPS_2013_ANCHOR,1,0,1,REGIME_BRIDGE_ASSUMPTION;EARLY_CPS_DESIGN_BREAKS;UNKNOWN_SAMPLING_SE_WAVES,S2_FINAL_20261002T002743Z|M2_L6|inherited_base_sha256:6552cee937979c00eae89960ca07a3f13358525826877809d2c0f1a2903f24b7,LATENT_INDEX_2013_STATE_SD,MODEL_AND_LENGTH_SENSITIVITY_ENVELOPE,-0.34229120250120443
IN,2020,0.14623152075879087,1.6875450583480744,-3.161356793603435,3.453819835121017,MODEL_ESTIMATED,0,0,CPS_PARTICIPATION_AND_CEV_MEMBERSHIP_LATENT_MODEL,COMMON_SCALE_CPS_2013_ANCHOR,1,0,1,REGIME_BRIDGE_ASSUMPTION;EARLY_CPS_DESIGN_BREAKS;UNKNOWN_SAMPLING_SE_WAVES,S2_FINAL_20261002T002743Z|M2_L6|inherited_base_sha256:6552cee937979c00eae89960ca07a3f13358525826877809d2c0f1a2903f24b7,LATENT_INDEX_2013_STATE_SD,MODEL_AND_LENGTH_SENSITIVITY_ENVELOPE,-0.4338433452998285
IN,2021,-0.27671677654495597,1.6573285228318577,-3.525080681295397,2.9716471282054853,MODEL_ESTIMATED,0,1,CPS_PARTICIPATION_AND_CEV_MEMBERSHIP_LATENT_MODEL,COMMON_SCALE_CPS_2013_ANCHOR,1,0,1,REGIME_BRIDGE_ASSUMPTION;EARLY_CPS_DESIGN_BREAKS;UNKNOWN_SAMPLING_SE_WAVES,S2_FINAL_20261002T002743Z|M2_L6|inherited_base_sha256:6552cee937979c00eae89960ca07a3f13358525826877809d2c0f1a2903f24b7,LATENT_INDEX_2013_STATE_SD,MODEL_AND_LENGTH_SENSITIVITY_ENVELOPE,-0.5234121078959156
IN,2022,-0.3288476480390201,1.6962974329946388,-3.653590616708512,2.9958953206304715,MODEL_ESTIMATED,0,0,CPS_PARTICIPATION_AND_CEV_MEMBERSHIP_LATENT_MODEL,COMMON_SCALE_CPS_2013_ANCHOR,1,0,1,REGIME_BRIDGE_ASSUMPTION;EARLY_CPS_DESIGN_BREAKS;UNKNOWN_SAMPLING_SE_WAVES,S2_FINAL_20261002T002743Z|M2_L6|inherited_base_sha256:6552cee937979c00eae89960ca07a3f13358525826877809d2c0f1a2903f24b7,LATENT_INDEX_2013_STATE_SD,MODEL_AND_LENGTH_SENSITIVITY_ENVELOPE,-0.5344519860146958
IN,2023,-0.3824696345562657,1.6687628136660666,-3.653244749341756,2.8883054802292247,MODEL_ESTIMATED,0,1,CPS_PARTICIPATION_AND_CEV_MEMBERSHIP_LATENT_MODEL,COMMON_SCALE_CPS_2013_ANCHOR,1,0,1,REGIME_BRIDGE_ASSUMPTION;EARLY_CPS_DESIGN_BREAKS;UNKNOWN_SAMPLING_SE_WAVES,S2_FINAL_20261002T002743Z|M2_L6|inherited_base_sha256:6552cee937979c00eae89960ca07a3f13358525826877809d2c0f1a2903f24b7,LATENT_INDEX_2013_STATE_SD,MODEL_AND_LENGTH_SENSITIVITY_ENVELOPE,-0.5458076410933697
KS,2000,1.1464412667838015,1.8912214932051692,-2.61281314172771,5.915035876550786,MODEL_ESTIMATED,0,0,CPS_PARTICIPATION_AND_CEV_MEMBERSHIP_LATENT_MODEL,COMMON_SCALE_CPS_2013_ANCHOR,1,1,1,REGIME_BRIDGE_ASSUMPTION;EARLY_CPS_DESIGN_BREAKS;UNKNOWN_SAMPLING_SE_WAVES;BACKCAST;BACKCAST_MODEL_SENSITIVITY,S2_FINAL_20261002T002743Z|M2_L6|inherited_base_sha256:6552cee937979c00eae89960ca07a3f13358525826877809d2c0f1a2903f24b7,LATENT_INDEX_2013_STATE_SD,MODEL_AND_LENGTH_SENSITIVITY_ENVELOPE,-0.2220265585693499
KS,2001,1.0868827849449068,1.7583010104920984,-2.4187196816073273,5.4933474196840075,MODEL_ESTIMATED,0,0,CPS_PARTICIPATION_AND_CEV_MEMBERSHIP_LATENT_MODEL,COMMON_SCALE_CPS_2013_ANCHOR,1,1,1,REGIME_BRIDGE_ASSUMPTION;EARLY_CPS_DESIGN_BREAKS;UNKNOWN_SAMPLING_SE_WAVES;BACKCAST;BACKCAST_MODEL_SENSITIVITY,S2_FINAL_20261002T002743Z|M2_L6|inherited_base_sha256:6552cee937979c00eae89960ca07a3f13358525826877809d2c0f1a2903f24b7,LATENT_INDEX_2013_STATE_SD,MODEL_AND_LENGTH_SENSITIVITY_ENVELOPE,-0.23463939932179823
KS,2002,1.0242432710401277,1.6237848825241143,-2.2190709196938134,5.062553442677291,MODEL_ESTIMATED,0,0,CPS_PARTICIPATION_AND_CEV_MEMBERSHIP_LATENT_MODEL,COMMON_SCALE_CPS_2013_ANCHOR,1,1,1,REGIME_BRIDGE_ASSUMPTION;EARLY_CPS_DESIGN_BREAKS;UNKNOWN_SAMPLING_SE_WAVES;BACKCAST;BACKCAST_MODEL_SENSITIVITY,S2_FINAL_20261002T002743Z|M2_L6|inherited_base_sha256:6552cee937979c00eae89960ca07a3f13358525826877809d2c0f1a2903f24b7,LATENT_INDEX_2013_STATE_SD,MODEL_AND_LENGTH_SENSITIVITY_ENVELOPE,-0.24790471753170262
KS,2003,0.9579639478219478,1.4865632881837267,-2.012141775211267,4.635924213599105,MODEL_ESTIMATED,0,0,CPS_PARTICIPATION_AND_CEV_MEMBERSHIP_LATENT_MODEL,COMMON_SCALE_CPS_2013_ANCHOR,1,1,1,REGIME_BRIDGE_ASSUMPTION;EARLY_CPS_DESIGN_BREAKS;UNKNOWN_SAMPLING_SE_WAVES;BACKCAST;BACKCAST_MODEL_SENSITIVITY,S2_FINAL_20261002T002743Z|M2_L6|inherited_base_sha256:6552cee937979c00eae89960ca07a3f13358525826877809d2c0f1a2903f24b7,LATENT_INDEX_2013_STATE_SD,MODEL_AND_LENGTH_SENSITIVITY_ENVELOPE,-0.2619408467801319
KS,2004,0.8873846979705328,1.3449648716869513,-1.7954237472994348,4.247638739259944,MODEL_ESTIMATED,0,0,CPS_PARTICIPATION_AND_CEV_MEMBERSHIP_LATENT_MODEL,COMMON_SCALE_CPS_2013_ANCHOR,1,1,1,REGIME_BRIDGE_ASSUMPTION;EARLY_CPS_DESIGN_BREAKS;UNKNOWN_SAMPLING_SE_WAVES;BACKCAST;BACKCAST_MODEL_SENSITIVITY,S2_FINAL_20261002T002743Z|M2_L6|inherited_base_sha256:6552cee937979c00eae89960ca07a3f13358525826877809d2c0f1a2903f24b7,LATENT_INDEX_2013_STATE_SD,MODEL_AND_LENGTH_SENSITIVITY_ENVELOPE,-0.2768875816752751
KS,2005,0.8117256850163966,1.1964230460982848,-1.56507124503038,3.8468450231629334,MODEL_ESTIMATED,0,0,CPS_PARTICIPATION_AND_CEV_MEMBERSHIP_LATENT_MODEL,COMMON_SCALE_CPS_2013_ANCHOR,1,1,1,REGIME_BRIDGE_ASSUMPTION;EARLY_CPS_DESIGN_BREAKS;UNKNOWN_SAMPLING_SE_WAVES;BACKCAST;BACKCAST_MODEL_SENSITIVITY,S2_FINAL_20261002T002743Z|M2_L6|inherited_base_sha256:6552cee937979c00eae89960ca07a3f13358525826877809d2c0f1a2903f24b7,LATENT_INDEX_2013_STATE_SD,MODEL_AND_LENGTH_SENSITIVITY_ENVELOPE,-0.29291007003317604
KS,2006,0.7300656410259573,1.036849788344844,-1.3147330270672948,3.3925242458497156,MODEL_ESTIMATED,0,0,CPS_PARTICIPATION_AND_CEV_MEMBERSHIP_LATENT_MODEL,COMMON_SCALE_CPS_2013_ANCHOR,1,1,1,REGIME_BRIDGE_ASSUMPTION;EARLY_CPS_DESIGN_BREAKS;UNKNOWN_SAMPLING_SE_WAVES;BACKCAST;BACKCAST_MODEL_SENSITIVITY,S2_FINAL_20261002T002743Z|M2_L6|inherited_base_sha256:6552cee937979c00eae89960ca07a3f13358525826877809d2c0f1a2903f24b7,LATENT_INDEX_2013_STATE_SD,MODEL_AND_LENGTH_SENSITIVITY_ENVELOPE,-0.3102034109459848
KS,2007,0.6413162165328535,0.8592481882332712,-1.0428102324043582,2.8509938448342544,MODEL_ESTIMATED,0,0,CPS_PARTICIPATION_AND_CEV_MEMBERSHIP_LATENT_MODEL,COMMON_SCALE_CPS_2013_ANCHOR,1,1,1,REGIME_BRIDGE_ASSUMPTION;EARLY_CPS_DESIGN_BREAKS;UNKNOWN_SAMPLING_SE_WAVES;BACKCAST;BACKCAST_MODEL_SENSITIVITY,S2_FINAL_20261002T002743Z|M2_L6|inherited_base_sha256:6552cee937979c00eae89960ca07a3f13358525826877809d2c0f1a2903f24b7,LATENT_INDEX_2013_STATE_SD,MODEL_AND_LENGTH_SENSITIVITY_ENVELOPE,-0.3289980867577504
KS,2008,0.5441916785621626,0.6495695906762199,-0.7289647191632285,2.1508580422331702,MODEL_ESTIMATED,0,0,CPS_PARTICIPATION_AND_CEV_MEMBERSHIP_LATENT_MODEL,COMMON_SCALE_CPS_2013_ANCHOR,1,1,1,REGIME_BRIDGE_ASSUMPTION;EARLY_CPS_DESIGN_BREAKS;UNKNOWN_SAMPLING_SE_WAVES;BACKCAST;BACKCAST_MODEL_SENSITIVITY;NO_DIRECT_OBSERVATION_AVAILABLE_IN_CURRENT_EVIDENCE,S2_FINAL_20261002T002743Z|M2_L6|inherited_base_sha256:6552cee937979c00eae89960ca07a3f13358525826877809d2c0f1a2903f24b7,LATENT_INDEX_2013_STATE_SD,MODEL_AND_LENGTH_SENSITIVITY_ENVELOPE,-0.34956638018559677
KS,2009,0.43717311307581164,0.363498889295254,-0.35143543877978783,1.1672868727815582,MODEL_ESTIMATED,0,1,CPS_PARTICIPATION_AND_CEV_MEMBERSHIP_LATENT_MODEL,COMMON_SCALE_CPS_2013_ANCHOR,1,0,1,REGIME_BRIDGE_ASSUMPTION;EARLY_CPS_DESIGN_BREAKS;UNKNOWN_SAMPLING_SE_WAVES,S2_FINAL_20261002T002743Z|M2_L6|inherited_base_sha256:6552cee937979c00eae89960ca07a3f13358525826877809d2c0f1a2903f24b7,LATENT_INDEX_2013_STATE_SD,MODEL_AND_LENGTH_SENSITIVITY_ENVELOPE,-0.3722299552526381
KS,2010,0.5474314410664798,0.31628723995638985,-0.08854854721772824,1.2281456058673514,MODEL_ESTIMATED,0,1,CPS_PARTICIPATION_AND_CEV_MEMBERSHIP_LATENT_MODEL,COMMON_SCALE_CPS_2013_ANCHOR,1,0,1,REGIME_BRIDGE_ASSUMPTION;EARLY_CPS_DESIGN_BREAKS;UNKNOWN_SAMPLING_SE_WAVES,S2_FINAL_20261002T002743Z|M2_L6|inherited_base_sha256:6552cee937979c00eae89960ca07a3f13358525826877809d2c0f1a2903f24b7,LATENT_INDEX_2013_STATE_SD,MODEL_AND_LENGTH_SENSITIVITY_ENVELOPE,-0.3488802880072696
KS,2011,1.6296940641381112,0.29668377395278184,1.0394752188054057,2.2997263750731536,MODEL_ESTIMATED,0,1,CPS_PARTICIPATION_AND_CEV_MEMBERSHIP_LATENT_MODEL,COMMON_SCALE_CPS_2013_ANCHOR,1,0,1,REGIME_BRIDGE_ASSUMPTION;EARLY_CPS_DESIGN_BREAKS;UNKNOWN_SAMPLING_SE_WAVES,S2_FINAL_20261002T002743Z|M2_L6|inherited_base_sha256:6552cee937979c00eae89960ca07a3f13358525826877809d2c0f1a2903f24b7,LATENT_INDEX_2013_STATE_SD,MODEL_AND_LENGTH_SENSITIVITY_ENVELOPE,-0.11968696917732108
KS,2012,1.3672904238348014,0.4689482025545655,0.25323151153208673,2.455262255782658,MODEL_ESTIMATED,0,0,CPS_PARTICIPATION_AND_CEV_MEMBERSHIP_LATENT_MODEL,COMMON_SCALE_CPS_2013_ANCHOR,1,0,1,REGIME_BRIDGE_ASSUMPTION;EARLY_CPS_DESIGN_BREAKS;UNKNOWN_SAMPLING_SE_WAVES,S2_FINAL_20261002T002743Z|M2_L6|inherited_base_sha256:6552cee937979c00eae89960ca07a3f13358525826877809d2c0f1a2903f24b7,LATENT_INDEX_2013_STATE_SD,MODEL_AND_LENGTH_SENSITIVITY_ENVELOPE,-0.17525680953962203
KS,2013,1.1226505475791178,0.33347924544405283,0.42422734931594475,1.8123402665013149,MODEL_ESTIMATED,0,1,CPS_PARTICIPATION_AND_CEV_MEMBERSHIP_LATENT_MODEL,COMMON_SCALE_CPS_2013_ANCHOR,1,0,1,REGIME_BRIDGE_ASSUMPTION;EARLY_CPS_DESIGN_BREAKS;UNKNOWN_SAMPLING_SE_WAVES,S2_FINAL_20261002T002743Z|M2_L6|inherited_base_sha256:6552cee937979c00eae89960ca07a3f13358525826877809d2c0f1a2903f24b7,LATENT_INDEX_2013_STATE_SD,MODEL_AND_LENGTH_SENSITIVITY_ENVELOPE,-0.2270647755193147
KS,2014,1.0360171341502904,0.6919987376114553,-0.7533514774768371,2.3923346598687427,MODEL_ESTIMATED,0,0,CPS_PARTICIPATION_AND_CEV_MEMBERSHIP_LATENT_MODEL,COMMON_SCALE_CPS_2013_ANCHOR,1,0,1,REGIME_BRIDGE_ASSUMPTION;EARLY_CPS_DESIGN_BREAKS;UNKNOWN_SAMPLING_SE_WAVES;CPS_CEV_GAP,S2_FINAL_20261002T002743Z|M2_L6|inherited_base_sha256:6552cee937979c00eae89960ca07a3f13358525826877809d2c0f1a2903f24b7,LATENT_INDEX_2013_STATE_SD,MODEL_AND_LENGTH_SENSITIVITY_ENVELOPE,-0.24541133865661136
KS,2015,0.9602946096579235,1.0137943354373544,-1.4142197849037668,2.947331507115138,MODEL_ESTIMATED,0,0,CPS_PARTICIPATION_AND_CEV_MEMBERSHIP_LATENT_MODEL,COMMON_SCALE_CPS_2013_ANCHOR,1,0,1,REGIME_BRIDGE_ASSUMPTION;EARLY_CPS_DESIGN_BREAKS;UNKNOWN_SAMPLING_SE_WAVES;CPS_CEV_GAP,S2_FINAL_20261002T002743Z|M2_L6|inherited_base_sha256:6552cee937979c00eae89960ca07a3f13358525826877809d2c0f1a2903f24b7,LATENT_INDEX_2013_STATE_SD,MODEL_AND_LENGTH_SENSITIVITY_ENVELOPE,-0.26144727700337894
KS,2016,0.8945599378714386,1.3295890063661504,-1.80629421711988,3.5005543903490937,MODEL_ESTIMATED,0,0,CPS_PARTICIPATION_AND_CEV_MEMBERSHIP_LATENT_MODEL,COMMON_SCALE_CPS_2013_ANCHOR,1,0,1,REGIME_BRIDGE_ASSUMPTION;EARLY_CPS_DESIGN_BREAKS;UNKNOWN_SAMPLING_SE_WAVES;CPS_CEV_GAP,S2_FINAL_20261002T002743Z|M2_L6|inherited_base_sha256:6552cee937979c00eae89960ca07a3f13358525826877809d2c0f1a2903f24b7,LATENT_INDEX_2013_STATE_SD,MODEL_AND_LENGTH_SENSITIVITY_ENVELOPE,-0.27536806412821035
KS,2017,0.8381681657311967,1.653353684270876,-2.4024050554397203,4.078741386902114,MODEL_ESTIMATED,0,1,CPS_PARTICIPATION_AND_CEV_MEMBERSHIP_LATENT_MODEL,COMMON_SCALE_CPS_2013_ANCHOR,1,0,1,REGIME_BRIDGE_ASSUMPTION;EARLY_CPS_DESIGN_BREAKS;UNKNOWN_SAMPLING_SE_WAVES,S2_FINAL_20261002T002743Z|M2_L6|inherited_base_sha256:6552cee937979c00eae89960ca07a3f13358525826877809d2c0f1a2903f24b7,LATENT_INDEX_2013_STATE_SD,MODEL_AND_LENGTH_SENSITIVITY_ENVELOPE,-0.28731028326799934
KS,2018,0.9693552759511627,1.6793614032795203,-2.322193074476697,4.260903626379022,MODEL_ESTIMATED,0,0,CPS_PARTICIPATION_AND_CEV_MEMBERSHIP_LATENT_MODEL,COMMON_SCALE_CPS_2013_ANCHOR,1,0,1,REGIME_BRIDGE_ASSUMPTION;EARLY_CPS_DESIGN_BREAKS;UNKNOWN_SAMPLING_SE_WAVES,S2_FINAL_20261002T002743Z|M2_L6|inherited_base_sha256:6552cee937979c00eae89960ca07a3f13358525826877809d2c0f1a2903f24b7,LATENT_INDEX_2013_STATE_SD,MODEL_AND_LENGTH_SENSITIVITY_ENVELOPE,-0.25952847824392045
KS,2019,1.114338229378919,1.6524876824309866,-2.1245376281858146,4.353214086943653,MODEL_ESTIMATED,0,1,CPS_PARTICIPATION_AND_CEV_MEMBERSHIP_LATENT_MODEL,COMMON_SCALE_CPS_2013_ANCHOR,1,0,1,REGIME_BRIDGE_ASSUMPTION;EARLY_CPS_DESIGN_BREAKS;UNKNOWN_SAMPLING_SE_WAVES,S2_FINAL_20261002T002743Z|M2_L6|inherited_base_sha256:6552cee937979c00eae89960ca07a3f13358525826877809d2c0f1a2903f24b7,LATENT_INDEX_2013_STATE_SD,MODEL_AND_LENGTH_SENSITIVITY_ENVELOPE,-0.22882509483078373
KS,2020,0.8266764251099136,1.6864688573486077,-2.4788025352933576,4.132155385513185,MODEL_ESTIMATED,0,0,CPS_PARTICIPATION_AND_CEV_MEMBERSHIP_LATENT_MODEL,COMMON_SCALE_CPS_2013_ANCHOR,1,0,1,REGIME_BRIDGE_ASSUMPTION;EARLY_CPS_DESIGN_BREAKS;UNKNOWN_SAMPLING_SE_WAVES,S2_FINAL_20261002T002743Z|M2_L6|inherited_base_sha256:6552cee937979c00eae89960ca07a3f13358525826877809d2c0f1a2903f24b7,LATENT_INDEX_2013_STATE_SD,MODEL_AND_LENGTH_SENSITIVITY_ENVELOPE,-0.2897439163954648
KS,2021,0.5512084612838669,1.6570418585303364,-2.696593581435592,3.799010504003326,MODEL_ESTIMATED,0,1,CPS_PARTICIPATION_AND_CEV_MEMBERSHIP_LATENT_MODEL,COMMON_SCALE_CPS_2013_ANCHOR,1,0,1,REGIME_BRIDGE_ASSUMPTION;EARLY_CPS_DESIGN_BREAKS;UNKNOWN_SAMPLING_SE_WAVES,S2_FINAL_20261002T002743Z|M2_L6|inherited_base_sha256:6552cee937979c00eae89960ca07a3f13358525826877809d2c0f1a2903f24b7,LATENT_INDEX_2013_STATE_SD,MODEL_AND_LENGTH_SENSITIVITY_ENVELOPE,-0.3480804194906485
KS,2022,0.6283171687047344,1.6964498342062204,-2.696724506339457,3.9533588437489264,MODEL_ESTIMATED,0,0,CPS_PARTICIPATION_AND_CEV_MEMBERSHIP_LATENT_MODEL,COMMON_SCALE_CPS_2013_ANCHOR,1,0,1,REGIME_BRIDGE_ASSUMPTION;EARLY_CPS_DESIGN_BREAKS;UNKNOWN_SAMPLING_SE_WAVES,S2_FINAL_20261002T002743Z|M2_L6|inherited_base_sha256:6552cee937979c00eae89960ca07a3f13358525826877809d2c0f1a2903f24b7,LATENT_INDEX_2013_STATE_SD,MODEL_AND_LENGTH_SENSITIVITY_ENVELOPE,-0.33175092590219035
KS,2023,0.7144674522817035,1.6647576456468225,-2.5484575331860686,3.977392437749476,MODEL_ESTIMATED,0,1,CPS_PARTICIPATION_AND_CEV_MEMBERSHIP_LATENT_MODEL,COMMON_SCALE_CPS_2013_ANCHOR,1,0,1,REGIME_BRIDGE_ASSUMPTION;EARLY_CPS_DESIGN_BREAKS;UNKNOWN_SAMPLING_SE_WAVES,S2_FINAL_20261002T002743Z|M2_L6|inherited_base_sha256:6552cee937979c00eae89960ca07a3f13358525826877809d2c0f1a2903f24b7,LATENT_INDEX_2013_STATE_SD,MODEL_AND_LENGTH_SENSITIVITY_ENVELOPE,-0.31350667631782686
KY,2000,-0.9970553788805113,1.8834838476234994,-4.68868372022257,3.903304928225818,MODEL_ESTIMATED,0,0,CPS_PARTICIPATION_AND_CEV_MEMBERSHIP_LATENT_MODEL,COMMON_SCALE_CPS_2013_ANCHOR,1,1,1,REGIME_BRIDGE_ASSUMPTION;EARLY_CPS_DESIGN_BREAKS;UNKNOWN_SAMPLING_SE_WAVES;BACKCAST;BACKCAST_MODEL_SENSITIVITY,S2_FINAL_20261002T002743Z|M2_L6|inherited_base_sha256:6552cee937979c00eae89960ca07a3f13358525826877809d2c0f1a2903f24b7,LATENT_INDEX_2013_STATE_SD,MODEL_AND_LENGTH_SENSITIVITY_ENVELOPE,-0.6759599197034063
KY,2001,-1.0714815635991122,1.7506398347498524,-4.502735639708822,3.447632241987222,MODEL_ESTIMATED,0,0,CPS_PARTICIPATION_AND_CEV_MEMBERSHIP_LATENT_MODEL,COMMON_SCALE_CPS_2013_ANCHOR,1,1,1,REGIME_BRIDGE_ASSUMPTION;EARLY_CPS_DESIGN_BREAKS;UNKNOWN_SAMPLING_SE_WAVES;BACKCAST;BACKCAST_MODEL_SENSITIVITY,S2_FINAL_20261002T002743Z|M2_L6|inherited_base_sha256:6552cee937979c00eae89960ca07a3f13358525826877809d2c0f1a2903f24b7,LATENT_INDEX_2013_STATE_SD,MODEL_AND_LENGTH_SENSITIVITY_ENVELOPE,-0.6917213291061386
KY,2002,-1.1516851931162158,1.6166623308492871,-4.320343361580819,2.9799333047921395,MODEL_ESTIMATED,0,0,CPS_PARTICIPATION_AND_CEV_MEMBERSHIP_LATENT_MODEL,COMMON_SCALE_CPS_2013_ANCHOR,1,1,1,REGIME_BRIDGE_ASSUMPTION;EARLY_CPS_DESIGN_BREAKS;UNKNOWN_SAMPLING_SE_WAVES;BACKCAST;BACKCAST_MODEL_SENSITIVITY,S2_FINAL_20261002T002743Z|M2_L6|inherited_base_sha256:6552cee937979c00eae89960ca07a3f13358525826877809d2c0f1a2903f24b7,LATENT_INDEX_2013_STATE_SD,MODEL_AND_LENGTH_SENSITIVITY_ENVELOPE,-0.7087062416766764
KY,2003,-1.2387140672057992,1.4805072325821187,-4.140508243066752,2.497659388557539,MODEL_ESTIMATED,0,0,CPS_PARTICIPATION_AND_CEV_MEMBERSHIP_LATENT_MODEL,COMMON_SCALE_CPS_2013_ANCHOR,1,1,1,REGIME_BRIDGE_ASSUMPTION;EARLY_CPS_DESIGN_BREAKS;UNKNOWN_SAMPLING_SE_WAVES;BACKCAST;BACKCAST_MODEL_SENSITIVITY,S2_FINAL_20261002T002743Z|M2_L6|inherited_base_sha256:6552cee937979c00eae89960ca07a3f13358525826877809d2c0f1a2903f24b7,LATENT_INDEX_2013_STATE_SD,MODEL_AND_LENGTH_SENSITIVITY_ENVELOPE,-0.727136552454678
KY,2004,-1.3338060150414235,1.340541265042133,-3.9675206951754136,1.9972622187960178,MODEL_ESTIMATED,0,0,CPS_PARTICIPATION_AND_CEV_MEMBERSHIP_LATENT_MODEL,COMMON_SCALE_CPS_2013_ANCHOR,1,1,1,REGIME_BRIDGE_ASSUMPTION;EARLY_CPS_DESIGN_BREAKS;UNKNOWN_SAMPLING_SE_WAVES;BACKCAST;BACKCAST_MODEL_SENSITIVITY,S2_FINAL_20261002T002743Z|M2_L6|inherited_base_sha256:6552cee937979c00eae89960ca07a3f13358525826877809d2c0f1a2903f24b7,LATENT_INDEX_2013_STATE_SD,MODEL_AND_LENGTH_SENSITIVITY_ENVELOPE,-0.7472743994558014
KY,2005,-1.4384233590066464,1.1941683423981968,-3.7856384681505086,1.5738454669180784,MODEL_ESTIMATED,0,0,CPS_PARTICIPATION_AND_CEV_MEMBERSHIP_LATENT_MODEL,COMMON_SCALE_CPS_2013_ANCHOR,1,1,1,REGIME_BRIDGE_ASSUMPTION;EARLY_CPS_DESIGN_BREAKS;UNKNOWN_SAMPLING_SE_WAVES;BACKCAST;BACKCAST_MODEL_SENSITIVITY,S2_FINAL_20261002T002743Z|M2_L6|inherited_base_sha256:6552cee937979c00eae89960ca07a3f13358525826877809d2c0f1a2903f24b7,LATENT_INDEX_2013_STATE_SD,MODEL_AND_LENGTH_SENSITIVITY_ENVELOPE,-0.7694294621544573
KY,2006,-1.55429362887624,1.0371194918855582,-3.588207216133328,1.108461067855181,MODEL_ESTIMATED,0,0,CPS_PARTICIPATION_AND_CEV_MEMBERSHIP_LATENT_MODEL,COMMON_SCALE_CPS_2013_ANCHOR,1,1,1,REGIME_BRIDGE_ASSUMPTION;EARLY_CPS_DESIGN_BREAKS;UNKNOWN_SAMPLING_SE_WAVES;BACKCAST;BACKCAST_MODEL_SENSITIVITY,S2_FINAL_20261002T002743Z|M2_L6|inherited_base_sha256:6552cee937979c00eae89960ca07a3f13358525826877809d2c0f1a2903f24b7,LATENT_INDEX_2013_STATE_SD,MODEL_AND_LENGTH_SENSITIVITY_ENVELOPE,-0.7939675836223888
KY,2007,-1.6834576599381568,0.86186777410944,-3.3727184971926594,0.5515122158542393,MODEL_ESTIMATED,0,0,CPS_PARTICIPATION_AND_CEV_MEMBERSHIP_LATENT_MODEL,COMMON_SCALE_CPS_2013_ANCHOR,1,1,1,REGIME_BRIDGE_ASSUMPTION;EARLY_CPS_DESIGN_BREAKS;UNKNOWN_SAMPLING_SE_WAVES;BACKCAST;BACKCAST_MODEL_SENSITIVITY,S2_FINAL_20261002T002743Z|M2_L6|inherited_base_sha256:6552cee937979c00eae89960ca07a3f13358525826877809d2c0f1a2903f24b7,LATENT_INDEX_2013_STATE_SD,MODEL_AND_LENGTH_SENSITIVITY_ENVELOPE,-0.8213209563818729
KY,2008,-1.828326414210794,0.6528709968938012,-3.1079535681226442,-0.16998310808009642,MODEL_ESTIMATED,0,0,CPS_PARTICIPATION_AND_CEV_MEMBERSHIP_LATENT_MODEL,COMMON_SCALE_CPS_2013_ANCHOR,1,1,1,REGIME_BRIDGE_ASSUMPTION;EARLY_CPS_DESIGN_BREAKS;UNKNOWN_SAMPLING_SE_WAVES;BACKCAST;BACKCAST_MODEL_SENSITIVITY;NO_DIRECT_OBSERVATION_AVAILABLE_IN_CURRENT_EVIDENCE,S2_FINAL_20261002T002743Z|M2_L6|inherited_base_sha256:6552cee937979c00eae89960ca07a3f13358525826877809d2c0f1a2903f24b7,LATENT_INDEX_2013_STATE_SD,MODEL_AND_LENGTH_SENSITIVITY_ENVELOPE,-0.8520001555694701
KY,2009,-1.991748106779564,0.35927851946787254,-2.710591420757488,-1.268203729172046,MODEL_ESTIMATED,0,1,CPS_PARTICIPATION_AND_CEV_MEMBERSHIP_LATENT_MODEL,COMMON_SCALE_CPS_2013_ANCHOR,1,0,1,REGIME_BRIDGE_ASSUMPTION;EARLY_CPS_DESIGN_BREAKS;UNKNOWN_SAMPLING_SE_WAVES,S2_FINAL_20261002T002743Z|M2_L6|inherited_base_sha256:6552cee937979c00eae89960ca07a3f13358525826877809d2c0f1a2903f24b7,LATENT_INDEX_2013_STATE_SD,MODEL_AND_LENGTH_SENSITIVITY_ENVELOPE,-0.8866083544392973
KY,2010,-2.246895336848384,0.3380298529112239,-2.977987167908836,-1.5689286886936764,MODEL_ESTIMATED,0,1,CPS_PARTICIPATION_AND_CEV_MEMBERSHIP_LATENT_MODEL,COMMON_SCALE_CPS_2013_ANCHOR,1,0,1,REGIME_BRIDGE_ASSUMPTION;EARLY_CPS_DESIGN_BREAKS;UNKNOWN_SAMPLING_SE_WAVES,S2_FINAL_20261002T002743Z|M2_L6|inherited_base_sha256:6552cee937979c00eae89960ca07a3f13358525826877809d2c0f1a2903f24b7,LATENT_INDEX_2013_STATE_SD,MODEL_AND_LENGTH_SENSITIVITY_ENVELOPE,-0.9406414876207533
KY,2011,-1.1236004780249735,0.35425725480099046,-1.8664834877174707,-0.3783239656902224,MODEL_ESTIMATED,0,1,CPS_PARTICIPATION_AND_CEV_MEMBERSHIP_LATENT_MODEL,COMMON_SCALE_CPS_2013_ANCHOR,1,0,1,REGIME_BRIDGE_ASSUMPTION;EARLY_CPS_DESIGN_BREAKS;UNKNOWN_SAMPLING_SE_WAVES,S2_FINAL_20261002T002743Z|M2_L6|inherited_base_sha256:6552cee937979c00eae89960ca07a3f13358525826877809d2c0f1a2903f24b7,LATENT_INDEX_2013_STATE_SD,MODEL_AND_LENGTH_SENSITIVITY_ENVELOPE,-0.7027586750482673
KY,2012,-1.1556897262044377,0.5064115797496475,-2.322382972050886,0.007970647935722143,MODEL_ESTIMATED,0,0,CPS_PARTICIPATION_AND_CEV_MEMBERSHIP_LATENT_MODEL,COMMON_SCALE_CPS_2013_ANCHOR,1,0,1,REGIME_BRIDGE_ASSUMPTION;EARLY_CPS_DESIGN_BREAKS;UNKNOWN_SAMPLING_SE_WAVES,S2_FINAL_20261002T002743Z|M2_L6|inherited_base_sha256:6552cee937979c00eae89960ca07a3f13358525826877809d2c0f1a2903f24b7,LATENT_INDEX_2013_STATE_SD,MODEL_AND_LENGTH_SENSITIVITY_ENVELOPE,-0.709554291132777
KY,2013,-1.1828633064422447,0.40821935328719583,-1.9976482770836013,-0.2675096670767291,MODEL_ESTIMATED,0,1,CPS_PARTICIPATION_AND_CEV_MEMBERSHIP_LATENT_MODEL,COMMON_SCALE_CPS_2013_ANCHOR,1,0,1,REGIME_BRIDGE_ASSUMPTION;EARLY_CPS_DESIGN_BREAKS;UNKNOWN_SAMPLING_SE_WAVES,S2_FINAL_20261002T002743Z|M2_L6|inherited_base_sha256:6552cee937979c00eae89960ca07a3f13358525826877809d2c0f1a2903f24b7,LATENT_INDEX_2013_STATE_SD,MODEL_AND_LENGTH_SENSITIVITY_ENVELOPE,-0.7153089045754171
KY,2014,-1.215182461091384,0.7170624532168662,-2.995061240044567,0.1902599472136739,MODEL_ESTIMATED,0,0,CPS_PARTICIPATION_AND_CEV_MEMBERSHIP_LATENT_MODEL,COMMON_SCALE_CPS_2013_ANCHOR,1,0,1,REGIME_BRIDGE_ASSUMPTION;EARLY_CPS_DESIGN_BREAKS;UNKNOWN_SAMPLING_SE_WAVES;CPS_CEV_GAP,S2_FINAL_20261002T002743Z|M2_L6|inherited_base_sha256:6552cee937979c00eae89960ca07a3f13358525826877809d2c0f1a2903f24b7,LATENT_INDEX_2013_STATE_SD,MODEL_AND_LENGTH_SENSITIVITY_ENVELOPE,-0.7221532084975015
KY,2015,-1.2418718712638837,1.0248391748552743,-3.5755597418483784,0.766812911452454,MODEL_ESTIMATED,0,0,CPS_PARTICIPATION_AND_CEV_MEMBERSHIP_LATENT_MODEL,COMMON_SCALE_CPS_2013_ANCHOR,1,0,1,REGIME_BRIDGE_ASSUMPTION;EARLY_CPS_DESIGN_BREAKS;UNKNOWN_SAMPLING_SE_WAVES;CPS_CEV_GAP,S2_FINAL_20261002T002743Z|M2_L6|inherited_base_sha256:6552cee937979c00eae89960ca07a3f13358525826877809d2c0f1a2903f24b7,LATENT_INDEX_2013_STATE_SD,MODEL_AND_LENGTH_SENSITIVITY_ENVELOPE,-0.7278052880987428
KY,2016,-1.262489386466812,1.3326093123798106,-3.8897284251112483,1.349424865797617,MODEL_ESTIMATED,0,0,CPS_PARTICIPATION_AND_CEV_MEMBERSHIP_LATENT_MODEL,COMMON_SCALE_CPS_2013_ANCHOR,1,0,1,REGIME_BRIDGE_ASSUMPTION;EARLY_CPS_DESIGN_BREAKS;UNKNOWN_SAMPLING_SE_WAVES;CPS_CEV_GAP,S2_FINAL_20261002T002743Z|M2_L6|inherited_base_sha256:6552cee937979c00eae89960ca07a3f13358525826877809d2c0f1a2903f24b7,LATENT_INDEX_2013_STATE_SD,MODEL_AND_LENGTH_SENSITIVITY_ENVELOPE,-0.7321715081220996
KY,2017,-1.2764238016710259,1.6474517216409832,-4.505429176087353,1.9525815727453013,MODEL_ESTIMATED,0,1,CPS_PARTICIPATION_AND_CEV_MEMBERSHIP_LATENT_MODEL,COMMON_SCALE_CPS_2013_ANCHOR,1,0,1,REGIME_BRIDGE_ASSUMPTION;EARLY_CPS_DESIGN_BREAKS;UNKNOWN_SAMPLING_SE_WAVES,S2_FINAL_20261002T002743Z|M2_L6|inherited_base_sha256:6552cee937979c00eae89960ca07a3f13358525826877809d2c0f1a2903f24b7,LATENT_INDEX_2013_STATE_SD,MODEL_AND_LENGTH_SENSITIVITY_ENVELOPE,-0.7351224322310226
KY,2018,-1.4051954566396896,1.6798670158084594,-4.69773480762427,1.887343894344891,MODEL_ESTIMATED,0,0,CPS_PARTICIPATION_AND_CEV_MEMBERSHIP_LATENT_MODEL,COMMON_SCALE_CPS_2013_ANCHOR,1,0,1,REGIME_BRIDGE_ASSUMPTION;EARLY_CPS_DESIGN_BREAKS;UNKNOWN_SAMPLING_SE_WAVES,S2_FINAL_20261002T002743Z|M2_L6|inherited_base_sha256:6552cee937979c00eae89960ca07a3f13358525826877809d2c0f1a2903f24b7,LATENT_INDEX_2013_STATE_SD,MODEL_AND_LENGTH_SENSITIVITY_ENVELOPE,-0.762392710575967
KY,2019,-1.5288867722188497,1.6603971197815244,-4.783265126990638,1.7254915825529382,MODEL_ESTIMATED,0,1,CPS_PARTICIPATION_AND_CEV_MEMBERSHIP_LATENT_MODEL,COMMON_SCALE_CPS_2013_ANCHOR,1,0,1,REGIME_BRIDGE_ASSUMPTION;EARLY_CPS_DESIGN_BREAKS;UNKNOWN_SAMPLING_SE_WAVES,S2_FINAL_20261002T002743Z|M2_L6|inherited_base_sha256:6552cee937979c00eae89960ca07a3f13358525826877809d2c0f1a2903f24b7,LATENT_INDEX_2013_STATE_SD,MODEL_AND_LENGTH_SENSITIVITY_ENVELOPE,-0.788587113416537
KY,2020,-1.8979844345409558,1.6902314176500346,-5.210838013135024,1.414869144053112,MODEL_ESTIMATED,0,0,CPS_PARTICIPATION_AND_CEV_MEMBERSHIP_LATENT_MODEL,COMMON_SCALE_CPS_2013_ANCHOR,1,0,1,REGIME_BRIDGE_ASSUMPTION;EARLY_CPS_DESIGN_BREAKS;UNKNOWN_SAMPLING_SE_WAVES,S2_FINAL_20261002T002743Z|M2_L6|inherited_base_sha256:6552cee937979c00eae89960ca07a3f13358525826877809d2c0f1a2903f24b7,LATENT_INDEX_2013_STATE_SD,MODEL_AND_LENGTH_SENSITIVITY_ENVELOPE,-0.866751799507133
KY,2021,-2.2733515746258552,1.6624167888026418,-5.531688480679033,0.9849853314273225,MODEL_ESTIMATED,0,1,CPS_PARTICIPATION_AND_CEV_MEMBERSHIP_LATENT_MODEL,COMMON_SCALE_CPS_2013_ANCHOR,1,0,1,REGIME_BRIDGE_ASSUMPTION;EARLY_CPS_DESIGN_BREAKS;UNKNOWN_SAMPLING_SE_WAVES,S2_FINAL_20261002T002743Z|M2_L6|inherited_base_sha256:6552cee937979c00eae89960ca07a3f13358525826877809d2c0f1a2903f24b7,LATENT_INDEX_2013_STATE_SD,MODEL_AND_LENGTH_SENSITIVITY_ENVELOPE,-0.946244187751673
KY,2022,-2.1000563366524054,1.6950643722442573,-5.42238250625115,1.2222698329463388,MODEL_ESTIMATED,0,0,CPS_PARTICIPATION_AND_CEV_MEMBERSHIP_LATENT_MODEL,COMMON_SCALE_CPS_2013_ANCHOR,1,0,1,REGIME_BRIDGE_ASSUMPTION;EARLY_CPS_DESIGN_BREAKS;UNKNOWN_SAMPLING_SE_WAVES,S2_FINAL_20261002T002743Z|M2_L6|inherited_base_sha256:6552cee937979c00eae89960ca07a3f13358525826877809d2c0f1a2903f24b7,LATENT_INDEX_2013_STATE_SD,MODEL_AND_LENGTH_SENSITIVITY_ENVELOPE,-0.9095450447878012
KY,2023,-1.9362862087217996,1.6620344205124655,-5.193873672926232,1.3213012554826327,MODEL_ESTIMATED,0,1,CPS_PARTICIPATION_AND_CEV_MEMBERSHIP_LATENT_MODEL,COMMON_SCALE_CPS_2013_ANCHOR,1,0,1,REGIME_BRIDGE_ASSUMPTION;EARLY_CPS_DESIGN_BREAKS;UNKNOWN_SAMPLING_SE_WAVES,S2_FINAL_20261002T002743Z|M2_L6|inherited_base_sha256:6552cee937979c00eae89960ca07a3f13358525826877809d2c0f1a2903f24b7,LATENT_INDEX_2013_STATE_SD,MODEL_AND_LENGTH_SENSITIVITY_ENVELOPE,-0.8748630569361922
LA,2000,-1.0252522342091985,1.8799768161276575,-4.7100067938194075,4.064153183871388,MODEL_ESTIMATED,0,0,CPS_PARTICIPATION_AND_CEV_MEMBERSHIP_LATENT_MODEL,COMMON_SCALE_CPS_2013_ANCHOR,1,1,1,REGIME_BRIDGE_ASSUMPTION;EARLY_CPS_DESIGN_BREAKS;UNKNOWN_SAMPLING_SE_WAVES;BACKCAST;BACKCAST_MODEL_SENSITIVITY,S2_FINAL_20261002T002743Z|M2_L6|inherited_base_sha256:6552cee937979c00eae89960ca07a3f13358525826877809d2c0f1a2903f24b7,LATENT_INDEX_2013_STATE_SD,MODEL_AND_LENGTH_SENSITIVITY_ENVELOPE,-0.6819312345354829
LA,2001,-1.069774431025898,1.7444254095479903,-4.488848233739959,3.633752416734225,MODEL_ESTIMATED,0,0,CPS_PARTICIPATION_AND_CEV_MEMBERSHIP_LATENT_MODEL,COMMON_SCALE_CPS_2013_ANCHOR,1,1,1,REGIME_BRIDGE_ASSUMPTION;EARLY_CPS_DESIGN_BREAKS;UNKNOWN_SAMPLING_SE_WAVES;BACKCAST;BACKCAST_MODEL_SENSITIVITY,S2_FINAL_20261002T002743Z|M2_L6|inherited_base_sha256:6552cee937979c00eae89960ca07a3f13358525826877809d2c0f1a2903f24b7,LATENT_INDEX_2013_STATE_SD,MODEL_AND_LENGTH_SENSITIVITY_ENVELOPE,-0.6913598055980762
LA,2002,-1.1146506730488885,1.607703926141837,-4.26575036828689,3.193494891788226,MODEL_ESTIMATED,0,0,CPS_PARTICIPATION_AND_CEV_MEMBERSHIP_LATENT_MODEL,COMMON_SCALE_CPS_2013_ANCHOR,1,1,1,REGIME_BRIDGE_ASSUMPTION;EARLY_CPS_DESIGN_BREAKS;UNKNOWN_SAMPLING_SE_WAVES;BACKCAST;BACKCAST_MODEL_SENSITIVITY,S2_FINAL_20261002T002743Z|M2_L6|inherited_base_sha256:6552cee937979c00eae89960ca07a3f13358525826877809d2c0f1a2903f24b7,LATENT_INDEX_2013_STATE_SD,MODEL_AND_LENGTH_SENSITIVITY_ENVELOPE,-0.7008633536524974
LA,2003,-1.1599451700629546,1.4690174534575529,-4.039219378839758,2.741008626501896,MODEL_ESTIMATED,0,0,CPS_PARTICIPATION_AND_CEV_MEMBERSHIP_LATENT_MODEL,COMMON_SCALE_CPS_2013_ANCHOR,1,1,1,REGIME_BRIDGE_ASSUMPTION;EARLY_CPS_DESIGN_BREAKS;UNKNOWN_SAMPLING_SE_WAVES;BACKCAST;BACKCAST_MODEL_SENSITIVITY,S2_FINAL_20261002T002743Z|M2_L6|inherited_base_sha256:6552cee937979c00eae89960ca07a3f13358525826877809d2c0f1a2903f24b7,LATENT_INDEX_2013_STATE_SD,MODEL_AND_LENGTH_SENSITIVITY_ENVELOPE,-0.7104554765569395
LA,2004,-1.205733776965963,1.327116185380761,-3.8068815003122545,2.272929809364412,MODEL_ESTIMATED,0,0,CPS_PARTICIPATION_AND_CEV_MEMBERSHIP_LATENT_MODEL,COMMON_SCALE_CPS_2013_ANCHOR,1,1,1,REGIME_BRIDGE_ASSUMPTION;EARLY_CPS_DESIGN_BREAKS;UNKNOWN_SAMPLING_SE_WAVES;BACKCAST;BACKCAST_MODEL_SENSITIVITY,S2_FINAL_20261002T002743Z|M2_L6|inherited_base_sha256:6552cee937979c00eae89960ca07a3f13358525826877809d2c0f1a2903f24b7,LATENT_INDEX_2013_STATE_SD,MODEL_AND_LENGTH_SENSITIVITY_ENVELOPE,-0.7201522382827723
LA,2005,-1.252106105731372,1.1799564380726242,-3.5648207243537153,1.784202946916126,MODEL_ESTIMATED,0,0,CPS_PARTICIPATION_AND_CEV_MEMBERSHIP_LATENT_MODEL,COMMON_SCALE_CPS_2013_ANCHOR,1,1,1,REGIME_BRIDGE_ASSUMPTION;EARLY_CPS_DESIGN_BREAKS;UNKNOWN_SAMPLING_SE_WAVES;BACKCAST;BACKCAST_MODEL_SENSITIVITY,S2_FINAL_20261002T002743Z|M2_L6|inherited_base_sha256:6552cee937979c00eae89960ca07a3f13358525826877809d2c0f1a2903f24b7,LATENT_INDEX_2013_STATE_SD,MODEL_AND_LENGTH_SENSITIVITY_ENVELOPE,-0.7299726161698447
LA,2006,-1.2991680203971419,1.0239918098934635,-3.3061919677883305,1.2665857313844247,MODEL_ESTIMATED,0,0,CPS_PARTICIPATION_AND_CEV_MEMBERSHIP_LATENT_MODEL,COMMON_SCALE_CPS_2013_ANCHOR,1,1,1,REGIME_BRIDGE_ASSUMPTION;EARLY_CPS_DESIGN_BREAKS;UNKNOWN_SAMPLING_SE_WAVES;BACKCAST;BACKCAST_MODEL_SENSITIVITY,S2_FINAL_20261002T002743Z|M2_L6|inherited_base_sha256:6552cee937979c00eae89960ca07a3f13358525826877809d2c0f1a2903f24b7,LATENT_INDEX_2013_STATE_SD,MODEL_AND_LENGTH_SENSITIVITY_ENVELOPE,-0.7399390292961951
LA,2007,-1.3470445845468726,0.8524440068917319,-3.017834838054667,0.758979402594229,MODEL_ESTIMATED,0,0,CPS_PARTICIPATION_AND_CEV_MEMBERSHIP_LATENT_MODEL,COMMON_SCALE_CPS_2013_ANCHOR,1,1,1,REGIME_BRIDGE_ASSUMPTION;EARLY_CPS_DESIGN_BREAKS;UNKNOWN_SAMPLING_SE_WAVES;BACKCAST;BACKCAST_MODEL_SENSITIVITY,S2_FINAL_20261002T002743Z|M2_L6|inherited_base_sha256:6552cee937979c00eae89960ca07a3f13358525826877809d2c0f1a2903f24b7,LATENT_INDEX_2013_STATE_SD,MODEL_AND_LENGTH_SENSITIVITY_ENVELOPE,-0.7500779626731131
LA,2008,-1.3958835433473262,0.649809411891034,-2.669509990653753,0.21561161422128733,MODEL_ESTIMATED,0,0,CPS_PARTICIPATION_AND_CEV_MEMBERSHIP_LATENT_MODEL,COMMON_SCALE_CPS_2013_ANCHOR,1,1,1,REGIME_BRIDGE_ASSUMPTION;EARLY_CPS_DESIGN_BREAKS;UNKNOWN_SAMPLING_SE_WAVES;BACKCAST;BACKCAST_MODEL_SENSITIVITY;NO_DIRECT_OBSERVATION_AVAILABLE_IN_CURRENT_EVIDENCE,S2_FINAL_20261002T002743Z|M2_L6|inherited_base_sha256:6552cee937979c00eae89960ca07a3f13358525826877809d2c0f1a2903f24b7,LATENT_INDEX_2013_STATE_SD,MODEL_AND_LENGTH_SENSITIVITY_ENVELOPE,-0.7604207046444712
LA,2009,-1.4458594370896694,0.36006859065399854,-2.1657723099964086,-0.68763176521993,MODEL_ESTIMATED,0,1,CPS_PARTICIPATION_AND_CEV_MEMBERSHIP_LATENT_MODEL,COMMON_SCALE_CPS_2013_ANCHOR,1,0,1,REGIME_BRIDGE_ASSUMPTION;EARLY_CPS_DESIGN_BREAKS;UNKNOWN_SAMPLING_SE_WAVES,S2_FINAL_20261002T002743Z|M2_L6|inherited_base_sha256:6552cee937979c00eae89960ca07a3f13358525826877809d2c0f1a2903f24b7,LATENT_INDEX_2013_STATE_SD,MODEL_AND_LENGTH_SENSITIVITY_ENVELOPE,-0.7710042180210968
LA,2010,-1.8642633876171968,0.32085106486119264,-2.506740748067209,-1.186136408473272,MODEL_ESTIMATED,0,1,CPS_PARTICIPATION_AND_CEV_MEMBERSHIP_LATENT_MODEL,COMMON_SCALE_CPS_2013_ANCHOR,1,0,1,REGIME_BRIDGE_ASSUMPTION;EARLY_CPS_DESIGN_BREAKS;UNKNOWN_SAMPLING_SE_WAVES,S2_FINAL_20261002T002743Z|M2_L6|inherited_base_sha256:6552cee937979c00eae89960ca07a3f13358525826877809d2c0f1a2903f24b7,LATENT_INDEX_2013_STATE_SD,MODEL_AND_LENGTH_SENSITIVITY_ENVELOPE,-0.8596106135379256
LA,2011,-1.2447895367390953,0.30609254127469854,-1.9125149633243885,-0.6326459425386018,MODEL_ESTIMATED,0,1,CPS_PARTICIPATION_AND_CEV_MEMBERSHIP_LATENT_MODEL,COMMON_SCALE_CPS_2013_ANCHOR,1,0,1,REGIME_BRIDGE_ASSUMPTION;EARLY_CPS_DESIGN_BREAKS;UNKNOWN_SAMPLING_SE_WAVES,S2_FINAL_20261002T002743Z|M2_L6|inherited_base_sha256:6552cee937979c00eae89960ca07a3f13358525826877809d2c0f1a2903f24b7,LATENT_INDEX_2013_STATE_SD,MODEL_AND_LENGTH_SENSITIVITY_ENVELOPE,-0.728423169026388
LA,2012,-1.526038430605965,0.49652512924712533,-2.746857372019842,-0.45146327045498225,MODEL_ESTIMATED,0,0,CPS_PARTICIPATION_AND_CEV_MEMBERSHIP_LATENT_MODEL,COMMON_SCALE_CPS_2013_ANCHOR,1,0,1,REGIME_BRIDGE_ASSUMPTION;EARLY_CPS_DESIGN_BREAKS;UNKNOWN_SAMPLING_SE_WAVES,S2_FINAL_20261002T002743Z|M2_L6|inherited_base_sha256:6552cee937979c00eae89960ca07a3f13358525826877809d2c0f1a2903f24b7,LATENT_INDEX_2013_STATE_SD,MODEL_AND_LENGTH_SENSITIVITY_ENVELOPE,-0.7879839133673976
LA,2013,-1.8073070868050358,0.4170903495985196,-2.7524497845347873,-0.967935758278236,MODEL_ESTIMATED,0,1,CPS_PARTICIPATION_AND_CEV_MEMBERSHIP_LATENT_MODEL,COMMON_SCALE_CPS_2013_ANCHOR,1,0,1,REGIME_BRIDGE_ASSUMPTION;EARLY_CPS_DESIGN_BREAKS;UNKNOWN_SAMPLING_SE_WAVES,S2_FINAL_20261002T002743Z|M2_L6|inherited_base_sha256:6552cee937979c00eae89960ca07a3f13358525826877809d2c0f1a2903f24b7,LATENT_INDEX_2013_STATE_SD,MODEL_AND_LENGTH_SENSITIVITY_ENVELOPE,-0.8475488428243009
LA,2014,-1.8094849395041144,0.7202481281751276,-3.6552542748388848,-0.3977986082808642,MODEL_ESTIMATED,0,0,CPS_PARTICIPATION_AND_CEV_MEMBERSHIP_LATENT_MODEL,COMMON_SCALE_CPS_2013_ANCHOR,1,0,1,REGIME_BRIDGE_ASSUMPTION;EARLY_CPS_DESIGN_BREAKS;UNKNOWN_SAMPLING_SE_WAVES;CPS_CEV_GAP,S2_FINAL_20261002T002743Z|M2_L6|inherited_base_sha256:6552cee937979c00eae89960ca07a3f13358525826877809d2c0f1a2903f24b7,LATENT_INDEX_2013_STATE_SD,MODEL_AND_LENGTH_SENSITIVITY_ENVELOPE,-0.8480100518482325
LA,2015,-1.8172038298274593,1.023947784790839,-4.181797432728511,0.18973382836258512,MODEL_ESTIMATED,0,0,CPS_PARTICIPATION_AND_CEV_MEMBERSHIP_LATENT_MODEL,COMMON_SCALE_CPS_2013_ANCHOR,1,0,1,REGIME_BRIDGE_ASSUMPTION;EARLY_CPS_DESIGN_BREAKS;UNKNOWN_SAMPLING_SE_WAVES;CPS_CEV_GAP,S2_FINAL_20261002T002743Z|M2_L6|inherited_base_sha256:6552cee937979c00eae89960ca07a3f13358525826877809d2c0f1a2903f24b7,LATENT_INDEX_2013_STATE_SD,MODEL_AND_LENGTH_SENSITIVITY_ENVELOPE,-0.8496446995327943
LA,2016,-1.8294934274551953,1.3321773398018038,-4.486206110243431,0.7815741585563398,MODEL_ESTIMATED,0,0,CPS_PARTICIPATION_AND_CEV_MEMBERSHIP_LATENT_MODEL,COMMON_SCALE_CPS_2013_ANCHOR,1,0,1,REGIME_BRIDGE_ASSUMPTION;EARLY_CPS_DESIGN_BREAKS;UNKNOWN_SAMPLING_SE_WAVES;CPS_CEV_GAP,S2_FINAL_20261002T002743Z|M2_L6|inherited_base_sha256:6552cee937979c00eae89960ca07a3f13358525826877809d2c0f1a2903f24b7,LATENT_INDEX_2013_STATE_SD,MODEL_AND_LENGTH_SENSITIVITY_ENVELOPE,-0.8522472967280954
LA,2017,-1.845510660329829,1.6522565896740762,-5.0839335760910185,1.3929122554313604,MODEL_ESTIMATED,0,1,CPS_PARTICIPATION_AND_CEV_MEMBERSHIP_LATENT_MODEL,COMMON_SCALE_CPS_2013_ANCHOR,1,0,1,REGIME_BRIDGE_ASSUMPTION;EARLY_CPS_DESIGN_BREAKS;UNKNOWN_SAMPLING_SE_WAVES,S2_FINAL_20261002T002743Z|M2_L6|inherited_base_sha256:6552cee937979c00eae89960ca07a3f13358525826877809d2c0f1a2903f24b7,LATENT_INDEX_2013_STATE_SD,MODEL_AND_LENGTH_SENSITIVITY_ENVELOPE,-0.8556393040678578
LA,2018,-1.757258575203133,1.6775410554902528,-5.0452390439640284,1.5307218935577624,MODEL_ESTIMATED,0,0,CPS_PARTICIPATION_AND_CEV_MEMBERSHIP_LATENT_MODEL,COMMON_SCALE_CPS_2013_ANCHOR,1,0,1,REGIME_BRIDGE_ASSUMPTION;EARLY_CPS_DESIGN_BREAKS;UNKNOWN_SAMPLING_SE_WAVES,S2_FINAL_20261002T002743Z|M2_L6|inherited_base_sha256:6552cee937979c00eae89960ca07a3f13358525826877809d2c0f1a2903f24b7,LATENT_INDEX_2013_STATE_SD,MODEL_AND_LENGTH_SENSITIVITY_ENVELOPE,-0.8369499509915742
LA,2019,-1.6683524711609294,1.649837262464683,-4.902033505591708,1.5653285632698495,MODEL_ESTIMATED,0,1,CPS_PARTICIPATION_AND_CEV_MEMBERSHIP_LATENT_MODEL,COMMON_SCALE_CPS_2013_ANCHOR,1,0,1,REGIME_BRIDGE_ASSUMPTION;EARLY_CPS_DESIGN_BREAKS;UNKNOWN_SAMPLING_SE_WAVES,S2_FINAL_20261002T002743Z|M2_L6|inherited_base_sha256:6552cee937979c00eae89960ca07a3f13358525826877809d2c0f1a2903f24b7,LATENT_INDEX_2013_STATE_SD,MODEL_AND_LENGTH_SENSITIVITY_ENVELOPE,-0.8181220947806287
LA,2020,-2.1415657822945318,1.6845368220026513,-5.443257953419728,1.1601263888306645,MODEL_ESTIMATED,0,0,CPS_PARTICIPATION_AND_CEV_MEMBERSHIP_LATENT_MODEL,COMMON_SCALE_CPS_2013_ANCHOR,1,0,1,REGIME_BRIDGE_ASSUMPTION;EARLY_CPS_DESIGN_BREAKS;UNKNOWN_SAMPLING_SE_WAVES,S2_FINAL_20261002T002743Z|M2_L6|inherited_base_sha256:6552cee937979c00eae89960ca07a3f13358525826877809d2c0f1a2903f24b7,LATENT_INDEX_2013_STATE_SD,MODEL_AND_LENGTH_SENSITIVITY_ENVELOPE,-0.9183355983990023
LA,2021,-2.6224545272579887,1.6589512572793852,-5.873998991525584,0.6290899370096064,MODEL_ESTIMATED,0,1,CPS_PARTICIPATION_AND_CEV_MEMBERSHIP_LATENT_MODEL,COMMON_SCALE_CPS_2013_ANCHOR,1,0,1,REGIME_BRIDGE_ASSUMPTION;EARLY_CPS_DESIGN_BREAKS;UNKNOWN_SAMPLING_SE_WAVES,S2_FINAL_20261002T002743Z|M2_L6|inherited_base_sha256:6552cee937979c00eae89960ca07a3f13358525826877809d2c0f1a2903f24b7,LATENT_INDEX_2013_STATE_SD,MODEL_AND_LENGTH_SENSITIVITY_ENVELOPE,-1.0201745468173922
LA,2022,-2.654276536596249,1.6970990952515794,-5.980590763289344,0.6720376900968463,MODEL_ESTIMATED,0,0,CPS_PARTICIPATION_AND_CEV_MEMBERSHIP_LATENT_MODEL,COMMON_SCALE_CPS_2013_ANCHOR,1,0,1,REGIME_BRIDGE_ASSUMPTION;EARLY_CPS_DESIGN_BREAKS;UNKNOWN_SAMPLING_SE_WAVES,S2_FINAL_20261002T002743Z|M2_L6|inherited_base_sha256:6552cee937979c00eae89960ca07a3f13358525826877809d2c0f1a2903f24b7,LATENT_INDEX_2013_STATE_SD,MODEL_AND_LENGTH_SENSITIVITY_ENVELOPE,-1.0269135690995936
LA,2023,-2.7056784617595446,1.6729216601288983,-5.984604915612185,0.573247992093096,MODEL_ESTIMATED,0,1,CPS_PARTICIPATION_AND_CEV_MEMBERSHIP_LATENT_MODEL,COMMON_SCALE_CPS_2013_ANCHOR,1,0,1,REGIME_BRIDGE_ASSUMPTION;EARLY_CPS_DESIGN_BREAKS;UNKNOWN_SAMPLING_SE_WAVES,S2_FINAL_20261002T002743Z|M2_L6|inherited_base_sha256:6552cee937979c00eae89960ca07a3f13358525826877809d2c0f1a2903f24b7,LATENT_INDEX_2013_STATE_SD,MODEL_AND_LENGTH_SENSITIVITY_ENVELOPE,-1.0377990765275302
MA,2000,0.08974076144805446,1.8821412732769403,-3.610141695600209,4.916115891467416,MODEL_ESTIMATED,0,0,CPS_PARTICIPATION_AND_CEV_MEMBERSHIP_LATENT_MODEL,COMMON_SCALE_CPS_2013_ANCHOR,1,1,1,REGIME_BRIDGE_ASSUMPTION;EARLY_CPS_DESIGN_BREAKS;UNKNOWN_SAMPLING_SE_WAVES;BACKCAST;BACKCAST_MODEL_SENSITIVITY,S2_FINAL_20261002T002743Z|M2_L6|inherited_base_sha256:6552cee937979c00eae89960ca07a3f13358525826877809d2c0f1a2903f24b7,LATENT_INDEX_2013_STATE_SD,MODEL_AND_LENGTH_SENSITIVITY_ENVELOPE,-0.4458065271871462
MA,2001,0.021567523100986447,1.7495058840886961,-3.4350272962058215,4.47531689077389,MODEL_ESTIMATED,0,0,CPS_PARTICIPATION_AND_CEV_MEMBERSHIP_LATENT_MODEL,COMMON_SCALE_CPS_2013_ANCHOR,1,1,1,REGIME_BRIDGE_ASSUMPTION;EARLY_CPS_DESIGN_BREAKS;UNKNOWN_SAMPLING_SE_WAVES;BACKCAST;BACKCAST_MODEL_SENSITIVITY,S2_FINAL_20261002T002743Z|M2_L6|inherited_base_sha256:6552cee937979c00eae89960ca07a3f13358525826877809d2c0f1a2903f24b7,LATENT_INDEX_2013_STATE_SD,MODEL_AND_LENGTH_SENSITIVITY_ENVELOPE,-0.46024373532781343
MA,2002,-0.05124912310901705,1.6155482126642313,-3.255995086354958,4.023740914852139,MODEL_ESTIMATED,0,0,CPS_PARTICIPATION_AND_CEV_MEMBERSHIP_LATENT_MODEL,COMMON_SCALE_CPS_2013_ANCHOR,1,1,1,REGIME_BRIDGE_ASSUMPTION;EARLY_CPS_DESIGN_BREAKS;UNKNOWN_SAMPLING_SE_WAVES;BACKCAST;BACKCAST_MODEL_SENSITIVITY,S2_FINAL_20261002T002743Z|M2_L6|inherited_base_sha256:6552cee937979c00eae89960ca07a3f13358525826877809d2c0f1a2903f24b7,LATENT_INDEX_2013_STATE_SD,MODEL_AND_LENGTH_SENSITIVITY_ENVELOPE,-0.475664288948681
MA,2003,-0.12955130754908617,1.4791879889917359,-3.0714572285192956,3.5589285728562636,MODEL_ESTIMATED,0,0,CPS_PARTICIPATION_AND_CEV_MEMBERSHIP_LATENT_MODEL,COMMON_SCALE_CPS_2013_ANCHOR,1,1,1,REGIME_BRIDGE_ASSUMPTION;EARLY_CPS_DESIGN_BREAKS;UNKNOWN_SAMPLING_SE_WAVES;BACKCAST;BACKCAST_MODEL_SENSITIVITY,S2_FINAL_20261002T002743Z|M2_L6|inherited_base_sha256:6552cee937979c00eae89960ca07a3f13358525826877809d2c0f1a2903f24b7,LATENT_INDEX_2013_STATE_SD,MODEL_AND_LENGTH_SENSITIVITY_ENVELOPE,-0.4922465279920286
MA,2004,-0.21433388969741626,1.338762239107706,-2.8790511992010566,3.1143283084239353,MODEL_ESTIMATED,0,0,CPS_PARTICIPATION_AND_CEV_MEMBERSHIP_LATENT_MODEL,COMMON_SCALE_CPS_2013_ANCHOR,1,1,1,REGIME_BRIDGE_ASSUMPTION;EARLY_CPS_DESIGN_BREAKS;UNKNOWN_SAMPLING_SE_WAVES;BACKCAST;BACKCAST_MODEL_SENSITIVITY,S2_FINAL_20261002T002743Z|M2_L6|inherited_base_sha256:6552cee937979c00eae89960ca07a3f13358525826877809d2c0f1a2903f24b7,LATENT_INDEX_2013_STATE_SD,MODEL_AND_LENGTH_SENSITIVITY_ENVELOPE,-0.5102011362056973
MA,2005,-0.3067721571579131,1.1916644993954573,-2.6750838077704064,2.7089386027929,MODEL_ESTIMATED,0,0,CPS_PARTICIPATION_AND_CEV_MEMBERSHIP_LATENT_MODEL,COMMON_SCALE_CPS_2013_ANCHOR,1,1,1,REGIME_BRIDGE_ASSUMPTION;EARLY_CPS_DESIGN_BREAKS;UNKNOWN_SAMPLING_SE_WAVES;BACKCAST;BACKCAST_MODEL_SENSITIVITY,S2_FINAL_20261002T002743Z|M2_L6|inherited_base_sha256:6552cee937979c00eae89960ca07a3f13358525826877809d2c0f1a2903f24b7,LATENT_INDEX_2013_STATE_SD,MODEL_AND_LENGTH_SENSITIVITY_ENVELOPE,-0.529777007029021
MA,2006,-0.40825454817956053,1.0336604422606792,-2.4533555250086128,2.2481921946678254,MODEL_ESTIMATED,0,0,CPS_PARTICIPATION_AND_CEV_MEMBERSHIP_LATENT_MODEL,COMMON_SCALE_CPS_2013_ANCHOR,1,1,1,REGIME_BRIDGE_ASSUMPTION;EARLY_CPS_DESIGN_BREAKS;UNKNOWN_SAMPLING_SE_WAVES;BACKCAST;BACKCAST_MODEL_SENSITIVITY,S2_FINAL_20261002T002743Z|M2_L6|inherited_base_sha256:6552cee937979c00eae89960ca07a3f13358525826877809d2c0f1a2903f24b7,LATENT_INDEX_2013_STATE_SD,MODEL_AND_LENGTH_SENSITIVITY_ENVELOPE,-0.5512681733182503
MA,2007,-0.5204213087454113,0.8573568332288243,-2.2022429478980827,1.6976774716724379,MODEL_ESTIMATED,0,0,CPS_PARTICIPATION_AND_CEV_MEMBERSHIP_LATENT_MODEL,COMMON_SCALE_CPS_2013_ANCHOR,1,1,1,REGIME_BRIDGE_ASSUMPTION;EARLY_CPS_DESIGN_BREAKS;UNKNOWN_SAMPLING_SE_WAVES;BACKCAST;BACKCAST_MODEL_SENSITIVITY,S2_FINAL_20261002T002743Z|M2_L6|inherited_base_sha256:6552cee937979c00eae89960ca07a3f13358525826877809d2c0f1a2903f24b7,LATENT_INDEX_2013_STATE_SD,MODEL_AND_LENGTH_SENSITIVITY_ENVELOPE,-0.5750219938498404
MA,2008,-0.6452101605272201,0.6475783667646368,-1.914463759385908,0.9849563082285523,MODEL_ESTIMATED,0,0,CPS_PARTICIPATION_AND_CEV_MEMBERSHIP_LATENT_MODEL,COMMON_SCALE_CPS_2013_ANCHOR,1,1,1,REGIME_BRIDGE_ASSUMPTION;EARLY_CPS_DESIGN_BREAKS;UNKNOWN_SAMPLING_SE_WAVES;BACKCAST;BACKCAST_MODEL_SENSITIVITY;NO_DIRECT_OBSERVATION_AVAILABLE_IN_CURRENT_EVIDENCE,S2_FINAL_20261002T002743Z|M2_L6|inherited_base_sha256:6552cee937979c00eae89960ca07a3f13358525826877809d2c0f1a2903f24b7,LATENT_INDEX_2013_STATE_SD,MODEL_AND_LENGTH_SENSITIVITY_ENVELOPE,-0.6014488245313601
MA,2009,-0.7849102511991224,0.35460154161273466,-1.5326382838265145,-0.08133966628674968,MODEL_ESTIMATED,0,1,CPS_PARTICIPATION_AND_CEV_MEMBERSHIP_LATENT_MODEL,COMMON_SCALE_CPS_2013_ANCHOR,1,0,1,REGIME_BRIDGE_ASSUMPTION;EARLY_CPS_DESIGN_BREAKS;UNKNOWN_SAMPLING_SE_WAVES,S2_FINAL_20261002T002743Z|M2_L6|inherited_base_sha256:6552cee937979c00eae89960ca07a3f13358525826877809d2c0f1a2903f24b7,LATENT_INDEX_2013_STATE_SD,MODEL_AND_LENGTH_SENSITIVITY_ENVELOPE,-0.6310334435871905
MA,2010,-0.8430092145500239,0.3105008953457544,-1.4650330217322656,-0.2002554842685168,MODEL_ESTIMATED,0,1,CPS_PARTICIPATION_AND_CEV_MEMBERSHIP_LATENT_MODEL,COMMON_SCALE_CPS_2013_ANCHOR,1,0,1,REGIME_BRIDGE_ASSUMPTION;EARLY_CPS_DESIGN_BREAKS;UNKNOWN_SAMPLING_SE_WAVES,S2_FINAL_20261002T002743Z|M2_L6|inherited_base_sha256:6552cee937979c00eae89960ca07a3f13358525826877809d2c0f1a2903f24b7,LATENT_INDEX_2013_STATE_SD,MODEL_AND_LENGTH_SENSITIVITY_ENVELOPE,-0.6433371986528326
MA,2011,0.20778467388350103,0.2722418573884861,-0.3336971718263356,0.8071092161543422,MODEL_ESTIMATED,0,1,CPS_PARTICIPATION_AND_CEV_MEMBERSHIP_LATENT_MODEL,COMMON_SCALE_CPS_2013_ANCHOR,1,0,1,REGIME_BRIDGE_ASSUMPTION;EARLY_CPS_DESIGN_BREAKS;UNKNOWN_SAMPLING_SE_WAVES,S2_FINAL_20261002T002743Z|M2_L6|inherited_base_sha256:6552cee937979c00eae89960ca07a3f13358525826877809d2c0f1a2903f24b7,LATENT_INDEX_2013_STATE_SD,MODEL_AND_LENGTH_SENSITIVITY_ENVELOPE,-0.4208080882851671
MA,2012,-0.09667241381712392,0.47454643210672276,-1.2394465926459832,0.9851886078907663,MODEL_ESTIMATED,0,0,CPS_PARTICIPATION_AND_CEV_MEMBERSHIP_LATENT_MODEL,COMMON_SCALE_CPS_2013_ANCHOR,1,0,1,REGIME_BRIDGE_ASSUMPTION;EARLY_CPS_DESIGN_BREAKS;UNKNOWN_SAMPLING_SE_WAVES,S2_FINAL_20261002T002743Z|M2_L6|inherited_base_sha256:6552cee937979c00eae89960ca07a3f13358525826877809d2c0f1a2903f24b7,LATENT_INDEX_2013_STATE_SD,MODEL_AND_LENGTH_SENSITIVITY_ENVELOPE,-0.48528368679873457
MA,2013,-0.3960273139890314,0.37776396370593196,-1.2455052000963416,0.35433812784395363,MODEL_ESTIMATED,0,1,CPS_PARTICIPATION_AND_CEV_MEMBERSHIP_LATENT_MODEL,COMMON_SCALE_CPS_2013_ANCHOR,1,0,1,REGIME_BRIDGE_ASSUMPTION;EARLY_CPS_DESIGN_BREAKS;UNKNOWN_SAMPLING_SE_WAVES,S2_FINAL_20261002T002743Z|M2_L6|inherited_base_sha256:6552cee937979c00eae89960ca07a3f13358525826877809d2c0f1a2903f24b7,LATENT_INDEX_2013_STATE_SD,MODEL_AND_LENGTH_SENSITIVITY_ENVELOPE,-0.5486787829757429
MA,2014,-0.3413963787306665,0.7058702199531663,-2.154365920788423,1.0421092523775393,MODEL_ESTIMATED,0,0,CPS_PARTICIPATION_AND_CEV_MEMBERSHIP_LATENT_MODEL,COMMON_SCALE_CPS_2013_ANCHOR,1,0,1,REGIME_BRIDGE_ASSUMPTION;EARLY_CPS_DESIGN_BREAKS;UNKNOWN_SAMPLING_SE_WAVES;CPS_CEV_GAP,S2_FINAL_20261002T002743Z|M2_L6|inherited_base_sha256:6552cee937979c00eae89960ca07a3f13358525826877809d2c0f1a2903f24b7,LATENT_INDEX_2013_STATE_SD,MODEL_AND_LENGTH_SENSITIVITY_ENVELOPE,-0.5371094604326507
MA,2015,-0.2861064128317714,1.017167366209357,-2.6308482396348776,1.7075416249385682,MODEL_ESTIMATED,0,0,CPS_PARTICIPATION_AND_CEV_MEMBERSHIP_LATENT_MODEL,COMMON_SCALE_CPS_2013_ANCHOR,1,0,1,REGIME_BRIDGE_ASSUMPTION;EARLY_CPS_DESIGN_BREAKS;UNKNOWN_SAMPLING_SE_WAVES;CPS_CEV_GAP,S2_FINAL_20261002T002743Z|M2_L6|inherited_base_sha256:6552cee937979c00eae89960ca07a3f13358525826877809d2c0f1a2903f24b7,LATENT_INDEX_2013_STATE_SD,MODEL_AND_LENGTH_SENSITIVITY_ENVELOPE,-0.5254005734100193
MA,2016,-0.22743278471764433,1.3271160423874826,-2.857274761638716,2.373714658361821,MODEL_ESTIMATED,0,0,CPS_PARTICIPATION_AND_CEV_MEMBERSHIP_LATENT_MODEL,COMMON_SCALE_CPS_2013_ANCHOR,1,0,1,REGIME_BRIDGE_ASSUMPTION;EARLY_CPS_DESIGN_BREAKS;UNKNOWN_SAMPLING_SE_WAVES;CPS_CEV_GAP,S2_FINAL_20261002T002743Z|M2_L6|inherited_base_sha256:6552cee937979c00eae89960ca07a3f13358525826877809d2c0f1a2903f24b7,LATENT_INDEX_2013_STATE_SD,MODEL_AND_LENGTH_SENSITIVITY_ENVELOPE,-0.5129751202264801
MA,2017,-0.16255665442407535,1.6445059817676293,-3.3857883786886287,3.060675069840478,MODEL_ESTIMATED,0,1,CPS_PARTICIPATION_AND_CEV_MEMBERSHIP_LATENT_MODEL,COMMON_SCALE_CPS_2013_ANCHOR,1,0,1,REGIME_BRIDGE_ASSUMPTION;EARLY_CPS_DESIGN_BREAKS;UNKNOWN_SAMPLING_SE_WAVES,S2_FINAL_20261002T002743Z|M2_L6|inherited_base_sha256:6552cee937979c00eae89960ca07a3f13358525826877809d2c0f1a2903f24b7,LATENT_INDEX_2013_STATE_SD,MODEL_AND_LENGTH_SENSITIVITY_ENVELOPE,-0.49923614846690273
MA,2018,-0.2013375423824641,1.6780818706509502,-3.4903780088583263,3.0877029240933984,MODEL_ESTIMATED,0,0,CPS_PARTICIPATION_AND_CEV_MEMBERSHIP_LATENT_MODEL,COMMON_SCALE_CPS_2013_ANCHOR,1,0,1,REGIME_BRIDGE_ASSUMPTION;EARLY_CPS_DESIGN_BREAKS;UNKNOWN_SAMPLING_SE_WAVES,S2_FINAL_20261002T002743Z|M2_L6|inherited_base_sha256:6552cee937979c00eae89960ca07a3f13358525826877809d2c0f1a2903f24b7,LATENT_INDEX_2013_STATE_SD,MODEL_AND_LENGTH_SENSITIVITY_ENVELOPE,-0.5074488689553264
MA,2019,-0.2308188993743251,1.6585460236768406,-3.4815691057809324,3.0199313070322824,MODEL_ESTIMATED,0,1,CPS_PARTICIPATION_AND_CEV_MEMBERSHIP_LATENT_MODEL,COMMON_SCALE_CPS_2013_ANCHOR,1,0,1,REGIME_BRIDGE_ASSUMPTION;EARLY_CPS_DESIGN_BREAKS;UNKNOWN_SAMPLING_SE_WAVES,S2_FINAL_20261002T002743Z|M2_L6|inherited_base_sha256:6552cee937979c00eae89960ca07a3f13358525826877809d2c0f1a2903f24b7,LATENT_INDEX_2013_STATE_SD,MODEL_AND_LENGTH_SENSITIVITY_ENVELOPE,-0.5136922057467217
MA,2020,-0.5530415069680832,1.691709818742787,-3.8687927517039453,2.7627097377677794,MODEL_ESTIMATED,0,0,CPS_PARTICIPATION_AND_CEV_MEMBERSHIP_LATENT_MODEL,COMMON_SCALE_CPS_2013_ANCHOR,1,0,1,REGIME_BRIDGE_ASSUMPTION;EARLY_CPS_DESIGN_BREAKS;UNKNOWN_SAMPLING_SE_WAVES,S2_FINAL_20261002T002743Z|M2_L6|inherited_base_sha256:6552cee937979c00eae89960ca07a3f13358525826877809d2c0f1a2903f24b7,LATENT_INDEX_2013_STATE_SD,MODEL_AND_LENGTH_SENSITIVITY_ENVELOPE,-0.5819300504824588
MA,2021,-0.873386292371537,1.6650974172881865,-4.136977230256383,2.3902046455133084,MODEL_ESTIMATED,0,1,CPS_PARTICIPATION_AND_CEV_MEMBERSHIP_LATENT_MODEL,COMMON_SCALE_CPS_2013_ANCHOR,1,0,1,REGIME_BRIDGE_ASSUMPTION;EARLY_CPS_DESIGN_BREAKS;UNKNOWN_SAMPLING_SE_WAVES,S2_FINAL_20261002T002743Z|M2_L6|inherited_base_sha256:6552cee937979c00eae89960ca07a3f13358525826877809d2c0f1a2903f24b7,LATENT_INDEX_2013_STATE_SD,MODEL_AND_LENGTH_SENSITIVITY_ENVELOPE,-0.6497702243656751
MA,2022,-0.617226912236743,1.6971661203541593,-3.943672508130895,2.709218683657409,MODEL_ESTIMATED,0,0,CPS_PARTICIPATION_AND_CEV_MEMBERSHIP_LATENT_MODEL,COMMON_SCALE_CPS_2013_ANCHOR,1,0,1,REGIME_BRIDGE_ASSUMPTION;EARLY_CPS_DESIGN_BREAKS;UNKNOWN_SAMPLING_SE_WAVES,S2_FINAL_20261002T002743Z|M2_L6|inherited_base_sha256:6552cee937979c00eae89960ca07a3f13358525826877809d2c0f1a2903f24b7,LATENT_INDEX_2013_STATE_SD,MODEL_AND_LENGTH_SENSITIVITY_ENVELOPE,-0.5955227457676546
MA,2023,-0.3586062873518679,1.6611981351349694,-3.614554632216408,2.897342057512672,MODEL_ESTIMATED,0,1,CPS_PARTICIPATION_AND_CEV_MEMBERSHIP_LATENT_MODEL,COMMON_SCALE_CPS_2013_ANCHOR,1,0,1,REGIME_BRIDGE_ASSUMPTION;EARLY_CPS_DESIGN_BREAKS;UNKNOWN_SAMPLING_SE_WAVES,S2_FINAL_20261002T002743Z|M2_L6|inherited_base_sha256:6552cee937979c00eae89960ca07a3f13358525826877809d2c0f1a2903f24b7,LATENT_INDEX_2013_STATE_SD,MODEL_AND_LENGTH_SENSITIVITY_ENVELOPE,-0.5407540435398992
MD,2000,0.6104763795661181,1.8854221069939499,-3.084950950142024,5.451067664833657,MODEL_ESTIMATED,0,0,CPS_PARTICIPATION_AND_CEV_MEMBERSHIP_LATENT_MODEL,COMMON_SCALE_CPS_2013_ANCHOR,1,1,1,REGIME_BRIDGE_ASSUMPTION;EARLY_CPS_DESIGN_BREAKS;UNKNOWN_SAMPLING_SE_WAVES;BACKCAST;BACKCAST_MODEL_SENSITIVITY,S2_FINAL_20261002T002743Z|M2_L6|inherited_base_sha256:6552cee937979c00eae89960ca07a3f13358525826877809d2c0f1a2903f24b7,LATENT_INDEX_2013_STATE_SD,MODEL_AND_LENGTH_SENSITIVITY_ENVELOPE,-0.3355291120707375
MD,2001,0.5546479298317051,1.751834159423774,-2.881662251734351,5.027506397512419,MODEL_ESTIMATED,0,0,CPS_PARTICIPATION_AND_CEV_MEMBERSHIP_LATENT_MODEL,COMMON_SCALE_CPS_2013_ANCHOR,1,1,1,REGIME_BRIDGE_ASSUMPTION;EARLY_CPS_DESIGN_BREAKS;UNKNOWN_SAMPLING_SE_WAVES;BACKCAST;BACKCAST_MODEL_SENSITIVITY,S2_FINAL_20261002T002743Z|M2_L6|inherited_base_sha256:6552cee937979c00eae89960ca07a3f13358525826877809d2c0f1a2903f24b7,LATENT_INDEX_2013_STATE_SD,MODEL_AND_LENGTH_SENSITIVITY_ENVELOPE,-0.3473520350905175
MD,2002,0.4964149281938829,1.6167913705289167,-2.683698300900983,4.594655335675212,MODEL_ESTIMATED,0,0,CPS_PARTICIPATION_AND_CEV_MEMBERSHIP_LATENT_MODEL,COMMON_SCALE_CPS_2013_ANCHOR,1,1,1,REGIME_BRIDGE_ASSUMPTION;EARLY_CPS_DESIGN_BREAKS;UNKNOWN_SAMPLING_SE_WAVES;BACKCAST;BACKCAST_MODEL_SENSITIVITY,S2_FINAL_20261002T002743Z|M2_L6|inherited_base_sha256:6552cee937979c00eae89960ca07a3f13358525826877809d2c0f1a2903f24b7,LATENT_INDEX_2013_STATE_SD,MODEL_AND_LENGTH_SENSITIVITY_ENVELOPE,-0.35968417576162603
MD,2003,0.4353412841266905,1.479275679008971,-2.4785653178147675,4.150179449091661,MODEL_ESTIMATED,0,0,CPS_PARTICIPATION_AND_CEV_MEMBERSHIP_LATENT_MODEL,COMMON_SCALE_CPS_2013_ANCHOR,1,1,1,REGIME_BRIDGE_ASSUMPTION;EARLY_CPS_DESIGN_BREAKS;UNKNOWN_SAMPLING_SE_WAVES;BACKCAST;BACKCAST_MODEL_SENSITIVITY,S2_FINAL_20261002T002743Z|M2_L6|inherited_base_sha256:6552cee937979c00eae89960ca07a3f13358525826877809d2c0f1a2903f24b7,LATENT_INDEX_2013_STATE_SD,MODEL_AND_LENGTH_SENSITIVITY_ENVELOPE,-0.372617886007547
MD,2004,0.3709118175463393,1.3377342540971606,-2.2637470951726746,3.690747016208352,MODEL_ESTIMATED,0,0,CPS_PARTICIPATION_AND_CEV_MEMBERSHIP_LATENT_MODEL,COMMON_SCALE_CPS_2013_ANCHOR,1,1,1,REGIME_BRIDGE_ASSUMPTION;EARLY_CPS_DESIGN_BREAKS;UNKNOWN_SAMPLING_SE_WAVES;BACKCAST;BACKCAST_MODEL_SENSITIVITY,S2_FINAL_20261002T002743Z|M2_L6|inherited_base_sha256:6552cee937979c00eae89960ca07a3f13358525826877809d2c0f1a2903f24b7,LATENT_INDEX_2013_STATE_SD,MODEL_AND_LENGTH_SENSITIVITY_ENVELOPE,-0.38626226673473446
MD,2005,0.3025179150963269,1.1897333104762282,-2.035376387191072,3.29694470010183,MODEL_ESTIMATED,0,0,CPS_PARTICIPATION_AND_CEV_MEMBERSHIP_LATENT_MODEL,COMMON_SCALE_CPS_2013_ANCHOR,1,1,1,REGIME_BRIDGE_ASSUMPTION;EARLY_CPS_DESIGN_BREAKS;UNKNOWN_SAMPLING_SE_WAVES;BACKCAST;BACKCAST_MODEL_SENSITIVITY,S2_FINAL_20261002T002743Z|M2_L6|inherited_base_sha256:6552cee937979c00eae89960ca07a3f13358525826877809d2c0f1a2903f24b7,LATENT_INDEX_2013_STATE_SD,MODEL_AND_LENGTH_SENSITIVITY_ENVELOPE,-0.400746205435085
MD,2006,0.22944058505056406,1.0312721283534285,-1.7918527865221556,2.862987067121572,MODEL_ESTIMATED,0,0,CPS_PARTICIPATION_AND_CEV_MEMBERSHIP_LATENT_MODEL,COMMON_SCALE_CPS_2013_ANCHOR,1,1,1,REGIME_BRIDGE_ASSUMPTION;EARLY_CPS_DESIGN_BREAKS;UNKNOWN_SAMPLING_SE_WAVES;BACKCAST;BACKCAST_MODEL_SENSITIVITY,S2_FINAL_20261002T002743Z|M2_L6|inherited_base_sha256:6552cee937979c00eae89960ca07a3f13358525826877809d2c0f1a2903f24b7,LATENT_INDEX_2013_STATE_SD,MODEL_AND_LENGTH_SENSITIVITY_ENVELOPE,-0.41622196468923356
MD,2007,0.15083043904665533,0.8551719133909236,-1.525306511199555,2.3498530131715416,MODEL_ESTIMATED,0,0,CPS_PARTICIPATION_AND_CEV_MEMBERSHIP_LATENT_MODEL,COMMON_SCALE_CPS_2013_ANCHOR,1,1,1,REGIME_BRIDGE_ASSUMPTION;EARLY_CPS_DESIGN_BREAKS;UNKNOWN_SAMPLING_SE_WAVES;BACKCAST;BACKCAST_MODEL_SENSITIVITY,S2_FINAL_20261002T002743Z|M2_L6|inherited_base_sha256:6552cee937979c00eae89960ca07a3f13358525826877809d2c0f1a2903f24b7,LATENT_INDEX_2013_STATE_SD,MODEL_AND_LENGTH_SENSITIVITY_ENVELOPE,-0.4328694214823064
MD,2008,0.06568404329810776,0.6460077658261649,-1.2004911777211753,1.6892499779141925,MODEL_ESTIMATED,0,0,CPS_PARTICIPATION_AND_CEV_MEMBERSHIP_LATENT_MODEL,COMMON_SCALE_CPS_2013_ANCHOR,1,1,1,REGIME_BRIDGE_ASSUMPTION;EARLY_CPS_DESIGN_BREAKS;UNKNOWN_SAMPLING_SE_WAVES;BACKCAST;BACKCAST_MODEL_SENSITIVITY;NO_DIRECT_OBSERVATION_AVAILABLE_IN_CURRENT_EVIDENCE,S2_FINAL_20261002T002743Z|M2_L6|inherited_base_sha256:6552cee937979c00eae89960ca07a3f13358525826877809d2c0f1a2903f24b7,LATENT_INDEX_2013_STATE_SD,MODEL_AND_LENGTH_SENSITIVITY_ENVELOPE,-0.45090107536371943
MD,2009,-0.027184019147326252,0.3498853663168112,-0.7531302488579307,0.6706913051546244,MODEL_ESTIMATED,0,1,CPS_PARTICIPATION_AND_CEV_MEMBERSHIP_LATENT_MODEL,COMMON_SCALE_CPS_2013_ANCHOR,1,0,1,REGIME_BRIDGE_ASSUMPTION;EARLY_CPS_DESIGN_BREAKS;UNKNOWN_SAMPLING_SE_WAVES,S2_FINAL_20261002T002743Z|M2_L6|inherited_base_sha256:6552cee937979c00eae89960ca07a3f13358525826877809d2c0f1a2903f24b7,LATENT_INDEX_2013_STATE_SD,MODEL_AND_LENGTH_SENSITIVITY_ENVELOPE,-0.47056796488889446
MD,2010,-0.1731793639372832,0.3069652599459466,-0.8408553355353281,0.42847254555677217,MODEL_ESTIMATED,0,1,CPS_PARTICIPATION_AND_CEV_MEMBERSHIP_LATENT_MODEL,COMMON_SCALE_CPS_2013_ANCHOR,1,0,1,REGIME_BRIDGE_ASSUMPTION;EARLY_CPS_DESIGN_BREAKS;UNKNOWN_SAMPLING_SE_WAVES,S2_FINAL_20261002T002743Z|M2_L6|inherited_base_sha256:6552cee937979c00eae89960ca07a3f13358525826877809d2c0f1a2903f24b7,LATENT_INDEX_2013_STATE_SD,MODEL_AND_LENGTH_SENSITIVITY_ENVELOPE,-0.5014857448184691
MD,2011,0.944255339458536,0.2468429650194894,0.45978268760385993,1.4649493081259444,MODEL_ESTIMATED,0,1,CPS_PARTICIPATION_AND_CEV_MEMBERSHIP_LATENT_MODEL,COMMON_SCALE_CPS_2013_ANCHOR,1,0,1,REGIME_BRIDGE_ASSUMPTION;EARLY_CPS_DESIGN_BREAKS;UNKNOWN_SAMPLING_SE_WAVES,S2_FINAL_20261002T002743Z|M2_L6|inherited_base_sha256:6552cee937979c00eae89960ca07a3f13358525826877809d2c0f1a2903f24b7,LATENT_INDEX_2013_STATE_SD,MODEL_AND_LENGTH_SENSITIVITY_ENVELOPE,-0.2648439512395958
MD,2012,0.7586062879304716,0.4599664444593134,-0.3614473047588933,1.813245241549594,MODEL_ESTIMATED,0,0,CPS_PARTICIPATION_AND_CEV_MEMBERSHIP_LATENT_MODEL,COMMON_SCALE_CPS_2013_ANCHOR,1,0,1,REGIME_BRIDGE_ASSUMPTION;EARLY_CPS_DESIGN_BREAKS;UNKNOWN_SAMPLING_SE_WAVES,S2_FINAL_20261002T002743Z|M2_L6|inherited_base_sha256:6552cee937979c00eae89960ca07a3f13358525826877809d2c0f1a2903f24b7,LATENT_INDEX_2013_STATE_SD,MODEL_AND_LENGTH_SENSITIVITY_ENVELOPE,-0.30415929055768753
MD,2013,0.5892689692053442,0.34169044017425093,-0.13133513323209234,1.3073279921190135,MODEL_ESTIMATED,0,1,CPS_PARTICIPATION_AND_CEV_MEMBERSHIP_LATENT_MODEL,COMMON_SCALE_CPS_2013_ANCHOR,1,0,1,REGIME_BRIDGE_ASSUMPTION;EARLY_CPS_DESIGN_BREAKS;UNKNOWN_SAMPLING_SE_WAVES,S2_FINAL_20261002T002743Z|M2_L6|inherited_base_sha256:6552cee937979c00eae89960ca07a3f13358525826877809d2c0f1a2903f24b7,LATENT_INDEX_2013_STATE_SD,MODEL_AND_LENGTH_SENSITIVITY_ENVELOPE,-0.3400202555887306
MD,2014,0.535722601460793,0.6959455759018989,-1.2542449930013768,1.8997759302285147,MODEL_ESTIMATED,0,0,CPS_PARTICIPATION_AND_CEV_MEMBERSHIP_LATENT_MODEL,COMMON_SCALE_CPS_2013_ANCHOR,1,0,1,REGIME_BRIDGE_ASSUMPTION;EARLY_CPS_DESIGN_BREAKS;UNKNOWN_SAMPLING_SE_WAVES;CPS_CEV_GAP,S2_FINAL_20261002T002743Z|M2_L6|inherited_base_sha256:6552cee937979c00eae89960ca07a3f13358525826877809d2c0f1a2903f24b7,LATENT_INDEX_2013_STATE_SD,MODEL_AND_LENGTH_SENSITIVITY_ENVELOPE,-0.3513598967008217
MD,2015,0.49465288967207466,1.0162159401776645,-1.8626727753081311,2.486436132420297,MODEL_ESTIMATED,0,0,CPS_PARTICIPATION_AND_CEV_MEMBERSHIP_LATENT_MODEL,COMMON_SCALE_CPS_2013_ANCHOR,1,0,1,REGIME_BRIDGE_ASSUMPTION;EARLY_CPS_DESIGN_BREAKS;UNKNOWN_SAMPLING_SE_WAVES;CPS_CEV_GAP,S2_FINAL_20261002T002743Z|M2_L6|inherited_base_sha256:6552cee937979c00eae89960ca07a3f13358525826877809d2c0f1a2903f24b7,LATENT_INDEX_2013_STATE_SD,MODEL_AND_LENGTH_SENSITIVITY_ENVELOPE,-0.36005732683245695
MD,2016,0.46610160599354183,1.329029798587483,-2.1871908370138846,3.071000011225008,MODEL_ESTIMATED,0,0,CPS_PARTICIPATION_AND_CEV_MEMBERSHIP_LATENT_MODEL,COMMON_SCALE_CPS_2013_ANCHOR,1,0,1,REGIME_BRIDGE_ASSUMPTION;EARLY_CPS_DESIGN_BREAKS;UNKNOWN_SAMPLING_SE_WAVES;CPS_CEV_GAP,S2_FINAL_20261002T002743Z|M2_L6|inherited_base_sha256:6552cee937979c00eae89960ca07a3f13358525826877809d2c0f1a2903f24b7,LATENT_INDEX_2013_STATE_SD,MODEL_AND_LENGTH_SENSITIVITY_ENVELOPE,-0.3661036997955794
MD,2017,0.45045906237951133,1.6465301281622071,-2.7767399888184148,3.6776581135774373,MODEL_ESTIMATED,0,1,CPS_PARTICIPATION_AND_CEV_MEMBERSHIP_LATENT_MODEL,COMMON_SCALE_CPS_2013_ANCHOR,1,0,1,REGIME_BRIDGE_ASSUMPTION;EARLY_CPS_DESIGN_BREAKS;UNKNOWN_SAMPLING_SE_WAVES,S2_FINAL_20261002T002743Z|M2_L6|inherited_base_sha256:6552cee937979c00eae89960ca07a3f13358525826877809d2c0f1a2903f24b7,LATENT_INDEX_2013_STATE_SD,MODEL_AND_LENGTH_SENSITIVITY_ENVELOPE,-0.3694163583032405
MD,2018,0.388297594103326,1.6768190308739048,-2.898267706409527,3.6748628946161794,MODEL_ESTIMATED,0,0,CPS_PARTICIPATION_AND_CEV_MEMBERSHIP_LATENT_MODEL,COMMON_SCALE_CPS_2013_ANCHOR,1,0,1,REGIME_BRIDGE_ASSUMPTION;EARLY_CPS_DESIGN_BREAKS;UNKNOWN_SAMPLING_SE_WAVES,S2_FINAL_20261002T002743Z|M2_L6|inherited_base_sha256:6552cee937979c00eae89960ca07a3f13358525826877809d2c0f1a2903f24b7,LATENT_INDEX_2013_STATE_SD,MODEL_AND_LENGTH_SENSITIVITY_ENVELOPE,-0.38258043965821353
MD,2019,0.3392491173298107,1.6524840263844793,-2.8996195743837685,3.5781178090433903,MODEL_ESTIMATED,0,1,CPS_PARTICIPATION_AND_CEV_MEMBERSHIP_LATENT_MODEL,COMMON_SCALE_CPS_2013_ANCHOR,1,0,1,REGIME_BRIDGE_ASSUMPTION;EARLY_CPS_DESIGN_BREAKS;UNKNOWN_SAMPLING_SE_WAVES,S2_FINAL_20261002T002743Z|M2_L6|inherited_base_sha256:6552cee937979c00eae89960ca07a3f13358525826877809d2c0f1a2903f24b7,LATENT_INDEX_2013_STATE_SD,MODEL_AND_LENGTH_SENSITIVITY_ENVELOPE,-0.3929675517469321
MD,2020,-0.13932558647499935,1.6891819071436271,-3.450122124476508,3.17147095152651,MODEL_ESTIMATED,0,0,CPS_PARTICIPATION_AND_CEV_MEMBERSHIP_LATENT_MODEL,COMMON_SCALE_CPS_2013_ANCHOR,1,0,1,REGIME_BRIDGE_ASSUMPTION;EARLY_CPS_DESIGN_BREAKS;UNKNOWN_SAMPLING_SE_WAVES,S2_FINAL_20261002T002743Z|M2_L6|inherited_base_sha256:6552cee937979c00eae89960ca07a3f13358525826877809d2c0f1a2903f24b7,LATENT_INDEX_2013_STATE_SD,MODEL_AND_LENGTH_SENSITIVITY_ENVELOPE,-0.49431645018877013
MD,2021,-0.6171069745990053,1.668110464972949,-3.8866034859459853,2.652389536747975,MODEL_ESTIMATED,0,1,CPS_PARTICIPATION_AND_CEV_MEMBERSHIP_LATENT_MODEL,COMMON_SCALE_CPS_2013_ANCHOR,1,0,1,REGIME_BRIDGE_ASSUMPTION;EARLY_CPS_DESIGN_BREAKS;UNKNOWN_SAMPLING_SE_WAVES,S2_FINAL_20261002T002743Z|M2_L6|inherited_base_sha256:6552cee937979c00eae89960ca07a3f13358525826877809d2c0f1a2903f24b7,LATENT_INDEX_2013_STATE_SD,MODEL_AND_LENGTH_SENSITIVITY_ENVELOPE,-0.5954973462900605
MD,2022,-0.3952642484974914,1.6960205302413043,-3.719464487770448,2.928935990775465,MODEL_ESTIMATED,0,0,CPS_PARTICIPATION_AND_CEV_MEMBERSHIP_LATENT_MODEL,COMMON_SCALE_CPS_2013_ANCHOR,1,0,1,REGIME_BRIDGE_ASSUMPTION;EARLY_CPS_DESIGN_BREAKS;UNKNOWN_SAMPLING_SE_WAVES,S2_FINAL_20261002T002743Z|M2_L6|inherited_base_sha256:6552cee937979c00eae89960ca07a3f13358525826877809d2c0f1a2903f24b7,LATENT_INDEX_2013_STATE_SD,MODEL_AND_LENGTH_SENSITIVITY_ENVELOPE,-0.5485171867894177
MD,2023,-0.17738360474515208,1.6603086388131871,-3.4315885368189987,3.0768213273286946,MODEL_ESTIMATED,0,1,CPS_PARTICIPATION_AND_CEV_MEMBERSHIP_LATENT_MODEL,COMMON_SCALE_CPS_2013_ANCHOR,1,0,1,REGIME_BRIDGE_ASSUMPTION;EARLY_CPS_DESIGN_BREAKS;UNKNOWN_SAMPLING_SE_WAVES,S2_FINAL_20261002T002743Z|M2_L6|inherited_base_sha256:6552cee937979c00eae89960ca07a3f13358525826877809d2c0f1a2903f24b7,LATENT_INDEX_2013_STATE_SD,MODEL_AND_LENGTH_SENSITIVITY_ENVELOPE,-0.5023760868513307
ME,2000,1.0471886512041364,1.887984756657504,-2.723474810806043,5.801871799368123,MODEL_ESTIMATED,0,0,CPS_PARTICIPATION_AND_CEV_MEMBERSHIP_LATENT_MODEL,COMMON_SCALE_CPS_2013_ANCHOR,1,1,1,REGIME_BRIDGE_ASSUMPTION;EARLY_CPS_DESIGN_BREAKS;UNKNOWN_SAMPLING_SE_WAVES;BACKCAST;BACKCAST_MODEL_SENSITIVITY,S2_FINAL_20261002T002743Z|M2_L6|inherited_base_sha256:6552cee937979c00eae89960ca07a3f13358525826877809d2c0f1a2903f24b7,LATENT_INDEX_2013_STATE_SD,MODEL_AND_LENGTH_SENSITIVITY_ENVELOPE,-0.24304552003241325
ME,2001,0.9925076672821782,1.754932140229248,-2.5296325853550607,5.37959520213854,MODEL_ESTIMATED,0,0,CPS_PARTICIPATION_AND_CEV_MEMBERSHIP_LATENT_MODEL,COMMON_SCALE_CPS_2013_ANCHOR,1,1,1,REGIME_BRIDGE_ASSUMPTION;EARLY_CPS_DESIGN_BREAKS;UNKNOWN_SAMPLING_SE_WAVES;BACKCAST;BACKCAST_MODEL_SENSITIVITY,S2_FINAL_20261002T002743Z|M2_L6|inherited_base_sha256:6552cee937979c00eae89960ca07a3f13358525826877809d2c0f1a2903f24b7,LATENT_INDEX_2013_STATE_SD,MODEL_AND_LENGTH_SENSITIVITY_ENVELOPE,-0.25462544149952576
ME,2002,0.9356302363303072,1.6205300135669523,-2.3302303044378987,4.954102698521132,MODEL_ESTIMATED,0,0,CPS_PARTICIPATION_AND_CEV_MEMBERSHIP_LATENT_MODEL,COMMON_SCALE_CPS_2013_ANCHOR,1,1,1,REGIME_BRIDGE_ASSUMPTION;EARLY_CPS_DESIGN_BREAKS;UNKNOWN_SAMPLING_SE_WAVES;BACKCAST;BACKCAST_MODEL_SENSITIVITY,S2_FINAL_20261002T002743Z|M2_L6|inherited_base_sha256:6552cee937979c00eae89960ca07a3f13358525826877809d2c0f1a2903f24b7,LATENT_INDEX_2013_STATE_SD,MODEL_AND_LENGTH_SENSITIVITY_ENVELOPE,-0.26667050975604795
ME,2003,0.8761580098083382,1.483790170709098,-2.1235308128123873,4.552720113232597,MODEL_ESTIMATED,0,0,CPS_PARTICIPATION_AND_CEV_MEMBERSHIP_LATENT_MODEL,COMMON_SCALE_CPS_2013_ANCHOR,1,1,1,REGIME_BRIDGE_ASSUMPTION;EARLY_CPS_DESIGN_BREAKS;UNKNOWN_SAMPLING_SE_WAVES;BACKCAST;BACKCAST_MODEL_SENSITIVITY,S2_FINAL_20261002T002743Z|M2_L6|inherited_base_sha256:6552cee937979c00eae89960ca07a3f13358525826877809d2c0f1a2903f24b7,LATENT_INDEX_2013_STATE_SD,MODEL_AND_LENGTH_SENSITIVITY_ENVELOPE,-0.2792650840157509
ME,2004,0.8136203945203773,1.3431911334938291,-1.907005059196162,4.182892200489981,MODEL_ESTIMATED,0,0,CPS_PARTICIPATION_AND_CEV_MEMBERSHIP_LATENT_MODEL,COMMON_SCALE_CPS_2013_ANCHOR,1,1,1,REGIME_BRIDGE_ASSUMPTION;EARLY_CPS_DESIGN_BREAKS;UNKNOWN_SAMPLING_SE_WAVES;BACKCAST;BACKCAST_MODEL_SENSITIVITY,S2_FINAL_20261002T002743Z|M2_L6|inherited_base_sha256:6552cee937979c00eae89960ca07a3f13358525826877809d2c0f1a2903f24b7,LATENT_INDEX_2013_STATE_SD,MODEL_AND_LENGTH_SENSITIVITY_ENVELOPE,-0.2925088229142434
ME,2005,0.7474614502942319,1.1963182503104157,-1.6767705006076155,3.805222709465298,MODEL_ESTIMATED,0,0,CPS_PARTICIPATION_AND_CEV_MEMBERSHIP_LATENT_MODEL,COMMON_SCALE_CPS_2013_ANCHOR,1,1,1,REGIME_BRIDGE_ASSUMPTION;EARLY_CPS_DESIGN_BREAKS;UNKNOWN_SAMPLING_SE_WAVES;BACKCAST;BACKCAST_MODEL_SENSITIVITY,S2_FINAL_20261002T002743Z|M2_L6|inherited_base_sha256:6552cee937979c00eae89960ca07a3f13358525826877809d2c0f1a2903f24b7,LATENT_INDEX_2013_STATE_SD,MODEL_AND_LENGTH_SENSITIVITY_ENVELOPE,-0.30651945921843377
ME,2006,0.6770244114185504,1.0391354592792938,-1.4264031094975,3.3831750893876524,MODEL_ESTIMATED,0,0,CPS_PARTICIPATION_AND_CEV_MEMBERSHIP_LATENT_MODEL,COMMON_SCALE_CPS_2013_ANCHOR,1,1,1,REGIME_BRIDGE_ASSUMPTION;EARLY_CPS_DESIGN_BREAKS;UNKNOWN_SAMPLING_SE_WAVES;BACKCAST;BACKCAST_MODEL_SENSITIVITY,S2_FINAL_20261002T002743Z|M2_L6|inherited_base_sha256:6552cee937979c00eae89960ca07a3f13358525826877809d2c0f1a2903f24b7,LATENT_INDEX_2013_STATE_SD,MODEL_AND_LENGTH_SENSITIVITY_ENVELOPE,-0.32143607775844507
ME,2007,0.6015334008814115,0.8642432148915233,-1.1439849063851013,2.886664611660018,MODEL_ESTIMATED,0,0,CPS_PARTICIPATION_AND_CEV_MEMBERSHIP_LATENT_MODEL,COMMON_SCALE_CPS_2013_ANCHOR,1,1,1,REGIME_BRIDGE_ASSUMPTION;EARLY_CPS_DESIGN_BREAKS;UNKNOWN_SAMPLING_SE_WAVES;BACKCAST;BACKCAST_MODEL_SENSITIVITY,S2_FINAL_20261002T002743Z|M2_L6|inherited_base_sha256:6552cee937979c00eae89960ca07a3f13358525826877809d2c0f1a2903f24b7,LATENT_INDEX_2013_STATE_SD,MODEL_AND_LENGTH_SENSITIVITY_ENVELOPE,-0.33742298784661534
ME,2008,0.520071828295683,0.6553366919692486,-0.8025173918600347,2.2492499846865788,MODEL_ESTIMATED,0,0,CPS_PARTICIPATION_AND_CEV_MEMBERSHIP_LATENT_MODEL,COMMON_SCALE_CPS_2013_ANCHOR,1,1,1,REGIME_BRIDGE_ASSUMPTION;EARLY_CPS_DESIGN_BREAKS;UNKNOWN_SAMPLING_SE_WAVES;BACKCAST;BACKCAST_MODEL_SENSITIVITY;NO_DIRECT_OBSERVATION_AVAILABLE_IN_CURRENT_EVIDENCE,S2_FINAL_20261002T002743Z|M2_L6|inherited_base_sha256:6552cee937979c00eae89960ca07a3f13358525826877809d2c0f1a2903f24b7,LATENT_INDEX_2013_STATE_SD,MODEL_AND_LENGTH_SENSITIVITY_ENVELOPE,-0.3546742980000051
ME,2009,0.43155687006320215,0.35389552826024234,-0.3033421546076379,1.2132435858318167,MODEL_ESTIMATED,0,1,CPS_PARTICIPATION_AND_CEV_MEMBERSHIP_LATENT_MODEL,COMMON_SCALE_CPS_2013_ANCHOR,1,0,1,REGIME_BRIDGE_ASSUMPTION;EARLY_CPS_DESIGN_BREAKS;UNKNOWN_SAMPLING_SE_WAVES,S2_FINAL_20261002T002743Z|M2_L6|inherited_base_sha256:6552cee937979c00eae89960ca07a3f13358525826877809d2c0f1a2903f24b7,LATENT_INDEX_2013_STATE_SD,MODEL_AND_LENGTH_SENSITIVITY_ENVELOPE,-0.3734193203364679
ME,2010,0.045599098257471896,0.30464226730487065,-0.5656542282467647,0.7012245011529287,MODEL_ESTIMATED,0,1,CPS_PARTICIPATION_AND_CEV_MEMBERSHIP_LATENT_MODEL,COMMON_SCALE_CPS_2013_ANCHOR,1,0,1,REGIME_BRIDGE_ASSUMPTION;EARLY_CPS_DESIGN_BREAKS;UNKNOWN_SAMPLING_SE_WAVES,S2_FINAL_20261002T002743Z|M2_L6|inherited_base_sha256:6552cee937979c00eae89960ca07a3f13358525826877809d2c0f1a2903f24b7,LATENT_INDEX_2013_STATE_SD,MODEL_AND_LENGTH_SENSITIVITY_ENVELOPE,-0.4551545117425121
ME,2011,0.7983302633629599,0.24472776523009013,0.2728802721589785,1.288277299952975,MODEL_ESTIMATED,0,1,CPS_PARTICIPATION_AND_CEV_MEMBERSHIP_LATENT_MODEL,COMMON_SCALE_CPS_2013_ANCHOR,1,0,1,REGIME_BRIDGE_ASSUMPTION;EARLY_CPS_DESIGN_BREAKS;UNKNOWN_SAMPLING_SE_WAVES,S2_FINAL_20261002T002743Z|M2_L6|inherited_base_sha256:6552cee937979c00eae89960ca07a3f13358525826877809d2c0f1a2903f24b7,LATENT_INDEX_2013_STATE_SD,MODEL_AND_LENGTH_SENSITIVITY_ENVELOPE,-0.2957468502013428
ME,2012,0.7557932436771206,0.4504577098950854,-0.33536986335577257,1.806438286116234,MODEL_ESTIMATED,0,0,CPS_PARTICIPATION_AND_CEV_MEMBERSHIP_LATENT_MODEL,COMMON_SCALE_CPS_2013_ANCHOR,1,0,1,REGIME_BRIDGE_ASSUMPTION;EARLY_CPS_DESIGN_BREAKS;UNKNOWN_SAMPLING_SE_WAVES,S2_FINAL_20261002T002743Z|M2_L6|inherited_base_sha256:6552cee937979c00eae89960ca07a3f13358525826877809d2c0f1a2903f24b7,LATENT_INDEX_2013_STATE_SD,MODEL_AND_LENGTH_SENSITIVITY_ENVELOPE,-0.30475501560140306
ME,2013,0.7175067893740842,0.30560114315948883,0.11113041887500402,1.3800430454003811,MODEL_ESTIMATED,0,1,CPS_PARTICIPATION_AND_CEV_MEMBERSHIP_LATENT_MODEL,COMMON_SCALE_CPS_2013_ANCHOR,1,0,1,REGIME_BRIDGE_ASSUMPTION;EARLY_CPS_DESIGN_BREAKS;UNKNOWN_SAMPLING_SE_WAVES,S2_FINAL_20261002T002743Z|M2_L6|inherited_base_sha256:6552cee937979c00eae89960ca07a3f13358525826877809d2c0f1a2903f24b7,LATENT_INDEX_2013_STATE_SD,MODEL_AND_LENGTH_SENSITIVITY_ENVELOPE,-0.3128630287036566
ME,2014,0.7461575464107455,0.6803120564082226,-0.9807795828530612,2.0795691769708617,MODEL_ESTIMATED,0,0,CPS_PARTICIPATION_AND_CEV_MEMBERSHIP_LATENT_MODEL,COMMON_SCALE_CPS_2013_ANCHOR,1,0,1,REGIME_BRIDGE_ASSUMPTION;EARLY_CPS_DESIGN_BREAKS;UNKNOWN_SAMPLING_SE_WAVES;CPS_CEV_GAP,S2_FINAL_20261002T002743Z|M2_L6|inherited_base_sha256:6552cee937979c00eae89960ca07a3f13358525826877809d2c0f1a2903f24b7,LATENT_INDEX_2013_STATE_SD,MODEL_AND_LENGTH_SENSITIVITY_ENVELOPE,-0.30679559003189877
ME,2015,0.7811610718747356,1.00664781899874,-1.5373891532950403,2.754190797112266,MODEL_ESTIMATED,0,0,CPS_PARTICIPATION_AND_CEV_MEMBERSHIP_LATENT_MODEL,COMMON_SCALE_CPS_2013_ANCHOR,1,0,1,REGIME_BRIDGE_ASSUMPTION;EARLY_CPS_DESIGN_BREAKS;UNKNOWN_SAMPLING_SE_WAVES;CPS_CEV_GAP,S2_FINAL_20261002T002743Z|M2_L6|inherited_base_sha256:6552cee937979c00eae89960ca07a3f13358525826877809d2c0f1a2903f24b7,LATENT_INDEX_2013_STATE_SD,MODEL_AND_LENGTH_SENSITIVITY_ENVELOPE,-0.29938281054490956
ME,2016,0.8246771794715838,1.324532311242411,-1.8210973083156305,3.4207605095067093,MODEL_ESTIMATED,0,0,CPS_PARTICIPATION_AND_CEV_MEMBERSHIP_LATENT_MODEL,COMMON_SCALE_CPS_2013_ANCHOR,1,0,1,REGIME_BRIDGE_ASSUMPTION;EARLY_CPS_DESIGN_BREAKS;UNKNOWN_SAMPLING_SE_WAVES;CPS_CEV_GAP,S2_FINAL_20261002T002743Z|M2_L6|inherited_base_sha256:6552cee937979c00eae89960ca07a3f13358525826877809d2c0f1a2903f24b7,LATENT_INDEX_2013_STATE_SD,MODEL_AND_LENGTH_SENSITIVITY_ENVELOPE,-0.29016730137914337
ME,2017,0.8791026913912148,1.6477559411047265,-2.350498953174049,4.108704335956479,MODEL_ESTIMATED,0,1,CPS_PARTICIPATION_AND_CEV_MEMBERSHIP_LATENT_MODEL,COMMON_SCALE_CPS_2013_ANCHOR,1,0,1,REGIME_BRIDGE_ASSUMPTION;EARLY_CPS_DESIGN_BREAKS;UNKNOWN_SAMPLING_SE_WAVES,S2_FINAL_20261002T002743Z|M2_L6|inherited_base_sha256:6552cee937979c00eae89960ca07a3f13358525826877809d2c0f1a2903f24b7,LATENT_INDEX_2013_STATE_SD,MODEL_AND_LENGTH_SENSITIVITY_ENVELOPE,-0.2786414818230027
ME,2018,0.9529432091095067,1.68189584509678,-2.3435726472801823,4.249459065499195,MODEL_ESTIMATED,0,0,CPS_PARTICIPATION_AND_CEV_MEMBERSHIP_LATENT_MODEL,COMMON_SCALE_CPS_2013_ANCHOR,1,0,1,REGIME_BRIDGE_ASSUMPTION;EARLY_CPS_DESIGN_BREAKS;UNKNOWN_SAMPLING_SE_WAVES,S2_FINAL_20261002T002743Z|M2_L6|inherited_base_sha256:6552cee937979c00eae89960ca07a3f13358525826877809d2c0f1a2903f24b7,LATENT_INDEX_2013_STATE_SD,MODEL_AND_LENGTH_SENSITIVITY_ENVELOPE,-0.2630041005079715
ME,2019,1.0436348130724062,1.6618116601387745,-2.2135160407995915,4.300785666944404,MODEL_ESTIMATED,0,1,CPS_PARTICIPATION_AND_CEV_MEMBERSHIP_LATENT_MODEL,COMMON_SCALE_CPS_2013_ANCHOR,1,0,1,REGIME_BRIDGE_ASSUMPTION;EARLY_CPS_DESIGN_BREAKS;UNKNOWN_SAMPLING_SE_WAVES,S2_FINAL_20261002T002743Z|M2_L6|inherited_base_sha256:6552cee937979c00eae89960ca07a3f13358525826877809d2c0f1a2903f24b7,LATENT_INDEX_2013_STATE_SD,MODEL_AND_LENGTH_SENSITIVITY_ENVELOPE,-0.24379812475018864
ME,2020,0.9200752270315861,1.6870266136298162,-2.3864969356828536,4.2266473897460255,MODEL_ESTIMATED,0,0,CPS_PARTICIPATION_AND_CEV_MEMBERSHIP_LATENT_MODEL,COMMON_SCALE_CPS_2013_ANCHOR,1,0,1,REGIME_BRIDGE_ASSUMPTION;EARLY_CPS_DESIGN_BREAKS;UNKNOWN_SAMPLING_SE_WAVES,S2_FINAL_20261002T002743Z|M2_L6|inherited_base_sha256:6552cee937979c00eae89960ca07a3f13358525826877809d2c0f1a2903f24b7,LATENT_INDEX_2013_STATE_SD,MODEL_AND_LENGTH_SENSITIVITY_ENVELOPE,-0.2699646309144469
ME,2021,0.8148220938057872,1.6508676494617456,-2.420878499139234,4.050522686750808,MODEL_ESTIMATED,0,1,CPS_PARTICIPATION_AND_CEV_MEMBERSHIP_LATENT_MODEL,COMMON_SCALE_CPS_2013_ANCHOR,1,0,1,REGIME_BRIDGE_ASSUMPTION;EARLY_CPS_DESIGN_BREAKS;UNKNOWN_SAMPLING_SE_WAVES,S2_FINAL_20261002T002743Z|M2_L6|inherited_base_sha256:6552cee937979c00eae89960ca07a3f13358525826877809d2c0f1a2903f24b7,LATENT_INDEX_2013_STATE_SD,MODEL_AND_LENGTH_SENSITIVITY_ENVELOPE,-0.29225433621056607
ME,2022,0.6495459007850513,1.6959203994477265,-2.674458082132493,3.9735498837025953,MODEL_ESTIMATED,0,0,CPS_PARTICIPATION_AND_CEV_MEMBERSHIP_LATENT_MODEL,COMMON_SCALE_CPS_2013_ANCHOR,1,0,1,REGIME_BRIDGE_ASSUMPTION;EARLY_CPS_DESIGN_BREAKS;UNKNOWN_SAMPLING_SE_WAVES,S2_FINAL_20261002T002743Z|M2_L6|inherited_base_sha256:6552cee937979c00eae89960ca07a3f13358525826877809d2c0f1a2903f24b7,LATENT_INDEX_2013_STATE_SD,MODEL_AND_LENGTH_SENSITIVITY_ENVELOPE,-0.327255267033153
ME,2023,0.4974145272660793,1.6724760777163237,-2.780638585057915,3.7754676395900737,MODEL_ESTIMATED,0,1,CPS_PARTICIPATION_AND_CEV_MEMBERSHIP_LATENT_MODEL,COMMON_SCALE_CPS_2013_ANCHOR,1,0,1,REGIME_BRIDGE_ASSUMPTION;EARLY_CPS_DESIGN_BREAKS;UNKNOWN_SAMPLING_SE_WAVES,S2_FINAL_20261002T002743Z|M2_L6|inherited_base_sha256:6552cee937979c00eae89960ca07a3f13358525826877809d2c0f1a2903f24b7,LATENT_INDEX_2013_STATE_SD,MODEL_AND_LENGTH_SENSITIVITY_ENVELOPE,-0.3594724882987385
MI,2000,0.059654198580122865,1.8794143224620554,-3.623997873445506,4.965608884194025,MODEL_ESTIMATED,0,0,CPS_PARTICIPATION_AND_CEV_MEMBERSHIP_LATENT_MODEL,COMMON_SCALE_CPS_2013_ANCHOR,1,1,1,REGIME_BRIDGE_ASSUMPTION;EARLY_CPS_DESIGN_BREAKS;UNKNOWN_SAMPLING_SE_WAVES;BACKCAST;BACKCAST_MODEL_SENSITIVITY,S2_FINAL_20261002T002743Z|M2_L6|inherited_base_sha256:6552cee937979c00eae89960ca07a3f13358525826877809d2c0f1a2903f24b7,LATENT_INDEX_2013_STATE_SD,MODEL_AND_LENGTH_SENSITIVITY_ENVELOPE,-0.452178029860237
MI,2001,0.01282844745116601,1.7449879025099215,-3.40734784146828,4.540853331889634,MODEL_ESTIMATED,0,0,CPS_PARTICIPATION_AND_CEV_MEMBERSHIP_LATENT_MODEL,COMMON_SCALE_CPS_2013_ANCHOR,1,1,1,REGIME_BRIDGE_ASSUMPTION;EARLY_CPS_DESIGN_BREAKS;UNKNOWN_SAMPLING_SE_WAVES;BACKCAST;BACKCAST_MODEL_SENSITIVITY,S2_FINAL_20261002T002743Z|M2_L6|inherited_base_sha256:6552cee937979c00eae89960ca07a3f13358525826877809d2c0f1a2903f24b7,LATENT_INDEX_2013_STATE_SD,MODEL_AND_LENGTH_SENSITIVITY_ENVELOPE,-0.4620944300750862
MI,2002,-0.03476912244521052,1.6094260884736618,-3.1892442558535876,4.106704097505626,MODEL_ESTIMATED,0,0,CPS_PARTICIPATION_AND_CEV_MEMBERSHIP_LATENT_MODEL,COMMON_SCALE_CPS_2013_ANCHOR,1,1,1,REGIME_BRIDGE_ASSUMPTION;EARLY_CPS_DESIGN_BREAKS;UNKNOWN_SAMPLING_SE_WAVES;BACKCAST;BACKCAST_MODEL_SENSITIVITY,S2_FINAL_20261002T002743Z|M2_L6|inherited_base_sha256:6552cee937979c00eae89960ca07a3f13358525826877809d2c0f1a2903f24b7,LATENT_INDEX_2013_STATE_SD,MODEL_AND_LENGTH_SENSITIVITY_ENVELOPE,-0.4721742801782242
MI,2003,-0.08327848847932212,1.4719101129453305,-2.96822230985217,3.6608170246144462,MODEL_ESTIMATED,0,0,CPS_PARTICIPATION_AND_CEV_MEMBERSHIP_LATENT_MODEL,COMMON_SCALE_CPS_2013_ANCHOR,1,1,1,REGIME_BRIDGE_ASSUMPTION;EARLY_CPS_DESIGN_BREAKS;UNKNOWN_SAMPLING_SE_WAVES;BACKCAST;BACKCAST_MODEL_SENSITIVITY,S2_FINAL_20261002T002743Z|M2_L6|inherited_base_sha256:6552cee937979c00eae89960ca07a3f13358525826877809d2c0f1a2903f24b7,LATENT_INDEX_2013_STATE_SD,MODEL_AND_LENGTH_SENSITIVITY_ENVELOPE,-0.4824472235088736
MI,2004,-0.13286501437516016,1.3311593067884187,-2.754774702901211,3.199850391770732,MODEL_ESTIMATED,0,0,CPS_PARTICIPATION_AND_CEV_MEMBERSHIP_LATENT_MODEL,COMMON_SCALE_CPS_2013_ANCHOR,1,1,1,REGIME_BRIDGE_ASSUMPTION;EARLY_CPS_DESIGN_BREAKS;UNKNOWN_SAMPLING_SE_WAVES;BACKCAST;BACKCAST_MODEL_SENSITIVITY,S2_FINAL_20261002T002743Z|M2_L6|inherited_base_sha256:6552cee937979c00eae89960ca07a3f13358525826877809d2c0f1a2903f24b7,LATENT_INDEX_2013_STATE_SD,MODEL_AND_LENGTH_SENSITIVITY_ENVELOPE,-0.4929482795344979
MI,2005,-0.18372405428997046,1.1850951239182674,-2.528069587898092,2.7723546303244784,MODEL_ESTIMATED,0,0,CPS_PARTICIPATION_AND_CEV_MEMBERSHIP_LATENT_MODEL,COMMON_SCALE_CPS_2013_ANCHOR,1,1,1,REGIME_BRIDGE_ASSUMPTION;EARLY_CPS_DESIGN_BREAKS;UNKNOWN_SAMPLING_SE_WAVES;BACKCAST;BACKCAST_MODEL_SENSITIVITY,S2_FINAL_20261002T002743Z|M2_L6|inherited_base_sha256:6552cee937979c00eae89960ca07a3f13358525826877809d2c0f1a2903f24b7,LATENT_INDEX_2013_STATE_SD,MODEL_AND_LENGTH_SENSITIVITY_ENVELOPE,-0.5037188188676378
MI,2006,-0.23608639189160538,1.0301437260206463,-2.2815500920450873,2.3872593763268686,MODEL_ESTIMATED,0,0,CPS_PARTICIPATION_AND_CEV_MEMBERSHIP_LATENT_MODEL,COMMON_SCALE_CPS_2013_ANCHOR,1,1,1,REGIME_BRIDGE_ASSUMPTION;EARLY_CPS_DESIGN_BREAKS;UNKNOWN_SAMPLING_SE_WAVES;BACKCAST;BACKCAST_MODEL_SENSITIVITY,S2_FINAL_20261002T002743Z|M2_L6|inherited_base_sha256:6552cee937979c00eae89960ca07a3f13358525826877809d2c0f1a2903f24b7,LATENT_INDEX_2013_STATE_SD,MODEL_AND_LENGTH_SENSITIVITY_ENVELOPE,-0.5148077151122036
MI,2007,-0.29022466586921364,0.8595460724078173,-2.003337564378251,1.9423207560809164,MODEL_ESTIMATED,0,0,CPS_PARTICIPATION_AND_CEV_MEMBERSHIP_LATENT_MODEL,COMMON_SCALE_CPS_2013_ANCHOR,1,1,1,REGIME_BRIDGE_ASSUMPTION;EARLY_CPS_DESIGN_BREAKS;UNKNOWN_SAMPLING_SE_WAVES;BACKCAST;BACKCAST_MODEL_SENSITIVITY,S2_FINAL_20261002T002743Z|M2_L6|inherited_base_sha256:6552cee937979c00eae89960ca07a3f13358525826877809d2c0f1a2903f24b7,LATENT_INDEX_2013_STATE_SD,MODEL_AND_LENGTH_SENSITIVITY_ENVELOPE,-0.5262727056090913
MI,2008,-0.3464609607771699,0.6580372951723881,-1.6665013591988356,1.3768888144073375,MODEL_ESTIMATED,0,0,CPS_PARTICIPATION_AND_CEV_MEMBERSHIP_LATENT_MODEL,COMMON_SCALE_CPS_2013_ANCHOR,1,1,1,REGIME_BRIDGE_ASSUMPTION;EARLY_CPS_DESIGN_BREAKS;UNKNOWN_SAMPLING_SE_WAVES;BACKCAST;BACKCAST_MODEL_SENSITIVITY;NO_DIRECT_OBSERVATION_AVAILABLE_IN_CURRENT_EVIDENCE,S2_FINAL_20261002T002743Z|M2_L6|inherited_base_sha256:6552cee937979c00eae89960ca07a3f13358525826877809d2c0f1a2903f24b7,LATENT_INDEX_2013_STATE_SD,MODEL_AND_LENGTH_SENSITIVITY_ENVELOPE,-0.5381819989671797
MI,2009,-0.40517577455757986,0.3718375815701908,-1.1726724160186963,0.44142878221505094,MODEL_ESTIMATED,0,1,CPS_PARTICIPATION_AND_CEV_MEMBERSHIP_LATENT_MODEL,COMMON_SCALE_CPS_2013_ANCHOR,1,0,1,REGIME_BRIDGE_ASSUMPTION;EARLY_CPS_DESIGN_BREAKS;UNKNOWN_SAMPLING_SE_WAVES,S2_FINAL_20261002T002743Z|M2_L6|inherited_base_sha256:6552cee937979c00eae89960ca07a3f13358525826877809d2c0f1a2903f24b7,LATENT_INDEX_2013_STATE_SD,MODEL_AND_LENGTH_SENSITIVITY_ENVELOPE,-0.5506161741368084
MI,2010,-0.978865865039818,0.3077372445175861,-1.6018048288562232,-0.30331472663820624,MODEL_ESTIMATED,0,1,CPS_PARTICIPATION_AND_CEV_MEMBERSHIP_LATENT_MODEL,COMMON_SCALE_CPS_2013_ANCHOR,1,0,1,REGIME_BRIDGE_ASSUMPTION;EARLY_CPS_DESIGN_BREAKS;UNKNOWN_SAMPLING_SE_WAVES,S2_FINAL_20261002T002743Z|M2_L6|inherited_base_sha256:6552cee937979c00eae89960ca07a3f13358525826877809d2c0f1a2903f24b7,LATENT_INDEX_2013_STATE_SD,MODEL_AND_LENGTH_SENSITIVITY_ENVELOPE,-0.6721078832788093
MI,2011,-0.4534852663628978,0.2522601037504313,-1.0193322776066258,0.06438116926000086,MODEL_ESTIMATED,0,1,CPS_PARTICIPATION_AND_CEV_MEMBERSHIP_LATENT_MODEL,COMMON_SCALE_CPS_2013_ANCHOR,1,0,1,REGIME_BRIDGE_ASSUMPTION;EARLY_CPS_DESIGN_BREAKS;UNKNOWN_SAMPLING_SE_WAVES,S2_FINAL_20261002T002743Z|M2_L6|inherited_base_sha256:6552cee937979c00eae89960ca07a3f13358525826877809d2c0f1a2903f24b7,LATENT_INDEX_2013_STATE_SD,MODEL_AND_LENGTH_SENSITIVITY_ENVELOPE,-0.5608467896286604
MI,2012,-0.5007601091661489,0.45408083358135065,-1.6134871351321511,0.5390883418917332,MODEL_ESTIMATED,0,0,CPS_PARTICIPATION_AND_CEV_MEMBERSHIP_LATENT_MODEL,COMMON_SCALE_CPS_2013_ANCHOR,1,0,1,REGIME_BRIDGE_ASSUMPTION;EARLY_CPS_DESIGN_BREAKS;UNKNOWN_SAMPLING_SE_WAVES,S2_FINAL_20261002T002743Z|M2_L6|inherited_base_sha256:6552cee937979c00eae89960ca07a3f13358525826877809d2c0f1a2903f24b7,LATENT_INDEX_2013_STATE_SD,MODEL_AND_LENGTH_SENSITIVITY_ENVELOPE,-0.5708582950509669
MI,2013,-0.5500685260765786,0.31579696409917035,-1.1879269356890036,0.1270094299440045,MODEL_ESTIMATED,0,1,CPS_PARTICIPATION_AND_CEV_MEMBERSHIP_LATENT_MODEL,COMMON_SCALE_CPS_2013_ANCHOR,1,0,1,REGIME_BRIDGE_ASSUMPTION;EARLY_CPS_DESIGN_BREAKS;UNKNOWN_SAMPLING_SE_WAVES,S2_FINAL_20261002T002743Z|M2_L6|inherited_base_sha256:6552cee937979c00eae89960ca07a3f13358525826877809d2c0f1a2903f24b7,LATENT_INDEX_2013_STATE_SD,MODEL_AND_LENGTH_SENSITIVITY_ENVELOPE,-0.5813004552781007
MI,2014,-0.48758797823066385,0.6838145688161912,-2.2170468755988084,0.8526885766490708,MODEL_ESTIMATED,0,0,CPS_PARTICIPATION_AND_CEV_MEMBERSHIP_LATENT_MODEL,COMMON_SCALE_CPS_2013_ANCHOR,1,0,1,REGIME_BRIDGE_ASSUMPTION;EARLY_CPS_DESIGN_BREAKS;UNKNOWN_SAMPLING_SE_WAVES;CPS_CEV_GAP,S2_FINAL_20261002T002743Z|M2_L6|inherited_base_sha256:6552cee937979c00eae89960ca07a3f13358525826877809d2c0f1a2903f24b7,LATENT_INDEX_2013_STATE_SD,MODEL_AND_LENGTH_SENSITIVITY_ENVELOPE,-0.5680688016869642
MI,2015,-0.4244037827526731,1.0087097288190383,-2.7341084476694095,1.552667285732642,MODEL_ESTIMATED,0,0,CPS_PARTICIPATION_AND_CEV_MEMBERSHIP_LATENT_MODEL,COMMON_SCALE_CPS_2013_ANCHOR,1,0,1,REGIME_BRIDGE_ASSUMPTION;EARLY_CPS_DESIGN_BREAKS;UNKNOWN_SAMPLING_SE_WAVES;CPS_CEV_GAP,S2_FINAL_20261002T002743Z|M2_L6|inherited_base_sha256:6552cee937979c00eae89960ca07a3f13358525826877809d2c0f1a2903f24b7,LATENT_INDEX_2013_STATE_SD,MODEL_AND_LENGTH_SENSITIVITY_ENVELOPE,-0.5546881349703215
MI,2016,-0.3575715158405029,1.3264014966184208,-2.987839499244053,2.2421754175316018,MODEL_ESTIMATED,0,0,CPS_PARTICIPATION_AND_CEV_MEMBERSHIP_LATENT_MODEL,COMMON_SCALE_CPS_2013_ANCHOR,1,0,1,REGIME_BRIDGE_ASSUMPTION;EARLY_CPS_DESIGN_BREAKS;UNKNOWN_SAMPLING_SE_WAVES;CPS_CEV_GAP,S2_FINAL_20261002T002743Z|M2_L6|inherited_base_sha256:6552cee937979c00eae89960ca07a3f13358525826877809d2c0f1a2903f24b7,LATENT_INDEX_2013_STATE_SD,MODEL_AND_LENGTH_SENSITIVITY_ENVELOPE,-0.5405349075262694
MI,2017,-0.28404518358460407,1.6496530423341376,-3.5173651465595137,2.949274779390305,MODEL_ESTIMATED,0,1,CPS_PARTICIPATION_AND_CEV_MEMBERSHIP_LATENT_MODEL,COMMON_SCALE_CPS_2013_ANCHOR,1,0,1,REGIME_BRIDGE_ASSUMPTION;EARLY_CPS_DESIGN_BREAKS;UNKNOWN_SAMPLING_SE_WAVES,S2_FINAL_20261002T002743Z|M2_L6|inherited_base_sha256:6552cee937979c00eae89960ca07a3f13358525826877809d2c0f1a2903f24b7,LATENT_INDEX_2013_STATE_SD,MODEL_AND_LENGTH_SENSITIVITY_ENVELOPE,-0.5249640620107003
MI,2018,-0.17251263894082386,1.678676871061128,-3.462719306220635,3.117694028338987,MODEL_ESTIMATED,0,0,CPS_PARTICIPATION_AND_CEV_MEMBERSHIP_LATENT_MODEL,COMMON_SCALE_CPS_2013_ANCHOR,1,0,1,REGIME_BRIDGE_ASSUMPTION;EARLY_CPS_DESIGN_BREAKS;UNKNOWN_SAMPLING_SE_WAVES,S2_FINAL_20261002T002743Z|M2_L6|inherited_base_sha256:6552cee937979c00eae89960ca07a3f13358525826877809d2c0f1a2903f24b7,LATENT_INDEX_2013_STATE_SD,MODEL_AND_LENGTH_SENSITIVITY_ENVELOPE,-0.5013445508869521
MI,2019,-0.04676311275445684,1.6516095702110722,-3.283917870368158,3.1903916448592446,MODEL_ESTIMATED,0,1,CPS_PARTICIPATION_AND_CEV_MEMBERSHIP_LATENT_MODEL,COMMON_SCALE_CPS_2013_ANCHOR,1,0,1,REGIME_BRIDGE_ASSUMPTION;EARLY_CPS_DESIGN_BREAKS;UNKNOWN_SAMPLING_SE_WAVES,S2_FINAL_20261002T002743Z|M2_L6|inherited_base_sha256:6552cee937979c00eae89960ca07a3f13358525826877809d2c0f1a2903f24b7,LATENT_INDEX_2013_STATE_SD,MODEL_AND_LENGTH_SENSITIVITY_ENVELOPE,-0.47471427591159665
MI,2020,-0.47529599866263306,1.685798095470674,-3.7794602657851537,2.8288682684598876,MODEL_ESTIMATED,0,0,CPS_PARTICIPATION_AND_CEV_MEMBERSHIP_LATENT_MODEL,COMMON_SCALE_CPS_2013_ANCHOR,1,0,1,REGIME_BRIDGE_ASSUMPTION;EARLY_CPS_DESIGN_BREAKS;UNKNOWN_SAMPLING_SE_WAVES,S2_FINAL_20261002T002743Z|M2_L6|inherited_base_sha256:6552cee937979c00eae89960ca07a3f13358525826877809d2c0f1a2903f24b7,LATENT_INDEX_2013_STATE_SD,MODEL_AND_LENGTH_SENSITIVITY_ENVELOPE,-0.5654657000625256
MI,2021,-0.8956715575846959,1.6557291435131791,-4.140900678870526,2.349557563701135,MODEL_ESTIMATED,0,1,CPS_PARTICIPATION_AND_CEV_MEMBERSHIP_LATENT_MODEL,COMMON_SCALE_CPS_2013_ANCHOR,1,0,1,REGIME_BRIDGE_ASSUMPTION;EARLY_CPS_DESIGN_BREAKS;UNKNOWN_SAMPLING_SE_WAVES,S2_FINAL_20261002T002743Z|M2_L6|inherited_base_sha256:6552cee937979c00eae89960ca07a3f13358525826877809d2c0f1a2903f24b7,LATENT_INDEX_2013_STATE_SD,MODEL_AND_LENGTH_SENSITIVITY_ENVELOPE,-0.6544896277584609
MI,2022,-1.0195893409579007,1.6968277388262216,-4.345371709057295,2.306193027141494,MODEL_ESTIMATED,0,0,CPS_PARTICIPATION_AND_CEV_MEMBERSHIP_LATENT_MODEL,COMMON_SCALE_CPS_2013_ANCHOR,1,0,1,REGIME_BRIDGE_ASSUMPTION;EARLY_CPS_DESIGN_BREAKS;UNKNOWN_SAMPLING_SE_WAVES,S2_FINAL_20261002T002743Z|M2_L6|inherited_base_sha256:6552cee937979c00eae89960ca07a3f13358525826877809d2c0f1a2903f24b7,LATENT_INDEX_2013_STATE_SD,MODEL_AND_LENGTH_SENSITIVITY_ENVELOPE,-0.6807319902201234
MI,2023,-1.1481336061057894,1.6730184604302814,-4.42724978854914,2.130982576337562,MODEL_ESTIMATED,0,1,CPS_PARTICIPATION_AND_CEV_MEMBERSHIP_LATENT_MODEL,COMMON_SCALE_CPS_2013_ANCHOR,1,0,1,REGIME_BRIDGE_ASSUMPTION;EARLY_CPS_DESIGN_BREAKS;UNKNOWN_SAMPLING_SE_WAVES,S2_FINAL_20261002T002743Z|M2_L6|inherited_base_sha256:6552cee937979c00eae89960ca07a3f13358525826877809d2c0f1a2903f24b7,LATENT_INDEX_2013_STATE_SD,MODEL_AND_LENGTH_SENSITIVITY_ENVELOPE,-0.7079541136841909
MN,2000,1.5700506507629945,1.8851078846608906,-2.124760803172351,6.408230837784657,MODEL_ESTIMATED,0,0,CPS_PARTICIPATION_AND_CEV_MEMBERSHIP_LATENT_MODEL,COMMON_SCALE_CPS_2013_ANCHOR,1,1,1,REGIME_BRIDGE_ASSUMPTION;EARLY_CPS_DESIGN_BREAKS;UNKNOWN_SAMPLING_SE_WAVES;BACKCAST;BACKCAST_MODEL_SENSITIVITY,S2_FINAL_20261002T002743Z|M2_L6|inherited_base_sha256:6552cee937979c00eae89960ca07a3f13358525826877809d2c0f1a2903f24b7,LATENT_INDEX_2013_STATE_SD,MODEL_AND_LENGTH_SENSITIVITY_ENVELOPE,-0.13231779608234
MN,2001,1.5322284942799833,1.7504254473135752,-1.9008796075002334,6.0083192408726624,MODEL_ESTIMATED,0,0,CPS_PARTICIPATION_AND_CEV_MEMBERSHIP_LATENT_MODEL,COMMON_SCALE_CPS_2013_ANCHOR,1,1,1,REGIME_BRIDGE_ASSUMPTION;EARLY_CPS_DESIGN_BREAKS;UNKNOWN_SAMPLING_SE_WAVES;BACKCAST;BACKCAST_MODEL_SENSITIVITY,S2_FINAL_20261002T002743Z|M2_L6|inherited_base_sha256:6552cee937979c00eae89960ca07a3f13358525826877809d2c0f1a2903f24b7,LATENT_INDEX_2013_STATE_SD,MODEL_AND_LENGTH_SENSITIVITY_ENVELOPE,-0.14032748373564197
MN,2002,1.4952674146718197,1.6142291987921014,-1.6771763633198256,5.601171685617464,MODEL_ESTIMATED,0,0,CPS_PARTICIPATION_AND_CEV_MEMBERSHIP_LATENT_MODEL,COMMON_SCALE_CPS_2013_ANCHOR,1,1,1,REGIME_BRIDGE_ASSUMPTION;EARLY_CPS_DESIGN_BREAKS;UNKNOWN_SAMPLING_SE_WAVES;BACKCAST;BACKCAST_MODEL_SENSITIVITY,S2_FINAL_20261002T002743Z|M2_L6|inherited_base_sha256:6552cee937979c00eae89960ca07a3f13358525826877809d2c0f1a2903f24b7,LATENT_INDEX_2013_STATE_SD,MODEL_AND_LENGTH_SENSITIVITY_ENVELOPE,-0.1481548190998535
MN,2003,1.4593235771960298,1.475621369118516,-1.4440648107373593,5.184630974160777,MODEL_ESTIMATED,0,0,CPS_PARTICIPATION_AND_CEV_MEMBERSHIP_LATENT_MODEL,COMMON_SCALE_CPS_2013_ANCHOR,1,1,1,REGIME_BRIDGE_ASSUMPTION;EARLY_CPS_DESIGN_BREAKS;UNKNOWN_SAMPLING_SE_WAVES;BACKCAST;BACKCAST_MODEL_SENSITIVITY,S2_FINAL_20261002T002743Z|M2_L6|inherited_base_sha256:6552cee937979c00eae89960ca07a3f13358525826877809d2c0f1a2903f24b7,LATENT_INDEX_2013_STATE_SD,MODEL_AND_LENGTH_SENSITIVITY_ENVELOPE,-0.1557667306885394
MN,2004,1.4245814693057295,1.3332335490244043,-1.1988328884281423,4.755558237403108,MODEL_ESTIMATED,0,0,CPS_PARTICIPATION_AND_CEV_MEMBERSHIP_LATENT_MODEL,COMMON_SCALE_CPS_2013_ANCHOR,1,1,1,REGIME_BRIDGE_ASSUMPTION;EARLY_CPS_DESIGN_BREAKS;UNKNOWN_SAMPLING_SE_WAVES;BACKCAST;BACKCAST_MODEL_SENSITIVITY,S2_FINAL_20261002T002743Z|M2_L6|inherited_base_sha256:6552cee937979c00eae89960ca07a3f13358525826877809d2c0f1a2903f24b7,LATENT_INDEX_2013_STATE_SD,MODEL_AND_LENGTH_SENSITIVITY_ENVELOPE,-0.16312414915682838
MN,2005,1.3912590371746902,1.1848903860867395,-0.9373995058597191,4.339910205282943,MODEL_ESTIMATED,0,0,CPS_PARTICIPATION_AND_CEV_MEMBERSHIP_LATENT_MODEL,COMMON_SCALE_CPS_2013_ANCHOR,1,1,1,REGIME_BRIDGE_ASSUMPTION;EARLY_CPS_DESIGN_BREAKS;UNKNOWN_SAMPLING_SE_WAVES;BACKCAST;BACKCAST_MODEL_SENSITIVITY,S2_FINAL_20261002T002743Z|M2_L6|inherited_base_sha256:6552cee937979c00eae89960ca07a3f13358525826877809d2c0f1a2903f24b7,LATENT_INDEX_2013_STATE_SD,MODEL_AND_LENGTH_SENSITIVITY_ENVELOPE,-0.17018091952733494
MN,2006,1.3596137537847515,1.0269054266127735,-0.6531256661594224,3.9515413353995728,MODEL_ESTIMATED,0,0,CPS_PARTICIPATION_AND_CEV_MEMBERSHIP_LATENT_MODEL,COMMON_SCALE_CPS_2013_ANCHOR,1,1,1,REGIME_BRIDGE_ASSUMPTION;EARLY_CPS_DESIGN_BREAKS;UNKNOWN_SAMPLING_SE_WAVES;BACKCAST;BACKCAST_MODEL_SENSITIVITY,S2_FINAL_20261002T002743Z|M2_L6|inherited_base_sha256:6552cee937979c00eae89960ca07a3f13358525826877809d2c0f1a2903f24b7,LATENT_INDEX_2013_STATE_SD,MODEL_AND_LENGTH_SENSITIVITY_ENVELOPE,-0.17688251613691708
MN,2007,1.329949787524036,0.852347606127934,-0.34065152048671465,3.5020314976864872,MODEL_ESTIMATED,0,0,CPS_PARTICIPATION_AND_CEV_MEMBERSHIP_LATENT_MODEL,COMMON_SCALE_CPS_2013_ANCHOR,1,1,1,REGIME_BRIDGE_ASSUMPTION;EARLY_CPS_DESIGN_BREAKS;UNKNOWN_SAMPLING_SE_WAVES;BACKCAST;BACKCAST_MODEL_SENSITIVITY,S2_FINAL_20261002T002743Z|M2_L6|inherited_base_sha256:6552cee937979c00eae89960ca07a3f13358525826877809d2c0f1a2903f24b7,LATENT_INDEX_2013_STATE_SD,MODEL_AND_LENGTH_SENSITIVITY_ENVELOPE,-0.18316452452565452
MN,2008,1.3026264708851083,0.6454321092147728,0.0375795368241536,2.930215540967681,MODEL_ESTIMATED,0,0,CPS_PARTICIPATION_AND_CEV_MEMBERSHIP_LATENT_MODEL,COMMON_SCALE_CPS_2013_ANCHOR,1,1,1,REGIME_BRIDGE_ASSUMPTION;EARLY_CPS_DESIGN_BREAKS;UNKNOWN_SAMPLING_SE_WAVES;BACKCAST;BACKCAST_MODEL_SENSITIVITY;NO_DIRECT_OBSERVATION_AVAILABLE_IN_CURRENT_EVIDENCE,S2_FINAL_20261002T002743Z|M2_L6|inherited_base_sha256:6552cee937979c00eae89960ca07a3f13358525826877809d2c0f1a2903f24b7,LATENT_INDEX_2013_STATE_SD,MODEL_AND_LENGTH_SENSITIVITY_ENVELOPE,-0.18895084800058332
MN,2009,1.2780683050497734,0.34765268357841334,0.5902054751611567,1.9857937556215572,MODEL_ESTIMATED,0,1,CPS_PARTICIPATION_AND_CEV_MEMBERSHIP_LATENT_MODEL,COMMON_SCALE_CPS_2013_ANCHOR,1,0,1,REGIME_BRIDGE_ASSUMPTION;EARLY_CPS_DESIGN_BREAKS;UNKNOWN_SAMPLING_SE_WAVES,S2_FINAL_20261002T002743Z|M2_L6|inherited_base_sha256:6552cee937979c00eae89960ca07a3f13358525826877809d2c0f1a2903f24b7,LATENT_INDEX_2013_STATE_SD,MODEL_AND_LENGTH_SENSITIVITY_ENVELOPE,-0.1941515889410788
MN,2010,1.0619786029650229,0.30482765539188833,0.45424671408500183,1.712246600252519,MODEL_ESTIMATED,0,1,CPS_PARTICIPATION_AND_CEV_MEMBERSHIP_LATENT_MODEL,COMMON_SCALE_CPS_2013_ANCHOR,1,0,1,REGIME_BRIDGE_ASSUMPTION;EARLY_CPS_DESIGN_BREAKS;UNKNOWN_SAMPLING_SE_WAVES,S2_FINAL_20261002T002743Z|M2_L6|inherited_base_sha256:6552cee937979c00eae89960ca07a3f13358525826877809d2c0f1a2903f24b7,LATENT_INDEX_2013_STATE_SD,MODEL_AND_LENGTH_SENSITIVITY_ENVELOPE,-0.23991341692070112
MN,2011,1.9307087357391763,0.2434919391037259,1.441032055854925,2.433421497159677,MODEL_ESTIMATED,0,1,CPS_PARTICIPATION_AND_CEV_MEMBERSHIP_LATENT_MODEL,COMMON_SCALE_CPS_2013_ANCHOR,1,0,1,REGIME_BRIDGE_ASSUMPTION;EARLY_CPS_DESIGN_BREAKS;UNKNOWN_SAMPLING_SE_WAVES,S2_FINAL_20261002T002743Z|M2_L6|inherited_base_sha256:6552cee937979c00eae89960ca07a3f13358525826877809d2c0f1a2903f24b7,LATENT_INDEX_2013_STATE_SD,MODEL_AND_LENGTH_SENSITIVITY_ENVELOPE,-0.05594037927389345
MN,2012,1.6525265473594735,0.45633385224853223,0.5281008288042743,2.689221550113704,MODEL_ESTIMATED,0,0,CPS_PARTICIPATION_AND_CEV_MEMBERSHIP_LATENT_MODEL,COMMON_SCALE_CPS_2013_ANCHOR,1,0,1,REGIME_BRIDGE_ASSUMPTION;EARLY_CPS_DESIGN_BREAKS;UNKNOWN_SAMPLING_SE_WAVES,S2_FINAL_20261002T002743Z|M2_L6|inherited_base_sha256:6552cee937979c00eae89960ca07a3f13358525826877809d2c0f1a2903f24b7,LATENT_INDEX_2013_STATE_SD,MODEL_AND_LENGTH_SENSITIVITY_ENVELOPE,-0.11485168013095182
MN,2013,1.3915924388238843,0.32868122464868904,0.6849902220330175,2.0612709069906403,MODEL_ESTIMATED,0,1,CPS_PARTICIPATION_AND_CEV_MEMBERSHIP_LATENT_MODEL,COMMON_SCALE_CPS_2013_ANCHOR,1,0,1,REGIME_BRIDGE_ASSUMPTION;EARLY_CPS_DESIGN_BREAKS;UNKNOWN_SAMPLING_SE_WAVES,S2_FINAL_20261002T002743Z|M2_L6|inherited_base_sha256:6552cee937979c00eae89960ca07a3f13358525826877809d2c0f1a2903f24b7,LATENT_INDEX_2013_STATE_SD,MODEL_AND_LENGTH_SENSITIVITY_ENVELOPE,-0.170110314270484
MN,2014,1.3301356524453323,0.6897177401383326,-0.4492870102627213,2.681982423116464,MODEL_ESTIMATED,0,0,CPS_PARTICIPATION_AND_CEV_MEMBERSHIP_LATENT_MODEL,COMMON_SCALE_CPS_2013_ANCHOR,1,0,1,REGIME_BRIDGE_ASSUMPTION;EARLY_CPS_DESIGN_BREAKS;UNKNOWN_SAMPLING_SE_WAVES;CPS_CEV_GAP,S2_FINAL_20261002T002743Z|M2_L6|inherited_base_sha256:6552cee937979c00eae89960ca07a3f13358525826877809d2c0f1a2903f24b7,LATENT_INDEX_2013_STATE_SD,MODEL_AND_LENGTH_SENSITIVITY_ENVELOPE,-0.18312516347108437
MN,2015,1.2793213756585287,1.0107623599012368,-1.0665714836632783,3.2604156010649525,MODEL_ESTIMATED,0,0,CPS_PARTICIPATION_AND_CEV_MEMBERSHIP_LATENT_MODEL,COMMON_SCALE_CPS_2013_ANCHOR,1,0,1,REGIME_BRIDGE_ASSUMPTION;EARLY_CPS_DESIGN_BREAKS;UNKNOWN_SAMPLING_SE_WAVES;CPS_CEV_GAP,S2_FINAL_20261002T002743Z|M2_L6|inherited_base_sha256:6552cee937979c00eae89960ca07a3f13358525826877809d2c0f1a2903f24b7,LATENT_INDEX_2013_STATE_SD,MODEL_AND_LENGTH_SENSITIVITY_ENVELOPE,-0.193886223210593
MN,2016,1.2389200710967943,1.3249287570208266,-1.4124364483622096,3.8357804348576146,MODEL_ESTIMATED,0,0,CPS_PARTICIPATION_AND_CEV_MEMBERSHIP_LATENT_MODEL,COMMON_SCALE_CPS_2013_ANCHOR,1,0,1,REGIME_BRIDGE_ASSUMPTION;EARLY_CPS_DESIGN_BREAKS;UNKNOWN_SAMPLING_SE_WAVES;CPS_CEV_GAP,S2_FINAL_20261002T002743Z|M2_L6|inherited_base_sha256:6552cee937979c00eae89960ca07a3f13358525826877809d2c0f1a2903f24b7,LATENT_INDEX_2013_STATE_SD,MODEL_AND_LENGTH_SENSITIVITY_ENVELOPE,-0.202442103160769
MN,2017,1.2089921208005898,1.6456315998070399,-2.0164458148212083,4.4344300564223875,MODEL_ESTIMATED,0,1,CPS_PARTICIPATION_AND_CEV_MEMBERSHIP_LATENT_MODEL,COMMON_SCALE_CPS_2013_ANCHOR,1,0,1,REGIME_BRIDGE_ASSUMPTION;EARLY_CPS_DESIGN_BREAKS;UNKNOWN_SAMPLING_SE_WAVES,S2_FINAL_20261002T002743Z|M2_L6|inherited_base_sha256:6552cee937979c00eae89960ca07a3f13358525826877809d2c0f1a2903f24b7,LATENT_INDEX_2013_STATE_SD,MODEL_AND_LENGTH_SENSITIVITY_ENVELOPE,-0.20878001607390012
MN,2018,1.1906662771140093,1.677573208609754,-2.0973772117611085,4.478709765989127,MODEL_ESTIMATED,0,0,CPS_PARTICIPATION_AND_CEV_MEMBERSHIP_LATENT_MODEL,COMMON_SCALE_CPS_2013_ANCHOR,1,0,1,REGIME_BRIDGE_ASSUMPTION;EARLY_CPS_DESIGN_BREAKS;UNKNOWN_SAMPLING_SE_WAVES,S2_FINAL_20261002T002743Z|M2_L6|inherited_base_sha256:6552cee937979c00eae89960ca07a3f13358525826877809d2c0f1a2903f24b7,LATENT_INDEX_2013_STATE_SD,MODEL_AND_LENGTH_SENSITIVITY_ENVELOPE,-0.21266092339283305
MN,2019,1.1838407803688333,1.6573736729435935,-2.06461161860061,4.432293179338276,MODEL_ESTIMATED,0,1,CPS_PARTICIPATION_AND_CEV_MEMBERSHIP_LATENT_MODEL,COMMON_SCALE_CPS_2013_ANCHOR,1,0,1,REGIME_BRIDGE_ASSUMPTION;EARLY_CPS_DESIGN_BREAKS;UNKNOWN_SAMPLING_SE_WAVES,S2_FINAL_20261002T002743Z|M2_L6|inherited_base_sha256:6552cee937979c00eae89960ca07a3f13358525826877809d2c0f1a2903f24b7,LATENT_INDEX_2013_STATE_SD,MODEL_AND_LENGTH_SENSITIVITY_ENVELOPE,-0.21410637500350588
MN,2020,0.9071655164453007,1.6869921342953127,-2.399339066773512,4.213670099664114,MODEL_ESTIMATED,0,0,CPS_PARTICIPATION_AND_CEV_MEMBERSHIP_LATENT_MODEL,COMMON_SCALE_CPS_2013_ANCHOR,1,0,1,REGIME_BRIDGE_ASSUMPTION;EARLY_CPS_DESIGN_BREAKS;UNKNOWN_SAMPLING_SE_WAVES,S2_FINAL_20261002T002743Z|M2_L6|inherited_base_sha256:6552cee937979c00eae89960ca07a3f13358525826877809d2c0f1a2903f24b7,LATENT_INDEX_2013_STATE_SD,MODEL_AND_LENGTH_SENSITIVITY_ENVELOPE,-0.2726985508996047
MN,2021,0.6364678136858264,1.656905085170251,-2.611066153247865,3.884001780619518,MODEL_ESTIMATED,0,1,CPS_PARTICIPATION_AND_CEV_MEMBERSHIP_LATENT_MODEL,COMMON_SCALE_CPS_2013_ANCHOR,1,0,1,REGIME_BRIDGE_ASSUMPTION;EARLY_CPS_DESIGN_BREAKS;UNKNOWN_SAMPLING_SE_WAVES,S2_FINAL_20261002T002743Z|M2_L6|inherited_base_sha256:6552cee937979c00eae89960ca07a3f13358525826877809d2c0f1a2903f24b7,LATENT_INDEX_2013_STATE_SD,MODEL_AND_LENGTH_SENSITIVITY_ENVELOPE,-0.33002484451122516
MN,2022,0.7428434650670882,1.695189849108418,-2.579728639185411,4.065415569319588,MODEL_ESTIMATED,0,0,CPS_PARTICIPATION_AND_CEV_MEMBERSHIP_LATENT_MODEL,COMMON_SCALE_CPS_2013_ANCHOR,1,0,1,REGIME_BRIDGE_ASSUMPTION;EARLY_CPS_DESIGN_BREAKS;UNKNOWN_SAMPLING_SE_WAVES,S2_FINAL_20261002T002743Z|M2_L6|inherited_base_sha256:6552cee937979c00eae89960ca07a3f13358525826877809d2c0f1a2903f24b7,LATENT_INDEX_2013_STATE_SD,MODEL_AND_LENGTH_SENSITIVITY_ENVELOPE,-0.3074974208868436
MN,2023,0.8529920818767527,1.6645810903310778,-2.4095868551721598,4.115571018925666,MODEL_ESTIMATED,0,1,CPS_PARTICIPATION_AND_CEV_MEMBERSHIP_LATENT_MODEL,COMMON_SCALE_CPS_2013_ANCHOR,1,0,1,REGIME_BRIDGE_ASSUMPTION;EARLY_CPS_DESIGN_BREAKS;UNKNOWN_SAMPLING_SE_WAVES,S2_FINAL_20261002T002743Z|M2_L6|inherited_base_sha256:6552cee937979c00eae89960ca07a3f13358525826877809d2c0f1a2903f24b7,LATENT_INDEX_2013_STATE_SD,MODEL_AND_LENGTH_SENSITIVITY_ENVELOPE,-0.28417098743810726
MO,2000,0.30033923966964793,1.887117912881103,-3.398411869577314,5.155451009229083,MODEL_ESTIMATED,0,0,CPS_PARTICIPATION_AND_CEV_MEMBERSHIP_LATENT_MODEL,COMMON_SCALE_CPS_2013_ANCHOR,1,1,1,REGIME_BRIDGE_ASSUMPTION;EARLY_CPS_DESIGN_BREAKS;UNKNOWN_SAMPLING_SE_WAVES;BACKCAST;BACKCAST_MODEL_SENSITIVITY,S2_FINAL_20261002T002743Z|M2_L6|inherited_base_sha256:6552cee937979c00eae89960ca07a3f13358525826877809d2c0f1a2903f24b7,LATENT_INDEX_2013_STATE_SD,MODEL_AND_LENGTH_SENSITIVITY_ENVELOPE,-0.40120758868998907
MO,2001,0.24051924760320786,1.7537415514228925,-3.196814193185661,4.726452397551967,MODEL_ESTIMATED,0,0,CPS_PARTICIPATION_AND_CEV_MEMBERSHIP_LATENT_MODEL,COMMON_SCALE_CPS_2013_ANCHOR,1,1,1,REGIME_BRIDGE_ASSUMPTION;EARLY_CPS_DESIGN_BREAKS;UNKNOWN_SAMPLING_SE_WAVES;BACKCAST;BACKCAST_MODEL_SENSITIVITY,S2_FINAL_20261002T002743Z|M2_L6|inherited_base_sha256:6552cee937979c00eae89960ca07a3f13358525826877809d2c0f1a2903f24b7,LATENT_INDEX_2013_STATE_SD,MODEL_AND_LENGTH_SENSITIVITY_ENVELOPE,-0.41387581008266405
MO,2002,0.17757079586805327,1.6189405740389031,-2.9959449599110832,4.287728596765579,MODEL_ESTIMATED,0,0,CPS_PARTICIPATION_AND_CEV_MEMBERSHIP_LATENT_MODEL,COMMON_SCALE_CPS_2013_ANCHOR,1,1,1,REGIME_BRIDGE_ASSUMPTION;EARLY_CPS_DESIGN_BREAKS;UNKNOWN_SAMPLING_SE_WAVES;BACKCAST;BACKCAST_MODEL_SENSITIVITY,S2_FINAL_20261002T002743Z|M2_L6|inherited_base_sha256:6552cee937979c00eae89960ca07a3f13358525826877809d2c0f1a2903f24b7,LATENT_INDEX_2013_STATE_SD,MODEL_AND_LENGTH_SENSITIVITY_ENVELOPE,-0.4272065527885701
MO,2003,0.11092650572702298,1.4816772970516454,-2.7979803010423576,3.8369232051551845,MODEL_ESTIMATED,0,0,CPS_PARTICIPATION_AND_CEV_MEMBERSHIP_LATENT_MODEL,COMMON_SCALE_CPS_2013_ANCHOR,1,1,1,REGIME_BRIDGE_ASSUMPTION;EARLY_CPS_DESIGN_BREAKS;UNKNOWN_SAMPLING_SE_WAVES;BACKCAST;BACKCAST_MODEL_SENSITIVITY,S2_FINAL_20261002T002743Z|M2_L6|inherited_base_sha256:6552cee937979c00eae89960ca07a3f13358525826877809d2c0f1a2903f24b7,LATENT_INDEX_2013_STATE_SD,MODEL_AND_LENGTH_SENSITIVITY_ENVELOPE,-0.44131997194660916
MO,2004,0.03991609840096074,1.3403686714587897,-2.5910446406651517,3.370691984606752,MODEL_ESTIMATED,0,0,CPS_PARTICIPATION_AND_CEV_MEMBERSHIP_LATENT_MODEL,COMMON_SCALE_CPS_2013_ANCHOR,1,1,1,REGIME_BRIDGE_ASSUMPTION;EARLY_CPS_DESIGN_BREAKS;UNKNOWN_SAMPLING_SE_WAVES;BACKCAST;BACKCAST_MODEL_SENSITIVITY,S2_FINAL_20261002T002743Z|M2_L6|inherited_base_sha256:6552cee937979c00eae89960ca07a3f13358525826877809d2c0f1a2903f24b7,LATENT_INDEX_2013_STATE_SD,MODEL_AND_LENGTH_SENSITIVITY_ENVELOPE,-0.4563580140812764
MO,2005,-0.03625226692544995,1.1925434645187292,-2.3736374573821593,2.9674655515711885,MODEL_ESTIMATED,0,0,CPS_PARTICIPATION_AND_CEV_MEMBERSHIP_LATENT_MODEL,COMMON_SCALE_CPS_2013_ANCHOR,1,1,1,REGIME_BRIDGE_ASSUMPTION;EARLY_CPS_DESIGN_BREAKS;UNKNOWN_SAMPLING_SE_WAVES;BACKCAST;BACKCAST_MODEL_SENSITIVITY,S2_FINAL_20261002T002743Z|M2_L6|inherited_base_sha256:6552cee937979c00eae89960ca07a3f13358525826877809d2c0f1a2903f24b7,LATENT_INDEX_2013_STATE_SD,MODEL_AND_LENGTH_SENSITIVITY_ENVELOPE,-0.4724883691973623
MO,2006,-0.11851403964468679,1.0341783516670269,-2.1455036089120596,2.5228624775614734,MODEL_ESTIMATED,0,0,CPS_PARTICIPATION_AND_CEV_MEMBERSHIP_LATENT_MODEL,COMMON_SCALE_CPS_2013_ANCHOR,1,1,1,REGIME_BRIDGE_ASSUMPTION;EARLY_CPS_DESIGN_BREAKS;UNKNOWN_SAMPLING_SE_WAVES;BACKCAST;BACKCAST_MODEL_SENSITIVITY,S2_FINAL_20261002T002743Z|M2_L6|inherited_base_sha256:6552cee937979c00eae89960ca07a3f13358525826877809d2c0f1a2903f24b7,LATENT_INDEX_2013_STATE_SD,MODEL_AND_LENGTH_SENSITIVITY_ENVELOPE,-0.4899091396281535
MO,2007,-0.20797432263727034,0.8581779163129092,-1.8900030386105724,1.9949069305320577,MODEL_ESTIMATED,0,0,CPS_PARTICIPATION_AND_CEV_MEMBERSHIP_LATENT_MODEL,COMMON_SCALE_CPS_2013_ANCHOR,1,1,1,REGIME_BRIDGE_ASSUMPTION;EARLY_CPS_DESIGN_BREAKS;UNKNOWN_SAMPLING_SE_WAVES;BACKCAST;BACKCAST_MODEL_SENSITIVITY,S2_FINAL_20261002T002743Z|M2_L6|inherited_base_sha256:6552cee937979c00eae89960ca07a3f13358525826877809d2c0f1a2903f24b7,LATENT_INDEX_2013_STATE_SD,MODEL_AND_LENGTH_SENSITIVITY_ENVELOPE,-0.5088543556278929
MO,2008,-0.3059386406984057,0.6497103457220531,-1.5793709183136297,1.313792693023308,MODEL_ESTIMATED,0,0,CPS_PARTICIPATION_AND_CEV_MEMBERSHIP_LATENT_MODEL,COMMON_SCALE_CPS_2013_ANCHOR,1,1,1,REGIME_BRIDGE_ASSUMPTION;EARLY_CPS_DESIGN_BREAKS;UNKNOWN_SAMPLING_SE_WAVES;BACKCAST;BACKCAST_MODEL_SENSITIVITY;NO_DIRECT_OBSERVATION_AVAILABLE_IN_CURRENT_EVIDENCE,S2_FINAL_20261002T002743Z|M2_L6|inherited_base_sha256:6552cee937979c00eae89960ca07a3f13358525826877809d2c0f1a2903f24b7,LATENT_INDEX_2013_STATE_SD,MODEL_AND_LENGTH_SENSITIVITY_ENVELOPE,-0.529600491274359
MO,2009,-0.4139492891391192,0.3593629940574041,-1.1659331917155198,0.3199822680402413,MODEL_ESTIMATED,0,1,CPS_PARTICIPATION_AND_CEV_MEMBERSHIP_LATENT_MODEL,COMMON_SCALE_CPS_2013_ANCHOR,1,0,1,REGIME_BRIDGE_ASSUMPTION;EARLY_CPS_DESIGN_BREAKS;UNKNOWN_SAMPLING_SE_WAVES,S2_FINAL_20261002T002743Z|M2_L6|inherited_base_sha256:6552cee937979c00eae89960ca07a3f13358525826877809d2c0f1a2903f24b7,LATENT_INDEX_2013_STATE_SD,MODEL_AND_LENGTH_SENSITIVITY_ENVELOPE,-0.5524741620982137
MO,2010,-0.519552920383132,0.3260552457230433,-1.2175693199099946,0.1287322489968852,MODEL_ESTIMATED,0,1,CPS_PARTICIPATION_AND_CEV_MEMBERSHIP_LATENT_MODEL,COMMON_SCALE_CPS_2013_ANCHOR,1,0,1,REGIME_BRIDGE_ASSUMPTION;EARLY_CPS_DESIGN_BREAKS;UNKNOWN_SAMPLING_SE_WAVES,S2_FINAL_20261002T002743Z|M2_L6|inherited_base_sha256:6552cee937979c00eae89960ca07a3f13358525826877809d2c0f1a2903f24b7,LATENT_INDEX_2013_STATE_SD,MODEL_AND_LENGTH_SENSITIVITY_ENVELOPE,-0.5748380931897408
MO,2011,0.6573799411886945,0.32445596694271533,0.009419474361526528,1.3653046715506973,MODEL_ESTIMATED,0,1,CPS_PARTICIPATION_AND_CEV_MEMBERSHIP_LATENT_MODEL,COMMON_SCALE_CPS_2013_ANCHOR,1,0,1,REGIME_BRIDGE_ASSUMPTION;EARLY_CPS_DESIGN_BREAKS;UNKNOWN_SAMPLING_SE_WAVES,S2_FINAL_20261002T002743Z|M2_L6|inherited_base_sha256:6552cee937979c00eae89960ca07a3f13358525826877809d2c0f1a2903f24b7,LATENT_INDEX_2013_STATE_SD,MODEL_AND_LENGTH_SENSITIVITY_ENVELOPE,-0.32559623374337443
MO,2012,0.5332766848588153,0.4843560183311573,-0.6067928895221382,1.6465565676754246,MODEL_ESTIMATED,0,0,CPS_PARTICIPATION_AND_CEV_MEMBERSHIP_LATENT_MODEL,COMMON_SCALE_CPS_2013_ANCHOR,1,0,1,REGIME_BRIDGE_ASSUMPTION;EARLY_CPS_DESIGN_BREAKS;UNKNOWN_SAMPLING_SE_WAVES,S2_FINAL_20261002T002743Z|M2_L6|inherited_base_sha256:6552cee937979c00eae89960ca07a3f13358525826877809d2c0f1a2903f24b7,LATENT_INDEX_2013_STATE_SD,MODEL_AND_LENGTH_SENSITIVITY_ENVELOPE,-0.35187787425233086
MO,2013,0.42723360976107483,0.3619131152584357,-0.2921449786104881,1.2127368286681426,MODEL_ESTIMATED,0,1,CPS_PARTICIPATION_AND_CEV_MEMBERSHIP_LATENT_MODEL,COMMON_SCALE_CPS_2013_ANCHOR,1,0,1,REGIME_BRIDGE_ASSUMPTION;EARLY_CPS_DESIGN_BREAKS;UNKNOWN_SAMPLING_SE_WAVES,S2_FINAL_20261002T002743Z|M2_L6|inherited_base_sha256:6552cee937979c00eae89960ca07a3f13358525826877809d2c0f1a2903f24b7,LATENT_INDEX_2013_STATE_SD,MODEL_AND_LENGTH_SENSITIVITY_ENVELOPE,-0.37433486740950467
MO,2014,0.306154965239457,0.7018807081851242,-1.4901786283006482,1.6818411532823003,MODEL_ESTIMATED,0,0,CPS_PARTICIPATION_AND_CEV_MEMBERSHIP_LATENT_MODEL,COMMON_SCALE_CPS_2013_ANCHOR,1,0,1,REGIME_BRIDGE_ASSUMPTION;EARLY_CPS_DESIGN_BREAKS;UNKNOWN_SAMPLING_SE_WAVES;CPS_CEV_GAP,S2_FINAL_20261002T002743Z|M2_L6|inherited_base_sha256:6552cee937979c00eae89960ca07a3f13358525826877809d2c0f1a2903f24b7,LATENT_INDEX_2013_STATE_SD,MODEL_AND_LENGTH_SENSITIVITY_ENVELOPE,-0.39997597871258295
MO,2015,0.1991834292001053,1.0200599259507401,-2.182329106795508,2.198500884063556,MODEL_ESTIMATED,0,0,CPS_PARTICIPATION_AND_CEV_MEMBERSHIP_LATENT_MODEL,COMMON_SCALE_CPS_2013_ANCHOR,1,0,1,REGIME_BRIDGE_ASSUMPTION;EARLY_CPS_DESIGN_BREAKS;UNKNOWN_SAMPLING_SE_WAVES;CPS_CEV_GAP,S2_FINAL_20261002T002743Z|M2_L6|inherited_base_sha256:6552cee937979c00eae89960ca07a3f13358525826877809d2c0f1a2903f24b7,LATENT_INDEX_2013_STATE_SD,MODEL_AND_LENGTH_SENSITIVITY_ENVELOPE,-0.42262959424225255
MO,2016,0.10452592612820348,1.333308217206699,-2.594626583878845,2.717810031853334,MODEL_ESTIMATED,0,0,CPS_PARTICIPATION_AND_CEV_MEMBERSHIP_LATENT_MODEL,COMMON_SCALE_CPS_2013_ANCHOR,1,0,1,REGIME_BRIDGE_ASSUMPTION;EARLY_CPS_DESIGN_BREAKS;UNKNOWN_SAMPLING_SE_WAVES;CPS_CEV_GAP,S2_FINAL_20261002T002743Z|M2_L6|inherited_base_sha256:6552cee937979c00eae89960ca07a3f13358525826877809d2c0f1a2903f24b7,LATENT_INDEX_2013_STATE_SD,MODEL_AND_LENGTH_SENSITIVITY_ENVELOPE,-0.44267543784685914
MO,2017,0.020732229511169892,1.6535332541806589,-3.2201929486829215,3.261657407705261,MODEL_ESTIMATED,0,1,CPS_PARTICIPATION_AND_CEV_MEMBERSHIP_LATENT_MODEL,COMMON_SCALE_CPS_2013_ANCHOR,1,0,1,REGIME_BRIDGE_ASSUMPTION;EARLY_CPS_DESIGN_BREAKS;UNKNOWN_SAMPLING_SE_WAVES,S2_FINAL_20261002T002743Z|M2_L6|inherited_base_sha256:6552cee937979c00eae89960ca07a3f13358525826877809d2c0f1a2903f24b7,LATENT_INDEX_2013_STATE_SD,MODEL_AND_LENGTH_SENSITIVITY_ENVELOPE,-0.46042062742956974
MO,2018,0.06683956678527396,1.6799777295010283,-3.2259167830367415,3.3595959166072897,MODEL_ESTIMATED,0,0,CPS_PARTICIPATION_AND_CEV_MEMBERSHIP_LATENT_MODEL,COMMON_SCALE_CPS_2013_ANCHOR,1,0,1,REGIME_BRIDGE_ASSUMPTION;EARLY_CPS_DESIGN_BREAKS;UNKNOWN_SAMPLING_SE_WAVES,S2_FINAL_20261002T002743Z|M2_L6|inherited_base_sha256:6552cee937979c00eae89960ca07a3f13358525826877809d2c0f1a2903f24b7,LATENT_INDEX_2013_STATE_SD,MODEL_AND_LENGTH_SENSITIVITY_ENVELOPE,-0.45065636741819515
MO,2019,0.12513192316109273,1.652737300658517,-3.114233186129601,3.364497032451786,MODEL_ESTIMATED,0,1,CPS_PARTICIPATION_AND_CEV_MEMBERSHIP_LATENT_MODEL,COMMON_SCALE_CPS_2013_ANCHOR,1,0,1,REGIME_BRIDGE_ASSUMPTION;EARLY_CPS_DESIGN_BREAKS;UNKNOWN_SAMPLING_SE_WAVES,S2_FINAL_20261002T002743Z|M2_L6|inherited_base_sha256:6552cee937979c00eae89960ca07a3f13358525826877809d2c0f1a2903f24b7,LATENT_INDEX_2013_STATE_SD,MODEL_AND_LENGTH_SENSITIVITY_ENVELOPE,-0.43831165705365016
MO,2020,-0.24828378669866538,1.6848649390067112,-3.5506190671518194,3.0540514937544883,MODEL_ESTIMATED,0,0,CPS_PARTICIPATION_AND_CEV_MEMBERSHIP_LATENT_MODEL,COMMON_SCALE_CPS_2013_ANCHOR,1,0,1,REGIME_BRIDGE_ASSUMPTION;EARLY_CPS_DESIGN_BREAKS;UNKNOWN_SAMPLING_SE_WAVES,S2_FINAL_20261002T002743Z|M2_L6|inherited_base_sha256:6552cee937979c00eae89960ca07a3f13358525826877809d2c0f1a2903f24b7,LATENT_INDEX_2013_STATE_SD,MODEL_AND_LENGTH_SENSITIVITY_ENVELOPE,-0.5173907862978046
MO,2021,-0.6159177038194261,1.6547628531619372,-3.859252896016823,2.6274174883779704,MODEL_ESTIMATED,0,1,CPS_PARTICIPATION_AND_CEV_MEMBERSHIP_LATENT_MODEL,COMMON_SCALE_CPS_2013_ANCHOR,1,0,1,REGIME_BRIDGE_ASSUMPTION;EARLY_CPS_DESIGN_BREAKS;UNKNOWN_SAMPLING_SE_WAVES,S2_FINAL_20261002T002743Z|M2_L6|inherited_base_sha256:6552cee937979c00eae89960ca07a3f13358525826877809d2c0f1a2903f24b7,LATENT_INDEX_2013_STATE_SD,MODEL_AND_LENGTH_SENSITIVITY_ENVELOPE,-0.5952454916004976
MO,2022,-0.6554752094292837,1.6948593083835206,-3.977399453860984,2.6664490350024166,MODEL_ESTIMATED,0,0,CPS_PARTICIPATION_AND_CEV_MEMBERSHIP_LATENT_MODEL,COMMON_SCALE_CPS_2013_ANCHOR,1,0,1,REGIME_BRIDGE_ASSUMPTION;EARLY_CPS_DESIGN_BREAKS;UNKNOWN_SAMPLING_SE_WAVES,S2_FINAL_20261002T002743Z|M2_L6|inherited_base_sha256:6552cee937979c00eae89960ca07a3f13358525826877809d2c0f1a2903f24b7,LATENT_INDEX_2013_STATE_SD,MODEL_AND_LENGTH_SENSITIVITY_ENVELOPE,-0.6036226782482503
MO,2023,-0.6982175205297746,1.6683763092888373,-3.9682350867358953,2.5718000456763463,MODEL_ESTIMATED,0,1,CPS_PARTICIPATION_AND_CEV_MEMBERSHIP_LATENT_MODEL,COMMON_SCALE_CPS_2013_ANCHOR,1,0,1,REGIME_BRIDGE_ASSUMPTION;EARLY_CPS_DESIGN_BREAKS;UNKNOWN_SAMPLING_SE_WAVES,S2_FINAL_20261002T002743Z|M2_L6|inherited_base_sha256:6552cee937979c00eae89960ca07a3f13358525826877809d2c0f1a2903f24b7,LATENT_INDEX_2013_STATE_SD,MODEL_AND_LENGTH_SENSITIVITY_ENVELOPE,-0.6126743186973868
MS,2000,-0.13897768193156326,1.8907427912995076,-3.8448335528785984,5.1187932350026975,MODEL_ESTIMATED,0,0,CPS_PARTICIPATION_AND_CEV_MEMBERSHIP_LATENT_MODEL,COMMON_SCALE_CPS_2013_ANCHOR,1,1,1,REGIME_BRIDGE_ASSUMPTION;EARLY_CPS_DESIGN_BREAKS;UNKNOWN_SAMPLING_SE_WAVES;BACKCAST;BACKCAST_MODEL_SENSITIVITY,S2_FINAL_20261002T002743Z|M2_L6|inherited_base_sha256:6552cee937979c00eae89960ca07a3f13358525826877809d2c0f1a2903f24b7,LATENT_INDEX_2013_STATE_SD,MODEL_AND_LENGTH_SENSITIVITY_ENVELOPE,-0.49424277361965807
MS,2001,-0.15144653533635657,1.7546928411110385,-3.590644503913992,4.731698956487215,MODEL_ESTIMATED,0,0,CPS_PARTICIPATION_AND_CEV_MEMBERSHIP_LATENT_MODEL,COMMON_SCALE_CPS_2013_ANCHOR,1,1,1,REGIME_BRIDGE_ASSUMPTION;EARLY_CPS_DESIGN_BREAKS;UNKNOWN_SAMPLING_SE_WAVES;BACKCAST;BACKCAST_MODEL_SENSITIVITY,S2_FINAL_20261002T002743Z|M2_L6|inherited_base_sha256:6552cee937979c00eae89960ca07a3f13358525826877809d2c0f1a2903f24b7,LATENT_INDEX_2013_STATE_SD,MODEL_AND_LENGTH_SENSITIVITY_ENVELOPE,-0.4968833322354013
MS,2002,-0.15845622635252762,1.617375062252431,-3.328511348367292,4.338530223591475,MODEL_ESTIMATED,0,0,CPS_PARTICIPATION_AND_CEV_MEMBERSHIP_LATENT_MODEL,COMMON_SCALE_CPS_2013_ANCHOR,1,1,1,REGIME_BRIDGE_ASSUMPTION;EARLY_CPS_DESIGN_BREAKS;UNKNOWN_SAMPLING_SE_WAVES;BACKCAST;BACKCAST_MODEL_SENSITIVITY,S2_FINAL_20261002T002743Z|M2_L6|inherited_base_sha256:6552cee937979c00eae89960ca07a3f13358525826877809d2c0f1a2903f24b7,LATENT_INDEX_2013_STATE_SD,MODEL_AND_LENGTH_SENSITIVITY_ENVELOPE,-0.4983677911030734
MS,2003,-0.1590166790353841,1.4780650684865315,-3.056024213268986,3.9372521094526087,MODEL_ESTIMATED,0,0,CPS_PARTICIPATION_AND_CEV_MEMBERSHIP_LATENT_MODEL,COMMON_SCALE_CPS_2013_ANCHOR,1,1,1,REGIME_BRIDGE_ASSUMPTION;EARLY_CPS_DESIGN_BREAKS;UNKNOWN_SAMPLING_SE_WAVES;BACKCAST;BACKCAST_MODEL_SENSITIVITY,S2_FINAL_20261002T002743Z|M2_L6|inherited_base_sha256:6552cee937979c00eae89960ca07a3f13358525826877809d2c0f1a2903f24b7,LATENT_INDEX_2013_STATE_SD,MODEL_AND_LENGTH_SENSITIVITY_ENVELOPE,-0.4984864794950521
MS,2004,-0.15195825685812056,1.335592364455466,-2.769719291190834,3.5248725943415504,MODEL_ESTIMATED,0,0,CPS_PARTICIPATION_AND_CEV_MEMBERSHIP_LATENT_MODEL,COMMON_SCALE_CPS_2013_ANCHOR,1,1,1,REGIME_BRIDGE_ASSUMPTION;EARLY_CPS_DESIGN_BREAKS;UNKNOWN_SAMPLING_SE_WAVES;BACKCAST;BACKCAST_MODEL_SENSITIVITY,S2_FINAL_20261002T002743Z|M2_L6|inherited_base_sha256:6552cee937979c00eae89960ca07a3f13358525826877809d2c0f1a2903f24b7,LATENT_INDEX_2013_STATE_SD,MODEL_AND_LENGTH_SENSITIVITY_ENVELOPE,-0.4969917007139846
MS,2005,-0.13589919753053964,1.1879703005540518,-2.4643209866164812,3.096751143286137,MODEL_ESTIMATED,0,0,CPS_PARTICIPATION_AND_CEV_MEMBERSHIP_LATENT_MODEL,COMMON_SCALE_CPS_2013_ANCHOR,1,1,1,REGIME_BRIDGE_ASSUMPTION;EARLY_CPS_DESIGN_BREAKS;UNKNOWN_SAMPLING_SE_WAVES;BACKCAST;BACKCAST_MODEL_SENSITIVITY,S2_FINAL_20261002T002743Z|M2_L6|inherited_base_sha256:6552cee937979c00eae89960ca07a3f13358525826877809d2c0f1a2903f24b7,LATENT_INDEX_2013_STATE_SD,MODEL_AND_LENGTH_SENSITIVITY_ENVELOPE,-0.49359083568722323
MS,2006,-0.10920714178299815,1.0316239559580362,-2.1502093274256118,2.6451211317572554,MODEL_ESTIMATED,0,0,CPS_PARTICIPATION_AND_CEV_MEMBERSHIP_LATENT_MODEL,COMMON_SCALE_CPS_2013_ANCHOR,1,1,1,REGIME_BRIDGE_ASSUMPTION;EARLY_CPS_DESIGN_BREAKS;UNKNOWN_SAMPLING_SE_WAVES;BACKCAST;BACKCAST_MODEL_SENSITIVITY,S2_FINAL_20261002T002743Z|M2_L6|inherited_base_sha256:6552cee937979c00eae89960ca07a3f13358525826877809d2c0f1a2903f24b7,LATENT_INDEX_2013_STATE_SD,MODEL_AND_LENGTH_SENSITIVITY_ENVELOPE,-0.48793819582628983
MS,2007,-0.06995368499478052,0.8595524643674085,-1.872591266367831,2.1553599189785215,MODEL_ESTIMATED,0,0,CPS_PARTICIPATION_AND_CEV_MEMBERSHIP_LATENT_MODEL,COMMON_SCALE_CPS_2013_ANCHOR,1,1,1,REGIME_BRIDGE_ASSUMPTION;EARLY_CPS_DESIGN_BREAKS;UNKNOWN_SAMPLING_SE_WAVES;BACKCAST;BACKCAST_MODEL_SENSITIVITY,S2_FINAL_20261002T002743Z|M2_L6|inherited_base_sha256:6552cee937979c00eae89960ca07a3f13358525826877809d2c0f1a2903f24b7,LATENT_INDEX_2013_STATE_SD,MODEL_AND_LENGTH_SENSITIVITY_ENVELOPE,-0.47962539831758005
MS,2008,-0.0158606862869825,0.6556774570558079,-1.4640190324446,1.5935239147535507,MODEL_ESTIMATED,0,0,CPS_PARTICIPATION_AND_CEV_MEMBERSHIP_LATENT_MODEL,COMMON_SCALE_CPS_2013_ANCHOR,1,1,1,REGIME_BRIDGE_ASSUMPTION;EARLY_CPS_DESIGN_BREAKS;UNKNOWN_SAMPLING_SE_WAVES;BACKCAST;BACKCAST_MODEL_SENSITIVITY;NO_DIRECT_OBSERVATION_AVAILABLE_IN_CURRENT_EVIDENCE,S2_FINAL_20261002T002743Z|M2_L6|inherited_base_sha256:6552cee937979c00eae89960ca07a3f13358525826877809d2c0f1a2903f24b7,LATENT_INDEX_2013_STATE_SD,MODEL_AND_LENGTH_SENSITIVITY_ENVELOPE,-0.46816999587180624
MS,2009,0.055763159789684213,0.3627166064525473,-0.7169597002985035,0.8257982294606535,MODEL_ESTIMATED,0,1,CPS_PARTICIPATION_AND_CEV_MEMBERSHIP_LATENT_MODEL,COMMON_SCALE_CPS_2013_ANCHOR,1,0,1,REGIME_BRIDGE_ASSUMPTION;EARLY_CPS_DESIGN_BREAKS;UNKNOWN_SAMPLING_SE_WAVES,S2_FINAL_20261002T002743Z|M2_L6|inherited_base_sha256:6552cee937979c00eae89960ca07a3f13358525826877809d2c0f1a2903f24b7,LATENT_INDEX_2013_STATE_SD,MODEL_AND_LENGTH_SENSITIVITY_ENVELOPE,-0.45300204436010544
MS,2010,-0.14008108224551472,0.33369607714028643,-0.8854033976053511,0.5377115622284621,MODEL_ESTIMATED,0,1,CPS_PARTICIPATION_AND_CEV_MEMBERSHIP_LATENT_MODEL,COMMON_SCALE_CPS_2013_ANCHOR,1,0,1,REGIME_BRIDGE_ASSUMPTION;EARLY_CPS_DESIGN_BREAKS;UNKNOWN_SAMPLING_SE_WAVES,S2_FINAL_20261002T002743Z|M2_L6|inherited_base_sha256:6552cee937979c00eae89960ca07a3f13358525826877809d2c0f1a2903f24b7,LATENT_INDEX_2013_STATE_SD,MODEL_AND_LENGTH_SENSITIVITY_ENVELOPE,-0.4944764433173464
MS,2011,0.9710555508902817,0.3456502158595258,0.28130240704184173,1.6915069995167105,MODEL_ESTIMATED,0,1,CPS_PARTICIPATION_AND_CEV_MEMBERSHIP_LATENT_MODEL,COMMON_SCALE_CPS_2013_ANCHOR,1,0,1,REGIME_BRIDGE_ASSUMPTION;EARLY_CPS_DESIGN_BREAKS;UNKNOWN_SAMPLING_SE_WAVES,S2_FINAL_20261002T002743Z|M2_L6|inherited_base_sha256:6552cee937979c00eae89960ca07a3f13358525826877809d2c0f1a2903f24b7,LATENT_INDEX_2013_STATE_SD,MODEL_AND_LENGTH_SENSITIVITY_ENVELOPE,-0.2591684069932714
MS,2012,0.6230507199334182,0.5156425507753342,-0.5985034285292529,1.747187335416242,MODEL_ESTIMATED,0,0,CPS_PARTICIPATION_AND_CEV_MEMBERSHIP_LATENT_MODEL,COMMON_SCALE_CPS_2013_ANCHOR,1,0,1,REGIME_BRIDGE_ASSUMPTION;EARLY_CPS_DESIGN_BREAKS;UNKNOWN_SAMPLING_SE_WAVES,S2_FINAL_20261002T002743Z|M2_L6|inherited_base_sha256:6552cee937979c00eae89960ca07a3f13358525826877809d2c0f1a2903f24b7,LATENT_INDEX_2013_STATE_SD,MODEL_AND_LENGTH_SENSITIVITY_ENVELOPE,-0.3328662142311175
MS,2013,0.315106358641859,0.4407718152335466,-0.5526255964220959,1.291194780516748,MODEL_ESTIMATED,0,1,CPS_PARTICIPATION_AND_CEV_MEMBERSHIP_LATENT_MODEL,COMMON_SCALE_CPS_2013_ANCHOR,1,0,1,REGIME_BRIDGE_ASSUMPTION;EARLY_CPS_DESIGN_BREAKS;UNKNOWN_SAMPLING_SE_WAVES,S2_FINAL_20261002T002743Z|M2_L6|inherited_base_sha256:6552cee937979c00eae89960ca07a3f13358525826877809d2c0f1a2903f24b7,LATENT_INDEX_2013_STATE_SD,MODEL_AND_LENGTH_SENSITIVITY_ENVELOPE,-0.39808032093201
MS,2014,-0.21214952125703732,0.731355182842909,-2.08179106045459,1.2213066371150645,MODEL_ESTIMATED,0,0,CPS_PARTICIPATION_AND_CEV_MEMBERSHIP_LATENT_MODEL,COMMON_SCALE_CPS_2013_ANCHOR,1,0,1,REGIME_BRIDGE_ASSUMPTION;EARLY_CPS_DESIGN_BREAKS;UNKNOWN_SAMPLING_SE_WAVES;CPS_CEV_GAP,S2_FINAL_20261002T002743Z|M2_L6|inherited_base_sha256:6552cee937979c00eae89960ca07a3f13358525826877809d2c0f1a2903f24b7,LATENT_INDEX_2013_STATE_SD,MODEL_AND_LENGTH_SENSITIVITY_ENVELOPE,-0.5097385473277991
MS,2015,-0.7202282102047124,1.0346865961854546,-3.1586991811476186,1.3077575183187786,MODEL_ESTIMATED,0,0,CPS_PARTICIPATION_AND_CEV_MEMBERSHIP_LATENT_MODEL,COMMON_SCALE_CPS_2013_ANCHOR,1,0,1,REGIME_BRIDGE_ASSUMPTION;EARLY_CPS_DESIGN_BREAKS;UNKNOWN_SAMPLING_SE_WAVES;CPS_CEV_GAP,S2_FINAL_20261002T002743Z|M2_L6|inherited_base_sha256:6552cee937979c00eae89960ca07a3f13358525826877809d2c0f1a2903f24b7,LATENT_INDEX_2013_STATE_SD,MODEL_AND_LENGTH_SENSITIVITY_ENVELOPE,-0.6173355745781612
MS,2016,-1.2220904643222816,1.343403181736824,-3.987032372908382,1.4109797718818933,MODEL_ESTIMATED,0,0,CPS_PARTICIPATION_AND_CEV_MEMBERSHIP_LATENT_MODEL,COMMON_SCALE_CPS_2013_ANCHOR,1,0,1,REGIME_BRIDGE_ASSUMPTION;EARLY_CPS_DESIGN_BREAKS;UNKNOWN_SAMPLING_SE_WAVES;CPS_CEV_GAP,S2_FINAL_20261002T002743Z|M2_L6|inherited_base_sha256:6552cee937979c00eae89960ca07a3f13358525826877809d2c0f1a2903f24b7,LATENT_INDEX_2013_STATE_SD,MODEL_AND_LENGTH_SENSITIVITY_ENVELOPE,-0.7236161327020573
MS,2017,-1.7305239608959346,1.6709389433975423,-5.005564289955117,1.544516368163248,MODEL_ESTIMATED,0,1,CPS_PARTICIPATION_AND_CEV_MEMBERSHIP_LATENT_MODEL,COMMON_SCALE_CPS_2013_ANCHOR,1,0,1,REGIME_BRIDGE_ASSUMPTION;EARLY_CPS_DESIGN_BREAKS;UNKNOWN_SAMPLING_SE_WAVES,S2_FINAL_20261002T002743Z|M2_L6|inherited_base_sha256:6552cee937979c00eae89960ca07a3f13358525826877809d2c0f1a2903f24b7,LATENT_INDEX_2013_STATE_SD,MODEL_AND_LENGTH_SENSITIVITY_ENVELOPE,-0.83128829840367
MS,2018,-1.7455398942834452,1.6810750963511674,-5.040447083131733,1.5493672945648427,MODEL_ESTIMATED,0,0,CPS_PARTICIPATION_AND_CEV_MEMBERSHIP_LATENT_MODEL,COMMON_SCALE_CPS_2013_ANCHOR,1,0,1,REGIME_BRIDGE_ASSUMPTION;EARLY_CPS_DESIGN_BREAKS;UNKNOWN_SAMPLING_SE_WAVES,S2_FINAL_20261002T002743Z|M2_L6|inherited_base_sha256:6552cee937979c00eae89960ca07a3f13358525826877809d2c0f1a2903f24b7,LATENT_INDEX_2013_STATE_SD,MODEL_AND_LENGTH_SENSITIVITY_ENVELOPE,-0.8344682581796488
MS,2019,-1.7793305398092645,1.6524483417440317,-5.018129289627566,1.4594682100090377,MODEL_ESTIMATED,0,1,CPS_PARTICIPATION_AND_CEV_MEMBERSHIP_LATENT_MODEL,COMMON_SCALE_CPS_2013_ANCHOR,1,0,1,REGIME_BRIDGE_ASSUMPTION;EARLY_CPS_DESIGN_BREAKS;UNKNOWN_SAMPLING_SE_WAVES,S2_FINAL_20261002T002743Z|M2_L6|inherited_base_sha256:6552cee937979c00eae89960ca07a3f13358525826877809d2c0f1a2903f24b7,LATENT_INDEX_2013_STATE_SD,MODEL_AND_LENGTH_SENSITIVITY_ENVELOPE,-0.841624183209646
MS,2020,-2.1098507072162764,1.6776470343275967,-5.398038894498366,1.1783374800658128,MODEL_ESTIMATED,0,0,CPS_PARTICIPATION_AND_CEV_MEMBERSHIP_LATENT_MODEL,COMMON_SCALE_CPS_2013_ANCHOR,1,0,1,REGIME_BRIDGE_ASSUMPTION;EARLY_CPS_DESIGN_BREAKS;UNKNOWN_SAMPLING_SE_WAVES,S2_FINAL_20261002T002743Z|M2_L6|inherited_base_sha256:6552cee937979c00eae89960ca07a3f13358525826877809d2c0f1a2903f24b7,LATENT_INDEX_2013_STATE_SD,MODEL_AND_LENGTH_SENSITIVITY_ENVELOPE,-0.9116192218382964
MS,2021,-2.466918297146171,1.6507419939700598,-5.702372605327488,0.7685360110351462,MODEL_ESTIMATED,0,1,CPS_PARTICIPATION_AND_CEV_MEMBERSHIP_LATENT_MODEL,COMMON_SCALE_CPS_2013_ANCHOR,1,0,1,REGIME_BRIDGE_ASSUMPTION;EARLY_CPS_DESIGN_BREAKS;UNKNOWN_SAMPLING_SE_WAVES,S2_FINAL_20261002T002743Z|M2_L6|inherited_base_sha256:6552cee937979c00eae89960ca07a3f13358525826877809d2c0f1a2903f24b7,LATENT_INDEX_2013_STATE_SD,MODEL_AND_LENGTH_SENSITIVITY_ENVELOPE,-0.9872362710073566
MS,2022,-2.5006501202568026,1.6919151997544237,-5.816803911775473,0.815503671261868,MODEL_ESTIMATED,0,0,CPS_PARTICIPATION_AND_CEV_MEMBERSHIP_LATENT_MODEL,COMMON_SCALE_CPS_2013_ANCHOR,1,0,1,REGIME_BRIDGE_ASSUMPTION;EARLY_CPS_DESIGN_BREAKS;UNKNOWN_SAMPLING_SE_WAVES,S2_FINAL_20261002T002743Z|M2_L6|inherited_base_sha256:6552cee937979c00eae89960ca07a3f13358525826877809d2c0f1a2903f24b7,LATENT_INDEX_2013_STATE_SD,MODEL_AND_LENGTH_SENSITIVITY_ENVELOPE,-0.9943797390751794
MS,2023,-2.569439575528046,1.675478413643554,-5.853377266269412,0.7144981152133196,MODEL_ESTIMATED,0,1,CPS_PARTICIPATION_AND_CEV_MEMBERSHIP_LATENT_MODEL,COMMON_SCALE_CPS_2013_ANCHOR,1,0,1,REGIME_BRIDGE_ASSUMPTION;EARLY_CPS_DESIGN_BREAKS;UNKNOWN_SAMPLING_SE_WAVES,S2_FINAL_20261002T002743Z|M2_L6|inherited_base_sha256:6552cee937979c00eae89960ca07a3f13358525826877809d2c0f1a2903f24b7,LATENT_INDEX_2013_STATE_SD,MODEL_AND_LENGTH_SENSITIVITY_ENVELOPE,-1.008947444933277
MT,2000,0.9575328728552953,1.8846136584992288,-2.736309897803193,5.8024052644358255,MODEL_ESTIMATED,0,0,CPS_PARTICIPATION_AND_CEV_MEMBERSHIP_LATENT_MODEL,COMMON_SCALE_CPS_2013_ANCHOR,1,1,1,REGIME_BRIDGE_ASSUMPTION;EARLY_CPS_DESIGN_BREAKS;UNKNOWN_SAMPLING_SE_WAVES;BACKCAST;BACKCAST_MODEL_SENSITIVITY,S2_FINAL_20261002T002743Z|M2_L6|inherited_base_sha256:6552cee937979c00eae89960ca07a3f13358525826877809d2c0f1a2903f24b7,LATENT_INDEX_2013_STATE_SD,MODEL_AND_LENGTH_SENSITIVITY_ENVELOPE,-0.2620321365467425
MT,2001,0.9149804696316952,1.750397652504014,-2.5233684680953252,5.391263473888153,MODEL_ESTIMATED,0,0,CPS_PARTICIPATION_AND_CEV_MEMBERSHIP_LATENT_MODEL,COMMON_SCALE_CPS_2013_ANCHOR,1,1,1,REGIME_BRIDGE_ASSUMPTION;EARLY_CPS_DESIGN_BREAKS;UNKNOWN_SAMPLING_SE_WAVES;BACKCAST;BACKCAST_MODEL_SENSITIVITY,S2_FINAL_20261002T002743Z|M2_L6|inherited_base_sha256:6552cee937979c00eae89960ca07a3f13358525826877809d2c0f1a2903f24b7,LATENT_INDEX_2013_STATE_SD,MODEL_AND_LENGTH_SENSITIVITY_ENVELOPE,-0.27104355975502753
MT,2002,0.872431263781113,1.6148899827928862,-2.3126683496837104,4.971955351746573,MODEL_ESTIMATED,0,0,CPS_PARTICIPATION_AND_CEV_MEMBERSHIP_LATENT_MODEL,COMMON_SCALE_CPS_2013_ANCHOR,1,1,1,REGIME_BRIDGE_ASSUMPTION;EARLY_CPS_DESIGN_BREAKS;UNKNOWN_SAMPLING_SE_WAVES;BACKCAST;BACKCAST_MODEL_SENSITIVITY,S2_FINAL_20261002T002743Z|M2_L6|inherited_base_sha256:6552cee937979c00eae89960ca07a3f13358525826877809d2c0f1a2903f24b7,LATENT_INDEX_2013_STATE_SD,MODEL_AND_LENGTH_SENSITIVITY_ENVELOPE,-0.28005430584805613
MT,2003,0.829885835180432,1.4772363931238226,-2.0937657249492987,4.542263204514132,MODEL_ESTIMATED,0,0,CPS_PARTICIPATION_AND_CEV_MEMBERSHIP_LATENT_MODEL,COMMON_SCALE_CPS_2013_ANCHOR,1,1,1,REGIME_BRIDGE_ASSUMPTION;EARLY_CPS_DESIGN_BREAKS;UNKNOWN_SAMPLING_SE_WAVES;BACKCAST;BACKCAST_MODEL_SENSITIVITY,S2_FINAL_20261002T002743Z|M2_L6|inherited_base_sha256:6552cee937979c00eae89960ca07a3f13358525826877809d2c0f1a2903f24b7,LATENT_INDEX_2013_STATE_SD,MODEL_AND_LENGTH_SENSITIVITY_ENVELOPE,-0.28906425202392744
MT,2004,0.7873448688732603,1.3361177069906476,-1.8640911531466335,4.109289115290495,MODEL_ESTIMATED,0,0,CPS_PARTICIPATION_AND_CEV_MEMBERSHIP_LATENT_MODEL,COMMON_SCALE_CPS_2013_ANCHOR,1,1,1,REGIME_BRIDGE_ASSUMPTION;EARLY_CPS_DESIGN_BREAKS;UNKNOWN_SAMPLING_SE_WAVES;BACKCAST;BACKCAST_MODEL_SENSITIVITY,S2_FINAL_20261002T002743Z|M2_L6|inherited_base_sha256:6552cee937979c00eae89960ca07a3f13358525826877809d2c0f1a2903f24b7,LATENT_INDEX_2013_STATE_SD,MODEL_AND_LENGTH_SENSITIVITY_ENVELOPE,-0.29807325320933414
MT,2005,0.7448091741429873,1.1894152791520518,-1.619747500911556,3.732349442213874,MODEL_ESTIMATED,0,0,CPS_PARTICIPATION_AND_CEV_MEMBERSHIP_LATENT_MODEL,COMMON_SCALE_CPS_2013_ANCHOR,1,1,1,REGIME_BRIDGE_ASSUMPTION;EARLY_CPS_DESIGN_BREAKS;UNKNOWN_SAMPLING_SE_WAVES;BACKCAST;BACKCAST_MODEL_SENSITIVITY,S2_FINAL_20261002T002743Z|M2_L6|inherited_base_sha256:6552cee937979c00eae89960ca07a3f13358525826877809d2c0f1a2903f24b7,LATENT_INDEX_2013_STATE_SD,MODEL_AND_LENGTH_SENSITIVITY_ENVELOPE,-0.30708113802041626
MT,2006,0.7022797070449768,1.0335152853016876,-1.3543602566327015,3.346302526551686,MODEL_ESTIMATED,0,0,CPS_PARTICIPATION_AND_CEV_MEMBERSHIP_LATENT_MODEL,COMMON_SCALE_CPS_2013_ANCHOR,1,1,1,REGIME_BRIDGE_ASSUMPTION;EARLY_CPS_DESIGN_BREAKS;UNKNOWN_SAMPLING_SE_WAVES;BACKCAST;BACKCAST_MODEL_SENSITIVITY,S2_FINAL_20261002T002743Z|M2_L6|inherited_base_sha256:6552cee937979c00eae89960ca07a3f13358525826877809d2c0f1a2903f24b7,LATENT_INDEX_2013_STATE_SD,MODEL_AND_LENGTH_SENSITIVITY_ENVELOPE,-0.3160877039910651
MT,2007,0.6597575970251853,0.8616169275871064,-1.0562413922420555,2.9000667058722103,MODEL_ESTIMATED,0,0,CPS_PARTICIPATION_AND_CEV_MEMBERSHIP_LATENT_MODEL,COMMON_SCALE_CPS_2013_ANCHOR,1,1,1,REGIME_BRIDGE_ASSUMPTION;EARLY_CPS_DESIGN_BREAKS;UNKNOWN_SAMPLING_SE_WAVES;BACKCAST;BACKCAST_MODEL_SENSITIVITY,S2_FINAL_20261002T002743Z|M2_L6|inherited_base_sha256:6552cee937979c00eae89960ca07a3f13358525826877809d2c0f1a2903f24b7,LATENT_INDEX_2013_STATE_SD,MODEL_AND_LENGTH_SENSITIVITY_ENVELOPE,-0.3250927119358356
MT,2008,0.6172441783663545,0.6583760570230784,-0.6992997459199318,2.333033182025101,MODEL_ESTIMATED,0,0,CPS_PARTICIPATION_AND_CEV_MEMBERSHIP_LATENT_MODEL,COMMON_SCALE_CPS_2013_ANCHOR,1,1,1,REGIME_BRIDGE_ASSUMPTION;EARLY_CPS_DESIGN_BREAKS;UNKNOWN_SAMPLING_SE_WAVES;BACKCAST;BACKCAST_MODEL_SENSITIVITY;NO_DIRECT_OBSERVATION_AVAILABLE_IN_CURRENT_EVIDENCE,S2_FINAL_20261002T002743Z|M2_L6|inherited_base_sha256:6552cee937979c00eae89960ca07a3f13358525826877809d2c0f1a2903f24b7,LATENT_INDEX_2013_STATE_SD,MODEL_AND_LENGTH_SENSITIVITY_ENVELOPE,-0.3340958792905116
MT,2009,0.5747410273373097,0.3693504570415184,-0.19135345555753955,1.397630908608732,MODEL_ESTIMATED,0,1,CPS_PARTICIPATION_AND_CEV_MEMBERSHIP_LATENT_MODEL,COMMON_SCALE_CPS_2013_ANCHOR,1,0,1,REGIME_BRIDGE_ASSUMPTION;EARLY_CPS_DESIGN_BREAKS;UNKNOWN_SAMPLING_SE_WAVES,S2_FINAL_20261002T002743Z|M2_L6|inherited_base_sha256:6552cee937979c00eae89960ca07a3f13358525826877809d2c0f1a2903f24b7,LATENT_INDEX_2013_STATE_SD,MODEL_AND_LENGTH_SENSITIVITY_ENVELOPE,-0.34309687224491076
MT,2010,0.04786925019995344,0.325839739204639,-0.6120123398717429,0.6924271740411049,MODEL_ESTIMATED,0,1,CPS_PARTICIPATION_AND_CEV_MEMBERSHIP_LATENT_MODEL,COMMON_SCALE_CPS_2013_ANCHOR,1,0,1,REGIME_BRIDGE_ASSUMPTION;EARLY_CPS_DESIGN_BREAKS;UNKNOWN_SAMPLING_SE_WAVES,S2_FINAL_20261002T002743Z|M2_L6|inherited_base_sha256:6552cee937979c00eae89960ca07a3f13358525826877809d2c0f1a2903f24b7,LATENT_INDEX_2013_STATE_SD,MODEL_AND_LENGTH_SENSITIVITY_ENVELOPE,-0.45467375628921103
MT,2011,0.7609874321176092,0.34237829256986746,-0.013820606949044882,1.4515061730017929,MODEL_ESTIMATED,0,1,CPS_PARTICIPATION_AND_CEV_MEMBERSHIP_LATENT_MODEL,COMMON_SCALE_CPS_2013_ANCHOR,1,0,1,REGIME_BRIDGE_ASSUMPTION;EARLY_CPS_DESIGN_BREAKS;UNKNOWN_SAMPLING_SE_WAVES,S2_FINAL_20261002T002743Z|M2_L6|inherited_base_sha256:6552cee937979c00eae89960ca07a3f13358525826877809d2c0f1a2903f24b7,LATENT_INDEX_2013_STATE_SD,MODEL_AND_LENGTH_SENSITIVITY_ENVELOPE,-0.30365503001387073
MT,2012,0.6652678485761983,0.5032931147391841,-0.5566219271135904,1.7583353871187035,MODEL_ESTIMATED,0,0,CPS_PARTICIPATION_AND_CEV_MEMBERSHIP_LATENT_MODEL,COMMON_SCALE_CPS_2013_ANCHOR,1,0,1,REGIME_BRIDGE_ASSUMPTION;EARLY_CPS_DESIGN_BREAKS;UNKNOWN_SAMPLING_SE_WAVES,S2_FINAL_20261002T002743Z|M2_L6|inherited_base_sha256:6552cee937979c00eae89960ca07a3f13358525826877809d2c0f1a2903f24b7,LATENT_INDEX_2013_STATE_SD,MODEL_AND_LENGTH_SENSITIVITY_ENVELOPE,-0.3239257929148496
MT,2013,0.5756365772165168,0.4068430631627528,-0.2989999333179747,1.428402107704719,MODEL_ESTIMATED,0,1,CPS_PARTICIPATION_AND_CEV_MEMBERSHIP_LATENT_MODEL,COMMON_SCALE_CPS_2013_ANCHOR,1,0,1,REGIME_BRIDGE_ASSUMPTION;EARLY_CPS_DESIGN_BREAKS;UNKNOWN_SAMPLING_SE_WAVES,S2_FINAL_20261002T002743Z|M2_L6|inherited_base_sha256:6552cee937979c00eae89960ca07a3f13358525826877809d2c0f1a2903f24b7,LATENT_INDEX_2013_STATE_SD,MODEL_AND_LENGTH_SENSITIVITY_ENVELOPE,-0.34290721952604414
MT,2014,0.6468446524585232,0.7158800774662061,-1.1737123293322482,2.0499696042922873,MODEL_ESTIMATED,0,0,CPS_PARTICIPATION_AND_CEV_MEMBERSHIP_LATENT_MODEL,COMMON_SCALE_CPS_2013_ANCHOR,1,0,1,REGIME_BRIDGE_ASSUMPTION;EARLY_CPS_DESIGN_BREAKS;UNKNOWN_SAMPLING_SE_WAVES;CPS_CEV_GAP,S2_FINAL_20261002T002743Z|M2_L6|inherited_base_sha256:6552cee937979c00eae89960ca07a3f13358525826877809d2c0f1a2903f24b7,LATENT_INDEX_2013_STATE_SD,MODEL_AND_LENGTH_SENSITIVITY_ENVELOPE,-0.32782731678867694
MT,2015,0.7259985801732436,1.0228505476857261,-1.628019326237499,2.730785653637267,MODEL_ESTIMATED,0,0,CPS_PARTICIPATION_AND_CEV_MEMBERSHIP_LATENT_MODEL,COMMON_SCALE_CPS_2013_ANCHOR,1,0,1,REGIME_BRIDGE_ASSUMPTION;EARLY_CPS_DESIGN_BREAKS;UNKNOWN_SAMPLING_SE_WAVES;CPS_CEV_GAP,S2_FINAL_20261002T002743Z|M2_L6|inherited_base_sha256:6552cee937979c00eae89960ca07a3f13358525826877809d2c0f1a2903f24b7,LATENT_INDEX_2013_STATE_SD,MODEL_AND_LENGTH_SENSITIVITY_ENVELOPE,-0.3110647020548575
MT,2016,0.8164874156476518,1.3313171459176874,-1.8181323378622216,3.425869021646319,MODEL_ESTIMATED,0,0,CPS_PARTICIPATION_AND_CEV_MEMBERSHIP_LATENT_MODEL,COMMON_SCALE_CPS_2013_ANCHOR,1,0,1,REGIME_BRIDGE_ASSUMPTION;EARLY_CPS_DESIGN_BREAKS;UNKNOWN_SAMPLING_SE_WAVES;CPS_CEV_GAP,S2_FINAL_20261002T002743Z|M2_L6|inherited_base_sha256:6552cee937979c00eae89960ca07a3f13358525826877809d2c0f1a2903f24b7,LATENT_INDEX_2013_STATE_SD,MODEL_AND_LENGTH_SENSITIVITY_ENVELOPE,-0.2919016670601027
MT,2017,0.9220158022320418,1.6472712514535297,-2.3066358506168765,4.15066745508096,MODEL_ESTIMATED,0,1,CPS_PARTICIPATION_AND_CEV_MEMBERSHIP_LATENT_MODEL,COMMON_SCALE_CPS_2013_ANCHOR,1,0,1,REGIME_BRIDGE_ASSUMPTION;EARLY_CPS_DESIGN_BREAKS;UNKNOWN_SAMPLING_SE_WAVES,S2_FINAL_20261002T002743Z|M2_L6|inherited_base_sha256:6552cee937979c00eae89960ca07a3f13358525826877809d2c0f1a2903f24b7,LATENT_INDEX_2013_STATE_SD,MODEL_AND_LENGTH_SENSITIVITY_ENVELOPE,-0.2695536707083472
MT,2018,0.9148185647355742,1.6783216821620777,-2.374691932302098,4.2043290617732465,MODEL_ESTIMATED,0,0,CPS_PARTICIPATION_AND_CEV_MEMBERSHIP_LATENT_MODEL,COMMON_SCALE_CPS_2013_ANCHOR,1,0,1,REGIME_BRIDGE_ASSUMPTION;EARLY_CPS_DESIGN_BREAKS;UNKNOWN_SAMPLING_SE_WAVES,S2_FINAL_20261002T002743Z|M2_L6|inherited_base_sha256:6552cee937979c00eae89960ca07a3f13358525826877809d2c0f1a2903f24b7,LATENT_INDEX_2013_STATE_SD,MODEL_AND_LENGTH_SENSITIVITY_ENVELOPE,-0.27107784673832136
MT,2019,0.9277691092029269,1.6522229297426145,-2.3105878330925975,4.166126051498451,MODEL_ESTIMATED,0,1,CPS_PARTICIPATION_AND_CEV_MEMBERSHIP_LATENT_MODEL,COMMON_SCALE_CPS_2013_ANCHOR,1,0,1,REGIME_BRIDGE_ASSUMPTION;EARLY_CPS_DESIGN_BREAKS;UNKNOWN_SAMPLING_SE_WAVES,S2_FINAL_20261002T002743Z|M2_L6|inherited_base_sha256:6552cee937979c00eae89960ca07a3f13358525826877809d2c0f1a2903f24b7,LATENT_INDEX_2013_STATE_SD,MODEL_AND_LENGTH_SENSITIVITY_ENVELOPE,-0.2683352792654623
MT,2020,0.42467972182169494,1.688128799342564,-2.88405272488973,3.7334121685331203,MODEL_ESTIMATED,0,0,CPS_PARTICIPATION_AND_CEV_MEMBERSHIP_LATENT_MODEL,COMMON_SCALE_CPS_2013_ANCHOR,1,0,1,REGIME_BRIDGE_ASSUMPTION;EARLY_CPS_DESIGN_BREAKS;UNKNOWN_SAMPLING_SE_WAVES,S2_FINAL_20261002T002743Z|M2_L6|inherited_base_sha256:6552cee937979c00eae89960ca07a3f13358525826877809d2c0f1a2903f24b7,LATENT_INDEX_2013_STATE_SD,MODEL_AND_LENGTH_SENSITIVITY_ENVELOPE,-0.37487571030684597
MT,2021,-0.06953791532461917,1.6623649005212318,-3.3277731203462335,3.188697289696995,MODEL_ESTIMATED,0,1,CPS_PARTICIPATION_AND_CEV_MEMBERSHIP_LATENT_MODEL,COMMON_SCALE_CPS_2013_ANCHOR,1,0,1,REGIME_BRIDGE_ASSUMPTION;EARLY_CPS_DESIGN_BREAKS;UNKNOWN_SAMPLING_SE_WAVES,S2_FINAL_20261002T002743Z|M2_L6|inherited_base_sha256:6552cee937979c00eae89960ca07a3f13358525826877809d2c0f1a2903f24b7,LATENT_INDEX_2013_STATE_SD,MODEL_AND_LENGTH_SENSITIVITY_ENVELOPE,-0.4795373497898552
MT,2022,-0.03825167579505828,1.6972632267386505,-3.364887600202813,3.2883842486126964,MODEL_ESTIMATED,0,0,CPS_PARTICIPATION_AND_CEV_MEMBERSHIP_LATENT_MODEL,COMMON_SCALE_CPS_2013_ANCHOR,1,0,1,REGIME_BRIDGE_ASSUMPTION;EARLY_CPS_DESIGN_BREAKS;UNKNOWN_SAMPLING_SE_WAVES,S2_FINAL_20261002T002743Z|M2_L6|inherited_base_sha256:6552cee937979c00eae89960ca07a3f13358525826877809d2c0f1a2903f24b7,LATENT_INDEX_2013_STATE_SD,MODEL_AND_LENGTH_SENSITIVITY_ENVELOPE,-0.4729117887489153
MT,2023,-0.008612204319522343,1.6659964665054754,-3.273965278670254,3.256740870031209,MODEL_ESTIMATED,0,1,CPS_PARTICIPATION_AND_CEV_MEMBERSHIP_LATENT_MODEL,COMMON_SCALE_CPS_2013_ANCHOR,1,0,1,REGIME_BRIDGE_ASSUMPTION;EARLY_CPS_DESIGN_BREAKS;UNKNOWN_SAMPLING_SE_WAVES,S2_FINAL_20261002T002743Z|M2_L6|inherited_base_sha256:6552cee937979c00eae89960ca07a3f13358525826877809d2c0f1a2903f24b7,LATENT_INDEX_2013_STATE_SD,MODEL_AND_LENGTH_SENSITIVITY_ENVELOPE,-0.46663496767884677
NC,2000,-0.20224821550348338,1.8858094426440877,-3.898434723085895,4.722656481576584,MODEL_ESTIMATED,0,0,CPS_PARTICIPATION_AND_CEV_MEMBERSHIP_LATENT_MODEL,COMMON_SCALE_CPS_2013_ANCHOR,1,1,1,REGIME_BRIDGE_ASSUMPTION;EARLY_CPS_DESIGN_BREAKS;UNKNOWN_SAMPLING_SE_WAVES;BACKCAST;BACKCAST_MODEL_SENSITIVITY,S2_FINAL_20261002T002743Z|M2_L6|inherited_base_sha256:6552cee937979c00eae89960ca07a3f13358525826877809d2c0f1a2903f24b7,LATENT_INDEX_2013_STATE_SD,MODEL_AND_LENGTH_SENSITIVITY_ENVELOPE,-0.5076417243589282
NC,2001,-0.2567028769464604,1.751581608522623,-3.6898028296508016,4.2936424996334335,MODEL_ESTIMATED,0,0,CPS_PARTICIPATION_AND_CEV_MEMBERSHIP_LATENT_MODEL,COMMON_SCALE_CPS_2013_ANCHOR,1,1,1,REGIME_BRIDGE_ASSUMPTION;EARLY_CPS_DESIGN_BREAKS;UNKNOWN_SAMPLING_SE_WAVES;BACKCAST;BACKCAST_MODEL_SENSITIVITY,S2_FINAL_20261002T002743Z|M2_L6|inherited_base_sha256:6552cee937979c00eae89960ca07a3f13358525826877809d2c0f1a2903f24b7,LATENT_INDEX_2013_STATE_SD,MODEL_AND_LENGTH_SENSITIVITY_ENVELOPE,-0.5191737169786632
NC,2002,-0.31331293948111955,1.6160268275711982,-3.4807255215206676,3.854884272220465,MODEL_ESTIMATED,0,0,CPS_PARTICIPATION_AND_CEV_MEMBERSHIP_LATENT_MODEL,COMMON_SCALE_CPS_2013_ANCHOR,1,1,1,REGIME_BRIDGE_ASSUMPTION;EARLY_CPS_DESIGN_BREAKS;UNKNOWN_SAMPLING_SE_WAVES;BACKCAST;BACKCAST_MODEL_SENSITIVITY,S2_FINAL_20261002T002743Z|M2_L6|inherited_base_sha256:6552cee937979c00eae89960ca07a3f13358525826877809d2c0f1a2903f24b7,LATENT_INDEX_2013_STATE_SD,MODEL_AND_LENGTH_SENSITIVITY_ENVELOPE,-0.531162163992259
NC,2003,-0.3724693075393507,1.478199102072623,-3.269739547601692,3.404015839981663,MODEL_ESTIMATED,0,0,CPS_PARTICIPATION_AND_CEV_MEMBERSHIP_LATENT_MODEL,COMMON_SCALE_CPS_2013_ANCHOR,1,1,1,REGIME_BRIDGE_ASSUMPTION;EARLY_CPS_DESIGN_BREAKS;UNKNOWN_SAMPLING_SE_WAVES;BACKCAST;BACKCAST_MODEL_SENSITIVITY,S2_FINAL_20261002T002743Z|M2_L6|inherited_base_sha256:6552cee937979c00eae89960ca07a3f13358525826877809d2c0f1a2903f24b7,LATENT_INDEX_2013_STATE_SD,MODEL_AND_LENGTH_SENSITIVITY_ENVELOPE,-0.5436898481570429
NC,2004,-0.43463378014217663,1.336638182093659,-3.054444617045748,2.937677423578444,MODEL_ESTIMATED,0,0,CPS_PARTICIPATION_AND_CEV_MEMBERSHIP_LATENT_MODEL,COMMON_SCALE_CPS_2013_ANCHOR,1,1,1,REGIME_BRIDGE_ASSUMPTION;EARLY_CPS_DESIGN_BREAKS;UNKNOWN_SAMPLING_SE_WAVES;BACKCAST;BACKCAST_MODEL_SENSITIVITY,S2_FINAL_20261002T002743Z|M2_L6|inherited_base_sha256:6552cee937979c00eae89960ca07a3f13358525826877809d2c0f1a2903f24b7,LATENT_INDEX_2013_STATE_SD,MODEL_AND_LENGTH_SENSITIVITY_ENVELOPE,-0.5568545657453838
NC,2005,-0.5003519083717567,1.1890186624609205,-2.830828486795161,2.471325458134807,MODEL_ESTIMATED,0,0,CPS_PARTICIPATION_AND_CEV_MEMBERSHIP_LATENT_MODEL,COMMON_SCALE_CPS_2013_ANCHOR,1,1,1,REGIME_BRIDGE_ASSUMPTION;EARLY_CPS_DESIGN_BREAKS;UNKNOWN_SAMPLING_SE_WAVES;BACKCAST;BACKCAST_MODEL_SENSITIVITY,S2_FINAL_20261002T002743Z|M2_L6|inherited_base_sha256:6552cee937979c00eae89960ca07a3f13358525826877809d2c0f1a2903f24b7,LATENT_INDEX_2013_STATE_SD,MODEL_AND_LENGTH_SENSITIVITY_ENVELOPE,-0.5707718494019891
NC,2006,-0.5702681846797384,1.0314372394626357,-2.591885174026504,2.0516425499892974,MODEL_ESTIMATED,0,0,CPS_PARTICIPATION_AND_CEV_MEMBERSHIP_LATENT_MODEL,COMMON_SCALE_CPS_2013_ANCHOR,1,1,1,REGIME_BRIDGE_ASSUMPTION;EARLY_CPS_DESIGN_BREAKS;UNKNOWN_SAMPLING_SE_WAVES;BACKCAST;BACKCAST_MODEL_SENSITIVITY,S2_FINAL_20261002T002743Z|M2_L6|inherited_base_sha256:6552cee937979c00eae89960ca07a3f13358525826877809d2c0f1a2903f24b7,LATENT_INDEX_2013_STATE_SD,MODEL_AND_LENGTH_SENSITIVITY_ENVELOPE,-0.5855781848197072
NC,2007,-0.6451439869348895,0.8567028388553757,-2.324281551091426,1.5584511925866795,MODEL_ESTIMATED,0,0,CPS_PARTICIPATION_AND_CEV_MEMBERSHIP_LATENT_MODEL,COMMON_SCALE_CPS_2013_ANCHOR,1,1,1,REGIME_BRIDGE_ASSUMPTION;EARLY_CPS_DESIGN_BREAKS;UNKNOWN_SAMPLING_SE_WAVES;BACKCAST;BACKCAST_MODEL_SENSITIVITY,S2_FINAL_20261002T002743Z|M2_L6|inherited_base_sha256:6552cee937979c00eae89960ca07a3f13358525826877809d2c0f1a2903f24b7,LATENT_INDEX_2013_STATE_SD,MODEL_AND_LENGTH_SENSITIVITY_ENVELOPE,-0.6014348107929921
NC,2008,-0.7258787768106182,0.6488909464759475,-1.9977050319034753,0.9257677949066153,MODEL_ESTIMATED,0,0,CPS_PARTICIPATION_AND_CEV_MEMBERSHIP_LATENT_MODEL,COMMON_SCALE_CPS_2013_ANCHOR,1,1,1,REGIME_BRIDGE_ASSUMPTION;EARLY_CPS_DESIGN_BREAKS;UNKNOWN_SAMPLING_SE_WAVES;BACKCAST;BACKCAST_MODEL_SENSITIVITY;NO_DIRECT_OBSERVATION_AVAILABLE_IN_CURRENT_EVIDENCE,S2_FINAL_20261002T002743Z|M2_L6|inherited_base_sha256:6552cee937979c00eae89960ca07a3f13358525826877809d2c0f1a2903f24b7,LATENT_INDEX_2013_STATE_SD,MODEL_AND_LENGTH_SENSITIVITY_ENVELOPE,-0.6185322084506326
NC,2009,-0.8135351427207457,0.3506803255764893,-1.5008685808506648,-0.10257269926706594,MODEL_ESTIMATED,0,1,CPS_PARTICIPATION_AND_CEV_MEMBERSHIP_LATENT_MODEL,COMMON_SCALE_CPS_2013_ANCHOR,1,0,1,REGIME_BRIDGE_ASSUMPTION;EARLY_CPS_DESIGN_BREAKS;UNKNOWN_SAMPLING_SE_WAVES,S2_FINAL_20261002T002743Z|M2_L6|inherited_base_sha256:6552cee937979c00eae89960ca07a3f13358525826877809d2c0f1a2903f24b7,LATENT_INDEX_2013_STATE_SD,MODEL_AND_LENGTH_SENSITIVITY_ENVELOPE,-0.637095404657571
NC,2010,-1.219752172841076,0.33091004607785945,-1.9883494676305111,-0.5502155253307537,MODEL_ESTIMATED,0,1,CPS_PARTICIPATION_AND_CEV_MEMBERSHIP_LATENT_MODEL,COMMON_SCALE_CPS_2013_ANCHOR,1,0,1,REGIME_BRIDGE_ASSUMPTION;EARLY_CPS_DESIGN_BREAKS;UNKNOWN_SAMPLING_SE_WAVES,S2_FINAL_20261002T002743Z|M2_L6|inherited_base_sha256:6552cee937979c00eae89960ca07a3f13358525826877809d2c0f1a2903f24b7,LATENT_INDEX_2013_STATE_SD,MODEL_AND_LENGTH_SENSITIVITY_ENVELOPE,-0.7231209471772645
NC,2011,-0.03433689995949832,0.2897224612487179,-0.6461780318113854,0.5532008813117014,MODEL_ESTIMATED,0,1,CPS_PARTICIPATION_AND_CEV_MEMBERSHIP_LATENT_MODEL,COMMON_SCALE_CPS_2013_ANCHOR,1,0,1,REGIME_BRIDGE_ASSUMPTION;EARLY_CPS_DESIGN_BREAKS;UNKNOWN_SAMPLING_SE_WAVES,S2_FINAL_20261002T002743Z|M2_L6|inherited_base_sha256:6552cee937979c00eae89960ca07a3f13358525826877809d2c0f1a2903f24b7,LATENT_INDEX_2013_STATE_SD,MODEL_AND_LENGTH_SENSITIVITY_ENVELOPE,-0.47208274739878464
NC,2012,-0.10219151654463265,0.4676748283271363,-1.2425630963078047,0.9543171007119967,MODEL_ESTIMATED,0,0,CPS_PARTICIPATION_AND_CEV_MEMBERSHIP_LATENT_MODEL,COMMON_SCALE_CPS_2013_ANCHOR,1,0,1,REGIME_BRIDGE_ASSUMPTION;EARLY_CPS_DESIGN_BREAKS;UNKNOWN_SAMPLING_SE_WAVES,S2_FINAL_20261002T002743Z|M2_L6|inherited_base_sha256:6552cee937979c00eae89960ca07a3f13358525826877809d2c0f1a2903f24b7,LATENT_INDEX_2013_STATE_SD,MODEL_AND_LENGTH_SENSITIVITY_ENVELOPE,-0.4864524802543295
NC,2013,-0.15486195963662253,0.3327312263810888,-0.8358367035313132,0.5445020658853296,MODEL_ESTIMATED,0,1,CPS_PARTICIPATION_AND_CEV_MEMBERSHIP_LATENT_MODEL,COMMON_SCALE_CPS_2013_ANCHOR,1,0,1,REGIME_BRIDGE_ASSUMPTION;EARLY_CPS_DESIGN_BREAKS;UNKNOWN_SAMPLING_SE_WAVES,S2_FINAL_20261002T002743Z|M2_L6|inherited_base_sha256:6552cee937979c00eae89960ca07a3f13358525826877809d2c0f1a2903f24b7,LATENT_INDEX_2013_STATE_SD,MODEL_AND_LENGTH_SENSITIVITY_ENVELOPE,-0.49760662472827955
NC,2014,-0.16954487603768953,0.6951247459873634,-1.9514904648390556,1.1928996260975429,MODEL_ESTIMATED,0,0,CPS_PARTICIPATION_AND_CEV_MEMBERSHIP_LATENT_MODEL,COMMON_SCALE_CPS_2013_ANCHOR,1,0,1,REGIME_BRIDGE_ASSUMPTION;EARLY_CPS_DESIGN_BREAKS;UNKNOWN_SAMPLING_SE_WAVES;CPS_CEV_GAP,S2_FINAL_20261002T002743Z|M2_L6|inherited_base_sha256:6552cee937979c00eae89960ca07a3f13358525826877809d2c0f1a2903f24b7,LATENT_INDEX_2013_STATE_SD,MODEL_AND_LENGTH_SENSITIVITY_ENVELOPE,-0.500716060708349
NC,2015,-0.1685483990037611,1.018580065100644,-2.518695913786432,1.8278685285935012,MODEL_ESTIMATED,0,0,CPS_PARTICIPATION_AND_CEV_MEMBERSHIP_LATENT_MODEL,COMMON_SCALE_CPS_2013_ANCHOR,1,0,1,REGIME_BRIDGE_ASSUMPTION;EARLY_CPS_DESIGN_BREAKS;UNKNOWN_SAMPLING_SE_WAVES;CPS_CEV_GAP,S2_FINAL_20261002T002743Z|M2_L6|inherited_base_sha256:6552cee937979c00eae89960ca07a3f13358525826877809d2c0f1a2903f24b7,LATENT_INDEX_2013_STATE_SD,MODEL_AND_LENGTH_SENSITIVITY_ENVELOPE,-0.5005050344068994
NC,2016,-0.1506595437563918,1.3313332353626135,-2.7766295977121116,2.45875359755433,MODEL_ESTIMATED,0,0,CPS_PARTICIPATION_AND_CEV_MEMBERSHIP_LATENT_MODEL,COMMON_SCALE_CPS_2013_ANCHOR,1,0,1,REGIME_BRIDGE_ASSUMPTION;EARLY_CPS_DESIGN_BREAKS;UNKNOWN_SAMPLING_SE_WAVES;CPS_CEV_GAP,S2_FINAL_20261002T002743Z|M2_L6|inherited_base_sha256:6552cee937979c00eae89960ca07a3f13358525826877809d2c0f1a2903f24b7,LATENT_INDEX_2013_STATE_SD,MODEL_AND_LENGTH_SENSITIVITY_ENVELOPE,-0.49671666916466584
NC,2017,-0.11419500559587156,1.6453948736931183,-3.3391689580343833,3.1107789468426406,MODEL_ESTIMATED,0,1,CPS_PARTICIPATION_AND_CEV_MEMBERSHIP_LATENT_MODEL,COMMON_SCALE_CPS_2013_ANCHOR,1,0,1,REGIME_BRIDGE_ASSUMPTION;EARLY_CPS_DESIGN_BREAKS;UNKNOWN_SAMPLING_SE_WAVES,S2_FINAL_20261002T002743Z|M2_L6|inherited_base_sha256:6552cee937979c00eae89960ca07a3f13358525826877809d2c0f1a2903f24b7,LATENT_INDEX_2013_STATE_SD,MODEL_AND_LENGTH_SENSITIVITY_ENVELOPE,-0.48899448755878977
NC,2018,-0.34344903641148805,1.6796363312561422,-3.635536245673527,2.9486381728505506,MODEL_ESTIMATED,0,0,CPS_PARTICIPATION_AND_CEV_MEMBERSHIP_LATENT_MODEL,COMMON_SCALE_CPS_2013_ANCHOR,1,0,1,REGIME_BRIDGE_ASSUMPTION;EARLY_CPS_DESIGN_BREAKS;UNKNOWN_SAMPLING_SE_WAVES,S2_FINAL_20261002T002743Z|M2_L6|inherited_base_sha256:6552cee937979c00eae89960ca07a3f13358525826877809d2c0f1a2903f24b7,LATENT_INDEX_2013_STATE_SD,MODEL_AND_LENGTH_SENSITIVITY_ENVELOPE,-0.5375441566110645
NC,2019,-0.5571245744712209,1.659911247439493,-3.810550619452627,2.6963014705101855,MODEL_ESTIMATED,0,1,CPS_PARTICIPATION_AND_CEV_MEMBERSHIP_LATENT_MODEL,COMMON_SCALE_CPS_2013_ANCHOR,1,0,1,REGIME_BRIDGE_ASSUMPTION;EARLY_CPS_DESIGN_BREAKS;UNKNOWN_SAMPLING_SE_WAVES,S2_FINAL_20261002T002743Z|M2_L6|inherited_base_sha256:6552cee937979c00eae89960ca07a3f13358525826877809d2c0f1a2903f24b7,LATENT_INDEX_2013_STATE_SD,MODEL_AND_LENGTH_SENSITIVITY_ENVELOPE,-0.5827947313576006
NC,2020,-1.0100994797244687,1.6862319771750454,-4.315114154987557,2.2949151955386204,MODEL_ESTIMATED,0,0,CPS_PARTICIPATION_AND_CEV_MEMBERSHIP_LATENT_MODEL,COMMON_SCALE_CPS_2013_ANCHOR,1,0,1,REGIME_BRIDGE_ASSUMPTION;EARLY_CPS_DESIGN_BREAKS;UNKNOWN_SAMPLING_SE_WAVES,S2_FINAL_20261002T002743Z|M2_L6|inherited_base_sha256:6552cee937979c00eae89960ca07a3f13358525826877809d2c0f1a2903f24b7,LATENT_INDEX_2013_STATE_SD,MODEL_AND_LENGTH_SENSITIVITY_ENVELOPE,-0.6787222998317102
NC,2021,-1.4636863842446175,1.6533187678330272,-4.704191169197351,1.7768184007081156,MODEL_ESTIMATED,0,1,CPS_PARTICIPATION_AND_CEV_MEMBERSHIP_LATENT_MODEL,COMMON_SCALE_CPS_2013_ANCHOR,1,0,1,REGIME_BRIDGE_ASSUMPTION;EARLY_CPS_DESIGN_BREAKS;UNKNOWN_SAMPLING_SE_WAVES,S2_FINAL_20261002T002743Z|M2_L6|inherited_base_sha256:6552cee937979c00eae89960ca07a3f13358525826877809d2c0f1a2903f24b7,LATENT_INDEX_2013_STATE_SD,MODEL_AND_LENGTH_SENSITIVITY_ENVELOPE,-0.7747794728399803
NC,2022,-1.5967993952503319,1.6936096842808452,-4.916274376440788,1.7226755859401246,MODEL_ESTIMATED,0,0,CPS_PARTICIPATION_AND_CEV_MEMBERSHIP_LATENT_MODEL,COMMON_SCALE_CPS_2013_ANCHOR,1,0,1,REGIME_BRIDGE_ASSUMPTION;EARLY_CPS_DESIGN_BREAKS;UNKNOWN_SAMPLING_SE_WAVES,S2_FINAL_20261002T002743Z|M2_L6|inherited_base_sha256:6552cee937979c00eae89960ca07a3f13358525826877809d2c0f1a2903f24b7,LATENT_INDEX_2013_STATE_SD,MODEL_AND_LENGTH_SENSITIVITY_ENVELOPE,-0.8029691304346026
NC,2023,-1.7444889039374007,1.6728260824802192,-5.02322802559863,1.534250217723829,MODEL_ESTIMATED,0,1,CPS_PARTICIPATION_AND_CEV_MEMBERSHIP_LATENT_MODEL,COMMON_SCALE_CPS_2013_ANCHOR,1,0,1,REGIME_BRIDGE_ASSUMPTION;EARLY_CPS_DESIGN_BREAKS;UNKNOWN_SAMPLING_SE_WAVES,S2_FINAL_20261002T002743Z|M2_L6|inherited_base_sha256:6552cee937979c00eae89960ca07a3f13358525826877809d2c0f1a2903f24b7,LATENT_INDEX_2013_STATE_SD,MODEL_AND_LENGTH_SENSITIVITY_ENVELOPE,-0.8342456874649875
ND,2000,0.6796213403417718,1.89430167479045,-3.083400945462737,5.44620525036508,MODEL_ESTIMATED,0,0,CPS_PARTICIPATION_AND_CEV_MEMBERSHIP_LATENT_MODEL,COMMON_SCALE_CPS_2013_ANCHOR,1,1,1,REGIME_BRIDGE_ASSUMPTION;EARLY_CPS_DESIGN_BREAKS;UNKNOWN_SAMPLING_SE_WAVES;BACKCAST;BACKCAST_MODEL_SENSITIVITY,S2_FINAL_20261002T002743Z|M2_L6|inherited_base_sha256:6552cee937979c00eae89960ca07a3f13358525826877809d2c0f1a2903f24b7,LATENT_INDEX_2013_STATE_SD,MODEL_AND_LENGTH_SENSITIVITY_ENVELOPE,-0.3208861199700209
ND,2001,0.6169376972250608,1.7617011954833441,-2.8969814631340705,5.017157525654303,MODEL_ESTIMATED,0,0,CPS_PARTICIPATION_AND_CEV_MEMBERSHIP_LATENT_MODEL,COMMON_SCALE_CPS_2013_ANCHOR,1,1,1,REGIME_BRIDGE_ASSUMPTION;EARLY_CPS_DESIGN_BREAKS;UNKNOWN_SAMPLING_SE_WAVES;BACKCAST;BACKCAST_MODEL_SENSITIVITY,S2_FINAL_20261002T002743Z|M2_L6|inherited_base_sha256:6552cee937979c00eae89960ca07a3f13358525826877809d2c0f1a2903f24b7,LATENT_INDEX_2013_STATE_SD,MODEL_AND_LENGTH_SENSITIVITY_ENVELOPE,-0.33416078352764816
ND,2002,0.5506062415028552,1.6276395011689484,-2.7056970314107502,4.578384610763015,MODEL_ESTIMATED,0,0,CPS_PARTICIPATION_AND_CEV_MEMBERSHIP_LATENT_MODEL,COMMON_SCALE_CPS_2013_ANCHOR,1,1,1,REGIME_BRIDGE_ASSUMPTION;EARLY_CPS_DESIGN_BREAKS;UNKNOWN_SAMPLING_SE_WAVES;BACKCAST;BACKCAST_MODEL_SENSITIVITY,S2_FINAL_20261002T002743Z|M2_L6|inherited_base_sha256:6552cee937979c00eae89960ca07a3f13358525826877809d2c0f1a2903f24b7,LATENT_INDEX_2013_STATE_SD,MODEL_AND_LENGTH_SENSITIVITY_ENVELOPE,-0.3482079529999213
ND,2003,0.4799654043749598,1.4910122837474709,-2.5078929560458176,4.173064769825087,MODEL_ESTIMATED,0,0,CPS_PARTICIPATION_AND_CEV_MEMBERSHIP_LATENT_MODEL,COMMON_SCALE_CPS_2013_ANCHOR,1,1,1,REGIME_BRIDGE_ASSUMPTION;EARLY_CPS_DESIGN_BREAKS;UNKNOWN_SAMPLING_SE_WAVES;BACKCAST;BACKCAST_MODEL_SENSITIVITY,S2_FINAL_20261002T002743Z|M2_L6|inherited_base_sha256:6552cee937979c00eae89960ca07a3f13358525826877809d2c0f1a2903f24b7,LATENT_INDEX_2013_STATE_SD,MODEL_AND_LENGTH_SENSITIVITY_ENVELOPE,-0.363167730378463
ND,2004,0.40423363465045087,1.3501321052728104,-2.3011438678136096,3.8072191875296784,MODEL_ESTIMATED,0,0,CPS_PARTICIPATION_AND_CEV_MEMBERSHIP_LATENT_MODEL,COMMON_SCALE_CPS_2013_ANCHOR,1,1,1,REGIME_BRIDGE_ASSUMPTION;EARLY_CPS_DESIGN_BREAKS;UNKNOWN_SAMPLING_SE_WAVES;BACKCAST;BACKCAST_MODEL_SENSITIVITY,S2_FINAL_20261002T002743Z|M2_L6|inherited_base_sha256:6552cee937979c00eae89960ca07a3f13358525826877809d2c0f1a2903f24b7,LATENT_INDEX_2013_STATE_SD,MODEL_AND_LENGTH_SENSITIVITY_ENVELOPE,-0.37920562660993695
ND,2005,0.3224876386917263,1.202366510857634,-2.0817075763839585,3.407023015951792,MODEL_ESTIMATED,0,0,CPS_PARTICIPATION_AND_CEV_MEMBERSHIP_LATENT_MODEL,COMMON_SCALE_CPS_2013_ANCHOR,1,1,1,REGIME_BRIDGE_ASSUMPTION;EARLY_CPS_DESIGN_BREAKS;UNKNOWN_SAMPLING_SE_WAVES;BACKCAST;BACKCAST_MODEL_SENSITIVITY,S2_FINAL_20261002T002743Z|M2_L6|inherited_base_sha256:6552cee937979c00eae89960ca07a3f13358525826877809d2c0f1a2903f24b7,LATENT_INDEX_2013_STATE_SD,MODEL_AND_LENGTH_SENSITIVITY_ENVELOPE,-0.3965171697746311
ND,2006,0.2336366739458879,1.0434443882015922,-1.8433743184821276,2.953519609582275,MODEL_ESTIMATED,0,0,CPS_PARTICIPATION_AND_CEV_MEMBERSHIP_LATENT_MODEL,COMMON_SCALE_CPS_2013_ANCHOR,1,1,1,REGIME_BRIDGE_ASSUMPTION;EARLY_CPS_DESIGN_BREAKS;UNKNOWN_SAMPLING_SE_WAVES;BACKCAST;BACKCAST_MODEL_SENSITIVITY,S2_FINAL_20261002T002743Z|M2_L6|inherited_base_sha256:6552cee937979c00eae89960ca07a3f13358525826877809d2c0f1a2903f24b7,LATENT_INDEX_2013_STATE_SD,MODEL_AND_LENGTH_SENSITIVITY_ENVELOPE,-0.4153333490061979
ND,2007,0.13639218034030753,0.8658824261073005,-1.5746253323092099,2.4131366938196934,MODEL_ESTIMATED,0,0,CPS_PARTICIPATION_AND_CEV_MEMBERSHIP_LATENT_MODEL,COMMON_SCALE_CPS_2013_ANCHOR,1,1,1,REGIME_BRIDGE_ASSUMPTION;EARLY_CPS_DESIGN_BREAKS;UNKNOWN_SAMPLING_SE_WAVES;BACKCAST;BACKCAST_MODEL_SENSITIVITY,S2_FINAL_20261002T002743Z|M2_L6|inherited_base_sha256:6552cee937979c00eae89960ca07a3f13358525826877809d2c0f1a2903f24b7,LATENT_INDEX_2013_STATE_SD,MODEL_AND_LENGTH_SENSITIVITY_ENVELOPE,-0.4359270457229379
ND,2008,0.02923190401556929,0.6541663837759361,-1.2529342081852652,1.7146966823076135,MODEL_ESTIMATED,0,0,CPS_PARTICIPATION_AND_CEV_MEMBERSHIP_LATENT_MODEL,COMMON_SCALE_CPS_2013_ANCHOR,1,1,1,REGIME_BRIDGE_ASSUMPTION;EARLY_CPS_DESIGN_BREAKS;UNKNOWN_SAMPLING_SE_WAVES;BACKCAST;BACKCAST_MODEL_SENSITIVITY;NO_DIRECT_OBSERVATION_AVAILABLE_IN_CURRENT_EVIDENCE,S2_FINAL_20261002T002743Z|M2_L6|inherited_base_sha256:6552cee937979c00eae89960ca07a3f13358525826877809d2c0f1a2903f24b7,LATENT_INDEX_2013_STATE_SD,MODEL_AND_LENGTH_SENSITIVITY_ENVELOPE,-0.4586206312298408
ND,2009,-0.08964248547613271,0.35647789252640594,-0.7905354760306637,0.6120144361304672,MODEL_ESTIMATED,0,1,CPS_PARTICIPATION_AND_CEV_MEMBERSHIP_LATENT_MODEL,COMMON_SCALE_CPS_2013_ANCHOR,1,0,1,REGIME_BRIDGE_ASSUMPTION;EARLY_CPS_DESIGN_BREAKS;UNKNOWN_SAMPLING_SE_WAVES,S2_FINAL_20261002T002743Z|M2_L6|inherited_base_sha256:6552cee937979c00eae89960ca07a3f13358525826877809d2c0f1a2903f24b7,LATENT_INDEX_2013_STATE_SD,MODEL_AND_LENGTH_SENSITIVITY_ENVELOPE,-0.4837949422248569
ND,2010,-0.26218150755033237,0.3259663914536575,-0.9308437748423921,0.37671261969883635,MODEL_ESTIMATED,0,1,CPS_PARTICIPATION_AND_CEV_MEMBERSHIP_LATENT_MODEL,COMMON_SCALE_CPS_2013_ANCHOR,1,0,1,REGIME_BRIDGE_ASSUMPTION;EARLY_CPS_DESIGN_BREAKS;UNKNOWN_SAMPLING_SE_WAVES,S2_FINAL_20261002T002743Z|M2_L6|inherited_base_sha256:6552cee937979c00eae89960ca07a3f13358525826877809d2c0f1a2903f24b7,LATENT_INDEX_2013_STATE_SD,MODEL_AND_LENGTH_SENSITIVITY_ENVELOPE,-0.5203339395567848
ND,2011,0.7965011496006957,0.33097568417783085,0.12060892427226143,1.4955807587760397,MODEL_ESTIMATED,0,1,CPS_PARTICIPATION_AND_CEV_MEMBERSHIP_LATENT_MODEL,COMMON_SCALE_CPS_2013_ANCHOR,1,0,1,REGIME_BRIDGE_ASSUMPTION;EARLY_CPS_DESIGN_BREAKS;UNKNOWN_SAMPLING_SE_WAVES,S2_FINAL_20261002T002743Z|M2_L6|inherited_base_sha256:6552cee937979c00eae89960ca07a3f13358525826877809d2c0f1a2903f24b7,LATENT_INDEX_2013_STATE_SD,MODEL_AND_LENGTH_SENSITIVITY_ENVELOPE,-0.2961342059547005
ND,2012,0.6797643563953701,0.5017217555589794,-0.5177073995679822,1.7983845939747287,MODEL_ESTIMATED,0,0,CPS_PARTICIPATION_AND_CEV_MEMBERSHIP_LATENT_MODEL,COMMON_SCALE_CPS_2013_ANCHOR,1,0,1,REGIME_BRIDGE_ASSUMPTION;EARLY_CPS_DESIGN_BREAKS;UNKNOWN_SAMPLING_SE_WAVES,S2_FINAL_20261002T002743Z|M2_L6|inherited_base_sha256:6552cee937979c00eae89960ca07a3f13358525826877809d2c0f1a2903f24b7,LATENT_INDEX_2013_STATE_SD,MODEL_AND_LENGTH_SENSITIVITY_ENVELOPE,-0.3208558331216429
ND,2013,0.5741666270875475,0.4121674638099534,-0.3336790245076876,1.42253601251907,MODEL_ESTIMATED,0,1,CPS_PARTICIPATION_AND_CEV_MEMBERSHIP_LATENT_MODEL,COMMON_SCALE_CPS_2013_ANCHOR,1,0,1,REGIME_BRIDGE_ASSUMPTION;EARLY_CPS_DESIGN_BREAKS;UNKNOWN_SAMPLING_SE_WAVES,S2_FINAL_20261002T002743Z|M2_L6|inherited_base_sha256:6552cee937979c00eae89960ca07a3f13358525826877809d2c0f1a2903f24b7,LATENT_INDEX_2013_STATE_SD,MODEL_AND_LENGTH_SENSITIVITY_ENVELOPE,-0.34321851434616535
ND,2014,0.6897998374729819,0.7215143952945162,-1.1573845152202906,2.1039680522502335,MODEL_ESTIMATED,0,0,CPS_PARTICIPATION_AND_CEV_MEMBERSHIP_LATENT_MODEL,COMMON_SCALE_CPS_2013_ANCHOR,1,0,1,REGIME_BRIDGE_ASSUMPTION;EARLY_CPS_DESIGN_BREAKS;UNKNOWN_SAMPLING_SE_WAVES;CPS_CEV_GAP,S2_FINAL_20261002T002743Z|M2_L6|inherited_base_sha256:6552cee937979c00eae89960ca07a3f13358525826877809d2c0f1a2903f24b7,LATENT_INDEX_2013_STATE_SD,MODEL_AND_LENGTH_SENSITIVITY_ENVELOPE,-0.3187305955266264
ND,2015,0.8192220024577429,1.0281343605325495,-1.5478300611309965,2.8343653491015397,MODEL_ESTIMATED,0,0,CPS_PARTICIPATION_AND_CEV_MEMBERSHIP_LATENT_MODEL,COMMON_SCALE_CPS_2013_ANCHOR,1,0,1,REGIME_BRIDGE_ASSUMPTION;EARLY_CPS_DESIGN_BREAKS;UNKNOWN_SAMPLING_SE_WAVES;CPS_CEV_GAP,S2_FINAL_20261002T002743Z|M2_L6|inherited_base_sha256:6552cee937979c00eae89960ca07a3f13358525826877809d2c0f1a2903f24b7,LATENT_INDEX_2013_STATE_SD,MODEL_AND_LENGTH_SENSITIVITY_ENVELOPE,-0.29132255713495847
ND,2016,0.9672217525156256,1.3342218936884704,-1.648928255858333,3.582296664145028,MODEL_ESTIMATED,0,0,CPS_PARTICIPATION_AND_CEV_MEMBERSHIP_LATENT_MODEL,COMMON_SCALE_CPS_2013_ANCHOR,1,0,1,REGIME_BRIDGE_ASSUMPTION;EARLY_CPS_DESIGN_BREAKS;UNKNOWN_SAMPLING_SE_WAVES;CPS_CEV_GAP,S2_FINAL_20261002T002743Z|M2_L6|inherited_base_sha256:6552cee937979c00eae89960ca07a3f13358525826877809d2c0f1a2903f24b7,LATENT_INDEX_2013_STATE_SD,MODEL_AND_LENGTH_SENSITIVITY_ENVELOPE,-0.2599802995547261
ND,2017,1.1391049578032664,1.6451047418937157,-2.085300336308416,4.363510251914949,MODEL_ESTIMATED,0,1,CPS_PARTICIPATION_AND_CEV_MEMBERSHIP_LATENT_MODEL,COMMON_SCALE_CPS_2013_ANCHOR,1,0,1,REGIME_BRIDGE_ASSUMPTION;EARLY_CPS_DESIGN_BREAKS;UNKNOWN_SAMPLING_SE_WAVES,S2_FINAL_20261002T002743Z|M2_L6|inherited_base_sha256:6552cee937979c00eae89960ca07a3f13358525826877809d2c0f1a2903f24b7,LATENT_INDEX_2013_STATE_SD,MODEL_AND_LENGTH_SENSITIVITY_ENVELOPE,-0.22358018609687058
ND,2018,0.91295791496228,1.68200647999001,-2.3837747858181393,4.2096906157427,MODEL_ESTIMATED,0,0,CPS_PARTICIPATION_AND_CEV_MEMBERSHIP_LATENT_MODEL,COMMON_SCALE_CPS_2013_ANCHOR,1,0,1,REGIME_BRIDGE_ASSUMPTION;EARLY_CPS_DESIGN_BREAKS;UNKNOWN_SAMPLING_SE_WAVES,S2_FINAL_20261002T002743Z|M2_L6|inherited_base_sha256:6552cee937979c00eae89960ca07a3f13358525826877809d2c0f1a2903f24b7,LATENT_INDEX_2013_STATE_SD,MODEL_AND_LENGTH_SENSITIVITY_ENVELOPE,-0.27147188094742225
ND,2019,0.7115539875659095,1.6661311171375592,-2.5540630020237067,3.9771709771555255,MODEL_ESTIMATED,0,1,CPS_PARTICIPATION_AND_CEV_MEMBERSHIP_LATENT_MODEL,COMMON_SCALE_CPS_2013_ANCHOR,1,0,1,REGIME_BRIDGE_ASSUMPTION;EARLY_CPS_DESIGN_BREAKS;UNKNOWN_SAMPLING_SE_WAVES,S2_FINAL_20261002T002743Z|M2_L6|inherited_base_sha256:6552cee937979c00eae89960ca07a3f13358525826877809d2c0f1a2903f24b7,LATENT_INDEX_2013_STATE_SD,MODEL_AND_LENGTH_SENSITIVITY_ENVELOPE,-0.31412366764070154
ND,2020,0.3750940897921602,1.6900902622622127,-2.9374828242417768,3.687671003826097,MODEL_ESTIMATED,0,0,CPS_PARTICIPATION_AND_CEV_MEMBERSHIP_LATENT_MODEL,COMMON_SCALE_CPS_2013_ANCHOR,1,0,1,REGIME_BRIDGE_ASSUMPTION;EARLY_CPS_DESIGN_BREAKS;UNKNOWN_SAMPLING_SE_WAVES,S2_FINAL_20261002T002743Z|M2_L6|inherited_base_sha256:6552cee937979c00eae89960ca07a3f13358525826877809d2c0f1a2903f24b7,LATENT_INDEX_2013_STATE_SD,MODEL_AND_LENGTH_SENSITIVITY_ENVELOPE,-0.38537657703628625
ND,2021,0.05077251020372627,1.652900587741628,-3.1889126417698646,3.290457662177317,MODEL_ESTIMATED,0,1,CPS_PARTICIPATION_AND_CEV_MEMBERSHIP_LATENT_MODEL,COMMON_SCALE_CPS_2013_ANCHOR,1,0,1,REGIME_BRIDGE_ASSUMPTION;EARLY_CPS_DESIGN_BREAKS;UNKNOWN_SAMPLING_SE_WAVES,S2_FINAL_20261002T002743Z|M2_L6|inherited_base_sha256:6552cee937979c00eae89960ca07a3f13358525826877809d2c0f1a2903f24b7,LATENT_INDEX_2013_STATE_SD,MODEL_AND_LENGTH_SENSITIVITY_ENVELOPE,-0.4540589260423691
ND,2022,-0.060489121667927415,1.6945607733623542,-3.3818282374581417,3.260849994122287,MODEL_ESTIMATED,0,0,CPS_PARTICIPATION_AND_CEV_MEMBERSHIP_LATENT_MODEL,COMMON_SCALE_CPS_2013_ANCHOR,1,0,1,REGIME_BRIDGE_ASSUMPTION;EARLY_CPS_DESIGN_BREAKS;UNKNOWN_SAMPLING_SE_WAVES,S2_FINAL_20261002T002743Z|M2_L6|inherited_base_sha256:6552cee937979c00eae89960ca07a3f13358525826877809d2c0f1a2903f24b7,LATENT_INDEX_2013_STATE_SD,MODEL_AND_LENGTH_SENSITIVITY_ENVELOPE,-0.4776210653267565
ND,2023,-0.16936952167685118,1.669335048356985,-3.4412662164565417,3.1025271731028394,MODEL_ESTIMATED,0,1,CPS_PARTICIPATION_AND_CEV_MEMBERSHIP_LATENT_MODEL,COMMON_SCALE_CPS_2013_ANCHOR,1,0,1,REGIME_BRIDGE_ASSUMPTION;EARLY_CPS_DESIGN_BREAKS;UNKNOWN_SAMPLING_SE_WAVES,S2_FINAL_20261002T002743Z|M2_L6|inherited_base_sha256:6552cee937979c00eae89960ca07a3f13358525826877809d2c0f1a2903f24b7,LATENT_INDEX_2013_STATE_SD,MODEL_AND_LENGTH_SENSITIVITY_ENVELOPE,-0.5006789255000593
NE,2000,1.265706145263011,1.8938171775815893,-2.516490677332825,6.010778521745219,MODEL_ESTIMATED,0,0,CPS_PARTICIPATION_AND_CEV_MEMBERSHIP_LATENT_MODEL,COMMON_SCALE_CPS_2013_ANCHOR,1,1,1,REGIME_BRIDGE_ASSUMPTION;EARLY_CPS_DESIGN_BREAKS;UNKNOWN_SAMPLING_SE_WAVES;BACKCAST;BACKCAST_MODEL_SENSITIVITY,S2_FINAL_20261002T002743Z|M2_L6|inherited_base_sha256:6552cee937979c00eae89960ca07a3f13358525826877809d2c0f1a2903f24b7,LATENT_INDEX_2013_STATE_SD,MODEL_AND_LENGTH_SENSITIVITY_ENVELOPE,-0.19676955279664726
NE,2001,1.2085129843145315,1.7607957637547047,-2.3200578738510904,5.591358160285954,MODEL_ESTIMATED,0,0,CPS_PARTICIPATION_AND_CEV_MEMBERSHIP_LATENT_MODEL,COMMON_SCALE_CPS_2013_ANCHOR,1,1,1,REGIME_BRIDGE_ASSUMPTION;EARLY_CPS_DESIGN_BREAKS;UNKNOWN_SAMPLING_SE_WAVES;BACKCAST;BACKCAST_MODEL_SENSITIVITY,S2_FINAL_20261002T002743Z|M2_L6|inherited_base_sha256:6552cee937979c00eae89960ca07a3f13358525826877809d2c0f1a2903f24b7,LATENT_INDEX_2013_STATE_SD,MODEL_AND_LENGTH_SENSITIVITY_ENVELOPE,-0.20888148394230027
NE,2002,1.1486677668734202,1.6261808380459593,-2.1178606328363787,5.168141240540056,MODEL_ESTIMATED,0,0,CPS_PARTICIPATION_AND_CEV_MEMBERSHIP_LATENT_MODEL,COMMON_SCALE_CPS_2013_ANCHOR,1,1,1,REGIME_BRIDGE_ASSUMPTION;EARLY_CPS_DESIGN_BREAKS;UNKNOWN_SAMPLING_SE_WAVES;BACKCAST;BACKCAST_MODEL_SENSITIVITY,S2_FINAL_20261002T002743Z|M2_L6|inherited_base_sha256:6552cee937979c00eae89960ca07a3f13358525826877809d2c0f1a2903f24b7,LATENT_INDEX_2013_STATE_SD,MODEL_AND_LENGTH_SENSITIVITY_ENVELOPE,-0.22155504737231108
NE,2003,1.085689514879221,1.488874992692827,-1.9081531722844822,4.763790924578382,MODEL_ESTIMATED,0,0,CPS_PARTICIPATION_AND_CEV_MEMBERSHIP_LATENT_MODEL,COMMON_SCALE_CPS_2013_ANCHOR,1,1,1,REGIME_BRIDGE_ASSUMPTION;EARLY_CPS_DESIGN_BREAKS;UNKNOWN_SAMPLING_SE_WAVES;BACKCAST;BACKCAST_MODEL_SENSITIVITY,S2_FINAL_20261002T002743Z|M2_L6|inherited_base_sha256:6552cee937979c00eae89960ca07a3f13358525826877809d2c0f1a2903f24b7,LATENT_INDEX_2013_STATE_SD,MODEL_AND_LENGTH_SENSITIVITY_ENVELOPE,-0.23489210094965152
NE,2004,1.019010019891874,1.347218476546978,-1.688402890279048,4.401933541994266,MODEL_ESTIMATED,0,0,CPS_PARTICIPATION_AND_CEV_MEMBERSHIP_LATENT_MODEL,COMMON_SCALE_CPS_2013_ANCHOR,1,1,1,REGIME_BRIDGE_ASSUMPTION;EARLY_CPS_DESIGN_BREAKS;UNKNOWN_SAMPLING_SE_WAVES;BACKCAST;BACKCAST_MODEL_SENSITIVITY,S2_FINAL_20261002T002743Z|M2_L6|inherited_base_sha256:6552cee937979c00eae89960ca07a3f13358525826877809d2c0f1a2903f24b7,LATENT_INDEX_2013_STATE_SD,MODEL_AND_LENGTH_SENSITIVITY_ENVELOPE,-0.24901297552137133
NE,2005,0.947958022954016,1.198641453401437,-1.4547348562675728,4.007326425581171,MODEL_ESTIMATED,0,0,CPS_PARTICIPATION_AND_CEV_MEMBERSHIP_LATENT_MODEL,COMMON_SCALE_CPS_2013_ANCHOR,1,1,1,REGIME_BRIDGE_ASSUMPTION;EARLY_CPS_DESIGN_BREAKS;UNKNOWN_SAMPLING_SE_WAVES;BACKCAST;BACKCAST_MODEL_SENSITIVITY,S2_FINAL_20261002T002743Z|M2_L6|inherited_base_sha256:6552cee937979c00eae89960ca07a3f13358525826877809d2c0f1a2903f24b7,LATENT_INDEX_2013_STATE_SD,MODEL_AND_LENGTH_SENSITIVITY_ENVELOPE,-0.26405982518662596
NE,2006,0.8717405253066525,1.038992288520601,-1.2007589377482726,3.561637302132618,MODEL_ESTIMATED,0,0,CPS_PARTICIPATION_AND_CEV_MEMBERSHIP_LATENT_MODEL,COMMON_SCALE_CPS_2013_ANCHOR,1,1,1,REGIME_BRIDGE_ASSUMPTION;EARLY_CPS_DESIGN_BREAKS;UNKNOWN_SAMPLING_SE_WAVES;BACKCAST;BACKCAST_MODEL_SENSITIVITY,S2_FINAL_20261002T002743Z|M2_L6|inherited_base_sha256:6552cee937979c00eae89960ca07a3f13358525826877809d2c0f1a2903f24b7,LATENT_INDEX_2013_STATE_SD,MODEL_AND_LENGTH_SENSITIVITY_ENVELOPE,-0.280200585170681
NE,2007,0.7894207096084513,0.8609979123833843,-0.9146631830500193,3.032146935485045,MODEL_ESTIMATED,0,0,CPS_PARTICIPATION_AND_CEV_MEMBERSHIP_LATENT_MODEL,COMMON_SCALE_CPS_2013_ANCHOR,1,1,1,REGIME_BRIDGE_ASSUMPTION;EARLY_CPS_DESIGN_BREAKS;UNKNOWN_SAMPLING_SE_WAVES;BACKCAST;BACKCAST_MODEL_SENSITIVITY,S2_FINAL_20261002T002743Z|M2_L6|inherited_base_sha256:6552cee937979c00eae89960ca07a3f13358525826877809d2c0f1a2903f24b7,LATENT_INDEX_2013_STATE_SD,MODEL_AND_LENGTH_SENSITIVITY_ENVELOPE,-0.29763364750059174
NE,2008,0.6998918569382673,0.6495025862357305,-0.5731332120837647,2.3487898221589405,MODEL_ESTIMATED,0,0,CPS_PARTICIPATION_AND_CEV_MEMBERSHIP_LATENT_MODEL,COMMON_SCALE_CPS_2013_ANCHOR,1,1,1,REGIME_BRIDGE_ASSUMPTION;EARLY_CPS_DESIGN_BREAKS;UNKNOWN_SAMPLING_SE_WAVES;BACKCAST;BACKCAST_MODEL_SENSITIVITY;NO_DIRECT_OBSERVATION_AVAILABLE_IN_CURRENT_EVIDENCE,S2_FINAL_20261002T002743Z|M2_L6|inherited_base_sha256:6552cee937979c00eae89960ca07a3f13358525826877809d2c0f1a2903f24b7,LATENT_INDEX_2013_STATE_SD,MODEL_AND_LENGTH_SENSITIVITY_ENVELOPE,-0.3165933846633514
NE,2009,0.6018465333745094,0.35337959640601924,-0.12898533161046583,1.2944705423303071,MODEL_ESTIMATED,0,1,CPS_PARTICIPATION_AND_CEV_MEMBERSHIP_LATENT_MODEL,COMMON_SCALE_CPS_2013_ANCHOR,1,0,1,REGIME_BRIDGE_ASSUMPTION;EARLY_CPS_DESIGN_BREAKS;UNKNOWN_SAMPLING_SE_WAVES,S2_FINAL_20261002T002743Z|M2_L6|inherited_base_sha256:6552cee937979c00eae89960ca07a3f13358525826877809d2c0f1a2903f24b7,LATENT_INDEX_2013_STATE_SD,MODEL_AND_LENGTH_SENSITIVITY_ENVELOPE,-0.33735667503695466
NE,2010,0.6626807784038029,0.32418755314008074,-0.006081351312163,1.4193201134087012,MODEL_ESTIMATED,0,1,CPS_PARTICIPATION_AND_CEV_MEMBERSHIP_LATENT_MODEL,COMMON_SCALE_CPS_2013_ANCHOR,1,0,1,REGIME_BRIDGE_ASSUMPTION;EARLY_CPS_DESIGN_BREAKS;UNKNOWN_SAMPLING_SE_WAVES,S2_FINAL_20261002T002743Z|M2_L6|inherited_base_sha256:6552cee937979c00eae89960ca07a3f13358525826877809d2c0f1a2903f24b7,LATENT_INDEX_2013_STATE_SD,MODEL_AND_LENGTH_SENSITIVITY_ENVELOPE,-0.32447366289226265
NE,2011,1.4572857123257803,0.28332388164712097,0.8902861630814566,2.058030678965249,MODEL_ESTIMATED,0,1,CPS_PARTICIPATION_AND_CEV_MEMBERSHIP_LATENT_MODEL,COMMON_SCALE_CPS_2013_ANCHOR,1,0,1,REGIME_BRIDGE_ASSUMPTION;EARLY_CPS_DESIGN_BREAKS;UNKNOWN_SAMPLING_SE_WAVES,S2_FINAL_20261002T002743Z|M2_L6|inherited_base_sha256:6552cee937979c00eae89960ca07a3f13358525826877809d2c0f1a2903f24b7,LATENT_INDEX_2013_STATE_SD,MODEL_AND_LENGTH_SENSITIVITY_ENVELOPE,-0.15619829415842423
NE,2012,1.2377017560632886,0.46833306527165586,0.10306295706050114,2.302422956250212,MODEL_ESTIMATED,0,0,CPS_PARTICIPATION_AND_CEV_MEMBERSHIP_LATENT_MODEL,COMMON_SCALE_CPS_2013_ANCHOR,1,0,1,REGIME_BRIDGE_ASSUMPTION;EARLY_CPS_DESIGN_BREAKS;UNKNOWN_SAMPLING_SE_WAVES,S2_FINAL_20261002T002743Z|M2_L6|inherited_base_sha256:6552cee937979c00eae89960ca07a3f13358525826877809d2c0f1a2903f24b7,LATENT_INDEX_2013_STATE_SD,MODEL_AND_LENGTH_SENSITIVITY_ENVELOPE,-0.20270010862077192
NE,2013,1.0293160691157424,0.3411170500188198,0.288023191531551,1.710545287677805,MODEL_ESTIMATED,0,1,CPS_PARTICIPATION_AND_CEV_MEMBERSHIP_LATENT_MODEL,COMMON_SCALE_CPS_2013_ANCHOR,1,0,1,REGIME_BRIDGE_ASSUMPTION;EARLY_CPS_DESIGN_BREAKS;UNKNOWN_SAMPLING_SE_WAVES,S2_FINAL_20261002T002743Z|M2_L6|inherited_base_sha256:6552cee937979c00eae89960ca07a3f13358525826877809d2c0f1a2903f24b7,LATENT_INDEX_2013_STATE_SD,MODEL_AND_LENGTH_SENSITIVITY_ENVELOPE,-0.24683043906923063
NE,2014,1.0863285917729903,0.6941918578050171,-0.7092556623248624,2.446944633070824,MODEL_ESTIMATED,0,0,CPS_PARTICIPATION_AND_CEV_MEMBERSHIP_LATENT_MODEL,COMMON_SCALE_CPS_2013_ANCHOR,1,0,1,REGIME_BRIDGE_ASSUMPTION;EARLY_CPS_DESIGN_BREAKS;UNKNOWN_SAMPLING_SE_WAVES;CPS_CEV_GAP,S2_FINAL_20261002T002743Z|M2_L6|inherited_base_sha256:6552cee937979c00eae89960ca07a3f13358525826877809d2c0f1a2903f24b7,LATENT_INDEX_2013_STATE_SD,MODEL_AND_LENGTH_SENSITIVITY_ENVELOPE,-0.23475676212232066
NE,2015,1.1526953127076156,1.0143418157587012,-1.2095106015853145,3.1408052715946697,MODEL_ESTIMATED,0,0,CPS_PARTICIPATION_AND_CEV_MEMBERSHIP_LATENT_MODEL,COMMON_SCALE_CPS_2013_ANCHOR,1,0,1,REGIME_BRIDGE_ASSUMPTION;EARLY_CPS_DESIGN_BREAKS;UNKNOWN_SAMPLING_SE_WAVES;CPS_CEV_GAP,S2_FINAL_20261002T002743Z|M2_L6|inherited_base_sha256:6552cee937979c00eae89960ca07a3f13358525826877809d2c0f1a2903f24b7,LATENT_INDEX_2013_STATE_SD,MODEL_AND_LENGTH_SENSITIVITY_ENVELOPE,-0.22070212445249415
NE,2016,1.2314492640339083,1.3288514942741765,-1.4348650604855926,3.835998192811294,MODEL_ESTIMATED,0,0,CPS_PARTICIPATION_AND_CEV_MEMBERSHIP_LATENT_MODEL,COMMON_SCALE_CPS_2013_ANCHOR,1,0,1,REGIME_BRIDGE_ASSUMPTION;EARLY_CPS_DESIGN_BREAKS;UNKNOWN_SAMPLING_SE_WAVES;CPS_CEV_GAP,S2_FINAL_20261002T002743Z|M2_L6|inherited_base_sha256:6552cee937979c00eae89960ca07a3f13358525826877809d2c0f1a2903f24b7,LATENT_INDEX_2013_STATE_SD,MODEL_AND_LENGTH_SENSITIVITY_ENVELOPE,-0.20402421366572332
NE,2017,1.325968364841151,1.6488116908853103,-1.9057025492940571,4.557639278976359,MODEL_ESTIMATED,0,1,CPS_PARTICIPATION_AND_CEV_MEMBERSHIP_LATENT_MODEL,COMMON_SCALE_CPS_2013_ANCHOR,1,0,1,REGIME_BRIDGE_ASSUMPTION;EARLY_CPS_DESIGN_BREAKS;UNKNOWN_SAMPLING_SE_WAVES,S2_FINAL_20261002T002743Z|M2_L6|inherited_base_sha256:6552cee937979c00eae89960ca07a3f13358525826877809d2c0f1a2903f24b7,LATENT_INDEX_2013_STATE_SD,MODEL_AND_LENGTH_SENSITIVITY_ENVELOPE,-0.18400767983648414
NE,2018,1.439111514554999,1.6779229524268948,-1.849617472201715,4.727840501311713,MODEL_ESTIMATED,0,0,CPS_PARTICIPATION_AND_CEV_MEMBERSHIP_LATENT_MODEL,COMMON_SCALE_CPS_2013_ANCHOR,1,0,1,REGIME_BRIDGE_ASSUMPTION;EARLY_CPS_DESIGN_BREAKS;UNKNOWN_SAMPLING_SE_WAVES,S2_FINAL_20261002T002743Z|M2_L6|inherited_base_sha256:6552cee937979c00eae89960ca07a3f13358525826877809d2c0f1a2903f24b7,LATENT_INDEX_2013_STATE_SD,MODEL_AND_LENGTH_SENSITIVITY_ENVELOPE,-0.1600470870626226
NE,2019,1.5761720561907837,1.649415148527774,-1.656681634923653,4.8090257473052205,MODEL_ESTIMATED,0,1,CPS_PARTICIPATION_AND_CEV_MEMBERSHIP_LATENT_MODEL,COMMON_SCALE_CPS_2013_ANCHOR,1,0,1,REGIME_BRIDGE_ASSUMPTION;EARLY_CPS_DESIGN_BREAKS;UNKNOWN_SAMPLING_SE_WAVES,S2_FINAL_20261002T002743Z|M2_L6|inherited_base_sha256:6552cee937979c00eae89960ca07a3f13358525826877809d2c0f1a2903f24b7,LATENT_INDEX_2013_STATE_SD,MODEL_AND_LENGTH_SENSITIVITY_ENVELOPE,-0.13102145155746237
NE,2020,1.0905199584277212,1.6881774986668145,-2.218307938959235,4.3993478558146775,MODEL_ESTIMATED,0,0,CPS_PARTICIPATION_AND_CEV_MEMBERSHIP_LATENT_MODEL,COMMON_SCALE_CPS_2013_ANCHOR,1,0,1,REGIME_BRIDGE_ASSUMPTION;EARLY_CPS_DESIGN_BREAKS;UNKNOWN_SAMPLING_SE_WAVES,S2_FINAL_20261002T002743Z|M2_L6|inherited_base_sha256:6552cee937979c00eae89960ca07a3f13358525826877809d2c0f1a2903f24b7,LATENT_INDEX_2013_STATE_SD,MODEL_AND_LENGTH_SENSITIVITY_ENVELOPE,-0.23386914647935914
NE,2021,0.6214501999154263,1.663131869719556,-2.6382882647349035,3.881188664565756,MODEL_ESTIMATED,0,1,CPS_PARTICIPATION_AND_CEV_MEMBERSHIP_LATENT_MODEL,COMMON_SCALE_CPS_2013_ANCHOR,1,0,1,REGIME_BRIDGE_ASSUMPTION;EARLY_CPS_DESIGN_BREAKS;UNKNOWN_SAMPLING_SE_WAVES,S2_FINAL_20261002T002743Z|M2_L6|inherited_base_sha256:6552cee937979c00eae89960ca07a3f13358525826877809d2c0f1a2903f24b7,LATENT_INDEX_2013_STATE_SD,MODEL_AND_LENGTH_SENSITIVITY_ENVELOPE,-0.33320516014586804
NE,2022,0.6793660324635327,1.698252278767382,-2.6492084339205357,4.007940498847601,MODEL_ESTIMATED,0,0,CPS_PARTICIPATION_AND_CEV_MEMBERSHIP_LATENT_MODEL,COMMON_SCALE_CPS_2013_ANCHOR,1,0,1,REGIME_BRIDGE_ASSUMPTION;EARLY_CPS_DESIGN_BREAKS;UNKNOWN_SAMPLING_SE_WAVES,S2_FINAL_20261002T002743Z|M2_L6|inherited_base_sha256:6552cee937979c00eae89960ca07a3f13358525826877809d2c0f1a2903f24b7,LATENT_INDEX_2013_STATE_SD,MODEL_AND_LENGTH_SENSITIVITY_ENVELOPE,-0.3209401871240459
NE,2023,0.744787281471893,1.6643079477889913,-2.51725629619453,4.006830859138316,MODEL_ESTIMATED,0,1,CPS_PARTICIPATION_AND_CEV_MEMBERSHIP_LATENT_MODEL,COMMON_SCALE_CPS_2013_ANCHOR,1,0,1,REGIME_BRIDGE_ASSUMPTION;EARLY_CPS_DESIGN_BREAKS;UNKNOWN_SAMPLING_SE_WAVES,S2_FINAL_20261002T002743Z|M2_L6|inherited_base_sha256:6552cee937979c00eae89960ca07a3f13358525826877809d2c0f1a2903f24b7,LATENT_INDEX_2013_STATE_SD,MODEL_AND_LENGTH_SENSITIVITY_ENVELOPE,-0.3070857742832227
NH,2000,0.4606610091423927,1.8873353805924864,-3.286560806564742,5.239458656824076,MODEL_ESTIMATED,0,0,CPS_PARTICIPATION_AND_CEV_MEMBERSHIP_LATENT_MODEL,COMMON_SCALE_CPS_2013_ANCHOR,1,1,1,REGIME_BRIDGE_ASSUMPTION;EARLY_CPS_DESIGN_BREAKS;UNKNOWN_SAMPLING_SE_WAVES;BACKCAST;BACKCAST_MODEL_SENSITIVITY,S2_FINAL_20261002T002743Z|M2_L6|inherited_base_sha256:6552cee937979c00eae89960ca07a3f13358525826877809d2c0f1a2903f24b7,LATENT_INDEX_2013_STATE_SD,MODEL_AND_LENGTH_SENSITIVITY_ENVELOPE,-0.36725586787581077
NH,2001,0.39696502254433214,1.7547319262820062,-3.10487038029941,4.805160531544736,MODEL_ESTIMATED,0,0,CPS_PARTICIPATION_AND_CEV_MEMBERSHIP_LATENT_MODEL,COMMON_SCALE_CPS_2013_ANCHOR,1,1,1,REGIME_BRIDGE_ASSUMPTION;EARLY_CPS_DESIGN_BREAKS;UNKNOWN_SAMPLING_SE_WAVES;BACKCAST;BACKCAST_MODEL_SENSITIVITY,S2_FINAL_20261002T002743Z|M2_L6|inherited_base_sha256:6552cee937979c00eae89960ca07a3f13358525826877809d2c0f1a2903f24b7,LATENT_INDEX_2013_STATE_SD,MODEL_AND_LENGTH_SENSITIVITY_ENVELOPE,-0.3807449178100347
NH,2002,0.3294376243090323,1.6207989212563039,-2.9186853658068115,4.3606459296326845,MODEL_ESTIMATED,0,0,CPS_PARTICIPATION_AND_CEV_MEMBERSHIP_LATENT_MODEL,COMMON_SCALE_CPS_2013_ANCHOR,1,1,1,REGIME_BRIDGE_ASSUMPTION;EARLY_CPS_DESIGN_BREAKS;UNKNOWN_SAMPLING_SE_WAVES;BACKCAST;BACKCAST_MODEL_SENSITIVITY,S2_FINAL_20261002T002743Z|M2_L6|inherited_base_sha256:6552cee937979c00eae89960ca07a3f13358525826877809d2c0f1a2903f24b7,LATENT_INDEX_2013_STATE_SD,MODEL_AND_LENGTH_SENSITIVITY_ENVELOPE,-0.39504535486067804
NH,2003,0.25738394804010684,1.484474959124141,-2.726365400115066,3.9343201182886127,MODEL_ESTIMATED,0,0,CPS_PARTICIPATION_AND_CEV_MEMBERSHIP_LATENT_MODEL,COMMON_SCALE_CPS_2013_ANCHOR,1,1,1,REGIME_BRIDGE_ASSUMPTION;EARLY_CPS_DESIGN_BREAKS;UNKNOWN_SAMPLING_SE_WAVES;BACKCAST;BACKCAST_MODEL_SENSITIVITY,S2_FINAL_20261002T002743Z|M2_L6|inherited_base_sha256:6552cee937979c00eae89960ca07a3f13358525826877809d2c0f1a2903f24b7,LATENT_INDEX_2013_STATE_SD,MODEL_AND_LENGTH_SENSITIVITY_ENVELOPE,-0.41030433253016807
NH,2004,0.17998310608463622,1.3441216009497388,-2.525489324409339,3.553921843676015,MODEL_ESTIMATED,0,0,CPS_PARTICIPATION_AND_CEV_MEMBERSHIP_LATENT_MODEL,COMMON_SCALE_CPS_2013_ANCHOR,1,1,1,REGIME_BRIDGE_ASSUMPTION;EARLY_CPS_DESIGN_BREAKS;UNKNOWN_SAMPLING_SE_WAVES;BACKCAST;BACKCAST_MODEL_SENSITIVITY,S2_FINAL_20261002T002743Z|M2_L6|inherited_base_sha256:6552cee937979c00eae89960ca07a3f13358525826877809d2c0f1a2903f24b7,LATENT_INDEX_2013_STATE_SD,MODEL_AND_LENGTH_SENSITIVITY_ENVELOPE,-0.4266956921408866
NH,2005,0.0962653342660405,1.1971513010291333,-2.3122971657829683,3.1582776119285922,MODEL_ESTIMATED,0,0,CPS_PARTICIPATION_AND_CEV_MEMBERSHIP_LATENT_MODEL,COMMON_SCALE_CPS_2013_ANCHOR,1,1,1,REGIME_BRIDGE_ASSUMPTION;EARLY_CPS_DESIGN_BREAKS;UNKNOWN_SAMPLING_SE_WAVES;BACKCAST;BACKCAST_MODEL_SENSITIVITY,S2_FINAL_20261002T002743Z|M2_L6|inherited_base_sha256:6552cee937979c00eae89960ca07a3f13358525826877809d2c0f1a2903f24b7,LATENT_INDEX_2013_STATE_SD,MODEL_AND_LENGTH_SENSITIVITY_ENVELOPE,-0.44442480294921793
NH,2006,0.005084991576306798,1.0392990924563545,-2.080509976315673,2.711139349148739,MODEL_ESTIMATED,0,0,CPS_PARTICIPATION_AND_CEV_MEMBERSHIP_LATENT_MODEL,COMMON_SCALE_CPS_2013_ANCHOR,1,1,1,REGIME_BRIDGE_ASSUMPTION;EARLY_CPS_DESIGN_BREAKS;UNKNOWN_SAMPLING_SE_WAVES;BACKCAST;BACKCAST_MODEL_SENSITIVITY,S2_FINAL_20261002T002743Z|M2_L6|inherited_base_sha256:6552cee937979c00eae89960ca07a3f13358525826877809d2c0f1a2903f24b7,LATENT_INDEX_2013_STATE_SD,MODEL_AND_LENGTH_SENSITIVITY_ENVELOPE,-0.4637342800646712
NH,2007,-0.094911336918796,0.8629338565406148,-1.8183995400467141,2.1796166006426145,MODEL_ESTIMATED,0,0,CPS_PARTICIPATION_AND_CEV_MEMBERSHIP_LATENT_MODEL,COMMON_SCALE_CPS_2013_ANCHOR,1,1,1,REGIME_BRIDGE_ASSUMPTION;EARLY_CPS_DESIGN_BREAKS;UNKNOWN_SAMPLING_SE_WAVES;BACKCAST;BACKCAST_MODEL_SENSITIVITY,S2_FINAL_20261002T002743Z|M2_L6|inherited_base_sha256:6552cee937979c00eae89960ca07a3f13358525826877809d2c0f1a2903f24b7,LATENT_INDEX_2013_STATE_SD,MODEL_AND_LENGTH_SENSITIVITY_ENVELOPE,-0.4849107393731855
NH,2008,-0.20532252204475476,0.6517838691580724,-1.4992941890958649,1.493377766063217,MODEL_ESTIMATED,0,0,CPS_PARTICIPATION_AND_CEV_MEMBERSHIP_LATENT_MODEL,COMMON_SCALE_CPS_2013_ANCHOR,1,1,1,REGIME_BRIDGE_ASSUMPTION;EARLY_CPS_DESIGN_BREAKS;UNKNOWN_SAMPLING_SE_WAVES;BACKCAST;BACKCAST_MODEL_SENSITIVITY;NO_DIRECT_OBSERVATION_AVAILABLE_IN_CURRENT_EVIDENCE,S2_FINAL_20261002T002743Z|M2_L6|inherited_base_sha256:6552cee937979c00eae89960ca07a3f13358525826877809d2c0f1a2903f24b7,LATENT_INDEX_2013_STATE_SD,MODEL_AND_LENGTH_SENSITIVITY_ENVELOPE,-0.5082927775361088
NH,2009,-0.3280374065000551,0.3490915874947679,-1.0259214545892295,0.3896470633640942,MODEL_ESTIMATED,0,1,CPS_PARTICIPATION_AND_CEV_MEMBERSHIP_LATENT_MODEL,COMMON_SCALE_CPS_2013_ANCHOR,1,0,1,REGIME_BRIDGE_ASSUMPTION;EARLY_CPS_DESIGN_BREAKS;UNKNOWN_SAMPLING_SE_WAVES,S2_FINAL_20261002T002743Z|M2_L6|inherited_base_sha256:6552cee937979c00eae89960ca07a3f13358525826877809d2c0f1a2903f24b7,LATENT_INDEX_2013_STATE_SD,MODEL_AND_LENGTH_SENSITIVITY_ENVELOPE,-0.5342803992450795
NH,2010,-0.5685412230697514,0.3082710573298568,-1.1814224529088895,0.08595638152650593,MODEL_ESTIMATED,0,1,CPS_PARTICIPATION_AND_CEV_MEMBERSHIP_LATENT_MODEL,COMMON_SCALE_CPS_2013_ANCHOR,1,0,1,REGIME_BRIDGE_ASSUMPTION;EARLY_CPS_DESIGN_BREAKS;UNKNOWN_SAMPLING_SE_WAVES,S2_FINAL_20261002T002743Z|M2_L6|inherited_base_sha256:6552cee937979c00eae89960ca07a3f13358525826877809d2c0f1a2903f24b7,LATENT_INDEX_2013_STATE_SD,MODEL_AND_LENGTH_SENSITIVITY_ENVELOPE,-0.585212462069566
NH,2011,0.2911628948085434,0.2622592197541714,-0.2627307918377318,0.8095521940025562,MODEL_ESTIMATED,0,1,CPS_PARTICIPATION_AND_CEV_MEMBERSHIP_LATENT_MODEL,COMMON_SCALE_CPS_2013_ANCHOR,1,0,1,REGIME_BRIDGE_ASSUMPTION;EARLY_CPS_DESIGN_BREAKS;UNKNOWN_SAMPLING_SE_WAVES,S2_FINAL_20261002T002743Z|M2_L6|inherited_base_sha256:6552cee937979c00eae89960ca07a3f13358525826877809d2c0f1a2903f24b7,LATENT_INDEX_2013_STATE_SD,MODEL_AND_LENGTH_SENSITIVITY_ENVELOPE,-0.40315088497372803
NH,2012,0.25516583954597716,0.46263160776468565,-0.8533488575036232,1.3295889304412174,MODEL_ESTIMATED,0,0,CPS_PARTICIPATION_AND_CEV_MEMBERSHIP_LATENT_MODEL,COMMON_SCALE_CPS_2013_ANCHOR,1,0,1,REGIME_BRIDGE_ASSUMPTION;EARLY_CPS_DESIGN_BREAKS;UNKNOWN_SAMPLING_SE_WAVES,S2_FINAL_20261002T002743Z|M2_L6|inherited_base_sha256:6552cee937979c00eae89960ca07a3f13358525826877809d2c0f1a2903f24b7,LATENT_INDEX_2013_STATE_SD,MODEL_AND_LENGTH_SENSITIVITY_ENVELOPE,-0.4107740666191562
NH,2013,0.22442702826302593,0.34062538717143404,-0.45380309075203,0.971927624202332,MODEL_ESTIMATED,0,1,CPS_PARTICIPATION_AND_CEV_MEMBERSHIP_LATENT_MODEL,COMMON_SCALE_CPS_2013_ANCHOR,1,0,1,REGIME_BRIDGE_ASSUMPTION;EARLY_CPS_DESIGN_BREAKS;UNKNOWN_SAMPLING_SE_WAVES,S2_FINAL_20261002T002743Z|M2_L6|inherited_base_sha256:6552cee937979c00eae89960ca07a3f13358525826877809d2c0f1a2903f24b7,LATENT_INDEX_2013_STATE_SD,MODEL_AND_LENGTH_SENSITIVITY_ENVELOPE,-0.4172836974838274
NH,2014,0.2415457368878699,0.6924338016050035,-1.5132963084364144,1.5987159880336768,MODEL_ESTIMATED,0,0,CPS_PARTICIPATION_AND_CEV_MEMBERSHIP_LATENT_MODEL,COMMON_SCALE_CPS_2013_ANCHOR,1,0,1,REGIME_BRIDGE_ASSUMPTION;EARLY_CPS_DESIGN_BREAKS;UNKNOWN_SAMPLING_SE_WAVES;CPS_CEV_GAP,S2_FINAL_20261002T002743Z|M2_L6|inherited_base_sha256:6552cee937979c00eae89960ca07a3f13358525826877809d2c0f1a2903f24b7,LATENT_INDEX_2013_STATE_SD,MODEL_AND_LENGTH_SENSITIVITY_ENVELOPE,-0.4136584280157981
NH,2015,0.2659139581730755,1.0135885721209217,-2.0721105222180096,2.252547559530082,MODEL_ESTIMATED,0,0,CPS_PARTICIPATION_AND_CEV_MEMBERSHIP_LATENT_MODEL,COMMON_SCALE_CPS_2013_ANCHOR,1,0,1,REGIME_BRIDGE_ASSUMPTION;EARLY_CPS_DESIGN_BREAKS;UNKNOWN_SAMPLING_SE_WAVES;CPS_CEV_GAP,S2_FINAL_20261002T002743Z|M2_L6|inherited_base_sha256:6552cee937979c00eae89960ca07a3f13358525826877809d2c0f1a2903f24b7,LATENT_INDEX_2013_STATE_SD,MODEL_AND_LENGTH_SENSITIVITY_ENVELOPE,-0.4084979120825326
NH,2016,0.2993953962201296,1.3289924100422177,-2.358156788446941,2.9042205199028763,MODEL_ESTIMATED,0,0,CPS_PARTICIPATION_AND_CEV_MEMBERSHIP_LATENT_MODEL,COMMON_SCALE_CPS_2013_ANCHOR,1,0,1,REGIME_BRIDGE_ASSUMPTION;EARLY_CPS_DESIGN_BREAKS;UNKNOWN_SAMPLING_SE_WAVES;CPS_CEV_GAP,S2_FINAL_20261002T002743Z|M2_L6|inherited_base_sha256:6552cee937979c00eae89960ca07a3f13358525826877809d2c0f1a2903f24b7,LATENT_INDEX_2013_STATE_SD,MODEL_AND_LENGTH_SENSITIVITY_ENVELOPE,-0.401407468652615
NH,2017,0.34410748656702206,1.6501381683219236,-2.8901633233439483,3.578378296477992,MODEL_ESTIMATED,0,1,CPS_PARTICIPATION_AND_CEV_MEMBERSHIP_LATENT_MODEL,COMMON_SCALE_CPS_2013_ANCHOR,1,0,1,REGIME_BRIDGE_ASSUMPTION;EARLY_CPS_DESIGN_BREAKS;UNKNOWN_SAMPLING_SE_WAVES,S2_FINAL_20261002T002743Z|M2_L6|inherited_base_sha256:6552cee937979c00eae89960ca07a3f13358525826877809d2c0f1a2903f24b7,LATENT_INDEX_2013_STATE_SD,MODEL_AND_LENGTH_SENSITIVITY_ENVELOPE,-0.39193868338740445
NH,2018,0.4342486424362731,1.6794682476068248,-2.857509122873103,3.7260064077456496,MODEL_ESTIMATED,0,0,CPS_PARTICIPATION_AND_CEV_MEMBERSHIP_LATENT_MODEL,COMMON_SCALE_CPS_2013_ANCHOR,1,0,1,REGIME_BRIDGE_ASSUMPTION;EARLY_CPS_DESIGN_BREAKS;UNKNOWN_SAMPLING_SE_WAVES,S2_FINAL_20261002T002743Z|M2_L6|inherited_base_sha256:6552cee937979c00eae89960ca07a3f13358525826877809d2c0f1a2903f24b7,LATENT_INDEX_2013_STATE_SD,MODEL_AND_LENGTH_SENSITIVITY_ENVELOPE,-0.37284927732604967
NH,2019,0.5417455347186007,1.6526290974034012,-2.6974074961920658,3.780898565629267,MODEL_ESTIMATED,0,1,CPS_PARTICIPATION_AND_CEV_MEMBERSHIP_LATENT_MODEL,COMMON_SCALE_CPS_2013_ANCHOR,1,0,1,REGIME_BRIDGE_ASSUMPTION;EARLY_CPS_DESIGN_BREAKS;UNKNOWN_SAMPLING_SE_WAVES,S2_FINAL_20261002T002743Z|M2_L6|inherited_base_sha256:6552cee937979c00eae89960ca07a3f13358525826877809d2c0f1a2903f24b7,LATENT_INDEX_2013_STATE_SD,MODEL_AND_LENGTH_SENSITIVITY_ENVELOPE,-0.3500844058605944
NH,2020,0.15542344115128648,1.6878818213674125,-3.152824928728842,3.463671811031415,MODEL_ESTIMATED,0,0,CPS_PARTICIPATION_AND_CEV_MEMBERSHIP_LATENT_MODEL,COMMON_SCALE_CPS_2013_ANCHOR,1,0,1,REGIME_BRIDGE_ASSUMPTION;EARLY_CPS_DESIGN_BREAKS;UNKNOWN_SAMPLING_SE_WAVES,S2_FINAL_20261002T002743Z|M2_L6|inherited_base_sha256:6552cee937979c00eae89960ca07a3f13358525826877809d2c0f1a2903f24b7,LATENT_INDEX_2013_STATE_SD,MODEL_AND_LENGTH_SENSITIVITY_ENVELOPE,-0.431896750548919
NH,2021,-0.21893552421183926,1.6589768617896807,-3.4705301733196134,3.0326591248959347,MODEL_ESTIMATED,0,1,CPS_PARTICIPATION_AND_CEV_MEMBERSHIP_LATENT_MODEL,COMMON_SCALE_CPS_2013_ANCHOR,1,0,1,REGIME_BRIDGE_ASSUMPTION;EARLY_CPS_DESIGN_BREAKS;UNKNOWN_SAMPLING_SE_WAVES,S2_FINAL_20261002T002743Z|M2_L6|inherited_base_sha256:6552cee937979c00eae89960ca07a3f13358525826877809d2c0f1a2903f24b7,LATENT_INDEX_2013_STATE_SD,MODEL_AND_LENGTH_SENSITIVITY_ENVELOPE,-0.5111756352449506
NH,2022,-0.1894481756869798,1.6971338670749776,-3.515830555153936,3.1369342037799766,MODEL_ESTIMATED,0,0,CPS_PARTICIPATION_AND_CEV_MEMBERSHIP_LATENT_MODEL,COMMON_SCALE_CPS_2013_ANCHOR,1,0,1,REGIME_BRIDGE_ASSUMPTION;EARLY_CPS_DESIGN_BREAKS;UNKNOWN_SAMPLING_SE_WAVES,S2_FINAL_20261002T002743Z|M2_L6|inherited_base_sha256:6552cee937979c00eae89960ca07a3f13358525826877809d2c0f1a2903f24b7,LATENT_INDEX_2013_STATE_SD,MODEL_AND_LENGTH_SENSITIVITY_ENVELOPE,-0.5049310296124223
NH,2023,-0.15522918056697108,1.665655233897148,-3.419913439005381,3.109455077871439,MODEL_ESTIMATED,0,1,CPS_PARTICIPATION_AND_CEV_MEMBERSHIP_LATENT_MODEL,COMMON_SCALE_CPS_2013_ANCHOR,1,0,1,REGIME_BRIDGE_ASSUMPTION;EARLY_CPS_DESIGN_BREAKS;UNKNOWN_SAMPLING_SE_WAVES,S2_FINAL_20261002T002743Z|M2_L6|inherited_base_sha256:6552cee937979c00eae89960ca07a3f13358525826877809d2c0f1a2903f24b7,LATENT_INDEX_2013_STATE_SD,MODEL_AND_LENGTH_SENSITIVITY_ENVELOPE,-0.4976843919743954
NJ,2000,-0.6571611228300265,1.8825516050678486,-4.34696226876301,4.323587876885573,MODEL_ESTIMATED,0,0,CPS_PARTICIPATION_AND_CEV_MEMBERSHIP_LATENT_MODEL,COMMON_SCALE_CPS_2013_ANCHOR,1,1,1,REGIME_BRIDGE_ASSUMPTION;EARLY_CPS_DESIGN_BREAKS;UNKNOWN_SAMPLING_SE_WAVES;BACKCAST;BACKCAST_MODEL_SENSITIVITY,S2_FINAL_20261002T002743Z|M2_L6|inherited_base_sha256:6552cee937979c00eae89960ca07a3f13358525826877809d2c0f1a2903f24b7,LATENT_INDEX_2013_STATE_SD,MODEL_AND_LENGTH_SENSITIVITY_ENVELOPE,-0.6039797081219047
NJ,2001,-0.7186654153893184,1.748325625946746,-4.145383642244941,3.8855707956014354,MODEL_ESTIMATED,0,0,CPS_PARTICIPATION_AND_CEV_MEMBERSHIP_LATENT_MODEL,COMMON_SCALE_CPS_2013_ANCHOR,1,1,1,REGIME_BRIDGE_ASSUMPTION;EARLY_CPS_DESIGN_BREAKS;UNKNOWN_SAMPLING_SE_WAVES;BACKCAST;BACKCAST_MODEL_SENSITIVITY,S2_FINAL_20261002T002743Z|M2_L6|inherited_base_sha256:6552cee937979c00eae89960ca07a3f13358525826877809d2c0f1a2903f24b7,LATENT_INDEX_2013_STATE_SD,MODEL_AND_LENGTH_SENSITIVITY_ENVELOPE,-0.6170046178189101
NJ,2002,-0.7836036330500894,1.612730931341324,-3.9445562584790848,3.4370230507860553,MODEL_ESTIMATED,0,0,CPS_PARTICIPATION_AND_CEV_MEMBERSHIP_LATENT_MODEL,COMMON_SCALE_CPS_2013_ANCHOR,1,1,1,REGIME_BRIDGE_ASSUMPTION;EARLY_CPS_DESIGN_BREAKS;UNKNOWN_SAMPLING_SE_WAVES;BACKCAST;BACKCAST_MODEL_SENSITIVITY,S2_FINAL_20261002T002743Z|M2_L6|inherited_base_sha256:6552cee937979c00eae89960ca07a3f13358525826877809d2c0f1a2903f24b7,LATENT_INDEX_2013_STATE_SD,MODEL_AND_LENGTH_SENSITIVITY_ENVELOPE,-0.6307567379672825
NJ,2003,-0.8525985538865127,1.47478032376904,-3.743167988473831,2.975508587213554,MODEL_ESTIMATED,0,0,CPS_PARTICIPATION_AND_CEV_MEMBERSHIP_LATENT_MODEL,COMMON_SCALE_CPS_2013_ANCHOR,1,1,1,REGIME_BRIDGE_ASSUMPTION;EARLY_CPS_DESIGN_BREAKS;UNKNOWN_SAMPLING_SE_WAVES;BACKCAST;BACKCAST_MODEL_SENSITIVITY,S2_FINAL_20261002T002743Z|M2_L6|inherited_base_sha256:6552cee937979c00eae89960ca07a3f13358525826877809d2c0f1a2903f24b7,LATENT_INDEX_2013_STATE_SD,MODEL_AND_LENGTH_SENSITIVITY_ENVELOPE,-0.6453679557547259
NJ,2004,-0.9263859032613815,1.332969848305041,-3.5390068059392616,2.4975903069105474,MODEL_ESTIMATED,0,0,CPS_PARTICIPATION_AND_CEV_MEMBERSHIP_LATENT_MODEL,COMMON_SCALE_CPS_2013_ANCHOR,1,1,1,REGIME_BRIDGE_ASSUMPTION;EARLY_CPS_DESIGN_BREAKS;UNKNOWN_SAMPLING_SE_WAVES;BACKCAST;BACKCAST_MODEL_SENSITIVITY,S2_FINAL_20261002T002743Z|M2_L6|inherited_base_sha256:6552cee937979c00eae89960ca07a3f13358525826877809d2c0f1a2903f24b7,LATENT_INDEX_2013_STATE_SD,MODEL_AND_LENGTH_SENSITIVITY_ENVELOPE,-0.6609940774837508
NJ,2005,-1.0058348379930686,1.184958778528903,-3.3283540439097186,1.9981257493019329,MODEL_ESTIMATED,0,0,CPS_PARTICIPATION_AND_CEV_MEMBERSHIP_LATENT_MODEL,COMMON_SCALE_CPS_2013_ANCHOR,1,1,1,REGIME_BRIDGE_ASSUMPTION;EARLY_CPS_DESIGN_BREAKS;UNKNOWN_SAMPLING_SE_WAVES;BACKCAST;BACKCAST_MODEL_SENSITIVITY,S2_FINAL_20261002T002743Z|M2_L6|inherited_base_sha256:6552cee937979c00eae89960ca07a3f13358525826877809d2c0f1a2903f24b7,LATENT_INDEX_2013_STATE_SD,MODEL_AND_LENGTH_SENSITIVITY_ENVELOPE,-0.6778191665522237
NJ,2006,-1.091972145539363,1.026958101687933,-3.1048100248477115,1.4687613675182498,MODEL_ESTIMATED,0,0,CPS_PARTICIPATION_AND_CEV_MEMBERSHIP_LATENT_MODEL,COMMON_SCALE_CPS_2013_ANCHOR,1,1,1,REGIME_BRIDGE_ASSUMPTION;EARLY_CPS_DESIGN_BREAKS;UNKNOWN_SAMPLING_SE_WAVES;BACKCAST;BACKCAST_MODEL_SENSITIVITY,S2_FINAL_20261002T002743Z|M2_L6|inherited_base_sha256:6552cee937979c00eae89960ca07a3f13358525826877809d2c0f1a2903f24b7,LATENT_INDEX_2013_STATE_SD,MODEL_AND_LENGTH_SENSITIVITY_ENVELOPE,-0.6960606681718399
NJ,2007,-1.1860108319553193,0.8523561786114573,-2.8566289420337756,0.9237178257076157,MODEL_ESTIMATED,0,0,CPS_PARTICIPATION_AND_CEV_MEMBERSHIP_LATENT_MODEL,COMMON_SCALE_CPS_2013_ANCHOR,1,1,1,REGIME_BRIDGE_ASSUMPTION;EARLY_CPS_DESIGN_BREAKS;UNKNOWN_SAMPLING_SE_WAVES;BACKCAST;BACKCAST_MODEL_SENSITIVITY,S2_FINAL_20261002T002743Z|M2_L6|inherited_base_sha256:6552cee937979c00eae89960ca07a3f13358525826877809d2c0f1a2903f24b7,LATENT_INDEX_2013_STATE_SD,MODEL_AND_LENGTH_SENSITIVITY_ENVELOPE,-0.7159754635076623
NJ,2008,-1.289383894574933,0.64760763006107,-2.625306677485152,0.23899115840389754,MODEL_ESTIMATED,0,0,CPS_PARTICIPATION_AND_CEV_MEMBERSHIP_LATENT_MODEL,COMMON_SCALE_CPS_2013_ANCHOR,1,1,1,REGIME_BRIDGE_ASSUMPTION;EARLY_CPS_DESIGN_BREAKS;UNKNOWN_SAMPLING_SE_WAVES;BACKCAST;BACKCAST_MODEL_SENSITIVITY;NO_DIRECT_OBSERVATION_AVAILABLE_IN_CURRENT_EVIDENCE,S2_FINAL_20261002T002743Z|M2_L6|inherited_base_sha256:6552cee937979c00eae89960ca07a3f13358525826877809d2c0f1a2903f24b7,LATENT_INDEX_2013_STATE_SD,MODEL_AND_LENGTH_SENSITIVITY_ENVELOPE,-0.7378670217989045
NJ,2009,-1.4037842197203663,0.3698222633807275,-2.241210955241214,-0.6364334988300154,MODEL_ESTIMATED,0,1,CPS_PARTICIPATION_AND_CEV_MEMBERSHIP_LATENT_MODEL,COMMON_SCALE_CPS_2013_ANCHOR,1,0,1,REGIME_BRIDGE_ASSUMPTION;EARLY_CPS_DESIGN_BREAKS;UNKNOWN_SAMPLING_SE_WAVES,S2_FINAL_20261002T002743Z|M2_L6|inherited_base_sha256:6552cee937979c00eae89960ca07a3f13358525826877809d2c0f1a2903f24b7,LATENT_INDEX_2013_STATE_SD,MODEL_AND_LENGTH_SENSITIVITY_ENVELOPE,-0.7620938495913041
NJ,2010,-1.2250248584928505,0.3149288026074518,-1.8509311417517753,-0.5352774848181668,MODEL_ESTIMATED,0,1,CPS_PARTICIPATION_AND_CEV_MEMBERSHIP_LATENT_MODEL,COMMON_SCALE_CPS_2013_ANCHOR,1,0,1,REGIME_BRIDGE_ASSUMPTION;EARLY_CPS_DESIGN_BREAKS;UNKNOWN_SAMPLING_SE_WAVES,S2_FINAL_20261002T002743Z|M2_L6|inherited_base_sha256:6552cee937979c00eae89960ca07a3f13358525826877809d2c0f1a2903f24b7,LATENT_INDEX_2013_STATE_SD,MODEL_AND_LENGTH_SENSITIVITY_ENVELOPE,-0.7242375563051372
NJ,2011,-0.20259538190499762,0.28334715928782306,-0.7634610956790914,0.42284346594935845,MODEL_ESTIMATED,0,1,CPS_PARTICIPATION_AND_CEV_MEMBERSHIP_LATENT_MODEL,COMMON_SCALE_CPS_2013_ANCHOR,1,0,1,REGIME_BRIDGE_ASSUMPTION;EARLY_CPS_DESIGN_BREAKS;UNKNOWN_SAMPLING_SE_WAVES,S2_FINAL_20261002T002743Z|M2_L6|inherited_base_sha256:6552cee937979c00eae89960ca07a3f13358525826877809d2c0f1a2903f24b7,LATENT_INDEX_2013_STATE_SD,MODEL_AND_LENGTH_SENSITIVITY_ENVELOPE,-0.5077152446099773
NJ,2012,-0.5129533743483123,0.46790477281071885,-1.6508797655903824,0.5470458243571752,MODEL_ESTIMATED,0,0,CPS_PARTICIPATION_AND_CEV_MEMBERSHIP_LATENT_MODEL,COMMON_SCALE_CPS_2013_ANCHOR,1,0,1,REGIME_BRIDGE_ASSUMPTION;EARLY_CPS_DESIGN_BREAKS;UNKNOWN_SAMPLING_SE_WAVES,S2_FINAL_20261002T002743Z|M2_L6|inherited_base_sha256:6552cee937979c00eae89960ca07a3f13358525826877809d2c0f1a2903f24b7,LATENT_INDEX_2013_STATE_SD,MODEL_AND_LENGTH_SENSITIVITY_ENVELOPE,-0.5734404916961232
NJ,2013,-0.8079801809046873,0.34079978522414917,-1.551951862693859,-0.12828195747173685,MODEL_ESTIMATED,0,1,CPS_PARTICIPATION_AND_CEV_MEMBERSHIP_LATENT_MODEL,COMMON_SCALE_CPS_2013_ANCHOR,1,0,1,REGIME_BRIDGE_ASSUMPTION;EARLY_CPS_DESIGN_BREAKS;UNKNOWN_SAMPLING_SE_WAVES,S2_FINAL_20261002T002743Z|M2_L6|inherited_base_sha256:6552cee937979c00eae89960ca07a3f13358525826877809d2c0f1a2903f24b7,LATENT_INDEX_2013_STATE_SD,MODEL_AND_LENGTH_SENSITIVITY_ENVELOPE,-0.6359190172378681
NJ,2014,-0.8917479133841426,0.6972934776358232,-2.7005840357863296,0.47494730278207076,MODEL_ESTIMATED,0,0,CPS_PARTICIPATION_AND_CEV_MEMBERSHIP_LATENT_MODEL,COMMON_SCALE_CPS_2013_ANCHOR,1,0,1,REGIME_BRIDGE_ASSUMPTION;EARLY_CPS_DESIGN_BREAKS;UNKNOWN_SAMPLING_SE_WAVES;CPS_CEV_GAP,S2_FINAL_20261002T002743Z|M2_L6|inherited_base_sha256:6552cee937979c00eae89960ca07a3f13358525826877809d2c0f1a2903f24b7,LATENT_INDEX_2013_STATE_SD,MODEL_AND_LENGTH_SENSITIVITY_ENVELOPE,-0.6536587083336725
NJ,2015,-0.9683604282586217,1.0176016895433795,-3.339846819944082,1.0261388832464022,MODEL_ESTIMATED,0,0,CPS_PARTICIPATION_AND_CEV_MEMBERSHIP_LATENT_MODEL,COMMON_SCALE_CPS_2013_ANCHOR,1,0,1,REGIME_BRIDGE_ASSUMPTION;EARLY_CPS_DESIGN_BREAKS;UNKNOWN_SAMPLING_SE_WAVES;CPS_CEV_GAP,S2_FINAL_20261002T002743Z|M2_L6|inherited_base_sha256:6552cee937979c00eae89960ca07a3f13358525826877809d2c0f1a2903f24b7,LATENT_INDEX_2013_STATE_SD,MODEL_AND_LENGTH_SENSITIVITY_ENVELOPE,-0.6698831220514402
NJ,2016,-1.038765540993539,1.330715135425086,-3.707208609867689,1.5694361244396293,MODEL_ESTIMATED,0,0,CPS_PARTICIPATION_AND_CEV_MEMBERSHIP_LATENT_MODEL,COMMON_SCALE_CPS_2013_ANCHOR,1,0,1,REGIME_BRIDGE_ASSUMPTION;EARLY_CPS_DESIGN_BREAKS;UNKNOWN_SAMPLING_SE_WAVES;CPS_CEV_GAP,S2_FINAL_20261002T002743Z|M2_L6|inherited_base_sha256:6552cee937979c00eae89960ca07a3f13358525826877809d2c0f1a2903f24b7,LATENT_INDEX_2013_STATE_SD,MODEL_AND_LENGTH_SENSITIVITY_ENVELOPE,-0.6847929795170106
NJ,2017,-1.10373823970879,1.6495824673117527,-4.3369198756398255,2.1294433962222454,MODEL_ESTIMATED,0,1,CPS_PARTICIPATION_AND_CEV_MEMBERSHIP_LATENT_MODEL,COMMON_SCALE_CPS_2013_ANCHOR,1,0,1,REGIME_BRIDGE_ASSUMPTION;EARLY_CPS_DESIGN_BREAKS;UNKNOWN_SAMPLING_SE_WAVES,S2_FINAL_20261002T002743Z|M2_L6|inherited_base_sha256:6552cee937979c00eae89960ca07a3f13358525826877809d2c0f1a2903f24b7,LATENT_INDEX_2013_STATE_SD,MODEL_AND_LENGTH_SENSITIVITY_ENVELOPE,-0.6985524017999523
NJ,2018,-1.1203115329062179,1.6754139407501358,-4.404122856776484,2.1634997909640483,MODEL_ESTIMATED,0,0,CPS_PARTICIPATION_AND_CEV_MEMBERSHIP_LATENT_MODEL,COMMON_SCALE_CPS_2013_ANCHOR,1,0,1,REGIME_BRIDGE_ASSUMPTION;EARLY_CPS_DESIGN_BREAKS;UNKNOWN_SAMPLING_SE_WAVES,S2_FINAL_20261002T002743Z|M2_L6|inherited_base_sha256:6552cee937979c00eae89960ca07a3f13358525826877809d2c0f1a2903f24b7,LATENT_INDEX_2013_STATE_SD,MODEL_AND_LENGTH_SENSITIVITY_ENVELOPE,-0.7020621673512004
NJ,2019,-1.1313523453690915,1.6470216707757594,-4.35951482008958,2.0968101293513968,MODEL_ESTIMATED,0,1,CPS_PARTICIPATION_AND_CEV_MEMBERSHIP_LATENT_MODEL,COMMON_SCALE_CPS_2013_ANCHOR,1,0,1,REGIME_BRIDGE_ASSUMPTION;EARLY_CPS_DESIGN_BREAKS;UNKNOWN_SAMPLING_SE_WAVES,S2_FINAL_20261002T002743Z|M2_L6|inherited_base_sha256:6552cee937979c00eae89960ca07a3f13358525826877809d2c0f1a2903f24b7,LATENT_INDEX_2013_STATE_SD,MODEL_AND_LENGTH_SENSITIVITY_ENVELOPE,-0.7044003063546183
NJ,2020,-1.7368139681571884,1.687040370635376,-5.043413094602526,1.5697851582881488,MODEL_ESTIMATED,0,0,CPS_PARTICIPATION_AND_CEV_MEMBERSHIP_LATENT_MODEL,COMMON_SCALE_CPS_2013_ANCHOR,1,0,1,REGIME_BRIDGE_ASSUMPTION;EARLY_CPS_DESIGN_BREAKS;UNKNOWN_SAMPLING_SE_WAVES,S2_FINAL_20261002T002743Z|M2_L6|inherited_base_sha256:6552cee937979c00eae89960ca07a3f13358525826877809d2c0f1a2903f24b7,LATENT_INDEX_2013_STATE_SD,MODEL_AND_LENGTH_SENSITIVITY_ENVELOPE,-0.8326203481381232
NJ,2021,-2.3515373744848476,1.6733612763543322,-5.631325476139338,0.9282507271696434,MODEL_ESTIMATED,0,1,CPS_PARTICIPATION_AND_CEV_MEMBERSHIP_LATENT_MODEL,COMMON_SCALE_CPS_2013_ANCHOR,1,0,1,REGIME_BRIDGE_ASSUMPTION;EARLY_CPS_DESIGN_BREAKS;UNKNOWN_SAMPLING_SE_WAVES,S2_FINAL_20261002T002743Z|M2_L6|inherited_base_sha256:6552cee937979c00eae89960ca07a3f13358525826877809d2c0f1a2903f24b7,LATENT_INDEX_2013_STATE_SD,MODEL_AND_LENGTH_SENSITIVITY_ENVELOPE,-0.9628017797566502
NJ,2022,-2.133567158592287,1.696946786269152,-5.459582859679825,1.1924485424952511,MODEL_ESTIMATED,0,0,CPS_PARTICIPATION_AND_CEV_MEMBERSHIP_LATENT_MODEL,COMMON_SCALE_CPS_2013_ANCHOR,1,0,1,REGIME_BRIDGE_ASSUMPTION;EARLY_CPS_DESIGN_BREAKS;UNKNOWN_SAMPLING_SE_WAVES,S2_FINAL_20261002T002743Z|M2_L6|inherited_base_sha256:6552cee937979c00eae89960ca07a3f13358525826877809d2c0f1a2903f24b7,LATENT_INDEX_2013_STATE_SD,MODEL_AND_LENGTH_SENSITIVITY_ENVELOPE,-0.9166417109142933
NJ,2023,-1.9335347017674236,1.6613292718944728,-5.18974007468059,1.322670671145743,MODEL_ESTIMATED,0,1,CPS_PARTICIPATION_AND_CEV_MEMBERSHIP_LATENT_MODEL,COMMON_SCALE_CPS_2013_ANCHOR,1,0,1,REGIME_BRIDGE_ASSUMPTION;EARLY_CPS_DESIGN_BREAKS;UNKNOWN_SAMPLING_SE_WAVES,S2_FINAL_20261002T002743Z|M2_L6|inherited_base_sha256:6552cee937979c00eae89960ca07a3f13358525826877809d2c0f1a2903f24b7,LATENT_INDEX_2013_STATE_SD,MODEL_AND_LENGTH_SENSITIVITY_ENVELOPE,-0.8742803637920205
NM,2000,-0.20500645696786454,1.8837236518717368,-3.8971048146364686,4.98707950198538,MODEL_ESTIMATED,0,0,CPS_PARTICIPATION_AND_CEV_MEMBERSHIP_LATENT_MODEL,COMMON_SCALE_CPS_2013_ANCHOR,1,1,1,REGIME_BRIDGE_ASSUMPTION;EARLY_CPS_DESIGN_BREAKS;UNKNOWN_SAMPLING_SE_WAVES;BACKCAST;BACKCAST_MODEL_SENSITIVITY,S2_FINAL_20261002T002743Z|M2_L6|inherited_base_sha256:6552cee937979c00eae89960ca07a3f13358525826877809d2c0f1a2903f24b7,LATENT_INDEX_2013_STATE_SD,MODEL_AND_LENGTH_SENSITIVITY_ENVELOPE,-0.5082258436862331
NM,2001,-0.22417440350646684,1.747665667167518,-3.649599111154802,4.589924576226048,MODEL_ESTIMATED,0,0,CPS_PARTICIPATION_AND_CEV_MEMBERSHIP_LATENT_MODEL,COMMON_SCALE_CPS_2013_ANCHOR,1,1,1,REGIME_BRIDGE_ASSUMPTION;EARLY_CPS_DESIGN_BREAKS;UNKNOWN_SAMPLING_SE_WAVES;BACKCAST;BACKCAST_MODEL_SENSITIVITY,S2_FINAL_20261002T002743Z|M2_L6|inherited_base_sha256:6552cee937979c00eae89960ca07a3f13358525826877809d2c0f1a2903f24b7,LATENT_INDEX_2013_STATE_SD,MODEL_AND_LENGTH_SENSITIVITY_ENVELOPE,-0.5122850851205061
NM,2002,-0.239098137953021,1.6103639870133442,-3.3954115524991755,4.185813566077519,MODEL_ESTIMATED,0,0,CPS_PARTICIPATION_AND_CEV_MEMBERSHIP_LATENT_MODEL,COMMON_SCALE_CPS_2013_ANCHOR,1,1,1,REGIME_BRIDGE_ASSUMPTION;EARLY_CPS_DESIGN_BREAKS;UNKNOWN_SAMPLING_SE_WAVES;BACKCAST;BACKCAST_MODEL_SENSITIVITY,S2_FINAL_20261002T002743Z|M2_L6|inherited_base_sha256:6552cee937979c00eae89960ca07a3f13358525826877809d2c0f1a2903f24b7,LATENT_INDEX_2013_STATE_SD,MODEL_AND_LENGTH_SENSITIVITY_ENVELOPE,-0.515445519708402
NM,2003,-0.24900792825022897,1.4710826365385834,-3.132329895865852,3.772631694130931,MODEL_ESTIMATED,0,0,CPS_PARTICIPATION_AND_CEV_MEMBERSHIP_LATENT_MODEL,COMMON_SCALE_CPS_2013_ANCHOR,1,1,1,REGIME_BRIDGE_ASSUMPTION;EARLY_CPS_DESIGN_BREAKS;UNKNOWN_SAMPLING_SE_WAVES;BACKCAST;BACKCAST_MODEL_SENSITIVITY,S2_FINAL_20261002T002743Z|M2_L6|inherited_base_sha256:6552cee937979c00eae89960ca07a3f13358525826877809d2c0f1a2903f24b7,LATENT_INDEX_2013_STATE_SD,MODEL_AND_LENGTH_SENSITIVITY_ENVELOPE,-0.5175441394691767
NM,2004,-0.25299444341707583,1.3286390624109474,-2.8571270057425324,3.347298052986338,MODEL_ESTIMATED,0,0,CPS_PARTICIPATION_AND_CEV_MEMBERSHIP_LATENT_MODEL,COMMON_SCALE_CPS_2013_ANCHOR,1,1,1,REGIME_BRIDGE_ASSUMPTION;EARLY_CPS_DESIGN_BREAKS;UNKNOWN_SAMPLING_SE_WAVES;BACKCAST;BACKCAST_MODEL_SENSITIVITY,S2_FINAL_20261002T002743Z|M2_L6|inherited_base_sha256:6552cee937979c00eae89960ca07a3f13358525826877809d2c0f1a2903f24b7,LATENT_INDEX_2013_STATE_SD,MODEL_AND_LENGTH_SENSITIVITY_ENVELOPE,-0.5183883732273955
NM,2005,-0.24998343583040666,1.1810447188111828,-2.564831084700325,2.905071318833723,MODEL_ESTIMATED,0,0,CPS_PARTICIPATION_AND_CEV_MEMBERSHIP_LATENT_MODEL,COMMON_SCALE_CPS_2013_ANCHOR,1,1,1,REGIME_BRIDGE_ASSUMPTION;EARLY_CPS_DESIGN_BREAKS;UNKNOWN_SAMPLING_SE_WAVES;BACKCAST;BACKCAST_MODEL_SENSITIVITY,S2_FINAL_20261002T002743Z|M2_L6|inherited_base_sha256:6552cee937979c00eae89960ca07a3f13358525826877809d2c0f1a2903f24b7,LATENT_INDEX_2013_STATE_SD,MODEL_AND_LENGTH_SENSITIVITY_ENVELOPE,-0.5177507250197431
NM,2006,-0.23870583187460573,1.024760390645546,-2.2472361975398756,2.4380658477128723,MODEL_ESTIMATED,0,0,CPS_PARTICIPATION_AND_CEV_MEMBERSHIP_LATENT_MODEL,COMMON_SCALE_CPS_2013_ANCHOR,1,1,1,REGIME_BRIDGE_ASSUMPTION;EARLY_CPS_DESIGN_BREAKS;UNKNOWN_SAMPLING_SE_WAVES;BACKCAST;BACKCAST_MODEL_SENSITIVITY,S2_FINAL_20261002T002743Z|M2_L6|inherited_base_sha256:6552cee937979c00eae89960ca07a3f13358525826877809d2c0f1a2903f24b7,LATENT_INDEX_2013_STATE_SD,MODEL_AND_LENGTH_SENSITIVITY_ENVELOPE,-0.5153624401210705
NM,2007,-0.21766239821917446,0.8529282950744265,-1.940227085288849,1.9315034501744406,MODEL_ESTIMATED,0,0,CPS_PARTICIPATION_AND_CEV_MEMBERSHIP_LATENT_MODEL,COMMON_SCALE_CPS_2013_ANCHOR,1,1,1,REGIME_BRIDGE_ASSUMPTION;EARLY_CPS_DESIGN_BREAKS;UNKNOWN_SAMPLING_SE_WAVES;BACKCAST;BACKCAST_MODEL_SENSITIVITY,S2_FINAL_20261002T002743Z|M2_L6|inherited_base_sha256:6552cee937979c00eae89960ca07a3f13358525826877809d2c0f1a2903f24b7,LATENT_INDEX_2013_STATE_SD,MODEL_AND_LENGTH_SENSITIVITY_ENVELOPE,-0.5109060223383167
NM,2008,-0.1850819999578195,0.6499308158151432,-1.541917153039327,1.3511688348850803,MODEL_ESTIMATED,0,0,CPS_PARTICIPATION_AND_CEV_MEMBERSHIP_LATENT_MODEL,COMMON_SCALE_CPS_2013_ANCHOR,1,1,1,REGIME_BRIDGE_ASSUMPTION;EARLY_CPS_DESIGN_BREAKS;UNKNOWN_SAMPLING_SE_WAVES;BACKCAST;BACKCAST_MODEL_SENSITIVITY;NO_DIRECT_OBSERVATION_AVAILABLE_IN_CURRENT_EVIDENCE,S2_FINAL_20261002T002743Z|M2_L6|inherited_base_sha256:6552cee937979c00eae89960ca07a3f13358525826877809d2c0f1a2903f24b7,LATENT_INDEX_2013_STATE_SD,MODEL_AND_LENGTH_SENSITIVITY_ENVELOPE,-0.5040063942377654
NM,2009,-0.13887228842637164,0.36052227044287033,-0.8454959384943975,0.5771122574334587,MODEL_ESTIMATED,0,1,CPS_PARTICIPATION_AND_CEV_MEMBERSHIP_LATENT_MODEL,COMMON_SCALE_CPS_2013_ANCHOR,1,0,1,REGIME_BRIDGE_ASSUMPTION;EARLY_CPS_DESIGN_BREAKS;UNKNOWN_SAMPLING_SE_WAVES,S2_FINAL_20261002T002743Z|M2_L6|inherited_base_sha256:6552cee937979c00eae89960ca07a3f13358525826877809d2c0f1a2903f24b7,LATENT_INDEX_2013_STATE_SD,MODEL_AND_LENGTH_SENSITIVITY_ENVELOPE,-0.4942204541874583
NM,2010,-0.5780292495235609,0.32814483142087403,-1.310816307443516,0.08288935498400402,MODEL_ESTIMATED,0,1,CPS_PARTICIPATION_AND_CEV_MEMBERSHIP_LATENT_MODEL,COMMON_SCALE_CPS_2013_ANCHOR,1,0,1,REGIME_BRIDGE_ASSUMPTION;EARLY_CPS_DESIGN_BREAKS;UNKNOWN_SAMPLING_SE_WAVES,S2_FINAL_20261002T002743Z|M2_L6|inherited_base_sha256:6552cee937979c00eae89960ca07a3f13358525826877809d2c0f1a2903f24b7,LATENT_INDEX_2013_STATE_SD,MODEL_AND_LENGTH_SENSITIVITY_ENVELOPE,-0.5872217639023533
NM,2011,0.3923343068688544,0.3273848611950353,-0.2650542556168639,1.0821799185674106,MODEL_ESTIMATED,0,1,CPS_PARTICIPATION_AND_CEV_MEMBERSHIP_LATENT_MODEL,COMMON_SCALE_CPS_2013_ANCHOR,1,0,1,REGIME_BRIDGE_ASSUMPTION;EARLY_CPS_DESIGN_BREAKS;UNKNOWN_SAMPLING_SE_WAVES,S2_FINAL_20261002T002743Z|M2_L6|inherited_base_sha256:6552cee937979c00eae89960ca07a3f13358525826877809d2c0f1a2903f24b7,LATENT_INDEX_2013_STATE_SD,MODEL_AND_LENGTH_SENSITIVITY_ENVELOPE,-0.381725575435638
NM,2012,-0.112138247238299,0.5084733264349295,-1.3761900096921194,0.9585039229425069,MODEL_ESTIMATED,0,0,CPS_PARTICIPATION_AND_CEV_MEMBERSHIP_LATENT_MODEL,COMMON_SCALE_CPS_2013_ANCHOR,1,0,1,REGIME_BRIDGE_ASSUMPTION;EARLY_CPS_DESIGN_BREAKS;UNKNOWN_SAMPLING_SE_WAVES,S2_FINAL_20261002T002743Z|M2_L6|inherited_base_sha256:6552cee937979c00eae89960ca07a3f13358525826877809d2c0f1a2903f24b7,LATENT_INDEX_2013_STATE_SD,MODEL_AND_LENGTH_SENSITIVITY_ENVELOPE,-0.48855892297034875
NM,2013,-0.5962096151532978,0.436014190311273,-1.628430357138681,0.25837819785679716,MODEL_ESTIMATED,0,1,CPS_PARTICIPATION_AND_CEV_MEMBERSHIP_LATENT_MODEL,COMMON_SCALE_CPS_2013_ANCHOR,1,0,1,REGIME_BRIDGE_ASSUMPTION;EARLY_CPS_DESIGN_BREAKS;UNKNOWN_SAMPLING_SE_WAVES,S2_FINAL_20261002T002743Z|M2_L6|inherited_base_sha256:6552cee937979c00eae89960ca07a3f13358525826877809d2c0f1a2903f24b7,LATENT_INDEX_2013_STATE_SD,MODEL_AND_LENGTH_SENSITIVITY_ENVELOPE,-0.5910718629886501
NM,2014,-0.7991175944414797,0.7326191061281627,-2.723929646535219,0.6368158535697193,MODEL_ESTIMATED,0,0,CPS_PARTICIPATION_AND_CEV_MEMBERSHIP_LATENT_MODEL,COMMON_SCALE_CPS_2013_ANCHOR,1,0,1,REGIME_BRIDGE_ASSUMPTION;EARLY_CPS_DESIGN_BREAKS;UNKNOWN_SAMPLING_SE_WAVES;CPS_CEV_GAP,S2_FINAL_20261002T002743Z|M2_L6|inherited_base_sha256:6552cee937979c00eae89960ca07a3f13358525826877809d2c0f1a2903f24b7,LATENT_INDEX_2013_STATE_SD,MODEL_AND_LENGTH_SENSITIVITY_ENVELOPE,-0.6340421663131315
NM,2015,-0.9983808797028265,1.032106711230735,-3.4349099978013977,1.0245482743094136,MODEL_ESTIMATED,0,0,CPS_PARTICIPATION_AND_CEV_MEMBERSHIP_LATENT_MODEL,COMMON_SCALE_CPS_2013_ANCHOR,1,0,1,REGIME_BRIDGE_ASSUMPTION;EARLY_CPS_DESIGN_BREAKS;UNKNOWN_SAMPLING_SE_WAVES;CPS_CEV_GAP,S2_FINAL_20261002T002743Z|M2_L6|inherited_base_sha256:6552cee937979c00eae89960ca07a3f13358525826877809d2c0f1a2903f24b7,LATENT_INDEX_2013_STATE_SD,MODEL_AND_LENGTH_SENSITIVITY_ENVELOPE,-0.6762406241517555
NM,2016,-1.1983621460477667,1.3379320292232515,-3.92430156964818,1.4239846312298061,MODEL_ESTIMATED,0,0,CPS_PARTICIPATION_AND_CEV_MEMBERSHIP_LATENT_MODEL,COMMON_SCALE_CPS_2013_ANCHOR,1,0,1,REGIME_BRIDGE_ASSUMPTION;EARLY_CPS_DESIGN_BREAKS;UNKNOWN_SAMPLING_SE_WAVES;CPS_CEV_GAP,S2_FINAL_20261002T002743Z|M2_L6|inherited_base_sha256:6552cee937979c00eae89960ca07a3f13358525826877809d2c0f1a2903f24b7,LATENT_INDEX_2013_STATE_SD,MODEL_AND_LENGTH_SENSITIVITY_ENVELOPE,-0.7185911305448596
NM,2017,-1.4034440587149246,1.6594231702492073,-4.655913472403371,1.8490253549735216,MODEL_ESTIMATED,0,1,CPS_PARTICIPATION_AND_CEV_MEMBERSHIP_LATENT_MODEL,COMMON_SCALE_CPS_2013_ANCHOR,1,0,1,REGIME_BRIDGE_ASSUMPTION;EARLY_CPS_DESIGN_BREAKS;UNKNOWN_SAMPLING_SE_WAVES,S2_FINAL_20261002T002743Z|M2_L6|inherited_base_sha256:6552cee937979c00eae89960ca07a3f13358525826877809d2c0f1a2903f24b7,LATENT_INDEX_2013_STATE_SD,MODEL_AND_LENGTH_SENSITIVITY_ENVELOPE,-0.7620218128895723
NM,2018,-1.299823166861318,1.6757619504387662,-4.5843165897213,1.9846702559986635,MODEL_ESTIMATED,0,0,CPS_PARTICIPATION_AND_CEV_MEMBERSHIP_LATENT_MODEL,COMMON_SCALE_CPS_2013_ANCHOR,1,0,1,REGIME_BRIDGE_ASSUMPTION;EARLY_CPS_DESIGN_BREAKS;UNKNOWN_SAMPLING_SE_WAVES,S2_FINAL_20261002T002743Z|M2_L6|inherited_base_sha256:6552cee937979c00eae89960ca07a3f13358525826877809d2c0f1a2903f24b7,LATENT_INDEX_2013_STATE_SD,MODEL_AND_LENGTH_SENSITIVITY_ENVELOPE,-0.7400777712145089
NM,2019,-1.2017573315931063,1.6451911854205696,-4.426332055017423,2.02281739183121,MODEL_ESTIMATED,0,1,CPS_PARTICIPATION_AND_CEV_MEMBERSHIP_LATENT_MODEL,COMMON_SCALE_CPS_2013_ANCHOR,1,0,1,REGIME_BRIDGE_ASSUMPTION;EARLY_CPS_DESIGN_BREAKS;UNKNOWN_SAMPLING_SE_WAVES,S2_FINAL_20261002T002743Z|M2_L6|inherited_base_sha256:6552cee937979c00eae89960ca07a3f13358525826877809d2c0f1a2903f24b7,LATENT_INDEX_2013_STATE_SD,MODEL_AND_LENGTH_SENSITIVITY_ENVELOPE,-0.7193101370286752
NM,2020,-1.7214311381564535,1.6808337097329837,-5.015865209233102,1.5730029329201944,MODEL_ESTIMATED,0,0,CPS_PARTICIPATION_AND_CEV_MEMBERSHIP_LATENT_MODEL,COMMON_SCALE_CPS_2013_ANCHOR,1,0,1,REGIME_BRIDGE_ASSUMPTION;EARLY_CPS_DESIGN_BREAKS;UNKNOWN_SAMPLING_SE_WAVES,S2_FINAL_20261002T002743Z|M2_L6|inherited_base_sha256:6552cee937979c00eae89960ca07a3f13358525826877809d2c0f1a2903f24b7,LATENT_INDEX_2013_STATE_SD,MODEL_AND_LENGTH_SENSITIVITY_ENVELOPE,-0.8293626897974342
NM,2021,-2.2560279870659383,1.6592764977472931,-5.508209922650632,0.996153948518756,MODEL_ESTIMATED,0,1,CPS_PARTICIPATION_AND_CEV_MEMBERSHIP_LATENT_MODEL,COMMON_SCALE_CPS_2013_ANCHOR,1,0,1,REGIME_BRIDGE_ASSUMPTION;EARLY_CPS_DESIGN_BREAKS;UNKNOWN_SAMPLING_SE_WAVES,S2_FINAL_20261002T002743Z|M2_L6|inherited_base_sha256:6552cee937979c00eae89960ca07a3f13358525826877809d2c0f1a2903f24b7,LATENT_INDEX_2013_STATE_SD,MODEL_AND_LENGTH_SENSITIVITY_ENVELOPE,-0.9425755305863448
NM,2022,-2.2707218826684796,1.6962997376066116,-5.595469368377438,1.054025603040479,MODEL_ESTIMATED,0,0,CPS_PARTICIPATION_AND_CEV_MEMBERSHIP_LATENT_MODEL,COMMON_SCALE_CPS_2013_ANCHOR,1,0,1,REGIME_BRIDGE_ASSUMPTION;EARLY_CPS_DESIGN_BREAKS;UNKNOWN_SAMPLING_SE_WAVES,S2_FINAL_20261002T002743Z|M2_L6|inherited_base_sha256:6552cee937979c00eae89960ca07a3f13358525826877809d2c0f1a2903f24b7,LATENT_INDEX_2013_STATE_SD,MODEL_AND_LENGTH_SENSITIVITY_ENVELOPE,-0.9456872916579127
NM,2023,-2.3132617677388954,1.6741814423212324,-5.594657394688511,0.9681338592107203,MODEL_ESTIMATED,0,1,CPS_PARTICIPATION_AND_CEV_MEMBERSHIP_LATENT_MODEL,COMMON_SCALE_CPS_2013_ANCHOR,1,0,1,REGIME_BRIDGE_ASSUMPTION;EARLY_CPS_DESIGN_BREAKS;UNKNOWN_SAMPLING_SE_WAVES,S2_FINAL_20261002T002743Z|M2_L6|inherited_base_sha256:6552cee937979c00eae89960ca07a3f13358525826877809d2c0f1a2903f24b7,LATENT_INDEX_2013_STATE_SD,MODEL_AND_LENGTH_SENSITIVITY_ENVELOPE,-0.9546960638672508
NV,2000,-1.8072483814184341,1.884145874330861,-5.5001742951069215,3.158467264477206,MODEL_ESTIMATED,0,0,CPS_PARTICIPATION_AND_CEV_MEMBERSHIP_LATENT_MODEL,COMMON_SCALE_CPS_2013_ANCHOR,1,1,1,REGIME_BRIDGE_ASSUMPTION;EARLY_CPS_DESIGN_BREAKS;UNKNOWN_SAMPLING_SE_WAVES;BACKCAST;BACKCAST_MODEL_SENSITIVITY,S2_FINAL_20261002T002743Z|M2_L6|inherited_base_sha256:6552cee937979c00eae89960ca07a3f13358525826877809d2c0f1a2903f24b7,LATENT_INDEX_2013_STATE_SD,MODEL_AND_LENGTH_SENSITIVITY_ENVELOPE,-0.8475364106455472
NV,2001,-1.890047578291789,1.7509168466608804,-5.3218445977471145,2.689483675854732,MODEL_ESTIMATED,0,0,CPS_PARTICIPATION_AND_CEV_MEMBERSHIP_LATENT_MODEL,COMMON_SCALE_CPS_2013_ANCHOR,1,1,1,REGIME_BRIDGE_ASSUMPTION;EARLY_CPS_DESIGN_BREAKS;UNKNOWN_SAMPLING_SE_WAVES;BACKCAST;BACKCAST_MODEL_SENSITIVITY,S2_FINAL_20261002T002743Z|M2_L6|inherited_base_sha256:6552cee937979c00eae89960ca07a3f13358525826877809d2c0f1a2903f24b7,LATENT_INDEX_2013_STATE_SD,MODEL_AND_LENGTH_SENSITIVITY_ENVELOPE,-0.8650709926622473
NV,2002,-1.9801427529049638,1.6165407152137206,-5.148562554723856,2.207292631085223,MODEL_ESTIMATED,0,0,CPS_PARTICIPATION_AND_CEV_MEMBERSHIP_LATENT_MODEL,COMMON_SCALE_CPS_2013_ANCHOR,1,1,1,REGIME_BRIDGE_ASSUMPTION;EARLY_CPS_DESIGN_BREAKS;UNKNOWN_SAMPLING_SE_WAVES;BACKCAST;BACKCAST_MODEL_SENSITIVITY,S2_FINAL_20261002T002743Z|M2_L6|inherited_base_sha256:6552cee937979c00eae89960ca07a3f13358525826877809d2c0f1a2903f24b7,LATENT_INDEX_2013_STATE_SD,MODEL_AND_LENGTH_SENSITIVITY_ENVELOPE,-0.8841506611641046
NV,2003,-2.078857106793122,1.4799335455596323,-4.9795268560900015,1.709231874825729,MODEL_ESTIMATED,0,0,CPS_PARTICIPATION_AND_CEV_MEMBERSHIP_LATENT_MODEL,COMMON_SCALE_CPS_2013_ANCHOR,1,1,1,REGIME_BRIDGE_ASSUMPTION;EARLY_CPS_DESIGN_BREAKS;UNKNOWN_SAMPLING_SE_WAVES;BACKCAST;BACKCAST_MODEL_SENSITIVITY,S2_FINAL_20261002T002743Z|M2_L6|inherited_base_sha256:6552cee937979c00eae89960ca07a3f13358525826877809d2c0f1a2903f24b7,LATENT_INDEX_2013_STATE_SD,MODEL_AND_LENGTH_SENSITIVITY_ENVELOPE,-0.9050556336739827
NV,2004,-2.187753817868126,1.3394039894392467,-4.812985637169049,1.1916226555545952,MODEL_ESTIMATED,0,0,CPS_PARTICIPATION_AND_CEV_MEMBERSHIP_LATENT_MODEL,COMMON_SCALE_CPS_2013_ANCHOR,1,1,1,REGIME_BRIDGE_ASSUMPTION;EARLY_CPS_DESIGN_BREAKS;UNKNOWN_SAMPLING_SE_WAVES;BACKCAST;BACKCAST_MODEL_SENSITIVITY,S2_FINAL_20261002T002743Z|M2_L6|inherited_base_sha256:6552cee937979c00eae89960ca07a3f13358525826877809d2c0f1a2903f24b7,LATENT_INDEX_2013_STATE_SD,MODEL_AND_LENGTH_SENSITIVITY_ENVELOPE,-0.928116948080379
NV,2005,-2.3086795626333263,1.1922938220609398,-4.645575453872768,0.6643926969600098,MODEL_ESTIMATED,0,0,CPS_PARTICIPATION_AND_CEV_MEMBERSHIP_LATENT_MODEL,COMMON_SCALE_CPS_2013_ANCHOR,1,1,1,REGIME_BRIDGE_ASSUMPTION;EARLY_CPS_DESIGN_BREAKS;UNKNOWN_SAMPLING_SE_WAVES;BACKCAST;BACKCAST_MODEL_SENSITIVITY,S2_FINAL_20261002T002743Z|M2_L6|inherited_base_sha256:6552cee937979c00eae89960ca07a3f13358525826877809d2c0f1a2903f24b7,LATENT_INDEX_2013_STATE_SD,MODEL_AND_LENGTH_SENSITIVITY_ENVELOPE,-0.9537256794399256
NV,2006,-2.4438159316051657,1.0343402351571689,-4.471122792513217,0.1743564388934594,MODEL_ESTIMATED,0,0,CPS_PARTICIPATION_AND_CEV_MEMBERSHIP_LATENT_MODEL,COMMON_SCALE_CPS_2013_ANCHOR,1,1,1,REGIME_BRIDGE_ASSUMPTION;EARLY_CPS_DESIGN_BREAKS;UNKNOWN_SAMPLING_SE_WAVES;BACKCAST;BACKCAST_MODEL_SENSITIVITY,S2_FINAL_20261002T002743Z|M2_L6|inherited_base_sha256:6552cee937979c00eae89960ca07a3f13358525826877809d2c0f1a2903f24b7,LATENT_INDEX_2013_STATE_SD,MODEL_AND_LENGTH_SENSITIVITY_ENVELOPE,-0.9823438283429893
NV,2007,-2.595740169456826,0.8583777888026887,-4.278160635510096,-0.4170171607880779,MODEL_ESTIMATED,0,0,CPS_PARTICIPATION_AND_CEV_MEMBERSHIP_LATENT_MODEL,COMMON_SCALE_CPS_2013_ANCHOR,1,1,1,REGIME_BRIDGE_ASSUMPTION;EARLY_CPS_DESIGN_BREAKS;UNKNOWN_SAMPLING_SE_WAVES;BACKCAST;BACKCAST_MODEL_SENSITIVITY,S2_FINAL_20261002T002743Z|M2_L6|inherited_base_sha256:6552cee937979c00eae89960ca07a3f13358525826877809d2c0f1a2903f24b7,LATENT_INDEX_2013_STATE_SD,MODEL_AND_LENGTH_SENSITIVITY_ENVELOPE,-1.0145171839977452
NV,2008,-2.767496931019497,0.6508216454928084,-4.053085504617774,-1.186675586383883,MODEL_ESTIMATED,0,0,CPS_PARTICIPATION_AND_CEV_MEMBERSHIP_LATENT_MODEL,COMMON_SCALE_CPS_2013_ANCHOR,1,1,1,REGIME_BRIDGE_ASSUMPTION;EARLY_CPS_DESIGN_BREAKS;UNKNOWN_SAMPLING_SE_WAVES;BACKCAST;BACKCAST_MODEL_SENSITIVITY;NO_DIRECT_OBSERVATION_AVAILABLE_IN_CURRENT_EVIDENCE,S2_FINAL_20261002T002743Z|M2_L6|inherited_base_sha256:6552cee937979c00eae89960ca07a3f13358525826877809d2c0f1a2903f24b7,LATENT_INDEX_2013_STATE_SD,MODEL_AND_LENGTH_SENSITIVITY_ENVELOPE,-1.0508905201685048
NV,2009,-2.9626830509815565,0.3736834410888057,-3.787934726545583,-2.1937645467537186,MODEL_ESTIMATED,0,1,CPS_PARTICIPATION_AND_CEV_MEMBERSHIP_LATENT_MODEL,COMMON_SCALE_CPS_2013_ANCHOR,1,0,1,REGIME_BRIDGE_ASSUMPTION;EARLY_CPS_DESIGN_BREAKS;UNKNOWN_SAMPLING_SE_WAVES,S2_FINAL_20261002T002743Z|M2_L6|inherited_base_sha256:6552cee937979c00eae89960ca07a3f13358525826877809d2c0f1a2903f24b7,LATENT_INDEX_2013_STATE_SD,MODEL_AND_LENGTH_SENSITIVITY_ENVELOPE,-1.0922255470556748
NV,2010,-2.8932769843464126,0.3205761626230107,-3.5362790730061526,-2.2491301223114237,MODEL_ESTIMATED,0,1,CPS_PARTICIPATION_AND_CEV_MEMBERSHIP_LATENT_MODEL,COMMON_SCALE_CPS_2013_ANCHOR,1,0,1,REGIME_BRIDGE_ASSUMPTION;EARLY_CPS_DESIGN_BREAKS;UNKNOWN_SAMPLING_SE_WAVES,S2_FINAL_20261002T002743Z|M2_L6|inherited_base_sha256:6552cee937979c00eae89960ca07a3f13358525826877809d2c0f1a2903f24b7,LATENT_INDEX_2013_STATE_SD,MODEL_AND_LENGTH_SENSITIVITY_ENVELOPE,-1.0775272599487122
NV,2011,-1.7516557475148429,0.31194138195673315,-2.3675245829605673,-1.0518558610878495,MODEL_ESTIMATED,0,1,CPS_PARTICIPATION_AND_CEV_MEMBERSHIP_LATENT_MODEL,COMMON_SCALE_CPS_2013_ANCHOR,1,0,1,REGIME_BRIDGE_ASSUMPTION;EARLY_CPS_DESIGN_BREAKS;UNKNOWN_SAMPLING_SE_WAVES,S2_FINAL_20261002T002743Z|M2_L6|inherited_base_sha256:6552cee937979c00eae89960ca07a3f13358525826877809d2c0f1a2903f24b7,LATENT_INDEX_2013_STATE_SD,MODEL_AND_LENGTH_SENSITIVITY_ENVELOPE,-0.8357634269027472
NV,2012,-1.9776226581545957,0.48510710222570413,-3.119605724774369,-0.8629458148922753,MODEL_ESTIMATED,0,0,CPS_PARTICIPATION_AND_CEV_MEMBERSHIP_LATENT_MODEL,COMMON_SCALE_CPS_2013_ANCHOR,1,0,1,REGIME_BRIDGE_ASSUMPTION;EARLY_CPS_DESIGN_BREAKS;UNKNOWN_SAMPLING_SE_WAVES,S2_FINAL_20261002T002743Z|M2_L6|inherited_base_sha256:6552cee937979c00eae89960ca07a3f13358525826877809d2c0f1a2903f24b7,LATENT_INDEX_2013_STATE_SD,MODEL_AND_LENGTH_SENSITIVITY_ENVELOPE,-0.8836169747304333
NV,2013,-2.2002861759681074,0.3769149971635415,-3.0107316736314416,-1.4217862157253391,MODEL_ESTIMATED,0,1,CPS_PARTICIPATION_AND_CEV_MEMBERSHIP_LATENT_MODEL,COMMON_SCALE_CPS_2013_ANCHOR,1,0,1,REGIME_BRIDGE_ASSUMPTION;EARLY_CPS_DESIGN_BREAKS;UNKNOWN_SAMPLING_SE_WAVES,S2_FINAL_20261002T002743Z|M2_L6|inherited_base_sha256:6552cee937979c00eae89960ca07a3f13358525826877809d2c0f1a2903f24b7,LATENT_INDEX_2013_STATE_SD,MODEL_AND_LENGTH_SENSITIVITY_ENVELOPE,-0.9307709552358217
NV,2014,-2.190103006852578,0.7080174629178458,-3.991119499628112,-0.8023887795336004,MODEL_ESTIMATED,0,0,CPS_PARTICIPATION_AND_CEV_MEMBERSHIP_LATENT_MODEL,COMMON_SCALE_CPS_2013_ANCHOR,1,0,1,REGIME_BRIDGE_ASSUMPTION;EARLY_CPS_DESIGN_BREAKS;UNKNOWN_SAMPLING_SE_WAVES;CPS_CEV_GAP,S2_FINAL_20261002T002743Z|M2_L6|inherited_base_sha256:6552cee937979c00eae89960ca07a3f13358525826877809d2c0f1a2903f24b7,LATENT_INDEX_2013_STATE_SD,MODEL_AND_LENGTH_SENSITIVITY_ENVELOPE,-0.9286144413952431
NV,2015,-2.1801618705945556,1.0207517089532085,-4.521172831122511,-0.17948852104626667,MODEL_ESTIMATED,0,0,CPS_PARTICIPATION_AND_CEV_MEMBERSHIP_LATENT_MODEL,COMMON_SCALE_CPS_2013_ANCHOR,1,0,1,REGIME_BRIDGE_ASSUMPTION;EARLY_CPS_DESIGN_BREAKS;UNKNOWN_SAMPLING_SE_WAVES;CPS_CEV_GAP,S2_FINAL_20261002T002743Z|M2_L6|inherited_base_sha256:6552cee937979c00eae89960ca07a3f13358525826877809d2c0f1a2903f24b7,LATENT_INDEX_2013_STATE_SD,MODEL_AND_LENGTH_SENSITIVITY_ENVELOPE,-0.9265091834261096
NV,2016,-2.169000743981293,1.3300747627871716,-4.791561461752664,0.4379457910815634,MODEL_ESTIMATED,0,0,CPS_PARTICIPATION_AND_CEV_MEMBERSHIP_LATENT_MODEL,COMMON_SCALE_CPS_2013_ANCHOR,1,0,1,REGIME_BRIDGE_ASSUMPTION;EARLY_CPS_DESIGN_BREAKS;UNKNOWN_SAMPLING_SE_WAVES;CPS_CEV_GAP,S2_FINAL_20261002T002743Z|M2_L6|inherited_base_sha256:6552cee937979c00eae89960ca07a3f13358525826877809d2c0f1a2903f24b7,LATENT_INDEX_2013_STATE_SD,MODEL_AND_LENGTH_SENSITIVITY_ENVELOPE,-0.9241455652101217
NV,2017,-2.1551236366605018,1.645187459544487,-5.379691057367697,1.069443784046693,MODEL_ESTIMATED,0,1,CPS_PARTICIPATION_AND_CEV_MEMBERSHIP_LATENT_MODEL,COMMON_SCALE_CPS_2013_ANCHOR,1,0,1,REGIME_BRIDGE_ASSUMPTION;EARLY_CPS_DESIGN_BREAKS;UNKNOWN_SAMPLING_SE_WAVES,S2_FINAL_20261002T002743Z|M2_L6|inherited_base_sha256:6552cee937979c00eae89960ca07a3f13358525826877809d2c0f1a2903f24b7,LATENT_INDEX_2013_STATE_SD,MODEL_AND_LENGTH_SENSITIVITY_ENVELOPE,-0.9212067773273944
NV,2018,-2.3320395741450923,1.6823038732546665,-5.629355165724238,0.965276017434054,MODEL_ESTIMATED,0,0,CPS_PARTICIPATION_AND_CEV_MEMBERSHIP_LATENT_MODEL,COMMON_SCALE_CPS_2013_ANCHOR,1,0,1,REGIME_BRIDGE_ASSUMPTION;EARLY_CPS_DESIGN_BREAKS;UNKNOWN_SAMPLING_SE_WAVES,S2_FINAL_20261002T002743Z|M2_L6|inherited_base_sha256:6552cee937979c00eae89960ca07a3f13358525826877809d2c0f1a2903f24b7,LATENT_INDEX_2013_STATE_SD,MODEL_AND_LENGTH_SENSITIVITY_ENVELOPE,-0.9586726844017084
NV,2019,-2.5084083990359978,1.671059527774717,-5.783685073474443,0.7668682754024472,MODEL_ESTIMATED,0,1,CPS_PARTICIPATION_AND_CEV_MEMBERSHIP_LATENT_MODEL,COMMON_SCALE_CPS_2013_ANCHOR,1,0,1,REGIME_BRIDGE_ASSUMPTION;EARLY_CPS_DESIGN_BREAKS;UNKNOWN_SAMPLING_SE_WAVES,S2_FINAL_20261002T002743Z|M2_L6|inherited_base_sha256:6552cee937979c00eae89960ca07a3f13358525826877809d2c0f1a2903f24b7,LATENT_INDEX_2013_STATE_SD,MODEL_AND_LENGTH_SENSITIVITY_ENVELOPE,-0.996022728146321
NV,2020,-2.686211742171042,1.6881023726770703,-5.9948923926181,0.6224689082760158,MODEL_ESTIMATED,0,0,CPS_PARTICIPATION_AND_CEV_MEMBERSHIP_LATENT_MODEL,COMMON_SCALE_CPS_2013_ANCHOR,1,0,1,REGIME_BRIDGE_ASSUMPTION;EARLY_CPS_DESIGN_BREAKS;UNKNOWN_SAMPLING_SE_WAVES,S2_FINAL_20261002T002743Z|M2_L6|inherited_base_sha256:6552cee937979c00eae89960ca07a3f13358525826877809d2c0f1a2903f24b7,LATENT_INDEX_2013_STATE_SD,MODEL_AND_LENGTH_SENSITIVITY_ENVELOPE,-1.0336765632168903
NV,2021,-2.8709584015488003,1.6499208884255194,-6.104803342862819,0.3628865397652179,MODEL_ESTIMATED,0,1,CPS_PARTICIPATION_AND_CEV_MEMBERSHIP_LATENT_MODEL,COMMON_SCALE_CPS_2013_ANCHOR,1,0,1,REGIME_BRIDGE_ASSUMPTION;EARLY_CPS_DESIGN_BREAKS;UNKNOWN_SAMPLING_SE_WAVES,S2_FINAL_20261002T002743Z|M2_L6|inherited_base_sha256:6552cee937979c00eae89960ca07a3f13358525826877809d2c0f1a2903f24b7,LATENT_INDEX_2013_STATE_SD,MODEL_AND_LENGTH_SENSITIVITY_ENVELOPE,-1.0728008008121601
NV,2022,-2.935567618501241,1.693402332037203,-6.254636189294159,0.38350095229167636,MODEL_ESTIMATED,0,0,CPS_PARTICIPATION_AND_CEV_MEMBERSHIP_LATENT_MODEL,COMMON_SCALE_CPS_2013_ANCHOR,1,0,1,REGIME_BRIDGE_ASSUMPTION;EARLY_CPS_DESIGN_BREAKS;UNKNOWN_SAMPLING_SE_WAVES,S2_FINAL_20261002T002743Z|M2_L6|inherited_base_sha256:6552cee937979c00eae89960ca07a3f13358525826877809d2c0f1a2903f24b7,LATENT_INDEX_2013_STATE_SD,MODEL_AND_LENGTH_SENSITIVITY_ENVELOPE,-1.086483247701351
NV,2023,-3.011692270900319,1.6715025569320088,-6.287837282487056,0.2644527406864179,MODEL_ESTIMATED,0,1,CPS_PARTICIPATION_AND_CEV_MEMBERSHIP_LATENT_MODEL,COMMON_SCALE_CPS_2013_ANCHOR,1,0,1,REGIME_BRIDGE_ASSUMPTION;EARLY_CPS_DESIGN_BREAKS;UNKNOWN_SAMPLING_SE_WAVES,S2_FINAL_20261002T002743Z|M2_L6|inherited_base_sha256:6552cee937979c00eae89960ca07a3f13358525826877809d2c0f1a2903f24b7,LATENT_INDEX_2013_STATE_SD,MODEL_AND_LENGTH_SENSITIVITY_ENVELOPE,-1.1026043456272896
NY,2000,-0.5242376004314776,1.8767130724332948,-4.202595222400735,4.440119870952693,MODEL_ESTIMATED,0,0,CPS_PARTICIPATION_AND_CEV_MEMBERSHIP_LATENT_MODEL,COMMON_SCALE_CPS_2013_ANCHOR,1,1,1,REGIME_BRIDGE_ASSUMPTION;EARLY_CPS_DESIGN_BREAKS;UNKNOWN_SAMPLING_SE_WAVES;BACKCAST;BACKCAST_MODEL_SENSITIVITY,S2_FINAL_20261002T002743Z|M2_L6|inherited_base_sha256:6552cee937979c00eae89960ca07a3f13358525826877809d2c0f1a2903f24b7,LATENT_INDEX_2013_STATE_SD,MODEL_AND_LENGTH_SENSITIVITY_ENVELOPE,-0.5758301789783911
NY,2001,-0.580974897014067,1.7424018010052735,-3.996082426984403,4.003174202432589,MODEL_ESTIMATED,0,0,CPS_PARTICIPATION_AND_CEV_MEMBERSHIP_LATENT_MODEL,COMMON_SCALE_CPS_2013_ANCHOR,1,1,1,REGIME_BRIDGE_ASSUMPTION;EARLY_CPS_DESIGN_BREAKS;UNKNOWN_SAMPLING_SE_WAVES;BACKCAST;BACKCAST_MODEL_SENSITIVITY,S2_FINAL_20261002T002743Z|M2_L6|inherited_base_sha256:6552cee937979c00eae89960ca07a3f13358525826877809d2c0f1a2903f24b7,LATENT_INDEX_2013_STATE_SD,MODEL_AND_LENGTH_SENSITIVITY_ENVELOPE,-0.5878455706476478
NY,2002,-0.640281574339684,1.6068801765525904,-3.789766720382761,3.555758901030777,MODEL_ESTIMATED,0,0,CPS_PARTICIPATION_AND_CEV_MEMBERSHIP_LATENT_MODEL,COMMON_SCALE_CPS_2013_ANCHOR,1,1,1,REGIME_BRIDGE_ASSUMPTION;EARLY_CPS_DESIGN_BREAKS;UNKNOWN_SAMPLING_SE_WAVES;BACKCAST;BACKCAST_MODEL_SENSITIVITY,S2_FINAL_20261002T002743Z|M2_L6|inherited_base_sha256:6552cee937979c00eae89960ca07a3f13358525826877809d2c0f1a2903f24b7,LATENT_INDEX_2013_STATE_SD,MODEL_AND_LENGTH_SENSITIVITY_ENVELOPE,-0.6004050861619661
NY,2003,-0.7026236163606903,1.469238075581536,-3.5823302445005005,3.095428900349252,MODEL_ESTIMATED,0,0,CPS_PARTICIPATION_AND_CEV_MEMBERSHIP_LATENT_MODEL,COMMON_SCALE_CPS_2013_ANCHOR,1,1,1,REGIME_BRIDGE_ASSUMPTION;EARLY_CPS_DESIGN_BREAKS;UNKNOWN_SAMPLING_SE_WAVES;BACKCAST;BACKCAST_MODEL_SENSITIVITY,S2_FINAL_20261002T002743Z|M2_L6|inherited_base_sha256:6552cee937979c00eae89960ca07a3f13358525826877809d2c0f1a2903f24b7,LATENT_INDEX_2013_STATE_SD,MODEL_AND_LENGTH_SENSITIVITY_ENVELOPE,-0.6136074080465359
NY,2004,-0.7685515180714385,1.3280569188484206,-3.371543079014343,2.6187279623333626,MODEL_ESTIMATED,0,0,CPS_PARTICIPATION_AND_CEV_MEMBERSHIP_LATENT_MODEL,COMMON_SCALE_CPS_2013_ANCHOR,1,1,1,REGIME_BRIDGE_ASSUMPTION;EARLY_CPS_DESIGN_BREAKS;UNKNOWN_SAMPLING_SE_WAVES;BACKCAST;BACKCAST_MODEL_SENSITIVITY,S2_FINAL_20261002T002743Z|M2_L6|inherited_base_sha256:6552cee937979c00eae89960ca07a3f13358525826877809d2c0f1a2903f24b7,LATENT_INDEX_2013_STATE_SD,MODEL_AND_LENGTH_SENSITIVITY_ENVELOPE,-0.6275691159300585
NY,2005,-0.838715612465747,1.1810543287626565,-3.153582096840554,2.1204741553965594,MODEL_ESTIMATED,0,0,CPS_PARTICIPATION_AND_CEV_MEMBERSHIP_LATENT_MODEL,COMMON_SCALE_CPS_2013_ANCHOR,1,1,1,REGIME_BRIDGE_ASSUMPTION;EARLY_CPS_DESIGN_BREAKS;UNKNOWN_SAMPLING_SE_WAVES;BACKCAST;BACKCAST_MODEL_SENSITIVITY,S2_FINAL_20261002T002743Z|M2_L6|inherited_base_sha256:6552cee937979c00eae89960ca07a3f13358525826877809d2c0f1a2903f24b7,LATENT_INDEX_2013_STATE_SD,MODEL_AND_LENGTH_SENSITIVITY_ENVELOPE,-0.6424279323708301
NY,2006,-0.9138841771976792,1.0243558061356395,-2.9216215572235327,1.6529133410884072,MODEL_ESTIMATED,0,0,CPS_PARTICIPATION_AND_CEV_MEMBERSHIP_LATENT_MODEL,COMMON_SCALE_CPS_2013_ANCHOR,1,1,1,REGIME_BRIDGE_ASSUMPTION;EARLY_CPS_DESIGN_BREAKS;UNKNOWN_SAMPLING_SE_WAVES;BACKCAST;BACKCAST_MODEL_SENSITIVITY,S2_FINAL_20261002T002743Z|M2_L6|inherited_base_sha256:6552cee937979c00eae89960ca07a3f13358525826877809d2c0f1a2903f24b7,LATENT_INDEX_2013_STATE_SD,MODEL_AND_LENGTH_SENSITIVITY_ENVELOPE,-0.6583465573471775
NY,2007,-0.9949648250738371,0.8507335966916934,-2.662402674589556,1.165477359095558,MODEL_ESTIMATED,0,0,CPS_PARTICIPATION_AND_CEV_MEMBERSHIP_LATENT_MODEL,COMMON_SCALE_CPS_2013_ANCHOR,1,1,1,REGIME_BRIDGE_ASSUMPTION;EARLY_CPS_DESIGN_BREAKS;UNKNOWN_SAMPLING_SE_WAVES;BACKCAST;BACKCAST_MODEL_SENSITIVITY,S2_FINAL_20261002T002743Z|M2_L6|inherited_base_sha256:6552cee937979c00eae89960ca07a3f13358525826877809d2c0f1a2903f24b7,LATENT_INDEX_2013_STATE_SD,MODEL_AND_LENGTH_SENSITIVITY_ENVELOPE,-0.6755171981726706
NY,2008,-1.0830297739341677,0.6439602995440783,-2.345191961040561,0.5406598024795873,MODEL_ESTIMATED,0,0,CPS_PARTICIPATION_AND_CEV_MEMBERSHIP_LATENT_MODEL,COMMON_SCALE_CPS_2013_ANCHOR,1,1,1,REGIME_BRIDGE_ASSUMPTION;EARLY_CPS_DESIGN_BREAKS;UNKNOWN_SAMPLING_SE_WAVES;BACKCAST;BACKCAST_MODEL_SENSITIVITY;NO_DIRECT_OBSERVATION_AVAILABLE_IN_CURRENT_EVIDENCE,S2_FINAL_20261002T002743Z|M2_L6|inherited_base_sha256:6552cee937979c00eae89960ca07a3f13358525826877809d2c0f1a2903f24b7,LATENT_INDEX_2013_STATE_SD,MODEL_AND_LENGTH_SENSITIVITY_ENVELOPE,-0.6941669209586279
NY,2009,-1.1793456994887084,0.3444769488776691,-1.8545205192889398,-0.4784751407937699,MODEL_ESTIMATED,0,1,CPS_PARTICIPATION_AND_CEV_MEMBERSHIP_LATENT_MODEL,COMMON_SCALE_CPS_2013_ANCHOR,1,0,1,REGIME_BRIDGE_ASSUMPTION;EARLY_CPS_DESIGN_BREAKS;UNKNOWN_SAMPLING_SE_WAVES,S2_FINAL_20261002T002743Z|M2_L6|inherited_base_sha256:6552cee937979c00eae89960ca07a3f13358525826877809d2c0f1a2903f24b7,LATENT_INDEX_2013_STATE_SD,MODEL_AND_LENGTH_SENSITIVITY_ENVELOPE,-0.7145639726200548
NY,2010,-1.568981789129128,0.3042667757233145,-2.2752554026881118,-0.9726189087114315,MODEL_ESTIMATED,0,1,CPS_PARTICIPATION_AND_CEV_MEMBERSHIP_LATENT_MODEL,COMMON_SCALE_CPS_2013_ANCHOR,1,0,1,REGIME_BRIDGE_ASSUMPTION;EARLY_CPS_DESIGN_BREAKS;UNKNOWN_SAMPLING_SE_WAVES,S2_FINAL_20261002T002743Z|M2_L6|inherited_base_sha256:6552cee937979c00eae89960ca07a3f13358525826877809d2c0f1a2903f24b7,LATENT_INDEX_2013_STATE_SD,MODEL_AND_LENGTH_SENSITIVITY_ENVELOPE,-0.7970781301053775
NY,2011,-0.48729644963426183,0.20492185945178318,-0.8890837272025378,-0.056762311216419975,MODEL_ESTIMATED,0,1,CPS_PARTICIPATION_AND_CEV_MEMBERSHIP_LATENT_MODEL,COMMON_SCALE_CPS_2013_ANCHOR,1,0,1,REGIME_BRIDGE_ASSUMPTION;EARLY_CPS_DESIGN_BREAKS;UNKNOWN_SAMPLING_SE_WAVES,S2_FINAL_20261002T002743Z|M2_L6|inherited_base_sha256:6552cee937979c00eae89960ca07a3f13358525826877809d2c0f1a2903f24b7,LATENT_INDEX_2013_STATE_SD,MODEL_AND_LENGTH_SENSITIVITY_ENVELOPE,-0.5680070639856717
NY,2012,-0.8011013472124145,0.43740614323141086,-1.8840539864819001,0.2163015655853943,MODEL_ESTIMATED,0,0,CPS_PARTICIPATION_AND_CEV_MEMBERSHIP_LATENT_MODEL,COMMON_SCALE_CPS_2013_ANCHOR,1,0,1,REGIME_BRIDGE_ASSUMPTION;EARLY_CPS_DESIGN_BREAKS;UNKNOWN_SAMPLING_SE_WAVES,S2_FINAL_20261002T002743Z|M2_L6|inherited_base_sha256:6552cee937979c00eae89960ca07a3f13358525826877809d2c0f1a2903f24b7,LATENT_INDEX_2013_STATE_SD,MODEL_AND_LENGTH_SENSITIVITY_ENVELOPE,-0.6344622703355898
NY,2013,-1.1105667684801943,0.27744280705156016,-1.7032599973490048,-0.5598886271002133,MODEL_ESTIMATED,0,1,CPS_PARTICIPATION_AND_CEV_MEMBERSHIP_LATENT_MODEL,COMMON_SCALE_CPS_2013_ANCHOR,1,0,1,REGIME_BRIDGE_ASSUMPTION;EARLY_CPS_DESIGN_BREAKS;UNKNOWN_SAMPLING_SE_WAVES,S2_FINAL_20261002T002743Z|M2_L6|inherited_base_sha256:6552cee937979c00eae89960ca07a3f13358525826877809d2c0f1a2903f24b7,LATENT_INDEX_2013_STATE_SD,MODEL_AND_LENGTH_SENSITIVITY_ENVELOPE,-0.6999984955100003
NY,2014,-1.1214680283031013,0.6735869684243015,-2.8485879403781182,0.19876242980852976,MODEL_ESTIMATED,0,0,CPS_PARTICIPATION_AND_CEV_MEMBERSHIP_LATENT_MODEL,COMMON_SCALE_CPS_2013_ANCHOR,1,0,1,REGIME_BRIDGE_ASSUMPTION;EARLY_CPS_DESIGN_BREAKS;UNKNOWN_SAMPLING_SE_WAVES;CPS_CEV_GAP,S2_FINAL_20261002T002743Z|M2_L6|inherited_base_sha256:6552cee937979c00eae89960ca07a3f13358525826877809d2c0f1a2903f24b7,LATENT_INDEX_2013_STATE_SD,MODEL_AND_LENGTH_SENSITIVITY_ENVELOPE,-0.7023070811203473
NY,2015,-1.1345790236278728,1.0027802984361625,-3.433331756991426,0.8308703613070056,MODEL_ESTIMATED,0,0,CPS_PARTICIPATION_AND_CEV_MEMBERSHIP_LATENT_MODEL,COMMON_SCALE_CPS_2013_ANCHOR,1,0,1,REGIME_BRIDGE_ASSUMPTION;EARLY_CPS_DESIGN_BREAKS;UNKNOWN_SAMPLING_SE_WAVES;CPS_CEV_GAP,S2_FINAL_20261002T002743Z|M2_L6|inherited_base_sha256:6552cee937979c00eae89960ca07a3f13358525826877809d2c0f1a2903f24b7,LATENT_INDEX_2013_STATE_SD,MODEL_AND_LENGTH_SENSITIVITY_ENVELOPE,-0.7050836276512806
NY,2016,-1.1490795518648802,1.3205426779978373,-3.7572009663137647,1.439184097010881,MODEL_ESTIMATED,0,0,CPS_PARTICIPATION_AND_CEV_MEMBERSHIP_LATENT_MODEL,COMMON_SCALE_CPS_2013_ANCHOR,1,0,1,REGIME_BRIDGE_ASSUMPTION;EARLY_CPS_DESIGN_BREAKS;UNKNOWN_SAMPLING_SE_WAVES;CPS_CEV_GAP,S2_FINAL_20261002T002743Z|M2_L6|inherited_base_sha256:6552cee937979c00eae89960ca07a3f13358525826877809d2c0f1a2903f24b7,LATENT_INDEX_2013_STATE_SD,MODEL_AND_LENGTH_SENSITIVITY_ENVELOPE,-0.708154438857894
NY,2017,-1.1641880979912134,1.6429805759143634,-4.384430026783366,2.0560538308009386,MODEL_ESTIMATED,0,1,CPS_PARTICIPATION_AND_CEV_MEMBERSHIP_LATENT_MODEL,COMMON_SCALE_CPS_2013_ANCHOR,1,0,1,REGIME_BRIDGE_ASSUMPTION;EARLY_CPS_DESIGN_BREAKS;UNKNOWN_SAMPLING_SE_WAVES,S2_FINAL_20261002T002743Z|M2_L6|inherited_base_sha256:6552cee937979c00eae89960ca07a3f13358525826877809d2c0f1a2903f24b7,LATENT_INDEX_2013_STATE_SD,MODEL_AND_LENGTH_SENSITIVITY_ENVELOPE,-0.7113540114529096
NY,2018,-1.246630668500879,1.6782908908440408,-4.5360808145551985,2.042819477553441,MODEL_ESTIMATED,0,0,CPS_PARTICIPATION_AND_CEV_MEMBERSHIP_LATENT_MODEL,COMMON_SCALE_CPS_2013_ANCHOR,1,0,1,REGIME_BRIDGE_ASSUMPTION;EARLY_CPS_DESIGN_BREAKS;UNKNOWN_SAMPLING_SE_WAVES,S2_FINAL_20261002T002743Z|M2_L6|inherited_base_sha256:6552cee937979c00eae89960ca07a3f13358525826877809d2c0f1a2903f24b7,LATENT_INDEX_2013_STATE_SD,MODEL_AND_LENGTH_SENSITIVITY_ENVELOPE,-0.7288130698599665
NY,2019,-1.3300268070723258,1.664573009626905,-4.592589905941059,1.932536291796408,MODEL_ESTIMATED,0,1,CPS_PARTICIPATION_AND_CEV_MEMBERSHIP_LATENT_MODEL,COMMON_SCALE_CPS_2013_ANCHOR,1,0,1,REGIME_BRIDGE_ASSUMPTION;EARLY_CPS_DESIGN_BREAKS;UNKNOWN_SAMPLING_SE_WAVES,S2_FINAL_20261002T002743Z|M2_L6|inherited_base_sha256:6552cee937979c00eae89960ca07a3f13358525826877809d2c0f1a2903f24b7,LATENT_INDEX_2013_STATE_SD,MODEL_AND_LENGTH_SENSITIVITY_ENVELOPE,-0.7464740676338193
NY,2020,-1.5184007854240975,1.6877626277336322,-4.826415535782017,1.7896139649338214,MODEL_ESTIMATED,0,0,CPS_PARTICIPATION_AND_CEV_MEMBERSHIP_LATENT_MODEL,COMMON_SCALE_CPS_2013_ANCHOR,1,0,1,REGIME_BRIDGE_ASSUMPTION;EARLY_CPS_DESIGN_BREAKS;UNKNOWN_SAMPLING_SE_WAVES,S2_FINAL_20261002T002743Z|M2_L6|inherited_base_sha256:6552cee937979c00eae89960ca07a3f13358525826877809d2c0f1a2903f24b7,LATENT_INDEX_2013_STATE_SD,MODEL_AND_LENGTH_SENSITIVITY_ENVELOPE,-0.7863664711588608
NY,2021,-1.712924511415866,1.654465671862087,-4.955677228265556,1.5298282054338241,MODEL_ESTIMATED,0,1,CPS_PARTICIPATION_AND_CEV_MEMBERSHIP_LATENT_MODEL,COMMON_SCALE_CPS_2013_ANCHOR,1,0,1,REGIME_BRIDGE_ASSUMPTION;EARLY_CPS_DESIGN_BREAKS;UNKNOWN_SAMPLING_SE_WAVES,S2_FINAL_20261002T002743Z|M2_L6|inherited_base_sha256:6552cee937979c00eae89960ca07a3f13358525826877809d2c0f1a2903f24b7,LATENT_INDEX_2013_STATE_SD,MODEL_AND_LENGTH_SENSITIVITY_ENVELOPE,-0.8275612213061826
NY,2022,-1.6156809653225737,1.694476716265132,-4.936855329202232,1.7054933985570848,MODEL_ESTIMATED,0,0,CPS_PARTICIPATION_AND_CEV_MEMBERSHIP_LATENT_MODEL,COMMON_SCALE_CPS_2013_ANCHOR,1,0,1,REGIME_BRIDGE_ASSUMPTION;EARLY_CPS_DESIGN_BREAKS;UNKNOWN_SAMPLING_SE_WAVES,S2_FINAL_20261002T002743Z|M2_L6|inherited_base_sha256:6552cee937979c00eae89960ca07a3f13358525826877809d2c0f1a2903f24b7,LATENT_INDEX_2013_STATE_SD,MODEL_AND_LENGTH_SENSITIVITY_ENVELOPE,-0.8069677252463638
NY,2023,-1.5249251735837606,1.6660512692288847,-4.790385661272374,1.7405353141048534,MODEL_ESTIMATED,0,1,CPS_PARTICIPATION_AND_CEV_MEMBERSHIP_LATENT_MODEL,COMMON_SCALE_CPS_2013_ANCHOR,1,0,1,REGIME_BRIDGE_ASSUMPTION;EARLY_CPS_DESIGN_BREAKS;UNKNOWN_SAMPLING_SE_WAVES,S2_FINAL_20261002T002743Z|M2_L6|inherited_base_sha256:6552cee937979c00eae89960ca07a3f13358525826877809d2c0f1a2903f24b7,LATENT_INDEX_2013_STATE_SD,MODEL_AND_LENGTH_SENSITIVITY_ENVELOPE,-0.7877481562912587
OH,2000,0.3735932629242203,1.8787842425765195,-3.308823852525758,5.293018214953868,MODEL_ESTIMATED,0,0,CPS_PARTICIPATION_AND_CEV_MEMBERSHIP_LATENT_MODEL,COMMON_SCALE_CPS_2013_ANCHOR,1,1,1,REGIME_BRIDGE_ASSUMPTION;EARLY_CPS_DESIGN_BREAKS;UNKNOWN_SAMPLING_SE_WAVES;BACKCAST;BACKCAST_MODEL_SENSITIVITY,S2_FINAL_20261002T002743Z|M2_L6|inherited_base_sha256:6552cee937979c00eae89960ca07a3f13358525826877809d2c0f1a2903f24b7,LATENT_INDEX_2013_STATE_SD,MODEL_AND_LENGTH_SENSITIVITY_ENVELOPE,-0.3856944106965452
OH,2001,0.3303985042654007,1.7441542952323477,-3.0881439143900007,4.87549802247731,MODEL_ESTIMATED,0,0,CPS_PARTICIPATION_AND_CEV_MEMBERSHIP_LATENT_MODEL,COMMON_SCALE_CPS_2013_ANCHOR,1,1,1,REGIME_BRIDGE_ASSUMPTION;EARLY_CPS_DESIGN_BREAKS;UNKNOWN_SAMPLING_SE_WAVES;BACKCAST;BACKCAST_MODEL_SENSITIVITY,S2_FINAL_20261002T002743Z|M2_L6|inherited_base_sha256:6552cee937979c00eae89960ca07a3f13358525826877809d2c0f1a2903f24b7,LATENT_INDEX_2013_STATE_SD,MODEL_AND_LENGTH_SENSITIVITY_ENVELOPE,-0.3948418670366486
OH,2002,0.2870904451326606,1.6082903635463446,-2.8651586674181746,4.449230668292137,MODEL_ESTIMATED,0,0,CPS_PARTICIPATION_AND_CEV_MEMBERSHIP_LATENT_MODEL,COMMON_SCALE_CPS_2013_ANCHOR,1,1,1,REGIME_BRIDGE_ASSUMPTION;EARLY_CPS_DESIGN_BREAKS;UNKNOWN_SAMPLING_SE_WAVES;BACKCAST;BACKCAST_MODEL_SENSITIVITY,S2_FINAL_20261002T002743Z|M2_L6|inherited_base_sha256:6552cee937979c00eae89960ca07a3f13358525826877809d2c0f1a2903f24b7,LATENT_INDEX_2013_STATE_SD,MODEL_AND_LENGTH_SENSITIVITY_ENVELOPE,-0.4040133172864457
OH,2003,0.24364853730526673,1.470359906304751,-2.638256879052045,4.011936032984672,MODEL_ESTIMATED,0,0,CPS_PARTICIPATION_AND_CEV_MEMBERSHIP_LATENT_MODEL,COMMON_SCALE_CPS_2013_ANCHOR,1,1,1,REGIME_BRIDGE_ASSUMPTION;EARLY_CPS_DESIGN_BREAKS;UNKNOWN_SAMPLING_SE_WAVES;BACKCAST;BACKCAST_MODEL_SENSITIVITY,S2_FINAL_20261002T002743Z|M2_L6|inherited_base_sha256:6552cee937979c00eae89960ca07a3f13358525826877809d2c0f1a2903f24b7,LATENT_INDEX_2013_STATE_SD,MODEL_AND_LENGTH_SENSITIVITY_ENVELOPE,-0.41321311299130586
OH,2004,0.2000485059286977,1.3290676444433538,-2.4049240771802753,3.5603471012085564,MODEL_ESTIMATED,0,0,CPS_PARTICIPATION_AND_CEV_MEMBERSHIP_LATENT_MODEL,COMMON_SCALE_CPS_2013_ANCHOR,1,1,1,REGIME_BRIDGE_ASSUMPTION;EARLY_CPS_DESIGN_BREAKS;UNKNOWN_SAMPLING_SE_WAVES;BACKCAST;BACKCAST_MODEL_SENSITIVITY,S2_FINAL_20261002T002743Z|M2_L6|inherited_base_sha256:6552cee937979c00eae89960ca07a3f13358525826877809d2c0f1a2903f24b7,LATENT_INDEX_2013_STATE_SD,MODEL_AND_LENGTH_SENSITIVITY_ENVELOPE,-0.42244639489466174
OH,2005,0.15626167365079194,1.1823172941031732,-2.161533199272658,3.0962307726416287,MODEL_ESTIMATED,0,0,CPS_PARTICIPATION_AND_CEV_MEMBERSHIP_LATENT_MODEL,COMMON_SCALE_CPS_2013_ANCHOR,1,1,1,REGIME_BRIDGE_ASSUMPTION;EARLY_CPS_DESIGN_BREAKS;UNKNOWN_SAMPLING_SE_WAVES;BACKCAST;BACKCAST_MODEL_SENSITIVITY,S2_FINAL_20261002T002743Z|M2_L6|inherited_base_sha256:6552cee937979c00eae89960ca07a3f13358525826877809d2c0f1a2903f24b7,LATENT_INDEX_2013_STATE_SD,MODEL_AND_LENGTH_SENSITIVITY_ENVELOPE,-0.4317192360672976
OH,2006,0.11225416218295714,1.0265052763516769,-1.9047296210403803,2.697181320949552,MODEL_ESTIMATED,0,0,CPS_PARTICIPATION_AND_CEV_MEMBERSHIP_LATENT_MODEL,COMMON_SCALE_CPS_2013_ANCHOR,1,1,1,REGIME_BRIDGE_ASSUMPTION;EARLY_CPS_DESIGN_BREAKS;UNKNOWN_SAMPLING_SE_WAVES;BACKCAST;BACKCAST_MODEL_SENSITIVITY,S2_FINAL_20261002T002743Z|M2_L6|inherited_base_sha256:6552cee937979c00eae89960ca07a3f13358525826877809d2c0f1a2903f24b7,LATENT_INDEX_2013_STATE_SD,MODEL_AND_LENGTH_SENSITIVITY_ENVELOPE,-0.4410388109946233
OH,2007,0.067985949056198,0.8547964981218468,-1.6155742210367783,2.255874932968889,MODEL_ESTIMATED,0,0,CPS_PARTICIPATION_AND_CEV_MEMBERSHIP_LATENT_MODEL,COMMON_SCALE_CPS_2013_ANCHOR,1,1,1,REGIME_BRIDGE_ASSUMPTION;EARLY_CPS_DESIGN_BREAKS;UNKNOWN_SAMPLING_SE_WAVES;BACKCAST;BACKCAST_MODEL_SENSITIVITY,S2_FINAL_20261002T002743Z|M2_L6|inherited_base_sha256:6552cee937979c00eae89960ca07a3f13358525826877809d2c0f1a2903f24b7,LATENT_INDEX_2013_STATE_SD,MODEL_AND_LENGTH_SENSITIVITY_ENVELOPE,-0.4504135953296838
OH,2008,0.02340975331001677,0.6516348840207754,-1.2674435589053037,1.6955942327795424,MODEL_ESTIMATED,0,0,CPS_PARTICIPATION_AND_CEV_MEMBERSHIP_LATENT_MODEL,COMMON_SCALE_CPS_2013_ANCHOR,1,1,1,REGIME_BRIDGE_ASSUMPTION;EARLY_CPS_DESIGN_BREAKS;UNKNOWN_SAMPLING_SE_WAVES;BACKCAST;BACKCAST_MODEL_SENSITIVITY;NO_DIRECT_OBSERVATION_AVAILABLE_IN_CURRENT_EVIDENCE,S2_FINAL_20261002T002743Z|M2_L6|inherited_base_sha256:6552cee937979c00eae89960ca07a3f13358525826877809d2c0f1a2903f24b7,LATENT_INDEX_2013_STATE_SD,MODEL_AND_LENGTH_SENSITIVITY_ENVELOPE,-0.4598536018734601
OH,2009,-0.021530280910595556,0.36089165149001823,-0.7644057783290534,0.7682062948466416,MODEL_ESTIMATED,0,1,CPS_PARTICIPATION_AND_CEV_MEMBERSHIP_LATENT_MODEL,COMMON_SCALE_CPS_2013_ANCHOR,1,0,1,REGIME_BRIDGE_ASSUMPTION;EARLY_CPS_DESIGN_BREAKS;UNKNOWN_SAMPLING_SE_WAVES,S2_FINAL_20261002T002743Z|M2_L6|inherited_base_sha256:6552cee937979c00eae89960ca07a3f13358525826877809d2c0f1a2903f24b7,LATENT_INDEX_2013_STATE_SD,MODEL_AND_LENGTH_SENSITIVITY_ENVELOPE,-0.4693706593526519
OH,2010,-0.46669365373065824,0.3147051455175355,-1.1022062890153805,0.20185150838749355,MODEL_ESTIMATED,0,1,CPS_PARTICIPATION_AND_CEV_MEMBERSHIP_LATENT_MODEL,COMMON_SCALE_CPS_2013_ANCHOR,1,0,1,REGIME_BRIDGE_ASSUMPTION;EARLY_CPS_DESIGN_BREAKS;UNKNOWN_SAMPLING_SE_WAVES,S2_FINAL_20261002T002743Z|M2_L6|inherited_base_sha256:6552cee937979c00eae89960ca07a3f13358525826877809d2c0f1a2903f24b7,LATENT_INDEX_2013_STATE_SD,MODEL_AND_LENGTH_SENSITIVITY_ENVELOPE,-0.5636439611031928
OH,2011,0.2171633218351175,0.28649712376892317,-0.39161024281790435,0.7937385316085924,MODEL_ESTIMATED,0,1,CPS_PARTICIPATION_AND_CEV_MEMBERSHIP_LATENT_MODEL,COMMON_SCALE_CPS_2013_ANCHOR,1,0,1,REGIME_BRIDGE_ASSUMPTION;EARLY_CPS_DESIGN_BREAKS;UNKNOWN_SAMPLING_SE_WAVES,S2_FINAL_20261002T002743Z|M2_L6|inherited_base_sha256:6552cee937979c00eae89960ca07a3f13358525826877809d2c0f1a2903f24b7,LATENT_INDEX_2013_STATE_SD,MODEL_AND_LENGTH_SENSITIVITY_ENVELOPE,-0.41882194979683235
OH,2012,-0.08491662159041605,0.4647646827535183,-1.2291985788674247,0.9550270253327986,MODEL_ESTIMATED,0,0,CPS_PARTICIPATION_AND_CEV_MEMBERSHIP_LATENT_MODEL,COMMON_SCALE_CPS_2013_ANCHOR,1,0,1,REGIME_BRIDGE_ASSUMPTION;EARLY_CPS_DESIGN_BREAKS;UNKNOWN_SAMPLING_SE_WAVES,S2_FINAL_20261002T002743Z|M2_L6|inherited_base_sha256:6552cee937979c00eae89960ca07a3f13358525826877809d2c0f1a2903f24b7,LATENT_INDEX_2013_STATE_SD,MODEL_AND_LENGTH_SENSITIVITY_ENVELOPE,-0.4827941348374301
OH,2013,-0.3856354784325861,0.3231511475366132,-1.100099694203155,0.25295427505347057,MODEL_ESTIMATED,0,1,CPS_PARTICIPATION_AND_CEV_MEMBERSHIP_LATENT_MODEL,COMMON_SCALE_CPS_2013_ANCHOR,1,0,1,REGIME_BRIDGE_ASSUMPTION;EARLY_CPS_DESIGN_BREAKS;UNKNOWN_SAMPLING_SE_WAVES,S2_FINAL_20261002T002743Z|M2_L6|inherited_base_sha256:6552cee937979c00eae89960ca07a3f13358525826877809d2c0f1a2903f24b7,LATENT_INDEX_2013_STATE_SD,MODEL_AND_LENGTH_SENSITIVITY_ENVELOPE,-0.5464780793487831
OH,2014,-0.27204553804299114,0.6856195671915052,-2.028953983351024,1.071768813652359,MODEL_ESTIMATED,0,0,CPS_PARTICIPATION_AND_CEV_MEMBERSHIP_LATENT_MODEL,COMMON_SCALE_CPS_2013_ANCHOR,1,0,1,REGIME_BRIDGE_ASSUMPTION;EARLY_CPS_DESIGN_BREAKS;UNKNOWN_SAMPLING_SE_WAVES;CPS_CEV_GAP,S2_FINAL_20261002T002743Z|M2_L6|inherited_base_sha256:6552cee937979c00eae89960ca07a3f13358525826877809d2c0f1a2903f24b7,LATENT_INDEX_2013_STATE_SD,MODEL_AND_LENGTH_SENSITIVITY_ENVELOPE,-0.5224228686553762
OH,2015,-0.15993409868489109,1.0073840502339126,-2.461527285463579,1.8145386397735777,MODEL_ESTIMATED,0,0,CPS_PARTICIPATION_AND_CEV_MEMBERSHIP_LATENT_MODEL,COMMON_SCALE_CPS_2013_ANCHOR,1,0,1,REGIME_BRIDGE_ASSUMPTION;EARLY_CPS_DESIGN_BREAKS;UNKNOWN_SAMPLING_SE_WAVES;CPS_CEV_GAP,S2_FINAL_20261002T002743Z|M2_L6|inherited_base_sha256:6552cee937979c00eae89960ca07a3f13358525826877809d2c0f1a2903f24b7,LATENT_INDEX_2013_STATE_SD,MODEL_AND_LENGTH_SENSITIVITY_ENVELOPE,-0.49868076362696967
OH,2016,-0.04499449749202133,1.3225927389660108,-2.6372762658654025,2.54728727088136,MODEL_ESTIMATED,0,0,CPS_PARTICIPATION_AND_CEV_MEMBERSHIP_LATENT_MODEL,COMMON_SCALE_CPS_2013_ANCHOR,1,0,1,REGIME_BRIDGE_ASSUMPTION;EARLY_CPS_DESIGN_BREAKS;UNKNOWN_SAMPLING_SE_WAVES;CPS_CEV_GAP,S2_FINAL_20261002T002743Z|M2_L6|inherited_base_sha256:6552cee937979c00eae89960ca07a3f13358525826877809d2c0f1a2903f24b7,LATENT_INDEX_2013_STATE_SD,MODEL_AND_LENGTH_SENSITIVITY_ENVELOPE,-0.4743397320688273
OH,2017,0.07715867047327969,1.642712133346144,-3.1425571108851624,3.296874451831722,MODEL_ESTIMATED,0,1,CPS_PARTICIPATION_AND_CEV_MEMBERSHIP_LATENT_MODEL,COMMON_SCALE_CPS_2013_ANCHOR,1,0,1,REGIME_BRIDGE_ASSUMPTION;EARLY_CPS_DESIGN_BREAKS;UNKNOWN_SAMPLING_SE_WAVES,S2_FINAL_20261002T002743Z|M2_L6|inherited_base_sha256:6552cee937979c00eae89960ca07a3f13358525826877809d2c0f1a2903f24b7,LATENT_INDEX_2013_STATE_SD,MODEL_AND_LENGTH_SENSITIVITY_ENVELOPE,-0.448471066391267
OH,2018,0.027047292820102778,1.6766463157506972,-3.2591794860512637,3.3132740716914695,MODEL_ESTIMATED,0,0,CPS_PARTICIPATION_AND_CEV_MEMBERSHIP_LATENT_MODEL,COMMON_SCALE_CPS_2013_ANCHOR,1,0,1,REGIME_BRIDGE_ASSUMPTION;EARLY_CPS_DESIGN_BREAKS;UNKNOWN_SAMPLING_SE_WAVES,S2_FINAL_20261002T002743Z|M2_L6|inherited_base_sha256:6552cee937979c00eae89960ca07a3f13358525826877809d2c0f1a2903f24b7,LATENT_INDEX_2013_STATE_SD,MODEL_AND_LENGTH_SENSITIVITY_ENVELOPE,-0.4590832715165588
OH,2019,-0.011474239155362363,1.6561745190535,-3.2575762965002224,3.2346278181894976,MODEL_ESTIMATED,0,1,CPS_PARTICIPATION_AND_CEV_MEMBERSHIP_LATENT_MODEL,COMMON_SCALE_CPS_2013_ANCHOR,1,0,1,REGIME_BRIDGE_ASSUMPTION;EARLY_CPS_DESIGN_BREAKS;UNKNOWN_SAMPLING_SE_WAVES,S2_FINAL_20261002T002743Z|M2_L6|inherited_base_sha256:6552cee937979c00eae89960ca07a3f13358525826877809d2c0f1a2903f24b7,LATENT_INDEX_2013_STATE_SD,MODEL_AND_LENGTH_SENSITIVITY_ENVELOPE,-0.4672410675742413
OH,2020,-0.3945896696547094,1.6882263570332057,-3.7035133294397924,2.9143339901303738,MODEL_ESTIMATED,0,0,CPS_PARTICIPATION_AND_CEV_MEMBERSHIP_LATENT_MODEL,COMMON_SCALE_CPS_2013_ANCHOR,1,0,1,REGIME_BRIDGE_ASSUMPTION;EARLY_CPS_DESIGN_BREAKS;UNKNOWN_SAMPLING_SE_WAVES,S2_FINAL_20261002T002743Z|M2_L6|inherited_base_sha256:6552cee937979c00eae89960ca07a3f13358525826877809d2c0f1a2903f24b7,LATENT_INDEX_2013_STATE_SD,MODEL_AND_LENGTH_SENSITIVITY_ENVELOPE,-0.5483743296302646
OH,2021,-0.7754840474135015,1.6595512533142904,-4.02820450390951,2.4772364090825074,MODEL_ESTIMATED,0,1,CPS_PARTICIPATION_AND_CEV_MEMBERSHIP_LATENT_MODEL,COMMON_SCALE_CPS_2013_ANCHOR,1,0,1,REGIME_BRIDGE_ASSUMPTION;EARLY_CPS_DESIGN_BREAKS;UNKNOWN_SAMPLING_SE_WAVES,S2_FINAL_20261002T002743Z|M2_L6|inherited_base_sha256:6552cee937979c00eae89960ca07a3f13358525826877809d2c0f1a2903f24b7,LATENT_INDEX_2013_STATE_SD,MODEL_AND_LENGTH_SENSITIVITY_ENVELOPE,-0.6290372340872613
OH,2022,-0.7154917379329846,1.6963204671264462,-4.040279853500819,2.60929637763485,MODEL_ESTIMATED,0,0,CPS_PARTICIPATION_AND_CEV_MEMBERSHIP_LATENT_MODEL,COMMON_SCALE_CPS_2013_ANCHOR,1,0,1,REGIME_BRIDGE_ASSUMPTION;EARLY_CPS_DESIGN_BREAKS;UNKNOWN_SAMPLING_SE_WAVES,S2_FINAL_20261002T002743Z|M2_L6|inherited_base_sha256:6552cee937979c00eae89960ca07a3f13358525826877809d2c0f1a2903f24b7,LATENT_INDEX_2013_STATE_SD,MODEL_AND_LENGTH_SENSITIVITY_ENVELOPE,-0.6163325206277048
OH,2023,-0.659842493847975,1.6661818061656097,-3.9255588339325698,2.60587384623662,MODEL_ESTIMATED,0,1,CPS_PARTICIPATION_AND_CEV_MEMBERSHIP_LATENT_MODEL,COMMON_SCALE_CPS_2013_ANCHOR,1,0,1,REGIME_BRIDGE_ASSUMPTION;EARLY_CPS_DESIGN_BREAKS;UNKNOWN_SAMPLING_SE_WAVES,S2_FINAL_20261002T002743Z|M2_L6|inherited_base_sha256:6552cee937979c00eae89960ca07a3f13358525826877809d2c0f1a2903f24b7,LATENT_INDEX_2013_STATE_SD,MODEL_AND_LENGTH_SENSITIVITY_ENVELOPE,-0.604547548412715
OK,2000,0.07969307886475958,1.8830061589117928,-3.6109989926023545,5.091112336728361,MODEL_ESTIMATED,0,0,CPS_PARTICIPATION_AND_CEV_MEMBERSHIP_LATENT_MODEL,COMMON_SCALE_CPS_2013_ANCHOR,1,1,1,REGIME_BRIDGE_ASSUMPTION;EARLY_CPS_DESIGN_BREAKS;UNKNOWN_SAMPLING_SE_WAVES;BACKCAST;BACKCAST_MODEL_SENSITIVITY,S2_FINAL_20261002T002743Z|M2_L6|inherited_base_sha256:6552cee937979c00eae89960ca07a3f13358525826877809d2c0f1a2903f24b7,LATENT_INDEX_2013_STATE_SD,MODEL_AND_LENGTH_SENSITIVITY_ENVELOPE,-0.44793434872391824
OK,2001,0.036717032455986384,1.7479603236364187,-3.3892852018713944,4.676826756091532,MODEL_ESTIMATED,0,0,CPS_PARTICIPATION_AND_CEV_MEMBERSHIP_LATENT_MODEL,COMMON_SCALE_CPS_2013_ANCHOR,1,1,1,REGIME_BRIDGE_ASSUMPTION;EARLY_CPS_DESIGN_BREAKS;UNKNOWN_SAMPLING_SE_WAVES;BACKCAST;BACKCAST_MODEL_SENSITIVITY,S2_FINAL_20261002T002743Z|M2_L6|inherited_base_sha256:6552cee937979c00eae89960ca07a3f13358525826877809d2c0f1a2903f24b7,LATENT_INDEX_2013_STATE_SD,MODEL_AND_LENGTH_SENSITIVITY_ENVELOPE,-0.45703548785284914
OK,2002,-0.006332648682746208,1.6115088582381716,-3.1648900108295623,4.254105050645474,MODEL_ESTIMATED,0,0,CPS_PARTICIPATION_AND_CEV_MEMBERSHIP_LATENT_MODEL,COMMON_SCALE_CPS_2013_ANCHOR,1,1,1,REGIME_BRIDGE_ASSUMPTION;EARLY_CPS_DESIGN_BREAKS;UNKNOWN_SAMPLING_SE_WAVES;BACKCAST;BACKCAST_MODEL_SENSITIVITY,S2_FINAL_20261002T002743Z|M2_L6|inherited_base_sha256:6552cee937979c00eae89960ca07a3f13358525826877809d2c0f1a2903f24b7,LATENT_INDEX_2013_STATE_SD,MODEL_AND_LENGTH_SENSITIVITY_ENVELOPE,-0.466152220782934
OK,2003,-0.049469318976463124,1.4727778460196945,-2.9361138971750647,3.820707522156561,MODEL_ESTIMATED,0,0,CPS_PARTICIPATION_AND_CEV_MEMBERSHIP_LATENT_MODEL,COMMON_SCALE_CPS_2013_ANCHOR,1,1,1,REGIME_BRIDGE_ASSUMPTION;EARLY_CPS_DESIGN_BREAKS;UNKNOWN_SAMPLING_SE_WAVES;BACKCAST;BACKCAST_MODEL_SENSITIVITY,S2_FINAL_20261002T002743Z|M2_L6|inherited_base_sha256:6552cee937979c00eae89960ca07a3f13358525826877809d2c0f1a2903f24b7,LATENT_INDEX_2013_STATE_SD,MODEL_AND_LENGTH_SENSITIVITY_ENVELOPE,-0.4752873756123879
OK,2004,-0.09270875481421528,1.3304342980670076,-2.70035997902555,3.373419836255215,MODEL_ESTIMATED,0,0,CPS_PARTICIPATION_AND_CEV_MEMBERSHIP_LATENT_MODEL,COMMON_SCALE_CPS_2013_ANCHOR,1,1,1,REGIME_BRIDGE_ASSUMPTION;EARLY_CPS_DESIGN_BREAKS;UNKNOWN_SAMPLING_SE_WAVES;BACKCAST;BACKCAST_MODEL_SENSITIVITY,S2_FINAL_20261002T002743Z|M2_L6|inherited_base_sha256:6552cee937979c00eae89960ca07a3f13358525826877809d2c0f1a2903f24b7,LATENT_INDEX_2013_STATE_SD,MODEL_AND_LENGTH_SENSITIVITY_ENVELOPE,-0.4844442933444836
OK,2005,-0.13606959379751593,1.1823673014175995,-2.453509504576011,2.9073602897577087,MODEL_ESTIMATED,0,0,CPS_PARTICIPATION_AND_CEV_MEMBERSHIP_LATENT_MODEL,COMMON_SCALE_CPS_2013_ANCHOR,1,1,1,REGIME_BRIDGE_ASSUMPTION;EARLY_CPS_DESIGN_BREAKS;UNKNOWN_SAMPLING_SE_WAVES;BACKCAST;BACKCAST_MODEL_SENSITIVITY,S2_FINAL_20261002T002743Z|M2_L6|inherited_base_sha256:6552cee937979c00eae89960ca07a3f13358525826877809d2c0f1a2903f24b7,LATENT_INDEX_2013_STATE_SD,MODEL_AND_LENGTH_SENSITIVITY_ENVELOPE,-0.49362692090823335
OK,2006,-0.17957385365095954,1.0250311973454802,-2.1886350004481008,2.4145011089940853,MODEL_ESTIMATED,0,0,CPS_PARTICIPATION_AND_CEV_MEMBERSHIP_LATENT_MODEL,COMMON_SCALE_CPS_2013_ANCHOR,1,1,1,REGIME_BRIDGE_ASSUMPTION;EARLY_CPS_DESIGN_BREAKS;UNKNOWN_SAMPLING_SE_WAVES;BACKCAST;BACKCAST_MODEL_SENSITIVITY,S2_FINAL_20261002T002743Z|M2_L6|inherited_base_sha256:6552cee937979c00eae89960ca07a3f13358525826877809d2c0f1a2903f24b7,LATENT_INDEX_2013_STATE_SD,MODEL_AND_LENGTH_SENSITIVITY_ENVELOPE,-0.5028399210493195
OK,2007,-0.2232475452427623,0.8518558892778295,-1.892885088227308,1.8799382932246056,MODEL_ESTIMATED,0,0,CPS_PARTICIPATION_AND_CEV_MEMBERSHIP_LATENT_MODEL,COMMON_SCALE_CPS_2013_ANCHOR,1,1,1,REGIME_BRIDGE_ASSUMPTION;EARLY_CPS_DESIGN_BREAKS;UNKNOWN_SAMPLING_SE_WAVES;BACKCAST;BACKCAST_MODEL_SENSITIVITY,S2_FINAL_20261002T002743Z|M2_L6|inherited_base_sha256:6552cee937979c00eae89960ca07a3f13358525826877809d2c0f1a2903f24b7,LATENT_INDEX_2013_STATE_SD,MODEL_AND_LENGTH_SENSITIVITY_ENVELOPE,-0.5120888021509062
OK,2008,-0.26712139678295826,0.6482095701421896,-1.611712839470019,1.2694313249761318,MODEL_ESTIMATED,0,0,CPS_PARTICIPATION_AND_CEV_MEMBERSHIP_LATENT_MODEL,COMMON_SCALE_CPS_2013_ANCHOR,1,1,1,REGIME_BRIDGE_ASSUMPTION;EARLY_CPS_DESIGN_BREAKS;UNKNOWN_SAMPLING_SE_WAVES;BACKCAST;BACKCAST_MODEL_SENSITIVITY;NO_DIRECT_OBSERVATION_AVAILABLE_IN_CURRENT_EVIDENCE,S2_FINAL_20261002T002743Z|M2_L6|inherited_base_sha256:6552cee937979c00eae89960ca07a3f13358525826877809d2c0f1a2903f24b7,LATENT_INDEX_2013_STATE_SD,MODEL_AND_LENGTH_SENSITIVITY_ENVELOPE,-0.5213800715988066
OK,2009,-0.3112317093624003,0.3625608665301413,-1.1030236795163595,0.44892152187752504,MODEL_ESTIMATED,0,1,CPS_PARTICIPATION_AND_CEV_MEMBERSHIP_LATENT_MODEL,COMMON_SCALE_CPS_2013_ANCHOR,1,0,1,REGIME_BRIDGE_ASSUMPTION;EARLY_CPS_DESIGN_BREAKS;UNKNOWN_SAMPLING_SE_WAVES,S2_FINAL_20261002T002743Z|M2_L6|inherited_base_sha256:6552cee937979c00eae89960ca07a3f13358525826877809d2c0f1a2903f24b7,LATENT_INDEX_2013_STATE_SD,MODEL_AND_LENGTH_SENSITIVITY_ENVELOPE,-0.5307214169610031
OK,2010,-0.28922934713654136,0.3287261335448071,-0.9398859870309967,0.38343076736982695,MODEL_ESTIMATED,0,1,CPS_PARTICIPATION_AND_CEV_MEMBERSHIP_LATENT_MODEL,COMMON_SCALE_CPS_2013_ANCHOR,1,0,1,REGIME_BRIDGE_ASSUMPTION;EARLY_CPS_DESIGN_BREAKS;UNKNOWN_SAMPLING_SE_WAVES,S2_FINAL_20261002T002743Z|M2_L6|inherited_base_sha256:6552cee937979c00eae89960ca07a3f13358525826877809d2c0f1a2903f24b7,LATENT_INDEX_2013_STATE_SD,MODEL_AND_LENGTH_SENSITIVITY_ENVELOPE,-0.526061924603842
OK,2011,0.7411500793111737,0.34647542862016645,0.06205823921564746,1.5116649561799516,MODEL_ESTIMATED,0,1,CPS_PARTICIPATION_AND_CEV_MEMBERSHIP_LATENT_MODEL,COMMON_SCALE_CPS_2013_ANCHOR,1,0,1,REGIME_BRIDGE_ASSUMPTION;EARLY_CPS_DESIGN_BREAKS;UNKNOWN_SAMPLING_SE_WAVES,S2_FINAL_20261002T002743Z|M2_L6|inherited_base_sha256:6552cee937979c00eae89960ca07a3f13358525826877809d2c0f1a2903f24b7,LATENT_INDEX_2013_STATE_SD,MODEL_AND_LENGTH_SENSITIVITY_ENVELOPE,-0.30785603319884963
OK,2012,0.39596588329315535,0.49751325810115066,-0.80089769954128,1.4952278801126941,MODEL_ESTIMATED,0,0,CPS_PARTICIPATION_AND_CEV_MEMBERSHIP_LATENT_MODEL,COMMON_SCALE_CPS_2013_ANCHOR,1,0,1,REGIME_BRIDGE_ASSUMPTION;EARLY_CPS_DESIGN_BREAKS;UNKNOWN_SAMPLING_SE_WAVES,S2_FINAL_20261002T002743Z|M2_L6|inherited_base_sha256:6552cee937979c00eae89960ca07a3f13358525826877809d2c0f1a2903f24b7,LATENT_INDEX_2013_STATE_SD,MODEL_AND_LENGTH_SENSITIVITY_ENVELOPE,-0.3809565078955359
OK,2013,0.07374795654258397,0.3846480623254839,-0.7738240840995245,0.8382408357395811,MODEL_ESTIMATED,0,1,CPS_PARTICIPATION_AND_CEV_MEMBERSHIP_LATENT_MODEL,COMMON_SCALE_CPS_2013_ANCHOR,1,0,1,REGIME_BRIDGE_ASSUMPTION;EARLY_CPS_DESIGN_BREAKS;UNKNOWN_SAMPLING_SE_WAVES,S2_FINAL_20261002T002743Z|M2_L6|inherited_base_sha256:6552cee937979c00eae89960ca07a3f13358525826877809d2c0f1a2903f24b7,LATENT_INDEX_2013_STATE_SD,MODEL_AND_LENGTH_SENSITIVITY_ENVELOPE,-0.4491933613580257
OK,2014,-0.0549045405150249,0.7130324821751234,-1.9006464374177559,1.342639124548217,MODEL_ESTIMATED,0,0,CPS_PARTICIPATION_AND_CEV_MEMBERSHIP_LATENT_MODEL,COMMON_SCALE_CPS_2013_ANCHOR,1,0,1,REGIME_BRIDGE_ASSUMPTION;EARLY_CPS_DESIGN_BREAKS;UNKNOWN_SAMPLING_SE_WAVES;CPS_CEV_GAP,S2_FINAL_20261002T002743Z|M2_L6|inherited_base_sha256:6552cee937979c00eae89960ca07a3f13358525826877809d2c0f1a2903f24b7,LATENT_INDEX_2013_STATE_SD,MODEL_AND_LENGTH_SENSITIVITY_ENVELOPE,-0.4764384053499422
OK,2015,-0.17077348329987196,1.0238356373847015,-2.55250492058673,1.8359443659741428,MODEL_ESTIMATED,0,0,CPS_PARTICIPATION_AND_CEV_MEMBERSHIP_LATENT_MODEL,COMMON_SCALE_CPS_2013_ANCHOR,1,0,1,REGIME_BRIDGE_ASSUMPTION;EARLY_CPS_DESIGN_BREAKS;UNKNOWN_SAMPLING_SE_WAVES;CPS_CEV_GAP,S2_FINAL_20261002T002743Z|M2_L6|inherited_base_sha256:6552cee937979c00eae89960ca07a3f13358525826877809d2c0f1a2903f24b7,LATENT_INDEX_2013_STATE_SD,MODEL_AND_LENGTH_SENSITIVITY_ENVELOPE,-0.500976245777994
OK,2016,-0.27589967015105316,1.3312582786498945,-2.9293491462684775,2.33336655600274,MODEL_ESTIMATED,0,0,CPS_PARTICIPATION_AND_CEV_MEMBERSHIP_LATENT_MODEL,COMMON_SCALE_CPS_2013_ANCHOR,1,0,1,REGIME_BRIDGE_ASSUMPTION;EARLY_CPS_DESIGN_BREAKS;UNKNOWN_SAMPLING_SE_WAVES;CPS_CEV_GAP,S2_FINAL_20261002T002743Z|M2_L6|inherited_base_sha256:6552cee937979c00eae89960ca07a3f13358525826877809d2c0f1a2903f24b7,LATENT_INDEX_2013_STATE_SD,MODEL_AND_LENGTH_SENSITIVITY_ENVELOPE,-0.523239067339711
OK,2017,-0.3720247981170621,1.6455259422372541,-3.59725564490208,2.853206048667956,MODEL_ESTIMATED,0,1,CPS_PARTICIPATION_AND_CEV_MEMBERSHIP_LATENT_MODEL,COMMON_SCALE_CPS_2013_ANCHOR,1,0,1,REGIME_BRIDGE_ASSUMPTION;EARLY_CPS_DESIGN_BREAKS;UNKNOWN_SAMPLING_SE_WAVES,S2_FINAL_20261002T002743Z|M2_L6|inherited_base_sha256:6552cee937979c00eae89960ca07a3f13358525826877809d2c0f1a2903f24b7,LATENT_INDEX_2013_STATE_SD,MODEL_AND_LENGTH_SENSITIVITY_ENVELOPE,-0.5435957133439452
OK,2018,-0.5562847949517751,1.675878476541039,-3.8410066089722115,2.7284370190686618,MODEL_ESTIMATED,0,0,CPS_PARTICIPATION_AND_CEV_MEMBERSHIP_LATENT_MODEL,COMMON_SCALE_CPS_2013_ANCHOR,1,0,1,REGIME_BRIDGE_ASSUMPTION;EARLY_CPS_DESIGN_BREAKS;UNKNOWN_SAMPLING_SE_WAVES,S2_FINAL_20261002T002743Z|M2_L6|inherited_base_sha256:6552cee937979c00eae89960ca07a3f13358525826877809d2c0f1a2903f24b7,LATENT_INDEX_2013_STATE_SD,MODEL_AND_LENGTH_SENSITIVITY_ENVELOPE,-0.5826168892599026
OK,2019,-0.7369797727156226,1.6549470738586198,-3.980676037478517,2.506716492047272,MODEL_ESTIMATED,0,1,CPS_PARTICIPATION_AND_CEV_MEMBERSHIP_LATENT_MODEL,COMMON_SCALE_CPS_2013_ANCHOR,1,0,1,REGIME_BRIDGE_ASSUMPTION;EARLY_CPS_DESIGN_BREAKS;UNKNOWN_SAMPLING_SE_WAVES,S2_FINAL_20261002T002743Z|M2_L6|inherited_base_sha256:6552cee937979c00eae89960ca07a3f13358525826877809d2c0f1a2903f24b7,LATENT_INDEX_2013_STATE_SD,MODEL_AND_LENGTH_SENSITIVITY_ENVELOPE,-0.620883092644124
OK,2020,-1.2298058353294135,1.6873139054773372,-4.536941090064994,2.0773294194061673,MODEL_ESTIMATED,0,0,CPS_PARTICIPATION_AND_CEV_MEMBERSHIP_LATENT_MODEL,COMMON_SCALE_CPS_2013_ANCHOR,1,0,1,REGIME_BRIDGE_ASSUMPTION;EARLY_CPS_DESIGN_BREAKS;UNKNOWN_SAMPLING_SE_WAVES,S2_FINAL_20261002T002743Z|M2_L6|inherited_base_sha256:6552cee937979c00eae89960ca07a3f13358525826877809d2c0f1a2903f24b7,LATENT_INDEX_2013_STATE_SD,MODEL_AND_LENGTH_SENSITIVITY_ENVELOPE,-0.7252500350926897
OK,2021,-1.7354486630050665,1.665999200354124,-5.000807095699149,1.5299097696890163,MODEL_ESTIMATED,0,1,CPS_PARTICIPATION_AND_CEV_MEMBERSHIP_LATENT_MODEL,COMMON_SCALE_CPS_2013_ANCHOR,1,0,1,REGIME_BRIDGE_ASSUMPTION;EARLY_CPS_DESIGN_BREAKS;UNKNOWN_SAMPLING_SE_WAVES,S2_FINAL_20261002T002743Z|M2_L6|inherited_base_sha256:6552cee937979c00eae89960ca07a3f13358525826877809d2c0f1a2903f24b7,LATENT_INDEX_2013_STATE_SD,MODEL_AND_LENGTH_SENSITIVITY_ENVELOPE,-0.8323312142325816
OK,2022,-1.5499981527640987,1.6942140797696832,-4.870657749112677,1.7706614435844803,MODEL_ESTIMATED,0,0,CPS_PARTICIPATION_AND_CEV_MEMBERSHIP_LATENT_MODEL,COMMON_SCALE_CPS_2013_ANCHOR,1,0,1,REGIME_BRIDGE_ASSUMPTION;EARLY_CPS_DESIGN_BREAKS;UNKNOWN_SAMPLING_SE_WAVES,S2_FINAL_20261002T002743Z|M2_L6|inherited_base_sha256:6552cee937979c00eae89960ca07a3f13358525826877809d2c0f1a2903f24b7,LATENT_INDEX_2013_STATE_SD,MODEL_AND_LENGTH_SENSITIVITY_ENVELOPE,-0.7930579204730672
OK,2023,-1.3839087647403048,1.6626119604061793,-4.642628207136417,1.8748106776558067,MODEL_ESTIMATED,0,1,CPS_PARTICIPATION_AND_CEV_MEMBERSHIP_LATENT_MODEL,COMMON_SCALE_CPS_2013_ANCHOR,1,0,1,REGIME_BRIDGE_ASSUMPTION;EARLY_CPS_DESIGN_BREAKS;UNKNOWN_SAMPLING_SE_WAVES,S2_FINAL_20261002T002743Z|M2_L6|inherited_base_sha256:6552cee937979c00eae89960ca07a3f13358525826877809d2c0f1a2903f24b7,LATENT_INDEX_2013_STATE_SD,MODEL_AND_LENGTH_SENSITIVITY_ENVELOPE,-0.7578847774187784
OR,2000,1.448098771492944,1.8926891501073506,-2.3106093479135024,6.216944627864855,MODEL_ESTIMATED,0,0,CPS_PARTICIPATION_AND_CEV_MEMBERSHIP_LATENT_MODEL,COMMON_SCALE_CPS_2013_ANCHOR,1,1,1,REGIME_BRIDGE_ASSUMPTION;EARLY_CPS_DESIGN_BREAKS;UNKNOWN_SAMPLING_SE_WAVES;BACKCAST;BACKCAST_MODEL_SENSITIVITY,S2_FINAL_20261002T002743Z|M2_L6|inherited_base_sha256:6552cee937979c00eae89960ca07a3f13358525826877809d2c0f1a2903f24b7,LATENT_INDEX_2013_STATE_SD,MODEL_AND_LENGTH_SENSITIVITY_ENVELOPE,-0.15814383437619145
OR,2001,1.4014870788017313,1.758894212000923,-2.1038379548201247,5.807959656161294,MODEL_ESTIMATED,0,0,CPS_PARTICIPATION_AND_CEV_MEMBERSHIP_LATENT_MODEL,COMMON_SCALE_CPS_2013_ANCHOR,1,1,1,REGIME_BRIDGE_ASSUMPTION;EARLY_CPS_DESIGN_BREAKS;UNKNOWN_SAMPLING_SE_WAVES;BACKCAST;BACKCAST_MODEL_SENSITIVITY,S2_FINAL_20261002T002743Z|M2_L6|inherited_base_sha256:6552cee937979c00eae89960ca07a3f13358525826877809d2c0f1a2903f24b7,LATENT_INDEX_2013_STATE_SD,MODEL_AND_LENGTH_SENSITIVITY_ENVELOPE,-0.16801490292872118
OR,2002,1.354142389069747,1.6235934434224866,-1.8904103167618544,5.390973377121779,MODEL_ESTIMATED,0,0,CPS_PARTICIPATION_AND_CEV_MEMBERSHIP_LATENT_MODEL,COMMON_SCALE_CPS_2013_ANCHOR,1,1,1,REGIME_BRIDGE_ASSUMPTION;EARLY_CPS_DESIGN_BREAKS;UNKNOWN_SAMPLING_SE_WAVES;BACKCAST;BACKCAST_MODEL_SENSITIVITY,S2_FINAL_20261002T002743Z|M2_L6|inherited_base_sha256:6552cee937979c00eae89960ca07a3f13358525826877809d2c0f1a2903f24b7,LATENT_INDEX_2013_STATE_SD,MODEL_AND_LENGTH_SENSITIVITY_ENVELOPE,-0.17804120000054519
OR,2003,1.30593176565104,1.4858166716241057,-1.668506209707493,4.9839154707914375,MODEL_ESTIMATED,0,0,CPS_PARTICIPATION_AND_CEV_MEMBERSHIP_LATENT_MODEL,COMMON_SCALE_CPS_2013_ANCHOR,1,1,1,REGIME_BRIDGE_ASSUMPTION;EARLY_CPS_DESIGN_BREAKS;UNKNOWN_SAMPLING_SE_WAVES;BACKCAST;BACKCAST_MODEL_SENSITIVITY,S2_FINAL_20261002T002743Z|M2_L6|inherited_base_sha256:6552cee937979c00eae89960ca07a3f13358525826877809d2c0f1a2903f24b7,LATENT_INDEX_2013_STATE_SD,MODEL_AND_LENGTH_SENSITIVITY_ENVELOPE,-0.18825087790001283
OR,2004,1.2566981624546882,1.3440865585633945,-1.435514096034491,4.618134820047787,MODEL_ESTIMATED,0,0,CPS_PARTICIPATION_AND_CEV_MEMBERSHIP_LATENT_MODEL,COMMON_SCALE_CPS_2013_ANCHOR,1,1,1,REGIME_BRIDGE_ASSUMPTION;EARLY_CPS_DESIGN_BREAKS;UNKNOWN_SAMPLING_SE_WAVES;BACKCAST;BACKCAST_MODEL_SENSITIVITY,S2_FINAL_20261002T002743Z|M2_L6|inherited_base_sha256:6552cee937979c00eae89960ca07a3f13358525826877809d2c0f1a2903f24b7,LATENT_INDEX_2013_STATE_SD,MODEL_AND_LENGTH_SENSITIVITY_ENVELOPE,-0.19867719464973368
OR,2005,1.2062560514458478,1.1960733679017699,-1.187477154846277,4.249133551836184,MODEL_ESTIMATED,0,0,CPS_PARTICIPATION_AND_CEV_MEMBERSHIP_LATENT_MODEL,COMMON_SCALE_CPS_2013_ANCHOR,1,1,1,REGIME_BRIDGE_ASSUMPTION;EARLY_CPS_DESIGN_BREAKS;UNKNOWN_SAMPLING_SE_WAVES;BACKCAST;BACKCAST_MODEL_SENSITIVITY,S2_FINAL_20261002T002743Z|M2_L6|inherited_base_sha256:6552cee937979c00eae89960ca07a3f13358525826877809d2c0f1a2903f24b7,LATENT_INDEX_2013_STATE_SD,MODEL_AND_LENGTH_SENSITIVITY_ENVELOPE,-0.20935943996103618
OR,2006,1.1543862571486965,1.0378884150643648,-0.9179249964364273,3.8391658793045194,MODEL_ESTIMATED,0,0,CPS_PARTICIPATION_AND_CEV_MEMBERSHIP_LATENT_MODEL,COMMON_SCALE_CPS_2013_ANCHOR,1,1,1,REGIME_BRIDGE_ASSUMPTION;EARLY_CPS_DESIGN_BREAKS;UNKNOWN_SAMPLING_SE_WAVES;BACKCAST;BACKCAST_MODEL_SENSITIVITY,S2_FINAL_20261002T002743Z|M2_L6|inherited_base_sha256:6552cee937979c00eae89960ca07a3f13358525826877809d2c0f1a2903f24b7,LATENT_INDEX_2013_STATE_SD,MODEL_AND_LENGTH_SENSITIVITY_ENVELOPE,-0.22034402914351225
OR,2007,1.100829854332638,0.8623756214122978,-0.6149821105500185,3.3595246041978277,MODEL_ESTIMATED,0,0,CPS_PARTICIPATION_AND_CEV_MEMBERSHIP_LATENT_MODEL,COMMON_SCALE_CPS_2013_ANCHOR,1,1,1,REGIME_BRIDGE_ASSUMPTION;EARLY_CPS_DESIGN_BREAKS;UNKNOWN_SAMPLING_SE_WAVES;BACKCAST;BACKCAST_MODEL_SENSITIVITY,S2_FINAL_20261002T002743Z|M2_L6|inherited_base_sha256:6552cee937979c00eae89960ca07a3f13358525826877809d2c0f1a2903f24b7,LATENT_INDEX_2013_STATE_SD,MODEL_AND_LENGTH_SENSITIVITY_ENVELOPE,-0.23168579540646267
OR,2008,1.0452809589803305,0.653641520338685,-0.2520443222784609,2.7457656603060014,MODEL_ESTIMATED,0,0,CPS_PARTICIPATION_AND_CEV_MEMBERSHIP_LATENT_MODEL,COMMON_SCALE_CPS_2013_ANCHOR,1,1,1,REGIME_BRIDGE_ASSUMPTION;EARLY_CPS_DESIGN_BREAKS;UNKNOWN_SAMPLING_SE_WAVES;BACKCAST;BACKCAST_MODEL_SENSITIVITY;NO_DIRECT_OBSERVATION_AVAILABLE_IN_CURRENT_EVIDENCE,S2_FINAL_20261002T002743Z|M2_L6|inherited_base_sha256:6552cee937979c00eae89960ca07a3f13358525826877809d2c0f1a2903f24b7,LATENT_INDEX_2013_STATE_SD,MODEL_AND_LENGTH_SENSITIVITY_ENVELOPE,-0.2434495165326705
OR,2009,0.9873782118227747,0.35428791546031474,0.2661703602636031,1.7439906582661968,MODEL_ESTIMATED,0,1,CPS_PARTICIPATION_AND_CEV_MEMBERSHIP_LATENT_MODEL,COMMON_SCALE_CPS_2013_ANCHOR,1,0,1,REGIME_BRIDGE_ASSUMPTION;EARLY_CPS_DESIGN_BREAKS;UNKNOWN_SAMPLING_SE_WAVES,S2_FINAL_20261002T002743Z|M2_L6|inherited_base_sha256:6552cee937979c00eae89960ca07a3f13358525826877809d2c0f1a2903f24b7,LATENT_INDEX_2013_STATE_SD,MODEL_AND_LENGTH_SENSITIVITY_ENVELOPE,-0.2557117184303454
OR,2010,0.6419854712283758,0.31546946663006986,-0.009687563348994522,1.26762696211868,MODEL_ESTIMATED,0,1,CPS_PARTICIPATION_AND_CEV_MEMBERSHIP_LATENT_MODEL,COMMON_SCALE_CPS_2013_ANCHOR,1,0,1,REGIME_BRIDGE_ASSUMPTION;EARLY_CPS_DESIGN_BREAKS;UNKNOWN_SAMPLING_SE_WAVES,S2_FINAL_20261002T002743Z|M2_L6|inherited_base_sha256:6552cee937979c00eae89960ca07a3f13358525826877809d2c0f1a2903f24b7,LATENT_INDEX_2013_STATE_SD,MODEL_AND_LENGTH_SENSITIVITY_ENVELOPE,-0.3288563571058717
OR,2011,1.554589887490607,0.2938782165756559,0.9394464136781532,2.1428625191909276,MODEL_ESTIMATED,0,1,CPS_PARTICIPATION_AND_CEV_MEMBERSHIP_LATENT_MODEL,COMMON_SCALE_CPS_2013_ANCHOR,1,0,1,REGIME_BRIDGE_ASSUMPTION;EARLY_CPS_DESIGN_BREAKS;UNKNOWN_SAMPLING_SE_WAVES,S2_FINAL_20261002T002743Z|M2_L6|inherited_base_sha256:6552cee937979c00eae89960ca07a3f13358525826877809d2c0f1a2903f24b7,LATENT_INDEX_2013_STATE_SD,MODEL_AND_LENGTH_SENSITIVITY_ENVELOPE,-0.13559195853653777
OR,2012,1.393790500157583,0.4892230503199147,0.1983363986466203,2.4703271852021085,MODEL_ESTIMATED,0,0,CPS_PARTICIPATION_AND_CEV_MEMBERSHIP_LATENT_MODEL,COMMON_SCALE_CPS_2013_ANCHOR,1,0,1,REGIME_BRIDGE_ASSUMPTION;EARLY_CPS_DESIGN_BREAKS;UNKNOWN_SAMPLING_SE_WAVES,S2_FINAL_20261002T002743Z|M2_L6|inherited_base_sha256:6552cee937979c00eae89960ca07a3f13358525826877809d2c0f1a2903f24b7,LATENT_INDEX_2013_STATE_SD,MODEL_AND_LENGTH_SENSITIVITY_ENVELOPE,-0.16964482561613836
OR,2013,1.2450814745845646,0.4044523658605155,0.3317114889655548,2.0600218436875077,MODEL_ESTIMATED,0,1,CPS_PARTICIPATION_AND_CEV_MEMBERSHIP_LATENT_MODEL,COMMON_SCALE_CPS_2013_ANCHOR,1,0,1,REGIME_BRIDGE_ASSUMPTION;EARLY_CPS_DESIGN_BREAKS;UNKNOWN_SAMPLING_SE_WAVES,S2_FINAL_20261002T002743Z|M2_L6|inherited_base_sha256:6552cee937979c00eae89960ca07a3f13358525826877809d2c0f1a2903f24b7,LATENT_INDEX_2013_STATE_SD,MODEL_AND_LENGTH_SENSITIVITY_ENVELOPE,-0.201137288152001
OR,2014,1.3662102262409317,0.717718757070168,-0.47988682075224354,2.772938990098461,MODEL_ESTIMATED,0,0,CPS_PARTICIPATION_AND_CEV_MEMBERSHIP_LATENT_MODEL,COMMON_SCALE_CPS_2013_ANCHOR,1,0,1,REGIME_BRIDGE_ASSUMPTION;EARLY_CPS_DESIGN_BREAKS;UNKNOWN_SAMPLING_SE_WAVES;CPS_CEV_GAP,S2_FINAL_20261002T002743Z|M2_L6|inherited_base_sha256:6552cee937979c00eae89960ca07a3f13358525826877809d2c0f1a2903f24b7,LATENT_INDEX_2013_STATE_SD,MODEL_AND_LENGTH_SENSITIVITY_ENVELOPE,-0.17548556554232725
OR,2015,1.5010319273267407,1.0251185710593793,-0.8587124917401514,3.5102643266031244,MODEL_ESTIMATED,0,0,CPS_PARTICIPATION_AND_CEV_MEMBERSHIP_LATENT_MODEL,COMMON_SCALE_CPS_2013_ANCHOR,1,0,1,REGIME_BRIDGE_ASSUMPTION;EARLY_CPS_DESIGN_BREAKS;UNKNOWN_SAMPLING_SE_WAVES;CPS_CEV_GAP,S2_FINAL_20261002T002743Z|M2_L6|inherited_base_sha256:6552cee937979c00eae89960ca07a3f13358525826877809d2c0f1a2903f24b7,LATENT_INDEX_2013_STATE_SD,MODEL_AND_LENGTH_SENSITIVITY_ENVELOPE,-0.1469340546027217
OR,2016,1.654485542943759,1.3319483989985028,-0.9561333190933063,4.265104404980825,MODEL_ESTIMATED,0,0,CPS_PARTICIPATION_AND_CEV_MEMBERSHIP_LATENT_MODEL,COMMON_SCALE_CPS_2013_ANCHOR,1,0,1,REGIME_BRIDGE_ASSUMPTION;EARLY_CPS_DESIGN_BREAKS;UNKNOWN_SAMPLING_SE_WAVES;CPS_CEV_GAP,S2_FINAL_20261002T002743Z|M2_L6|inherited_base_sha256:6552cee937979c00eae89960ca07a3f13358525826877809d2c0f1a2903f24b7,LATENT_INDEX_2013_STATE_SD,MODEL_AND_LENGTH_SENSITIVITY_ENVELOPE,-0.11443681899654312
OR,2017,1.8320287905247887,1.6440064587224235,-1.3902238685711612,5.054281449620738,MODEL_ESTIMATED,0,1,CPS_PARTICIPATION_AND_CEV_MEMBERSHIP_LATENT_MODEL,COMMON_SCALE_CPS_2013_ANCHOR,1,0,1,REGIME_BRIDGE_ASSUMPTION;EARLY_CPS_DESIGN_BREAKS;UNKNOWN_SAMPLING_SE_WAVES,S2_FINAL_20261002T002743Z|M2_L6|inherited_base_sha256:6552cee937979c00eae89960ca07a3f13358525826877809d2c0f1a2903f24b7,LATENT_INDEX_2013_STATE_SD,MODEL_AND_LENGTH_SENSITIVITY_ENVELOPE,-0.07683806497743645
OR,2018,1.6255558381246282,1.6794757928951596,-1.6662167159498846,4.917328392199141,MODEL_ESTIMATED,0,0,CPS_PARTICIPATION_AND_CEV_MEMBERSHIP_LATENT_MODEL,COMMON_SCALE_CPS_2013_ANCHOR,1,0,1,REGIME_BRIDGE_ASSUMPTION;EARLY_CPS_DESIGN_BREAKS;UNKNOWN_SAMPLING_SE_WAVES,S2_FINAL_20261002T002743Z|M2_L6|inherited_base_sha256:6552cee937979c00eae89960ca07a3f13358525826877809d2c0f1a2903f24b7,LATENT_INDEX_2013_STATE_SD,MODEL_AND_LENGTH_SENSITIVITY_ENVELOPE,-0.12056333110083162
OR,2019,1.4447375343168523,1.6610724300708253,-1.810964428621965,4.70043949725567,MODEL_ESTIMATED,0,1,CPS_PARTICIPATION_AND_CEV_MEMBERSHIP_LATENT_MODEL,COMMON_SCALE_CPS_2013_ANCHOR,1,0,1,REGIME_BRIDGE_ASSUMPTION;EARLY_CPS_DESIGN_BREAKS;UNKNOWN_SAMPLING_SE_WAVES,S2_FINAL_20261002T002743Z|M2_L6|inherited_base_sha256:6552cee937979c00eae89960ca07a3f13358525826877809d2c0f1a2903f24b7,LATENT_INDEX_2013_STATE_SD,MODEL_AND_LENGTH_SENSITIVITY_ENVELOPE,-0.158855651533451
OR,2020,1.0180849633623035,1.6909203531957226,-2.296118928901313,4.33228885562592,MODEL_ESTIMATED,0,0,CPS_PARTICIPATION_AND_CEV_MEMBERSHIP_LATENT_MODEL,COMMON_SCALE_CPS_2013_ANCHOR,1,0,1,REGIME_BRIDGE_ASSUMPTION;EARLY_CPS_DESIGN_BREAKS;UNKNOWN_SAMPLING_SE_WAVES,S2_FINAL_20261002T002743Z|M2_L6|inherited_base_sha256:6552cee937979c00eae89960ca07a3f13358525826877809d2c0f1a2903f24b7,LATENT_INDEX_2013_STATE_SD,MODEL_AND_LENGTH_SENSITIVITY_ENVELOPE,-0.2492088769334665
OR,2021,0.6025442346772942,1.6597211458885985,-2.6505092112643585,3.8555976806189474,MODEL_ESTIMATED,0,1,CPS_PARTICIPATION_AND_CEV_MEMBERSHIP_LATENT_MODEL,COMMON_SCALE_CPS_2013_ANCHOR,1,0,1,REGIME_BRIDGE_ASSUMPTION;EARLY_CPS_DESIGN_BREAKS;UNKNOWN_SAMPLING_SE_WAVES,S2_FINAL_20261002T002743Z|M2_L6|inherited_base_sha256:6552cee937979c00eae89960ca07a3f13358525826877809d2c0f1a2903f24b7,LATENT_INDEX_2013_STATE_SD,MODEL_AND_LENGTH_SENSITIVITY_ENVELOPE,-0.3372089211796854
OR,2022,0.6342550264133652,1.695714752248948,-2.689345887994573,3.9578559408213034,MODEL_ESTIMATED,0,0,CPS_PARTICIPATION_AND_CEV_MEMBERSHIP_LATENT_MODEL,COMMON_SCALE_CPS_2013_ANCHOR,1,0,1,REGIME_BRIDGE_ASSUMPTION;EARLY_CPS_DESIGN_BREAKS;UNKNOWN_SAMPLING_SE_WAVES,S2_FINAL_20261002T002743Z|M2_L6|inherited_base_sha256:6552cee937979c00eae89960ca07a3f13358525826877809d2c0f1a2903f24b7,LATENT_INDEX_2013_STATE_SD,MODEL_AND_LENGTH_SENSITIVITY_ENVELOPE,-0.3304934517124982
OR,2023,0.6687614958946775,1.6645191002765019,-2.593695940647266,3.9312189324366207,MODEL_ESTIMATED,0,1,CPS_PARTICIPATION_AND_CEV_MEMBERSHIP_LATENT_MODEL,COMMON_SCALE_CPS_2013_ANCHOR,1,0,1,REGIME_BRIDGE_ASSUMPTION;EARLY_CPS_DESIGN_BREAKS;UNKNOWN_SAMPLING_SE_WAVES,S2_FINAL_20261002T002743Z|M2_L6|inherited_base_sha256:6552cee937979c00eae89960ca07a3f13358525826877809d2c0f1a2903f24b7,LATENT_INDEX_2013_STATE_SD,MODEL_AND_LENGTH_SENSITIVITY_ENVELOPE,-0.32318593494814735
PA,2000,0.5184249742826331,1.8889511037260687,-3.245653066231096,5.278756389874981,MODEL_ESTIMATED,0,0,CPS_PARTICIPATION_AND_CEV_MEMBERSHIP_LATENT_MODEL,COMMON_SCALE_CPS_2013_ANCHOR,1,1,1,REGIME_BRIDGE_ASSUMPTION;EARLY_CPS_DESIGN_BREAKS;UNKNOWN_SAMPLING_SE_WAVES;BACKCAST;BACKCAST_MODEL_SENSITIVITY,S2_FINAL_20261002T002743Z|M2_L6|inherited_base_sha256:6552cee937979c00eae89960ca07a3f13358525826877809d2c0f1a2903f24b7,LATENT_INDEX_2013_STATE_SD,MODEL_AND_LENGTH_SENSITIVITY_ENVELOPE,-0.3550230561746227
PA,2001,0.4522554980585069,1.7565899899475104,-3.0651176701711647,4.843110850714744,MODEL_ESTIMATED,0,0,CPS_PARTICIPATION_AND_CEV_MEMBERSHIP_LATENT_MODEL,COMMON_SCALE_CPS_2013_ANCHOR,1,1,1,REGIME_BRIDGE_ASSUMPTION;EARLY_CPS_DESIGN_BREAKS;UNKNOWN_SAMPLING_SE_WAVES;BACKCAST;BACKCAST_MODEL_SENSITIVITY,S2_FINAL_20261002T002743Z|M2_L6|inherited_base_sha256:6552cee937979c00eae89960ca07a3f13358525826877809d2c0f1a2903f24b7,LATENT_INDEX_2013_STATE_SD,MODEL_AND_LENGTH_SENSITIVITY_ENVELOPE,-0.3690359228649686
PA,2002,0.3818060170973406,1.6228429552483103,-2.8801726858818233,4.399785226552909,MODEL_ESTIMATED,0,0,CPS_PARTICIPATION_AND_CEV_MEMBERSHIP_LATENT_MODEL,COMMON_SCALE_CPS_2013_ANCHOR,1,1,1,REGIME_BRIDGE_ASSUMPTION;EARLY_CPS_DESIGN_BREAKS;UNKNOWN_SAMPLING_SE_WAVES;BACKCAST;BACKCAST_MODEL_SENSITIVITY,S2_FINAL_20261002T002743Z|M2_L6|inherited_base_sha256:6552cee937979c00eae89960ca07a3f13358525826877809d2c0f1a2903f24b7,LATENT_INDEX_2013_STATE_SD,MODEL_AND_LENGTH_SENSITIVITY_ENVELOPE,-0.38395517629488984
PA,2003,0.3063003079729589,1.4865993293038497,-2.689178455280926,3.9823423975629058,MODEL_ESTIMATED,0,0,CPS_PARTICIPATION_AND_CEV_MEMBERSHIP_LATENT_MODEL,COMMON_SCALE_CPS_2013_ANCHOR,1,1,1,REGIME_BRIDGE_ASSUMPTION;EARLY_CPS_DESIGN_BREAKS;UNKNOWN_SAMPLING_SE_WAVES;BACKCAST;BACKCAST_MODEL_SENSITIVITY,S2_FINAL_20261002T002743Z|M2_L6|inherited_base_sha256:6552cee937979c00eae89960ca07a3f13358525826877809d2c0f1a2903f24b7,LATENT_INDEX_2013_STATE_SD,MODEL_AND_LENGTH_SENSITIVITY_ENVELOPE,-0.39994519913769144
PA,2004,0.22482137105813899,1.3461499053074824,-2.489710337612279,3.6143450317339574,MODEL_ESTIMATED,0,0,CPS_PARTICIPATION_AND_CEV_MEMBERSHIP_LATENT_MODEL,COMMON_SCALE_CPS_2013_ANCHOR,1,1,1,REGIME_BRIDGE_ASSUMPTION;EARLY_CPS_DESIGN_BREAKS;UNKNOWN_SAMPLING_SE_WAVES;BACKCAST;BACKCAST_MODEL_SENSITIVITY,S2_FINAL_20261002T002743Z|M2_L6|inherited_base_sha256:6552cee937979c00eae89960ca07a3f13358525826877809d2c0f1a2903f24b7,LATENT_INDEX_2013_STATE_SD,MODEL_AND_LENGTH_SENSITIVITY_ENVELOPE,-0.41720018657617713
PA,2005,0.13628589929466367,1.1988117828968705,-2.2779962150595323,3.211168544503903,MODEL_ESTIMATED,0,0,CPS_PARTICIPATION_AND_CEV_MEMBERSHIP_LATENT_MODEL,COMMON_SCALE_CPS_2013_ANCHOR,1,1,1,REGIME_BRIDGE_ASSUMPTION;EARLY_CPS_DESIGN_BREAKS;UNKNOWN_SAMPLING_SE_WAVES;BACKCAST;BACKCAST_MODEL_SENSITIVITY,S2_FINAL_20261002T002743Z|M2_L6|inherited_base_sha256:6552cee937979c00eae89960ca07a3f13358525826877809d2c0f1a2903f24b7,LATENT_INDEX_2013_STATE_SD,MODEL_AND_LENGTH_SENSITIVITY_ENVELOPE,-0.4359495531116812
PA,2006,0.039414116608981475,1.040207963055293,-2.0477252708103957,2.75351396306401,MODEL_ESTIMATED,0,0,CPS_PARTICIPATION_AND_CEV_MEMBERSHIP_LATENT_MODEL,COMMON_SCALE_CPS_2013_ANCHOR,1,1,1,REGIME_BRIDGE_ASSUMPTION;EARLY_CPS_DESIGN_BREAKS;UNKNOWN_SAMPLING_SE_WAVES;BACKCAST;BACKCAST_MODEL_SENSITIVITY,S2_FINAL_20261002T002743Z|M2_L6|inherited_base_sha256:6552cee937979c00eae89960ca07a3f13358525826877809d2c0f1a2903f24b7,LATENT_INDEX_2013_STATE_SD,MODEL_AND_LENGTH_SENSITIVITY_ENVELOPE,-0.4564643199542164
PA,2007,-0.06730585378953202,0.8626286950145211,-1.7870842174360027,2.20730083707817,MODEL_ESTIMATED,0,0,CPS_PARTICIPATION_AND_CEV_MEMBERSHIP_LATENT_MODEL,COMMON_SCALE_CPS_2013_ANCHOR,1,1,1,REGIME_BRIDGE_ASSUMPTION;EARLY_CPS_DESIGN_BREAKS;UNKNOWN_SAMPLING_SE_WAVES;BACKCAST;BACKCAST_MODEL_SENSITIVITY,S2_FINAL_20261002T002743Z|M2_L6|inherited_base_sha256:6552cee937979c00eae89960ca07a3f13358525826877809d2c0f1a2903f24b7,LATENT_INDEX_2013_STATE_SD,MODEL_AND_LENGTH_SENSITIVITY_ENVELOPE,-0.47906466083233823
PA,2008,-0.1856600832904651,0.6499785154198234,-1.4691194669591379,1.5005034517231297,MODEL_ESTIMATED,0,0,CPS_PARTICIPATION_AND_CEV_MEMBERSHIP_LATENT_MODEL,COMMON_SCALE_CPS_2013_ANCHOR,1,1,1,REGIME_BRIDGE_ASSUMPTION;EARLY_CPS_DESIGN_BREAKS;UNKNOWN_SAMPLING_SE_WAVES;BACKCAST;BACKCAST_MODEL_SENSITIVITY;NO_DIRECT_OBSERVATION_AVAILABLE_IN_CURRENT_EVIDENCE,S2_FINAL_20261002T002743Z|M2_L6|inherited_base_sha256:6552cee937979c00eae89960ca07a3f13358525826877809d2c0f1a2903f24b7,LATENT_INDEX_2013_STATE_SD,MODEL_AND_LENGTH_SENSITIVITY_ENVELOPE,-0.5041288163142049
PA,2009,-0.31775856592799784,0.347322515034504,-1.00486800174113,0.3674577581317843,MODEL_ESTIMATED,0,1,CPS_PARTICIPATION_AND_CEV_MEMBERSHIP_LATENT_MODEL,COMMON_SCALE_CPS_2013_ANCHOR,1,0,1,REGIME_BRIDGE_ASSUMPTION;EARLY_CPS_DESIGN_BREAKS;UNKNOWN_SAMPLING_SE_WAVES,S2_FINAL_20261002T002743Z|M2_L6|inherited_base_sha256:6552cee937979c00eae89960ca07a3f13358525826877809d2c0f1a2903f24b7,LATENT_INDEX_2013_STATE_SD,MODEL_AND_LENGTH_SENSITIVITY_ENVELOPE,-0.5321036248335717
PA,2010,-0.4572366283873341,0.3027877550444702,-1.0636097666371753,0.20803602598391124,MODEL_ESTIMATED,0,1,CPS_PARTICIPATION_AND_CEV_MEMBERSHIP_LATENT_MODEL,COMMON_SCALE_CPS_2013_ANCHOR,1,0,1,REGIME_BRIDGE_ASSUMPTION;EARLY_CPS_DESIGN_BREAKS;UNKNOWN_SAMPLING_SE_WAVES,S2_FINAL_20261002T002743Z|M2_L6|inherited_base_sha256:6552cee937979c00eae89960ca07a3f13358525826877809d2c0f1a2903f24b7,LATENT_INDEX_2013_STATE_SD,MODEL_AND_LENGTH_SENSITIVITY_ENVELOPE,-0.5616412244489936
PA,2011,0.4430486652483156,0.22964869081847272,-0.009874058938065672,0.9197150746596697,MODEL_ESTIMATED,0,1,CPS_PARTICIPATION_AND_CEV_MEMBERSHIP_LATENT_MODEL,COMMON_SCALE_CPS_2013_ANCHOR,1,0,1,REGIME_BRIDGE_ASSUMPTION;EARLY_CPS_DESIGN_BREAKS;UNKNOWN_SAMPLING_SE_WAVES,S2_FINAL_20261002T002743Z|M2_L6|inherited_base_sha256:6552cee937979c00eae89960ca07a3f13358525826877809d2c0f1a2903f24b7,LATENT_INDEX_2013_STATE_SD,MODEL_AND_LENGTH_SENSITIVITY_ENVELOPE,-0.37098567565389085
PA,2012,0.2348189102621149,0.4584909944559675,-0.8867677932915492,1.2841437277573724,MODEL_ESTIMATED,0,0,CPS_PARTICIPATION_AND_CEV_MEMBERSHIP_LATENT_MODEL,COMMON_SCALE_CPS_2013_ANCHOR,1,0,1,REGIME_BRIDGE_ASSUMPTION;EARLY_CPS_DESIGN_BREAKS;UNKNOWN_SAMPLING_SE_WAVES,S2_FINAL_20261002T002743Z|M2_L6|inherited_base_sha256:6552cee937979c00eae89960ca07a3f13358525826877809d2c0f1a2903f24b7,LATENT_INDEX_2013_STATE_SD,MODEL_AND_LENGTH_SENSITIVITY_ENVELOPE,-0.41508298402159893
PA,2013,0.029292899111814107,0.3512852482291911,-0.7550233688742007,0.7261109269474166,MODEL_ESTIMATED,0,1,CPS_PARTICIPATION_AND_CEV_MEMBERSHIP_LATENT_MODEL,COMMON_SCALE_CPS_2013_ANCHOR,1,0,1,REGIME_BRIDGE_ASSUMPTION;EARLY_CPS_DESIGN_BREAKS;UNKNOWN_SAMPLING_SE_WAVES,S2_FINAL_20261002T002743Z|M2_L6|inherited_base_sha256:6552cee937979c00eae89960ca07a3f13358525826877809d2c0f1a2903f24b7,LATENT_INDEX_2013_STATE_SD,MODEL_AND_LENGTH_SENSITIVITY_ENVELOPE,-0.45860771415385326
PA,2014,0.1641721146497675,0.6968906318676837,-1.6356768132832538,1.5300777531104275,MODEL_ESTIMATED,0,0,CPS_PARTICIPATION_AND_CEV_MEMBERSHIP_LATENT_MODEL,COMMON_SCALE_CPS_2013_ANCHOR,1,0,1,REGIME_BRIDGE_ASSUMPTION;EARLY_CPS_DESIGN_BREAKS;UNKNOWN_SAMPLING_SE_WAVES;CPS_CEV_GAP,S2_FINAL_20261002T002743Z|M2_L6|inherited_base_sha256:6552cee937979c00eae89960ca07a3f13358525826877809d2c0f1a2903f24b7,LATENT_INDEX_2013_STATE_SD,MODEL_AND_LENGTH_SENSITIVITY_ENVELOPE,-0.4300440232425046
PA,2015,0.3021585976633481,1.0151500637600364,-2.05262830988268,2.291852722633019,MODEL_ESTIMATED,0,0,CPS_PARTICIPATION_AND_CEV_MEMBERSHIP_LATENT_MODEL,COMMON_SCALE_CPS_2013_ANCHOR,1,0,1,REGIME_BRIDGE_ASSUMPTION;EARLY_CPS_DESIGN_BREAKS;UNKNOWN_SAMPLING_SE_WAVES;CPS_CEV_GAP,S2_FINAL_20261002T002743Z|M2_L6|inherited_base_sha256:6552cee937979c00eae89960ca07a3f13358525826877809d2c0f1a2903f24b7,LATENT_INDEX_2013_STATE_SD,MODEL_AND_LENGTH_SENSITIVITY_ENVELOPE,-0.40082229893884486
PA,2016,0.4482794275487132,1.3293754197208774,-2.205717885509497,3.0538552502016327,MODEL_ESTIMATED,0,0,CPS_PARTICIPATION_AND_CEV_MEMBERSHIP_LATENT_MODEL,COMMON_SCALE_CPS_2013_ANCHOR,1,0,1,REGIME_BRIDGE_ASSUMPTION;EARLY_CPS_DESIGN_BREAKS;UNKNOWN_SAMPLING_SE_WAVES;CPS_CEV_GAP,S2_FINAL_20261002T002743Z|M2_L6|inherited_base_sha256:6552cee937979c00eae89960ca07a3f13358525826877809d2c0f1a2903f24b7,LATENT_INDEX_2013_STATE_SD,MODEL_AND_LENGTH_SENSITIVITY_ENVELOPE,-0.36987794473342706
PA,2017,0.607788161308203,1.6491179022638083,-2.624482927128861,3.8400592497452672,MODEL_ESTIMATED,0,1,CPS_PARTICIPATION_AND_CEV_MEMBERSHIP_LATENT_MODEL,COMMON_SCALE_CPS_2013_ANCHOR,1,0,1,REGIME_BRIDGE_ASSUMPTION;EARLY_CPS_DESIGN_BREAKS;UNKNOWN_SAMPLING_SE_WAVES,S2_FINAL_20261002T002743Z|M2_L6|inherited_base_sha256:6552cee937979c00eae89960ca07a3f13358525826877809d2c0f1a2903f24b7,LATENT_INDEX_2013_STATE_SD,MODEL_AND_LENGTH_SENSITIVITY_ENVELOPE,-0.3360984024177719
PA,2018,0.7407853340007815,1.679654284956397,-2.5513370645137563,4.032907732515319,MODEL_ESTIMATED,0,0,CPS_PARTICIPATION_AND_CEV_MEMBERSHIP_LATENT_MODEL,COMMON_SCALE_CPS_2013_ANCHOR,1,0,1,REGIME_BRIDGE_ASSUMPTION;EARLY_CPS_DESIGN_BREAKS;UNKNOWN_SAMPLING_SE_WAVES,S2_FINAL_20261002T002743Z|M2_L6|inherited_base_sha256:6552cee937979c00eae89960ca07a3f13358525826877809d2c0f1a2903f24b7,LATENT_INDEX_2013_STATE_SD,MODEL_AND_LENGTH_SENSITIVITY_ENVELOPE,-0.3079332761770643
PA,2019,0.8976848817646409,1.6513745456807034,-2.339009227769538,4.13437899129882,MODEL_ESTIMATED,0,1,CPS_PARTICIPATION_AND_CEV_MEMBERSHIP_LATENT_MODEL,COMMON_SCALE_CPS_2013_ANCHOR,1,0,1,REGIME_BRIDGE_ASSUMPTION;EARLY_CPS_DESIGN_BREAKS;UNKNOWN_SAMPLING_SE_WAVES,S2_FINAL_20261002T002743Z|M2_L6|inherited_base_sha256:6552cee937979c00eae89960ca07a3f13358525826877809d2c0f1a2903f24b7,LATENT_INDEX_2013_STATE_SD,MODEL_AND_LENGTH_SENSITIVITY_ENVELOPE,-0.274706287359086
PA,2020,0.43063533430478806,1.688915928171163,-2.8796398849106914,3.7409105535202674,MODEL_ESTIMATED,0,0,CPS_PARTICIPATION_AND_CEV_MEMBERSHIP_LATENT_MODEL,COMMON_SCALE_CPS_2013_ANCHOR,1,0,1,REGIME_BRIDGE_ASSUMPTION;EARLY_CPS_DESIGN_BREAKS;UNKNOWN_SAMPLING_SE_WAVES,S2_FINAL_20261002T002743Z|M2_L6|inherited_base_sha256:6552cee937979c00eae89960ca07a3f13358525826877809d2c0f1a2903f24b7,LATENT_INDEX_2013_STATE_SD,MODEL_AND_LENGTH_SENSITIVITY_ENVELOPE,-0.373614476146517
PA,2021,-0.0187765956452225,1.660576534304583,-3.2735066028822053,3.2359534115917605,MODEL_ESTIMATED,0,1,CPS_PARTICIPATION_AND_CEV_MEMBERSHIP_LATENT_MODEL,COMMON_SCALE_CPS_2013_ANCHOR,1,0,1,REGIME_BRIDGE_ASSUMPTION;EARLY_CPS_DESIGN_BREAKS;UNKNOWN_SAMPLING_SE_WAVES,S2_FINAL_20261002T002743Z|M2_L6|inherited_base_sha256:6552cee937979c00eae89960ca07a3f13358525826877809d2c0f1a2903f24b7,LATENT_INDEX_2013_STATE_SD,MODEL_AND_LENGTH_SENSITIVITY_ENVELOPE,-0.4687875049024014
PA,2022,-0.051442378747612406,1.6990681156909149,-3.3816158855018057,3.2787311280065805,MODEL_ESTIMATED,0,0,CPS_PARTICIPATION_AND_CEV_MEMBERSHIP_LATENT_MODEL,COMMON_SCALE_CPS_2013_ANCHOR,1,0,1,REGIME_BRIDGE_ASSUMPTION;EARLY_CPS_DESIGN_BREAKS;UNKNOWN_SAMPLING_SE_WAVES,S2_FINAL_20261002T002743Z|M2_L6|inherited_base_sha256:6552cee937979c00eae89960ca07a3f13358525826877809d2c0f1a2903f24b7,LATENT_INDEX_2013_STATE_SD,MODEL_AND_LENGTH_SENSITIVITY_ENVELOPE,-0.47570521515295716
PA,2023,-0.07752213698098569,1.667899373874572,-3.346604909775147,3.1915606358131754,MODEL_ESTIMATED,0,1,CPS_PARTICIPATION_AND_CEV_MEMBERSHIP_LATENT_MODEL,COMMON_SCALE_CPS_2013_ANCHOR,1,0,1,REGIME_BRIDGE_ASSUMPTION;EARLY_CPS_DESIGN_BREAKS;UNKNOWN_SAMPLING_SE_WAVES,S2_FINAL_20261002T002743Z|M2_L6|inherited_base_sha256:6552cee937979c00eae89960ca07a3f13358525826877809d2c0f1a2903f24b7,LATENT_INDEX_2013_STATE_SD,MODEL_AND_LENGTH_SENSITIVITY_ENVELOPE,-0.4812281873191999
RI,2000,-0.30739272705716514,1.8816102449104217,-3.9953488070815917,4.587652844301075,MODEL_ESTIMATED,0,0,CPS_PARTICIPATION_AND_CEV_MEMBERSHIP_LATENT_MODEL,COMMON_SCALE_CPS_2013_ANCHOR,1,1,1,REGIME_BRIDGE_ASSUMPTION;EARLY_CPS_DESIGN_BREAKS;UNKNOWN_SAMPLING_SE_WAVES;BACKCAST;BACKCAST_MODEL_SENSITIVITY,S2_FINAL_20261002T002743Z|M2_L6|inherited_base_sha256:6552cee937979c00eae89960ca07a3f13358525826877809d2c0f1a2903f24b7,LATENT_INDEX_2013_STATE_SD,MODEL_AND_LENGTH_SENSITIVITY_ENVELOPE,-0.5299084265862924
RI,2001,-0.3661460861543897,1.7478009955533473,-3.7918360374389506,4.150722174435051,MODEL_ESTIMATED,0,0,CPS_PARTICIPATION_AND_CEV_MEMBERSHIP_LATENT_MODEL,COMMON_SCALE_CPS_2013_ANCHOR,1,1,1,REGIME_BRIDGE_ASSUMPTION;EARLY_CPS_DESIGN_BREAKS;UNKNOWN_SAMPLING_SE_WAVES;BACKCAST;BACKCAST_MODEL_SENSITIVITY,S2_FINAL_20261002T002743Z|M2_L6|inherited_base_sha256:6552cee937979c00eae89960ca07a3f13358525826877809d2c0f1a2903f24b7,LATENT_INDEX_2013_STATE_SD,MODEL_AND_LENGTH_SENSITIVITY_ENVELOPE,-0.5423507645889506
RI,2002,-0.42783445992466057,1.6127806523126922,-3.588884538457537,3.7033453096025997,MODEL_ESTIMATED,0,0,CPS_PARTICIPATION_AND_CEV_MEMBERSHIP_LATENT_MODEL,COMMON_SCALE_CPS_2013_ANCHOR,1,1,1,REGIME_BRIDGE_ASSUMPTION;EARLY_CPS_DESIGN_BREAKS;UNKNOWN_SAMPLING_SE_WAVES;BACKCAST;BACKCAST_MODEL_SENSITIVITY,S2_FINAL_20261002T002743Z|M2_L6|inherited_base_sha256:6552cee937979c00eae89960ca07a3f13358525826877809d2c0f1a2903f24b7,LATENT_INDEX_2013_STATE_SD,MODEL_AND_LENGTH_SENSITIVITY_ENVELOPE,-0.5554146575999679
RI,2003,-0.49299014384084505,1.4756063195895608,-3.386471676667254,3.2430891804902893,MODEL_ESTIMATED,0,0,CPS_PARTICIPATION_AND_CEV_MEMBERSHIP_LATENT_MODEL,COMMON_SCALE_CPS_2013_ANCHOR,1,1,1,REGIME_BRIDGE_ASSUMPTION;EARLY_CPS_DESIGN_BREAKS;UNKNOWN_SAMPLING_SE_WAVES;BACKCAST;BACKCAST_MODEL_SENSITIVITY,S2_FINAL_20261002T002743Z|M2_L6|inherited_base_sha256:6552cee937979c00eae89960ca07a3f13358525826877809d2c0f1a2903f24b7,LATENT_INDEX_2013_STATE_SD,MODEL_AND_LENGTH_SENSITIVITY_ENVELOPE,-0.5692128310922784
RI,2004,-0.5622419707025413,1.3348096693946248,-3.1889727849639478,2.7665171183881854,MODEL_ESTIMATED,0,0,CPS_PARTICIPATION_AND_CEV_MEMBERSHIP_LATENT_MODEL,COMMON_SCALE_CPS_2013_ANCHOR,1,1,1,REGIME_BRIDGE_ASSUMPTION;EARLY_CPS_DESIGN_BREAKS;UNKNOWN_SAMPLING_SE_WAVES;BACKCAST;BACKCAST_MODEL_SENSITIVITY,S2_FINAL_20261002T002743Z|M2_L6|inherited_base_sha256:6552cee937979c00eae89960ca07a3f13358525826877809d2c0f1a2903f24b7,LATENT_INDEX_2013_STATE_SD,MODEL_AND_LENGTH_SENSITIVITY_ENVELOPE,-0.583878454477129
RI,2005,-0.6363328186855067,1.188036990406239,-2.9794483686333737,2.3464283582237604,MODEL_ESTIMATED,0,0,CPS_PARTICIPATION_AND_CEV_MEMBERSHIP_LATENT_MODEL,COMMON_SCALE_CPS_2013_ANCHOR,1,1,1,REGIME_BRIDGE_ASSUMPTION;EARLY_CPS_DESIGN_BREAKS;UNKNOWN_SAMPLING_SE_WAVES;BACKCAST;BACKCAST_MODEL_SENSITIVITY,S2_FINAL_20261002T002743Z|M2_L6|inherited_base_sha256:6552cee937979c00eae89960ca07a3f13358525826877809d2c0f1a2903f24b7,LATENT_INDEX_2013_STATE_SD,MODEL_AND_LENGTH_SENSITIVITY_ENVELOPE,-0.5995688488251718
RI,2006,-0.7161402946581487,1.03132026215188,-2.751642765523975,1.9221396826506403,MODEL_ESTIMATED,0,0,CPS_PARTICIPATION_AND_CEV_MEMBERSHIP_LATENT_MODEL,COMMON_SCALE_CPS_2013_ANCHOR,1,1,1,REGIME_BRIDGE_ASSUMPTION;EARLY_CPS_DESIGN_BREAKS;UNKNOWN_SAMPLING_SE_WAVES;BACKCAST;BACKCAST_MODEL_SENSITIVITY,S2_FINAL_20261002T002743Z|M2_L6|inherited_base_sha256:6552cee937979c00eae89960ca07a3f13358525826877809d2c0f1a2903f24b7,LATENT_INDEX_2013_STATE_SD,MODEL_AND_LENGTH_SENSITIVITY_ENVELOPE,-0.6164698670213814
RI,2007,-0.8027011686328871,0.8573347994622539,-2.4938505455687605,1.4225027669056531,MODEL_ESTIMATED,0,0,CPS_PARTICIPATION_AND_CEV_MEMBERSHIP_LATENT_MODEL,COMMON_SCALE_CPS_2013_ANCHOR,1,1,1,REGIME_BRIDGE_ASSUMPTION;EARLY_CPS_DESIGN_BREAKS;UNKNOWN_SAMPLING_SE_WAVES;BACKCAST;BACKCAST_MODEL_SENSITIVITY,S2_FINAL_20261002T002743Z|M2_L6|inherited_base_sha256:6552cee937979c00eae89960ca07a3f13358525826877809d2c0f1a2903f24b7,LATENT_INDEX_2013_STATE_SD,MODEL_AND_LENGTH_SENSITIVITY_ENVELOPE,-0.6348010683066891
RI,2008,-0.8972402396596308,0.6498654539406088,-2.1794154525794527,0.780762224098368,MODEL_ESTIMATED,0,0,CPS_PARTICIPATION_AND_CEV_MEMBERSHIP_LATENT_MODEL,COMMON_SCALE_CPS_2013_ANCHOR,1,1,1,REGIME_BRIDGE_ASSUMPTION;EARLY_CPS_DESIGN_BREAKS;UNKNOWN_SAMPLING_SE_WAVES;BACKCAST;BACKCAST_MODEL_SENSITIVITY;NO_DIRECT_OBSERVATION_AVAILABLE_IN_CURRENT_EVIDENCE,S2_FINAL_20261002T002743Z|M2_L6|inherited_base_sha256:6552cee937979c00eae89960ca07a3f13358525826877809d2c0f1a2903f24b7,LATENT_INDEX_2013_STATE_SD,MODEL_AND_LENGTH_SENSITIVITY_ENVELOPE,-0.6548218312766079
RI,2009,-1.001204436849634,0.35056182076095715,-1.711003076908758,-0.2608939631164709,MODEL_ESTIMATED,0,1,CPS_PARTICIPATION_AND_CEV_MEMBERSHIP_LATENT_MODEL,COMMON_SCALE_CPS_2013_ANCHOR,1,0,1,REGIME_BRIDGE_ASSUMPTION;EARLY_CPS_DESIGN_BREAKS;UNKNOWN_SAMPLING_SE_WAVES,S2_FINAL_20261002T002743Z|M2_L6|inherited_base_sha256:6552cee937979c00eae89960ca07a3f13358525826877809d2c0f1a2903f24b7,LATENT_INDEX_2013_STATE_SD,MODEL_AND_LENGTH_SENSITIVITY_ENVELOPE,-0.6768385755358162
RI,2010,-1.275636330410685,0.31334812081886,-1.912679323416841,-0.5657958910110573,MODEL_ESTIMATED,0,1,CPS_PARTICIPATION_AND_CEV_MEMBERSHIP_LATENT_MODEL,COMMON_SCALE_CPS_2013_ANCHOR,1,0,1,REGIME_BRIDGE_ASSUMPTION;EARLY_CPS_DESIGN_BREAKS;UNKNOWN_SAMPLING_SE_WAVES,S2_FINAL_20261002T002743Z|M2_L6|inherited_base_sha256:6552cee937979c00eae89960ca07a3f13358525826877809d2c0f1a2903f24b7,LATENT_INDEX_2013_STATE_SD,MODEL_AND_LENGTH_SENSITIVITY_ENVELOPE,-0.7349556675772378
RI,2011,-0.6486807378327795,0.2619901921888197,-1.2231736980107595,-0.1189436471278788,MODEL_ESTIMATED,0,1,CPS_PARTICIPATION_AND_CEV_MEMBERSHIP_LATENT_MODEL,COMMON_SCALE_CPS_2013_ANCHOR,1,0,1,REGIME_BRIDGE_ASSUMPTION;EARLY_CPS_DESIGN_BREAKS;UNKNOWN_SAMPLING_SE_WAVES,S2_FINAL_20261002T002743Z|M2_L6|inherited_base_sha256:6552cee937979c00eae89960ca07a3f13358525826877809d2c0f1a2903f24b7,LATENT_INDEX_2013_STATE_SD,MODEL_AND_LENGTH_SENSITIVITY_ENVELOPE,-0.6021837969067891
RI,2012,-0.677247012720761,0.4675216790796521,-1.8052889811338895,0.3953565945767696,MODEL_ESTIMATED,0,0,CPS_PARTICIPATION_AND_CEV_MEMBERSHIP_LATENT_MODEL,COMMON_SCALE_CPS_2013_ANCHOR,1,0,1,REGIME_BRIDGE_ASSUMPTION;EARLY_CPS_DESIGN_BREAKS;UNKNOWN_SAMPLING_SE_WAVES,S2_FINAL_20261002T002743Z|M2_L6|inherited_base_sha256:6552cee937979c00eae89960ca07a3f13358525826877809d2c0f1a2903f24b7,LATENT_INDEX_2013_STATE_SD,MODEL_AND_LENGTH_SENSITIVITY_ENVELOPE,-0.6082333445938405
RI,2013,-0.7043723691317115,0.3615848707924796,-1.4310070665191406,0.09601844040434558,MODEL_ESTIMATED,0,1,CPS_PARTICIPATION_AND_CEV_MEMBERSHIP_LATENT_MODEL,COMMON_SCALE_CPS_2013_ANCHOR,1,0,1,REGIME_BRIDGE_ASSUMPTION;EARLY_CPS_DESIGN_BREAKS;UNKNOWN_SAMPLING_SE_WAVES,S2_FINAL_20261002T002743Z|M2_L6|inherited_base_sha256:6552cee937979c00eae89960ca07a3f13358525826877809d2c0f1a2903f24b7,LATENT_INDEX_2013_STATE_SD,MODEL_AND_LENGTH_SENSITIVITY_ENVELOPE,-0.6139777455624578
RI,2014,-0.6753177359212792,0.6995270285532379,-2.4310726699487093,0.6957552400430671,MODEL_ESTIMATED,0,0,CPS_PARTICIPATION_AND_CEV_MEMBERSHIP_LATENT_MODEL,COMMON_SCALE_CPS_2013_ANCHOR,1,0,1,REGIME_BRIDGE_ASSUMPTION;EARLY_CPS_DESIGN_BREAKS;UNKNOWN_SAMPLING_SE_WAVES;CPS_CEV_GAP,S2_FINAL_20261002T002743Z|M2_L6|inherited_base_sha256:6552cee937979c00eae89960ca07a3f13358525826877809d2c0f1a2903f24b7,LATENT_INDEX_2013_STATE_SD,MODEL_AND_LENGTH_SENSITIVITY_ENVELOPE,-0.6078247770768732
RI,2015,-0.6423979875881972,1.0160984195908984,-2.961394445710075,1.3491549148099637,MODEL_ESTIMATED,0,0,CPS_PARTICIPATION_AND_CEV_MEMBERSHIP_LATENT_MODEL,COMMON_SCALE_CPS_2013_ANCHOR,1,0,1,REGIME_BRIDGE_ASSUMPTION;EARLY_CPS_DESIGN_BREAKS;UNKNOWN_SAMPLING_SE_WAVES;CPS_CEV_GAP,S2_FINAL_20261002T002743Z|M2_L6|inherited_base_sha256:6552cee937979c00eae89960ca07a3f13358525826877809d2c0f1a2903f24b7,LATENT_INDEX_2013_STATE_SD,MODEL_AND_LENGTH_SENSITIVITY_ENVELOPE,-0.6008532840079434
RI,2016,-0.6035113272369006,1.328705108083816,-3.2249699610373748,2.000750684607379,MODEL_ESTIMATED,0,0,CPS_PARTICIPATION_AND_CEV_MEMBERSHIP_LATENT_MODEL,COMMON_SCALE_CPS_2013_ANCHOR,1,0,1,REGIME_BRIDGE_ASSUMPTION;EARLY_CPS_DESIGN_BREAKS;UNKNOWN_SAMPLING_SE_WAVES;CPS_CEV_GAP,S2_FINAL_20261002T002743Z|M2_L6|inherited_base_sha256:6552cee937979c00eae89960ca07a3f13358525826877809d2c0f1a2903f24b7,LATENT_INDEX_2013_STATE_SD,MODEL_AND_LENGTH_SENSITIVITY_ENVELOPE,-0.5926181638493709
RI,2017,-0.5563898263853864,1.6470937342110268,-3.7846935454389987,2.6719138926682264,MODEL_ESTIMATED,0,1,CPS_PARTICIPATION_AND_CEV_MEMBERSHIP_LATENT_MODEL,COMMON_SCALE_CPS_2013_ANCHOR,1,0,1,REGIME_BRIDGE_ASSUMPTION;EARLY_CPS_DESIGN_BREAKS;UNKNOWN_SAMPLING_SE_WAVES,S2_FINAL_20261002T002743Z|M2_L6|inherited_base_sha256:6552cee937979c00eae89960ca07a3f13358525826877809d2c0f1a2903f24b7,LATENT_INDEX_2013_STATE_SD,MODEL_AND_LENGTH_SENSITIVITY_ENVELOPE,-0.5826391320153463
RI,2018,-0.6055511544223895,1.6805942080940879,-3.8995158022868015,2.688413493442023,MODEL_ESTIMATED,0,0,CPS_PARTICIPATION_AND_CEV_MEMBERSHIP_LATENT_MODEL,COMMON_SCALE_CPS_2013_ANCHOR,1,0,1,REGIME_BRIDGE_ASSUMPTION;EARLY_CPS_DESIGN_BREAKS;UNKNOWN_SAMPLING_SE_WAVES,S2_FINAL_20261002T002743Z|M2_L6|inherited_base_sha256:6552cee937979c00eae89960ca07a3f13358525826877809d2c0f1a2903f24b7,LATENT_INDEX_2013_STATE_SD,MODEL_AND_LENGTH_SENSITIVITY_ENVELOPE,-0.5930501428834014
RI,2019,-0.6441639536534811,1.6603413595038656,-3.8984330182810574,2.6101051109740956,MODEL_ESTIMATED,0,1,CPS_PARTICIPATION_AND_CEV_MEMBERSHIP_LATENT_MODEL,COMMON_SCALE_CPS_2013_ANCHOR,1,0,1,REGIME_BRIDGE_ASSUMPTION;EARLY_CPS_DESIGN_BREAKS;UNKNOWN_SAMPLING_SE_WAVES,S2_FINAL_20261002T002743Z|M2_L6|inherited_base_sha256:6552cee937979c00eae89960ca07a3f13358525826877809d2c0f1a2903f24b7,LATENT_INDEX_2013_STATE_SD,MODEL_AND_LENGTH_SENSITIVITY_ENVELOPE,-0.6012272668239578
RI,2020,-0.9307014555670238,1.6867510605144227,-4.2367335341752925,2.3753306230412448,MODEL_ESTIMATED,0,0,CPS_PARTICIPATION_AND_CEV_MEMBERSHIP_LATENT_MODEL,COMMON_SCALE_CPS_2013_ANCHOR,1,0,1,REGIME_BRIDGE_ASSUMPTION;EARLY_CPS_DESIGN_BREAKS;UNKNOWN_SAMPLING_SE_WAVES,S2_FINAL_20261002T002743Z|M2_L6|inherited_base_sha256:6552cee937979c00eae89960ca07a3f13358525826877809d2c0f1a2903f24b7,LATENT_INDEX_2013_STATE_SD,MODEL_AND_LENGTH_SENSITIVITY_ENVELOPE,-0.661907992216117
RI,2021,-1.2133728266954122,1.6521512253106403,-4.451589228304267,2.024843574913443,MODEL_ESTIMATED,0,1,CPS_PARTICIPATION_AND_CEV_MEMBERSHIP_LATENT_MODEL,COMMON_SCALE_CPS_2013_ANCHOR,1,0,1,REGIME_BRIDGE_ASSUMPTION;EARLY_CPS_DESIGN_BREAKS;UNKNOWN_SAMPLING_SE_WAVES,S2_FINAL_20261002T002743Z|M2_L6|inherited_base_sha256:6552cee937979c00eae89960ca07a3f13358525826877809d2c0f1a2903f24b7,LATENT_INDEX_2013_STATE_SD,MODEL_AND_LENGTH_SENSITIVITY_ENVELOPE,-0.7217699779356769
RI,2022,-1.319508903454431,1.6946894815261009,-4.641100287245589,2.0020824803367265,MODEL_ESTIMATED,0,0,CPS_PARTICIPATION_AND_CEV_MEMBERSHIP_LATENT_MODEL,COMMON_SCALE_CPS_2013_ANCHOR,1,0,1,REGIME_BRIDGE_ASSUMPTION;EARLY_CPS_DESIGN_BREAKS;UNKNOWN_SAMPLING_SE_WAVES,S2_FINAL_20261002T002743Z|M2_L6|inherited_base_sha256:6552cee937979c00eae89960ca07a3f13358525826877809d2c0f1a2903f24b7,LATENT_INDEX_2013_STATE_SD,MODEL_AND_LENGTH_SENSITIVITY_ENVELOPE,-0.7442466662749171
RI,2023,-1.4302335984978267,1.6716538877147482,-4.706675218418733,1.8462080214230796,MODEL_ESTIMATED,0,1,CPS_PARTICIPATION_AND_CEV_MEMBERSHIP_LATENT_MODEL,COMMON_SCALE_CPS_2013_ANCHOR,1,0,1,REGIME_BRIDGE_ASSUMPTION;EARLY_CPS_DESIGN_BREAKS;UNKNOWN_SAMPLING_SE_WAVES,S2_FINAL_20261002T002743Z|M2_L6|inherited_base_sha256:6552cee937979c00eae89960ca07a3f13358525826877809d2c0f1a2903f24b7,LATENT_INDEX_2013_STATE_SD,MODEL_AND_LENGTH_SENSITIVITY_ENVELOPE,-0.7676950971755472
SC,2000,0.2714077129977659,1.8807216340752253,-3.4148066897896756,5.282633333330938,MODEL_ESTIMATED,0,0,CPS_PARTICIPATION_AND_CEV_MEMBERSHIP_LATENT_MODEL,COMMON_SCALE_CPS_2013_ANCHOR,1,1,1,REGIME_BRIDGE_ASSUMPTION;EARLY_CPS_DESIGN_BREAKS;UNKNOWN_SAMPLING_SE_WAVES;BACKCAST;BACKCAST_MODEL_SENSITIVITY,S2_FINAL_20261002T002743Z|M2_L6|inherited_base_sha256:6552cee937979c00eae89960ca07a3f13358525826877809d2c0f1a2903f24b7,LATENT_INDEX_2013_STATE_SD,MODEL_AND_LENGTH_SENSITIVITY_ENVELOPE,-0.4073344866123494
SC,2001,0.23703848020144583,1.745316079988525,-3.1837810365760633,4.875125880847491,MODEL_ESTIMATED,0,0,CPS_PARTICIPATION_AND_CEV_MEMBERSHIP_LATENT_MODEL,COMMON_SCALE_CPS_2013_ANCHOR,1,1,1,REGIME_BRIDGE_ASSUMPTION;EARLY_CPS_DESIGN_BREAKS;UNKNOWN_SAMPLING_SE_WAVES;BACKCAST;BACKCAST_MODEL_SENSITIVITY,S2_FINAL_20261002T002743Z|M2_L6|inherited_base_sha256:6552cee937979c00eae89960ca07a3f13358525826877809d2c0f1a2903f24b7,LATENT_INDEX_2013_STATE_SD,MODEL_AND_LENGTH_SENSITIVITY_ENVELOPE,-0.41461294043889935
SC,2002,0.2041565479453785,1.6086047377806356,-2.948708738104667,4.459761372577893,MODEL_ESTIMATED,0,0,CPS_PARTICIPATION_AND_CEV_MEMBERSHIP_LATENT_MODEL,COMMON_SCALE_CPS_2013_ANCHOR,1,1,1,REGIME_BRIDGE_ASSUMPTION;EARLY_CPS_DESIGN_BREAKS;UNKNOWN_SAMPLING_SE_WAVES;BACKCAST;BACKCAST_MODEL_SENSITIVITY,S2_FINAL_20261002T002743Z|M2_L6|inherited_base_sha256:6552cee937979c00eae89960ca07a3f13358525826877809d2c0f1a2903f24b7,LATENT_INDEX_2013_STATE_SD,MODEL_AND_LENGTH_SENSITIVITY_ENVELOPE,-0.4215764251076393
SC,2003,0.17303165366960715,1.4697884685801033,-2.707753744747395,4.0343459772505605,MODEL_ESTIMATED,0,0,CPS_PARTICIPATION_AND_CEV_MEMBERSHIP_LATENT_MODEL,COMMON_SCALE_CPS_2013_ANCHOR,1,1,1,REGIME_BRIDGE_ASSUMPTION;EARLY_CPS_DESIGN_BREAKS;UNKNOWN_SAMPLING_SE_WAVES;BACKCAST;BACKCAST_MODEL_SENSITIVITY,S2_FINAL_20261002T002743Z|M2_L6|inherited_base_sha256:6552cee937979c00eae89960ca07a3f13358525826877809d2c0f1a2903f24b7,LATENT_INDEX_2013_STATE_SD,MODEL_AND_LENGTH_SENSITIVITY_ENVELOPE,-0.4281678176820673
SC,2004,0.1439824545076552,1.3276229374057942,-2.4581585028077013,3.5957123055579703,MODEL_ESTIMATED,0,0,CPS_PARTICIPATION_AND_CEV_MEMBERSHIP_LATENT_MODEL,COMMON_SCALE_CPS_2013_ANCHOR,1,1,1,REGIME_BRIDGE_ASSUMPTION;EARLY_CPS_DESIGN_BREAKS;UNKNOWN_SAMPLING_SE_WAVES;BACKCAST;BACKCAST_MODEL_SENSITIVITY,S2_FINAL_20261002T002743Z|M2_L6|inherited_base_sha256:6552cee937979c00eae89960ca07a3f13358525826877809d2c0f1a2903f24b7,LATENT_INDEX_2013_STATE_SD,MODEL_AND_LENGTH_SENSITIVITY_ENVELOPE,-0.4343196353863356
SC,2005,0.1173853993823465,1.180081965638182,-2.1955752532684905,3.1390238783890516,MODEL_ESTIMATED,0,0,CPS_PARTICIPATION_AND_CEV_MEMBERSHIP_LATENT_MODEL,COMMON_SCALE_CPS_2013_ANCHOR,1,1,1,REGIME_BRIDGE_ASSUMPTION;EARLY_CPS_DESIGN_BREAKS;UNKNOWN_SAMPLING_SE_WAVES;BACKCAST;BACKCAST_MODEL_SENSITIVITY,S2_FINAL_20261002T002743Z|M2_L6|inherited_base_sha256:6552cee937979c00eae89960ca07a3f13358525826877809d2c0f1a2903f24b7,LATENT_INDEX_2013_STATE_SD,MODEL_AND_LENGTH_SENSITIVITY_ENVELOPE,-0.4399521567405071
SC,2006,0.0936852101485695,1.023648069452421,-1.9126650059781758,2.6562888951438337,MODEL_ESTIMATED,0,0,CPS_PARTICIPATION_AND_CEV_MEMBERSHIP_LATENT_MODEL,COMMON_SCALE_CPS_2013_ANCHOR,1,1,1,REGIME_BRIDGE_ASSUMPTION;EARLY_CPS_DESIGN_BREAKS;UNKNOWN_SAMPLING_SE_WAVES;BACKCAST;BACKCAST_MODEL_SENSITIVITY,S2_FINAL_20261002T002743Z|M2_L6|inherited_base_sha256:6552cee937979c00eae89960ca07a3f13358525826877809d2c0f1a2903f24b7,LATENT_INDEX_2013_STATE_SD,MODEL_AND_LENGTH_SENSITIVITY_ENVELOPE,-0.4449712019441292
SC,2007,0.07340726360043866,0.8515726482691209,-1.5956751270070384,2.1872782172241747,MODEL_ESTIMATED,0,0,CPS_PARTICIPATION_AND_CEV_MEMBERSHIP_LATENT_MODEL,COMMON_SCALE_CPS_2013_ANCHOR,1,1,1,REGIME_BRIDGE_ASSUMPTION;EARLY_CPS_DESIGN_BREAKS;UNKNOWN_SAMPLING_SE_WAVES;BACKCAST;BACKCAST_MODEL_SENSITIVITY,S2_FINAL_20261002T002743Z|M2_L6|inherited_base_sha256:6552cee937979c00eae89960ca07a3f13358525826877809d2c0f1a2903f24b7,LATENT_INDEX_2013_STATE_SD,MODEL_AND_LENGTH_SENSITIVITY_ENVELOPE,-0.449265510709253
SC,2008,0.05717221908433315,0.6483298190710384,-1.2135542262949022,1.6630367803967832,MODEL_ESTIMATED,0,0,CPS_PARTICIPATION_AND_CEV_MEMBERSHIP_LATENT_MODEL,COMMON_SCALE_CPS_2013_ANCHOR,1,1,1,REGIME_BRIDGE_ASSUMPTION;EARLY_CPS_DESIGN_BREAKS;UNKNOWN_SAMPLING_SE_WAVES;BACKCAST;BACKCAST_MODEL_SENSITIVITY;NO_DIRECT_OBSERVATION_AVAILABLE_IN_CURRENT_EVIDENCE,S2_FINAL_20261002T002743Z|M2_L6|inherited_base_sha256:6552cee937979c00eae89960ca07a3f13358525826877809d2c0f1a2903f24b7,LATENT_INDEX_2013_STATE_SD,MODEL_AND_LENGTH_SENSITIVITY_ENVELOPE,-0.4527036445361771
SC,2009,0.04571329898197843,0.35731396468887844,-0.6597334167132795,0.787006261961817,MODEL_ESTIMATED,0,1,CPS_PARTICIPATION_AND_CEV_MEMBERSHIP_LATENT_MODEL,COMMON_SCALE_CPS_2013_ANCHOR,1,0,1,REGIME_BRIDGE_ASSUMPTION;EARLY_CPS_DESIGN_BREAKS;UNKNOWN_SAMPLING_SE_WAVES,S2_FINAL_20261002T002743Z|M2_L6|inherited_base_sha256:6552cee937979c00eae89960ca07a3f13358525826877809d2c0f1a2903f24b7,LATENT_INDEX_2013_STATE_SD,MODEL_AND_LENGTH_SENSITIVITY_ENVELOPE,-0.4551303271846197
SC,2010,-0.3721435305905478,0.3244835040377564,-1.0739282875979526,0.272888374518419,MODEL_ESTIMATED,0,1,CPS_PARTICIPATION_AND_CEV_MEMBERSHIP_LATENT_MODEL,COMMON_SCALE_CPS_2013_ANCHOR,1,0,1,REGIME_BRIDGE_ASSUMPTION;EARLY_CPS_DESIGN_BREAKS;UNKNOWN_SAMPLING_SE_WAVES,S2_FINAL_20261002T002743Z|M2_L6|inherited_base_sha256:6552cee937979c00eae89960ca07a3f13358525826877809d2c0f1a2903f24b7,LATENT_INDEX_2013_STATE_SD,MODEL_AND_LENGTH_SENSITIVITY_ENVELOPE,-0.5436208576010515
SC,2011,0.5528073778182748,0.32468731478579643,-0.13511448755308222,1.2226874233360008,MODEL_ESTIMATED,0,1,CPS_PARTICIPATION_AND_CEV_MEMBERSHIP_LATENT_MODEL,COMMON_SCALE_CPS_2013_ANCHOR,1,0,1,REGIME_BRIDGE_ASSUMPTION;EARLY_CPS_DESIGN_BREAKS;UNKNOWN_SAMPLING_SE_WAVES,S2_FINAL_20261002T002743Z|M2_L6|inherited_base_sha256:6552cee937979c00eae89960ca07a3f13358525826877809d2c0f1a2903f24b7,LATENT_INDEX_2013_STATE_SD,MODEL_AND_LENGTH_SENSITIVITY_ENVELOPE,-0.3477418131494141
SC,2012,0.2630190726495923,0.48690307187696363,-0.9284649589235093,1.3317105663253477,MODEL_ESTIMATED,0,0,CPS_PARTICIPATION_AND_CEV_MEMBERSHIP_LATENT_MODEL,COMMON_SCALE_CPS_2013_ANCHOR,1,0,1,REGIME_BRIDGE_ASSUMPTION;EARLY_CPS_DESIGN_BREAKS;UNKNOWN_SAMPLING_SE_WAVES,S2_FINAL_20261002T002743Z|M2_L6|inherited_base_sha256:6552cee937979c00eae89960ca07a3f13358525826877809d2c0f1a2903f24b7,LATENT_INDEX_2013_STATE_SD,MODEL_AND_LENGTH_SENSITIVITY_ENVELOPE,-0.4091109688458502
SC,2013,-0.01152092874129288,0.3667323141510273,-0.8122180222873882,0.7218423620998661,MODEL_ESTIMATED,0,1,CPS_PARTICIPATION_AND_CEV_MEMBERSHIP_LATENT_MODEL,COMMON_SCALE_CPS_2013_ANCHOR,1,0,1,REGIME_BRIDGE_ASSUMPTION;EARLY_CPS_DESIGN_BREAKS;UNKNOWN_SAMPLING_SE_WAVES,S2_FINAL_20261002T002743Z|M2_L6|inherited_base_sha256:6552cee937979c00eae89960ca07a3f13358525826877809d2c0f1a2903f24b7,LATENT_INDEX_2013_STATE_SD,MODEL_AND_LENGTH_SENSITIVITY_ENVELOPE,-0.46725095513842957
SC,2014,-0.10490706429127054,0.7044443281455598,-1.933426483413234,1.2758038188740266,MODEL_ESTIMATED,0,0,CPS_PARTICIPATION_AND_CEV_MEMBERSHIP_LATENT_MODEL,COMMON_SCALE_CPS_2013_ANCHOR,1,0,1,REGIME_BRIDGE_ASSUMPTION;EARLY_CPS_DESIGN_BREAKS;UNKNOWN_SAMPLING_SE_WAVES;CPS_CEV_GAP,S2_FINAL_20261002T002743Z|M2_L6|inherited_base_sha256:6552cee937979c00eae89960ca07a3f13358525826877809d2c0f1a2903f24b7,LATENT_INDEX_2013_STATE_SD,MODEL_AND_LENGTH_SENSITIVITY_ENVELOPE,-0.4870275582319157
SC,2015,-0.1909182647970723,1.0203177747004595,-2.582718602890633,1.8089045736158282,MODEL_ESTIMATED,0,0,CPS_PARTICIPATION_AND_CEV_MEMBERSHIP_LATENT_MODEL,COMMON_SCALE_CPS_2013_ANCHOR,1,0,1,REGIME_BRIDGE_ASSUMPTION;EARLY_CPS_DESIGN_BREAKS;UNKNOWN_SAMPLING_SE_WAVES;CPS_CEV_GAP,S2_FINAL_20261002T002743Z|M2_L6|inherited_base_sha256:6552cee937979c00eae89960ca07a3f13358525826877809d2c0f1a2903f24b7,LATENT_INDEX_2013_STATE_SD,MODEL_AND_LENGTH_SENSITIVITY_ENVELOPE,-0.5052423538649051
SC,2016,-0.2707640252241755,1.333867818173705,-2.975267000153193,2.343616898396286,MODEL_ESTIMATED,0,0,CPS_PARTICIPATION_AND_CEV_MEMBERSHIP_LATENT_MODEL,COMMON_SCALE_CPS_2013_ANCHOR,1,0,1,REGIME_BRIDGE_ASSUMPTION;EARLY_CPS_DESIGN_BREAKS;UNKNOWN_SAMPLING_SE_WAVES;CPS_CEV_GAP,S2_FINAL_20261002T002743Z|M2_L6|inherited_base_sha256:6552cee937979c00eae89960ca07a3f13358525826877809d2c0f1a2903f24b7,LATENT_INDEX_2013_STATE_SD,MODEL_AND_LENGTH_SENSITIVITY_ENVELOPE,-0.5221514796507057
SC,2017,-0.34548218150602994,1.6569371053094657,-3.5930789079125827,2.902114544900523,MODEL_ESTIMATED,0,1,CPS_PARTICIPATION_AND_CEV_MEMBERSHIP_LATENT_MODEL,COMMON_SCALE_CPS_2013_ANCHOR,1,0,1,REGIME_BRIDGE_ASSUMPTION;EARLY_CPS_DESIGN_BREAKS;UNKNOWN_SAMPLING_SE_WAVES,S2_FINAL_20261002T002743Z|M2_L6|inherited_base_sha256:6552cee937979c00eae89960ca07a3f13358525826877809d2c0f1a2903f24b7,LATENT_INDEX_2013_STATE_SD,MODEL_AND_LENGTH_SENSITIVITY_ENVELOPE,-0.5379747205628698
SC,2018,-0.16139870549293966,1.6751375778824662,-3.4446683581425734,3.121870947156694,MODEL_ESTIMATED,0,0,CPS_PARTICIPATION_AND_CEV_MEMBERSHIP_LATENT_MODEL,COMMON_SCALE_CPS_2013_ANCHOR,1,0,1,REGIME_BRIDGE_ASSUMPTION;EARLY_CPS_DESIGN_BREAKS;UNKNOWN_SAMPLING_SE_WAVES,S2_FINAL_20261002T002743Z|M2_L6|inherited_base_sha256:6552cee937979c00eae89960ca07a3f13358525826877809d2c0f1a2903f24b7,LATENT_INDEX_2013_STATE_SD,MODEL_AND_LENGTH_SENSITIVITY_ENVELOPE,-0.4989909268793648
SC,2019,0.033227820418317164,1.6428446728872386,-3.1867477384406704,3.2532033792773043,MODEL_ESTIMATED,0,1,CPS_PARTICIPATION_AND_CEV_MEMBERSHIP_LATENT_MODEL,COMMON_SCALE_CPS_2013_ANCHOR,1,0,1,REGIME_BRIDGE_ASSUMPTION;EARLY_CPS_DESIGN_BREAKS;UNKNOWN_SAMPLING_SE_WAVES,S2_FINAL_20261002T002743Z|M2_L6|inherited_base_sha256:6552cee937979c00eae89960ca07a3f13358525826877809d2c0f1a2903f24b7,LATENT_INDEX_2013_STATE_SD,MODEL_AND_LENGTH_SENSITIVITY_ENVELOPE,-0.4577744065496301
SC,2020,-0.6576715666250368,1.6829022834142495,-3.9561600421169656,2.640816908866892,MODEL_ESTIMATED,0,0,CPS_PARTICIPATION_AND_CEV_MEMBERSHIP_LATENT_MODEL,COMMON_SCALE_CPS_2013_ANCHOR,1,0,1,REGIME_BRIDGE_ASSUMPTION;EARLY_CPS_DESIGN_BREAKS;UNKNOWN_SAMPLING_SE_WAVES,S2_FINAL_20261002T002743Z|M2_L6|inherited_base_sha256:6552cee937979c00eae89960ca07a3f13358525826877809d2c0f1a2903f24b7,LATENT_INDEX_2013_STATE_SD,MODEL_AND_LENGTH_SENSITIVITY_ENVELOPE,-0.6040878060132673
SC,2021,-1.3494747196793595,1.6675423228968886,-4.617857672557261,1.9189082331985423,MODEL_ESTIMATED,0,1,CPS_PARTICIPATION_AND_CEV_MEMBERSHIP_LATENT_MODEL,COMMON_SCALE_CPS_2013_ANCHOR,1,0,1,REGIME_BRIDGE_ASSUMPTION;EARLY_CPS_DESIGN_BREAKS;UNKNOWN_SAMPLING_SE_WAVES,S2_FINAL_20261002T002743Z|M2_L6|inherited_base_sha256:6552cee937979c00eae89960ca07a3f13358525826877809d2c0f1a2903f24b7,LATENT_INDEX_2013_STATE_SD,MODEL_AND_LENGTH_SENSITIVITY_ENVELOPE,-0.7505925981454526
SC,2022,-1.3246223344141246,1.6985310237167157,-4.653743140898888,2.004498472070638,MODEL_ESTIMATED,0,0,CPS_PARTICIPATION_AND_CEV_MEMBERSHIP_LATENT_MODEL,COMMON_SCALE_CPS_2013_ANCHOR,1,0,1,REGIME_BRIDGE_ASSUMPTION;EARLY_CPS_DESIGN_BREAKS;UNKNOWN_SAMPLING_SE_WAVES,S2_FINAL_20261002T002743Z|M2_L6|inherited_base_sha256:6552cee937979c00eae89960ca07a3f13358525826877809d2c0f1a2903f24b7,LATENT_INDEX_2013_STATE_SD,MODEL_AND_LENGTH_SENSITIVITY_ENVELOPE,-0.7453295496594821
SC,2023,-1.3168725688580856,1.669001917106396,-4.588116326386622,1.9543711886704505,MODEL_ESTIMATED,0,1,CPS_PARTICIPATION_AND_CEV_MEMBERSHIP_LATENT_MODEL,COMMON_SCALE_CPS_2013_ANCHOR,1,0,1,REGIME_BRIDGE_ASSUMPTION;EARLY_CPS_DESIGN_BREAKS;UNKNOWN_SAMPLING_SE_WAVES,S2_FINAL_20261002T002743Z|M2_L6|inherited_base_sha256:6552cee937979c00eae89960ca07a3f13358525826877809d2c0f1a2903f24b7,LATENT_INDEX_2013_STATE_SD,MODEL_AND_LENGTH_SENSITIVITY_ENVELOPE,-0.7436883634537703
SD,2000,1.3431687980842493,1.8885240687906433,-2.3583383767454116,6.173386882899597,MODEL_ESTIMATED,0,0,CPS_PARTICIPATION_AND_CEV_MEMBERSHIP_LATENT_MODEL,COMMON_SCALE_CPS_2013_ANCHOR,1,1,1,REGIME_BRIDGE_ASSUMPTION;EARLY_CPS_DESIGN_BREAKS;UNKNOWN_SAMPLING_SE_WAVES;BACKCAST;BACKCAST_MODEL_SENSITIVITY,S2_FINAL_20261002T002743Z|M2_L6|inherited_base_sha256:6552cee937979c00eae89960ca07a3f13358525826877809d2c0f1a2903f24b7,LATENT_INDEX_2013_STATE_SD,MODEL_AND_LENGTH_SENSITIVITY_ENVELOPE,-0.1803651033524973
SD,2001,1.2998214830642676,1.75421231595753,-2.145301635256687,5.767696411850653,MODEL_ESTIMATED,0,0,CPS_PARTICIPATION_AND_CEV_MEMBERSHIP_LATENT_MODEL,COMMON_SCALE_CPS_2013_ANCHOR,1,1,1,REGIME_BRIDGE_ASSUMPTION;EARLY_CPS_DESIGN_BREAKS;UNKNOWN_SAMPLING_SE_WAVES;BACKCAST;BACKCAST_MODEL_SENSITIVITY,S2_FINAL_20261002T002743Z|M2_L6|inherited_base_sha256:6552cee937979c00eae89960ca07a3f13358525826877809d2c0f1a2903f24b7,LATENT_INDEX_2013_STATE_SD,MODEL_AND_LENGTH_SENSITIVITY_ENVELOPE,-0.18954486691450595
SD,2002,1.2563331998857186,1.6183631984389617,-1.9284528588546885,5.354300495169233,MODEL_ESTIMATED,0,0,CPS_PARTICIPATION_AND_CEV_MEMBERSHIP_LATENT_MODEL,COMMON_SCALE_CPS_2013_ANCHOR,1,1,1,REGIME_BRIDGE_ASSUMPTION;EARLY_CPS_DESIGN_BREAKS;UNKNOWN_SAMPLING_SE_WAVES;BACKCAST;BACKCAST_MODEL_SENSITIVITY,S2_FINAL_20261002T002743Z|M2_L6|inherited_base_sha256:6552cee937979c00eae89960ca07a3f13358525826877809d2c0f1a2903f24b7,LATENT_INDEX_2013_STATE_SD,MODEL_AND_LENGTH_SENSITIVITY_ENVELOPE,-0.19875448363731185
SD,2003,1.2126783825051586,1.4800307497132112,-1.7028460052360888,4.931015791388871,MODEL_ESTIMATED,0,0,CPS_PARTICIPATION_AND_CEV_MEMBERSHIP_LATENT_MODEL,COMMON_SCALE_CPS_2013_ANCHOR,1,1,1,REGIME_BRIDGE_ASSUMPTION;EARLY_CPS_DESIGN_BREAKS;UNKNOWN_SAMPLING_SE_WAVES;BACKCAST;BACKCAST_MODEL_SENSITIVITY,S2_FINAL_20261002T002743Z|M2_L6|inherited_base_sha256:6552cee937979c00eae89960ca07a3f13358525826877809d2c0f1a2903f24b7,LATENT_INDEX_2013_STATE_SD,MODEL_AND_LENGTH_SENSITIVITY_ENVELOPE,-0.20799936770248356
SD,2004,1.1688268282109608,1.3377805878890026,-1.4658528336343186,4.494684604573532,MODEL_ESTIMATED,0,0,CPS_PARTICIPATION_AND_CEV_MEMBERSHIP_LATENT_MODEL,COMMON_SCALE_CPS_2013_ANCHOR,1,1,1,REGIME_BRIDGE_ASSUMPTION;EARLY_CPS_DESIGN_BREAKS;UNKNOWN_SAMPLING_SE_WAVES;BACKCAST;BACKCAST_MODEL_SENSITIVITY,S2_FINAL_20261002T002743Z|M2_L6|inherited_base_sha256:6552cee937979c00eae89960ca07a3f13358525826877809d2c0f1a2903f24b7,LATENT_INDEX_2013_STATE_SD,MODEL_AND_LENGTH_SENSITIVITY_ENVELOPE,-0.2172859152097919
SD,2005,1.1247428567152362,1.1893567487444718,-1.2135042902003152,4.102731363902563,MODEL_ESTIMATED,0,0,CPS_PARTICIPATION_AND_CEV_MEMBERSHIP_LATENT_MODEL,COMMON_SCALE_CPS_2013_ANCHOR,1,1,1,REGIME_BRIDGE_ASSUMPTION;EARLY_CPS_DESIGN_BREAKS;UNKNOWN_SAMPLING_SE_WAVES;BACKCAST;BACKCAST_MODEL_SENSITIVITY,S2_FINAL_20261002T002743Z|M2_L6|inherited_base_sha256:6552cee937979c00eae89960ca07a3f13358525826877809d2c0f1a2903f24b7,LATENT_INDEX_2013_STATE_SD,MODEL_AND_LENGTH_SENSITIVITY_ENVELOPE,-0.22662168225830548
SD,2006,1.080384316738363,1.0309976451127545,-0.9403710676826358,3.696843938488935,MODEL_ESTIMATED,0,0,CPS_PARTICIPATION_AND_CEV_MEMBERSHIP_LATENT_MODEL,COMMON_SCALE_CPS_2013_ANCHOR,1,1,1,REGIME_BRIDGE_ASSUMPTION;EARLY_CPS_DESIGN_BREAKS;UNKNOWN_SAMPLING_SE_WAVES;BACKCAST;BACKCAST_MODEL_SENSITIVITY,S2_FINAL_20261002T002743Z|M2_L6|inherited_base_sha256:6552cee937979c00eae89960ca07a3f13358525826877809d2c0f1a2903f24b7,LATENT_INDEX_2013_STATE_SD,MODEL_AND_LENGTH_SENSITIVITY_ENVELOPE,-0.2360155953243373
SD,2007,1.035701412427243,0.8557776747823617,-0.6416228301461859,3.2229065713093665,MODEL_ESTIMATED,0,0,CPS_PARTICIPATION_AND_CEV_MEMBERSHIP_LATENT_MODEL,COMMON_SCALE_CPS_2013_ANCHOR,1,1,1,REGIME_BRIDGE_ASSUMPTION;EARLY_CPS_DESIGN_BREAKS;UNKNOWN_SAMPLING_SE_WAVES;BACKCAST;BACKCAST_MODEL_SENSITIVITY,S2_FINAL_20261002T002743Z|M2_L6|inherited_base_sha256:6552cee937979c00eae89960ca07a3f13358525826877809d2c0f1a2903f24b7,LATENT_INDEX_2013_STATE_SD,MODEL_AND_LENGTH_SENSITIVITY_ENVELOPE,-0.24547819979363056
SD,2008,0.9906353169322831,0.6482946191769753,-0.2800221366545884,2.6171512233927534,MODEL_ESTIMATED,0,0,CPS_PARTICIPATION_AND_CEV_MEMBERSHIP_LATENT_MODEL,COMMON_SCALE_CPS_2013_ANCHOR,1,1,1,REGIME_BRIDGE_ASSUMPTION;EARLY_CPS_DESIGN_BREAKS;UNKNOWN_SAMPLING_SE_WAVES;BACKCAST;BACKCAST_MODEL_SENSITIVITY;NO_DIRECT_OBSERVATION_AVAILABLE_IN_CURRENT_EVIDENCE,S2_FINAL_20261002T002743Z|M2_L6|inherited_base_sha256:6552cee937979c00eae89960ca07a3f13358525826877809d2c0f1a2903f24b7,LATENT_INDEX_2013_STATE_SD,MODEL_AND_LENGTH_SENSITIVITY_ENVELOPE,-0.2550219535674441
SD,2009,0.9451165345421989,0.3530560306502867,0.24371693188140703,1.6402393618244613,MODEL_ESTIMATED,0,1,CPS_PARTICIPATION_AND_CEV_MEMBERSHIP_LATENT_MODEL,COMMON_SCALE_CPS_2013_ANCHOR,1,0,1,REGIME_BRIDGE_ASSUMPTION;EARLY_CPS_DESIGN_BREAKS;UNKNOWN_SAMPLING_SE_WAVES,S2_FINAL_20261002T002743Z|M2_L6|inherited_base_sha256:6552cee937979c00eae89960ca07a3f13358525826877809d2c0f1a2903f24b7,LATENT_INDEX_2013_STATE_SD,MODEL_AND_LENGTH_SENSITIVITY_ENVELOPE,-0.2646615739171447
SD,2010,0.8324768215806984,0.3215177622424432,0.18145417589594348,1.5226761738113284,MODEL_ESTIMATED,0,1,CPS_PARTICIPATION_AND_CEV_MEMBERSHIP_LATENT_MODEL,COMMON_SCALE_CPS_2013_ANCHOR,1,0,1,REGIME_BRIDGE_ASSUMPTION;EARLY_CPS_DESIGN_BREAKS;UNKNOWN_SAMPLING_SE_WAVES,S2_FINAL_20261002T002743Z|M2_L6|inherited_base_sha256:6552cee937979c00eae89960ca07a3f13358525826877809d2c0f1a2903f24b7,LATENT_INDEX_2013_STATE_SD,MODEL_AND_LENGTH_SENSITIVITY_ENVELOPE,-0.28851555269766327
SD,2011,1.721757971241956,0.3123845316096789,1.0972378485995669,2.38707146887435,MODEL_ESTIMATED,0,1,CPS_PARTICIPATION_AND_CEV_MEMBERSHIP_LATENT_MODEL,COMMON_SCALE_CPS_2013_ANCHOR,1,0,1,REGIME_BRIDGE_ASSUMPTION;EARLY_CPS_DESIGN_BREAKS;UNKNOWN_SAMPLING_SE_WAVES,S2_FINAL_20261002T002743Z|M2_L6|inherited_base_sha256:6552cee937979c00eae89960ca07a3f13358525826877809d2c0f1a2903f24b7,LATENT_INDEX_2013_STATE_SD,MODEL_AND_LENGTH_SENSITIVITY_ENVELOPE,-0.10019037753332999
SD,2012,1.434777228665839,0.4934212393674527,0.24145642659587435,2.5275411039021467,MODEL_ESTIMATED,0,0,CPS_PARTICIPATION_AND_CEV_MEMBERSHIP_LATENT_MODEL,COMMON_SCALE_CPS_2013_ANCHOR,1,0,1,REGIME_BRIDGE_ASSUMPTION;EARLY_CPS_DESIGN_BREAKS;UNKNOWN_SAMPLING_SE_WAVES,S2_FINAL_20261002T002743Z|M2_L6|inherited_base_sha256:6552cee937979c00eae89960ca07a3f13358525826877809d2c0f1a2903f24b7,LATENT_INDEX_2013_STATE_SD,MODEL_AND_LENGTH_SENSITIVITY_ENVELOPE,-0.16096496905033741
SD,2013,1.1644506223948108,0.4027971010075782,0.26236234446118184,1.9730306027976037,MODEL_ESTIMATED,0,1,CPS_PARTICIPATION_AND_CEV_MEMBERSHIP_LATENT_MODEL,COMMON_SCALE_CPS_2013_ANCHOR,1,0,1,REGIME_BRIDGE_ASSUMPTION;EARLY_CPS_DESIGN_BREAKS;UNKNOWN_SAMPLING_SE_WAVES,S2_FINAL_20261002T002743Z|M2_L6|inherited_base_sha256:6552cee937979c00eae89960ca07a3f13358525826877809d2c0f1a2903f24b7,LATENT_INDEX_2013_STATE_SD,MODEL_AND_LENGTH_SENSITIVITY_ENVELOPE,-0.2182126746797251
SD,2014,1.1262715345614414,0.7171005514910073,-0.7407827047400128,2.5317886154838156,MODEL_ESTIMATED,0,0,CPS_PARTICIPATION_AND_CEV_MEMBERSHIP_LATENT_MODEL,COMMON_SCALE_CPS_2013_ANCHOR,1,0,1,REGIME_BRIDGE_ASSUMPTION;EARLY_CPS_DESIGN_BREAKS;UNKNOWN_SAMPLING_SE_WAVES;CPS_CEV_GAP,S2_FINAL_20261002T002743Z|M2_L6|inherited_base_sha256:6552cee937979c00eae89960ca07a3f13358525826877809d2c0f1a2903f24b7,LATENT_INDEX_2013_STATE_SD,MODEL_AND_LENGTH_SENSITIVITY_ENVELOPE,-0.22629795053041935
SD,2015,1.0985276064545166,1.0254342290218803,-1.3187230808773087,3.108378695337402,MODEL_ESTIMATED,0,0,CPS_PARTICIPATION_AND_CEV_MEMBERSHIP_LATENT_MODEL,COMMON_SCALE_CPS_2013_ANCHOR,1,0,1,REGIME_BRIDGE_ASSUMPTION;EARLY_CPS_DESIGN_BREAKS;UNKNOWN_SAMPLING_SE_WAVES;CPS_CEV_GAP,S2_FINAL_20261002T002743Z|M2_L6|inherited_base_sha256:6552cee937979c00eae89960ca07a3f13358525826877809d2c0f1a2903f24b7,LATENT_INDEX_2013_STATE_SD,MODEL_AND_LENGTH_SENSITIVITY_ENVELOPE,-0.23217334789206756
SD,2016,1.081631628533379,1.3359354196346145,-1.6444142034534222,3.7000650510172233,MODEL_ESTIMATED,0,0,CPS_PARTICIPATION_AND_CEV_MEMBERSHIP_LATENT_MODEL,COMMON_SCALE_CPS_2013_ANCHOR,1,0,1,REGIME_BRIDGE_ASSUMPTION;EARLY_CPS_DESIGN_BREAKS;UNKNOWN_SAMPLING_SE_WAVES;CPS_CEV_GAP,S2_FINAL_20261002T002743Z|M2_L6|inherited_base_sha256:6552cee937979c00eae89960ca07a3f13358525826877809d2c0f1a2903f24b7,LATENT_INDEX_2013_STATE_SD,MODEL_AND_LENGTH_SENSITIVITY_ENVELOPE,-0.23575144915147583
SD,2017,1.0762984213808302,1.6573735574334592,-2.1721537511887496,4.3247505939504105,MODEL_ESTIMATED,0,1,CPS_PARTICIPATION_AND_CEV_MEMBERSHIP_LATENT_MODEL,COMMON_SCALE_CPS_2013_ANCHOR,1,0,1,REGIME_BRIDGE_ASSUMPTION;EARLY_CPS_DESIGN_BREAKS;UNKNOWN_SAMPLING_SE_WAVES,S2_FINAL_20261002T002743Z|M2_L6|inherited_base_sha256:6552cee937979c00eae89960ca07a3f13358525826877809d2c0f1a2903f24b7,LATENT_INDEX_2013_STATE_SD,MODEL_AND_LENGTH_SENSITIVITY_ENVELOPE,-0.23688087506090166
SD,2018,1.3054717990556546,1.6790305652960789,-1.98542810892466,4.596371707035969,MODEL_ESTIMATED,0,0,CPS_PARTICIPATION_AND_CEV_MEMBERSHIP_LATENT_MODEL,COMMON_SCALE_CPS_2013_ANCHOR,1,0,1,REGIME_BRIDGE_ASSUMPTION;EARLY_CPS_DESIGN_BREAKS;UNKNOWN_SAMPLING_SE_WAVES,S2_FINAL_20261002T002743Z|M2_L6|inherited_base_sha256:6552cee937979c00eae89960ca07a3f13358525826877809d2c0f1a2903f24b7,LATENT_INDEX_2013_STATE_SD,MODEL_AND_LENGTH_SENSITIVITY_ENVELOPE,-0.18834828611526477
SD,2019,1.5548106178173315,1.6476477472201208,-1.674578966734105,4.784200202368768,MODEL_ESTIMATED,0,1,CPS_PARTICIPATION_AND_CEV_MEMBERSHIP_LATENT_MODEL,COMMON_SCALE_CPS_2013_ANCHOR,1,0,1,REGIME_BRIDGE_ASSUMPTION;EARLY_CPS_DESIGN_BREAKS;UNKNOWN_SAMPLING_SE_WAVES,S2_FINAL_20261002T002743Z|M2_L6|inherited_base_sha256:6552cee937979c00eae89960ca07a3f13358525826877809d2c0f1a2903f24b7,LATENT_INDEX_2013_STATE_SD,MODEL_AND_LENGTH_SENSITIVITY_ENVELOPE,-0.1355452139524877
SD,2020,1.110125617477111,1.6845042982909844,-2.191502807173218,4.41175404212744,MODEL_ESTIMATED,0,0,CPS_PARTICIPATION_AND_CEV_MEMBERSHIP_LATENT_MODEL,COMMON_SCALE_CPS_2013_ANCHOR,1,0,1,REGIME_BRIDGE_ASSUMPTION;EARLY_CPS_DESIGN_BREAKS;UNKNOWN_SAMPLING_SE_WAVES,S2_FINAL_20261002T002743Z|M2_L6|inherited_base_sha256:6552cee937979c00eae89960ca07a3f13358525826877809d2c0f1a2903f24b7,LATENT_INDEX_2013_STATE_SD,MODEL_AND_LENGTH_SENSITIVITY_ENVELOPE,-0.22971720963003428
SD,2021,0.6825376843812718,1.6554673808328237,-2.562178382051063,3.9272537508136063,MODEL_ESTIMATED,0,1,CPS_PARTICIPATION_AND_CEV_MEMBERSHIP_LATENT_MODEL,COMMON_SCALE_CPS_2013_ANCHOR,1,0,1,REGIME_BRIDGE_ASSUMPTION;EARLY_CPS_DESIGN_BREAKS;UNKNOWN_SAMPLING_SE_WAVES,S2_FINAL_20261002T002743Z|M2_L6|inherited_base_sha256:6552cee937979c00eae89960ca07a3f13358525826877809d2c0f1a2903f24b7,LATENT_INDEX_2013_STATE_SD,MODEL_AND_LENGTH_SENSITIVITY_ENVELOPE,-0.3202685188859459
SD,2022,0.5329223853167293,1.697472871025007,-2.7941244418922846,3.859969212525743,MODEL_ESTIMATED,0,0,CPS_PARTICIPATION_AND_CEV_MEMBERSHIP_LATENT_MODEL,COMMON_SCALE_CPS_2013_ANCHOR,1,0,1,REGIME_BRIDGE_ASSUMPTION;EARLY_CPS_DESIGN_BREAKS;UNKNOWN_SAMPLING_SE_WAVES,S2_FINAL_20261002T002743Z|M2_L6|inherited_base_sha256:6552cee937979c00eae89960ca07a3f13358525826877809d2c0f1a2903f24b7,LATENT_INDEX_2013_STATE_SD,MODEL_AND_LENGTH_SENSITIVITY_ENVELOPE,-0.3519529051054524
SD,2023,0.38670406304860727,1.673261246626813,-2.8928879803399465,3.666296106437161,MODEL_ESTIMATED,0,1,CPS_PARTICIPATION_AND_CEV_MEMBERSHIP_LATENT_MODEL,COMMON_SCALE_CPS_2013_ANCHOR,1,0,1,REGIME_BRIDGE_ASSUMPTION;EARLY_CPS_DESIGN_BREAKS;UNKNOWN_SAMPLING_SE_WAVES,S2_FINAL_20261002T002743Z|M2_L6|inherited_base_sha256:6552cee937979c00eae89960ca07a3f13358525826877809d2c0f1a2903f24b7,LATENT_INDEX_2013_STATE_SD,MODEL_AND_LENGTH_SENSITIVITY_ENVELOPE,-0.3829179055036596
TN,2000,-0.1663640164400416,1.8816206648837996,-3.854340519612289,4.72289957708046,MODEL_ESTIMATED,0,0,CPS_PARTICIPATION_AND_CEV_MEMBERSHIP_LATENT_MODEL,COMMON_SCALE_CPS_2013_ANCHOR,1,1,1,REGIME_BRIDGE_ASSUMPTION;EARLY_CPS_DESIGN_BREAKS;UNKNOWN_SAMPLING_SE_WAVES;BACKCAST;BACKCAST_MODEL_SENSITIVITY,S2_FINAL_20261002T002743Z|M2_L6|inherited_base_sha256:6552cee937979c00eae89960ca07a3f13358525826877809d2c0f1a2903f24b7,LATENT_INDEX_2013_STATE_SD,MODEL_AND_LENGTH_SENSITIVITY_ENVELOPE,-0.500042442538068
TN,2001,-0.2287504601435592,1.7482220321152666,-3.6552656430894817,4.285658318606358,MODEL_ESTIMATED,0,0,CPS_PARTICIPATION_AND_CEV_MEMBERSHIP_LATENT_MODEL,COMMON_SCALE_CPS_2013_ANCHOR,1,1,1,REGIME_BRIDGE_ASSUMPTION;EARLY_CPS_DESIGN_BREAKS;UNKNOWN_SAMPLING_SE_WAVES;BACKCAST;BACKCAST_MODEL_SENSITIVITY,S2_FINAL_20261002T002743Z|M2_L6|inherited_base_sha256:6552cee937979c00eae89960ca07a3f13358525826877809d2c0f1a2903f24b7,LATENT_INDEX_2013_STATE_SD,MODEL_AND_LENGTH_SENSITIVITY_ENVELOPE,-0.5132541674721005
TN,2002,-0.29473081624429426,1.6135441477844443,-3.4572773459018054,3.837980210120208,MODEL_ESTIMATED,0,0,CPS_PARTICIPATION_AND_CEV_MEMBERSHIP_LATENT_MODEL,COMMON_SCALE_CPS_2013_ANCHOR,1,1,1,REGIME_BRIDGE_ASSUMPTION;EARLY_CPS_DESIGN_BREAKS;UNKNOWN_SAMPLING_SE_WAVES;BACKCAST;BACKCAST_MODEL_SENSITIVITY,S2_FINAL_20261002T002743Z|M2_L6|inherited_base_sha256:6552cee937979c00eae89960ca07a3f13358525826877809d2c0f1a2903f24b7,LATENT_INDEX_2013_STATE_SD,MODEL_AND_LENGTH_SENSITIVITY_ENVELOPE,-0.5272269837460193
TN,2003,-0.36495687817841177,1.476589433429499,-3.25907216770023,3.3774491867781427,MODEL_ESTIMATED,0,0,CPS_PARTICIPATION_AND_CEV_MEMBERSHIP_LATENT_MODEL,COMMON_SCALE_CPS_2013_ANCHOR,1,1,1,REGIME_BRIDGE_ASSUMPTION;EARLY_CPS_DESIGN_BREAKS;UNKNOWN_SAMPLING_SE_WAVES;BACKCAST;BACKCAST_MODEL_SENSITIVITY,S2_FINAL_20261002T002743Z|M2_L6|inherited_base_sha256:6552cee937979c00eae89960ca07a3f13358525826877809d2c0f1a2903f24b7,LATENT_INDEX_2013_STATE_SD,MODEL_AND_LENGTH_SENSITIVITY_ENVELOPE,-0.5420989231994551
TN,2004,-0.4401986489087526,1.3358185408440424,-3.0617734945267556,2.9006576248834812,MODEL_ESTIMATED,0,0,CPS_PARTICIPATION_AND_CEV_MEMBERSHIP_LATENT_MODEL,COMMON_SCALE_CPS_2013_ANCHOR,1,1,1,REGIME_BRIDGE_ASSUMPTION;EARLY_CPS_DESIGN_BREAKS;UNKNOWN_SAMPLING_SE_WAVES;BACKCAST;BACKCAST_MODEL_SENSITIVITY,S2_FINAL_20261002T002743Z|M2_L6|inherited_base_sha256:6552cee937979c00eae89960ca07a3f13358525826877809d2c0f1a2903f24b7,LATENT_INDEX_2013_STATE_SD,MODEL_AND_LENGTH_SENSITIVITY_ENVELOPE,-0.5580330511834606
TN,2005,-0.5213657794534227,1.1887985592339052,-2.8537888513536616,2.456030643340485,MODEL_ESTIMATED,0,0,CPS_PARTICIPATION_AND_CEV_MEMBERSHIP_LATENT_MODEL,COMMON_SCALE_CPS_2013_ANCHOR,1,1,1,REGIME_BRIDGE_ASSUMPTION;EARLY_CPS_DESIGN_BREAKS;UNKNOWN_SAMPLING_SE_WAVES;BACKCAST;BACKCAST_MODEL_SENSITIVITY,S2_FINAL_20261002T002743Z|M2_L6|inherited_base_sha256:6552cee937979c00eae89960ca07a3f13358525826877809d2c0f1a2903f24b7,LATENT_INDEX_2013_STATE_SD,MODEL_AND_LENGTH_SENSITIVITY_ENVELOPE,-0.575222006648483
TN,2006,-0.609532895514719,1.0315119170021312,-2.631296252838896,2.0146727059911886,MODEL_ESTIMATED,0,0,CPS_PARTICIPATION_AND_CEV_MEMBERSHIP_LATENT_MODEL,COMMON_SCALE_CPS_2013_ANCHOR,1,1,1,REGIME_BRIDGE_ASSUMPTION;EARLY_CPS_DESIGN_BREAKS;UNKNOWN_SAMPLING_SE_WAVES;BACKCAST;BACKCAST_MODEL_SENSITIVITY,S2_FINAL_20261002T002743Z|M2_L6|inherited_base_sha256:6552cee937979c00eae89960ca07a3f13358525826877809d2c0f1a2903f24b7,LATENT_INDEX_2013_STATE_SD,MODEL_AND_LENGTH_SENSITIVITY_ENVELOPE,-0.5938933656245532
TN,2007,-0.7059695173559934,0.8567527925243121,-2.3852049907036452,1.4912421956341542,MODEL_ESTIMATED,0,0,CPS_PARTICIPATION_AND_CEV_MEMBERSHIP_LATENT_MODEL,COMMON_SCALE_CPS_2013_ANCHOR,1,1,1,REGIME_BRIDGE_ASSUMPTION;EARLY_CPS_DESIGN_BREAKS;UNKNOWN_SAMPLING_SE_WAVES;BACKCAST;BACKCAST_MODEL_SENSITIVITY,S2_FINAL_20261002T002743Z|M2_L6|inherited_base_sha256:6552cee937979c00eae89960ca07a3f13358525826877809d2c0f1a2903f24b7,LATENT_INDEX_2013_STATE_SD,MODEL_AND_LENGTH_SENSITIVITY_ENVELOPE,-0.6143159774244689
TN,2008,-0.8121754059597066,0.6491543738242077,-2.0845179786551538,0.8164633631726982,MODEL_ESTIMATED,0,0,CPS_PARTICIPATION_AND_CEV_MEMBERSHIP_LATENT_MODEL,COMMON_SCALE_CPS_2013_ANCHOR,1,1,1,REGIME_BRIDGE_ASSUMPTION;EARLY_CPS_DESIGN_BREAKS;UNKNOWN_SAMPLING_SE_WAVES;BACKCAST;BACKCAST_MODEL_SENSITIVITY;NO_DIRECT_OBSERVATION_AVAILABLE_IN_CURRENT_EVIDENCE,S2_FINAL_20261002T002743Z|M2_L6|inherited_base_sha256:6552cee937979c00eae89960ca07a3f13358525826877809d2c0f1a2903f24b7,LATENT_INDEX_2013_STATE_SD,MODEL_AND_LENGTH_SENSITIVITY_ENVELOPE,-0.6368074499833967
TN,2009,-0.9299223195792645,0.3561654642343034,-1.6557861948499693,-0.21648942167847043,MODEL_ESTIMATED,0,1,CPS_PARTICIPATION_AND_CEV_MEMBERSHIP_LATENT_MODEL,COMMON_SCALE_CPS_2013_ANCHOR,1,0,1,REGIME_BRIDGE_ASSUMPTION;EARLY_CPS_DESIGN_BREAKS;UNKNOWN_SAMPLING_SE_WAVES,S2_FINAL_20261002T002743Z|M2_L6|inherited_base_sha256:6552cee937979c00eae89960ca07a3f13358525826877809d2c0f1a2903f24b7,LATENT_INDEX_2013_STATE_SD,MODEL_AND_LENGTH_SENSITIVITY_ENVELOPE,-0.6617429927427474
TN,2010,-1.0915393558761932,0.3253453030040752,-1.7568442619447562,-0.45386256198820585,MODEL_ESTIMATED,0,1,CPS_PARTICIPATION_AND_CEV_MEMBERSHIP_LATENT_MODEL,COMMON_SCALE_CPS_2013_ANCHOR,1,0,1,REGIME_BRIDGE_ASSUMPTION;EARLY_CPS_DESIGN_BREAKS;UNKNOWN_SAMPLING_SE_WAVES,S2_FINAL_20261002T002743Z|M2_L6|inherited_base_sha256:6552cee937979c00eae89960ca07a3f13358525826877809d2c0f1a2903f24b7,LATENT_INDEX_2013_STATE_SD,MODEL_AND_LENGTH_SENSITIVITY_ENVELOPE,-0.6959690152798869
TN,2011,-0.06964563800884047,0.3316914302276755,-0.7423836756339043,0.6386497005105379,MODEL_ESTIMATED,0,1,CPS_PARTICIPATION_AND_CEV_MEMBERSHIP_LATENT_MODEL,COMMON_SCALE_CPS_2013_ANCHOR,1,0,1,REGIME_BRIDGE_ASSUMPTION;EARLY_CPS_DESIGN_BREAKS;UNKNOWN_SAMPLING_SE_WAVES,S2_FINAL_20261002T002743Z|M2_L6|inherited_base_sha256:6552cee937979c00eae89960ca07a3f13358525826877809d2c0f1a2903f24b7,LATENT_INDEX_2013_STATE_SD,MODEL_AND_LENGTH_SENSITIVITY_ENVELOPE,-0.4795601624778143
TN,2012,-0.23102031818159524,0.49941808478625976,-1.4011470560425925,0.906848824936941,MODEL_ESTIMATED,0,0,CPS_PARTICIPATION_AND_CEV_MEMBERSHIP_LATENT_MODEL,COMMON_SCALE_CPS_2013_ANCHOR,1,0,1,REGIME_BRIDGE_ASSUMPTION;EARLY_CPS_DESIGN_BREAKS;UNKNOWN_SAMPLING_SE_WAVES,S2_FINAL_20261002T002743Z|M2_L6|inherited_base_sha256:6552cee937979c00eae89960ca07a3f13358525826877809d2c0f1a2903f24b7,LATENT_INDEX_2013_STATE_SD,MODEL_AND_LENGTH_SENSITIVITY_ENVELOPE,-0.5137348606845611
TN,2013,-0.38301446044813087,0.4049340579362361,-1.2191777296799655,0.4983563758454934,MODEL_ESTIMATED,0,1,CPS_PARTICIPATION_AND_CEV_MEMBERSHIP_LATENT_MODEL,COMMON_SCALE_CPS_2013_ANCHOR,1,0,1,REGIME_BRIDGE_ASSUMPTION;EARLY_CPS_DESIGN_BREAKS;UNKNOWN_SAMPLING_SE_WAVES,S2_FINAL_20261002T002743Z|M2_L6|inherited_base_sha256:6552cee937979c00eae89960ca07a3f13358525826877809d2c0f1a2903f24b7,LATENT_INDEX_2013_STATE_SD,MODEL_AND_LENGTH_SENSITIVITY_ENVELOPE,-0.5459230201628109
TN,2014,-0.44069317177798606,0.7161417467379457,-2.248931089765877,0.9629446518283875,MODEL_ESTIMATED,0,0,CPS_PARTICIPATION_AND_CEV_MEMBERSHIP_LATENT_MODEL,COMMON_SCALE_CPS_2013_ANCHOR,1,0,1,REGIME_BRIDGE_ASSUMPTION;EARLY_CPS_DESIGN_BREAKS;UNKNOWN_SAMPLING_SE_WAVES;CPS_CEV_GAP,S2_FINAL_20261002T002743Z|M2_L6|inherited_base_sha256:6552cee937979c00eae89960ca07a3f13358525826877809d2c0f1a2903f24b7,LATENT_INDEX_2013_STATE_SD,MODEL_AND_LENGTH_SENSITIVITY_ENVELOPE,-0.5581377774626656
TN,2015,-0.4924586042199968,1.0237453598673196,-2.849269983805021,1.5140823011199496,MODEL_ESTIMATED,0,0,CPS_PARTICIPATION_AND_CEV_MEMBERSHIP_LATENT_MODEL,COMMON_SCALE_CPS_2013_ANCHOR,1,0,1,REGIME_BRIDGE_ASSUMPTION;EARLY_CPS_DESIGN_BREAKS;UNKNOWN_SAMPLING_SE_WAVES;CPS_CEV_GAP,S2_FINAL_20261002T002743Z|M2_L6|inherited_base_sha256:6552cee937979c00eae89960ca07a3f13358525826877809d2c0f1a2903f24b7,LATENT_INDEX_2013_STATE_SD,MODEL_AND_LENGTH_SENSITIVITY_ENVELOPE,-0.5691002656879165
TN,2016,-0.5385667773476314,1.3323068692111857,-3.1945442280427985,2.0727546863062924,MODEL_ESTIMATED,0,0,CPS_PARTICIPATION_AND_CEV_MEMBERSHIP_LATENT_MODEL,COMMON_SCALE_CPS_2013_ANCHOR,1,0,1,REGIME_BRIDGE_ASSUMPTION;EARLY_CPS_DESIGN_BREAKS;UNKNOWN_SAMPLING_SE_WAVES;CPS_CEV_GAP,S2_FINAL_20261002T002743Z|M2_L6|inherited_base_sha256:6552cee937979c00eae89960ca07a3f13358525826877809d2c0f1a2903f24b7,LATENT_INDEX_2013_STATE_SD,MODEL_AND_LENGTH_SENSITIVITY_ENVELOPE,-0.5788647027099728
TN,2017,-0.5791162005411934,1.649948764461918,-3.8130157788865526,2.654783377804166,MODEL_ESTIMATED,0,1,CPS_PARTICIPATION_AND_CEV_MEMBERSHIP_LATENT_MODEL,COMMON_SCALE_CPS_2013_ANCHOR,1,0,1,REGIME_BRIDGE_ASSUMPTION;EARLY_CPS_DESIGN_BREAKS;UNKNOWN_SAMPLING_SE_WAVES,S2_FINAL_20261002T002743Z|M2_L6|inherited_base_sha256:6552cee937979c00eae89960ca07a3f13358525826877809d2c0f1a2903f24b7,LATENT_INDEX_2013_STATE_SD,MODEL_AND_LENGTH_SENSITIVITY_ENVELOPE,-0.587451950093603
TN,2018,-0.5762336179268078,1.6765986735956746,-3.86236701817433,2.7098997823207145,MODEL_ESTIMATED,0,0,CPS_PARTICIPATION_AND_CEV_MEMBERSHIP_LATENT_MODEL,COMMON_SCALE_CPS_2013_ANCHOR,1,0,1,REGIME_BRIDGE_ASSUMPTION;EARLY_CPS_DESIGN_BREAKS;UNKNOWN_SAMPLING_SE_WAVES,S2_FINAL_20261002T002743Z|M2_L6|inherited_base_sha256:6552cee937979c00eae89960ca07a3f13358525826877809d2c0f1a2903f24b7,LATENT_INDEX_2013_STATE_SD,MODEL_AND_LENGTH_SENSITIVITY_ENVELOPE,-0.5868414987464822
TN,2019,-0.5664705292873934,1.649448058142038,-3.7993887232457877,2.666447664671001,MODEL_ESTIMATED,0,1,CPS_PARTICIPATION_AND_CEV_MEMBERSHIP_LATENT_MODEL,COMMON_SCALE_CPS_2013_ANCHOR,1,0,1,REGIME_BRIDGE_ASSUMPTION;EARLY_CPS_DESIGN_BREAKS;UNKNOWN_SAMPLING_SE_WAVES,S2_FINAL_20261002T002743Z|M2_L6|inherited_base_sha256:6552cee937979c00eae89960ca07a3f13358525826877809d2c0f1a2903f24b7,LATENT_INDEX_2013_STATE_SD,MODEL_AND_LENGTH_SENSITIVITY_ENVELOPE,-0.5847739463432147
TN,2020,-1.0901554804856552,1.6900725119460906,-4.402697603899993,2.222386642928682,MODEL_ESTIMATED,0,0,CPS_PARTICIPATION_AND_CEV_MEMBERSHIP_LATENT_MODEL,COMMON_SCALE_CPS_2013_ANCHOR,1,0,1,REGIME_BRIDGE_ASSUMPTION;EARLY_CPS_DESIGN_BREAKS;UNKNOWN_SAMPLING_SE_WAVES,S2_FINAL_20261002T002743Z|M2_L6|inherited_base_sha256:6552cee937979c00eae89960ca07a3f13358525826877809d2c0f1a2903f24b7,LATENT_INDEX_2013_STATE_SD,MODEL_AND_LENGTH_SENSITIVITY_ENVELOPE,-0.6956759487109756
TN,2021,-1.6188981274970091,1.676140435641656,-4.904133381354654,1.6663371263606366,MODEL_ESTIMATED,0,1,CPS_PARTICIPATION_AND_CEV_MEMBERSHIP_LATENT_MODEL,COMMON_SCALE_CPS_2013_ANCHOR,1,0,1,REGIME_BRIDGE_ASSUMPTION;EARLY_CPS_DESIGN_BREAKS;UNKNOWN_SAMPLING_SE_WAVES,S2_FINAL_20261002T002743Z|M2_L6|inherited_base_sha256:6552cee937979c00eae89960ca07a3f13358525826877809d2c0f1a2903f24b7,LATENT_INDEX_2013_STATE_SD,MODEL_AND_LENGTH_SENSITIVITY_ENVELOPE,-0.8076490312993072
TN,2022,-1.281506595508239,1.6972831204949526,-4.608181511678346,2.045168320661868,MODEL_ESTIMATED,0,0,CPS_PARTICIPATION_AND_CEV_MEMBERSHIP_LATENT_MODEL,COMMON_SCALE_CPS_2013_ANCHOR,1,0,1,REGIME_BRIDGE_ASSUMPTION;EARLY_CPS_DESIGN_BREAKS;UNKNOWN_SAMPLING_SE_WAVES,S2_FINAL_20261002T002743Z|M2_L6|inherited_base_sha256:6552cee937979c00eae89960ca07a3f13358525826877809d2c0f1a2903f24b7,LATENT_INDEX_2013_STATE_SD,MODEL_AND_LENGTH_SENSITIVITY_ENVELOPE,-0.7361988275196014
TN,2023,-0.9521299019816294,1.6586667891197178,-4.203116808656276,2.2988570046930175,MODEL_ESTIMATED,0,1,CPS_PARTICIPATION_AND_CEV_MEMBERSHIP_LATENT_MODEL,COMMON_SCALE_CPS_2013_ANCHOR,1,0,1,REGIME_BRIDGE_ASSUMPTION;EARLY_CPS_DESIGN_BREAKS;UNKNOWN_SAMPLING_SE_WAVES,S2_FINAL_20261002T002743Z|M2_L6|inherited_base_sha256:6552cee937979c00eae89960ca07a3f13358525826877809d2c0f1a2903f24b7,LATENT_INDEX_2013_STATE_SD,MODEL_AND_LENGTH_SENSITIVITY_ENVELOPE,-0.6664459450627137
TX,2000,-0.623122821519285,1.881687147875669,-4.311229631355596,4.497308093235594,MODEL_ESTIMATED,0,0,CPS_PARTICIPATION_AND_CEV_MEMBERSHIP_LATENT_MODEL,COMMON_SCALE_CPS_2013_ANCHOR,1,1,1,REGIME_BRIDGE_ASSUMPTION;EARLY_CPS_DESIGN_BREAKS;UNKNOWN_SAMPLING_SE_WAVES;BACKCAST;BACKCAST_MODEL_SENSITIVITY,S2_FINAL_20261002T002743Z|M2_L6|inherited_base_sha256:6552cee937979c00eae89960ca07a3f13358525826877809d2c0f1a2903f24b7,LATENT_INDEX_2013_STATE_SD,MODEL_AND_LENGTH_SENSITIVITY_ENVELOPE,-0.5967713364398067
TX,2001,-0.6620744721848485,1.7459236736858885,-4.08408487260919,4.0789536943162075,MODEL_ESTIMATED,0,0,CPS_PARTICIPATION_AND_CEV_MEMBERSHIP_LATENT_MODEL,COMMON_SCALE_CPS_2013_ANCHOR,1,1,1,REGIME_BRIDGE_ASSUMPTION;EARLY_CPS_DESIGN_BREAKS;UNKNOWN_SAMPLING_SE_WAVES;BACKCAST;BACKCAST_MODEL_SENSITIVITY,S2_FINAL_20261002T002743Z|M2_L6|inherited_base_sha256:6552cee937979c00eae89960ca07a3f13358525826877809d2c0f1a2903f24b7,LATENT_INDEX_2013_STATE_SD,MODEL_AND_LENGTH_SENSITIVITY_ENVELOPE,-0.6050202197511492
TX,2002,-0.7003698915068387,1.6088279528024967,-3.8536726789997324,3.6517461622964915,MODEL_ESTIMATED,0,0,CPS_PARTICIPATION_AND_CEV_MEMBERSHIP_LATENT_MODEL,COMMON_SCALE_CPS_2013_ANCHOR,1,1,1,REGIME_BRIDGE_ASSUMPTION;EARLY_CPS_DESIGN_BREAKS;UNKNOWN_SAMPLING_SE_WAVES;BACKCAST;BACKCAST_MODEL_SENSITIVITY,S2_FINAL_20261002T002743Z|M2_L6|inherited_base_sha256:6552cee937979c00eae89960ca07a3f13358525826877809d2c0f1a2903f24b7,LATENT_INDEX_2013_STATE_SD,MODEL_AND_LENGTH_SENSITIVITY_ENVELOPE,-0.6131301313966986
TX,2003,-0.7378900650978624,1.469577314198647,-3.6182616009272106,3.2133812563699466,MODEL_ESTIMATED,0,0,CPS_PARTICIPATION_AND_CEV_MEMBERSHIP_LATENT_MODEL,COMMON_SCALE_CPS_2013_ANCHOR,1,1,1,REGIME_BRIDGE_ASSUMPTION;EARLY_CPS_DESIGN_BREAKS;UNKNOWN_SAMPLING_SE_WAVES;BACKCAST;BACKCAST_MODEL_SENSITIVITY,S2_FINAL_20261002T002743Z|M2_L6|inherited_base_sha256:6552cee937979c00eae89960ca07a3f13358525826877809d2c0f1a2903f24b7,LATENT_INDEX_2013_STATE_SD,MODEL_AND_LENGTH_SENSITIVITY_ENVELOPE,-0.6210758674177728
TX,2004,-0.7744943940720672,1.3268934831663728,-3.375205621078158,2.7605560193871237,MODEL_ESTIMATED,0,0,CPS_PARTICIPATION_AND_CEV_MEMBERSHIP_LATENT_MODEL,COMMON_SCALE_CPS_2013_ANCHOR,1,1,1,REGIME_BRIDGE_ASSUMPTION;EARLY_CPS_DESIGN_BREAKS;UNKNOWN_SAMPLING_SE_WAVES;BACKCAST;BACKCAST_MODEL_SENSITIVITY,S2_FINAL_20261002T002743Z|M2_L6|inherited_base_sha256:6552cee937979c00eae89960ca07a3f13358525826877809d2c0f1a2903f24b7,LATENT_INDEX_2013_STATE_SD,MODEL_AND_LENGTH_SENSITIVITY_ENVELOPE,-0.6288276528553319
TX,2005,-0.8100167804716346,1.178703030026698,-3.120274719323963,2.2882555497276558,MODEL_ESTIMATED,0,0,CPS_PARTICIPATION_AND_CEV_MEMBERSHIP_LATENT_MODEL,COMMON_SCALE_CPS_2013_ANCHOR,1,1,1,REGIME_BRIDGE_ASSUMPTION;EARLY_CPS_DESIGN_BREAKS;UNKNOWN_SAMPLING_SE_WAVES;BACKCAST;BACKCAST_MODEL_SENSITIVITY,S2_FINAL_20261002T002743Z|M2_L6|inherited_base_sha256:6552cee937979c00eae89960ca07a3f13358525826877809d2c0f1a2903f24b7,LATENT_INDEX_2013_STATE_SD,MODEL_AND_LENGTH_SENSITIVITY_ENVELOPE,-0.636350312751476
TX,2006,-0.8442610027445283,1.0214218049633053,-2.8462477404726068,1.7882233810916797,MODEL_ESTIMATED,0,0,CPS_PARTICIPATION_AND_CEV_MEMBERSHIP_LATENT_MODEL,COMMON_SCALE_CPS_2013_ANCHOR,1,1,1,REGIME_BRIDGE_ASSUMPTION;EARLY_CPS_DESIGN_BREAKS;UNKNOWN_SAMPLING_SE_WAVES;BACKCAST;BACKCAST_MODEL_SENSITIVITY,S2_FINAL_20261002T002743Z|M2_L6|inherited_base_sha256:6552cee937979c00eae89960ca07a3f13358525826877809d2c0f1a2903f24b7,LATENT_INDEX_2013_STATE_SD,MODEL_AND_LENGTH_SENSITIVITY_ENVELOPE,-0.6436022928034153
TX,2007,-0.8769952525170237,0.8481914260250223,-2.5465580984593954,1.2450737629513908,MODEL_ESTIMATED,0,0,CPS_PARTICIPATION_AND_CEV_MEMBERSHIP_LATENT_MODEL,COMMON_SCALE_CPS_2013_ANCHOR,1,1,1,REGIME_BRIDGE_ASSUMPTION;EARLY_CPS_DESIGN_BREAKS;UNKNOWN_SAMPLING_SE_WAVES;BACKCAST;BACKCAST_MODEL_SENSITIVITY,S2_FINAL_20261002T002743Z|M2_L6|inherited_base_sha256:6552cee937979c00eae89960ca07a3f13358525826877809d2c0f1a2903f24b7,LATENT_INDEX_2013_STATE_SD,MODEL_AND_LENGTH_SENSITIVITY_ENVELOPE,-0.6505345024028502
TX,2008,-0.9079456805530448,0.6431946787603114,-2.261129855044064,0.6231203232060705,MODEL_ESTIMATED,0,0,CPS_PARTICIPATION_AND_CEV_MEMBERSHIP_LATENT_MODEL,COMMON_SCALE_CPS_2013_ANCHOR,1,1,1,REGIME_BRIDGE_ASSUMPTION;EARLY_CPS_DESIGN_BREAKS;UNKNOWN_SAMPLING_SE_WAVES;BACKCAST;BACKCAST_MODEL_SENSITIVITY;NO_DIRECT_OBSERVATION_AVAILABLE_IN_CURRENT_EVIDENCE,S2_FINAL_20261002T002743Z|M2_L6|inherited_base_sha256:6552cee937979c00eae89960ca07a3f13358525826877809d2c0f1a2903f24b7,LATENT_INDEX_2013_STATE_SD,MODEL_AND_LENGTH_SENSITIVITY_ENVELOPE,-0.6570889478484947
TX,2009,-0.9367887722059584,0.3475904324373638,-1.6832920509549694,-0.2227898197902707,MODEL_ESTIMATED,0,1,CPS_PARTICIPATION_AND_CEV_MEMBERSHIP_LATENT_MODEL,COMMON_SCALE_CPS_2013_ANCHOR,1,0,1,REGIME_BRIDGE_ASSUMPTION;EARLY_CPS_DESIGN_BREAKS;UNKNOWN_SAMPLING_SE_WAVES,S2_FINAL_20261002T002743Z|M2_L6|inherited_base_sha256:6552cee937979c00eae89960ca07a3f13358525826877809d2c0f1a2903f24b7,LATENT_INDEX_2013_STATE_SD,MODEL_AND_LENGTH_SENSITIVITY_ENVELOPE,-0.6631971176774458
TX,2010,-1.091732789083699,0.29784144892915854,-1.7342509640086812,-0.49933539109149616,MODEL_ESTIMATED,0,1,CPS_PARTICIPATION_AND_CEV_MEMBERSHIP_LATENT_MODEL,COMMON_SCALE_CPS_2013_ANCHOR,1,0,1,REGIME_BRIDGE_ASSUMPTION;EARLY_CPS_DESIGN_BREAKS;UNKNOWN_SAMPLING_SE_WAVES,S2_FINAL_20261002T002743Z|M2_L6|inherited_base_sha256:6552cee937979c00eae89960ca07a3f13358525826877809d2c0f1a2903f24b7,LATENT_INDEX_2013_STATE_SD,MODEL_AND_LENGTH_SENSITIVITY_ENVELOPE,-0.6960099790883517
TX,2011,-0.11581785427950037,0.20729991738036554,-0.5306735267139244,0.30892087359528875,MODEL_ESTIMATED,0,1,CPS_PARTICIPATION_AND_CEV_MEMBERSHIP_LATENT_MODEL,COMMON_SCALE_CPS_2013_ANCHOR,1,0,1,REGIME_BRIDGE_ASSUMPTION;EARLY_CPS_DESIGN_BREAKS;UNKNOWN_SAMPLING_SE_WAVES,S2_FINAL_20261002T002743Z|M2_L6|inherited_base_sha256:6552cee937979c00eae89960ca07a3f13358525826877809d2c0f1a2903f24b7,LATENT_INDEX_2013_STATE_SD,MODEL_AND_LENGTH_SENSITIVITY_ENVELOPE,-0.4893381620679436
TX,2012,-0.42208553728154513,0.43509403117936496,-1.5197983165650233,0.5707697596072057,MODEL_ESTIMATED,0,0,CPS_PARTICIPATION_AND_CEV_MEMBERSHIP_LATENT_MODEL,COMMON_SCALE_CPS_2013_ANCHOR,1,0,1,REGIME_BRIDGE_ASSUMPTION;EARLY_CPS_DESIGN_BREAKS;UNKNOWN_SAMPLING_SE_WAVES,S2_FINAL_20261002T002743Z|M2_L6|inherited_base_sha256:6552cee937979c00eae89960ca07a3f13358525826877809d2c0f1a2903f24b7,LATENT_INDEX_2013_STATE_SD,MODEL_AND_LENGTH_SENSITIVITY_ENVELOPE,-0.5541971946365583
TX,2013,-0.7079775359508503,0.2599835824230772,-1.241724860249921,-0.17651360348689202,MODEL_ESTIMATED,0,1,CPS_PARTICIPATION_AND_CEV_MEMBERSHIP_LATENT_MODEL,COMMON_SCALE_CPS_2013_ANCHOR,1,0,1,REGIME_BRIDGE_ASSUMPTION;EARLY_CPS_DESIGN_BREAKS;UNKNOWN_SAMPLING_SE_WAVES,S2_FINAL_20261002T002743Z|M2_L6|inherited_base_sha256:6552cee937979c00eae89960ca07a3f13358525826877809d2c0f1a2903f24b7,LATENT_INDEX_2013_STATE_SD,MODEL_AND_LENGTH_SENSITIVITY_ENVELOPE,-0.6147412202779283
TX,2014,-0.9387618032879335,0.6723188327303109,-2.683106809454402,0.37898310886347586,MODEL_ESTIMATED,0,0,CPS_PARTICIPATION_AND_CEV_MEMBERSHIP_LATENT_MODEL,COMMON_SCALE_CPS_2013_ANCHOR,1,0,1,REGIME_BRIDGE_ASSUMPTION;EARLY_CPS_DESIGN_BREAKS;UNKNOWN_SAMPLING_SE_WAVES;CPS_CEV_GAP,S2_FINAL_20261002T002743Z|M2_L6|inherited_base_sha256:6552cee937979c00eae89960ca07a3f13358525826877809d2c0f1a2903f24b7,LATENT_INDEX_2013_STATE_SD,MODEL_AND_LENGTH_SENSITIVITY_ENVELOPE,-0.6636149511424407
TX,2015,-1.1611852766106132,1.0054291557753987,-3.4973684111546053,0.8094558687091682,MODEL_ESTIMATED,0,0,CPS_PARTICIPATION_AND_CEV_MEMBERSHIP_LATENT_MODEL,COMMON_SCALE_CPS_2013_ANCHOR,1,0,1,REGIME_BRIDGE_ASSUMPTION;EARLY_CPS_DESIGN_BREAKS;UNKNOWN_SAMPLING_SE_WAVES;CPS_CEV_GAP,S2_FINAL_20261002T002743Z|M2_L6|inherited_base_sha256:6552cee937979c00eae89960ca07a3f13358525826877809d2c0f1a2903f24b7,LATENT_INDEX_2013_STATE_SD,MODEL_AND_LENGTH_SENSITIVITY_ENVELOPE,-0.7107180968575039
TX,2016,-1.3802554601757626,1.323752147794422,-4.031418362091351,1.2142987495013047,MODEL_ESTIMATED,0,0,CPS_PARTICIPATION_AND_CEV_MEMBERSHIP_LATENT_MODEL,COMMON_SCALE_CPS_2013_ANCHOR,1,0,1,REGIME_BRIDGE_ASSUMPTION;EARLY_CPS_DESIGN_BREAKS;UNKNOWN_SAMPLING_SE_WAVES;CPS_CEV_GAP,S2_FINAL_20261002T002743Z|M2_L6|inherited_base_sha256:6552cee937979c00eae89960ca07a3f13358525826877809d2c0f1a2903f24b7,LATENT_INDEX_2013_STATE_SD,MODEL_AND_LENGTH_SENSITIVITY_ENVELOPE,-0.7571111084589582
TX,2017,-1.6008864954848927,1.6470254613551025,-4.829056399740894,1.6272834087711083,MODEL_ESTIMATED,0,1,CPS_PARTICIPATION_AND_CEV_MEMBERSHIP_LATENT_MODEL,COMMON_SCALE_CPS_2013_ANCHOR,1,0,1,REGIME_BRIDGE_ASSUMPTION;EARLY_CPS_DESIGN_BREAKS;UNKNOWN_SAMPLING_SE_WAVES,S2_FINAL_20261002T002743Z|M2_L6|inherited_base_sha256:6552cee937979c00eae89960ca07a3f13358525826877809d2c0f1a2903f24b7,LATENT_INDEX_2013_STATE_SD,MODEL_AND_LENGTH_SENSITIVITY_ENVELOPE,-0.8038346653308287
TX,2018,-1.7391679155673605,1.6757120372767942,-5.023563508629877,1.5452276774951559,MODEL_ESTIMATED,0,0,CPS_PARTICIPATION_AND_CEV_MEMBERSHIP_LATENT_MODEL,COMMON_SCALE_CPS_2013_ANCHOR,1,0,1,REGIME_BRIDGE_ASSUMPTION;EARLY_CPS_DESIGN_BREAKS;UNKNOWN_SAMPLING_SE_WAVES,S2_FINAL_20261002T002743Z|M2_L6|inherited_base_sha256:6552cee937979c00eae89960ca07a3f13358525826877809d2c0f1a2903f24b7,LATENT_INDEX_2013_STATE_SD,MODEL_AND_LENGTH_SENSITIVITY_ENVELOPE,-0.8331188491560715
TX,2019,-1.8866325959640569,1.65692038742323,-5.134196555313587,1.3609313633854736,MODEL_ESTIMATED,0,1,CPS_PARTICIPATION_AND_CEV_MEMBERSHIP_LATENT_MODEL,COMMON_SCALE_CPS_2013_ANCHOR,1,0,1,REGIME_BRIDGE_ASSUMPTION;EARLY_CPS_DESIGN_BREAKS;UNKNOWN_SAMPLING_SE_WAVES,S2_FINAL_20261002T002743Z|M2_L6|inherited_base_sha256:6552cee937979c00eae89960ca07a3f13358525826877809d2c0f1a2903f24b7,LATENT_INDEX_2013_STATE_SD,MODEL_AND_LENGTH_SENSITIVITY_ENVELOPE,-0.8643477937669393
TX,2020,-2.2556851281590093,1.6844846282906614,-5.557274999608706,1.045904743290687,MODEL_ESTIMATED,0,0,CPS_PARTICIPATION_AND_CEV_MEMBERSHIP_LATENT_MODEL,COMMON_SCALE_CPS_2013_ANCHOR,1,0,1,REGIME_BRIDGE_ASSUMPTION;EARLY_CPS_DESIGN_BREAKS;UNKNOWN_SAMPLING_SE_WAVES,S2_FINAL_20261002T002743Z|M2_L6|inherited_base_sha256:6552cee937979c00eae89960ca07a3f13358525826877809d2c0f1a2903f24b7,LATENT_INDEX_2013_STATE_SD,MODEL_AND_LENGTH_SENSITIVITY_ENVELOPE,-0.9425029225436256
TX,2021,-2.6459313825994504,1.6594184746223888,-5.8983915928593325,0.6065288276604317,MODEL_ESTIMATED,0,1,CPS_PARTICIPATION_AND_CEV_MEMBERSHIP_LATENT_MODEL,COMMON_SCALE_CPS_2013_ANCHOR,1,0,1,REGIME_BRIDGE_ASSUMPTION;EARLY_CPS_DESIGN_BREAKS;UNKNOWN_SAMPLING_SE_WAVES,S2_FINAL_20261002T002743Z|M2_L6|inherited_base_sha256:6552cee937979c00eae89960ca07a3f13358525826877809d2c0f1a2903f24b7,LATENT_INDEX_2013_STATE_SD,MODEL_AND_LENGTH_SENSITIVITY_ENVELOPE,-1.025146296073713
TX,2022,-2.4847436467458137,1.6927380496963726,-5.802510224150704,0.8330229306590766,MODEL_ESTIMATED,0,0,CPS_PARTICIPATION_AND_CEV_MEMBERSHIP_LATENT_MODEL,COMMON_SCALE_CPS_2013_ANCHOR,1,0,1,REGIME_BRIDGE_ASSUMPTION;EARLY_CPS_DESIGN_BREAKS;UNKNOWN_SAMPLING_SE_WAVES,S2_FINAL_20261002T002743Z|M2_L6|inherited_base_sha256:6552cee937979c00eae89960ca07a3f13358525826877809d2c0f1a2903f24b7,LATENT_INDEX_2013_STATE_SD,MODEL_AND_LENGTH_SENSITIVITY_ENVELOPE,-0.9910111875081696
TX,2023,-2.348756630511198,1.6649964124599004,-5.612149598932603,0.9146363379102063,MODEL_ESTIMATED,0,1,CPS_PARTICIPATION_AND_CEV_MEMBERSHIP_LATENT_MODEL,COMMON_SCALE_CPS_2013_ANCHOR,1,0,1,REGIME_BRIDGE_ASSUMPTION;EARLY_CPS_DESIGN_BREAKS;UNKNOWN_SAMPLING_SE_WAVES,S2_FINAL_20261002T002743Z|M2_L6|inherited_base_sha256:6552cee937979c00eae89960ca07a3f13358525826877809d2c0f1a2903f24b7,LATENT_INDEX_2013_STATE_SD,MODEL_AND_LENGTH_SENSITIVITY_ENVELOPE,-0.9622128950196644
UT,2000,1.9669366233807177,1.911904373226958,-1.9005454795176215,6.638726517684784,MODEL_ESTIMATED,0,0,CPS_PARTICIPATION_AND_CEV_MEMBERSHIP_LATENT_MODEL,COMMON_SCALE_CPS_2013_ANCHOR,1,1,1,REGIME_BRIDGE_ASSUMPTION;EARLY_CPS_DESIGN_BREAKS;UNKNOWN_SAMPLING_SE_WAVES;BACKCAST;BACKCAST_MODEL_SENSITIVITY,S2_FINAL_20261002T002743Z|M2_L6|inherited_base_sha256:6552cee937979c00eae89960ca07a3f13358525826877809d2c0f1a2903f24b7,LATENT_INDEX_2013_STATE_SD,MODEL_AND_LENGTH_SENSITIVITY_ENVELOPE,-0.048268313708885235
UT,2001,1.908121885546239,1.7793553695088855,-1.6966027177234897,6.258933838834223,MODEL_ESTIMATED,0,0,CPS_PARTICIPATION_AND_CEV_MEMBERSHIP_LATENT_MODEL,COMMON_SCALE_CPS_2013_ANCHOR,1,1,1,REGIME_BRIDGE_ASSUMPTION;EARLY_CPS_DESIGN_BREAKS;UNKNOWN_SAMPLING_SE_WAVES;BACKCAST;BACKCAST_MODEL_SENSITIVITY,S2_FINAL_20261002T002743Z|M2_L6|inherited_base_sha256:6552cee937979c00eae89960ca07a3f13358525826877809d2c0f1a2903f24b7,LATENT_INDEX_2013_STATE_SD,MODEL_AND_LENGTH_SENSITIVITY_ENVELOPE,-0.060723650032096066
UT,2002,1.8463610013655816,1.6449143288742312,-1.486272187597604,5.902072280707964,MODEL_ESTIMATED,0,0,CPS_PARTICIPATION_AND_CEV_MEMBERSHIP_LATENT_MODEL,COMMON_SCALE_CPS_2013_ANCHOR,1,1,1,REGIME_BRIDGE_ASSUMPTION;EARLY_CPS_DESIGN_BREAKS;UNKNOWN_SAMPLING_SE_WAVES;BACKCAST;BACKCAST_MODEL_SENSITIVITY,S2_FINAL_20261002T002743Z|M2_L6|inherited_base_sha256:6552cee937979c00eae89960ca07a3f13358525826877809d2c0f1a2903f24b7,LATENT_INDEX_2013_STATE_SD,MODEL_AND_LENGTH_SENSITIVITY_ENVELOPE,-0.07380289874444862
UT,2003,1.781119656521047,1.5073513265838998,-1.2677668261201973,5.5543915876035115,MODEL_ESTIMATED,0,0,CPS_PARTICIPATION_AND_CEV_MEMBERSHIP_LATENT_MODEL,COMMON_SCALE_CPS_2013_ANCHOR,1,1,1,REGIME_BRIDGE_ASSUMPTION;EARLY_CPS_DESIGN_BREAKS;UNKNOWN_SAMPLING_SE_WAVES;BACKCAST;BACKCAST_MODEL_SENSITIVITY,S2_FINAL_20261002T002743Z|M2_L6|inherited_base_sha256:6552cee937979c00eae89960ca07a3f13358525826877809d2c0f1a2903f24b7,LATENT_INDEX_2013_STATE_SD,MODEL_AND_LENGTH_SENSITIVITY_ENVELOPE,-0.08761921285442814
UT,2004,1.7117666332296755,1.364839059951079,-1.0385173643170023,5.182298339473531,MODEL_ESTIMATED,0,0,CPS_PARTICIPATION_AND_CEV_MEMBERSHIP_LATENT_MODEL,COMMON_SCALE_CPS_2013_ANCHOR,1,1,1,REGIME_BRIDGE_ASSUMPTION;EARLY_CPS_DESIGN_BREAKS;UNKNOWN_SAMPLING_SE_WAVES;BACKCAST;BACKCAST_MODEL_SENSITIVITY,S2_FINAL_20261002T002743Z|M2_L6|inherited_base_sha256:6552cee937979c00eae89960ca07a3f13358525826877809d2c0f1a2903f24b7,LATENT_INDEX_2013_STATE_SD,MODEL_AND_LENGTH_SENSITIVITY_ENVELOPE,-0.10230626684685645
UT,2005,1.6375562357907678,1.2146193748658465,-0.7946251459738555,4.773387984162495,MODEL_ESTIMATED,0,0,CPS_PARTICIPATION_AND_CEV_MEMBERSHIP_LATENT_MODEL,COMMON_SCALE_CPS_2013_ANCHOR,1,1,1,REGIME_BRIDGE_ASSUMPTION;EARLY_CPS_DESIGN_BREAKS;UNKNOWN_SAMPLING_SE_WAVES;BACKCAST;BACKCAST_MODEL_SENSITIVITY,S2_FINAL_20261002T002743Z|M2_L6|inherited_base_sha256:6552cee937979c00eae89960ca07a3f13358525826877809d2c0f1a2903f24b7,LATENT_INDEX_2013_STATE_SD,MODEL_AND_LENGTH_SENSITIVITY_ENVELOPE,-0.11802197846631524
UT,2006,1.5576075288234872,1.052401278688196,-0.5297101955251715,4.307727671346215,MODEL_ESTIMATED,0,0,CPS_PARTICIPATION_AND_CEV_MEMBERSHIP_LATENT_MODEL,COMMON_SCALE_CPS_2013_ANCHOR,1,1,1,REGIME_BRIDGE_ASSUMPTION;EARLY_CPS_DESIGN_BREAKS;UNKNOWN_SAMPLING_SE_WAVES;BACKCAST;BACKCAST_MODEL_SENSITIVITY,S2_FINAL_20261002T002743Z|M2_L6|inherited_base_sha256:6552cee937979c00eae89960ca07a3f13358525826877809d2c0f1a2903f24b7,LATENT_INDEX_2013_STATE_SD,MODEL_AND_LENGTH_SENSITIVITY_ENVELOPE,-0.13495290548473937
UT,2007,1.4708798101426208,0.8710837899302238,-0.23644441812061778,3.750381994111868,MODEL_ESTIMATED,0,0,CPS_PARTICIPATION_AND_CEV_MEMBERSHIP_LATENT_MODEL,COMMON_SCALE_CPS_2013_ANCHOR,1,1,1,REGIME_BRIDGE_ASSUMPTION;EARLY_CPS_DESIGN_BREAKS;UNKNOWN_SAMPLING_SE_WAVES;BACKCAST;BACKCAST_MODEL_SENSITIVITY,S2_FINAL_20261002T002743Z|M2_L6|inherited_base_sha256:6552cee937979c00eae89960ca07a3f13358525826877809d2c0f1a2903f24b7,LATENT_INDEX_2013_STATE_SD,MODEL_AND_LENGTH_SENSITIVITY_ENVELOPE,-0.15331943986860513
UT,2008,1.3761436353849485,0.6570835513168782,0.08825987480386721,3.0282701248767867,MODEL_ESTIMATED,0,0,CPS_PARTICIPATION_AND_CEV_MEMBERSHIP_LATENT_MODEL,COMMON_SCALE_CPS_2013_ANCHOR,1,1,1,REGIME_BRIDGE_ASSUMPTION;EARLY_CPS_DESIGN_BREAKS;UNKNOWN_SAMPLING_SE_WAVES;BACKCAST;BACKCAST_MODEL_SENSITIVITY;NO_DIRECT_OBSERVATION_AVAILABLE_IN_CURRENT_EVIDENCE,S2_FINAL_20261002T002743Z|M2_L6|inherited_base_sha256:6552cee937979c00eae89960ca07a3f13358525826877809d2c0f1a2903f24b7,LATENT_INDEX_2013_STATE_SD,MODEL_AND_LENGTH_SENSITIVITY_ENVELOPE,-0.17338194396242695
UT,2009,1.2719465876500187,0.3703195056075491,0.4901313523082312,2.020136784409541,MODEL_ESTIMATED,0,1,CPS_PARTICIPATION_AND_CEV_MEMBERSHIP_LATENT_MODEL,COMMON_SCALE_CPS_2013_ANCHOR,1,0,1,REGIME_BRIDGE_ASSUMPTION;EARLY_CPS_DESIGN_BREAKS;UNKNOWN_SAMPLING_SE_WAVES,S2_FINAL_20261002T002743Z|M2_L6|inherited_base_sha256:6552cee937979c00eae89960ca07a3f13358525826877809d2c0f1a2903f24b7,LATENT_INDEX_2013_STATE_SD,MODEL_AND_LENGTH_SENSITIVITY_ENVELOPE,-0.19544799953299846
UT,2010,1.3253689369043349,0.32873398356040817,0.6319474306002436,1.976689422644962,MODEL_ESTIMATED,0,1,CPS_PARTICIPATION_AND_CEV_MEMBERSHIP_LATENT_MODEL,COMMON_SCALE_CPS_2013_ANCHOR,1,0,1,REGIME_BRIDGE_ASSUMPTION;EARLY_CPS_DESIGN_BREAKS;UNKNOWN_SAMPLING_SE_WAVES,S2_FINAL_20261002T002743Z|M2_L6|inherited_base_sha256:6552cee937979c00eae89960ca07a3f13358525826877809d2c0f1a2903f24b7,LATENT_INDEX_2013_STATE_SD,MODEL_AND_LENGTH_SENSITIVITY_ENVELOPE,-0.18413462211029968
UT,2011,2.620182134078071,0.3323534282137424,1.9585578603092637,3.3407607946805293,MODEL_ESTIMATED,0,1,CPS_PARTICIPATION_AND_CEV_MEMBERSHIP_LATENT_MODEL,COMMON_SCALE_CPS_2013_ANCHOR,1,0,1,REGIME_BRIDGE_ASSUMPTION;EARLY_CPS_DESIGN_BREAKS;UNKNOWN_SAMPLING_SE_WAVES,S2_FINAL_20261002T002743Z|M2_L6|inherited_base_sha256:6552cee937979c00eae89960ca07a3f13358525826877809d2c0f1a2903f24b7,LATENT_INDEX_2013_STATE_SD,MODEL_AND_LENGTH_SENSITIVITY_ENVELOPE,0.09007103518460557
UT,2012,2.6631341414618164,0.49893062409680594,1.5216181235332473,3.819983001788002,MODEL_ESTIMATED,0,0,CPS_PARTICIPATION_AND_CEV_MEMBERSHIP_LATENT_MODEL,COMMON_SCALE_CPS_2013_ANCHOR,1,0,1,REGIME_BRIDGE_ASSUMPTION;EARLY_CPS_DESIGN_BREAKS;UNKNOWN_SAMPLING_SE_WAVES,S2_FINAL_20261002T002743Z|M2_L6|inherited_base_sha256:6552cee937979c00eae89960ca07a3f13358525826877809d2c0f1a2903f24b7,LATENT_INDEX_2013_STATE_SD,MODEL_AND_LENGTH_SENSITIVITY_ENVELOPE,0.09916708351227443
UT,2013,2.7371988057398755,0.40860098196154454,1.9146311304621861,3.6720840027196546,MODEL_ESTIMATED,0,1,CPS_PARTICIPATION_AND_CEV_MEMBERSHIP_LATENT_MODEL,COMMON_SCALE_CPS_2013_ANCHOR,1,0,1,REGIME_BRIDGE_ASSUMPTION;EARLY_CPS_DESIGN_BREAKS;UNKNOWN_SAMPLING_SE_WAVES,S2_FINAL_20261002T002743Z|M2_L6|inherited_base_sha256:6552cee937979c00eae89960ca07a3f13358525826877809d2c0f1a2903f24b7,LATENT_INDEX_2013_STATE_SD,MODEL_AND_LENGTH_SENSITIVITY_ENVELOPE,0.11485193287511786
UT,2014,2.5866194561855576,0.7177285328182303,0.7770790147442421,3.993367380509289,MODEL_ESTIMATED,0,0,CPS_PARTICIPATION_AND_CEV_MEMBERSHIP_LATENT_MODEL,COMMON_SCALE_CPS_2013_ANCHOR,1,0,1,REGIME_BRIDGE_ASSUMPTION;EARLY_CPS_DESIGN_BREAKS;UNKNOWN_SAMPLING_SE_WAVES;CPS_CEV_GAP,S2_FINAL_20261002T002743Z|M2_L6|inherited_base_sha256:6552cee937979c00eae89960ca07a3f13358525826877809d2c0f1a2903f24b7,LATENT_INDEX_2013_STATE_SD,MODEL_AND_LENGTH_SENSITIVITY_ENVELOPE,0.08296338740021325
UT,2015,2.46739291257291,1.0293392939617663,0.06958743707387284,4.484897928737972,MODEL_ESTIMATED,0,0,CPS_PARTICIPATION_AND_CEV_MEMBERSHIP_LATENT_MODEL,COMMON_SCALE_CPS_2013_ANCHOR,1,0,1,REGIME_BRIDGE_ASSUMPTION;EARLY_CPS_DESIGN_BREAKS;UNKNOWN_SAMPLING_SE_WAVES;CPS_CEV_GAP,S2_FINAL_20261002T002743Z|M2_L6|inherited_base_sha256:6552cee937979c00eae89960ca07a3f13358525826877809d2c0f1a2903f24b7,LATENT_INDEX_2013_STATE_SD,MODEL_AND_LENGTH_SENSITIVITY_ENVELOPE,0.05771449989299171
UT,2016,2.377384893778071,1.33749089676589,-0.32063178756529664,4.998867051439215,MODEL_ESTIMATED,0,0,CPS_PARTICIPATION_AND_CEV_MEMBERSHIP_LATENT_MODEL,COMMON_SCALE_CPS_2013_ANCHOR,1,0,1,REGIME_BRIDGE_ASSUMPTION;EARLY_CPS_DESIGN_BREAKS;UNKNOWN_SAMPLING_SE_WAVES;CPS_CEV_GAP,S2_FINAL_20261002T002743Z|M2_L6|inherited_base_sha256:6552cee937979c00eae89960ca07a3f13358525826877809d2c0f1a2903f24b7,LATENT_INDEX_2013_STATE_SD,MODEL_AND_LENGTH_SENSITIVITY_ENVELOPE,0.03865328858519601
UT,2017,2.315274624870184,1.6502201645960233,-0.9191568977380213,5.549706147478389,MODEL_ESTIMATED,0,1,CPS_PARTICIPATION_AND_CEV_MEMBERSHIP_LATENT_MODEL,COMMON_SCALE_CPS_2013_ANCHOR,1,0,1,REGIME_BRIDGE_ASSUMPTION;EARLY_CPS_DESIGN_BREAKS;UNKNOWN_SAMPLING_SE_WAVES,S2_FINAL_20261002T002743Z|M2_L6|inherited_base_sha256:6552cee937979c00eae89960ca07a3f13358525826877809d2c0f1a2903f24b7,LATENT_INDEX_2013_STATE_SD,MODEL_AND_LENGTH_SENSITIVITY_ENVELOPE,0.025500049841703953
UT,2018,2.2275882789108143,1.6796546665786167,-1.0645348675832742,5.519711425404903,MODEL_ESTIMATED,0,0,CPS_PARTICIPATION_AND_CEV_MEMBERSHIP_LATENT_MODEL,COMMON_SCALE_CPS_2013_ANCHOR,1,0,1,REGIME_BRIDGE_ASSUMPTION;EARLY_CPS_DESIGN_BREAKS;UNKNOWN_SAMPLING_SE_WAVES,S2_FINAL_20261002T002743Z|M2_L6|inherited_base_sha256:6552cee937979c00eae89960ca07a3f13358525826877809d2c0f1a2903f24b7,LATENT_INDEX_2013_STATE_SD,MODEL_AND_LENGTH_SENSITIVITY_ENVELOPE,0.0069305046887352395
UT,2019,2.165999506307051,1.6528457542377846,-1.0735781719990065,5.405577184613109,MODEL_ESTIMATED,0,1,CPS_PARTICIPATION_AND_CEV_MEMBERSHIP_LATENT_MODEL,COMMON_SCALE_CPS_2013_ANCHOR,1,0,1,REGIME_BRIDGE_ASSUMPTION;EARLY_CPS_DESIGN_BREAKS;UNKNOWN_SAMPLING_SE_WAVES,S2_FINAL_20261002T002743Z|M2_L6|inherited_base_sha256:6552cee937979c00eae89960ca07a3f13358525826877809d2c0f1a2903f24b7,LATENT_INDEX_2013_STATE_SD,MODEL_AND_LENGTH_SENSITIVITY_ENVELOPE,-0.006112295547363478
UT,2020,1.6666416973243718,1.6892883837361181,-1.6443635347984196,4.977646929447163,MODEL_ESTIMATED,0,0,CPS_PARTICIPATION_AND_CEV_MEMBERSHIP_LATENT_MODEL,COMMON_SCALE_CPS_2013_ANCHOR,1,0,1,REGIME_BRIDGE_ASSUMPTION;EARLY_CPS_DESIGN_BREAKS;UNKNOWN_SAMPLING_SE_WAVES,S2_FINAL_20261002T002743Z|M2_L6|inherited_base_sha256:6552cee937979c00eae89960ca07a3f13358525826877809d2c0f1a2903f24b7,LATENT_INDEX_2013_STATE_SD,MODEL_AND_LENGTH_SENSITIVITY_ENVELOPE,-0.11186248139372135
UT,2021,1.1801339911540687,1.6658564210839533,-2.0849445941704796,4.4452125764786174,MODEL_ESTIMATED,0,1,CPS_PARTICIPATION_AND_CEV_MEMBERSHIP_LATENT_MODEL,COMMON_SCALE_CPS_2013_ANCHOR,1,0,1,REGIME_BRIDGE_ASSUMPTION;EARLY_CPS_DESIGN_BREAKS;UNKNOWN_SAMPLING_SE_WAVES,S2_FINAL_20261002T002743Z|M2_L6|inherited_base_sha256:6552cee937979c00eae89960ca07a3f13358525826877809d2c0f1a2903f24b7,LATENT_INDEX_2013_STATE_SD,MODEL_AND_LENGTH_SENSITIVITY_ENVELOPE,-0.21489137053437224
UT,2022,1.3507428400034325,1.6950583981402123,-1.9715716203513836,4.6730573003582485,MODEL_ESTIMATED,0,0,CPS_PARTICIPATION_AND_CEV_MEMBERSHIP_LATENT_MODEL,COMMON_SCALE_CPS_2013_ANCHOR,1,0,1,REGIME_BRIDGE_ASSUMPTION;EARLY_CPS_DESIGN_BREAKS;UNKNOWN_SAMPLING_SE_WAVES,S2_FINAL_20261002T002743Z|M2_L6|inherited_base_sha256:6552cee937979c00eae89960ca07a3f13358525826877809d2c0f1a2903f24b7,LATENT_INDEX_2013_STATE_SD,MODEL_AND_LENGTH_SENSITIVITY_ENVELOPE,-0.17876113055753196
UT,2023,1.5277769736177926,1.6591457609467755,-1.7241487178378871,4.779702665073472,MODEL_ESTIMATED,0,1,CPS_PARTICIPATION_AND_CEV_MEMBERSHIP_LATENT_MODEL,COMMON_SCALE_CPS_2013_ANCHOR,1,0,1,REGIME_BRIDGE_ASSUMPTION;EARLY_CPS_DESIGN_BREAKS;UNKNOWN_SAMPLING_SE_WAVES,S2_FINAL_20261002T002743Z|M2_L6|inherited_base_sha256:6552cee937979c00eae89960ca07a3f13358525826877809d2c0f1a2903f24b7,LATENT_INDEX_2013_STATE_SD,MODEL_AND_LENGTH_SENSITIVITY_ENVELOPE,-0.14127019280889064
VA,2000,0.3942532409981481,1.875778304727015,-3.282272236266801,5.310060792043617,MODEL_ESTIMATED,0,0,CPS_PARTICIPATION_AND_CEV_MEMBERSHIP_LATENT_MODEL,COMMON_SCALE_CPS_2013_ANCHOR,1,1,1,REGIME_BRIDGE_ASSUMPTION;EARLY_CPS_DESIGN_BREAKS;UNKNOWN_SAMPLING_SE_WAVES;BACKCAST;BACKCAST_MODEL_SENSITIVITY,S2_FINAL_20261002T002743Z|M2_L6|inherited_base_sha256:6552cee937979c00eae89960ca07a3f13358525826877809d2c0f1a2903f24b7,LATENT_INDEX_2013_STATE_SD,MODEL_AND_LENGTH_SENSITIVITY_ENVELOPE,-0.3813191982104312
VA,2001,0.3501699513574071,1.7413190314979794,-3.0628153503786324,4.89087601509655,MODEL_ESTIMATED,0,0,CPS_PARTICIPATION_AND_CEV_MEMBERSHIP_LATENT_MODEL,COMMON_SCALE_CPS_2013_ANCHOR,1,1,1,REGIME_BRIDGE_ASSUMPTION;EARLY_CPS_DESIGN_BREAKS;UNKNOWN_SAMPLING_SE_WAVES;BACKCAST;BACKCAST_MODEL_SENSITIVITY,S2_FINAL_20261002T002743Z|M2_L6|inherited_base_sha256:6552cee937979c00eae89960ca07a3f13358525826877809d2c0f1a2903f24b7,LATENT_INDEX_2013_STATE_SD,MODEL_AND_LENGTH_SENSITIVITY_ENVELOPE,-0.39065482086090003
VA,2002,0.30581221689702104,1.6056682304883443,-2.8412975148601336,4.462788858705151,MODEL_ESTIMATED,0,0,CPS_PARTICIPATION_AND_CEV_MEMBERSHIP_LATENT_MODEL,COMMON_SCALE_CPS_2013_ANCHOR,1,1,1,REGIME_BRIDGE_ASSUMPTION;EARLY_CPS_DESIGN_BREAKS;UNKNOWN_SAMPLING_SE_WAVES;BACKCAST;BACKCAST_MODEL_SENSITIVITY,S2_FINAL_20261002T002743Z|M2_L6|inherited_base_sha256:6552cee937979c00eae89960ca07a3f13358525826877809d2c0f1a2903f24b7,LATENT_INDEX_2013_STATE_SD,MODEL_AND_LENGTH_SENSITIVITY_ENVELOPE,-0.4000485633407977
VA,2003,0.2611302641911794,1.4679992692806783,-2.61614830359895,4.023501076349956,MODEL_ESTIMATED,0,0,CPS_PARTICIPATION_AND_CEV_MEMBERSHIP_LATENT_MODEL,COMMON_SCALE_CPS_2013_ANCHOR,1,1,1,REGIME_BRIDGE_ASSUMPTION;EARLY_CPS_DESIGN_BREAKS;UNKNOWN_SAMPLING_SE_WAVES;BACKCAST;BACKCAST_MODEL_SENSITIVITY,S2_FINAL_20261002T002743Z|M2_L6|inherited_base_sha256:6552cee937979c00eae89960ca07a3f13358525826877809d2c0f1a2903f24b7,LATENT_INDEX_2013_STATE_SD,MODEL_AND_LENGTH_SENSITIVITY_ENVELOPE,-0.4095109662863874
VA,2004,0.2160652928850403,1.3270220258387349,-2.386264485972083,3.569722947732704,MODEL_ESTIMATED,0,0,CPS_PARTICIPATION_AND_CEV_MEMBERSHIP_LATENT_MODEL,COMMON_SCALE_CPS_2013_ANCHOR,1,1,1,REGIME_BRIDGE_ASSUMPTION;EARLY_CPS_DESIGN_BREAKS;UNKNOWN_SAMPLING_SE_WAVES;BACKCAST;BACKCAST_MODEL_SENSITIVITY,S2_FINAL_20261002T002743Z|M2_L6|inherited_base_sha256:6552cee937979c00eae89960ca07a3f13358525826877809d2c0f1a2903f24b7,LATENT_INDEX_2013_STATE_SD,MODEL_AND_LENGTH_SENSITIVITY_ENVELOPE,-0.41905448198807194
VA,2005,0.17054783856711342,1.1806432049767455,-2.152000747850272,3.1095900806532395,MODEL_ESTIMATED,0,0,CPS_PARTICIPATION_AND_CEV_MEMBERSHIP_LATENT_MODEL,COMMON_SCALE_CPS_2013_ANCHOR,1,1,1,REGIME_BRIDGE_ASSUMPTION;EARLY_CPS_DESIGN_BREAKS;UNKNOWN_SAMPLING_SE_WAVES;BACKCAST;BACKCAST_MODEL_SENSITIVITY,S2_FINAL_20261002T002743Z|M2_L6|inherited_base_sha256:6552cee937979c00eae89960ca07a3f13358525826877809d2c0f1a2903f24b7,LATENT_INDEX_2013_STATE_SD,MODEL_AND_LENGTH_SENSITIVITY_ENVELOPE,-0.42869382108878645
VA,2006,0.12449583873156363,1.0252573740643758,-1.8973149293470188,2.70396037840972,MODEL_ESTIMATED,0,0,CPS_PARTICIPATION_AND_CEV_MEMBERSHIP_LATENT_MODEL,COMMON_SCALE_CPS_2013_ANCHOR,1,1,1,REGIME_BRIDGE_ASSUMPTION;EARLY_CPS_DESIGN_BREAKS;UNKNOWN_SAMPLING_SE_WAVES;BACKCAST;BACKCAST_MODEL_SENSITIVITY,S2_FINAL_20261002T002743Z|M2_L6|inherited_base_sha256:6552cee937979c00eae89960ca07a3f13358525826877809d2c0f1a2903f24b7,LATENT_INDEX_2013_STATE_SD,MODEL_AND_LENGTH_SENSITIVITY_ENVELOPE,-0.43844636215974175
VA,2007,0.07781234798261613,0.854017522545042,-1.6103240123960536,2.2643043063610913,MODEL_ESTIMATED,0,0,CPS_PARTICIPATION_AND_CEV_MEMBERSHIP_LATENT_MODEL,COMMON_SCALE_CPS_2013_ANCHOR,1,1,1,REGIME_BRIDGE_ASSUMPTION;EARLY_CPS_DESIGN_BREAKS;UNKNOWN_SAMPLING_SE_WAVES;BACKCAST;BACKCAST_MODEL_SENSITIVITY,S2_FINAL_20261002T002743Z|M2_L6|inherited_base_sha256:6552cee937979c00eae89960ca07a3f13358525826877809d2c0f1a2903f24b7,LATENT_INDEX_2013_STATE_SD,MODEL_AND_LENGTH_SENSITIVITY_ENVELOPE,-0.4483326355569986
VA,2008,0.030382838867509487,0.6513344380143846,-1.2641964973085686,1.7062782644752243,MODEL_ESTIMATED,0,0,CPS_PARTICIPATION_AND_CEV_MEMBERSHIP_LATENT_MODEL,COMMON_SCALE_CPS_2013_ANCHOR,1,1,1,REGIME_BRIDGE_ASSUMPTION;EARLY_CPS_DESIGN_BREAKS;UNKNOWN_SAMPLING_SE_WAVES;BACKCAST;BACKCAST_MODEL_SENSITIVITY;NO_DIRECT_OBSERVATION_AVAILABLE_IN_CURRENT_EVIDENCE,S2_FINAL_20261002T002743Z|M2_L6|inherited_base_sha256:6552cee937979c00eae89960ca07a3f13358525826877809d2c0f1a2903f24b7,LATENT_INDEX_2013_STATE_SD,MODEL_AND_LENGTH_SENSITIVITY_ENVELOPE,-0.4583768950304657
VA,2009,-0.017927986812652084,0.3609993276974936,-0.7615574684469383,0.7815118375962129,MODEL_ESTIMATED,0,1,CPS_PARTICIPATION_AND_CEV_MEMBERSHIP_LATENT_MODEL,COMMON_SCALE_CPS_2013_ANCHOR,1,0,1,REGIME_BRIDGE_ASSUMPTION;EARLY_CPS_DESIGN_BREAKS;UNKNOWN_SAMPLING_SE_WAVES,S2_FINAL_20261002T002743Z|M2_L6|inherited_base_sha256:6552cee937979c00eae89960ca07a3f13358525826877809d2c0f1a2903f24b7,LATENT_INDEX_2013_STATE_SD,MODEL_AND_LENGTH_SENSITIVITY_ENVELOPE,-0.4686077930001524
VA,2010,-0.549735553593483,0.3082722346032843,-1.1968726426046745,0.06362531854701618,MODEL_ESTIMATED,0,1,CPS_PARTICIPATION_AND_CEV_MEMBERSHIP_LATENT_MODEL,COMMON_SCALE_CPS_2013_ANCHOR,1,0,1,REGIME_BRIDGE_ASSUMPTION;EARLY_CPS_DESIGN_BREAKS;UNKNOWN_SAMPLING_SE_WAVES,S2_FINAL_20261002T002743Z|M2_L6|inherited_base_sha256:6552cee937979c00eae89960ca07a3f13358525826877809d2c0f1a2903f24b7,LATENT_INDEX_2013_STATE_SD,MODEL_AND_LENGTH_SENSITIVITY_ENVELOPE,-0.5812299409067708
VA,2011,0.23290963547471705,0.2629995350694604,-0.3104582627903318,0.7678268827772957,MODEL_ESTIMATED,0,1,CPS_PARTICIPATION_AND_CEV_MEMBERSHIP_LATENT_MODEL,COMMON_SCALE_CPS_2013_ANCHOR,1,0,1,REGIME_BRIDGE_ASSUMPTION;EARLY_CPS_DESIGN_BREAKS;UNKNOWN_SAMPLING_SE_WAVES,S2_FINAL_20261002T002743Z|M2_L6|inherited_base_sha256:6552cee937979c00eae89960ca07a3f13358525826877809d2c0f1a2903f24b7,LATENT_INDEX_2013_STATE_SD,MODEL_AND_LENGTH_SENSITIVITY_ENVELOPE,-0.41548731566509606
VA,2012,-0.0823787231765362,0.46211669536739014,-1.2099015005821026,0.9684818691028847,MODEL_ESTIMATED,0,0,CPS_PARTICIPATION_AND_CEV_MEMBERSHIP_LATENT_MODEL,COMMON_SCALE_CPS_2013_ANCHOR,1,0,1,REGIME_BRIDGE_ASSUMPTION;EARLY_CPS_DESIGN_BREAKS;UNKNOWN_SAMPLING_SE_WAVES,S2_FINAL_20261002T002743Z|M2_L6|inherited_base_sha256:6552cee937979c00eae89960ca07a3f13358525826877809d2c0f1a2903f24b7,LATENT_INDEX_2013_STATE_SD,MODEL_AND_LENGTH_SENSITIVITY_ENVELOPE,-0.48225667807977224
VA,2013,-0.3969469584264645,0.33537825827722967,-1.1259053001918373,0.26878833047072004,MODEL_ESTIMATED,0,1,CPS_PARTICIPATION_AND_CEV_MEMBERSHIP_LATENT_MODEL,COMMON_SCALE_CPS_2013_ANCHOR,1,0,1,REGIME_BRIDGE_ASSUMPTION;EARLY_CPS_DESIGN_BREAKS;UNKNOWN_SAMPLING_SE_WAVES,S2_FINAL_20261002T002743Z|M2_L6|inherited_base_sha256:6552cee937979c00eae89960ca07a3f13358525826877809d2c0f1a2903f24b7,LATENT_INDEX_2013_STATE_SD,MODEL_AND_LENGTH_SENSITIVITY_ENVELOPE,-0.5488735382562686
VA,2014,-0.3731088175994411,0.6887590381331153,-2.1335911336952567,0.9768588971414651,MODEL_ESTIMATED,0,0,CPS_PARTICIPATION_AND_CEV_MEMBERSHIP_LATENT_MODEL,COMMON_SCALE_CPS_2013_ANCHOR,1,0,1,REGIME_BRIDGE_ASSUMPTION;EARLY_CPS_DESIGN_BREAKS;UNKNOWN_SAMPLING_SE_WAVES;CPS_CEV_GAP,S2_FINAL_20261002T002743Z|M2_L6|inherited_base_sha256:6552cee937979c00eae89960ca07a3f13358525826877809d2c0f1a2903f24b7,LATENT_INDEX_2013_STATE_SD,MODEL_AND_LENGTH_SENSITIVITY_ENVELOPE,-0.5438252787170315
VA,2015,-0.3542746192547137,1.007913147400804,-2.675194522498443,1.6212351496508621,MODEL_ESTIMATED,0,0,CPS_PARTICIPATION_AND_CEV_MEMBERSHIP_LATENT_MODEL,COMMON_SCALE_CPS_2013_ANCHOR,1,0,1,REGIME_BRIDGE_ASSUMPTION;EARLY_CPS_DESIGN_BREAKS;UNKNOWN_SAMPLING_SE_WAVES;CPS_CEV_GAP,S2_FINAL_20261002T002743Z|M2_L6|inherited_base_sha256:6552cee937979c00eae89960ca07a3f13358525826877809d2c0f1a2903f24b7,LATENT_INDEX_2013_STATE_SD,MODEL_AND_LENGTH_SENSITIVITY_ENVELOPE,-0.5398367159281973
VA,2016,-0.33873473831985074,1.3240372173835604,-2.98367273157286,2.2563782077519274,MODEL_ESTIMATED,0,0,CPS_PARTICIPATION_AND_CEV_MEMBERSHIP_LATENT_MODEL,COMMON_SCALE_CPS_2013_ANCHOR,1,0,1,REGIME_BRIDGE_ASSUMPTION;EARLY_CPS_DESIGN_BREAKS;UNKNOWN_SAMPLING_SE_WAVES;CPS_CEV_GAP,S2_FINAL_20261002T002743Z|M2_L6|inherited_base_sha256:6552cee937979c00eae89960ca07a3f13358525826877809d2c0f1a2903f24b7,LATENT_INDEX_2013_STATE_SD,MODEL_AND_LENGTH_SENSITIVITY_ENVELOPE,-0.5365457985392413
VA,2017,-0.3248712705615415,1.650227473816873,-3.5593171192426123,2.9095745781195292,MODEL_ESTIMATED,0,1,CPS_PARTICIPATION_AND_CEV_MEMBERSHIP_LATENT_MODEL,COMMON_SCALE_CPS_2013_ANCHOR,1,0,1,REGIME_BRIDGE_ASSUMPTION;EARLY_CPS_DESIGN_BREAKS;UNKNOWN_SAMPLING_SE_WAVES,S2_FINAL_20261002T002743Z|M2_L6|inherited_base_sha256:6552cee937979c00eae89960ca07a3f13358525826877809d2c0f1a2903f24b7,LATENT_INDEX_2013_STATE_SD,MODEL_AND_LENGTH_SENSITIVITY_ENVELOPE,-0.5336098991389637
VA,2018,-0.15800243785426848,1.6774897142586955,-3.445882277801312,3.1298774020927747,MODEL_ESTIMATED,0,0,CPS_PARTICIPATION_AND_CEV_MEMBERSHIP_LATENT_MODEL,COMMON_SCALE_CPS_2013_ANCHOR,1,0,1,REGIME_BRIDGE_ASSUMPTION;EARLY_CPS_DESIGN_BREAKS;UNKNOWN_SAMPLING_SE_WAVES,S2_FINAL_20261002T002743Z|M2_L6|inherited_base_sha256:6552cee937979c00eae89960ca07a3f13358525826877809d2c0f1a2903f24b7,LATENT_INDEX_2013_STATE_SD,MODEL_AND_LENGTH_SENSITIVITY_ENVELOPE,-0.49827169123808157
VA,2019,0.014592436738209213,1.652435745972259,-3.2241816253674185,3.2533664988438367,MODEL_ESTIMATED,0,1,CPS_PARTICIPATION_AND_CEV_MEMBERSHIP_LATENT_MODEL,COMMON_SCALE_CPS_2013_ANCHOR,1,0,1,REGIME_BRIDGE_ASSUMPTION;EARLY_CPS_DESIGN_BREAKS;UNKNOWN_SAMPLING_SE_WAVES,S2_FINAL_20261002T002743Z|M2_L6|inherited_base_sha256:6552cee937979c00eae89960ca07a3f13358525826877809d2c0f1a2903f24b7,LATENT_INDEX_2013_STATE_SD,MODEL_AND_LENGTH_SENSITIVITY_ENVELOPE,-0.46172086588608147
VA,2020,-0.2599765639918044,1.686176822568522,-3.5648831362261078,3.044930008242499,MODEL_ESTIMATED,0,0,CPS_PARTICIPATION_AND_CEV_MEMBERSHIP_LATENT_MODEL,COMMON_SCALE_CPS_2013_ANCHOR,1,0,1,REGIME_BRIDGE_ASSUMPTION;EARLY_CPS_DESIGN_BREAKS;UNKNOWN_SAMPLING_SE_WAVES,S2_FINAL_20261002T002743Z|M2_L6|inherited_base_sha256:6552cee937979c00eae89960ca07a3f13358525826877809d2c0f1a2903f24b7,LATENT_INDEX_2013_STATE_SD,MODEL_AND_LENGTH_SENSITIVITY_ENVELOPE,-0.5198669934373877
VA,2021,-0.5292882190489021,1.6569289385809571,-3.776868938667578,2.718292500569774,MODEL_ESTIMATED,0,1,CPS_PARTICIPATION_AND_CEV_MEMBERSHIP_LATENT_MODEL,COMMON_SCALE_CPS_2013_ANCHOR,1,0,1,REGIME_BRIDGE_ASSUMPTION;EARLY_CPS_DESIGN_BREAKS;UNKNOWN_SAMPLING_SE_WAVES,S2_FINAL_20261002T002743Z|M2_L6|inherited_base_sha256:6552cee937979c00eae89960ca07a3f13358525826877809d2c0f1a2903f24b7,LATENT_INDEX_2013_STATE_SD,MODEL_AND_LENGTH_SENSITIVITY_ENVELOPE,-0.5768997604444741
VA,2022,-0.48731603057115275,1.6973939464226857,-3.8142081655596165,2.8395761044173113,MODEL_ESTIMATED,0,0,CPS_PARTICIPATION_AND_CEV_MEMBERSHIP_LATENT_MODEL,COMMON_SCALE_CPS_2013_ANCHOR,1,0,1,REGIME_BRIDGE_ASSUMPTION;EARLY_CPS_DESIGN_BREAKS;UNKNOWN_SAMPLING_SE_WAVES,S2_FINAL_20261002T002743Z|M2_L6|inherited_base_sha256:6552cee937979c00eae89960ca07a3f13358525826877809d2c0f1a2903f24b7,LATENT_INDEX_2013_STATE_SD,MODEL_AND_LENGTH_SENSITIVITY_ENVELOPE,-0.568011210687051
VA,2023,-0.4440456317112167,1.6681580683318575,-3.7136354456416574,2.825544182219224,MODEL_ESTIMATED,0,1,CPS_PARTICIPATION_AND_CEV_MEMBERSHIP_LATENT_MODEL,COMMON_SCALE_CPS_2013_ANCHOR,1,0,1,REGIME_BRIDGE_ASSUMPTION;EARLY_CPS_DESIGN_BREAKS;UNKNOWN_SAMPLING_SE_WAVES,S2_FINAL_20261002T002743Z|M2_L6|inherited_base_sha256:6552cee937979c00eae89960ca07a3f13358525826877809d2c0f1a2903f24b7,LATENT_INDEX_2013_STATE_SD,MODEL_AND_LENGTH_SENSITIVITY_ENVELOPE,-0.5588477358424171
VT,2000,1.6390219266305392,1.8904236933353837,-2.1650890710646324,6.362060417616737,MODEL_ESTIMATED,0,0,CPS_PARTICIPATION_AND_CEV_MEMBERSHIP_LATENT_MODEL,COMMON_SCALE_CPS_2013_ANCHOR,1,1,1,REGIME_BRIDGE_ASSUMPTION;EARLY_CPS_DESIGN_BREAKS;UNKNOWN_SAMPLING_SE_WAVES;BACKCAST;BACKCAST_MODEL_SENSITIVITY,S2_FINAL_20261002T002743Z|M2_L6|inherited_base_sha256:6552cee937979c00eae89960ca07a3f13358525826877809d2c0f1a2903f24b7,LATENT_INDEX_2013_STATE_SD,MODEL_AND_LENGTH_SENSITIVITY_ENVELOPE,-0.1177115856459548
VT,2001,1.586959843752817,1.757418688697397,-1.9633406786183838,5.947948404266119,MODEL_ESTIMATED,0,0,CPS_PARTICIPATION_AND_CEV_MEMBERSHIP_LATENT_MODEL,COMMON_SCALE_CPS_2013_ANCHOR,1,1,1,REGIME_BRIDGE_ASSUMPTION;EARLY_CPS_DESIGN_BREAKS;UNKNOWN_SAMPLING_SE_WAVES;BACKCAST;BACKCAST_MODEL_SENSITIVITY,S2_FINAL_20261002T002743Z|M2_L6|inherited_base_sha256:6552cee937979c00eae89960ca07a3f13358525826877809d2c0f1a2903f24b7,LATENT_INDEX_2013_STATE_SD,MODEL_AND_LENGTH_SENSITIVITY_ENVELOPE,-0.12873689623653894
VT,2002,1.5331762788198158,1.6229455293652157,-1.755365288119534,5.5526439688572,MODEL_ESTIMATED,0,0,CPS_PARTICIPATION_AND_CEV_MEMBERSHIP_LATENT_MODEL,COMMON_SCALE_CPS_2013_ANCHOR,1,1,1,REGIME_BRIDGE_ASSUMPTION;EARLY_CPS_DESIGN_BREAKS;UNKNOWN_SAMPLING_SE_WAVES;BACKCAST;BACKCAST_MODEL_SENSITIVITY,S2_FINAL_20261002T002743Z|M2_L6|inherited_base_sha256:6552cee937979c00eae89960ca07a3f13358525826877809d2c0f1a2903f24b7,LATENT_INDEX_2013_STATE_SD,MODEL_AND_LENGTH_SENSITIVITY_ENVELOPE,-0.14012676915898642
VT,2003,1.4773590231352511,1.4859943472637056,-1.5393766934307342,5.155020312441423,MODEL_ESTIMATED,0,0,CPS_PARTICIPATION_AND_CEV_MEMBERSHIP_LATENT_MODEL,COMMON_SCALE_CPS_2013_ANCHOR,1,1,1,REGIME_BRIDGE_ASSUMPTION;EARLY_CPS_DESIGN_BREAKS;UNKNOWN_SAMPLING_SE_WAVES;BACKCAST;BACKCAST_MODEL_SENSITIVITY,S2_FINAL_20261002T002743Z|M2_L6|inherited_base_sha256:6552cee937979c00eae89960ca07a3f13358525826877809d2c0f1a2903f24b7,LATENT_INDEX_2013_STATE_SD,MODEL_AND_LENGTH_SENSITIVITY_ENVELOPE,-0.15194732158831897
VT,2004,1.4191392457047811,1.3450243671196356,-1.3127982206255087,4.792436135211989,MODEL_ESTIMATED,0,0,CPS_PARTICIPATION_AND_CEV_MEMBERSHIP_LATENT_MODEL,COMMON_SCALE_CPS_2013_ANCHOR,1,1,1,REGIME_BRIDGE_ASSUMPTION;EARLY_CPS_DESIGN_BREAKS;UNKNOWN_SAMPLING_SE_WAVES;BACKCAST;BACKCAST_MODEL_SENSITIVITY,S2_FINAL_20261002T002743Z|M2_L6|inherited_base_sha256:6552cee937979c00eae89960ca07a3f13358525826877809d2c0f1a2903f24b7,LATENT_INDEX_2013_STATE_SD,MODEL_AND_LENGTH_SENSITIVITY_ENVELOPE,-0.16427666173771743
VT,2005,1.3580812241926459,1.197610039766314,-1.0717067775553537,4.415258604022036,MODEL_ESTIMATED,0,0,CPS_PARTICIPATION_AND_CEV_MEMBERSHIP_LATENT_MODEL,COMMON_SCALE_CPS_2013_ANCHOR,1,1,1,REGIME_BRIDGE_ASSUMPTION;EARLY_CPS_DESIGN_BREAKS;UNKNOWN_SAMPLING_SE_WAVES;BACKCAST;BACKCAST_MODEL_SENSITIVITY,S2_FINAL_20261002T002743Z|M2_L6|inherited_base_sha256:6552cee937979c00eae89960ca07a3f13358525826877809d2c0f1a2903f24b7,LATENT_INDEX_2013_STATE_SD,MODEL_AND_LENGTH_SENSITIVITY_ENVELOPE,-0.17720706355815474
VT,2006,1.2936702134803808,1.039725795102941,-0.8096593179181145,3.993890622095522,MODEL_ESTIMATED,0,0,CPS_PARTICIPATION_AND_CEV_MEMBERSHIP_LATENT_MODEL,COMMON_SCALE_CPS_2013_ANCHOR,1,1,1,REGIME_BRIDGE_ASSUMPTION;EARLY_CPS_DESIGN_BREAKS;UNKNOWN_SAMPLING_SE_WAVES;BACKCAST;BACKCAST_MODEL_SENSITIVITY,S2_FINAL_20261002T002743Z|M2_L6|inherited_base_sha256:6552cee937979c00eae89960ca07a3f13358525826877809d2c0f1a2903f24b7,LATENT_INDEX_2013_STATE_SD,MODEL_AND_LENGTH_SENSITIVITY_ENVELOPE,-0.19084753584244823
VT,2007,1.2252981140623187,0.8640344371574429,-0.5147848800206505,3.4983401799613945,MODEL_ESTIMATED,0,0,CPS_PARTICIPATION_AND_CEV_MEMBERSHIP_LATENT_MODEL,COMMON_SCALE_CPS_2013_ANCHOR,1,1,1,REGIME_BRIDGE_ASSUMPTION;EARLY_CPS_DESIGN_BREAKS;UNKNOWN_SAMPLING_SE_WAVES;BACKCAST;BACKCAST_MODEL_SENSITIVITY,S2_FINAL_20261002T002743Z|M2_L6|inherited_base_sha256:6552cee937979c00eae89960ca07a3f13358525826877809d2c0f1a2903f24b7,LATENT_INDEX_2013_STATE_SD,MODEL_AND_LENGTH_SENSITIVITY_ENVELOPE,-0.20532685726308614
VT,2008,1.1522465412553715,0.6544337424203028,-0.16039001793652224,2.8623478481858893,MODEL_ESTIMATED,0,0,CPS_PARTICIPATION_AND_CEV_MEMBERSHIP_LATENT_MODEL,COMMON_SCALE_CPS_2013_ANCHOR,1,1,1,REGIME_BRIDGE_ASSUMPTION;EARLY_CPS_DESIGN_BREAKS;UNKNOWN_SAMPLING_SE_WAVES;BACKCAST;BACKCAST_MODEL_SENSITIVITY;NO_DIRECT_OBSERVATION_AVAILABLE_IN_CURRENT_EVIDENCE,S2_FINAL_20261002T002743Z|M2_L6|inherited_base_sha256:6552cee937979c00eae89960ca07a3f13358525826877809d2c0f1a2903f24b7,LATENT_INDEX_2013_STATE_SD,MODEL_AND_LENGTH_SENSITIVITY_ENVELOPE,-0.22079716184576942
VT,2009,1.0736668238337572,0.35323317229012313,0.3496943162597467,1.829209744394409,MODEL_ESTIMATED,0,1,CPS_PARTICIPATION_AND_CEV_MEMBERSHIP_LATENT_MODEL,COMMON_SCALE_CPS_2013_ANCHOR,1,0,1,REGIME_BRIDGE_ASSUMPTION;EARLY_CPS_DESIGN_BREAKS;UNKNOWN_SAMPLING_SE_WAVES,S2_FINAL_20261002T002743Z|M2_L6|inherited_base_sha256:6552cee937979c00eae89960ca07a3f13358525826877809d2c0f1a2903f24b7,LATENT_INDEX_2013_STATE_SD,MODEL_AND_LENGTH_SENSITIVITY_ENVELOPE,-0.23743817470590517
VT,2010,0.6841250632010277,0.315667287176636,-0.002406738077432881,1.3028329460672343,MODEL_ESTIMATED,0,1,CPS_PARTICIPATION_AND_CEV_MEMBERSHIP_LATENT_MODEL,COMMON_SCALE_CPS_2013_ANCHOR,1,0,1,REGIME_BRIDGE_ASSUMPTION;EARLY_CPS_DESIGN_BREAKS;UNKNOWN_SAMPLING_SE_WAVES,S2_FINAL_20261002T002743Z|M2_L6|inherited_base_sha256:6552cee937979c00eae89960ca07a3f13358525826877809d2c0f1a2903f24b7,LATENT_INDEX_2013_STATE_SD,MODEL_AND_LENGTH_SENSITIVITY_ENVELOPE,-0.3199323559138683
VT,2011,1.6894378474271516,0.2818268151708355,1.102828406144194,2.26035223510596,MODEL_ESTIMATED,0,1,CPS_PARTICIPATION_AND_CEV_MEMBERSHIP_LATENT_MODEL,COMMON_SCALE_CPS_2013_ANCHOR,1,0,1,REGIME_BRIDGE_ASSUMPTION;EARLY_CPS_DESIGN_BREAKS;UNKNOWN_SAMPLING_SE_WAVES,S2_FINAL_20261002T002743Z|M2_L6|inherited_base_sha256:6552cee937979c00eae89960ca07a3f13358525826877809d2c0f1a2903f24b7,LATENT_INDEX_2013_STATE_SD,MODEL_AND_LENGTH_SENSITIVITY_ENVELOPE,-0.10703488669792266
VT,2012,1.6237501355044377,0.47210415507497855,0.5143073741524203,2.7281376318473374,MODEL_ESTIMATED,0,0,CPS_PARTICIPATION_AND_CEV_MEMBERSHIP_LATENT_MODEL,COMMON_SCALE_CPS_2013_ANCHOR,1,0,1,REGIME_BRIDGE_ASSUMPTION;EARLY_CPS_DESIGN_BREAKS;UNKNOWN_SAMPLING_SE_WAVES,S2_FINAL_20261002T002743Z|M2_L6|inherited_base_sha256:6552cee937979c00eae89960ca07a3f13358525826877809d2c0f1a2903f24b7,LATENT_INDEX_2013_STATE_SD,MODEL_AND_LENGTH_SENSITIVITY_ENVELOPE,-0.12094572902118739
VT,2013,1.570402909901104,0.36020506207384423,0.8588553272656806,2.389501245609681,MODEL_ESTIMATED,0,1,CPS_PARTICIPATION_AND_CEV_MEMBERSHIP_LATENT_MODEL,COMMON_SCALE_CPS_2013_ANCHOR,1,0,1,REGIME_BRIDGE_ASSUMPTION;EARLY_CPS_DESIGN_BREAKS;UNKNOWN_SAMPLING_SE_WAVES,S2_FINAL_20261002T002743Z|M2_L6|inherited_base_sha256:6552cee937979c00eae89960ca07a3f13358525826877809d2c0f1a2903f24b7,LATENT_INDEX_2013_STATE_SD,MODEL_AND_LENGTH_SENSITIVITY_ENVELOPE,-0.1322431973304009
VT,2014,1.4640076175159629,0.6964079444757714,-0.28931569681929126,2.8289671886884746,MODEL_ESTIMATED,0,0,CPS_PARTICIPATION_AND_CEV_MEMBERSHIP_LATENT_MODEL,COMMON_SCALE_CPS_2013_ANCHOR,1,0,1,REGIME_BRIDGE_ASSUMPTION;EARLY_CPS_DESIGN_BREAKS;UNKNOWN_SAMPLING_SE_WAVES;CPS_CEV_GAP,S2_FINAL_20261002T002743Z|M2_L6|inherited_base_sha256:6552cee937979c00eae89960ca07a3f13358525826877809d2c0f1a2903f24b7,LATENT_INDEX_2013_STATE_SD,MODEL_AND_LENGTH_SENSITIVITY_ENVELOPE,-0.15477478037669012
VT,2015,1.3678757197140416,1.0138930901536973,-0.9798231771482281,3.3551061764152883,MODEL_ESTIMATED,0,0,CPS_PARTICIPATION_AND_CEV_MEMBERSHIP_LATENT_MODEL,COMMON_SCALE_CPS_2013_ANCHOR,1,0,1,REGIME_BRIDGE_ASSUMPTION;EARLY_CPS_DESIGN_BREAKS;UNKNOWN_SAMPLING_SE_WAVES;CPS_CEV_GAP,S2_FINAL_20261002T002743Z|M2_L6|inherited_base_sha256:6552cee937979c00eae89960ca07a3f13358525826877809d2c0f1a2903f24b7,LATENT_INDEX_2013_STATE_SD,MODEL_AND_LENGTH_SENSITIVITY_ENVELOPE,-0.17513286004510853
VT,2016,1.2805159396815582,1.3296712380310751,-1.4115587143717425,3.8866715662224656,MODEL_ESTIMATED,0,0,CPS_PARTICIPATION_AND_CEV_MEMBERSHIP_LATENT_MODEL,COMMON_SCALE_CPS_2013_ANCHOR,1,0,1,REGIME_BRIDGE_ASSUMPTION;EARLY_CPS_DESIGN_BREAKS;UNKNOWN_SAMPLING_SE_WAVES;CPS_CEV_GAP,S2_FINAL_20261002T002743Z|M2_L6|inherited_base_sha256:6552cee937979c00eae89960ca07a3f13358525826877809d2c0f1a2903f24b7,LATENT_INDEX_2013_STATE_SD,MODEL_AND_LENGTH_SENSITIVITY_ENVELOPE,-0.19363324755832856
VT,2017,1.2006812351161091,1.6562529771799475,-2.0455746001565878,4.446937070388806,MODEL_ESTIMATED,0,1,CPS_PARTICIPATION_AND_CEV_MEMBERSHIP_LATENT_MODEL,COMMON_SCALE_CPS_2013_ANCHOR,1,0,1,REGIME_BRIDGE_ASSUMPTION;EARLY_CPS_DESIGN_BREAKS;UNKNOWN_SAMPLING_SE_WAVES,S2_FINAL_20261002T002743Z|M2_L6|inherited_base_sha256:6552cee937979c00eae89960ca07a3f13358525826877809d2c0f1a2903f24b7,LATENT_INDEX_2013_STATE_SD,MODEL_AND_LENGTH_SENSITIVITY_ENVELOPE,-0.21054003201812288
VT,2018,1.3981901802664043,1.6780823049581852,-1.8908511374516388,4.687231497984447,MODEL_ESTIMATED,0,0,CPS_PARTICIPATION_AND_CEV_MEMBERSHIP_LATENT_MODEL,COMMON_SCALE_CPS_2013_ANCHOR,1,0,1,REGIME_BRIDGE_ASSUMPTION;EARLY_CPS_DESIGN_BREAKS;UNKNOWN_SAMPLING_SE_WAVES,S2_FINAL_20261002T002743Z|M2_L6|inherited_base_sha256:6552cee937979c00eae89960ca07a3f13358525826877809d2c0f1a2903f24b7,LATENT_INDEX_2013_STATE_SD,MODEL_AND_LENGTH_SENSITIVITY_ENVELOPE,-0.1687130949396516
VT,2019,1.6088709847556644,1.6485820639238007,-1.622349860534985,4.840091830046314,MODEL_ESTIMATED,0,1,CPS_PARTICIPATION_AND_CEV_MEMBERSHIP_LATENT_MODEL,COMMON_SCALE_CPS_2013_ANCHOR,1,0,1,REGIME_BRIDGE_ASSUMPTION;EARLY_CPS_DESIGN_BREAKS;UNKNOWN_SAMPLING_SE_WAVES,S2_FINAL_20261002T002743Z|M2_L6|inherited_base_sha256:6552cee937979c00eae89960ca07a3f13358525826877809d2c0f1a2903f24b7,LATENT_INDEX_2013_STATE_SD,MODEL_AND_LENGTH_SENSITIVITY_ENVELOPE,-0.12409672201381594
VT,2020,1.2667678721435267,1.6885176682418792,-2.0427267576105566,4.5762625018976095,MODEL_ESTIMATED,0,0,CPS_PARTICIPATION_AND_CEV_MEMBERSHIP_LATENT_MODEL,COMMON_SCALE_CPS_2013_ANCHOR,1,0,1,REGIME_BRIDGE_ASSUMPTION;EARLY_CPS_DESIGN_BREAKS;UNKNOWN_SAMPLING_SE_WAVES,S2_FINAL_20261002T002743Z|M2_L6|inherited_base_sha256:6552cee937979c00eae89960ca07a3f13358525826877809d2c0f1a2903f24b7,LATENT_INDEX_2013_STATE_SD,MODEL_AND_LENGTH_SENSITIVITY_ENVELOPE,-0.19654470838065352
VT,2021,0.9365480223185375,1.6665560471210688,-2.3299018300387573,4.202997874675832,MODEL_ESTIMATED,0,1,CPS_PARTICIPATION_AND_CEV_MEMBERSHIP_LATENT_MODEL,COMMON_SCALE_CPS_2013_ANCHOR,1,0,1,REGIME_BRIDGE_ASSUMPTION;EARLY_CPS_DESIGN_BREAKS;UNKNOWN_SAMPLING_SE_WAVES,S2_FINAL_20261002T002743Z|M2_L6|inherited_base_sha256:6552cee937979c00eae89960ca07a3f13358525826877809d2c0f1a2903f24b7,LATENT_INDEX_2013_STATE_SD,MODEL_AND_LENGTH_SENSITIVITY_ENVELOPE,-0.26647614804371134
VT,2022,1.2297879624931638,1.6983910874207453,-2.099058568851497,4.5586344938378245,MODEL_ESTIMATED,0,0,CPS_PARTICIPATION_AND_CEV_MEMBERSHIP_LATENT_MODEL,COMMON_SCALE_CPS_2013_ANCHOR,1,0,1,REGIME_BRIDGE_ASSUMPTION;EARLY_CPS_DESIGN_BREAKS;UNKNOWN_SAMPLING_SE_WAVES,S2_FINAL_20261002T002743Z|M2_L6|inherited_base_sha256:6552cee937979c00eae89960ca07a3f13358525826877809d2c0f1a2903f24b7,LATENT_INDEX_2013_STATE_SD,MODEL_AND_LENGTH_SENSITIVITY_ENVELOPE,-0.20437603142749716
VT,2023,1.5362520471714494,1.6616229689180286,-1.7205289719078867,4.793033066250786,MODEL_ESTIMATED,0,1,CPS_PARTICIPATION_AND_CEV_MEMBERSHIP_LATENT_MODEL,COMMON_SCALE_CPS_2013_ANCHOR,1,0,1,REGIME_BRIDGE_ASSUMPTION;EARLY_CPS_DESIGN_BREAKS;UNKNOWN_SAMPLING_SE_WAVES,S2_FINAL_20261002T002743Z|M2_L6|inherited_base_sha256:6552cee937979c00eae89960ca07a3f13358525826877809d2c0f1a2903f24b7,LATENT_INDEX_2013_STATE_SD,MODEL_AND_LENGTH_SENSITIVITY_ENVELOPE,-0.1394754064107634
WA,2000,0.8976611470014115,1.8816702823920046,-2.7904126064869175,5.8500981119152025,MODEL_ESTIMATED,0,0,CPS_PARTICIPATION_AND_CEV_MEMBERSHIP_LATENT_MODEL,COMMON_SCALE_CPS_2013_ANCHOR,1,1,1,REGIME_BRIDGE_ASSUMPTION;EARLY_CPS_DESIGN_BREAKS;UNKNOWN_SAMPLING_SE_WAVES;BACKCAST;BACKCAST_MODEL_SENSITIVITY,S2_FINAL_20261002T002743Z|M2_L6|inherited_base_sha256:6552cee937979c00eae89960ca07a3f13358525826877809d2c0f1a2903f24b7,LATENT_INDEX_2013_STATE_SD,MODEL_AND_LENGTH_SENSITIVITY_ENVELOPE,-0.2747113137261065
WA,2001,0.8657955194132345,1.7462660508363512,-2.556885940226014,5.450506040193083,MODEL_ESTIMATED,0,0,CPS_PARTICIPATION_AND_CEV_MEMBERSHIP_LATENT_MODEL,COMMON_SCALE_CPS_2013_ANCHOR,1,1,1,REGIME_BRIDGE_ASSUMPTION;EARLY_CPS_DESIGN_BREAKS;UNKNOWN_SAMPLING_SE_WAVES;BACKCAST;BACKCAST_MODEL_SENSITIVITY,S2_FINAL_20261002T002743Z|M2_L6|inherited_base_sha256:6552cee937979c00eae89960ca07a3f13358525826877809d2c0f1a2903f24b7,LATENT_INDEX_2013_STATE_SD,MODEL_AND_LENGTH_SENSITIVITY_ENVELOPE,-0.2814595731483947
WA,2002,0.8358712472395192,1.6094573898049942,-2.3186652367782696,5.043707841635734,MODEL_ESTIMATED,0,0,CPS_PARTICIPATION_AND_CEV_MEMBERSHIP_LATENT_MODEL,COMMON_SCALE_CPS_2013_ANCHOR,1,1,1,REGIME_BRIDGE_ASSUMPTION;EARLY_CPS_DESIGN_BREAKS;UNKNOWN_SAMPLING_SE_WAVES;BACKCAST;BACKCAST_MODEL_SENSITIVITY,S2_FINAL_20261002T002743Z|M2_L6|inherited_base_sha256:6552cee937979c00eae89960ca07a3f13358525826877809d2c0f1a2903f24b7,LATENT_INDEX_2013_STATE_SD,MODEL_AND_LENGTH_SENSITIVITY_ENVELOPE,-0.2877967071368153
WA,2003,0.8082404154997355,1.4704249013273591,-2.0737923911018883,4.627549853553588,MODEL_ESTIMATED,0,0,CPS_PARTICIPATION_AND_CEV_MEMBERSHIP_LATENT_MODEL,COMMON_SCALE_CPS_2013_ANCHOR,1,1,1,REGIME_BRIDGE_ASSUMPTION;EARLY_CPS_DESIGN_BREAKS;UNKNOWN_SAMPLING_SE_WAVES;BACKCAST;BACKCAST_MODEL_SENSITIVITY,S2_FINAL_20261002T002743Z|M2_L6|inherited_base_sha256:6552cee937979c00eae89960ca07a3f13358525826877809d2c0f1a2903f24b7,LATENT_INDEX_2013_STATE_SD,MODEL_AND_LENGTH_SENSITIVITY_ENVELOPE,-0.29364815381294596
WA,2004,0.7833189634978871,1.3279018389078323,-1.8193686407614642,4.198897671701298,MODEL_ESTIMATED,0,0,CPS_PARTICIPATION_AND_CEV_MEMBERSHIP_LATENT_MODEL,COMMON_SCALE_CPS_2013_ANCHOR,1,1,1,REGIME_BRIDGE_ASSUMPTION;EARLY_CPS_DESIGN_BREAKS;UNKNOWN_SAMPLING_SE_WAVES;BACKCAST;BACKCAST_MODEL_SENSITIVITY,S2_FINAL_20261002T002743Z|M2_L6|inherited_base_sha256:6552cee937979c00eae89960ca07a3f13358525826877809d2c0f1a2903f24b7,LATENT_INDEX_2013_STATE_SD,MODEL_AND_LENGTH_SENSITIVITY_ENVELOPE,-0.29892582872530116
WA,2005,0.7615982654618377,1.1798362833189913,-1.5508808498433853,3.752929380047647,MODEL_ESTIMATED,0,0,CPS_PARTICIPATION_AND_CEV_MEMBERSHIP_LATENT_MODEL,COMMON_SCALE_CPS_2013_ANCHOR,1,1,1,REGIME_BRIDGE_ASSUMPTION;EARLY_CPS_DESIGN_BREAKS;UNKNOWN_SAMPLING_SE_WAVES;BACKCAST;BACKCAST_MODEL_SENSITIVITY,S2_FINAL_20261002T002743Z|M2_L6|inherited_base_sha256:6552cee937979c00eae89960ca07a3f13358525826877809d2c0f1a2903f24b7,LATENT_INDEX_2013_STATE_SD,MODEL_AND_LENGTH_SENSITIVITY_ENVELOPE,-0.30352567238991585
WA,2006,0.7436588114523125,1.0226758406779206,-1.260785836276412,3.2816206093678555,MODEL_ESTIMATED,0,0,CPS_PARTICIPATION_AND_CEV_MEMBERSHIP_LATENT_MODEL,COMMON_SCALE_CPS_2013_ANCHOR,1,1,1,REGIME_BRIDGE_ASSUMPTION;EARLY_CPS_DESIGN_BREAKS;UNKNOWN_SAMPLING_SE_WAVES;BACKCAST;BACKCAST_MODEL_SENSITIVITY,S2_FINAL_20261002T002743Z|M2_L6|inherited_base_sha256:6552cee937979c00eae89960ca07a3f13358525826877809d2c0f1a2903f24b7,LATENT_INDEX_2013_STATE_SD,MODEL_AND_LENGTH_SENSITIVITY_ENVELOPE,-0.30732475305184515
WA,2007,0.7301863694471099,0.849602108601555,-0.935033763411938,2.8541789931456596,MODEL_ESTIMATED,0,0,CPS_PARTICIPATION_AND_CEV_MEMBERSHIP_LATENT_MODEL,COMMON_SCALE_CPS_2013_ANCHOR,1,1,1,REGIME_BRIDGE_ASSUMPTION;EARLY_CPS_DESIGN_BREAKS;UNKNOWN_SAMPLING_SE_WAVES;BACKCAST;BACKCAST_MODEL_SENSITIVITY,S2_FINAL_20261002T002743Z|M2_L6|inherited_base_sha256:6552cee937979c00eae89960ca07a3f13358525826877809d2c0f1a2903f24b7,LATENT_INDEX_2013_STATE_SD,MODEL_AND_LENGTH_SENSITIVITY_ENVELOPE,-0.310177844002314
WA,2008,0.7219910785876033,0.6448500082340244,-0.5419149375510844,2.3265245683297,MODEL_ESTIMATED,0,0,CPS_PARTICIPATION_AND_CEV_MEMBERSHIP_LATENT_MODEL,COMMON_SCALE_CPS_2013_ANCHOR,1,1,1,REGIME_BRIDGE_ASSUMPTION;EARLY_CPS_DESIGN_BREAKS;UNKNOWN_SAMPLING_SE_WAVES;BACKCAST;BACKCAST_MODEL_SENSITIVITY;NO_DIRECT_OBSERVATION_AVAILABLE_IN_CURRENT_EVIDENCE,S2_FINAL_20261002T002743Z|M2_L6|inherited_base_sha256:6552cee937979c00eae89960ca07a3f13358525826877809d2c0f1a2903f24b7,LATENT_INDEX_2013_STATE_SD,MODEL_AND_LENGTH_SENSITIVITY_ENVELOPE,-0.31191338015668674
WA,2009,0.7200300051843411,0.34988315228526295,0.03425902670522574,1.4438444035568352,MODEL_ESTIMATED,0,1,CPS_PARTICIPATION_AND_CEV_MEMBERSHIP_LATENT_MODEL,COMMON_SCALE_CPS_2013_ANCHOR,1,0,1,REGIME_BRIDGE_ASSUMPTION;EARLY_CPS_DESIGN_BREAKS;UNKNOWN_SAMPLING_SE_WAVES,S2_FINAL_20261002T002743Z|M2_L6|inherited_base_sha256:6552cee937979c00eae89960ca07a3f13358525826877809d2c0f1a2903f24b7,LATENT_INDEX_2013_STATE_SD,MODEL_AND_LENGTH_SENSITIVITY_ENVELOPE,-0.31232868131574104
WA,2010,0.41700364325506295,0.3054807882029372,-0.20378975652138687,1.0492948043943506,MODEL_ESTIMATED,0,1,CPS_PARTICIPATION_AND_CEV_MEMBERSHIP_LATENT_MODEL,COMMON_SCALE_CPS_2013_ANCHOR,1,0,1,REGIME_BRIDGE_ASSUMPTION;EARLY_CPS_DESIGN_BREAKS;UNKNOWN_SAMPLING_SE_WAVES,S2_FINAL_20261002T002743Z|M2_L6|inherited_base_sha256:6552cee937979c00eae89960ca07a3f13358525826877809d2c0f1a2903f24b7,LATENT_INDEX_2013_STATE_SD,MODEL_AND_LENGTH_SENSITIVITY_ENVELOPE,-0.3765012916442968
WA,2011,1.213002105439698,0.250123024078741,0.6613735983752635,1.7168005421028425,MODEL_ESTIMATED,0,1,CPS_PARTICIPATION_AND_CEV_MEMBERSHIP_LATENT_MODEL,COMMON_SCALE_CPS_2013_ANCHOR,1,0,1,REGIME_BRIDGE_ASSUMPTION;EARLY_CPS_DESIGN_BREAKS;UNKNOWN_SAMPLING_SE_WAVES,S2_FINAL_20261002T002743Z|M2_L6|inherited_base_sha256:6552cee937979c00eae89960ca07a3f13358525826877809d2c0f1a2903f24b7,LATENT_INDEX_2013_STATE_SD,MODEL_AND_LENGTH_SENSITIVITY_ENVELOPE,-0.2079308121299573
WA,2012,1.1932601826370786,0.4610655636822059,0.07140870649582358,2.2477953909803534,MODEL_ESTIMATED,0,0,CPS_PARTICIPATION_AND_CEV_MEMBERSHIP_LATENT_MODEL,COMMON_SCALE_CPS_2013_ANCHOR,1,0,1,REGIME_BRIDGE_ASSUMPTION;EARLY_CPS_DESIGN_BREAKS;UNKNOWN_SAMPLING_SE_WAVES,S2_FINAL_20261002T002743Z|M2_L6|inherited_base_sha256:6552cee937979c00eae89960ca07a3f13358525826877809d2c0f1a2903f24b7,LATENT_INDEX_2013_STATE_SD,MODEL_AND_LENGTH_SENSITIVITY_ENVELOPE,-0.2121116058770195
WA,2013,1.1976145795163322,0.3516898982162578,0.4851755029486119,2.001265324973231,MODEL_ESTIMATED,0,1,CPS_PARTICIPATION_AND_CEV_MEMBERSHIP_LATENT_MODEL,COMMON_SCALE_CPS_2013_ANCHOR,1,0,1,REGIME_BRIDGE_ASSUMPTION;EARLY_CPS_DESIGN_BREAKS;UNKNOWN_SAMPLING_SE_WAVES,S2_FINAL_20261002T002743Z|M2_L6|inherited_base_sha256:6552cee937979c00eae89960ca07a3f13358525826877809d2c0f1a2903f24b7,LATENT_INDEX_2013_STATE_SD,MODEL_AND_LENGTH_SENSITIVITY_ENVELOPE,-0.21118946493730334
WA,2014,0.9527804474057257,0.6964236856510359,-0.801617014326697,2.317770871281756,MODEL_ESTIMATED,0,0,CPS_PARTICIPATION_AND_CEV_MEMBERSHIP_LATENT_MODEL,COMMON_SCALE_CPS_2013_ANCHOR,1,0,1,REGIME_BRIDGE_ASSUMPTION;EARLY_CPS_DESIGN_BREAKS;UNKNOWN_SAMPLING_SE_WAVES;CPS_CEV_GAP,S2_FINAL_20261002T002743Z|M2_L6|inherited_base_sha256:6552cee937979c00eae89960ca07a3f13358525826877809d2c0f1a2903f24b7,LATENT_INDEX_2013_STATE_SD,MODEL_AND_LENGTH_SENSITIVITY_ENVELOPE,-0.2630385689394527
WA,2015,0.7277176465162879,1.0163534034987993,-1.6169769535487908,2.7197703173739347,MODEL_ESTIMATED,0,0,CPS_PARTICIPATION_AND_CEV_MEMBERSHIP_LATENT_MODEL,COMMON_SCALE_CPS_2013_ANCHOR,1,0,1,REGIME_BRIDGE_ASSUMPTION;EARLY_CPS_DESIGN_BREAKS;UNKNOWN_SAMPLING_SE_WAVES;CPS_CEV_GAP,S2_FINAL_20261002T002743Z|M2_L6|inherited_base_sha256:6552cee937979c00eae89960ca07a3f13358525826877809d2c0f1a2903f24b7,LATENT_INDEX_2013_STATE_SD,MODEL_AND_LENGTH_SENSITIVITY_ENVELOPE,-0.3107006513040952
WA,2016,0.5173451880694369,1.3289959272459704,-2.1398656610268056,3.122177205471539,MODEL_ESTIMATED,0,0,CPS_PARTICIPATION_AND_CEV_MEMBERSHIP_LATENT_MODEL,COMMON_SCALE_CPS_2013_ANCHOR,1,0,1,REGIME_BRIDGE_ASSUMPTION;EARLY_CPS_DESIGN_BREAKS;UNKNOWN_SAMPLING_SE_WAVES;CPS_CEV_GAP,S2_FINAL_20261002T002743Z|M2_L6|inherited_base_sha256:6552cee937979c00eae89960ca07a3f13358525826877809d2c0f1a2903f24b7,LATENT_INDEX_2013_STATE_SD,MODEL_AND_LENGTH_SENSITIVITY_ENVELOPE,-0.3552517250582684
WA,2017,0.3169910938245753,1.6478918697387177,-2.9128769708633113,3.5468591585124623,MODEL_ESTIMATED,0,1,CPS_PARTICIPATION_AND_CEV_MEMBERSHIP_LATENT_MODEL,COMMON_SCALE_CPS_2013_ANCHOR,1,0,1,REGIME_BRIDGE_ASSUMPTION;EARLY_CPS_DESIGN_BREAKS;UNKNOWN_SAMPLING_SE_WAVES,S2_FINAL_20261002T002743Z|M2_L6|inherited_base_sha256:6552cee937979c00eae89960ca07a3f13358525826877809d2c0f1a2903f24b7,LATENT_INDEX_2013_STATE_SD,MODEL_AND_LENGTH_SENSITIVITY_ENVELOPE,-0.3976811860987139
WA,2018,0.1619374925568357,1.6768811483464687,-3.124749558202243,3.4486245433159146,MODEL_ESTIMATED,0,0,CPS_PARTICIPATION_AND_CEV_MEMBERSHIP_LATENT_MODEL,COMMON_SCALE_CPS_2013_ANCHOR,1,0,1,REGIME_BRIDGE_ASSUMPTION;EARLY_CPS_DESIGN_BREAKS;UNKNOWN_SAMPLING_SE_WAVES,S2_FINAL_20261002T002743Z|M2_L6|inherited_base_sha256:6552cee937979c00eae89960ca07a3f13358525826877809d2c0f1a2903f24b7,LATENT_INDEX_2013_STATE_SD,MODEL_AND_LENGTH_SENSITIVITY_ENVELOPE,-0.43051725445542055
WA,2019,0.009377426928183904,1.6569021712313816,-3.238150828685324,3.256905682541692,MODEL_ESTIMATED,0,1,CPS_PARTICIPATION_AND_CEV_MEMBERSHIP_LATENT_MODEL,COMMON_SCALE_CPS_2013_ANCHOR,1,0,1,REGIME_BRIDGE_ASSUMPTION;EARLY_CPS_DESIGN_BREAKS;UNKNOWN_SAMPLING_SE_WAVES,S2_FINAL_20261002T002743Z|M2_L6|inherited_base_sha256:6552cee937979c00eae89960ca07a3f13358525826877809d2c0f1a2903f24b7,LATENT_INDEX_2013_STATE_SD,MODEL_AND_LENGTH_SENSITIVITY_ENVELOPE,-0.4628252608643522
WA,2020,-0.3867596425486068,1.686476209639295,-3.6922530134416247,2.918733728344411,MODEL_ESTIMATED,0,0,CPS_PARTICIPATION_AND_CEV_MEMBERSHIP_LATENT_MODEL,COMMON_SCALE_CPS_2013_ANCHOR,1,0,1,REGIME_BRIDGE_ASSUMPTION;EARLY_CPS_DESIGN_BREAKS;UNKNOWN_SAMPLING_SE_WAVES,S2_FINAL_20261002T002743Z|M2_L6|inherited_base_sha256:6552cee937979c00eae89960ca07a3f13358525826877809d2c0f1a2903f24b7,LATENT_INDEX_2013_STATE_SD,MODEL_AND_LENGTH_SENSITIVITY_ENVELOPE,-0.546716146246011
WA,2021,-0.7933095961531719,1.662519780600909,-4.051848366130954,2.4652291738246097,MODEL_ESTIMATED,0,1,CPS_PARTICIPATION_AND_CEV_MEMBERSHIP_LATENT_MODEL,COMMON_SCALE_CPS_2013_ANCHOR,1,0,1,REGIME_BRIDGE_ASSUMPTION;EARLY_CPS_DESIGN_BREAKS;UNKNOWN_SAMPLING_SE_WAVES,S2_FINAL_20261002T002743Z|M2_L6|inherited_base_sha256:6552cee937979c00eae89960ca07a3f13358525826877809d2c0f1a2903f24b7,LATENT_INDEX_2013_STATE_SD,MODEL_AND_LENGTH_SENSITIVITY_ENVELOPE,-0.6328121927604295
WA,2022,-0.5748273201302344,1.6927707610988532,-3.8926580118839866,2.743003371623518,MODEL_ESTIMATED,0,0,CPS_PARTICIPATION_AND_CEV_MEMBERSHIP_LATENT_MODEL,COMMON_SCALE_CPS_2013_ANCHOR,1,0,1,REGIME_BRIDGE_ASSUMPTION;EARLY_CPS_DESIGN_BREAKS;UNKNOWN_SAMPLING_SE_WAVES,S2_FINAL_20261002T002743Z|M2_L6|inherited_base_sha256:6552cee937979c00eae89960ca07a3f13358525826877809d2c0f1a2903f24b7,LATENT_INDEX_2013_STATE_SD,MODEL_AND_LENGTH_SENSITIVITY_ENVELOPE,-0.5865436837315414
WA,2023,-0.36962365296659533,1.6615433065490082,-3.6262485338026513,2.887001227869461,MODEL_ESTIMATED,0,1,CPS_PARTICIPATION_AND_CEV_MEMBERSHIP_LATENT_MODEL,COMMON_SCALE_CPS_2013_ANCHOR,1,0,1,REGIME_BRIDGE_ASSUMPTION;EARLY_CPS_DESIGN_BREAKS;UNKNOWN_SAMPLING_SE_WAVES,S2_FINAL_20261002T002743Z|M2_L6|inherited_base_sha256:6552cee937979c00eae89960ca07a3f13358525826877809d2c0f1a2903f24b7,LATENT_INDEX_2013_STATE_SD,MODEL_AND_LENGTH_SENSITIVITY_ENVELOPE,-0.5430872171487555
WI,2000,0.8395703511219846,1.88898193986891,-2.862834251021079,5.7220558128183185,MODEL_ESTIMATED,0,0,CPS_PARTICIPATION_AND_CEV_MEMBERSHIP_LATENT_MODEL,COMMON_SCALE_CPS_2013_ANCHOR,1,1,1,REGIME_BRIDGE_ASSUMPTION;EARLY_CPS_DESIGN_BREAKS;UNKNOWN_SAMPLING_SE_WAVES;BACKCAST;BACKCAST_MODEL_SENSITIVITY,S2_FINAL_20261002T002743Z|M2_L6|inherited_base_sha256:6552cee937979c00eae89960ca07a3f13358525826877809d2c0f1a2903f24b7,LATENT_INDEX_2013_STATE_SD,MODEL_AND_LENGTH_SENSITIVITY_ENVELOPE,-0.28701333914697125
WI,2001,0.7950194209025165,1.7544216930501344,-2.643647097475747,5.312315151363695,MODEL_ESTIMATED,0,0,CPS_PARTICIPATION_AND_CEV_MEMBERSHIP_LATENT_MODEL,COMMON_SCALE_CPS_2013_ANCHOR,1,1,1,REGIME_BRIDGE_ASSUMPTION;EARLY_CPS_DESIGN_BREAKS;UNKNOWN_SAMPLING_SE_WAVES;BACKCAST;BACKCAST_MODEL_SENSITIVITY,S2_FINAL_20261002T002743Z|M2_L6|inherited_base_sha256:6552cee937979c00eae89960ca07a3f13358525826877809d2c0f1a2903f24b7,LATENT_INDEX_2013_STATE_SD,MODEL_AND_LENGTH_SENSITIVITY_ENVELOPE,-0.2964479951503187
WI,2002,0.7501092343749663,1.61834967946272,-2.421856137371965,4.894531132899183,MODEL_ESTIMATED,0,0,CPS_PARTICIPATION_AND_CEV_MEMBERSHIP_LATENT_MODEL,COMMON_SCALE_CPS_2013_ANCHOR,1,1,1,REGIME_BRIDGE_ASSUMPTION;EARLY_CPS_DESIGN_BREAKS;UNKNOWN_SAMPLING_SE_WAVES;BACKCAST;BACKCAST_MODEL_SENSITIVITY,S2_FINAL_20261002T002743Z|M2_L6|inherited_base_sha256:6552cee937979c00eae89960ca07a3f13358525826877809d2c0f1a2903f24b7,LATENT_INDEX_2013_STATE_SD,MODEL_AND_LENGTH_SENSITIVITY_ENVELOPE,-0.3059587317128619
WI,2003,0.7047746366669781,1.4798268663950984,-2.1956860214674148,4.466497025844419,MODEL_ESTIMATED,0,0,CPS_PARTICIPATION_AND_CEV_MEMBERSHIP_LATENT_MODEL,COMMON_SCALE_CPS_2013_ANCHOR,1,1,1,REGIME_BRIDGE_ASSUMPTION;EARLY_CPS_DESIGN_BREAKS;UNKNOWN_SAMPLING_SE_WAVES;BACKCAST;BACKCAST_MODEL_SENSITIVITY,S2_FINAL_20261002T002743Z|M2_L6|inherited_base_sha256:6552cee937979c00eae89960ca07a3f13358525826877809d2c0f1a2903f24b7,LATENT_INDEX_2013_STATE_SD,MODEL_AND_LENGTH_SENSITIVITY_ENVELOPE,-0.3155593468362271
WI,2004,0.6589386563916508,1.3374280538247172,-1.9624203291047948,4.025033496847765,MODEL_ESTIMATED,0,0,CPS_PARTICIPATION_AND_CEV_MEMBERSHIP_LATENT_MODEL,COMMON_SCALE_CPS_2013_ANCHOR,1,1,1,REGIME_BRIDGE_ASSUMPTION;EARLY_CPS_DESIGN_BREAKS;UNKNOWN_SAMPLING_SE_WAVES;BACKCAST;BACKCAST_MODEL_SENSITIVITY,S2_FINAL_20261002T002743Z|M2_L6|inherited_base_sha256:6552cee937979c00eae89960ca07a3f13358525826877809d2c0f1a2903f24b7,LATENT_INDEX_2013_STATE_SD,MODEL_AND_LENGTH_SENSITIVITY_ENVELOPE,-0.3252661409333111
WI,2005,0.6125103625995526,1.1889121795491433,-1.7177575093167685,3.575256238838468,MODEL_ESTIMATED,0,0,CPS_PARTICIPATION_AND_CEV_MEMBERSHIP_LATENT_MODEL,COMMON_SCALE_CPS_2013_ANCHOR,1,1,1,REGIME_BRIDGE_ASSUMPTION;EARLY_CPS_DESIGN_BREAKS;UNKNOWN_SAMPLING_SE_WAVES;BACKCAST;BACKCAST_MODEL_SENSITIVITY,S2_FINAL_20261002T002743Z|M2_L6|inherited_base_sha256:6552cee937979c00eae89960ca07a3f13358525826877809d2c0f1a2903f24b7,LATENT_INDEX_2013_STATE_SD,MODEL_AND_LENGTH_SENSITIVITY_ENVELOPE,-0.3350983706666284
WI,2006,0.5653823330667448,1.0305484854340687,-1.4544926983840298,3.1667198534945844,MODEL_ESTIMATED,0,0,CPS_PARTICIPATION_AND_CEV_MEMBERSHIP_LATENT_MODEL,COMMON_SCALE_CPS_2013_ANCHOR,1,1,1,REGIME_BRIDGE_ASSUMPTION;EARLY_CPS_DESIGN_BREAKS;UNKNOWN_SAMPLING_SE_WAVES;BACKCAST;BACKCAST_MODEL_SENSITIVITY,S2_FINAL_20261002T002743Z|M2_L6|inherited_base_sha256:6552cee937979c00eae89960ca07a3f13358525826877809d2c0f1a2903f24b7,LATENT_INDEX_2013_STATE_SD,MODEL_AND_LENGTH_SENSITIVITY_ENVELOPE,-0.34507878509495254
WI,2007,0.5174276634303936,0.8554907614352665,-1.1593342289827286,2.6891181152751993,MODEL_ESTIMATED,0,0,CPS_PARTICIPATION_AND_CEV_MEMBERSHIP_LATENT_MODEL,COMMON_SCALE_CPS_2013_ANCHOR,1,1,1,REGIME_BRIDGE_ASSUMPTION;EARLY_CPS_DESIGN_BREAKS;UNKNOWN_SAMPLING_SE_WAVES;BACKCAST;BACKCAST_MODEL_SENSITIVITY,S2_FINAL_20261002T002743Z|M2_L6|inherited_base_sha256:6552cee937979c00eae89960ca07a3f13358525826877809d2c0f1a2903f24b7,LATENT_INDEX_2013_STATE_SD,MODEL_AND_LENGTH_SENSITIVITY_ENVELOPE,-0.35523425905575073
WI,2008,0.468496433900031,0.6485968317876335,-0.8027533564037306,2.07832932637529,MODEL_ESTIMATED,0,0,CPS_PARTICIPATION_AND_CEV_MEMBERSHIP_LATENT_MODEL,COMMON_SCALE_CPS_2013_ANCHOR,1,1,1,REGIME_BRIDGE_ASSUMPTION;EARLY_CPS_DESIGN_BREAKS;UNKNOWN_SAMPLING_SE_WAVES;BACKCAST;BACKCAST_MODEL_SENSITIVITY;NO_DIRECT_OBSERVATION_AVAILABLE_IN_CURRENT_EVIDENCE,S2_FINAL_20261002T002743Z|M2_L6|inherited_base_sha256:6552cee937979c00eae89960ca07a3f13358525826877809d2c0f1a2903f24b7,LATENT_INDEX_2013_STATE_SD,MODEL_AND_LENGTH_SENSITIVITY_ENVELOPE,-0.3655965414181081
WI,2009,0.4184115351700955,0.35594956709682357,-0.3056044282313798,1.1370986863867036,MODEL_ESTIMATED,0,1,CPS_PARTICIPATION_AND_CEV_MEMBERSHIP_LATENT_MODEL,COMMON_SCALE_CPS_2013_ANCHOR,1,0,1,REGIME_BRIDGE_ASSUMPTION;EARLY_CPS_DESIGN_BREAKS;UNKNOWN_SAMPLING_SE_WAVES,S2_FINAL_20261002T002743Z|M2_L6|inherited_base_sha256:6552cee937979c00eae89960ca07a3f13358525826877809d2c0f1a2903f24b7,LATENT_INDEX_2013_STATE_SD,MODEL_AND_LENGTH_SENSITIVITY_ENVELOPE,-0.37620313903911456
WI,2010,0.339691813260157,0.32782521211908994,-0.31220671942587436,1.0315620617122607,MODEL_ESTIMATED,0,1,CPS_PARTICIPATION_AND_CEV_MEMBERSHIP_LATENT_MODEL,COMMON_SCALE_CPS_2013_ANCHOR,1,0,1,REGIME_BRIDGE_ASSUMPTION;EARLY_CPS_DESIGN_BREAKS;UNKNOWN_SAMPLING_SE_WAVES,S2_FINAL_20261002T002743Z|M2_L6|inherited_base_sha256:6552cee937979c00eae89960ca07a3f13358525826877809d2c0f1a2903f24b7,LATENT_INDEX_2013_STATE_SD,MODEL_AND_LENGTH_SENSITIVITY_ENVELOPE,-0.3928738009813179
WI,2011,1.2456706414792782,0.3411259654247068,0.5197531892139212,1.9717249190520096,MODEL_ESTIMATED,0,1,CPS_PARTICIPATION_AND_CEV_MEMBERSHIP_LATENT_MODEL,COMMON_SCALE_CPS_2013_ANCHOR,1,0,1,REGIME_BRIDGE_ASSUMPTION;EARLY_CPS_DESIGN_BREAKS;UNKNOWN_SAMPLING_SE_WAVES,S2_FINAL_20261002T002743Z|M2_L6|inherited_base_sha256:6552cee937979c00eae89960ca07a3f13358525826877809d2c0f1a2903f24b7,LATENT_INDEX_2013_STATE_SD,MODEL_AND_LENGTH_SENSITIVITY_ENVELOPE,-0.2010125188833729
WI,2012,1.050685480905299,0.4769758302934879,-0.1144201372966698,2.114396690580487,MODEL_ESTIMATED,0,0,CPS_PARTICIPATION_AND_CEV_MEMBERSHIP_LATENT_MODEL,COMMON_SCALE_CPS_2013_ANCHOR,1,0,1,REGIME_BRIDGE_ASSUMPTION;EARLY_CPS_DESIGN_BREAKS;UNKNOWN_SAMPLING_SE_WAVES,S2_FINAL_20261002T002743Z|M2_L6|inherited_base_sha256:6552cee937979c00eae89960ca07a3f13358525826877809d2c0f1a2903f24b7,LATENT_INDEX_2013_STATE_SD,MODEL_AND_LENGTH_SENSITIVITY_ENVELOPE,-0.2423049881249933
WI,2013,0.8754970016890533,0.31519553568987096,0.2094522433557865,1.5015542088816685,MODEL_ESTIMATED,0,1,CPS_PARTICIPATION_AND_CEV_MEMBERSHIP_LATENT_MODEL,COMMON_SCALE_CPS_2013_ANCHOR,1,0,1,REGIME_BRIDGE_ASSUMPTION;EARLY_CPS_DESIGN_BREAKS;UNKNOWN_SAMPLING_SE_WAVES,S2_FINAL_20261002T002743Z|M2_L6|inherited_base_sha256:6552cee937979c00eae89960ca07a3f13358525826877809d2c0f1a2903f24b7,LATENT_INDEX_2013_STATE_SD,MODEL_AND_LENGTH_SENSITIVITY_ENVELOPE,-0.2794050672706493
WI,2014,0.8544569246903703,0.6888320998343502,-0.9341671181424819,2.2045678403656965,MODEL_ESTIMATED,0,0,CPS_PARTICIPATION_AND_CEV_MEMBERSHIP_LATENT_MODEL,COMMON_SCALE_CPS_2013_ANCHOR,1,0,1,REGIME_BRIDGE_ASSUMPTION;EARLY_CPS_DESIGN_BREAKS;UNKNOWN_SAMPLING_SE_WAVES;CPS_CEV_GAP,S2_FINAL_20261002T002743Z|M2_L6|inherited_base_sha256:6552cee937979c00eae89960ca07a3f13358525826877809d2c0f1a2903f24b7,LATENT_INDEX_2013_STATE_SD,MODEL_AND_LENGTH_SENSITIVITY_ENVELOPE,-0.28386077420625383
WI,2015,0.8501205880107824,1.014406839587965,-1.5115991996727365,2.8383579936031937,MODEL_ESTIMATED,0,0,CPS_PARTICIPATION_AND_CEV_MEMBERSHIP_LATENT_MODEL,COMMON_SCALE_CPS_2013_ANCHOR,1,0,1,REGIME_BRIDGE_ASSUMPTION;EARLY_CPS_DESIGN_BREAKS;UNKNOWN_SAMPLING_SE_WAVES;CPS_CEV_GAP,S2_FINAL_20261002T002743Z|M2_L6|inherited_base_sha256:6552cee937979c00eae89960ca07a3f13358525826877809d2c0f1a2903f24b7,LATENT_INDEX_2013_STATE_SD,MODEL_AND_LENGTH_SENSITIVITY_ENVELOPE,-0.28477909049471445
WI,2016,0.8635524994946916,1.3288868574391326,-1.7841206709911945,3.4681707400753914,MODEL_ESTIMATED,0,0,CPS_PARTICIPATION_AND_CEV_MEMBERSHIP_LATENT_MODEL,COMMON_SCALE_CPS_2013_ANCHOR,1,0,1,REGIME_BRIDGE_ASSUMPTION;EARLY_CPS_DESIGN_BREAKS;UNKNOWN_SAMPLING_SE_WAVES;CPS_CEV_GAP,S2_FINAL_20261002T002743Z|M2_L6|inherited_base_sha256:6552cee937979c00eae89960ca07a3f13358525826877809d2c0f1a2903f24b7,LATENT_INDEX_2013_STATE_SD,MODEL_AND_LENGTH_SENSITIVITY_ENVELOPE,-0.281934582788729
WI,2017,0.8963118729995658,1.6455651312159951,-2.3289957841837845,4.121619530182916,MODEL_ESTIMATED,0,1,CPS_PARTICIPATION_AND_CEV_MEMBERSHIP_LATENT_MODEL,COMMON_SCALE_CPS_2013_ANCHOR,1,0,1,REGIME_BRIDGE_ASSUMPTION;EARLY_CPS_DESIGN_BREAKS;UNKNOWN_SAMPLING_SE_WAVES,S2_FINAL_20261002T002743Z|M2_L6|inherited_base_sha256:6552cee937979c00eae89960ca07a3f13358525826877809d2c0f1a2903f24b7,LATENT_INDEX_2013_STATE_SD,MODEL_AND_LENGTH_SENSITIVITY_ENVELOPE,-0.2749970526769873
WI,2018,0.7943859369557379,1.6771368282489116,-2.4928022464121287,4.081574120323604,MODEL_ESTIMATED,0,0,CPS_PARTICIPATION_AND_CEV_MEMBERSHIP_LATENT_MODEL,COMMON_SCALE_CPS_2013_ANCHOR,1,0,1,REGIME_BRIDGE_ASSUMPTION;EARLY_CPS_DESIGN_BREAKS;UNKNOWN_SAMPLING_SE_WAVES,S2_FINAL_20261002T002743Z|M2_L6|inherited_base_sha256:6552cee937979c00eae89960ca07a3f13358525826877809d2c0f1a2903f24b7,LATENT_INDEX_2013_STATE_SD,MODEL_AND_LENGTH_SENSITIVITY_ENVELOPE,-0.29658214954601947
WI,2019,0.7122321994257448,1.6519587335507242,-2.5256069183336747,3.950071317185164,MODEL_ESTIMATED,0,1,CPS_PARTICIPATION_AND_CEV_MEMBERSHIP_LATENT_MODEL,COMMON_SCALE_CPS_2013_ANCHOR,1,0,1,REGIME_BRIDGE_ASSUMPTION;EARLY_CPS_DESIGN_BREAKS;UNKNOWN_SAMPLING_SE_WAVES,S2_FINAL_20261002T002743Z|M2_L6|inherited_base_sha256:6552cee937979c00eae89960ca07a3f13358525826877809d2c0f1a2903f24b7,LATENT_INDEX_2013_STATE_SD,MODEL_AND_LENGTH_SENSITIVITY_ENVELOPE,-0.31398004110892286
WI,2020,0.1708073323888029,1.68567481748476,-3.1331153098813265,3.4747299746589326,MODEL_ESTIMATED,0,0,CPS_PARTICIPATION_AND_CEV_MEMBERSHIP_LATENT_MODEL,COMMON_SCALE_CPS_2013_ANCHOR,1,0,1,REGIME_BRIDGE_ASSUMPTION;EARLY_CPS_DESIGN_BREAKS;UNKNOWN_SAMPLING_SE_WAVES,S2_FINAL_20261002T002743Z|M2_L6|inherited_base_sha256:6552cee937979c00eae89960ca07a3f13358525826877809d2c0f1a2903f24b7,LATENT_INDEX_2013_STATE_SD,MODEL_AND_LENGTH_SENSITIVITY_ENVELOPE,-0.4286388674676034
WI,2021,-0.3658366160893173,1.6591199729587953,-3.617711763088556,2.8860385309099215,MODEL_ESTIMATED,0,1,CPS_PARTICIPATION_AND_CEV_MEMBERSHIP_LATENT_MODEL,COMMON_SCALE_CPS_2013_ANCHOR,1,0,1,REGIME_BRIDGE_ASSUMPTION;EARLY_CPS_DESIGN_BREAKS;UNKNOWN_SAMPLING_SE_WAVES,S2_FINAL_20261002T002743Z|M2_L6|inherited_base_sha256:6552cee937979c00eae89960ca07a3f13358525826877809d2c0f1a2903f24b7,LATENT_INDEX_2013_STATE_SD,MODEL_AND_LENGTH_SENSITIVITY_ENVELOPE,-0.5422852273803467
WI,2022,-0.40822222826343924,1.695153497662754,-3.7307230836824368,2.9142786271555585,MODEL_ESTIMATED,0,0,CPS_PARTICIPATION_AND_CEV_MEMBERSHIP_LATENT_MODEL,COMMON_SCALE_CPS_2013_ANCHOR,1,0,1,REGIME_BRIDGE_ASSUMPTION;EARLY_CPS_DESIGN_BREAKS;UNKNOWN_SAMPLING_SE_WAVES,S2_FINAL_20261002T002743Z|M2_L6|inherited_base_sha256:6552cee937979c00eae89960ca07a3f13358525826877809d2c0f1a2903f24b7,LATENT_INDEX_2013_STATE_SD,MODEL_AND_LENGTH_SENSITIVITY_ENVELOPE,-0.5512613288530694
WI,2023,-0.4595778612161583,1.6681855166696242,-3.7292214738886216,2.810065751456305,MODEL_ESTIMATED,0,1,CPS_PARTICIPATION_AND_CEV_MEMBERSHIP_LATENT_MODEL,COMMON_SCALE_CPS_2013_ANCHOR,1,0,1,REGIME_BRIDGE_ASSUMPTION;EARLY_CPS_DESIGN_BREAKS;UNKNOWN_SAMPLING_SE_WAVES,S2_FINAL_20261002T002743Z|M2_L6|inherited_base_sha256:6552cee937979c00eae89960ca07a3f13358525826877809d2c0f1a2903f24b7,LATENT_INDEX_2013_STATE_SD,MODEL_AND_LENGTH_SENSITIVITY_ENVELOPE,-0.5621370328699375
WV,2000,-0.6936689636501657,1.8807646231167623,-4.37996762495902,4.306202298650452,MODEL_ESTIMATED,0,0,CPS_PARTICIPATION_AND_CEV_MEMBERSHIP_LATENT_MODEL,COMMON_SCALE_CPS_2013_ANCHOR,1,1,1,REGIME_BRIDGE_ASSUMPTION;EARLY_CPS_DESIGN_BREAKS;UNKNOWN_SAMPLING_SE_WAVES;BACKCAST;BACKCAST_MODEL_SENSITIVITY,S2_FINAL_20261002T002743Z|M2_L6|inherited_base_sha256:6552cee937979c00eae89960ca07a3f13358525826877809d2c0f1a2903f24b7,LATENT_INDEX_2013_STATE_SD,MODEL_AND_LENGTH_SENSITIVITY_ENVELOPE,-0.6117110600345628
WV,2001,-0.7457386344721727,1.7461468197450187,-4.1681864011724095,3.872794256713208,MODEL_ESTIMATED,0,0,CPS_PARTICIPATION_AND_CEV_MEMBERSHIP_LATENT_MODEL,COMMON_SCALE_CPS_2013_ANCHOR,1,1,1,REGIME_BRIDGE_ASSUMPTION;EARLY_CPS_DESIGN_BREAKS;UNKNOWN_SAMPLING_SE_WAVES;BACKCAST;BACKCAST_MODEL_SENSITIVITY,S2_FINAL_20261002T002743Z|M2_L6|inherited_base_sha256:6552cee937979c00eae89960ca07a3f13358525826877809d2c0f1a2903f24b7,LATENT_INDEX_2013_STATE_SD,MODEL_AND_LENGTH_SENSITIVITY_ENVELOPE,-0.6227379775420787
WV,2002,-0.7995311635021588,1.6103761384370607,-3.955868394838798,3.429304481257248,MODEL_ESTIMATED,0,0,CPS_PARTICIPATION_AND_CEV_MEMBERSHIP_LATENT_MODEL,COMMON_SCALE_CPS_2013_ANCHOR,1,1,1,REGIME_BRIDGE_ASSUMPTION;EARLY_CPS_DESIGN_BREAKS;UNKNOWN_SAMPLING_SE_WAVES;BACKCAST;BACKCAST_MODEL_SENSITIVITY,S2_FINAL_20261002T002743Z|M2_L6|inherited_base_sha256:6552cee937979c00eae89960ca07a3f13358525826877809d2c0f1a2903f24b7,LATENT_INDEX_2013_STATE_SD,MODEL_AND_LENGTH_SENSITIVITY_ENVELOPE,-0.6341297488125746
WV,2003,-0.8553590090160501,1.4726034655902176,-3.7416618015728766,2.9733575103899863,MODEL_ESTIMATED,0,0,CPS_PARTICIPATION_AND_CEV_MEMBERSHIP_LATENT_MODEL,COMMON_SCALE_CPS_2013_ANCHOR,1,1,1,REGIME_BRIDGE_ASSUMPTION;EARLY_CPS_DESIGN_BREAKS;UNKNOWN_SAMPLING_SE_WAVES;BACKCAST;BACKCAST_MODEL_SENSITIVITY,S2_FINAL_20261002T002743Z|M2_L6|inherited_base_sha256:6552cee937979c00eae89960ca07a3f13358525826877809d2c0f1a2903f24b7,LATENT_INDEX_2013_STATE_SD,MODEL_AND_LENGTH_SENSITIVITY_ENVELOPE,-0.6459525438751437
WV,2004,-0.913591296851658,1.3315009122788686,-3.5233330849182405,2.501596176322804,MODEL_ESTIMATED,0,0,CPS_PARTICIPATION_AND_CEV_MEMBERSHIP_LATENT_MODEL,COMMON_SCALE_CPS_2013_ANCHOR,1,1,1,REGIME_BRIDGE_ASSUMPTION;EARLY_CPS_DESIGN_BREAKS;UNKNOWN_SAMPLING_SE_WAVES;BACKCAST;BACKCAST_MODEL_SENSITIVITY,S2_FINAL_20261002T002743Z|M2_L6|inherited_base_sha256:6552cee937979c00eae89960ca07a3f13358525826877809d2c0f1a2903f24b7,LATENT_INDEX_2013_STATE_SD,MODEL_AND_LENGTH_SENSITIVITY_ENVELOPE,-0.6582845333826668
WV,2005,-0.9746640976611779,1.1849187407897568,-3.2971048296091015,2.0089929591397078,MODEL_ESTIMATED,0,0,CPS_PARTICIPATION_AND_CEV_MEMBERSHIP_LATENT_MODEL,COMMON_SCALE_CPS_2013_ANCHOR,1,1,1,REGIME_BRIDGE_ASSUMPTION;EARLY_CPS_DESIGN_BREAKS;UNKNOWN_SAMPLING_SE_WAVES;BACKCAST;BACKCAST_MODEL_SENSITIVITY,S2_FINAL_20261002T002743Z|M2_L6|inherited_base_sha256:6552cee937979c00eae89960ca07a3f13358525826877809d2c0f1a2903f24b7,LATENT_INDEX_2013_STATE_SD,MODEL_AND_LENGTH_SENSITIVITY_ENVELOPE,-0.6712180650499133
WV,2006,-1.0390925680502932,1.029176159924693,-3.056277841502691,1.5331669499793532,MODEL_ESTIMATED,0,0,CPS_PARTICIPATION_AND_CEV_MEMBERSHIP_LATENT_MODEL,COMMON_SCALE_CPS_2013_ANCHOR,1,1,1,REGIME_BRIDGE_ASSUMPTION;EARLY_CPS_DESIGN_BREAKS;UNKNOWN_SAMPLING_SE_WAVES;BACKCAST;BACKCAST_MODEL_SENSITIVITY,S2_FINAL_20261002T002743Z|M2_L6|inherited_base_sha256:6552cee937979c00eae89960ca07a3f13358525826877809d2c0f1a2903f24b7,LATENT_INDEX_2013_STATE_SD,MODEL_AND_LENGTH_SENSITIVITY_ENVELOPE,-0.6848622348113235
WV,2007,-1.1074852936394175,0.8573427570177681,-2.787877097394243,1.069281927610091,MODEL_ESTIMATED,0,0,CPS_PARTICIPATION_AND_CEV_MEMBERSHIP_LATENT_MODEL,COMMON_SCALE_CPS_2013_ANCHOR,1,1,1,REGIME_BRIDGE_ASSUMPTION;EARLY_CPS_DESIGN_BREAKS;UNKNOWN_SAMPLING_SE_WAVES;BACKCAST;BACKCAST_MODEL_SENSITIVITY,S2_FINAL_20261002T002743Z|M2_L6|inherited_base_sha256:6552cee937979c00eae89960ca07a3f13358525826877809d2c0f1a2903f24b7,LATENT_INDEX_2013_STATE_SD,MODEL_AND_LENGTH_SENSITIVITY_ENVELOPE,-0.6993459242850566
WV,2008,-1.180561233388317,0.6537887046858917,-2.461987094572665,0.47771682374156416,MODEL_ESTIMATED,0,0,CPS_PARTICIPATION_AND_CEV_MEMBERSHIP_LATENT_MODEL,COMMON_SCALE_CPS_2013_ANCHOR,1,1,1,REGIME_BRIDGE_ASSUMPTION;EARLY_CPS_DESIGN_BREAKS;UNKNOWN_SAMPLING_SE_WAVES;BACKCAST;BACKCAST_MODEL_SENSITIVITY;NO_DIRECT_OBSERVATION_AVAILABLE_IN_CURRENT_EVIDENCE,S2_FINAL_20261002T002743Z|M2_L6|inherited_base_sha256:6552cee937979c00eae89960ca07a3f13358525826877809d2c0f1a2903f24b7,LATENT_INDEX_2013_STATE_SD,MODEL_AND_LENGTH_SENSITIVITY_ENVELOPE,-0.7148213891127457
WV,2009,-1.2591697369505483,0.3626238015539248,-1.9868057634161458,-0.4908161665932481,MODEL_ESTIMATED,0,1,CPS_PARTICIPATION_AND_CEV_MEMBERSHIP_LATENT_MODEL,COMMON_SCALE_CPS_2013_ANCHOR,1,0,1,REGIME_BRIDGE_ASSUMPTION;EARLY_CPS_DESIGN_BREAKS;UNKNOWN_SAMPLING_SE_WAVES,S2_FINAL_20261002T002743Z|M2_L6|inherited_base_sha256:6552cee937979c00eae89960ca07a3f13358525826877809d2c0f1a2903f24b7,LATENT_INDEX_2013_STATE_SD,MODEL_AND_LENGTH_SENSITIVITY_ENVELOPE,-0.7314684980820547
WV,2010,-1.8028083445050607,0.3447553457184409,-2.5723760857714555,-1.0998840815004154,MODEL_ESTIMATED,0,1,CPS_PARTICIPATION_AND_CEV_MEMBERSHIP_LATENT_MODEL,COMMON_SCALE_CPS_2013_ANCHOR,1,0,1,REGIME_BRIDGE_ASSUMPTION;EARLY_CPS_DESIGN_BREAKS;UNKNOWN_SAMPLING_SE_WAVES,S2_FINAL_20261002T002743Z|M2_L6|inherited_base_sha256:6552cee937979c00eae89960ca07a3f13358525826877809d2c0f1a2903f24b7,LATENT_INDEX_2013_STATE_SD,MODEL_AND_LENGTH_SENSITIVITY_ENVELOPE,-0.8465961335129827
WV,2011,-0.8232512085168567,0.37229578800916513,-1.646699701999598,-0.08054049837930534,MODEL_ESTIMATED,0,1,CPS_PARTICIPATION_AND_CEV_MEMBERSHIP_LATENT_MODEL,COMMON_SCALE_CPS_2013_ANCHOR,1,0,1,REGIME_BRIDGE_ASSUMPTION;EARLY_CPS_DESIGN_BREAKS;UNKNOWN_SAMPLING_SE_WAVES,S2_FINAL_20261002T002743Z|M2_L6|inherited_base_sha256:6552cee937979c00eae89960ca07a3f13358525826877809d2c0f1a2903f24b7,LATENT_INDEX_2013_STATE_SD,MODEL_AND_LENGTH_SENSITIVITY_ENVELOPE,-0.6391529989219471
WV,2012,-0.9585116418912986,0.5145620963086285,-2.1805968434859833,0.1786660378040423,MODEL_ESTIMATED,0,0,CPS_PARTICIPATION_AND_CEV_MEMBERSHIP_LATENT_MODEL,COMMON_SCALE_CPS_2013_ANCHOR,1,0,1,REGIME_BRIDGE_ASSUMPTION;EARLY_CPS_DESIGN_BREAKS;UNKNOWN_SAMPLING_SE_WAVES,S2_FINAL_20261002T002743Z|M2_L6|inherited_base_sha256:6552cee937979c00eae89960ca07a3f13358525826877809d2c0f1a2903f24b7,LATENT_INDEX_2013_STATE_SD,MODEL_AND_LENGTH_SENSITIVITY_ENVELOPE,-0.667797421237374
WV,2013,-1.0883813408534722,0.41348665166202875,-1.9433346731971342,-0.1985286254910155,MODEL_ESTIMATED,0,1,CPS_PARTICIPATION_AND_CEV_MEMBERSHIP_LATENT_MODEL,COMMON_SCALE_CPS_2013_ANCHOR,1,0,1,REGIME_BRIDGE_ASSUMPTION;EARLY_CPS_DESIGN_BREAKS;UNKNOWN_SAMPLING_SE_WAVES,S2_FINAL_20261002T002743Z|M2_L6|inherited_base_sha256:6552cee937979c00eae89960ca07a3f13358525826877809d2c0f1a2903f24b7,LATENT_INDEX_2013_STATE_SD,MODEL_AND_LENGTH_SENSITIVITY_ENVELOPE,-0.6953002349593413
WV,2014,-1.150288729725155,0.7185693396881947,-2.971011550854697,0.2581071760637066,MODEL_ESTIMATED,0,0,CPS_PARTICIPATION_AND_CEV_MEMBERSHIP_LATENT_MODEL,COMMON_SCALE_CPS_2013_ANCHOR,1,0,1,REGIME_BRIDGE_ASSUMPTION;EARLY_CPS_DESIGN_BREAKS;UNKNOWN_SAMPLING_SE_WAVES;CPS_CEV_GAP,S2_FINAL_20261002T002743Z|M2_L6|inherited_base_sha256:6552cee937979c00eae89960ca07a3f13358525826877809d2c0f1a2903f24b7,LATENT_INDEX_2013_STATE_SD,MODEL_AND_LENGTH_SENSITIVITY_ENVELOPE,-0.708410509317082
WV,2015,-1.2097743868273392,1.0250621735092345,-3.584812227762241,0.7993474732507602,MODEL_ESTIMATED,0,0,CPS_PARTICIPATION_AND_CEV_MEMBERSHIP_LATENT_MODEL,COMMON_SCALE_CPS_2013_ANCHOR,1,0,1,REGIME_BRIDGE_ASSUMPTION;EARLY_CPS_DESIGN_BREAKS;UNKNOWN_SAMPLING_SE_WAVES;CPS_CEV_GAP,S2_FINAL_20261002T002743Z|M2_L6|inherited_base_sha256:6552cee937979c00eae89960ca07a3f13358525826877809d2c0f1a2903f24b7,LATENT_INDEX_2013_STATE_SD,MODEL_AND_LENGTH_SENSITIVITY_ENVELOPE,-0.7210079278025651
WV,2016,-1.267309279292,1.3349733498217284,-3.955996120933124,1.3492384863585876,MODEL_ESTIMATED,0,0,CPS_PARTICIPATION_AND_CEV_MEMBERSHIP_LATENT_MODEL,COMMON_SCALE_CPS_2013_ANCHOR,1,0,1,REGIME_BRIDGE_ASSUMPTION;EARLY_CPS_DESIGN_BREAKS;UNKNOWN_SAMPLING_SE_WAVES;CPS_CEV_GAP,S2_FINAL_20261002T002743Z|M2_L6|inherited_base_sha256:6552cee937979c00eae89960ca07a3f13358525826877809d2c0f1a2903f24b7,LATENT_INDEX_2013_STATE_SD,MODEL_AND_LENGTH_SENSITIVITY_ENVELOPE,-0.7331922282407287
WV,2017,-1.3233100607933126,1.656342525304161,-4.569741410389468,1.9231212888028428,MODEL_ESTIMATED,0,1,CPS_PARTICIPATION_AND_CEV_MEMBERSHIP_LATENT_MODEL,COMMON_SCALE_CPS_2013_ANCHOR,1,0,1,REGIME_BRIDGE_ASSUMPTION;EARLY_CPS_DESIGN_BREAKS;UNKNOWN_SAMPLING_SE_WAVES,S2_FINAL_20261002T002743Z|M2_L6|inherited_base_sha256:6552cee937979c00eae89960ca07a3f13358525826877809d2c0f1a2903f24b7,LATENT_INDEX_2013_STATE_SD,MODEL_AND_LENGTH_SENSITIVITY_ENVELOPE,-0.7450516463669214
WV,2018,-1.192688873368477,1.6798014996889643,-4.485099812758847,2.0997220660218927,MODEL_ESTIMATED,0,0,CPS_PARTICIPATION_AND_CEV_MEMBERSHIP_LATENT_MODEL,COMMON_SCALE_CPS_2013_ANCHOR,1,0,1,REGIME_BRIDGE_ASSUMPTION;EARLY_CPS_DESIGN_BREAKS;UNKNOWN_SAMPLING_SE_WAVES,S2_FINAL_20261002T002743Z|M2_L6|inherited_base_sha256:6552cee937979c00eae89960ca07a3f13358525826877809d2c0f1a2903f24b7,LATENT_INDEX_2013_STATE_SD,MODEL_AND_LENGTH_SENSITIVITY_ENVELOPE,-0.7173896881534525
WV,2019,-1.0560855019039548,1.6505163988528033,-4.2910976436554495,2.1789266398475395,MODEL_ESTIMATED,0,1,CPS_PARTICIPATION_AND_CEV_MEMBERSHIP_LATENT_MODEL,COMMON_SCALE_CPS_2013_ANCHOR,1,0,1,REGIME_BRIDGE_ASSUMPTION;EARLY_CPS_DESIGN_BREAKS;UNKNOWN_SAMPLING_SE_WAVES,S2_FINAL_20261002T002743Z|M2_L6|inherited_base_sha256:6552cee937979c00eae89960ca07a3f13358525826877809d2c0f1a2903f24b7,LATENT_INDEX_2013_STATE_SD,MODEL_AND_LENGTH_SENSITIVITY_ENVELOPE,-0.6884608686581848
WV,2020,-1.4703541692258233,1.6837643843923935,-4.770532362634914,1.829824024183268,MODEL_ESTIMATED,0,0,CPS_PARTICIPATION_AND_CEV_MEMBERSHIP_LATENT_MODEL,COMMON_SCALE_CPS_2013_ANCHOR,1,0,1,REGIME_BRIDGE_ASSUMPTION;EARLY_CPS_DESIGN_BREAKS;UNKNOWN_SAMPLING_SE_WAVES,S2_FINAL_20261002T002743Z|M2_L6|inherited_base_sha256:6552cee937979c00eae89960ca07a3f13358525826877809d2c0f1a2903f24b7,LATENT_INDEX_2013_STATE_SD,MODEL_AND_LENGTH_SENSITIVITY_ENVELOPE,-0.7761915254568855
WV,2021,-1.884000966470203,1.6538328760041592,-5.125513403438355,1.357511470497949,MODEL_ESTIMATED,0,1,CPS_PARTICIPATION_AND_CEV_MEMBERSHIP_LATENT_MODEL,COMMON_SCALE_CPS_2013_ANCHOR,1,0,1,REGIME_BRIDGE_ASSUMPTION;EARLY_CPS_DESIGN_BREAKS;UNKNOWN_SAMPLING_SE_WAVES,S2_FINAL_20261002T002743Z|M2_L6|inherited_base_sha256:6552cee937979c00eae89960ca07a3f13358525826877809d2c0f1a2903f24b7,LATENT_INDEX_2013_STATE_SD,MODEL_AND_LENGTH_SENSITIVITY_ENVELOPE,-0.8637904873564903
WV,2022,-2.034276153187733,1.6961591735861905,-5.3587481334166664,1.2901958270412006,MODEL_ESTIMATED,0,0,CPS_PARTICIPATION_AND_CEV_MEMBERSHIP_LATENT_MODEL,COMMON_SCALE_CPS_2013_ANCHOR,1,0,1,REGIME_BRIDGE_ASSUMPTION;EARLY_CPS_DESIGN_BREAKS;UNKNOWN_SAMPLING_SE_WAVES,S2_FINAL_20261002T002743Z|M2_L6|inherited_base_sha256:6552cee937979c00eae89960ca07a3f13358525826877809d2c0f1a2903f24b7,LATENT_INDEX_2013_STATE_SD,MODEL_AND_LENGTH_SENSITIVITY_ENVELOPE,-0.8956146195470938
WV,2023,-2.197259781933816,1.6763384343532464,-5.482883113266179,1.0883635493985464,MODEL_ESTIMATED,0,1,CPS_PARTICIPATION_AND_CEV_MEMBERSHIP_LATENT_MODEL,COMMON_SCALE_CPS_2013_ANCHOR,1,0,1,REGIME_BRIDGE_ASSUMPTION;EARLY_CPS_DESIGN_BREAKS;UNKNOWN_SAMPLING_SE_WAVES,S2_FINAL_20261002T002743Z|M2_L6|inherited_base_sha256:6552cee937979c00eae89960ca07a3f13358525826877809d2c0f1a2903f24b7,LATENT_INDEX_2013_STATE_SD,MODEL_AND_LENGTH_SENSITIVITY_ENVELOPE,-0.9301300486037163
WY,2000,0.8452314214800186,1.8831225392220834,-2.8770388909422837,5.648574671146954,MODEL_ESTIMATED,0,0,CPS_PARTICIPATION_AND_CEV_MEMBERSHIP_LATENT_MODEL,COMMON_SCALE_CPS_2013_ANCHOR,1,1,1,REGIME_BRIDGE_ASSUMPTION;EARLY_CPS_DESIGN_BREAKS;UNKNOWN_SAMPLING_SE_WAVES;BACKCAST;BACKCAST_MODEL_SENSITIVITY,S2_FINAL_20261002T002743Z|M2_L6|inherited_base_sha256:6552cee937979c00eae89960ca07a3f13358525826877809d2c0f1a2903f24b7,LATENT_INDEX_2013_STATE_SD,MODEL_AND_LENGTH_SENSITIVITY_ENVELOPE,-0.28581448087003547
WY,2001,0.7905090419555645,1.7498019619688252,-2.6843905582687735,5.225188308394108,MODEL_ESTIMATED,0,0,CPS_PARTICIPATION_AND_CEV_MEMBERSHIP_LATENT_MODEL,COMMON_SCALE_CPS_2013_ANCHOR,1,1,1,REGIME_BRIDGE_ASSUMPTION;EARLY_CPS_DESIGN_BREAKS;UNKNOWN_SAMPLING_SE_WAVES;BACKCAST;BACKCAST_MODEL_SENSITIVITY,S2_FINAL_20261002T002743Z|M2_L6|inherited_base_sha256:6552cee937979c00eae89960ca07a3f13358525826877809d2c0f1a2903f24b7,LATENT_INDEX_2013_STATE_SD,MODEL_AND_LENGTH_SENSITIVITY_ENVELOPE,-0.29740316878192646
WY,2002,0.7335827078776381,1.6151231922813096,-2.4862916870445795,4.792530468705586,MODEL_ESTIMATED,0,0,CPS_PARTICIPATION_AND_CEV_MEMBERSHIP_LATENT_MODEL,COMMON_SCALE_CPS_2013_ANCHOR,1,1,1,REGIME_BRIDGE_ASSUMPTION;EARLY_CPS_DESIGN_BREAKS;UNKNOWN_SAMPLING_SE_WAVES;BACKCAST;BACKCAST_MODEL_SENSITIVITY,S2_FINAL_20261002T002743Z|M2_L6|inherited_base_sha256:6552cee937979c00eae89960ca07a3f13358525826877809d2c0f1a2903f24b7,LATENT_INDEX_2013_STATE_SD,MODEL_AND_LENGTH_SENSITIVITY_ENVELOPE,-0.30945859336927156
WY,2003,0.6740527091384823,1.478103199576895,-2.2810172774583815,4.350794053142358,MODEL_ESTIMATED,0,0,CPS_PARTICIPATION_AND_CEV_MEMBERSHIP_LATENT_MODEL,COMMON_SCALE_CPS_2013_ANCHOR,1,1,1,REGIME_BRIDGE_ASSUMPTION;EARLY_CPS_DESIGN_BREAKS;UNKNOWN_SAMPLING_SE_WAVES;BACKCAST;BACKCAST_MODEL_SENSITIVITY,S2_FINAL_20261002T002743Z|M2_L6|inherited_base_sha256:6552cee937979c00eae89960ca07a3f13358525826877809d2c0f1a2903f24b7,LATENT_INDEX_2013_STATE_SD,MODEL_AND_LENGTH_SENSITIVITY_ENVELOPE,-0.32206540218823115
WY,2004,0.6114468440401757,1.3372302963665392,-2.0660531929395636,3.9330890073439133,MODEL_ESTIMATED,0,0,CPS_PARTICIPATION_AND_CEV_MEMBERSHIP_LATENT_MODEL,COMMON_SCALE_CPS_2013_ANCHOR,1,1,1,REGIME_BRIDGE_ASSUMPTION;EARLY_CPS_DESIGN_BREAKS;UNKNOWN_SAMPLING_SE_WAVES;BACKCAST;BACKCAST_MODEL_SENSITIVITY,S2_FINAL_20261002T002743Z|M2_L6|inherited_base_sha256:6552cee937979c00eae89960ca07a3f13358525826877809d2c0f1a2903f24b7,LATENT_INDEX_2013_STATE_SD,MODEL_AND_LENGTH_SENSITIVITY_ENVELOPE,-0.3353235945106978
WY,2005,0.5452072721898997,1.1901085659322974,-1.8375364673935584,3.5544726737828607,MODEL_ESTIMATED,0,0,CPS_PARTICIPATION_AND_CEV_MEMBERSHIP_LATENT_MODEL,COMMON_SCALE_CPS_2013_ANCHOR,1,1,1,REGIME_BRIDGE_ASSUMPTION;EARLY_CPS_DESIGN_BREAKS;UNKNOWN_SAMPLING_SE_WAVES;BACKCAST;BACKCAST_MODEL_SENSITIVITY,S2_FINAL_20261002T002743Z|M2_L6|inherited_base_sha256:6552cee937979c00eae89960ca07a3f13358525826877809d2c0f1a2903f24b7,LATENT_INDEX_2013_STATE_SD,MODEL_AND_LENGTH_SENSITIVITY_ENVELOPE,-0.3493513055178022
WY,2006,0.47467498303088584,1.032739146584025,-1.5890718980257441,3.131095263374461,MODEL_ESTIMATED,0,0,CPS_PARTICIPATION_AND_CEV_MEMBERSHIP_LATENT_MODEL,COMMON_SCALE_CPS_2013_ANCHOR,1,1,1,REGIME_BRIDGE_ASSUMPTION;EARLY_CPS_DESIGN_BREAKS;UNKNOWN_SAMPLING_SE_WAVES;BACKCAST;BACKCAST_MODEL_SENSITIVITY,S2_FINAL_20261002T002743Z|M2_L6|inherited_base_sha256:6552cee937979c00eae89960ca07a3f13358525826877809d2c0f1a2903f24b7,LATENT_INDEX_2013_STATE_SD,MODEL_AND_LENGTH_SENSITIVITY_ENVELOPE,-0.36428809543589774
WY,2007,0.3990714475797042,0.8578012069044542,-1.308793294237507,2.6327286998364743,MODEL_ESTIMATED,0,0,CPS_PARTICIPATION_AND_CEV_MEMBERSHIP_LATENT_MODEL,COMMON_SCALE_CPS_2013_ANCHOR,1,1,1,REGIME_BRIDGE_ASSUMPTION;EARLY_CPS_DESIGN_BREAKS;UNKNOWN_SAMPLING_SE_WAVES;BACKCAST;BACKCAST_MODEL_SENSITIVITY,S2_FINAL_20261002T002743Z|M2_L6|inherited_base_sha256:6552cee937979c00eae89960ca07a3f13358525826877809d2c0f1a2903f24b7,LATENT_INDEX_2013_STATE_SD,MODEL_AND_LENGTH_SENSITIVITY_ENVELOPE,-0.3802988351916096
WY,2008,0.31747694251506337,0.6491741976249603,-0.9698355238428722,1.992750236054046,MODEL_ESTIMATED,0,0,CPS_PARTICIPATION_AND_CEV_MEMBERSHIP_LATENT_MODEL,COMMON_SCALE_CPS_2013_ANCHOR,1,1,1,REGIME_BRIDGE_ASSUMPTION;EARLY_CPS_DESIGN_BREAKS;UNKNOWN_SAMPLING_SE_WAVES;BACKCAST;BACKCAST_MODEL_SENSITIVITY;NO_DIRECT_OBSERVATION_AVAILABLE_IN_CURRENT_EVIDENCE,S2_FINAL_20261002T002743Z|M2_L6|inherited_base_sha256:6552cee937979c00eae89960ca07a3f13358525826877809d2c0f1a2903f24b7,LATENT_INDEX_2013_STATE_SD,MODEL_AND_LENGTH_SENSITIVITY_ENVELOPE,-0.397578296770885
WY,2009,0.2288049431144135,0.34880916372910814,-0.4743461990450487,0.9534363060547538,MODEL_ESTIMATED,0,1,CPS_PARTICIPATION_AND_CEV_MEMBERSHIP_LATENT_MODEL,COMMON_SCALE_CPS_2013_ANCHOR,1,0,1,REGIME_BRIDGE_ASSUMPTION;EARLY_CPS_DESIGN_BREAKS;UNKNOWN_SAMPLING_SE_WAVES,S2_FINAL_20261002T002743Z|M2_L6|inherited_base_sha256:6552cee937979c00eae89960ca07a3f13358525826877809d2c0f1a2903f24b7,LATENT_INDEX_2013_STATE_SD,MODEL_AND_LENGTH_SENSITIVITY_ENVELOPE,-0.4163565760874544
WY,2010,-0.05509438376117415,0.30644803957556604,-0.6747009327657968,0.5812726507449396,MODEL_ESTIMATED,0,1,CPS_PARTICIPATION_AND_CEV_MEMBERSHIP_LATENT_MODEL,COMMON_SCALE_CPS_2013_ANCHOR,1,0,1,REGIME_BRIDGE_ASSUMPTION;EARLY_CPS_DESIGN_BREAKS;UNKNOWN_SAMPLING_SE_WAVES,S2_FINAL_20261002T002743Z|M2_L6|inherited_base_sha256:6552cee937979c00eae89960ca07a3f13358525826877809d2c0f1a2903f24b7,LATENT_INDEX_2013_STATE_SD,MODEL_AND_LENGTH_SENSITIVITY_ENVELOPE,-0.4764786089037884
WY,2011,0.8422677315081797,0.25388055991974356,0.3364318061057348,1.3714917612817283,MODEL_ESTIMATED,0,1,CPS_PARTICIPATION_AND_CEV_MEMBERSHIP_LATENT_MODEL,COMMON_SCALE_CPS_2013_ANCHOR,1,0,1,REGIME_BRIDGE_ASSUMPTION;EARLY_CPS_DESIGN_BREAKS;UNKNOWN_SAMPLING_SE_WAVES,S2_FINAL_20261002T002743Z|M2_L6|inherited_base_sha256:6552cee937979c00eae89960ca07a3f13358525826877809d2c0f1a2903f24b7,LATENT_INDEX_2013_STATE_SD,MODEL_AND_LENGTH_SENSITIVITY_ENVELOPE,-0.28644210851433216
WY,2012,0.5984087355035878,0.4647586843943241,-0.5217302787180564,1.6690024202420473,MODEL_ESTIMATED,0,0,CPS_PARTICIPATION_AND_CEV_MEMBERSHIP_LATENT_MODEL,COMMON_SCALE_CPS_2013_ANCHOR,1,0,1,REGIME_BRIDGE_ASSUMPTION;EARLY_CPS_DESIGN_BREAKS;UNKNOWN_SAMPLING_SE_WAVES,S2_FINAL_20261002T002743Z|M2_L6|inherited_base_sha256:6552cee937979c00eae89960ca07a3f13358525826877809d2c0f1a2903f24b7,LATENT_INDEX_2013_STATE_SD,MODEL_AND_LENGTH_SENSITIVITY_ENVELOPE,-0.3380847056338784
WY,2013,0.36003494975388234,0.3545266518467146,-0.39891266061035885,1.0974558992333783,MODEL_ESTIMATED,0,1,CPS_PARTICIPATION_AND_CEV_MEMBERSHIP_LATENT_MODEL,COMMON_SCALE_CPS_2013_ANCHOR,1,0,1,REGIME_BRIDGE_ASSUMPTION;EARLY_CPS_DESIGN_BREAKS;UNKNOWN_SAMPLING_SE_WAVES,S2_FINAL_20261002T002743Z|M2_L6|inherited_base_sha256:6552cee937979c00eae89960ca07a3f13358525826877809d2c0f1a2903f24b7,LATENT_INDEX_2013_STATE_SD,MODEL_AND_LENGTH_SENSITIVITY_ENVELOPE,-0.388565686787025
WY,2014,0.35478330796979074,0.6961036999912793,-1.4287352836324634,1.7191465599526983,MODEL_ESTIMATED,0,0,CPS_PARTICIPATION_AND_CEV_MEMBERSHIP_LATENT_MODEL,COMMON_SCALE_CPS_2013_ANCHOR,1,0,1,REGIME_BRIDGE_ASSUMPTION;EARLY_CPS_DESIGN_BREAKS;UNKNOWN_SAMPLING_SE_WAVES;CPS_CEV_GAP,S2_FINAL_20261002T002743Z|M2_L6|inherited_base_sha256:6552cee937979c00eae89960ca07a3f13358525826877809d2c0f1a2903f24b7,LATENT_INDEX_2013_STATE_SD,MODEL_AND_LENGTH_SENSITIVITY_ENVELOPE,-0.38967783940519996
WY,2015,0.35060430518147273,1.012948212362945,-2.004079963877559,2.335982801412845,MODEL_ESTIMATED,0,0,CPS_PARTICIPATION_AND_CEV_MEMBERSHIP_LATENT_MODEL,COMMON_SCALE_CPS_2013_ANCHOR,1,0,1,REGIME_BRIDGE_ASSUMPTION;EARLY_CPS_DESIGN_BREAKS;UNKNOWN_SAMPLING_SE_WAVES;CPS_CEV_GAP,S2_FINAL_20261002T002743Z|M2_L6|inherited_base_sha256:6552cee937979c00eae89960ca07a3f13358525826877809d2c0f1a2903f24b7,LATENT_INDEX_2013_STATE_SD,MODEL_AND_LENGTH_SENSITIVITY_ENVELOPE,-0.39056283672288966
WY,2016,0.3485668297451948,1.328580472942576,-2.3393899892367758,2.952584556712644,MODEL_ESTIMATED,0,0,CPS_PARTICIPATION_AND_CEV_MEMBERSHIP_LATENT_MODEL,COMMON_SCALE_CPS_2013_ANCHOR,1,0,1,REGIME_BRIDGE_ASSUMPTION;EARLY_CPS_DESIGN_BREAKS;UNKNOWN_SAMPLING_SE_WAVES;CPS_CEV_GAP,S2_FINAL_20261002T002743Z|M2_L6|inherited_base_sha256:6552cee937979c00eae89960ca07a3f13358525826877809d2c0f1a2903f24b7,LATENT_INDEX_2013_STATE_SD,MODEL_AND_LENGTH_SENSITIVITY_ENVELOPE,-0.39099431772142
WY,2017,0.3497993947168065,1.655220243983597,-2.8944322834910436,3.5940310729246563,MODEL_ESTIMATED,0,1,CPS_PARTICIPATION_AND_CEV_MEMBERSHIP_LATENT_MODEL,COMMON_SCALE_CPS_2013_ANCHOR,1,0,1,REGIME_BRIDGE_ASSUMPTION;EARLY_CPS_DESIGN_BREAKS;UNKNOWN_SAMPLING_SE_WAVES,S2_FINAL_20261002T002743Z|M2_L6|inherited_base_sha256:6552cee937979c00eae89960ca07a3f13358525826877809d2c0f1a2903f24b7,LATENT_INDEX_2013_STATE_SD,MODEL_AND_LENGTH_SENSITIVITY_ENVELOPE,-0.390733294518276
WY,2018,0.5818665028260311,1.6809646966045235,-2.7128243025188348,3.8765573081708973,MODEL_ESTIMATED,0,0,CPS_PARTICIPATION_AND_CEV_MEMBERSHIP_LATENT_MODEL,COMMON_SCALE_CPS_2013_ANCHOR,1,0,1,REGIME_BRIDGE_ASSUMPTION;EARLY_CPS_DESIGN_BREAKS;UNKNOWN_SAMPLING_SE_WAVES,S2_FINAL_20261002T002743Z|M2_L6|inherited_base_sha256:6552cee937979c00eae89960ca07a3f13358525826877809d2c0f1a2903f24b7,LATENT_INDEX_2013_STATE_SD,MODEL_AND_LENGTH_SENSITIVITY_ENVELOPE,-0.34158789342527224
WY,2019,0.8260696944347539,1.6543325886247524,-2.4164221792697607,4.068561568139269,MODEL_ESTIMATED,0,1,CPS_PARTICIPATION_AND_CEV_MEMBERSHIP_LATENT_MODEL,COMMON_SCALE_CPS_2013_ANCHOR,1,0,1,REGIME_BRIDGE_ASSUMPTION;EARLY_CPS_DESIGN_BREAKS;UNKNOWN_SAMPLING_SE_WAVES,S2_FINAL_20261002T002743Z|M2_L6|inherited_base_sha256:6552cee937979c00eae89960ca07a3f13358525826877809d2c0f1a2903f24b7,LATENT_INDEX_2013_STATE_SD,MODEL_AND_LENGTH_SENSITIVITY_ENVELOPE,-0.2898724051874746
WY,2020,0.6524786323637671,1.6861039383811227,-2.6522850868632335,3.9572423515907675,MODEL_ESTIMATED,0,0,CPS_PARTICIPATION_AND_CEV_MEMBERSHIP_LATENT_MODEL,COMMON_SCALE_CPS_2013_ANCHOR,1,0,1,REGIME_BRIDGE_ASSUMPTION;EARLY_CPS_DESIGN_BREAKS;UNKNOWN_SAMPLING_SE_WAVES,S2_FINAL_20261002T002743Z|M2_L6|inherited_base_sha256:6552cee937979c00eae89960ca07a3f13358525826877809d2c0f1a2903f24b7,LATENT_INDEX_2013_STATE_SD,MODEL_AND_LENGTH_SENSITIVITY_ENVELOPE,-0.3266341955210873
WY,2021,0.49536012788532124,1.6530693739530142,-2.7446558450625864,3.735376100833229,MODEL_ESTIMATED,0,1,CPS_PARTICIPATION_AND_CEV_MEMBERSHIP_LATENT_MODEL,COMMON_SCALE_CPS_2013_ANCHOR,1,0,1,REGIME_BRIDGE_ASSUMPTION;EARLY_CPS_DESIGN_BREAKS;UNKNOWN_SAMPLING_SE_WAVES,S2_FINAL_20261002T002743Z|M2_L6|inherited_base_sha256:6552cee937979c00eae89960ca07a3f13358525826877809d2c0f1a2903f24b7,LATENT_INDEX_2013_STATE_SD,MODEL_AND_LENGTH_SENSITIVITY_ENVELOPE,-0.3599075533210727
WY,2022,0.3940649166002085,1.6975670435535022,-2.933166488764656,3.7212963219650725,MODEL_ESTIMATED,0,0,CPS_PARTICIPATION_AND_CEV_MEMBERSHIP_LATENT_MODEL,COMMON_SCALE_CPS_2013_ANCHOR,1,0,1,REGIME_BRIDGE_ASSUMPTION;EARLY_CPS_DESIGN_BREAKS;UNKNOWN_SAMPLING_SE_WAVES,S2_FINAL_20261002T002743Z|M2_L6|inherited_base_sha256:6552cee937979c00eae89960ca07a3f13358525826877809d2c0f1a2903f24b7,LATENT_INDEX_2013_STATE_SD,MODEL_AND_LENGTH_SENSITIVITY_ENVELOPE,-0.38135908011419495
WY,2023,0.304417954090443,1.6717707057825713,-2.9722526292433966,3.5810885374242827,MODEL_ESTIMATED,0,1,CPS_PARTICIPATION_AND_CEV_MEMBERSHIP_LATENT_MODEL,COMMON_SCALE_CPS_2013_ANCHOR,1,0,1,REGIME_BRIDGE_ASSUMPTION;EARLY_CPS_DESIGN_BREAKS;UNKNOWN_SAMPLING_SE_WAVES,S2_FINAL_20261002T002743Z|M2_L6|inherited_base_sha256:6552cee937979c00eae89960ca07a3f13358525826877809d2c0f1a2903f24b7,LATENT_INDEX_2013_STATE_SD,MODEL_AND_LENGTH_SENSITIVITY_ENVELOPE,-0.40034382967740445
