state,state_fips,year,S6_estimate,establishments,population_denominator,denominator_reference,population_vintage,naics_code,naics_version,unit,observation_type,direct_observation,model_estimated,measurement_regime,source,source_flag,validation_risk_flag,establishments_yoy_change,provenance
Alabama,01,2000,0.07726564084549274,344,4452173,JULY_1_RESIDENT_POPULATION,2010_INTERCENSAL,813410,NAICS1997,ESTABLISHMENTS_PER_1000_RESIDENTS,DIRECT,1,0,CBP_EMPLOYER_813410,CENSUS_CBP_AND_POPULATION_ESTIMATES,INHERITED_RAW_OFFICIAL_ZIP_ARCHIVED_API_MATCH,NONE,,CBP_2000_813410;st-est00int-alldata.csv:POPESTIMATE2000;S6_CBP_DENSITY_20261002_v1
Alabama,01,2001,0.07968423554839094,356,4467634,JULY_1_RESIDENT_POPULATION,2010_INTERCENSAL,813410,NAICS1997,ESTABLISHMENTS_PER_1000_RESIDENTS,DIRECT,1,0,CBP_EMPLOYER_813410,CENSUS_CBP_AND_POPULATION_ESTIMATES,INHERITED_RAW_OFFICIAL_ZIP_ARCHIVED_API_MATCH,NONE,0.03488372093023262,CBP_2001_813410;st-est00int-alldata.csv:POPESTIMATE2001;S6_CBP_DENSITY_20261002_v1
Alabama,01,2002,0.08481974353634492,380,4480089,JULY_1_RESIDENT_POPULATION,2010_INTERCENSAL,813410,NAICS1997,ESTABLISHMENTS_PER_1000_RESIDENTS,DIRECT,1,0,CBP_EMPLOYER_813410,CENSUS_CBP_AND_POPULATION_ESTIMATES,INHERITED_RAW_OFFICIAL_ZIP_ARCHIVED_API_MATCH,NONE,0.0674157303370786,CBP_2002_813410;st-est00int-alldata.csv:POPESTIMATE2002;S6_CBP_DENSITY_20261002_v1
Alabama,01,2003,0.08393488518129602,378,4503491,JULY_1_RESIDENT_POPULATION,2010_INTERCENSAL,813410,NAICS2002,ESTABLISHMENTS_PER_1000_RESIDENTS,DIRECT,1,0,CBP_EMPLOYER_813410,CENSUS_CBP_AND_POPULATION_ESTIMATES,INHERITED_RAW_OFFICIAL_ZIP_ARCHIVED_API_MATCH,CBP_AUXILIARY_TREATMENT_CHANGE;NAICS_REVISION_CORE_813410_UNCHANGED,-0.0052631578947368585,CBP_2003_813410;st-est00int-alldata.csv:POPESTIMATE2003;S6_CBP_DENSITY_20261002_v1
Alabama,01,2004,0.08497528764134867,385,4530729,JULY_1_RESIDENT_POPULATION,2010_INTERCENSAL,813410,NAICS2002,ESTABLISHMENTS_PER_1000_RESIDENTS,DIRECT,1,0,CBP_EMPLOYER_813410,CENSUS_CBP_AND_POPULATION_ESTIMATES,INHERITED_RAW_OFFICIAL_ZIP_ARCHIVED_API_MATCH,NONE,0.0185185185185186,CBP_2004_813410;st-est00int-alldata.csv:POPESTIMATE2004;S6_CBP_DENSITY_20261002_v1
Alabama,01,2005,0.08796874264875634,402,4569805,JULY_1_RESIDENT_POPULATION,2010_INTERCENSAL,813410,NAICS2002,ESTABLISHMENTS_PER_1000_RESIDENTS,DIRECT,1,0,CBP_EMPLOYER_813410,CENSUS_CBP_AND_POPULATION_ESTIMATES,INHERITED_RAW_OFFICIAL_ZIP_ARCHIVED_API_MATCH,NONE,0.04415584415584406,CBP_2005_813410;st-est00int-alldata.csv:POPESTIMATE2005;S6_CBP_DENSITY_20261002_v1
Alabama,01,2006,0.08425180401474967,390,4628981,JULY_1_RESIDENT_POPULATION,2010_INTERCENSAL,813410,NAICS2002,ESTABLISHMENTS_PER_1000_RESIDENTS,DIRECT,1,0,CBP_EMPLOYER_813410,CENSUS_CBP_AND_POPULATION_ESTIMATES,INHERITED_RAW_OFFICIAL_ZIP_ARCHIVED_API_MATCH,NONE,-0.02985074626865669,CBP_2006_813410;st-est00int-alldata.csv:POPESTIMATE2006;S6_CBP_DENSITY_20261002_v1
Alabama,01,2007,0.07725494560053416,361,4672840,JULY_1_RESIDENT_POPULATION,2010_INTERCENSAL,813410,NAICS2002,ESTABLISHMENTS_PER_1000_RESIDENTS,DIRECT,1,0,CBP_EMPLOYER_813410,CENSUS_CBP_AND_POPULATION_ESTIMATES,INHERITED_RAW_OFFICIAL_ZIP_ARCHIVED_API_MATCH,NONE,-0.07435897435897432,CBP_2007_813410;st-est00int-alldata.csv:POPESTIMATE2007;S6_CBP_DENSITY_20261002_v1
Alabama,01,2008,0.07184934273747268,339,4718206,JULY_1_RESIDENT_POPULATION,2010_INTERCENSAL,813410,NAICS2007,ESTABLISHMENTS_PER_1000_RESIDENTS,DIRECT,1,0,CBP_EMPLOYER_813410,CENSUS_CBP_AND_POPULATION_ESTIMATES,INHERITED_RAW_OFFICIAL_ZIP_ARCHIVED_API_MATCH,NAICS_REVISION_CORE_813410_UNCHANGED,-0.06094182825484762,CBP_2008_813410;st-est00int-alldata.csv:POPESTIMATE2008;S6_CBP_DENSITY_20261002_v1
Alabama,01,2009,0.0718798773754513,342,4757938,JULY_1_RESIDENT_POPULATION,2010_INTERCENSAL,813410,NAICS2007,ESTABLISHMENTS_PER_1000_RESIDENTS,DIRECT,1,0,CBP_EMPLOYER_813410,CENSUS_CBP_AND_POPULATION_ESTIMATES,INHERITED_RAW_OFFICIAL_ZIP_ARCHIVED_API_MATCH,NONE,0.008849557522123908,CBP_2009_813410;st-est00int-alldata.csv:POPESTIMATE2009;S6_CBP_DENSITY_20261002_v1
Alabama,01,2010,0.07188360539745574,344,4785514,JULY_1_RESIDENT_POPULATION,VINTAGE_2020,813410,NAICS2007,ESTABLISHMENTS_PER_1000_RESIDENTS,DIRECT,1,0,CBP_EMPLOYER_813410,CENSUS_CBP_AND_POPULATION_ESTIMATES,INHERITED_RAW_OFFICIAL_ZIP_ARCHIVED_API_MATCH,POPULATION_BENCHMARK_BOUNDARY,0.005847953216374213,CBP_2010_813410;nst-est2020-alldata.csv:POPESTIMATE2010;S6_CBP_DENSITY_20261002_v1
Alabama,01,2011,0.06792173249588199,326,4799642,JULY_1_RESIDENT_POPULATION,VINTAGE_2020,813410,NAICS2007,ESTABLISHMENTS_PER_1000_RESIDENTS,DIRECT,1,0,CBP_EMPLOYER_813410,CENSUS_CBP_AND_POPULATION_ESTIMATES,INHERITED_RAW_OFFICIAL_ZIP_ARCHIVED_API_MATCH,NONE,-0.05232558139534882,CBP_2011_813410;nst-est2020-alldata.csv:POPESTIMATE2011;S6_CBP_DENSITY_20261002_v1
Alabama,01,2012,0.058962362082052355,284,4816632,JULY_1_RESIDENT_POPULATION,VINTAGE_2020,813410,NAICS2012,ESTABLISHMENTS_PER_1000_RESIDENTS,DIRECT,1,0,CBP_EMPLOYER_813410,CENSUS_CBP_AND_POPULATION_ESTIMATES,INHERITED_RAW_OFFICIAL_ZIP_ARCHIVED_API_MATCH,NAICS_REVISION_CORE_813410_UNCHANGED,-0.1288343558282209,CBP_2012_813410;nst-est2020-alldata.csv:POPESTIMATE2012;S6_CBP_DENSITY_20261002_v1
Alabama,01,2013,0.06064261300533613,293,4831586,JULY_1_RESIDENT_POPULATION,VINTAGE_2020,813410,NAICS2012,ESTABLISHMENTS_PER_1000_RESIDENTS,DIRECT,1,0,CBP_EMPLOYER_813410,CENSUS_CBP_AND_POPULATION_ESTIMATES,INHERITED_RAW_OFFICIAL_ZIP_ARCHIVED_API_MATCH,NONE,0.03169014084507049,CBP_2013_813410;nst-est2020-alldata.csv:POPESTIMATE2013;S6_CBP_DENSITY_20261002_v1
Alabama,01,2014,0.058219511092365256,282,4843737,JULY_1_RESIDENT_POPULATION,VINTAGE_2020,813410,NAICS2012,ESTABLISHMENTS_PER_1000_RESIDENTS,DIRECT,1,0,CBP_EMPLOYER_813410,CENSUS_CBP_AND_POPULATION_ESTIMATES,INHERITED_RAW_OFFICIAL_ZIP_ARCHIVED_API_MATCH,NONE,-0.03754266211604096,CBP_2014_813410;nst-est2020-alldata.csv:POPESTIMATE2014;S6_CBP_DENSITY_20261002_v1
Alabama,01,2015,0.05561502701551432,270,4854803,JULY_1_RESIDENT_POPULATION,VINTAGE_2020,813410,NAICS2012,ESTABLISHMENTS_PER_1000_RESIDENTS,DIRECT,1,0,CBP_EMPLOYER_813410,CENSUS_CBP_AND_POPULATION_ESTIMATES,INHERITED_RAW_OFFICIAL_ZIP_ARCHIVED_API_MATCH,NONE,-0.04255319148936165,CBP_2015_813410;nst-est2020-alldata.csv:POPESTIMATE2015;S6_CBP_DENSITY_20261002_v1
Alabama,01,2016,0.05527218572111915,269,4866824,JULY_1_RESIDENT_POPULATION,VINTAGE_2020,813410,NAICS2012,ESTABLISHMENTS_PER_1000_RESIDENTS,DIRECT,1,0,CBP_EMPLOYER_813410,CENSUS_CBP_AND_POPULATION_ESTIMATES,INHERITED_RAW_OFFICIAL_ZIP_ARCHIVED_API_MATCH,NONE,-0.0037037037037036535,CBP_2016_813410;nst-est2020-alldata.csv:POPESTIMATE2016;S6_CBP_DENSITY_20261002_v1
Alabama,01,2017,0.056580693396397576,276,4877989,JULY_1_RESIDENT_POPULATION,VINTAGE_2020,813410,NAICS2017,ESTABLISHMENTS_PER_1000_RESIDENTS,DIRECT,1,0,CBP_EMPLOYER_813410,CENSUS_CBP_AND_POPULATION_ESTIMATES,INHERITED_RAW_OFFICIAL_ZIP_ARCHIVED_API_MATCH,NAICS_REVISION_CORE_813410_UNCHANGED,0.026022304832713727,CBP_2017_813410;nst-est2020-alldata.csv:POPESTIMATE2017;S6_CBP_DENSITY_20261002_v1
Alabama,01,2018,0.055400778636478486,271,4891628,JULY_1_RESIDENT_POPULATION,VINTAGE_2020,813410,NAICS2017,ESTABLISHMENTS_PER_1000_RESIDENTS,DIRECT,1,0,CBP_EMPLOYER_813410,CENSUS_CBP_AND_POPULATION_ESTIMATES,INHERITED_RAW_OFFICIAL_ZIP_ARCHIVED_API_MATCH,NONE,-0.018115942028985477,CBP_2018_813410;nst-est2020-alldata.csv:POPESTIMATE2018;S6_CBP_DENSITY_20261002_v1
Alabama,01,2019,0.05195636073199381,255,4907965,JULY_1_RESIDENT_POPULATION,VINTAGE_2020,813410,NAICS2017,ESTABLISHMENTS_PER_1000_RESIDENTS,DIRECT,1,0,CBP_EMPLOYER_813410,CENSUS_CBP_AND_POPULATION_ESTIMATES,INHERITED_RAW_OFFICIAL_ZIP_ARCHIVED_API_MATCH,NONE,-0.059040590405904037,CBP_2019_813410;nst-est2020-alldata.csv:POPESTIMATE2019;S6_CBP_DENSITY_20261002_v1
Alabama,01,2020,0.049683377770146406,250,5031864,JULY_1_RESIDENT_POPULATION,VINTAGE_2023,813410,NAICS2017,ESTABLISHMENTS_PER_1000_RESIDENTS,DIRECT,1,0,CBP_EMPLOYER_813410,CENSUS_CBP_AND_POPULATION_ESTIMATES,INHERITED_RAW_OFFICIAL_ZIP_ARCHIVED_API_MATCH,POPULATION_BENCHMARK_BOUNDARY,-0.019607843137254943,CBP_2020_813410;NST-EST2023-ALLDATA.csv:POPESTIMATE2020;S6_CBP_DENSITY_20261002_v1
Alabama,01,2021,0.04910521584514433,248,5050380,JULY_1_RESIDENT_POPULATION,VINTAGE_2023,813410,NAICS2017,ESTABLISHMENTS_PER_1000_RESIDENTS,DIRECT,1,0,CBP_EMPLOYER_813410,CENSUS_CBP_AND_POPULATION_ESTIMATES,INHERITED_RAW_OFFICIAL_ZIP_ARCHIVED_API_MATCH,NONE,-0.008000000000000007,CBP_2021_813410;NST-EST2023-ALLDATA.csv:POPESTIMATE2021;S6_CBP_DENSITY_20261002_v1
Alabama,01,2022,0.05104551663679814,259,5073903,JULY_1_RESIDENT_POPULATION,VINTAGE_2023,813410,NAICS2017,ESTABLISHMENTS_PER_1000_RESIDENTS,DIRECT,1,0,CBP_EMPLOYER_813410,CENSUS_CBP_AND_POPULATION_ESTIMATES,INHERITED_RAW_OFFICIAL_ZIP_ARCHIVED_API_MATCH,NONE,0.04435483870967749,CBP_2022_813410;NST-EST2023-ALLDATA.csv:POPESTIMATE2022;S6_CBP_DENSITY_20261002_v1
Alabama,01,2023,0.04952561120085317,253,5108468,JULY_1_RESIDENT_POPULATION,VINTAGE_2023,813410,NAICS2017,ESTABLISHMENTS_PER_1000_RESIDENTS,DIRECT,1,0,CBP_EMPLOYER_813410,CENSUS_CBP_AND_POPULATION_ESTIMATES,INHERITED_RAW_OFFICIAL_ZIP_ARCHIVED_API_MATCH,NONE,-0.02316602316602312,CBP_2023_813410;NST-EST2023-ALLDATA.csv:POPESTIMATE2023;S6_CBP_DENSITY_20261002_v1
Alaska,02,2000,0.28664109191146614,180,627963,JULY_1_RESIDENT_POPULATION,2010_INTERCENSAL,813410,NAICS1997,ESTABLISHMENTS_PER_1000_RESIDENTS,DIRECT,1,0,CBP_EMPLOYER_813410,CENSUS_CBP_AND_POPULATION_ESTIMATES,INHERITED_RAW_OFFICIAL_ZIP_ARCHIVED_API_MATCH,NONE,,CBP_2000_813410;st-est00int-alldata.csv:POPESTIMATE2000;S6_CBP_DENSITY_20261002_v1
Alaska,02,2001,0.284039803444456,180,633714,JULY_1_RESIDENT_POPULATION,2010_INTERCENSAL,813410,NAICS1997,ESTABLISHMENTS_PER_1000_RESIDENTS,DIRECT,1,0,CBP_EMPLOYER_813410,CENSUS_CBP_AND_POPULATION_ESTIMATES,INHERITED_RAW_OFFICIAL_ZIP_ARCHIVED_API_MATCH,NONE,0.0,CBP_2001_813410;st-est00int-alldata.csv:POPESTIMATE2001;S6_CBP_DENSITY_20261002_v1
Alaska,02,2002,0.25687450668418604,165,642337,JULY_1_RESIDENT_POPULATION,2010_INTERCENSAL,813410,NAICS1997,ESTABLISHMENTS_PER_1000_RESIDENTS,DIRECT,1,0,CBP_EMPLOYER_813410,CENSUS_CBP_AND_POPULATION_ESTIMATES,INHERITED_RAW_OFFICIAL_ZIP_ARCHIVED_API_MATCH,NONE,-0.08333333333333337,CBP_2002_813410;st-est00int-alldata.csv:POPESTIMATE2002;S6_CBP_DENSITY_20261002_v1
Alaska,02,2003,0.24984037975737722,162,648414,JULY_1_RESIDENT_POPULATION,2010_INTERCENSAL,813410,NAICS2002,ESTABLISHMENTS_PER_1000_RESIDENTS,DIRECT,1,0,CBP_EMPLOYER_813410,CENSUS_CBP_AND_POPULATION_ESTIMATES,INHERITED_RAW_OFFICIAL_ZIP_ARCHIVED_API_MATCH,CBP_AUXILIARY_TREATMENT_CHANGE;NAICS_REVISION_CORE_813410_UNCHANGED,-0.018181818181818188,CBP_2003_813410;st-est00int-alldata.csv:POPESTIMATE2003;S6_CBP_DENSITY_20261002_v1
Alaska,02,2004,0.23965320058366174,158,659286,JULY_1_RESIDENT_POPULATION,2010_INTERCENSAL,813410,NAICS2002,ESTABLISHMENTS_PER_1000_RESIDENTS,DIRECT,1,0,CBP_EMPLOYER_813410,CENSUS_CBP_AND_POPULATION_ESTIMATES,INHERITED_RAW_OFFICIAL_ZIP_ARCHIVED_API_MATCH,NONE,-0.024691358024691357,CBP_2004_813410;st-est00int-alldata.csv:POPESTIMATE2004;S6_CBP_DENSITY_20261002_v1
Alaska,02,2005,0.239899482116993,160,666946,JULY_1_RESIDENT_POPULATION,2010_INTERCENSAL,813410,NAICS2002,ESTABLISHMENTS_PER_1000_RESIDENTS,DIRECT,1,0,CBP_EMPLOYER_813410,CENSUS_CBP_AND_POPULATION_ESTIMATES,INHERITED_RAW_OFFICIAL_ZIP_ARCHIVED_API_MATCH,NONE,0.012658227848101333,CBP_2005_813410;st-est00int-alldata.csv:POPESTIMATE2005;S6_CBP_DENSITY_20261002_v1
Alaska,02,2006,0.235450213386011,159,675302,JULY_1_RESIDENT_POPULATION,2010_INTERCENSAL,813410,NAICS2002,ESTABLISHMENTS_PER_1000_RESIDENTS,DIRECT,1,0,CBP_EMPLOYER_813410,CENSUS_CBP_AND_POPULATION_ESTIMATES,INHERITED_RAW_OFFICIAL_ZIP_ARCHIVED_API_MATCH,NONE,-0.006249999999999978,CBP_2006_813410;st-est00int-alldata.csv:POPESTIMATE2006;S6_CBP_DENSITY_20261002_v1
Alaska,02,2007,0.22931059826547112,156,680300,JULY_1_RESIDENT_POPULATION,2010_INTERCENSAL,813410,NAICS2002,ESTABLISHMENTS_PER_1000_RESIDENTS,DIRECT,1,0,CBP_EMPLOYER_813410,CENSUS_CBP_AND_POPULATION_ESTIMATES,INHERITED_RAW_OFFICIAL_ZIP_ARCHIVED_API_MATCH,NONE,-0.018867924528301883,CBP_2007_813410;st-est00int-alldata.csv:POPESTIMATE2007;S6_CBP_DENSITY_20261002_v1
Alaska,02,2008,0.23565178811704038,162,687455,JULY_1_RESIDENT_POPULATION,2010_INTERCENSAL,813410,NAICS2007,ESTABLISHMENTS_PER_1000_RESIDENTS,DIRECT,1,0,CBP_EMPLOYER_813410,CENSUS_CBP_AND_POPULATION_ESTIMATES,INHERITED_RAW_OFFICIAL_ZIP_ARCHIVED_API_MATCH,NAICS_REVISION_CORE_813410_UNCHANGED,0.03846153846153855,CBP_2008_813410;st-est00int-alldata.csv:POPESTIMATE2008;S6_CBP_DENSITY_20261002_v1
Alaska,02,2009,0.22320949498851758,156,698895,JULY_1_RESIDENT_POPULATION,2010_INTERCENSAL,813410,NAICS2007,ESTABLISHMENTS_PER_1000_RESIDENTS,DIRECT,1,0,CBP_EMPLOYER_813410,CENSUS_CBP_AND_POPULATION_ESTIMATES,INHERITED_RAW_OFFICIAL_ZIP_ARCHIVED_API_MATCH,NONE,-0.03703703703703709,CBP_2009_813410;st-est00int-alldata.csv:POPESTIMATE2009;S6_CBP_DENSITY_20261002_v1
Alaska,02,2010,0.21709230764921245,155,713982,JULY_1_RESIDENT_POPULATION,VINTAGE_2020,813410,NAICS2007,ESTABLISHMENTS_PER_1000_RESIDENTS,DIRECT,1,0,CBP_EMPLOYER_813410,CENSUS_CBP_AND_POPULATION_ESTIMATES,INHERITED_RAW_OFFICIAL_ZIP_ARCHIVED_API_MATCH,POPULATION_BENCHMARK_BOUNDARY,-0.0064102564102563875,CBP_2010_813410;nst-est2020-alldata.csv:POPESTIMATE2010;S6_CBP_DENSITY_20261002_v1
Alaska,02,2011,0.20765585610279794,150,722349,JULY_1_RESIDENT_POPULATION,VINTAGE_2020,813410,NAICS2007,ESTABLISHMENTS_PER_1000_RESIDENTS,DIRECT,1,0,CBP_EMPLOYER_813410,CENSUS_CBP_AND_POPULATION_ESTIMATES,INHERITED_RAW_OFFICIAL_ZIP_ARCHIVED_API_MATCH,NONE,-0.032258064516129004,CBP_2011_813410;nst-est2020-alldata.csv:POPESTIMATE2011;S6_CBP_DENSITY_20261002_v1
Alaska,02,2012,0.21756680943063178,159,730810,JULY_1_RESIDENT_POPULATION,VINTAGE_2020,813410,NAICS2012,ESTABLISHMENTS_PER_1000_RESIDENTS,DIRECT,1,0,CBP_EMPLOYER_813410,CENSUS_CBP_AND_POPULATION_ESTIMATES,INHERITED_RAW_OFFICIAL_ZIP_ARCHIVED_API_MATCH,NAICS_REVISION_CORE_813410_UNCHANGED,0.06000000000000005,CBP_2012_813410;nst-est2020-alldata.csv:POPESTIMATE2012;S6_CBP_DENSITY_20261002_v1
Alaska,02,2013,0.21013359073568447,155,737626,JULY_1_RESIDENT_POPULATION,VINTAGE_2020,813410,NAICS2012,ESTABLISHMENTS_PER_1000_RESIDENTS,DIRECT,1,0,CBP_EMPLOYER_813410,CENSUS_CBP_AND_POPULATION_ESTIMATES,INHERITED_RAW_OFFICIAL_ZIP_ARCHIVED_API_MATCH,NONE,-0.02515723270440251,CBP_2013_813410;nst-est2020-alldata.csv:POPESTIMATE2013;S6_CBP_DENSITY_20261002_v1
Alaska,02,2014,0.21436081809856528,158,737075,JULY_1_RESIDENT_POPULATION,VINTAGE_2020,813410,NAICS2012,ESTABLISHMENTS_PER_1000_RESIDENTS,DIRECT,1,0,CBP_EMPLOYER_813410,CENSUS_CBP_AND_POPULATION_ESTIMATES,INHERITED_RAW_OFFICIAL_ZIP_ARCHIVED_API_MATCH,NONE,0.019354838709677358,CBP_2014_813410;nst-est2020-alldata.csv:POPESTIMATE2014;S6_CBP_DENSITY_20261002_v1
Alaska,02,2015,0.20855057351407716,154,738430,JULY_1_RESIDENT_POPULATION,VINTAGE_2020,813410,NAICS2012,ESTABLISHMENTS_PER_1000_RESIDENTS,DIRECT,1,0,CBP_EMPLOYER_813410,CENSUS_CBP_AND_POPULATION_ESTIMATES,INHERITED_RAW_OFFICIAL_ZIP_ARCHIVED_API_MATCH,NONE,-0.025316455696202556,CBP_2015_813410;nst-est2020-alldata.csv:POPESTIMATE2015;S6_CBP_DENSITY_20261002_v1
Alaska,02,2016,0.201999798000202,150,742575,JULY_1_RESIDENT_POPULATION,VINTAGE_2020,813410,NAICS2012,ESTABLISHMENTS_PER_1000_RESIDENTS,DIRECT,1,0,CBP_EMPLOYER_813410,CENSUS_CBP_AND_POPULATION_ESTIMATES,INHERITED_RAW_OFFICIAL_ZIP_ARCHIVED_API_MATCH,NONE,-0.025974025974025983,CBP_2016_813410;nst-est2020-alldata.csv:POPESTIMATE2016;S6_CBP_DENSITY_20261002_v1
Alaska,02,2017,0.19838511814711,147,740983,JULY_1_RESIDENT_POPULATION,VINTAGE_2020,813410,NAICS2017,ESTABLISHMENTS_PER_1000_RESIDENTS,DIRECT,1,0,CBP_EMPLOYER_813410,CENSUS_CBP_AND_POPULATION_ESTIMATES,INHERITED_RAW_OFFICIAL_ZIP_ARCHIVED_API_MATCH,NAICS_REVISION_CORE_813410_UNCHANGED,-0.020000000000000018,CBP_2017_813410;nst-est2020-alldata.csv:POPESTIMATE2017;S6_CBP_DENSITY_20261002_v1
Alaska,02,2018,0.19955906948456745,147,736624,JULY_1_RESIDENT_POPULATION,VINTAGE_2020,813410,NAICS2017,ESTABLISHMENTS_PER_1000_RESIDENTS,DIRECT,1,0,CBP_EMPLOYER_813410,CENSUS_CBP_AND_POPULATION_ESTIMATES,INHERITED_RAW_OFFICIAL_ZIP_ARCHIVED_API_MATCH,NONE,0.0,CBP_2018_813410;nst-est2020-alldata.csv:POPESTIMATE2018;S6_CBP_DENSITY_20261002_v1
Alaska,02,2019,0.20719653545582556,152,733603,JULY_1_RESIDENT_POPULATION,VINTAGE_2020,813410,NAICS2017,ESTABLISHMENTS_PER_1000_RESIDENTS,DIRECT,1,0,CBP_EMPLOYER_813410,CENSUS_CBP_AND_POPULATION_ESTIMATES,INHERITED_RAW_OFFICIAL_ZIP_ARCHIVED_API_MATCH,NONE,0.03401360544217691,CBP_2019_813410;nst-est2020-alldata.csv:POPESTIMATE2019;S6_CBP_DENSITY_20261002_v1
Alaska,02,2020,0.20464852298339345,150,732964,JULY_1_RESIDENT_POPULATION,VINTAGE_2023,813410,NAICS2017,ESTABLISHMENTS_PER_1000_RESIDENTS,DIRECT,1,0,CBP_EMPLOYER_813410,CENSUS_CBP_AND_POPULATION_ESTIMATES,INHERITED_RAW_OFFICIAL_ZIP_ARCHIVED_API_MATCH,POPULATION_BENCHMARK_BOUNDARY,-0.013157894736842146,CBP_2020_813410;NST-EST2023-ALLDATA.csv:POPESTIMATE2020;S6_CBP_DENSITY_20261002_v1
Alaska,02,2021,0.1850534001521248,136,734923,JULY_1_RESIDENT_POPULATION,VINTAGE_2023,813410,NAICS2017,ESTABLISHMENTS_PER_1000_RESIDENTS,DIRECT,1,0,CBP_EMPLOYER_813410,CENSUS_CBP_AND_POPULATION_ESTIMATES,INHERITED_RAW_OFFICIAL_ZIP_ARCHIVED_API_MATCH,NONE,-0.09333333333333338,CBP_2021_813410;NST-EST2023-ALLDATA.csv:POPESTIMATE2021;S6_CBP_DENSITY_20261002_v1
Alaska,02,2022,0.1868327887453019,137,733276,JULY_1_RESIDENT_POPULATION,VINTAGE_2023,813410,NAICS2017,ESTABLISHMENTS_PER_1000_RESIDENTS,DIRECT,1,0,CBP_EMPLOYER_813410,CENSUS_CBP_AND_POPULATION_ESTIMATES,INHERITED_RAW_OFFICIAL_ZIP_ARCHIVED_API_MATCH,NONE,0.007352941176470562,CBP_2022_813410;NST-EST2023-ALLDATA.csv:POPESTIMATE2022;S6_CBP_DENSITY_20261002_v1
Alaska,02,2023,0.18952667417501357,139,733406,JULY_1_RESIDENT_POPULATION,VINTAGE_2023,813410,NAICS2017,ESTABLISHMENTS_PER_1000_RESIDENTS,DIRECT,1,0,CBP_EMPLOYER_813410,CENSUS_CBP_AND_POPULATION_ESTIMATES,INHERITED_RAW_OFFICIAL_ZIP_ARCHIVED_API_MATCH,NONE,0.014598540145985384,CBP_2023_813410;NST-EST2023-ALLDATA.csv:POPESTIMATE2023;S6_CBP_DENSITY_20261002_v1
Arizona,04,2000,0.07382882486601328,381,5160586,JULY_1_RESIDENT_POPULATION,2010_INTERCENSAL,813410,NAICS1997,ESTABLISHMENTS_PER_1000_RESIDENTS,DIRECT,1,0,CBP_EMPLOYER_813410,CENSUS_CBP_AND_POPULATION_ESTIMATES,INHERITED_RAW_OFFICIAL_ZIP_ARCHIVED_API_MATCH,NONE,,CBP_2000_813410;st-est00int-alldata.csv:POPESTIMATE2000;S6_CBP_DENSITY_20261002_v1
Arizona,04,2001,0.0722483477220058,381,5273477,JULY_1_RESIDENT_POPULATION,2010_INTERCENSAL,813410,NAICS1997,ESTABLISHMENTS_PER_1000_RESIDENTS,DIRECT,1,0,CBP_EMPLOYER_813410,CENSUS_CBP_AND_POPULATION_ESTIMATES,INHERITED_RAW_OFFICIAL_ZIP_ARCHIVED_API_MATCH,NONE,0.0,CBP_2001_813410;st-est00int-alldata.csv:POPESTIMATE2001;S6_CBP_DENSITY_20261002_v1
Arizona,04,2002,0.06801012924704262,367,5396255,JULY_1_RESIDENT_POPULATION,2010_INTERCENSAL,813410,NAICS1997,ESTABLISHMENTS_PER_1000_RESIDENTS,DIRECT,1,0,CBP_EMPLOYER_813410,CENSUS_CBP_AND_POPULATION_ESTIMATES,INHERITED_RAW_OFFICIAL_ZIP_ARCHIVED_API_MATCH,NONE,-0.03674540682414695,CBP_2002_813410;st-est00int-alldata.csv:POPESTIMATE2002;S6_CBP_DENSITY_20261002_v1
Arizona,04,2003,0.06750915184550423,372,5510364,JULY_1_RESIDENT_POPULATION,2010_INTERCENSAL,813410,NAICS2002,ESTABLISHMENTS_PER_1000_RESIDENTS,DIRECT,1,0,CBP_EMPLOYER_813410,CENSUS_CBP_AND_POPULATION_ESTIMATES,INHERITED_RAW_OFFICIAL_ZIP_ARCHIVED_API_MATCH,CBP_AUXILIARY_TREATMENT_CHANGE;NAICS_REVISION_CORE_813410_UNCHANGED,0.013623978201634968,CBP_2003_813410;st-est00int-alldata.csv:POPESTIMATE2003;S6_CBP_DENSITY_20261002_v1
Arizona,04,2004,0.06457429440641539,365,5652404,JULY_1_RESIDENT_POPULATION,2010_INTERCENSAL,813410,NAICS2002,ESTABLISHMENTS_PER_1000_RESIDENTS,DIRECT,1,0,CBP_EMPLOYER_813410,CENSUS_CBP_AND_POPULATION_ESTIMATES,INHERITED_RAW_OFFICIAL_ZIP_ARCHIVED_API_MATCH,NONE,-0.018817204301075252,CBP_2004_813410;st-est00int-alldata.csv:POPESTIMATE2004;S6_CBP_DENSITY_20261002_v1
Arizona,04,2005,0.06696263810187808,391,5839077,JULY_1_RESIDENT_POPULATION,2010_INTERCENSAL,813410,NAICS2002,ESTABLISHMENTS_PER_1000_RESIDENTS,DIRECT,1,0,CBP_EMPLOYER_813410,CENSUS_CBP_AND_POPULATION_ESTIMATES,INHERITED_RAW_OFFICIAL_ZIP_ARCHIVED_API_MATCH,NONE,0.0712328767123287,CBP_2005_813410;st-est00int-alldata.csv:POPESTIMATE2005;S6_CBP_DENSITY_20261002_v1
Arizona,04,2006,0.06219791509271387,375,6029141,JULY_1_RESIDENT_POPULATION,2010_INTERCENSAL,813410,NAICS2002,ESTABLISHMENTS_PER_1000_RESIDENTS,DIRECT,1,0,CBP_EMPLOYER_813410,CENSUS_CBP_AND_POPULATION_ESTIMATES,INHERITED_RAW_OFFICIAL_ZIP_ARCHIVED_API_MATCH,NONE,-0.04092071611253201,CBP_2006_813410;st-est00int-alldata.csv:POPESTIMATE2006;S6_CBP_DENSITY_20261002_v1
Arizona,04,2007,0.05999013243389209,370,6167681,JULY_1_RESIDENT_POPULATION,2010_INTERCENSAL,813410,NAICS2002,ESTABLISHMENTS_PER_1000_RESIDENTS,DIRECT,1,0,CBP_EMPLOYER_813410,CENSUS_CBP_AND_POPULATION_ESTIMATES,INHERITED_RAW_OFFICIAL_ZIP_ARCHIVED_API_MATCH,NONE,-0.013333333333333308,CBP_2007_813410;st-est00int-alldata.csv:POPESTIMATE2007;S6_CBP_DENSITY_20261002_v1
Arizona,04,2008,0.05779921603245163,363,6280362,JULY_1_RESIDENT_POPULATION,2010_INTERCENSAL,813410,NAICS2007,ESTABLISHMENTS_PER_1000_RESIDENTS,DIRECT,1,0,CBP_EMPLOYER_813410,CENSUS_CBP_AND_POPULATION_ESTIMATES,INHERITED_RAW_OFFICIAL_ZIP_ARCHIVED_API_MATCH,NAICS_REVISION_CORE_813410_UNCHANGED,-0.018918918918918948,CBP_2008_813410;st-est00int-alldata.csv:POPESTIMATE2008;S6_CBP_DENSITY_20261002_v1
Arizona,04,2009,0.058015302797315024,368,6343154,JULY_1_RESIDENT_POPULATION,2010_INTERCENSAL,813410,NAICS2007,ESTABLISHMENTS_PER_1000_RESIDENTS,DIRECT,1,0,CBP_EMPLOYER_813410,CENSUS_CBP_AND_POPULATION_ESTIMATES,INHERITED_RAW_OFFICIAL_ZIP_ARCHIVED_API_MATCH,NONE,0.01377410468319562,CBP_2009_813410;st-est00int-alldata.csv:POPESTIMATE2009;S6_CBP_DENSITY_20261002_v1
Arizona,04,2010,0.05602947368815337,359,6407342,JULY_1_RESIDENT_POPULATION,VINTAGE_2020,813410,NAICS2007,ESTABLISHMENTS_PER_1000_RESIDENTS,DIRECT,1,0,CBP_EMPLOYER_813410,CENSUS_CBP_AND_POPULATION_ESTIMATES,INHERITED_RAW_OFFICIAL_ZIP_ARCHIVED_API_MATCH,POPULATION_BENCHMARK_BOUNDARY,-0.024456521739130488,CBP_2010_813410;nst-est2020-alldata.csv:POPESTIMATE2010;S6_CBP_DENSITY_20261002_v1
Arizona,04,2011,0.05607549398957212,363,6473416,JULY_1_RESIDENT_POPULATION,VINTAGE_2020,813410,NAICS2007,ESTABLISHMENTS_PER_1000_RESIDENTS,DIRECT,1,0,CBP_EMPLOYER_813410,CENSUS_CBP_AND_POPULATION_ESTIMATES,INHERITED_RAW_OFFICIAL_ZIP_ARCHIVED_API_MATCH,NONE,0.011142061281337101,CBP_2011_813410;nst-est2020-alldata.csv:POPESTIMATE2011;S6_CBP_DENSITY_20261002_v1
Arizona,04,2012,0.05338341002241493,350,6556344,JULY_1_RESIDENT_POPULATION,VINTAGE_2020,813410,NAICS2012,ESTABLISHMENTS_PER_1000_RESIDENTS,DIRECT,1,0,CBP_EMPLOYER_813410,CENSUS_CBP_AND_POPULATION_ESTIMATES,INHERITED_RAW_OFFICIAL_ZIP_ARCHIVED_API_MATCH,NAICS_REVISION_CORE_813410_UNCHANGED,-0.03581267217630857,CBP_2012_813410;nst-est2020-alldata.csv:POPESTIMATE2012;S6_CBP_DENSITY_20261002_v1
Arizona,04,2013,0.05350664462092426,355,6634690,JULY_1_RESIDENT_POPULATION,VINTAGE_2020,813410,NAICS2012,ESTABLISHMENTS_PER_1000_RESIDENTS,DIRECT,1,0,CBP_EMPLOYER_813410,CENSUS_CBP_AND_POPULATION_ESTIMATES,INHERITED_RAW_OFFICIAL_ZIP_ARCHIVED_API_MATCH,NONE,0.014285714285714235,CBP_2013_813410;nst-est2020-alldata.csv:POPESTIMATE2013;S6_CBP_DENSITY_20261002_v1
Arizona,04,2014,0.05124112693050946,345,6732873,JULY_1_RESIDENT_POPULATION,VINTAGE_2020,813410,NAICS2012,ESTABLISHMENTS_PER_1000_RESIDENTS,DIRECT,1,0,CBP_EMPLOYER_813410,CENSUS_CBP_AND_POPULATION_ESTIMATES,INHERITED_RAW_OFFICIAL_ZIP_ARCHIVED_API_MATCH,NONE,-0.028169014084507005,CBP_2014_813410;nst-est2020-alldata.csv:POPESTIMATE2014;S6_CBP_DENSITY_20261002_v1
Arizona,04,2015,0.05297966722329466,362,6832810,JULY_1_RESIDENT_POPULATION,VINTAGE_2020,813410,NAICS2012,ESTABLISHMENTS_PER_1000_RESIDENTS,DIRECT,1,0,CBP_EMPLOYER_813410,CENSUS_CBP_AND_POPULATION_ESTIMATES,INHERITED_RAW_OFFICIAL_ZIP_ARCHIVED_API_MATCH,NONE,0.049275362318840665,CBP_2015_813410;nst-est2020-alldata.csv:POPESTIMATE2015;S6_CBP_DENSITY_20261002_v1
Arizona,04,2016,0.0521255788711126,362,6944767,JULY_1_RESIDENT_POPULATION,VINTAGE_2020,813410,NAICS2012,ESTABLISHMENTS_PER_1000_RESIDENTS,DIRECT,1,0,CBP_EMPLOYER_813410,CENSUS_CBP_AND_POPULATION_ESTIMATES,INHERITED_RAW_OFFICIAL_ZIP_ARCHIVED_API_MATCH,NONE,0.0,CBP_2016_813410;nst-est2020-alldata.csv:POPESTIMATE2016;S6_CBP_DENSITY_20261002_v1
Arizona,04,2017,0.05150332969735906,363,7048088,JULY_1_RESIDENT_POPULATION,VINTAGE_2020,813410,NAICS2017,ESTABLISHMENTS_PER_1000_RESIDENTS,DIRECT,1,0,CBP_EMPLOYER_813410,CENSUS_CBP_AND_POPULATION_ESTIMATES,INHERITED_RAW_OFFICIAL_ZIP_ARCHIVED_API_MATCH,NAICS_REVISION_CORE_813410_UNCHANGED,0.0027624309392264568,CBP_2017_813410;nst-est2020-alldata.csv:POPESTIMATE2017;S6_CBP_DENSITY_20261002_v1
Arizona,04,2018,0.051366316091559346,368,7164228,JULY_1_RESIDENT_POPULATION,VINTAGE_2020,813410,NAICS2017,ESTABLISHMENTS_PER_1000_RESIDENTS,DIRECT,1,0,CBP_EMPLOYER_813410,CENSUS_CBP_AND_POPULATION_ESTIMATES,INHERITED_RAW_OFFICIAL_ZIP_ARCHIVED_API_MATCH,NONE,0.01377410468319562,CBP_2018_813410;nst-est2020-alldata.csv:POPESTIMATE2018;S6_CBP_DENSITY_20261002_v1
Arizona,04,2019,0.05101590914669995,372,7291843,JULY_1_RESIDENT_POPULATION,VINTAGE_2020,813410,NAICS2017,ESTABLISHMENTS_PER_1000_RESIDENTS,DIRECT,1,0,CBP_EMPLOYER_813410,CENSUS_CBP_AND_POPULATION_ESTIMATES,INHERITED_RAW_OFFICIAL_ZIP_ARCHIVED_API_MATCH,NONE,0.010869565217391353,CBP_2019_813410;nst-est2020-alldata.csv:POPESTIMATE2019;S6_CBP_DENSITY_20261002_v1
Arizona,04,2020,0.053293014315505496,383,7186683,JULY_1_RESIDENT_POPULATION,VINTAGE_2023,813410,NAICS2017,ESTABLISHMENTS_PER_1000_RESIDENTS,DIRECT,1,0,CBP_EMPLOYER_813410,CENSUS_CBP_AND_POPULATION_ESTIMATES,INHERITED_RAW_OFFICIAL_ZIP_ARCHIVED_API_MATCH,POPULATION_BENCHMARK_BOUNDARY,0.029569892473118253,CBP_2020_813410;NST-EST2023-ALLDATA.csv:POPESTIMATE2020;S6_CBP_DENSITY_20261002_v1
Arizona,04,2021,0.048401599067829204,352,7272487,JULY_1_RESIDENT_POPULATION,VINTAGE_2023,813410,NAICS2017,ESTABLISHMENTS_PER_1000_RESIDENTS,DIRECT,1,0,CBP_EMPLOYER_813410,CENSUS_CBP_AND_POPULATION_ESTIMATES,INHERITED_RAW_OFFICIAL_ZIP_ARCHIVED_API_MATCH,NONE,-0.08093994778067881,CBP_2021_813410;NST-EST2023-ALLDATA.csv:POPESTIMATE2021;S6_CBP_DENSITY_20261002_v1
Arizona,04,2022,0.050640239250013985,373,7365684,JULY_1_RESIDENT_POPULATION,VINTAGE_2023,813410,NAICS2017,ESTABLISHMENTS_PER_1000_RESIDENTS,DIRECT,1,0,CBP_EMPLOYER_813410,CENSUS_CBP_AND_POPULATION_ESTIMATES,INHERITED_RAW_OFFICIAL_ZIP_ARCHIVED_API_MATCH,NONE,0.05965909090909083,CBP_2022_813410;NST-EST2023-ALLDATA.csv:POPESTIMATE2022;S6_CBP_DENSITY_20261002_v1
Arizona,04,2023,0.0495199791585479,368,7431344,JULY_1_RESIDENT_POPULATION,VINTAGE_2023,813410,NAICS2017,ESTABLISHMENTS_PER_1000_RESIDENTS,DIRECT,1,0,CBP_EMPLOYER_813410,CENSUS_CBP_AND_POPULATION_ESTIMATES,INHERITED_RAW_OFFICIAL_ZIP_ARCHIVED_API_MATCH,NONE,-0.013404825737265424,CBP_2023_813410;NST-EST2023-ALLDATA.csv:POPESTIMATE2023;S6_CBP_DENSITY_20261002_v1
Arkansas,05,2000,0.08810612158346114,236,2678588,JULY_1_RESIDENT_POPULATION,2010_INTERCENSAL,813410,NAICS1997,ESTABLISHMENTS_PER_1000_RESIDENTS,DIRECT,1,0,CBP_EMPLOYER_813410,CENSUS_CBP_AND_POPULATION_ESTIMATES,INHERITED_RAW_OFFICIAL_ZIP_ARCHIVED_API_MATCH,NONE,,CBP_2000_813410;st-est00int-alldata.csv:POPESTIMATE2000;S6_CBP_DENSITY_20261002_v1
Arkansas,05,2001,0.08805266515354787,237,2691571,JULY_1_RESIDENT_POPULATION,2010_INTERCENSAL,813410,NAICS1997,ESTABLISHMENTS_PER_1000_RESIDENTS,DIRECT,1,0,CBP_EMPLOYER_813410,CENSUS_CBP_AND_POPULATION_ESTIMATES,INHERITED_RAW_OFFICIAL_ZIP_ARCHIVED_API_MATCH,NONE,0.004237288135593209,CBP_2001_813410;st-est00int-alldata.csv:POPESTIMATE2001;S6_CBP_DENSITY_20261002_v1
Arkansas,05,2002,0.0853681566428067,231,2705927,JULY_1_RESIDENT_POPULATION,2010_INTERCENSAL,813410,NAICS1997,ESTABLISHMENTS_PER_1000_RESIDENTS,DIRECT,1,0,CBP_EMPLOYER_813410,CENSUS_CBP_AND_POPULATION_ESTIMATES,INHERITED_RAW_OFFICIAL_ZIP_ARCHIVED_API_MATCH,NONE,-0.025316455696202556,CBP_2002_813410;st-est00int-alldata.csv:POPESTIMATE2002;S6_CBP_DENSITY_20261002_v1
Arkansas,05,2003,0.09138231719132596,249,2724816,JULY_1_RESIDENT_POPULATION,2010_INTERCENSAL,813410,NAICS2002,ESTABLISHMENTS_PER_1000_RESIDENTS,DIRECT,1,0,CBP_EMPLOYER_813410,CENSUS_CBP_AND_POPULATION_ESTIMATES,INHERITED_RAW_OFFICIAL_ZIP_ARCHIVED_API_MATCH,CBP_AUXILIARY_TREATMENT_CHANGE;NAICS_REVISION_CORE_813410_UNCHANGED,0.07792207792207795,CBP_2003_813410;st-est00int-alldata.csv:POPESTIMATE2003;S6_CBP_DENSITY_20261002_v1
Arkansas,05,2004,0.08873740492550786,244,2749686,JULY_1_RESIDENT_POPULATION,2010_INTERCENSAL,813410,NAICS2002,ESTABLISHMENTS_PER_1000_RESIDENTS,DIRECT,1,0,CBP_EMPLOYER_813410,CENSUS_CBP_AND_POPULATION_ESTIMATES,INHERITED_RAW_OFFICIAL_ZIP_ARCHIVED_API_MATCH,NONE,-0.02008032128514059,CBP_2004_813410;st-est00int-alldata.csv:POPESTIMATE2004;S6_CBP_DENSITY_20261002_v1
Arkansas,05,2005,0.09061172623608597,252,2781097,JULY_1_RESIDENT_POPULATION,2010_INTERCENSAL,813410,NAICS2002,ESTABLISHMENTS_PER_1000_RESIDENTS,DIRECT,1,0,CBP_EMPLOYER_813410,CENSUS_CBP_AND_POPULATION_ESTIMATES,INHERITED_RAW_OFFICIAL_ZIP_ARCHIVED_API_MATCH,NONE,0.032786885245901676,CBP_2005_813410;st-est00int-alldata.csv:POPESTIMATE2005;S6_CBP_DENSITY_20261002_v1
Arkansas,05,2006,0.08540765855081278,241,2821761,JULY_1_RESIDENT_POPULATION,2010_INTERCENSAL,813410,NAICS2002,ESTABLISHMENTS_PER_1000_RESIDENTS,DIRECT,1,0,CBP_EMPLOYER_813410,CENSUS_CBP_AND_POPULATION_ESTIMATES,INHERITED_RAW_OFFICIAL_ZIP_ARCHIVED_API_MATCH,NONE,-0.04365079365079361,CBP_2006_813410;st-est00int-alldata.csv:POPESTIMATE2006;S6_CBP_DENSITY_20261002_v1
Arkansas,05,2007,0.07863373878854897,224,2848650,JULY_1_RESIDENT_POPULATION,2010_INTERCENSAL,813410,NAICS2002,ESTABLISHMENTS_PER_1000_RESIDENTS,DIRECT,1,0,CBP_EMPLOYER_813410,CENSUS_CBP_AND_POPULATION_ESTIMATES,INHERITED_RAW_OFFICIAL_ZIP_ARCHIVED_API_MATCH,NONE,-0.0705394190871369,CBP_2007_813410;st-est00int-alldata.csv:POPESTIMATE2007;S6_CBP_DENSITY_20261002_v1
Arkansas,05,2008,0.07862089214535542,226,2874554,JULY_1_RESIDENT_POPULATION,2010_INTERCENSAL,813410,NAICS2007,ESTABLISHMENTS_PER_1000_RESIDENTS,DIRECT,1,0,CBP_EMPLOYER_813410,CENSUS_CBP_AND_POPULATION_ESTIMATES,INHERITED_RAW_OFFICIAL_ZIP_ARCHIVED_API_MATCH,NAICS_REVISION_CORE_813410_UNCHANGED,0.008928571428571397,CBP_2008_813410;st-est00int-alldata.csv:POPESTIMATE2008;S6_CBP_DENSITY_20261002_v1
Arkansas,05,2009,0.07421872707633792,215,2896843,JULY_1_RESIDENT_POPULATION,2010_INTERCENSAL,813410,NAICS2007,ESTABLISHMENTS_PER_1000_RESIDENTS,DIRECT,1,0,CBP_EMPLOYER_813410,CENSUS_CBP_AND_POPULATION_ESTIMATES,INHERITED_RAW_OFFICIAL_ZIP_ARCHIVED_API_MATCH,NONE,-0.04867256637168138,CBP_2009_813410;st-est00int-alldata.csv:POPESTIMATE2009;S6_CBP_DENSITY_20261002_v1
Arkansas,05,2010,0.07392202184943317,216,2921998,JULY_1_RESIDENT_POPULATION,VINTAGE_2020,813410,NAICS2007,ESTABLISHMENTS_PER_1000_RESIDENTS,DIRECT,1,0,CBP_EMPLOYER_813410,CENSUS_CBP_AND_POPULATION_ESTIMATES,INHERITED_RAW_OFFICIAL_ZIP_ARCHIVED_API_MATCH,POPULATION_BENCHMARK_BOUNDARY,0.0046511627906977715,CBP_2010_813410;nst-est2020-alldata.csv:POPESTIMATE2010;S6_CBP_DENSITY_20261002_v1
Arkansas,05,2011,0.07208339368617475,212,2941038,JULY_1_RESIDENT_POPULATION,VINTAGE_2020,813410,NAICS2007,ESTABLISHMENTS_PER_1000_RESIDENTS,DIRECT,1,0,CBP_EMPLOYER_813410,CENSUS_CBP_AND_POPULATION_ESTIMATES,INHERITED_RAW_OFFICIAL_ZIP_ARCHIVED_API_MATCH,NONE,-0.01851851851851849,CBP_2011_813410;nst-est2020-alldata.csv:POPESTIMATE2011;S6_CBP_DENSITY_20261002_v1
Arkansas,05,2012,0.0667146199163121,197,2952876,JULY_1_RESIDENT_POPULATION,VINTAGE_2020,813410,NAICS2012,ESTABLISHMENTS_PER_1000_RESIDENTS,DIRECT,1,0,CBP_EMPLOYER_813410,CENSUS_CBP_AND_POPULATION_ESTIMATES,INHERITED_RAW_OFFICIAL_ZIP_ARCHIVED_API_MATCH,NAICS_REVISION_CORE_813410_UNCHANGED,-0.07075471698113212,CBP_2012_813410;nst-est2020-alldata.csv:POPESTIMATE2012;S6_CBP_DENSITY_20261002_v1
Arkansas,05,2013,0.06417923707100824,190,2960459,JULY_1_RESIDENT_POPULATION,VINTAGE_2020,813410,NAICS2012,ESTABLISHMENTS_PER_1000_RESIDENTS,DIRECT,1,0,CBP_EMPLOYER_813410,CENSUS_CBP_AND_POPULATION_ESTIMATES,INHERITED_RAW_OFFICIAL_ZIP_ARCHIVED_API_MATCH,NONE,-0.035532994923857864,CBP_2013_813410;nst-est2020-alldata.csv:POPESTIMATE2013;S6_CBP_DENSITY_20261002_v1
Arkansas,05,2014,0.0629892827272271,187,2968759,JULY_1_RESIDENT_POPULATION,VINTAGE_2020,813410,NAICS2012,ESTABLISHMENTS_PER_1000_RESIDENTS,DIRECT,1,0,CBP_EMPLOYER_813410,CENSUS_CBP_AND_POPULATION_ESTIMATES,INHERITED_RAW_OFFICIAL_ZIP_ARCHIVED_API_MATCH,NONE,-0.015789473684210575,CBP_2014_813410;nst-est2020-alldata.csv:POPESTIMATE2014;S6_CBP_DENSITY_20261002_v1
Arkansas,05,2015,0.06409972440474514,191,2979732,JULY_1_RESIDENT_POPULATION,VINTAGE_2020,813410,NAICS2012,ESTABLISHMENTS_PER_1000_RESIDENTS,DIRECT,1,0,CBP_EMPLOYER_813410,CENSUS_CBP_AND_POPULATION_ESTIMATES,INHERITED_RAW_OFFICIAL_ZIP_ARCHIVED_API_MATCH,NONE,0.021390374331550888,CBP_2015_813410;nst-est2020-alldata.csv:POPESTIMATE2015;S6_CBP_DENSITY_20261002_v1
Arkansas,05,2016,0.06417509104005428,192,2991815,JULY_1_RESIDENT_POPULATION,VINTAGE_2020,813410,NAICS2012,ESTABLISHMENTS_PER_1000_RESIDENTS,DIRECT,1,0,CBP_EMPLOYER_813410,CENSUS_CBP_AND_POPULATION_ESTIMATES,INHERITED_RAW_OFFICIAL_ZIP_ARCHIVED_API_MATCH,NONE,0.005235602094240788,CBP_2016_813410;nst-est2020-alldata.csv:POPESTIMATE2016;S6_CBP_DENSITY_20261002_v1
Arkansas,05,2017,0.0672469210397972,202,3003855,JULY_1_RESIDENT_POPULATION,VINTAGE_2020,813410,NAICS2017,ESTABLISHMENTS_PER_1000_RESIDENTS,DIRECT,1,0,CBP_EMPLOYER_813410,CENSUS_CBP_AND_POPULATION_ESTIMATES,INHERITED_RAW_OFFICIAL_ZIP_ARCHIVED_API_MATCH,NAICS_REVISION_CORE_813410_UNCHANGED,0.05208333333333326,CBP_2017_813410;nst-est2020-alldata.csv:POPESTIMATE2017;S6_CBP_DENSITY_20261002_v1
Arkansas,05,2018,0.058761799253094375,177,3012161,JULY_1_RESIDENT_POPULATION,VINTAGE_2020,813410,NAICS2017,ESTABLISHMENTS_PER_1000_RESIDENTS,DIRECT,1,0,CBP_EMPLOYER_813410,CENSUS_CBP_AND_POPULATION_ESTIMATES,INHERITED_RAW_OFFICIAL_ZIP_ARCHIVED_API_MATCH,NONE,-0.12376237623762376,CBP_2018_813410;nst-est2020-alldata.csv:POPESTIMATE2018;S6_CBP_DENSITY_20261002_v1
Arkansas,05,2019,0.059252197544840506,179,3020985,JULY_1_RESIDENT_POPULATION,VINTAGE_2020,813410,NAICS2017,ESTABLISHMENTS_PER_1000_RESIDENTS,DIRECT,1,0,CBP_EMPLOYER_813410,CENSUS_CBP_AND_POPULATION_ESTIMATES,INHERITED_RAW_OFFICIAL_ZIP_ARCHIVED_API_MATCH,NONE,0.011299435028248483,CBP_2019_813410;nst-est2020-alldata.csv:POPESTIMATE2019;S6_CBP_DENSITY_20261002_v1
Arkansas,05,2020,0.056065192207402734,169,3014348,JULY_1_RESIDENT_POPULATION,VINTAGE_2023,813410,NAICS2017,ESTABLISHMENTS_PER_1000_RESIDENTS,DIRECT,1,0,CBP_EMPLOYER_813410,CENSUS_CBP_AND_POPULATION_ESTIMATES,INHERITED_RAW_OFFICIAL_ZIP_ARCHIVED_API_MATCH,POPULATION_BENCHMARK_BOUNDARY,-0.05586592178770955,CBP_2020_813410;NST-EST2023-ALLDATA.csv:POPESTIMATE2020;S6_CBP_DENSITY_20261002_v1
Arkansas,05,2021,0.05382303711841365,163,3028443,JULY_1_RESIDENT_POPULATION,VINTAGE_2023,813410,NAICS2017,ESTABLISHMENTS_PER_1000_RESIDENTS,DIRECT,1,0,CBP_EMPLOYER_813410,CENSUS_CBP_AND_POPULATION_ESTIMATES,INHERITED_RAW_OFFICIAL_ZIP_ARCHIVED_API_MATCH,NONE,-0.035502958579881616,CBP_2021_813410;NST-EST2023-ALLDATA.csv:POPESTIMATE2021;S6_CBP_DENSITY_20261002_v1
Arkansas,05,2022,0.05481873054263322,167,3046404,JULY_1_RESIDENT_POPULATION,VINTAGE_2023,813410,NAICS2017,ESTABLISHMENTS_PER_1000_RESIDENTS,DIRECT,1,0,CBP_EMPLOYER_813410,CENSUS_CBP_AND_POPULATION_ESTIMATES,INHERITED_RAW_OFFICIAL_ZIP_ARCHIVED_API_MATCH,NONE,0.024539877300613577,CBP_2022_813410;NST-EST2023-ALLDATA.csv:POPESTIMATE2022;S6_CBP_DENSITY_20261002_v1
Arkansas,05,2023,0.058349295179631076,179,3067732,JULY_1_RESIDENT_POPULATION,VINTAGE_2023,813410,NAICS2017,ESTABLISHMENTS_PER_1000_RESIDENTS,DIRECT,1,0,CBP_EMPLOYER_813410,CENSUS_CBP_AND_POPULATION_ESTIMATES,INHERITED_RAW_OFFICIAL_ZIP_ARCHIVED_API_MATCH,NONE,0.0718562874251496,CBP_2023_813410;NST-EST2023-ALLDATA.csv:POPESTIMATE2023;S6_CBP_DENSITY_20261002_v1
California,06,2000,0.075055952874159,2551,33987977,JULY_1_RESIDENT_POPULATION,2010_INTERCENSAL,813410,NAICS1997,ESTABLISHMENTS_PER_1000_RESIDENTS,DIRECT,1,0,CBP_EMPLOYER_813410,CENSUS_CBP_AND_POPULATION_ESTIMATES,INHERITED_RAW_OFFICIAL_ZIP_ARCHIVED_API_MATCH,NONE,,CBP_2000_813410;st-est00int-alldata.csv:POPESTIMATE2000;S6_CBP_DENSITY_20261002_v1
California,06,2001,0.0749141706345848,2583,34479458,JULY_1_RESIDENT_POPULATION,2010_INTERCENSAL,813410,NAICS1997,ESTABLISHMENTS_PER_1000_RESIDENTS,DIRECT,1,0,CBP_EMPLOYER_813410,CENSUS_CBP_AND_POPULATION_ESTIMATES,INHERITED_RAW_OFFICIAL_ZIP_ARCHIVED_API_MATCH,NONE,0.012544100352802845,CBP_2001_813410;st-est00int-alldata.csv:POPESTIMATE2001;S6_CBP_DENSITY_20261002_v1
California,06,2002,0.07292416405981181,2543,34871843,JULY_1_RESIDENT_POPULATION,2010_INTERCENSAL,813410,NAICS1997,ESTABLISHMENTS_PER_1000_RESIDENTS,DIRECT,1,0,CBP_EMPLOYER_813410,CENSUS_CBP_AND_POPULATION_ESTIMATES,INHERITED_RAW_OFFICIAL_ZIP_ARCHIVED_API_MATCH,NONE,-0.01548586914440575,CBP_2002_813410;st-est00int-alldata.csv:POPESTIMATE2002;S6_CBP_DENSITY_20261002_v1
California,06,2003,0.07559606218551931,2665,35253159,JULY_1_RESIDENT_POPULATION,2010_INTERCENSAL,813410,NAICS2002,ESTABLISHMENTS_PER_1000_RESIDENTS,DIRECT,1,0,CBP_EMPLOYER_813410,CENSUS_CBP_AND_POPULATION_ESTIMATES,INHERITED_RAW_OFFICIAL_ZIP_ARCHIVED_API_MATCH,CBP_AUXILIARY_TREATMENT_CHANGE;NAICS_REVISION_CORE_813410_UNCHANGED,0.047974832874557505,CBP_2003_813410;st-est00int-alldata.csv:POPESTIMATE2003;S6_CBP_DENSITY_20261002_v1
California,06,2004,0.07187717430560522,2557,35574576,JULY_1_RESIDENT_POPULATION,2010_INTERCENSAL,813410,NAICS2002,ESTABLISHMENTS_PER_1000_RESIDENTS,DIRECT,1,0,CBP_EMPLOYER_813410,CENSUS_CBP_AND_POPULATION_ESTIMATES,INHERITED_RAW_OFFICIAL_ZIP_ARCHIVED_API_MATCH,NONE,-0.04052532833020639,CBP_2004_813410;st-est00int-alldata.csv:POPESTIMATE2004;S6_CBP_DENSITY_20261002_v1
California,06,2005,0.07111767482715935,2548,35827943,JULY_1_RESIDENT_POPULATION,2010_INTERCENSAL,813410,NAICS2002,ESTABLISHMENTS_PER_1000_RESIDENTS,DIRECT,1,0,CBP_EMPLOYER_813410,CENSUS_CBP_AND_POPULATION_ESTIMATES,INHERITED_RAW_OFFICIAL_ZIP_ARCHIVED_API_MATCH,NONE,-0.0035197497066875583,CBP_2005_813410;st-est00int-alldata.csv:POPESTIMATE2005;S6_CBP_DENSITY_20261002_v1
California,06,2006,0.06721041679841777,2421,36021202,JULY_1_RESIDENT_POPULATION,2010_INTERCENSAL,813410,NAICS2002,ESTABLISHMENTS_PER_1000_RESIDENTS,DIRECT,1,0,CBP_EMPLOYER_813410,CENSUS_CBP_AND_POPULATION_ESTIMATES,INHERITED_RAW_OFFICIAL_ZIP_ARCHIVED_API_MATCH,NONE,-0.04984301412872838,CBP_2006_813410;st-est00int-alldata.csv:POPESTIMATE2006;S6_CBP_DENSITY_20261002_v1
California,06,2007,0.06466151421431944,2344,36250311,JULY_1_RESIDENT_POPULATION,2010_INTERCENSAL,813410,NAICS2002,ESTABLISHMENTS_PER_1000_RESIDENTS,DIRECT,1,0,CBP_EMPLOYER_813410,CENSUS_CBP_AND_POPULATION_ESTIMATES,INHERITED_RAW_OFFICIAL_ZIP_ARCHIVED_API_MATCH,NONE,-0.03180503923998346,CBP_2007_813410;st-est00int-alldata.csv:POPESTIMATE2007;S6_CBP_DENSITY_20261002_v1
California,06,2008,0.061850594370825504,2264,36604337,JULY_1_RESIDENT_POPULATION,2010_INTERCENSAL,813410,NAICS2007,ESTABLISHMENTS_PER_1000_RESIDENTS,DIRECT,1,0,CBP_EMPLOYER_813410,CENSUS_CBP_AND_POPULATION_ESTIMATES,INHERITED_RAW_OFFICIAL_ZIP_ARCHIVED_API_MATCH,NAICS_REVISION_CORE_813410_UNCHANGED,-0.03412969283276446,CBP_2008_813410;st-est00int-alldata.csv:POPESTIMATE2008;S6_CBP_DENSITY_20261002_v1
California,06,2009,0.06025232548409037,2227,36961229,JULY_1_RESIDENT_POPULATION,2010_INTERCENSAL,813410,NAICS2007,ESTABLISHMENTS_PER_1000_RESIDENTS,DIRECT,1,0,CBP_EMPLOYER_813410,CENSUS_CBP_AND_POPULATION_ESTIMATES,INHERITED_RAW_OFFICIAL_ZIP_ARCHIVED_API_MATCH,NONE,-0.016342756183745588,CBP_2009_813410;st-est00int-alldata.csv:POPESTIMATE2009;S6_CBP_DENSITY_20261002_v1
California,06,2010,0.05908431371760913,2205,37319550,JULY_1_RESIDENT_POPULATION,VINTAGE_2020,813410,NAICS2007,ESTABLISHMENTS_PER_1000_RESIDENTS,DIRECT,1,0,CBP_EMPLOYER_813410,CENSUS_CBP_AND_POPULATION_ESTIMATES,INHERITED_RAW_OFFICIAL_ZIP_ARCHIVED_API_MATCH,POPULATION_BENCHMARK_BOUNDARY,-0.009878760664571162,CBP_2010_813410;nst-est2020-alldata.csv:POPESTIMATE2010;S6_CBP_DENSITY_20261002_v1
California,06,2011,0.058188487176652356,2190,37636311,JULY_1_RESIDENT_POPULATION,VINTAGE_2020,813410,NAICS2007,ESTABLISHMENTS_PER_1000_RESIDENTS,DIRECT,1,0,CBP_EMPLOYER_813410,CENSUS_CBP_AND_POPULATION_ESTIMATES,INHERITED_RAW_OFFICIAL_ZIP_ARCHIVED_API_MATCH,NONE,-0.006802721088435382,CBP_2011_813410;nst-est2020-alldata.csv:POPESTIMATE2011;S6_CBP_DENSITY_20261002_v1
California,06,2012,0.057320483249360364,2175,37944551,JULY_1_RESIDENT_POPULATION,VINTAGE_2020,813410,NAICS2012,ESTABLISHMENTS_PER_1000_RESIDENTS,DIRECT,1,0,CBP_EMPLOYER_813410,CENSUS_CBP_AND_POPULATION_ESTIMATES,INHERITED_RAW_OFFICIAL_ZIP_ARCHIVED_API_MATCH,NAICS_REVISION_CORE_813410_UNCHANGED,-0.006849315068493178,CBP_2012_813410;nst-est2020-alldata.csv:POPESTIMATE2012;S6_CBP_DENSITY_20261002_v1
California,06,2013,0.056935567758972135,2178,38253768,JULY_1_RESIDENT_POPULATION,VINTAGE_2020,813410,NAICS2012,ESTABLISHMENTS_PER_1000_RESIDENTS,DIRECT,1,0,CBP_EMPLOYER_813410,CENSUS_CBP_AND_POPULATION_ESTIMATES,INHERITED_RAW_OFFICIAL_ZIP_ARCHIVED_API_MATCH,NONE,0.0013793103448276334,CBP_2013_813410;nst-est2020-alldata.csv:POPESTIMATE2013;S6_CBP_DENSITY_20261002_v1
California,06,2014,0.05774009318131483,2228,38586706,JULY_1_RESIDENT_POPULATION,VINTAGE_2020,813410,NAICS2012,ESTABLISHMENTS_PER_1000_RESIDENTS,DIRECT,1,0,CBP_EMPLOYER_813410,CENSUS_CBP_AND_POPULATION_ESTIMATES,INHERITED_RAW_OFFICIAL_ZIP_ARCHIVED_API_MATCH,NONE,0.022956841138659367,CBP_2014_813410;nst-est2020-alldata.csv:POPESTIMATE2014;S6_CBP_DENSITY_20261002_v1
California,06,2015,0.058142679152965525,2262,38904296,JULY_1_RESIDENT_POPULATION,VINTAGE_2020,813410,NAICS2012,ESTABLISHMENTS_PER_1000_RESIDENTS,DIRECT,1,0,CBP_EMPLOYER_813410,CENSUS_CBP_AND_POPULATION_ESTIMATES,INHERITED_RAW_OFFICIAL_ZIP_ARCHIVED_API_MATCH,NONE,0.015260323159784539,CBP_2015_813410;nst-est2020-alldata.csv:POPESTIMATE2015;S6_CBP_DENSITY_20261002_v1
California,06,2016,0.059567011176171074,2332,39149186,JULY_1_RESIDENT_POPULATION,VINTAGE_2020,813410,NAICS2012,ESTABLISHMENTS_PER_1000_RESIDENTS,DIRECT,1,0,CBP_EMPLOYER_813410,CENSUS_CBP_AND_POPULATION_ESTIMATES,INHERITED_RAW_OFFICIAL_ZIP_ARCHIVED_API_MATCH,NONE,0.030946065428824054,CBP_2016_813410;nst-est2020-alldata.csv:POPESTIMATE2016;S6_CBP_DENSITY_20261002_v1
California,06,2017,0.05826459217264012,2292,39337785,JULY_1_RESIDENT_POPULATION,VINTAGE_2020,813410,NAICS2017,ESTABLISHMENTS_PER_1000_RESIDENTS,DIRECT,1,0,CBP_EMPLOYER_813410,CENSUS_CBP_AND_POPULATION_ESTIMATES,INHERITED_RAW_OFFICIAL_ZIP_ARCHIVED_API_MATCH,NAICS_REVISION_CORE_813410_UNCHANGED,-0.01715265866209259,CBP_2017_813410;nst-est2020-alldata.csv:POPESTIMATE2017;S6_CBP_DENSITY_20261002_v1
California,06,2018,0.05575916483268713,2199,39437463,JULY_1_RESIDENT_POPULATION,VINTAGE_2020,813410,NAICS2017,ESTABLISHMENTS_PER_1000_RESIDENTS,DIRECT,1,0,CBP_EMPLOYER_813410,CENSUS_CBP_AND_POPULATION_ESTIMATES,INHERITED_RAW_OFFICIAL_ZIP_ARCHIVED_API_MATCH,NONE,-0.04057591623036649,CBP_2018_813410;nst-est2020-alldata.csv:POPESTIMATE2018;S6_CBP_DENSITY_20261002_v1
California,06,2019,0.054896835786955644,2165,39437610,JULY_1_RESIDENT_POPULATION,VINTAGE_2020,813410,NAICS2017,ESTABLISHMENTS_PER_1000_RESIDENTS,DIRECT,1,0,CBP_EMPLOYER_813410,CENSUS_CBP_AND_POPULATION_ESTIMATES,INHERITED_RAW_OFFICIAL_ZIP_ARCHIVED_API_MATCH,NONE,-0.015461573442473897,CBP_2019_813410;nst-est2020-alldata.csv:POPESTIMATE2019;S6_CBP_DENSITY_20261002_v1
California,06,2020,0.05316025030883574,2100,39503200,JULY_1_RESIDENT_POPULATION,VINTAGE_2023,813410,NAICS2017,ESTABLISHMENTS_PER_1000_RESIDENTS,DIRECT,1,0,CBP_EMPLOYER_813410,CENSUS_CBP_AND_POPULATION_ESTIMATES,INHERITED_RAW_OFFICIAL_ZIP_ARCHIVED_API_MATCH,POPULATION_BENCHMARK_BOUNDARY,-0.03002309468822173,CBP_2020_813410;NST-EST2023-ALLDATA.csv:POPESTIMATE2020;S6_CBP_DENSITY_20261002_v1
California,06,2021,0.05277805168774809,2066,39145060,JULY_1_RESIDENT_POPULATION,VINTAGE_2023,813410,NAICS2017,ESTABLISHMENTS_PER_1000_RESIDENTS,DIRECT,1,0,CBP_EMPLOYER_813410,CENSUS_CBP_AND_POPULATION_ESTIMATES,INHERITED_RAW_OFFICIAL_ZIP_ARCHIVED_API_MATCH,NONE,-0.0161904761904762,CBP_2021_813410;NST-EST2023-ALLDATA.csv:POPESTIMATE2021;S6_CBP_DENSITY_20261002_v1
California,06,2022,0.05619788376289964,2194,39040616,JULY_1_RESIDENT_POPULATION,VINTAGE_2023,813410,NAICS2017,ESTABLISHMENTS_PER_1000_RESIDENTS,DIRECT,1,0,CBP_EMPLOYER_813410,CENSUS_CBP_AND_POPULATION_ESTIMATES,INHERITED_RAW_OFFICIAL_ZIP_ARCHIVED_API_MATCH,NONE,0.06195546950629227,CBP_2022_813410;NST-EST2023-ALLDATA.csv:POPESTIMATE2022;S6_CBP_DENSITY_20261002_v1
California,06,2023,0.05520311422556023,2151,38965193,JULY_1_RESIDENT_POPULATION,VINTAGE_2023,813410,NAICS2017,ESTABLISHMENTS_PER_1000_RESIDENTS,DIRECT,1,0,CBP_EMPLOYER_813410,CENSUS_CBP_AND_POPULATION_ESTIMATES,INHERITED_RAW_OFFICIAL_ZIP_ARCHIVED_API_MATCH,NONE,-0.019598906107566094,CBP_2023_813410;NST-EST2023-ALLDATA.csv:POPESTIMATE2023;S6_CBP_DENSITY_20261002_v1
Colorado,08,2000,0.1102400529152254,477,4326921,JULY_1_RESIDENT_POPULATION,2010_INTERCENSAL,813410,NAICS1997,ESTABLISHMENTS_PER_1000_RESIDENTS,DIRECT,1,0,CBP_EMPLOYER_813410,CENSUS_CBP_AND_POPULATION_ESTIMATES,INHERITED_RAW_OFFICIAL_ZIP_ARCHIVED_API_MATCH,NONE,,CBP_2000_813410;st-est00int-alldata.csv:POPESTIMATE2000;S6_CBP_DENSITY_20261002_v1
Colorado,08,2001,0.10755392326660244,476,4425687,JULY_1_RESIDENT_POPULATION,2010_INTERCENSAL,813410,NAICS1997,ESTABLISHMENTS_PER_1000_RESIDENTS,DIRECT,1,0,CBP_EMPLOYER_813410,CENSUS_CBP_AND_POPULATION_ESTIMATES,INHERITED_RAW_OFFICIAL_ZIP_ARCHIVED_API_MATCH,NONE,-0.002096436058700246,CBP_2001_813410;st-est00int-alldata.csv:POPESTIMATE2001;S6_CBP_DENSITY_20261002_v1
Colorado,08,2002,0.09665050331751739,434,4490406,JULY_1_RESIDENT_POPULATION,2010_INTERCENSAL,813410,NAICS1997,ESTABLISHMENTS_PER_1000_RESIDENTS,DIRECT,1,0,CBP_EMPLOYER_813410,CENSUS_CBP_AND_POPULATION_ESTIMATES,INHERITED_RAW_OFFICIAL_ZIP_ARCHIVED_API_MATCH,NONE,-0.08823529411764708,CBP_2002_813410;st-est00int-alldata.csv:POPESTIMATE2002;S6_CBP_DENSITY_20261002_v1
Colorado,08,2003,0.10069043608674569,456,4528732,JULY_1_RESIDENT_POPULATION,2010_INTERCENSAL,813410,NAICS2002,ESTABLISHMENTS_PER_1000_RESIDENTS,DIRECT,1,0,CBP_EMPLOYER_813410,CENSUS_CBP_AND_POPULATION_ESTIMATES,INHERITED_RAW_OFFICIAL_ZIP_ARCHIVED_API_MATCH,CBP_AUXILIARY_TREATMENT_CHANGE;NAICS_REVISION_CORE_813410_UNCHANGED,0.05069124423963123,CBP_2003_813410;st-est00int-alldata.csv:POPESTIMATE2003;S6_CBP_DENSITY_20261002_v1
Colorado,08,2004,0.0996718479269895,456,4575013,JULY_1_RESIDENT_POPULATION,2010_INTERCENSAL,813410,NAICS2002,ESTABLISHMENTS_PER_1000_RESIDENTS,DIRECT,1,0,CBP_EMPLOYER_813410,CENSUS_CBP_AND_POPULATION_ESTIMATES,INHERITED_RAW_OFFICIAL_ZIP_ARCHIVED_API_MATCH,NONE,0.0,CBP_2004_813410;st-est00int-alldata.csv:POPESTIMATE2004;S6_CBP_DENSITY_20261002_v1
Colorado,08,2005,0.10190229124711132,472,4631888,JULY_1_RESIDENT_POPULATION,2010_INTERCENSAL,813410,NAICS2002,ESTABLISHMENTS_PER_1000_RESIDENTS,DIRECT,1,0,CBP_EMPLOYER_813410,CENSUS_CBP_AND_POPULATION_ESTIMATES,INHERITED_RAW_OFFICIAL_ZIP_ARCHIVED_API_MATCH,NONE,0.03508771929824572,CBP_2005_813410;st-est00int-alldata.csv:POPESTIMATE2005;S6_CBP_DENSITY_20261002_v1
Colorado,08,2006,0.09511859424462596,449,4720423,JULY_1_RESIDENT_POPULATION,2010_INTERCENSAL,813410,NAICS2002,ESTABLISHMENTS_PER_1000_RESIDENTS,DIRECT,1,0,CBP_EMPLOYER_813410,CENSUS_CBP_AND_POPULATION_ESTIMATES,INHERITED_RAW_OFFICIAL_ZIP_ARCHIVED_API_MATCH,NONE,-0.048728813559322015,CBP_2006_813410;st-est00int-alldata.csv:POPESTIMATE2006;S6_CBP_DENSITY_20261002_v1
Colorado,08,2007,0.08888670546318092,427,4803868,JULY_1_RESIDENT_POPULATION,2010_INTERCENSAL,813410,NAICS2002,ESTABLISHMENTS_PER_1000_RESIDENTS,DIRECT,1,0,CBP_EMPLOYER_813410,CENSUS_CBP_AND_POPULATION_ESTIMATES,INHERITED_RAW_OFFICIAL_ZIP_ARCHIVED_API_MATCH,NONE,-0.04899777282850781,CBP_2007_813410;st-est00int-alldata.csv:POPESTIMATE2007;S6_CBP_DENSITY_20261002_v1
Colorado,08,2008,0.09039353911156649,442,4889730,JULY_1_RESIDENT_POPULATION,2010_INTERCENSAL,813410,NAICS2007,ESTABLISHMENTS_PER_1000_RESIDENTS,DIRECT,1,0,CBP_EMPLOYER_813410,CENSUS_CBP_AND_POPULATION_ESTIMATES,INHERITED_RAW_OFFICIAL_ZIP_ARCHIVED_API_MATCH,NAICS_REVISION_CORE_813410_UNCHANGED,0.03512880562060894,CBP_2008_813410;st-est00int-alldata.csv:POPESTIMATE2008;S6_CBP_DENSITY_20261002_v1
Colorado,08,2009,0.08708427565692817,433,4972195,JULY_1_RESIDENT_POPULATION,2010_INTERCENSAL,813410,NAICS2007,ESTABLISHMENTS_PER_1000_RESIDENTS,DIRECT,1,0,CBP_EMPLOYER_813410,CENSUS_CBP_AND_POPULATION_ESTIMATES,INHERITED_RAW_OFFICIAL_ZIP_ARCHIVED_API_MATCH,NONE,-0.020361990950226283,CBP_2009_813410;st-est00int-alldata.csv:POPESTIMATE2009;S6_CBP_DENSITY_20261002_v1
Colorado,08,2010,0.08598249562806745,434,5047539,JULY_1_RESIDENT_POPULATION,VINTAGE_2020,813410,NAICS2007,ESTABLISHMENTS_PER_1000_RESIDENTS,DIRECT,1,0,CBP_EMPLOYER_813410,CENSUS_CBP_AND_POPULATION_ESTIMATES,INHERITED_RAW_OFFICIAL_ZIP_ARCHIVED_API_MATCH,POPULATION_BENCHMARK_BOUNDARY,0.002309468822170979,CBP_2010_813410;nst-est2020-alldata.csv:POPESTIMATE2010;S6_CBP_DENSITY_20261002_v1
Colorado,08,2011,0.08239130010347723,422,5121900,JULY_1_RESIDENT_POPULATION,VINTAGE_2020,813410,NAICS2007,ESTABLISHMENTS_PER_1000_RESIDENTS,DIRECT,1,0,CBP_EMPLOYER_813410,CENSUS_CBP_AND_POPULATION_ESTIMATES,INHERITED_RAW_OFFICIAL_ZIP_ARCHIVED_API_MATCH,NONE,-0.027649769585253448,CBP_2011_813410;nst-est2020-alldata.csv:POPESTIMATE2011;S6_CBP_DENSITY_20261002_v1
Colorado,08,2012,0.08279325177235322,430,5193660,JULY_1_RESIDENT_POPULATION,VINTAGE_2020,813410,NAICS2012,ESTABLISHMENTS_PER_1000_RESIDENTS,DIRECT,1,0,CBP_EMPLOYER_813410,CENSUS_CBP_AND_POPULATION_ESTIMATES,INHERITED_RAW_OFFICIAL_ZIP_ARCHIVED_API_MATCH,NAICS_REVISION_CORE_813410_UNCHANGED,0.018957345971563955,CBP_2012_813410;nst-est2020-alldata.csv:POPESTIMATE2012;S6_CBP_DENSITY_20261002_v1
Colorado,08,2013,0.08215112239682446,433,5270774,JULY_1_RESIDENT_POPULATION,VINTAGE_2020,813410,NAICS2012,ESTABLISHMENTS_PER_1000_RESIDENTS,DIRECT,1,0,CBP_EMPLOYER_813410,CENSUS_CBP_AND_POPULATION_ESTIMATES,INHERITED_RAW_OFFICIAL_ZIP_ARCHIVED_API_MATCH,NONE,0.006976744186046435,CBP_2013_813410;nst-est2020-alldata.csv:POPESTIMATE2013;S6_CBP_DENSITY_20261002_v1
Colorado,08,2014,0.08033423525637924,430,5352637,JULY_1_RESIDENT_POPULATION,VINTAGE_2020,813410,NAICS2012,ESTABLISHMENTS_PER_1000_RESIDENTS,DIRECT,1,0,CBP_EMPLOYER_813410,CENSUS_CBP_AND_POPULATION_ESTIMATES,INHERITED_RAW_OFFICIAL_ZIP_ARCHIVED_API_MATCH,NONE,-0.006928406466512715,CBP_2014_813410;nst-est2020-alldata.csv:POPESTIMATE2014;S6_CBP_DENSITY_20261002_v1
Colorado,08,2015,0.08085322334850416,441,5454328,JULY_1_RESIDENT_POPULATION,VINTAGE_2020,813410,NAICS2012,ESTABLISHMENTS_PER_1000_RESIDENTS,DIRECT,1,0,CBP_EMPLOYER_813410,CENSUS_CBP_AND_POPULATION_ESTIMATES,INHERITED_RAW_OFFICIAL_ZIP_ARCHIVED_API_MATCH,NONE,0.0255813953488373,CBP_2015_813410;nst-est2020-alldata.csv:POPESTIMATE2015;S6_CBP_DENSITY_20261002_v1
Colorado,08,2016,0.08062997443651013,447,5543844,JULY_1_RESIDENT_POPULATION,VINTAGE_2020,813410,NAICS2012,ESTABLISHMENTS_PER_1000_RESIDENTS,DIRECT,1,0,CBP_EMPLOYER_813410,CENSUS_CBP_AND_POPULATION_ESTIMATES,INHERITED_RAW_OFFICIAL_ZIP_ARCHIVED_API_MATCH,NONE,0.013605442176870763,CBP_2016_813410;nst-est2020-alldata.csv:POPESTIMATE2016;S6_CBP_DENSITY_20261002_v1
Colorado,08,2017,0.08082000619145334,454,5617421,JULY_1_RESIDENT_POPULATION,VINTAGE_2020,813410,NAICS2017,ESTABLISHMENTS_PER_1000_RESIDENTS,DIRECT,1,0,CBP_EMPLOYER_813410,CENSUS_CBP_AND_POPULATION_ESTIMATES,INHERITED_RAW_OFFICIAL_ZIP_ARCHIVED_API_MATCH,NAICS_REVISION_CORE_813410_UNCHANGED,0.015659955257270708,CBP_2017_813410;nst-est2020-alldata.csv:POPESTIMATE2017;S6_CBP_DENSITY_20261002_v1
Colorado,08,2018,0.07933784494190521,452,5697155,JULY_1_RESIDENT_POPULATION,VINTAGE_2020,813410,NAICS2017,ESTABLISHMENTS_PER_1000_RESIDENTS,DIRECT,1,0,CBP_EMPLOYER_813410,CENSUS_CBP_AND_POPULATION_ESTIMATES,INHERITED_RAW_OFFICIAL_ZIP_ARCHIVED_API_MATCH,NONE,-0.004405286343612369,CBP_2018_813410;nst-est2020-alldata.csv:POPESTIMATE2018;S6_CBP_DENSITY_20261002_v1
Colorado,08,2019,0.07884016736343546,454,5758486,JULY_1_RESIDENT_POPULATION,VINTAGE_2020,813410,NAICS2017,ESTABLISHMENTS_PER_1000_RESIDENTS,DIRECT,1,0,CBP_EMPLOYER_813410,CENSUS_CBP_AND_POPULATION_ESTIMATES,INHERITED_RAW_OFFICIAL_ZIP_ARCHIVED_API_MATCH,NONE,0.004424778761061843,CBP_2019_813410;nst-est2020-alldata.csv:POPESTIMATE2019;S6_CBP_DENSITY_20261002_v1
Colorado,08,2020,0.07450020474592232,431,5785219,JULY_1_RESIDENT_POPULATION,VINTAGE_2023,813410,NAICS2017,ESTABLISHMENTS_PER_1000_RESIDENTS,DIRECT,1,0,CBP_EMPLOYER_813410,CENSUS_CBP_AND_POPULATION_ESTIMATES,INHERITED_RAW_OFFICIAL_ZIP_ARCHIVED_API_MATCH,POPULATION_BENCHMARK_BOUNDARY,-0.0506607929515418,CBP_2020_813410;NST-EST2023-ALLDATA.csv:POPESTIMATE2020;S6_CBP_DENSITY_20261002_v1
Colorado,08,2021,0.0760548393246881,442,5811596,JULY_1_RESIDENT_POPULATION,VINTAGE_2023,813410,NAICS2017,ESTABLISHMENTS_PER_1000_RESIDENTS,DIRECT,1,0,CBP_EMPLOYER_813410,CENSUS_CBP_AND_POPULATION_ESTIMATES,INHERITED_RAW_OFFICIAL_ZIP_ARCHIVED_API_MATCH,NONE,0.025522041763341052,CBP_2021_813410;NST-EST2023-ALLDATA.csv:POPESTIMATE2021;S6_CBP_DENSITY_20261002_v1
Colorado,08,2022,0.07601387355913905,444,5841039,JULY_1_RESIDENT_POPULATION,VINTAGE_2023,813410,NAICS2017,ESTABLISHMENTS_PER_1000_RESIDENTS,DIRECT,1,0,CBP_EMPLOYER_813410,CENSUS_CBP_AND_POPULATION_ESTIMATES,INHERITED_RAW_OFFICIAL_ZIP_ARCHIVED_API_MATCH,NONE,0.004524886877828038,CBP_2022_813410;NST-EST2023-ALLDATA.csv:POPESTIMATE2022;S6_CBP_DENSITY_20261002_v1
Colorado,08,2023,0.07707214326911789,453,5877610,JULY_1_RESIDENT_POPULATION,VINTAGE_2023,813410,NAICS2017,ESTABLISHMENTS_PER_1000_RESIDENTS,DIRECT,1,0,CBP_EMPLOYER_813410,CENSUS_CBP_AND_POPULATION_ESTIMATES,INHERITED_RAW_OFFICIAL_ZIP_ARCHIVED_API_MATCH,NONE,0.020270270270270174,CBP_2023_813410;NST-EST2023-ALLDATA.csv:POPESTIMATE2023;S6_CBP_DENSITY_20261002_v1
Connecticut,09,2000,0.1274995405620004,435,3411777,JULY_1_RESIDENT_POPULATION,2010_INTERCENSAL,813410,NAICS1997,ESTABLISHMENTS_PER_1000_RESIDENTS,DIRECT,1,0,CBP_EMPLOYER_813410,CENSUS_CBP_AND_POPULATION_ESTIMATES,INHERITED_RAW_OFFICIAL_ZIP_ARCHIVED_API_MATCH,NONE,,CBP_2000_813410;st-est00int-alldata.csv:POPESTIMATE2000;S6_CBP_DENSITY_20261002_v1
Connecticut,09,2001,0.12671742160633995,435,3432835,JULY_1_RESIDENT_POPULATION,2010_INTERCENSAL,813410,NAICS1997,ESTABLISHMENTS_PER_1000_RESIDENTS,DIRECT,1,0,CBP_EMPLOYER_813410,CENSUS_CBP_AND_POPULATION_ESTIMATES,INHERITED_RAW_OFFICIAL_ZIP_ARCHIVED_API_MATCH,NONE,0.0,CBP_2001_813410;st-est00int-alldata.csv:POPESTIMATE2001;S6_CBP_DENSITY_20261002_v1
Connecticut,09,2002,0.12172030985769709,421,3458749,JULY_1_RESIDENT_POPULATION,2010_INTERCENSAL,813410,NAICS1997,ESTABLISHMENTS_PER_1000_RESIDENTS,DIRECT,1,0,CBP_EMPLOYER_813410,CENSUS_CBP_AND_POPULATION_ESTIMATES,INHERITED_RAW_OFFICIAL_ZIP_ARCHIVED_API_MATCH,NONE,-0.03218390804597704,CBP_2002_813410;st-est00int-alldata.csv:POPESTIMATE2002;S6_CBP_DENSITY_20261002_v1
Connecticut,09,2003,0.12226145813721753,426,3484336,JULY_1_RESIDENT_POPULATION,2010_INTERCENSAL,813410,NAICS2002,ESTABLISHMENTS_PER_1000_RESIDENTS,DIRECT,1,0,CBP_EMPLOYER_813410,CENSUS_CBP_AND_POPULATION_ESTIMATES,INHERITED_RAW_OFFICIAL_ZIP_ARCHIVED_API_MATCH,CBP_AUXILIARY_TREATMENT_CHANGE;NAICS_REVISION_CORE_813410_UNCHANGED,0.01187648456057011,CBP_2003_813410;st-est00int-alldata.csv:POPESTIMATE2003;S6_CBP_DENSITY_20261002_v1
Connecticut,09,2004,0.11841786862710213,414,3496094,JULY_1_RESIDENT_POPULATION,2010_INTERCENSAL,813410,NAICS2002,ESTABLISHMENTS_PER_1000_RESIDENTS,DIRECT,1,0,CBP_EMPLOYER_813410,CENSUS_CBP_AND_POPULATION_ESTIMATES,INHERITED_RAW_OFFICIAL_ZIP_ARCHIVED_API_MATCH,NONE,-0.028169014084507005,CBP_2004_813410;st-est00int-alldata.csv:POPESTIMATE2004;S6_CBP_DENSITY_20261002_v1
Connecticut,09,2005,0.11719565343848055,411,3506956,JULY_1_RESIDENT_POPULATION,2010_INTERCENSAL,813410,NAICS2002,ESTABLISHMENTS_PER_1000_RESIDENTS,DIRECT,1,0,CBP_EMPLOYER_813410,CENSUS_CBP_AND_POPULATION_ESTIMATES,INHERITED_RAW_OFFICIAL_ZIP_ARCHIVED_API_MATCH,NONE,-0.007246376811594235,CBP_2005_813410;st-est00int-alldata.csv:POPESTIMATE2005;S6_CBP_DENSITY_20261002_v1
Connecticut,09,2006,0.11769856657929302,414,3517460,JULY_1_RESIDENT_POPULATION,2010_INTERCENSAL,813410,NAICS2002,ESTABLISHMENTS_PER_1000_RESIDENTS,DIRECT,1,0,CBP_EMPLOYER_813410,CENSUS_CBP_AND_POPULATION_ESTIMATES,INHERITED_RAW_OFFICIAL_ZIP_ARCHIVED_API_MATCH,NONE,0.007299270072992803,CBP_2006_813410;st-est00int-alldata.csv:POPESTIMATE2006;S6_CBP_DENSITY_20261002_v1
Connecticut,09,2007,0.10914956893007907,385,3527270,JULY_1_RESIDENT_POPULATION,2010_INTERCENSAL,813410,NAICS2002,ESTABLISHMENTS_PER_1000_RESIDENTS,DIRECT,1,0,CBP_EMPLOYER_813410,CENSUS_CBP_AND_POPULATION_ESTIMATES,INHERITED_RAW_OFFICIAL_ZIP_ARCHIVED_API_MATCH,NONE,-0.07004830917874394,CBP_2007_813410;st-est00int-alldata.csv:POPESTIMATE2007;S6_CBP_DENSITY_20261002_v1
Connecticut,09,2008,0.10830389056343125,384,3545579,JULY_1_RESIDENT_POPULATION,2010_INTERCENSAL,813410,NAICS2007,ESTABLISHMENTS_PER_1000_RESIDENTS,DIRECT,1,0,CBP_EMPLOYER_813410,CENSUS_CBP_AND_POPULATION_ESTIMATES,INHERITED_RAW_OFFICIAL_ZIP_ARCHIVED_API_MATCH,NAICS_REVISION_CORE_813410_UNCHANGED,-0.0025974025974025983,CBP_2008_813410;st-est00int-alldata.csv:POPESTIMATE2008;S6_CBP_DENSITY_20261002_v1
Connecticut,09,2009,0.10444136922635056,372,3561807,JULY_1_RESIDENT_POPULATION,2010_INTERCENSAL,813410,NAICS2007,ESTABLISHMENTS_PER_1000_RESIDENTS,DIRECT,1,0,CBP_EMPLOYER_813410,CENSUS_CBP_AND_POPULATION_ESTIMATES,INHERITED_RAW_OFFICIAL_ZIP_ARCHIVED_API_MATCH,NONE,-0.03125,CBP_2009_813410;st-est00int-alldata.csv:POPESTIMATE2009;S6_CBP_DENSITY_20261002_v1
Connecticut,09,2010,0.10197886495008764,365,3579173,JULY_1_RESIDENT_POPULATION,VINTAGE_2020,813410,NAICS2007,ESTABLISHMENTS_PER_1000_RESIDENTS,DIRECT,1,0,CBP_EMPLOYER_813410,CENSUS_CBP_AND_POPULATION_ESTIMATES,INHERITED_RAW_OFFICIAL_ZIP_ARCHIVED_API_MATCH,POPULATION_BENCHMARK_BOUNDARY,-0.018817204301075252,CBP_2010_813410;nst-est2020-alldata.csv:POPESTIMATE2010;S6_CBP_DENSITY_20261002_v1
Connecticut,09,2011,0.10254603982799017,368,3588632,JULY_1_RESIDENT_POPULATION,VINTAGE_2020,813410,NAICS2007,ESTABLISHMENTS_PER_1000_RESIDENTS,DIRECT,1,0,CBP_EMPLOYER_813410,CENSUS_CBP_AND_POPULATION_ESTIMATES,INHERITED_RAW_OFFICIAL_ZIP_ARCHIVED_API_MATCH,NONE,0.008219178082191858,CBP_2011_813410;nst-est2020-alldata.csv:POPESTIMATE2011;S6_CBP_DENSITY_20261002_v1
Connecticut,09,2012,0.10374912626824963,373,3595211,JULY_1_RESIDENT_POPULATION,VINTAGE_2020,813410,NAICS2012,ESTABLISHMENTS_PER_1000_RESIDENTS,DIRECT,1,0,CBP_EMPLOYER_813410,CENSUS_CBP_AND_POPULATION_ESTIMATES,INHERITED_RAW_OFFICIAL_ZIP_ARCHIVED_API_MATCH,NAICS_REVISION_CORE_813410_UNCHANGED,0.013586956521739024,CBP_2012_813410;nst-est2020-alldata.csv:POPESTIMATE2012;S6_CBP_DENSITY_20261002_v1
Connecticut,09,2013,0.10401046556641765,374,3595792,JULY_1_RESIDENT_POPULATION,VINTAGE_2020,813410,NAICS2012,ESTABLISHMENTS_PER_1000_RESIDENTS,DIRECT,1,0,CBP_EMPLOYER_813410,CENSUS_CBP_AND_POPULATION_ESTIMATES,INHERITED_RAW_OFFICIAL_ZIP_ARCHIVED_API_MATCH,NONE,0.002680965147453085,CBP_2013_813410;nst-est2020-alldata.csv:POPESTIMATE2013;S6_CBP_DENSITY_20261002_v1
Connecticut,09,2014,0.09872911983406833,355,3595697,JULY_1_RESIDENT_POPULATION,VINTAGE_2020,813410,NAICS2012,ESTABLISHMENTS_PER_1000_RESIDENTS,DIRECT,1,0,CBP_EMPLOYER_813410,CENSUS_CBP_AND_POPULATION_ESTIMATES,INHERITED_RAW_OFFICIAL_ZIP_ARCHIVED_API_MATCH,NONE,-0.050802139037433136,CBP_2014_813410;nst-est2020-alldata.csv:POPESTIMATE2014;S6_CBP_DENSITY_20261002_v1
Connecticut,09,2015,0.09948277317844116,357,3588561,JULY_1_RESIDENT_POPULATION,VINTAGE_2020,813410,NAICS2012,ESTABLISHMENTS_PER_1000_RESIDENTS,DIRECT,1,0,CBP_EMPLOYER_813410,CENSUS_CBP_AND_POPULATION_ESTIMATES,INHERITED_RAW_OFFICIAL_ZIP_ARCHIVED_API_MATCH,NONE,0.005633802816901401,CBP_2015_813410;nst-est2020-alldata.csv:POPESTIMATE2015;S6_CBP_DENSITY_20261002_v1
Connecticut,09,2016,0.100004748828855,358,3579830,JULY_1_RESIDENT_POPULATION,VINTAGE_2020,813410,NAICS2012,ESTABLISHMENTS_PER_1000_RESIDENTS,DIRECT,1,0,CBP_EMPLOYER_813410,CENSUS_CBP_AND_POPULATION_ESTIMATES,INHERITED_RAW_OFFICIAL_ZIP_ARCHIVED_API_MATCH,NONE,0.0028011204481792618,CBP_2016_813410;nst-est2020-alldata.csv:POPESTIMATE2016;S6_CBP_DENSITY_20261002_v1
Connecticut,09,2017,0.09985109041865857,357,3575324,JULY_1_RESIDENT_POPULATION,VINTAGE_2020,813410,NAICS2017,ESTABLISHMENTS_PER_1000_RESIDENTS,DIRECT,1,0,CBP_EMPLOYER_813410,CENSUS_CBP_AND_POPULATION_ESTIMATES,INHERITED_RAW_OFFICIAL_ZIP_ARCHIVED_API_MATCH,NAICS_REVISION_CORE_813410_UNCHANGED,-0.0027932960893854997,CBP_2017_813410;nst-est2020-alldata.csv:POPESTIMATE2017;S6_CBP_DENSITY_20261002_v1
Connecticut,09,2018,0.09791412148233028,350,3574561,JULY_1_RESIDENT_POPULATION,VINTAGE_2020,813410,NAICS2017,ESTABLISHMENTS_PER_1000_RESIDENTS,DIRECT,1,0,CBP_EMPLOYER_813410,CENSUS_CBP_AND_POPULATION_ESTIMATES,INHERITED_RAW_OFFICIAL_ZIP_ARCHIVED_API_MATCH,NONE,-0.019607843137254943,CBP_2018_813410;nst-est2020-alldata.csv:POPESTIMATE2018;S6_CBP_DENSITY_20261002_v1
Connecticut,09,2019,0.09646603414112419,344,3566022,JULY_1_RESIDENT_POPULATION,VINTAGE_2020,813410,NAICS2017,ESTABLISHMENTS_PER_1000_RESIDENTS,DIRECT,1,0,CBP_EMPLOYER_813410,CENSUS_CBP_AND_POPULATION_ESTIMATES,INHERITED_RAW_OFFICIAL_ZIP_ARCHIVED_API_MATCH,NONE,-0.017142857142857126,CBP_2019_813410;nst-est2020-alldata.csv:POPESTIMATE2019;S6_CBP_DENSITY_20261002_v1
Connecticut,09,2020,0.09056386065911484,324,3577586,JULY_1_RESIDENT_POPULATION,VINTAGE_2023,813410,NAICS2017,ESTABLISHMENTS_PER_1000_RESIDENTS,DIRECT,1,0,CBP_EMPLOYER_813410,CENSUS_CBP_AND_POPULATION_ESTIMATES,INHERITED_RAW_OFFICIAL_ZIP_ARCHIVED_API_MATCH,POPULATION_BENCHMARK_BOUNDARY,-0.05813953488372092,CBP_2020_813410;NST-EST2023-ALLDATA.csv:POPESTIMATE2020;S6_CBP_DENSITY_20261002_v1
Connecticut,09,2021,0.08435795410871798,304,3603691,JULY_1_RESIDENT_POPULATION,VINTAGE_2023,813410,NAICS2017,ESTABLISHMENTS_PER_1000_RESIDENTS,DIRECT,1,0,CBP_EMPLOYER_813410,CENSUS_CBP_AND_POPULATION_ESTIMATES,INHERITED_RAW_OFFICIAL_ZIP_ARCHIVED_API_MATCH,NONE,-0.06172839506172845,CBP_2021_813410;NST-EST2023-ALLDATA.csv:POPESTIMATE2021;S6_CBP_DENSITY_20261002_v1
Connecticut,09,2022,0.0836865070194136,302,3608706,JULY_1_RESIDENT_POPULATION,VINTAGE_2023,813410,NAICS2017,ESTABLISHMENTS_PER_1000_RESIDENTS,DIRECT,1,0,CBP_EMPLOYER_813410,CENSUS_CBP_AND_POPULATION_ESTIMATES,INHERITED_RAW_OFFICIAL_ZIP_ARCHIVED_API_MATCH,NONE,-0.006578947368421018,CBP_2022_813410;NST-EST2023-ALLDATA.csv:POPESTIMATE2022;S6_CBP_DENSITY_20261002_v1
Connecticut,09,2023,0.0821082524046383,297,3617176,JULY_1_RESIDENT_POPULATION,VINTAGE_2023,813410,NAICS2017,ESTABLISHMENTS_PER_1000_RESIDENTS,DIRECT,1,0,CBP_EMPLOYER_813410,CENSUS_CBP_AND_POPULATION_ESTIMATES,INHERITED_RAW_OFFICIAL_ZIP_ARCHIVED_API_MATCH,NONE,-0.01655629139072845,CBP_2023_813410;NST-EST2023-ALLDATA.csv:POPESTIMATE2023;S6_CBP_DENSITY_20261002_v1
Delaware,10,2000,0.1487843555157667,117,786373,JULY_1_RESIDENT_POPULATION,2010_INTERCENSAL,813410,NAICS1997,ESTABLISHMENTS_PER_1000_RESIDENTS,DIRECT,1,0,CBP_EMPLOYER_813410,CENSUS_CBP_AND_POPULATION_ESTIMATES,INHERITED_RAW_OFFICIAL_ZIP_ARCHIVED_API_MATCH,NONE,,CBP_2000_813410;st-est00int-alldata.csv:POPESTIMATE2000;S6_CBP_DENSITY_20261002_v1
Delaware,10,2001,0.15206755318279902,121,795699,JULY_1_RESIDENT_POPULATION,2010_INTERCENSAL,813410,NAICS1997,ESTABLISHMENTS_PER_1000_RESIDENTS,DIRECT,1,0,CBP_EMPLOYER_813410,CENSUS_CBP_AND_POPULATION_ESTIMATES,INHERITED_RAW_OFFICIAL_ZIP_ARCHIVED_API_MATCH,NONE,0.03418803418803429,CBP_2001_813410;st-est00int-alldata.csv:POPESTIMATE2001;S6_CBP_DENSITY_20261002_v1
Delaware,10,2002,0.15381390254400754,124,806169,JULY_1_RESIDENT_POPULATION,2010_INTERCENSAL,813410,NAICS1997,ESTABLISHMENTS_PER_1000_RESIDENTS,DIRECT,1,0,CBP_EMPLOYER_813410,CENSUS_CBP_AND_POPULATION_ESTIMATES,INHERITED_RAW_OFFICIAL_ZIP_ARCHIVED_API_MATCH,NONE,0.024793388429751984,CBP_2002_813410;st-est00int-alldata.csv:POPESTIMATE2002;S6_CBP_DENSITY_20261002_v1
Delaware,10,2003,0.14425374968062465,118,818003,JULY_1_RESIDENT_POPULATION,2010_INTERCENSAL,813410,NAICS2002,ESTABLISHMENTS_PER_1000_RESIDENTS,DIRECT,1,0,CBP_EMPLOYER_813410,CENSUS_CBP_AND_POPULATION_ESTIMATES,INHERITED_RAW_OFFICIAL_ZIP_ARCHIVED_API_MATCH,CBP_AUXILIARY_TREATMENT_CHANGE;NAICS_REVISION_CORE_813410_UNCHANGED,-0.048387096774193505,CBP_2003_813410;st-est00int-alldata.csv:POPESTIMATE2003;S6_CBP_DENSITY_20261002_v1
Delaware,10,2004,0.16008608538967722,133,830803,JULY_1_RESIDENT_POPULATION,2010_INTERCENSAL,813410,NAICS2002,ESTABLISHMENTS_PER_1000_RESIDENTS,DIRECT,1,0,CBP_EMPLOYER_813410,CENSUS_CBP_AND_POPULATION_ESTIMATES,INHERITED_RAW_OFFICIAL_ZIP_ARCHIVED_API_MATCH,NONE,0.12711864406779672,CBP_2004_813410;st-est00int-alldata.csv:POPESTIMATE2004;S6_CBP_DENSITY_20261002_v1
Delaware,10,2005,0.13370407619949123,113,845150,JULY_1_RESIDENT_POPULATION,2010_INTERCENSAL,813410,NAICS2002,ESTABLISHMENTS_PER_1000_RESIDENTS,DIRECT,1,0,CBP_EMPLOYER_813410,CENSUS_CBP_AND_POPULATION_ESTIMATES,INHERITED_RAW_OFFICIAL_ZIP_ARCHIVED_API_MATCH,NONE,-0.15037593984962405,CBP_2005_813410;st-est00int-alldata.csv:POPESTIMATE2005;S6_CBP_DENSITY_20261002_v1
Delaware,10,2006,0.12336081408827049,106,859268,JULY_1_RESIDENT_POPULATION,2010_INTERCENSAL,813410,NAICS2002,ESTABLISHMENTS_PER_1000_RESIDENTS,DIRECT,1,0,CBP_EMPLOYER_813410,CENSUS_CBP_AND_POPULATION_ESTIMATES,INHERITED_RAW_OFFICIAL_ZIP_ARCHIVED_API_MATCH,NONE,-0.06194690265486724,CBP_2006_813410;st-est00int-alldata.csv:POPESTIMATE2006;S6_CBP_DENSITY_20261002_v1
Delaware,10,2007,0.1215946333176178,106,871749,JULY_1_RESIDENT_POPULATION,2010_INTERCENSAL,813410,NAICS2002,ESTABLISHMENTS_PER_1000_RESIDENTS,DIRECT,1,0,CBP_EMPLOYER_813410,CENSUS_CBP_AND_POPULATION_ESTIMATES,INHERITED_RAW_OFFICIAL_ZIP_ARCHIVED_API_MATCH,NONE,0.0,CBP_2007_813410;st-est00int-alldata.csv:POPESTIMATE2007;S6_CBP_DENSITY_20261002_v1
Delaware,10,2008,0.11313829799270031,100,883874,JULY_1_RESIDENT_POPULATION,2010_INTERCENSAL,813410,NAICS2007,ESTABLISHMENTS_PER_1000_RESIDENTS,DIRECT,1,0,CBP_EMPLOYER_813410,CENSUS_CBP_AND_POPULATION_ESTIMATES,INHERITED_RAW_OFFICIAL_ZIP_ARCHIVED_API_MATCH,NAICS_REVISION_CORE_813410_UNCHANGED,-0.05660377358490565,CBP_2008_813410;st-est00int-alldata.csv:POPESTIMATE2008;S6_CBP_DENSITY_20261002_v1
Delaware,10,2009,0.11102015183968242,99,891730,JULY_1_RESIDENT_POPULATION,2010_INTERCENSAL,813410,NAICS2007,ESTABLISHMENTS_PER_1000_RESIDENTS,DIRECT,1,0,CBP_EMPLOYER_813410,CENSUS_CBP_AND_POPULATION_ESTIMATES,INHERITED_RAW_OFFICIAL_ZIP_ARCHIVED_API_MATCH,NONE,-0.010000000000000009,CBP_2009_813410;st-est00int-alldata.csv:POPESTIMATE2009;S6_CBP_DENSITY_20261002_v1
Delaware,10,2010,0.11337780262703039,102,899647,JULY_1_RESIDENT_POPULATION,VINTAGE_2020,813410,NAICS2007,ESTABLISHMENTS_PER_1000_RESIDENTS,DIRECT,1,0,CBP_EMPLOYER_813410,CENSUS_CBP_AND_POPULATION_ESTIMATES,INHERITED_RAW_OFFICIAL_ZIP_ARCHIVED_API_MATCH,POPULATION_BENCHMARK_BOUNDARY,0.030303030303030276,CBP_2010_813410;nst-est2020-alldata.csv:POPESTIMATE2010;S6_CBP_DENSITY_20261002_v1
Delaware,10,2011,0.1046728148172633,95,907590,JULY_1_RESIDENT_POPULATION,VINTAGE_2020,813410,NAICS2007,ESTABLISHMENTS_PER_1000_RESIDENTS,DIRECT,1,0,CBP_EMPLOYER_813410,CENSUS_CBP_AND_POPULATION_ESTIMATES,INHERITED_RAW_OFFICIAL_ZIP_ARCHIVED_API_MATCH,NONE,-0.06862745098039214,CBP_2011_813410;nst-est2020-alldata.csv:POPESTIMATE2011;S6_CBP_DENSITY_20261002_v1
Delaware,10,2012,0.10376639235929823,95,915518,JULY_1_RESIDENT_POPULATION,VINTAGE_2020,813410,NAICS2012,ESTABLISHMENTS_PER_1000_RESIDENTS,DIRECT,1,0,CBP_EMPLOYER_813410,CENSUS_CBP_AND_POPULATION_ESTIMATES,INHERITED_RAW_OFFICIAL_ZIP_ARCHIVED_API_MATCH,NAICS_REVISION_CORE_813410_UNCHANGED,0.0,CBP_2012_813410;nst-est2020-alldata.csv:POPESTIMATE2012;S6_CBP_DENSITY_20261002_v1
Delaware,10,2013,0.09631388370044434,89,924062,JULY_1_RESIDENT_POPULATION,VINTAGE_2020,813410,NAICS2012,ESTABLISHMENTS_PER_1000_RESIDENTS,DIRECT,1,0,CBP_EMPLOYER_813410,CENSUS_CBP_AND_POPULATION_ESTIMATES,INHERITED_RAW_OFFICIAL_ZIP_ARCHIVED_API_MATCH,NONE,-0.06315789473684208,CBP_2013_813410;nst-est2020-alldata.csv:POPESTIMATE2013;S6_CBP_DENSITY_20261002_v1
Delaware,10,2014,0.09644948029805032,90,933131,JULY_1_RESIDENT_POPULATION,VINTAGE_2020,813410,NAICS2012,ESTABLISHMENTS_PER_1000_RESIDENTS,DIRECT,1,0,CBP_EMPLOYER_813410,CENSUS_CBP_AND_POPULATION_ESTIMATES,INHERITED_RAW_OFFICIAL_ZIP_ARCHIVED_API_MATCH,NONE,0.011235955056179803,CBP_2014_813410;nst-est2020-alldata.csv:POPESTIMATE2014;S6_CBP_DENSITY_20261002_v1
Delaware,10,2015,0.09871930280819263,93,942065,JULY_1_RESIDENT_POPULATION,VINTAGE_2020,813410,NAICS2012,ESTABLISHMENTS_PER_1000_RESIDENTS,DIRECT,1,0,CBP_EMPLOYER_813410,CENSUS_CBP_AND_POPULATION_ESTIMATES,INHERITED_RAW_OFFICIAL_ZIP_ARCHIVED_API_MATCH,NONE,0.03333333333333344,CBP_2015_813410;nst-est2020-alldata.csv:POPESTIMATE2015;S6_CBP_DENSITY_20261002_v1
Delaware,10,2016,0.0957905828383276,91,949989,JULY_1_RESIDENT_POPULATION,VINTAGE_2020,813410,NAICS2012,ESTABLISHMENTS_PER_1000_RESIDENTS,DIRECT,1,0,CBP_EMPLOYER_813410,CENSUS_CBP_AND_POPULATION_ESTIMATES,INHERITED_RAW_OFFICIAL_ZIP_ARCHIVED_API_MATCH,NONE,-0.021505376344086002,CBP_2016_813410;nst-est2020-alldata.csv:POPESTIMATE2016;S6_CBP_DENSITY_20261002_v1
Delaware,10,2017,0.09917093101670038,95,957942,JULY_1_RESIDENT_POPULATION,VINTAGE_2020,813410,NAICS2017,ESTABLISHMENTS_PER_1000_RESIDENTS,DIRECT,1,0,CBP_EMPLOYER_813410,CENSUS_CBP_AND_POPULATION_ESTIMATES,INHERITED_RAW_OFFICIAL_ZIP_ARCHIVED_API_MATCH,NAICS_REVISION_CORE_813410_UNCHANGED,0.04395604395604402,CBP_2017_813410;nst-est2020-alldata.csv:POPESTIMATE2017;S6_CBP_DENSITY_20261002_v1
Delaware,10,2018,0.08893622962093517,86,966985,JULY_1_RESIDENT_POPULATION,VINTAGE_2020,813410,NAICS2017,ESTABLISHMENTS_PER_1000_RESIDENTS,DIRECT,1,0,CBP_EMPLOYER_813410,CENSUS_CBP_AND_POPULATION_ESTIMATES,INHERITED_RAW_OFFICIAL_ZIP_ARCHIVED_API_MATCH,NONE,-0.09473684210526312,CBP_2018_813410;nst-est2020-alldata.csv:POPESTIMATE2018;S6_CBP_DENSITY_20261002_v1
Delaware,10,2019,0.0941978236207186,92,976668,JULY_1_RESIDENT_POPULATION,VINTAGE_2020,813410,NAICS2017,ESTABLISHMENTS_PER_1000_RESIDENTS,DIRECT,1,0,CBP_EMPLOYER_813410,CENSUS_CBP_AND_POPULATION_ESTIMATES,INHERITED_RAW_OFFICIAL_ZIP_ARCHIVED_API_MATCH,NONE,0.06976744186046502,CBP_2019_813410;nst-est2020-alldata.csv:POPESTIMATE2019;S6_CBP_DENSITY_20261002_v1
Delaware,10,2020,0.09073842933795226,90,991862,JULY_1_RESIDENT_POPULATION,VINTAGE_2023,813410,NAICS2017,ESTABLISHMENTS_PER_1000_RESIDENTS,DIRECT,1,0,CBP_EMPLOYER_813410,CENSUS_CBP_AND_POPULATION_ESTIMATES,INHERITED_RAW_OFFICIAL_ZIP_ARCHIVED_API_MATCH,POPULATION_BENCHMARK_BOUNDARY,-0.021739130434782594,CBP_2020_813410;NST-EST2023-ALLDATA.csv:POPESTIMATE2020;S6_CBP_DENSITY_20261002_v1
Delaware,10,2021,0.08956284375960935,90,1004881,JULY_1_RESIDENT_POPULATION,VINTAGE_2023,813410,NAICS2017,ESTABLISHMENTS_PER_1000_RESIDENTS,DIRECT,1,0,CBP_EMPLOYER_813410,CENSUS_CBP_AND_POPULATION_ESTIMATES,INHERITED_RAW_OFFICIAL_ZIP_ARCHIVED_API_MATCH,NONE,0.0,CBP_2021_813410;NST-EST2023-ALLDATA.csv:POPESTIMATE2021;S6_CBP_DENSITY_20261002_v1
Delaware,10,2022,0.09514850523660098,97,1019459,JULY_1_RESIDENT_POPULATION,VINTAGE_2023,813410,NAICS2017,ESTABLISHMENTS_PER_1000_RESIDENTS,DIRECT,1,0,CBP_EMPLOYER_813410,CENSUS_CBP_AND_POPULATION_ESTIMATES,INHERITED_RAW_OFFICIAL_ZIP_ARCHIVED_API_MATCH,NONE,0.07777777777777772,CBP_2022_813410;NST-EST2023-ALLDATA.csv:POPESTIMATE2022;S6_CBP_DENSITY_20261002_v1
Delaware,10,2023,0.09303317214044132,96,1031890,JULY_1_RESIDENT_POPULATION,VINTAGE_2023,813410,NAICS2017,ESTABLISHMENTS_PER_1000_RESIDENTS,DIRECT,1,0,CBP_EMPLOYER_813410,CENSUS_CBP_AND_POPULATION_ESTIMATES,INHERITED_RAW_OFFICIAL_ZIP_ARCHIVED_API_MATCH,NONE,-0.010309278350515427,CBP_2023_813410;NST-EST2023-ALLDATA.csv:POPESTIMATE2023;S6_CBP_DENSITY_20261002_v1
Florida,12,2000,0.08206878136583763,1317,16047515,JULY_1_RESIDENT_POPULATION,2010_INTERCENSAL,813410,NAICS1997,ESTABLISHMENTS_PER_1000_RESIDENTS,DIRECT,1,0,CBP_EMPLOYER_813410,CENSUS_CBP_AND_POPULATION_ESTIMATES,INHERITED_RAW_OFFICIAL_ZIP_ARCHIVED_API_MATCH,NONE,,CBP_2000_813410;st-est00int-alldata.csv:POPESTIMATE2000;S6_CBP_DENSITY_20261002_v1
Florida,12,2001,0.08124978678808772,1329,16356966,JULY_1_RESIDENT_POPULATION,2010_INTERCENSAL,813410,NAICS1997,ESTABLISHMENTS_PER_1000_RESIDENTS,DIRECT,1,0,CBP_EMPLOYER_813410,CENSUS_CBP_AND_POPULATION_ESTIMATES,INHERITED_RAW_OFFICIAL_ZIP_ARCHIVED_API_MATCH,NONE,0.009111617312072884,CBP_2001_813410;st-est00int-alldata.csv:POPESTIMATE2001;S6_CBP_DENSITY_20261002_v1
Florida,12,2002,0.0767554437345448,1281,16689370,JULY_1_RESIDENT_POPULATION,2010_INTERCENSAL,813410,NAICS1997,ESTABLISHMENTS_PER_1000_RESIDENTS,DIRECT,1,0,CBP_EMPLOYER_813410,CENSUS_CBP_AND_POPULATION_ESTIMATES,INHERITED_RAW_OFFICIAL_ZIP_ARCHIVED_API_MATCH,NONE,-0.036117381489842004,CBP_2002_813410;st-est00int-alldata.csv:POPESTIMATE2002;S6_CBP_DENSITY_20261002_v1
Florida,12,2003,0.07633459842149695,1298,17004085,JULY_1_RESIDENT_POPULATION,2010_INTERCENSAL,813410,NAICS2002,ESTABLISHMENTS_PER_1000_RESIDENTS,DIRECT,1,0,CBP_EMPLOYER_813410,CENSUS_CBP_AND_POPULATION_ESTIMATES,INHERITED_RAW_OFFICIAL_ZIP_ARCHIVED_API_MATCH,CBP_AUXILIARY_TREATMENT_CHANGE;NAICS_REVISION_CORE_813410_UNCHANGED,0.013270882123341154,CBP_2003_813410;st-est00int-alldata.csv:POPESTIMATE2003;S6_CBP_DENSITY_20261002_v1
Florida,12,2004,0.07591018435609388,1322,17415318,JULY_1_RESIDENT_POPULATION,2010_INTERCENSAL,813410,NAICS2002,ESTABLISHMENTS_PER_1000_RESIDENTS,DIRECT,1,0,CBP_EMPLOYER_813410,CENSUS_CBP_AND_POPULATION_ESTIMATES,INHERITED_RAW_OFFICIAL_ZIP_ARCHIVED_API_MATCH,NONE,0.018489984591679498,CBP_2004_813410;st-est00int-alldata.csv:POPESTIMATE2004;S6_CBP_DENSITY_20261002_v1
Florida,12,2005,0.07689704505729669,1372,17842038,JULY_1_RESIDENT_POPULATION,2010_INTERCENSAL,813410,NAICS2002,ESTABLISHMENTS_PER_1000_RESIDENTS,DIRECT,1,0,CBP_EMPLOYER_813410,CENSUS_CBP_AND_POPULATION_ESTIMATES,INHERITED_RAW_OFFICIAL_ZIP_ARCHIVED_API_MATCH,NONE,0.03782148260211793,CBP_2005_813410;st-est00int-alldata.csv:POPESTIMATE2005;S6_CBP_DENSITY_20261002_v1
Florida,12,2006,0.07392528977007198,1343,18166990,JULY_1_RESIDENT_POPULATION,2010_INTERCENSAL,813410,NAICS2002,ESTABLISHMENTS_PER_1000_RESIDENTS,DIRECT,1,0,CBP_EMPLOYER_813410,CENSUS_CBP_AND_POPULATION_ESTIMATES,INHERITED_RAW_OFFICIAL_ZIP_ARCHIVED_API_MATCH,NONE,-0.021137026239067103,CBP_2006_813410;st-est00int-alldata.csv:POPESTIMATE2006;S6_CBP_DENSITY_20261002_v1
Florida,12,2007,0.072463602419925,1331,18367842,JULY_1_RESIDENT_POPULATION,2010_INTERCENSAL,813410,NAICS2002,ESTABLISHMENTS_PER_1000_RESIDENTS,DIRECT,1,0,CBP_EMPLOYER_813410,CENSUS_CBP_AND_POPULATION_ESTIMATES,INHERITED_RAW_OFFICIAL_ZIP_ARCHIVED_API_MATCH,NONE,-0.008935219657483229,CBP_2007_813410;st-est00int-alldata.csv:POPESTIMATE2007;S6_CBP_DENSITY_20261002_v1
Florida,12,2008,0.06682029577426399,1238,18527305,JULY_1_RESIDENT_POPULATION,2010_INTERCENSAL,813410,NAICS2007,ESTABLISHMENTS_PER_1000_RESIDENTS,DIRECT,1,0,CBP_EMPLOYER_813410,CENSUS_CBP_AND_POPULATION_ESTIMATES,INHERITED_RAW_OFFICIAL_ZIP_ARCHIVED_API_MATCH,NAICS_REVISION_CORE_813410_UNCHANGED,-0.06987227648384675,CBP_2008_813410;st-est00int-alldata.csv:POPESTIMATE2008;S6_CBP_DENSITY_20261002_v1
Florida,12,2009,0.06701462806023639,1250,18652644,JULY_1_RESIDENT_POPULATION,2010_INTERCENSAL,813410,NAICS2007,ESTABLISHMENTS_PER_1000_RESIDENTS,DIRECT,1,0,CBP_EMPLOYER_813410,CENSUS_CBP_AND_POPULATION_ESTIMATES,INHERITED_RAW_OFFICIAL_ZIP_ARCHIVED_API_MATCH,NONE,0.009693053311793154,CBP_2009_813410;st-est00int-alldata.csv:POPESTIMATE2009;S6_CBP_DENSITY_20261002_v1
Florida,12,2010,0.06680412007910584,1259,18846143,JULY_1_RESIDENT_POPULATION,VINTAGE_2020,813410,NAICS2007,ESTABLISHMENTS_PER_1000_RESIDENTS,DIRECT,1,0,CBP_EMPLOYER_813410,CENSUS_CBP_AND_POPULATION_ESTIMATES,INHERITED_RAW_OFFICIAL_ZIP_ARCHIVED_API_MATCH,POPULATION_BENCHMARK_BOUNDARY,0.007200000000000095,CBP_2010_813410;nst-est2020-alldata.csv:POPESTIMATE2010;S6_CBP_DENSITY_20261002_v1
Florida,12,2011,0.06297359092260876,1200,19055607,JULY_1_RESIDENT_POPULATION,VINTAGE_2020,813410,NAICS2007,ESTABLISHMENTS_PER_1000_RESIDENTS,DIRECT,1,0,CBP_EMPLOYER_813410,CENSUS_CBP_AND_POPULATION_ESTIMATES,INHERITED_RAW_OFFICIAL_ZIP_ARCHIVED_API_MATCH,NONE,-0.046862589356632234,CBP_2011_813410;nst-est2020-alldata.csv:POPESTIMATE2011;S6_CBP_DENSITY_20261002_v1
Florida,12,2012,0.05864672374118849,1132,19302016,JULY_1_RESIDENT_POPULATION,VINTAGE_2020,813410,NAICS2012,ESTABLISHMENTS_PER_1000_RESIDENTS,DIRECT,1,0,CBP_EMPLOYER_813410,CENSUS_CBP_AND_POPULATION_ESTIMATES,INHERITED_RAW_OFFICIAL_ZIP_ARCHIVED_API_MATCH,NAICS_REVISION_CORE_813410_UNCHANGED,-0.05666666666666664,CBP_2012_813410;nst-est2020-alldata.csv:POPESTIMATE2012;S6_CBP_DENSITY_20261002_v1
Florida,12,2013,0.05825586939392108,1139,19551678,JULY_1_RESIDENT_POPULATION,VINTAGE_2020,813410,NAICS2012,ESTABLISHMENTS_PER_1000_RESIDENTS,DIRECT,1,0,CBP_EMPLOYER_813410,CENSUS_CBP_AND_POPULATION_ESTIMATES,INHERITED_RAW_OFFICIAL_ZIP_ARCHIVED_API_MATCH,NONE,0.006183745583038913,CBP_2013_813410;nst-est2020-alldata.csv:POPESTIMATE2013;S6_CBP_DENSITY_20261002_v1
Florida,12,2014,0.05772171484868449,1146,19853880,JULY_1_RESIDENT_POPULATION,VINTAGE_2020,813410,NAICS2012,ESTABLISHMENTS_PER_1000_RESIDENTS,DIRECT,1,0,CBP_EMPLOYER_813410,CENSUS_CBP_AND_POPULATION_ESTIMATES,INHERITED_RAW_OFFICIAL_ZIP_ARCHIVED_API_MATCH,NONE,0.006145741878841093,CBP_2014_813410;nst-est2020-alldata.csv:POPESTIMATE2014;S6_CBP_DENSITY_20261002_v1
Florida,12,2015,0.05682742431158323,1149,20219111,JULY_1_RESIDENT_POPULATION,VINTAGE_2020,813410,NAICS2012,ESTABLISHMENTS_PER_1000_RESIDENTS,DIRECT,1,0,CBP_EMPLOYER_813410,CENSUS_CBP_AND_POPULATION_ESTIMATES,INHERITED_RAW_OFFICIAL_ZIP_ARCHIVED_API_MATCH,NONE,0.002617801047120505,CBP_2015_813410;nst-est2020-alldata.csv:POPESTIMATE2015;S6_CBP_DENSITY_20261002_v1
Florida,12,2016,0.05880574310558414,1213,20627237,JULY_1_RESIDENT_POPULATION,VINTAGE_2020,813410,NAICS2012,ESTABLISHMENTS_PER_1000_RESIDENTS,DIRECT,1,0,CBP_EMPLOYER_813410,CENSUS_CBP_AND_POPULATION_ESTIMATES,INHERITED_RAW_OFFICIAL_ZIP_ARCHIVED_API_MATCH,NONE,0.05570060922541331,CBP_2016_813410;nst-est2020-alldata.csv:POPESTIMATE2016;S6_CBP_DENSITY_20261002_v1
Florida,12,2017,0.05772964971450519,1211,20977089,JULY_1_RESIDENT_POPULATION,VINTAGE_2020,813410,NAICS2017,ESTABLISHMENTS_PER_1000_RESIDENTS,DIRECT,1,0,CBP_EMPLOYER_813410,CENSUS_CBP_AND_POPULATION_ESTIMATES,INHERITED_RAW_OFFICIAL_ZIP_ARCHIVED_API_MATCH,NAICS_REVISION_CORE_813410_UNCHANGED,-0.0016488046166529546,CBP_2017_813410;nst-est2020-alldata.csv:POPESTIMATE2017;S6_CBP_DENSITY_20261002_v1
Florida,12,2018,0.049682600635730274,1056,21254926,JULY_1_RESIDENT_POPULATION,VINTAGE_2020,813410,NAICS2017,ESTABLISHMENTS_PER_1000_RESIDENTS,DIRECT,1,0,CBP_EMPLOYER_813410,CENSUS_CBP_AND_POPULATION_ESTIMATES,INHERITED_RAW_OFFICIAL_ZIP_ARCHIVED_API_MATCH,NONE,-0.1279933938893476,CBP_2018_813410;nst-est2020-alldata.csv:POPESTIMATE2018;S6_CBP_DENSITY_20261002_v1
Florida,12,2019,0.05029765416579968,1081,21492056,JULY_1_RESIDENT_POPULATION,VINTAGE_2020,813410,NAICS2017,ESTABLISHMENTS_PER_1000_RESIDENTS,DIRECT,1,0,CBP_EMPLOYER_813410,CENSUS_CBP_AND_POPULATION_ESTIMATES,INHERITED_RAW_OFFICIAL_ZIP_ARCHIVED_API_MATCH,NONE,0.02367424242424243,CBP_2019_813410;nst-est2020-alldata.csv:POPESTIMATE2019;S6_CBP_DENSITY_20261002_v1
Florida,12,2020,0.050298039038781314,1086,21591299,JULY_1_RESIDENT_POPULATION,VINTAGE_2023,813410,NAICS2017,ESTABLISHMENTS_PER_1000_RESIDENTS,DIRECT,1,0,CBP_EMPLOYER_813410,CENSUS_CBP_AND_POPULATION_ESTIMATES,INHERITED_RAW_OFFICIAL_ZIP_ARCHIVED_API_MATCH,POPULATION_BENCHMARK_BOUNDARY,0.0046253469010175685,CBP_2020_813410;NST-EST2023-ALLDATA.csv:POPESTIMATE2020;S6_CBP_DENSITY_20261002_v1
Florida,12,2021,0.04814319352354491,1051,21830708,JULY_1_RESIDENT_POPULATION,VINTAGE_2023,813410,NAICS2017,ESTABLISHMENTS_PER_1000_RESIDENTS,DIRECT,1,0,CBP_EMPLOYER_813410,CENSUS_CBP_AND_POPULATION_ESTIMATES,INHERITED_RAW_OFFICIAL_ZIP_ARCHIVED_API_MATCH,NONE,-0.0322283609576427,CBP_2021_813410;NST-EST2023-ALLDATA.csv:POPESTIMATE2021;S6_CBP_DENSITY_20261002_v1
Florida,12,2022,0.04697574851135202,1045,22245521,JULY_1_RESIDENT_POPULATION,VINTAGE_2023,813410,NAICS2017,ESTABLISHMENTS_PER_1000_RESIDENTS,DIRECT,1,0,CBP_EMPLOYER_813410,CENSUS_CBP_AND_POPULATION_ESTIMATES,INHERITED_RAW_OFFICIAL_ZIP_ARCHIVED_API_MATCH,NONE,-0.0057088487155090295,CBP_2022_813410;NST-EST2023-ALLDATA.csv:POPESTIMATE2022;S6_CBP_DENSITY_20261002_v1
Florida,12,2023,0.048737930838664796,1102,22610726,JULY_1_RESIDENT_POPULATION,VINTAGE_2023,813410,NAICS2017,ESTABLISHMENTS_PER_1000_RESIDENTS,DIRECT,1,0,CBP_EMPLOYER_813410,CENSUS_CBP_AND_POPULATION_ESTIMATES,INHERITED_RAW_OFFICIAL_ZIP_ARCHIVED_API_MATCH,NONE,0.05454545454545445,CBP_2023_813410;NST-EST2023-ALLDATA.csv:POPESTIMATE2023;S6_CBP_DENSITY_20261002_v1
Georgia,13,2000,0.06454119898100265,531,8227303,JULY_1_RESIDENT_POPULATION,2010_INTERCENSAL,813410,NAICS1997,ESTABLISHMENTS_PER_1000_RESIDENTS,DIRECT,1,0,CBP_EMPLOYER_813410,CENSUS_CBP_AND_POPULATION_ESTIMATES,INHERITED_RAW_OFFICIAL_ZIP_ARCHIVED_API_MATCH,NONE,,CBP_2000_813410;st-est00int-alldata.csv:POPESTIMATE2000;S6_CBP_DENSITY_20261002_v1
Georgia,13,2001,0.06493942130858187,544,8377038,JULY_1_RESIDENT_POPULATION,2010_INTERCENSAL,813410,NAICS1997,ESTABLISHMENTS_PER_1000_RESIDENTS,DIRECT,1,0,CBP_EMPLOYER_813410,CENSUS_CBP_AND_POPULATION_ESTIMATES,INHERITED_RAW_OFFICIAL_ZIP_ARCHIVED_API_MATCH,NONE,0.024482109227871973,CBP_2001_813410;st-est00int-alldata.csv:POPESTIMATE2001;S6_CBP_DENSITY_20261002_v1
Georgia,13,2002,0.06311516719760195,537,8508256,JULY_1_RESIDENT_POPULATION,2010_INTERCENSAL,813410,NAICS1997,ESTABLISHMENTS_PER_1000_RESIDENTS,DIRECT,1,0,CBP_EMPLOYER_813410,CENSUS_CBP_AND_POPULATION_ESTIMATES,INHERITED_RAW_OFFICIAL_ZIP_ARCHIVED_API_MATCH,NONE,-0.012867647058823484,CBP_2002_813410;st-est00int-alldata.csv:POPESTIMATE2002;S6_CBP_DENSITY_20261002_v1
Georgia,13,2003,0.06563998463142975,566,8622793,JULY_1_RESIDENT_POPULATION,2010_INTERCENSAL,813410,NAICS2002,ESTABLISHMENTS_PER_1000_RESIDENTS,DIRECT,1,0,CBP_EMPLOYER_813410,CENSUS_CBP_AND_POPULATION_ESTIMATES,INHERITED_RAW_OFFICIAL_ZIP_ARCHIVED_API_MATCH,CBP_AUXILIARY_TREATMENT_CHANGE;NAICS_REVISION_CORE_813410_UNCHANGED,0.05400372439478596,CBP_2003_813410;st-est00int-alldata.csv:POPESTIMATE2003;S6_CBP_DENSITY_20261002_v1
Georgia,13,2004,0.06397352932724479,561,8769252,JULY_1_RESIDENT_POPULATION,2010_INTERCENSAL,813410,NAICS2002,ESTABLISHMENTS_PER_1000_RESIDENTS,DIRECT,1,0,CBP_EMPLOYER_813410,CENSUS_CBP_AND_POPULATION_ESTIMATES,INHERITED_RAW_OFFICIAL_ZIP_ARCHIVED_API_MATCH,NONE,-0.00883392226148405,CBP_2004_813410;st-est00int-alldata.csv:POPESTIMATE2004;S6_CBP_DENSITY_20261002_v1
Georgia,13,2005,0.0627386168061966,560,8925922,JULY_1_RESIDENT_POPULATION,2010_INTERCENSAL,813410,NAICS2002,ESTABLISHMENTS_PER_1000_RESIDENTS,DIRECT,1,0,CBP_EMPLOYER_813410,CENSUS_CBP_AND_POPULATION_ESTIMATES,INHERITED_RAW_OFFICIAL_ZIP_ARCHIVED_API_MATCH,NONE,-0.0017825311942959443,CBP_2005_813410;st-est00int-alldata.csv:POPESTIMATE2005;S6_CBP_DENSITY_20261002_v1
Georgia,13,2006,0.05832360272102543,534,9155813,JULY_1_RESIDENT_POPULATION,2010_INTERCENSAL,813410,NAICS2002,ESTABLISHMENTS_PER_1000_RESIDENTS,DIRECT,1,0,CBP_EMPLOYER_813410,CENSUS_CBP_AND_POPULATION_ESTIMATES,INHERITED_RAW_OFFICIAL_ZIP_ARCHIVED_API_MATCH,NONE,-0.046428571428571375,CBP_2006_813410;st-est00int-alldata.csv:POPESTIMATE2006;S6_CBP_DENSITY_20261002_v1
Georgia,13,2007,0.05572199664855185,521,9349988,JULY_1_RESIDENT_POPULATION,2010_INTERCENSAL,813410,NAICS2002,ESTABLISHMENTS_PER_1000_RESIDENTS,DIRECT,1,0,CBP_EMPLOYER_813410,CENSUS_CBP_AND_POPULATION_ESTIMATES,INHERITED_RAW_OFFICIAL_ZIP_ARCHIVED_API_MATCH,NONE,-0.02434456928838946,CBP_2007_813410;st-est00int-alldata.csv:POPESTIMATE2007;S6_CBP_DENSITY_20261002_v1
Georgia,13,2008,0.05355164730232788,509,9504843,JULY_1_RESIDENT_POPULATION,2010_INTERCENSAL,813410,NAICS2007,ESTABLISHMENTS_PER_1000_RESIDENTS,DIRECT,1,0,CBP_EMPLOYER_813410,CENSUS_CBP_AND_POPULATION_ESTIMATES,INHERITED_RAW_OFFICIAL_ZIP_ARCHIVED_API_MATCH,NAICS_REVISION_CORE_813410_UNCHANGED,-0.02303262955854124,CBP_2008_813410;st-est00int-alldata.csv:POPESTIMATE2008;S6_CBP_DENSITY_20261002_v1
Georgia,13,2009,0.050619249076432574,487,9620846,JULY_1_RESIDENT_POPULATION,2010_INTERCENSAL,813410,NAICS2007,ESTABLISHMENTS_PER_1000_RESIDENTS,DIRECT,1,0,CBP_EMPLOYER_813410,CENSUS_CBP_AND_POPULATION_ESTIMATES,INHERITED_RAW_OFFICIAL_ZIP_ARCHIVED_API_MATCH,NONE,-0.04322200392927311,CBP_2009_813410;st-est00int-alldata.csv:POPESTIMATE2009;S6_CBP_DENSITY_20261002_v1
Georgia,13,2010,0.050554925249240414,491,9712209,JULY_1_RESIDENT_POPULATION,VINTAGE_2020,813410,NAICS2007,ESTABLISHMENTS_PER_1000_RESIDENTS,DIRECT,1,0,CBP_EMPLOYER_813410,CENSUS_CBP_AND_POPULATION_ESTIMATES,INHERITED_RAW_OFFICIAL_ZIP_ARCHIVED_API_MATCH,POPULATION_BENCHMARK_BOUNDARY,0.008213552361396204,CBP_2010_813410;nst-est2020-alldata.csv:POPESTIMATE2010;S6_CBP_DENSITY_20261002_v1
Georgia,13,2011,0.04967547734869635,487,9803630,JULY_1_RESIDENT_POPULATION,VINTAGE_2020,813410,NAICS2007,ESTABLISHMENTS_PER_1000_RESIDENTS,DIRECT,1,0,CBP_EMPLOYER_813410,CENSUS_CBP_AND_POPULATION_ESTIMATES,INHERITED_RAW_OFFICIAL_ZIP_ARCHIVED_API_MATCH,NONE,-0.008146639511201648,CBP_2011_813410;nst-est2020-alldata.csv:POPESTIMATE2011;S6_CBP_DENSITY_20261002_v1
Georgia,13,2012,0.04765953321930049,472,9903580,JULY_1_RESIDENT_POPULATION,VINTAGE_2020,813410,NAICS2012,ESTABLISHMENTS_PER_1000_RESIDENTS,DIRECT,1,0,CBP_EMPLOYER_813410,CENSUS_CBP_AND_POPULATION_ESTIMATES,INHERITED_RAW_OFFICIAL_ZIP_ARCHIVED_API_MATCH,NAICS_REVISION_CORE_813410_UNCHANGED,-0.030800821355236097,CBP_2012_813410;nst-est2020-alldata.csv:POPESTIMATE2012;S6_CBP_DENSITY_20261002_v1
Georgia,13,2013,0.049721359895232284,496,9975592,JULY_1_RESIDENT_POPULATION,VINTAGE_2020,813410,NAICS2012,ESTABLISHMENTS_PER_1000_RESIDENTS,DIRECT,1,0,CBP_EMPLOYER_813410,CENSUS_CBP_AND_POPULATION_ESTIMATES,INHERITED_RAW_OFFICIAL_ZIP_ARCHIVED_API_MATCH,NONE,0.05084745762711873,CBP_2013_813410;nst-est2020-alldata.csv:POPESTIMATE2013;S6_CBP_DENSITY_20261002_v1
Georgia,13,2014,0.04676700025140986,471,10071204,JULY_1_RESIDENT_POPULATION,VINTAGE_2020,813410,NAICS2012,ESTABLISHMENTS_PER_1000_RESIDENTS,DIRECT,1,0,CBP_EMPLOYER_813410,CENSUS_CBP_AND_POPULATION_ESTIMATES,INHERITED_RAW_OFFICIAL_ZIP_ARCHIVED_API_MATCH,NONE,-0.050403225806451624,CBP_2014_813410;nst-est2020-alldata.csv:POPESTIMATE2014;S6_CBP_DENSITY_20261002_v1
Georgia,13,2015,0.046448355467987805,473,10183353,JULY_1_RESIDENT_POPULATION,VINTAGE_2020,813410,NAICS2012,ESTABLISHMENTS_PER_1000_RESIDENTS,DIRECT,1,0,CBP_EMPLOYER_813410,CENSUS_CBP_AND_POPULATION_ESTIMATES,INHERITED_RAW_OFFICIAL_ZIP_ARCHIVED_API_MATCH,NONE,0.00424628450106157,CBP_2015_813410;nst-est2020-alldata.csv:POPESTIMATE2015;S6_CBP_DENSITY_20261002_v1
Georgia,13,2016,0.04830991919050425,498,10308442,JULY_1_RESIDENT_POPULATION,VINTAGE_2020,813410,NAICS2012,ESTABLISHMENTS_PER_1000_RESIDENTS,DIRECT,1,0,CBP_EMPLOYER_813410,CENSUS_CBP_AND_POPULATION_ESTIMATES,INHERITED_RAW_OFFICIAL_ZIP_ARCHIVED_API_MATCH,NONE,0.052854122621564414,CBP_2016_813410;nst-est2020-alldata.csv:POPESTIMATE2016;S6_CBP_DENSITY_20261002_v1
Georgia,13,2017,0.048478304422824504,505,10417031,JULY_1_RESIDENT_POPULATION,VINTAGE_2020,813410,NAICS2017,ESTABLISHMENTS_PER_1000_RESIDENTS,DIRECT,1,0,CBP_EMPLOYER_813410,CENSUS_CBP_AND_POPULATION_ESTIMATES,INHERITED_RAW_OFFICIAL_ZIP_ARCHIVED_API_MATCH,NAICS_REVISION_CORE_813410_UNCHANGED,0.014056224899598346,CBP_2017_813410;nst-est2020-alldata.csv:POPESTIMATE2017;S6_CBP_DENSITY_20261002_v1
Georgia,13,2018,0.043063337614000205,453,10519389,JULY_1_RESIDENT_POPULATION,VINTAGE_2020,813410,NAICS2017,ESTABLISHMENTS_PER_1000_RESIDENTS,DIRECT,1,0,CBP_EMPLOYER_813410,CENSUS_CBP_AND_POPULATION_ESTIMATES,INHERITED_RAW_OFFICIAL_ZIP_ARCHIVED_API_MATCH,NONE,-0.10297029702970295,CBP_2018_813410;nst-est2020-alldata.csv:POPESTIMATE2018;S6_CBP_DENSITY_20261002_v1
Georgia,13,2019,0.04384636084614067,466,10628020,JULY_1_RESIDENT_POPULATION,VINTAGE_2020,813410,NAICS2017,ESTABLISHMENTS_PER_1000_RESIDENTS,DIRECT,1,0,CBP_EMPLOYER_813410,CENSUS_CBP_AND_POPULATION_ESTIMATES,INHERITED_RAW_OFFICIAL_ZIP_ARCHIVED_API_MATCH,NONE,0.028697571743929284,CBP_2019_813410;nst-est2020-alldata.csv:POPESTIMATE2019;S6_CBP_DENSITY_20261002_v1
Georgia,13,2020,0.04360631695270112,468,10732390,JULY_1_RESIDENT_POPULATION,VINTAGE_2023,813410,NAICS2017,ESTABLISHMENTS_PER_1000_RESIDENTS,DIRECT,1,0,CBP_EMPLOYER_813410,CENSUS_CBP_AND_POPULATION_ESTIMATES,INHERITED_RAW_OFFICIAL_ZIP_ARCHIVED_API_MATCH,POPULATION_BENCHMARK_BOUNDARY,0.0042918454935623185,CBP_2020_813410;NST-EST2023-ALLDATA.csv:POPESTIMATE2020;S6_CBP_DENSITY_20261002_v1
Georgia,13,2021,0.04142576933075141,447,10790385,JULY_1_RESIDENT_POPULATION,VINTAGE_2023,813410,NAICS2017,ESTABLISHMENTS_PER_1000_RESIDENTS,DIRECT,1,0,CBP_EMPLOYER_813410,CENSUS_CBP_AND_POPULATION_ESTIMATES,INHERITED_RAW_OFFICIAL_ZIP_ARCHIVED_API_MATCH,NONE,-0.04487179487179482,CBP_2021_813410;NST-EST2023-ALLDATA.csv:POPESTIMATE2021;S6_CBP_DENSITY_20261002_v1
Georgia,13,2022,0.041967717844985174,458,10913150,JULY_1_RESIDENT_POPULATION,VINTAGE_2023,813410,NAICS2017,ESTABLISHMENTS_PER_1000_RESIDENTS,DIRECT,1,0,CBP_EMPLOYER_813410,CENSUS_CBP_AND_POPULATION_ESTIMATES,INHERITED_RAW_OFFICIAL_ZIP_ARCHIVED_API_MATCH,NONE,0.02460850111856816,CBP_2022_813410;NST-EST2023-ALLDATA.csv:POPESTIMATE2022;S6_CBP_DENSITY_20261002_v1
Georgia,13,2023,0.039440660709948214,435,11029227,JULY_1_RESIDENT_POPULATION,VINTAGE_2023,813410,NAICS2017,ESTABLISHMENTS_PER_1000_RESIDENTS,DIRECT,1,0,CBP_EMPLOYER_813410,CENSUS_CBP_AND_POPULATION_ESTIMATES,INHERITED_RAW_OFFICIAL_ZIP_ARCHIVED_API_MATCH,NONE,-0.05021834061135366,CBP_2023_813410;NST-EST2023-ALLDATA.csv:POPESTIMATE2023;S6_CBP_DENSITY_20261002_v1
Hawaii,15,2000,0.09888596717480319,120,1213519,JULY_1_RESIDENT_POPULATION,2010_INTERCENSAL,813410,NAICS1997,ESTABLISHMENTS_PER_1000_RESIDENTS,DIRECT,1,0,CBP_EMPLOYER_813410,CENSUS_CBP_AND_POPULATION_ESTIMATES,INHERITED_RAW_OFFICIAL_ZIP_ARCHIVED_API_MATCH,NONE,,CBP_2000_813410;st-est00int-alldata.csv:POPESTIMATE2000;S6_CBP_DENSITY_20261002_v1
Hawaii,15,2001,0.10440899614012991,128,1225948,JULY_1_RESIDENT_POPULATION,2010_INTERCENSAL,813410,NAICS1997,ESTABLISHMENTS_PER_1000_RESIDENTS,DIRECT,1,0,CBP_EMPLOYER_813410,CENSUS_CBP_AND_POPULATION_ESTIMATES,INHERITED_RAW_OFFICIAL_ZIP_ARCHIVED_API_MATCH,NONE,0.06666666666666665,CBP_2001_813410;st-est00int-alldata.csv:POPESTIMATE2001;S6_CBP_DENSITY_20261002_v1
Hawaii,15,2002,0.09115748221420718,113,1239613,JULY_1_RESIDENT_POPULATION,2010_INTERCENSAL,813410,NAICS1997,ESTABLISHMENTS_PER_1000_RESIDENTS,DIRECT,1,0,CBP_EMPLOYER_813410,CENSUS_CBP_AND_POPULATION_ESTIMATES,INHERITED_RAW_OFFICIAL_ZIP_ARCHIVED_API_MATCH,NONE,-0.1171875,CBP_2002_813410;st-est00int-alldata.csv:POPESTIMATE2002;S6_CBP_DENSITY_20261002_v1
Hawaii,15,2003,0.09111588181790571,114,1251154,JULY_1_RESIDENT_POPULATION,2010_INTERCENSAL,813410,NAICS2002,ESTABLISHMENTS_PER_1000_RESIDENTS,DIRECT,1,0,CBP_EMPLOYER_813410,CENSUS_CBP_AND_POPULATION_ESTIMATES,INHERITED_RAW_OFFICIAL_ZIP_ARCHIVED_API_MATCH,CBP_AUXILIARY_TREATMENT_CHANGE;NAICS_REVISION_CORE_813410_UNCHANGED,0.008849557522123908,CBP_2003_813410;st-est00int-alldata.csv:POPESTIMATE2003;S6_CBP_DENSITY_20261002_v1
Hawaii,15,2004,0.08323066908820802,106,1273569,JULY_1_RESIDENT_POPULATION,2010_INTERCENSAL,813410,NAICS2002,ESTABLISHMENTS_PER_1000_RESIDENTS,DIRECT,1,0,CBP_EMPLOYER_813410,CENSUS_CBP_AND_POPULATION_ESTIMATES,INHERITED_RAW_OFFICIAL_ZIP_ARCHIVED_API_MATCH,NONE,-0.07017543859649122,CBP_2004_813410;st-est00int-alldata.csv:POPESTIMATE2004;S6_CBP_DENSITY_20261002_v1
Hawaii,15,2005,0.08586486417493534,111,1292729,JULY_1_RESIDENT_POPULATION,2010_INTERCENSAL,813410,NAICS2002,ESTABLISHMENTS_PER_1000_RESIDENTS,DIRECT,1,0,CBP_EMPLOYER_813410,CENSUS_CBP_AND_POPULATION_ESTIMATES,INHERITED_RAW_OFFICIAL_ZIP_ARCHIVED_API_MATCH,NONE,0.04716981132075482,CBP_2005_813410;st-est00int-alldata.csv:POPESTIMATE2005;S6_CBP_DENSITY_20261002_v1
Hawaii,15,2006,0.08245968065198121,108,1309731,JULY_1_RESIDENT_POPULATION,2010_INTERCENSAL,813410,NAICS2002,ESTABLISHMENTS_PER_1000_RESIDENTS,DIRECT,1,0,CBP_EMPLOYER_813410,CENSUS_CBP_AND_POPULATION_ESTIMATES,INHERITED_RAW_OFFICIAL_ZIP_ARCHIVED_API_MATCH,NONE,-0.027027027027026973,CBP_2006_813410;st-est00int-alldata.csv:POPESTIMATE2006;S6_CBP_DENSITY_20261002_v1
Hawaii,15,2007,0.07600661257529405,100,1315675,JULY_1_RESIDENT_POPULATION,2010_INTERCENSAL,813410,NAICS2002,ESTABLISHMENTS_PER_1000_RESIDENTS,DIRECT,1,0,CBP_EMPLOYER_813410,CENSUS_CBP_AND_POPULATION_ESTIMATES,INHERITED_RAW_OFFICIAL_ZIP_ARCHIVED_API_MATCH,NONE,-0.07407407407407407,CBP_2007_813410;st-est00int-alldata.csv:POPESTIMATE2007;S6_CBP_DENSITY_20261002_v1
Hawaii,15,2008,0.07130991815873287,95,1332213,JULY_1_RESIDENT_POPULATION,2010_INTERCENSAL,813410,NAICS2007,ESTABLISHMENTS_PER_1000_RESIDENTS,DIRECT,1,0,CBP_EMPLOYER_813410,CENSUS_CBP_AND_POPULATION_ESTIMATES,INHERITED_RAW_OFFICIAL_ZIP_ARCHIVED_API_MATCH,NAICS_REVISION_CORE_813410_UNCHANGED,-0.050000000000000044,CBP_2008_813410;st-est00int-alldata.csv:POPESTIMATE2008;S6_CBP_DENSITY_20261002_v1
Hawaii,15,2009,0.06905682485629869,93,1346717,JULY_1_RESIDENT_POPULATION,2010_INTERCENSAL,813410,NAICS2007,ESTABLISHMENTS_PER_1000_RESIDENTS,DIRECT,1,0,CBP_EMPLOYER_813410,CENSUS_CBP_AND_POPULATION_ESTIMATES,INHERITED_RAW_OFFICIAL_ZIP_ARCHIVED_API_MATCH,NONE,-0.021052631578947323,CBP_2009_813410;st-est00int-alldata.csv:POPESTIMATE2009;S6_CBP_DENSITY_20261002_v1
Hawaii,15,2010,0.0659822111958616,90,1364004,JULY_1_RESIDENT_POPULATION,VINTAGE_2020,813410,NAICS2007,ESTABLISHMENTS_PER_1000_RESIDENTS,DIRECT,1,0,CBP_EMPLOYER_813410,CENSUS_CBP_AND_POPULATION_ESTIMATES,INHERITED_RAW_OFFICIAL_ZIP_ARCHIVED_API_MATCH,POPULATION_BENCHMARK_BOUNDARY,-0.032258064516129004,CBP_2010_813410;nst-est2020-alldata.csv:POPESTIMATE2010;S6_CBP_DENSITY_20261002_v1
Hawaii,15,2011,0.06886243604854295,95,1379562,JULY_1_RESIDENT_POPULATION,VINTAGE_2020,813410,NAICS2007,ESTABLISHMENTS_PER_1000_RESIDENTS,DIRECT,1,0,CBP_EMPLOYER_813410,CENSUS_CBP_AND_POPULATION_ESTIMATES,INHERITED_RAW_OFFICIAL_ZIP_ARCHIVED_API_MATCH,NONE,0.05555555555555558,CBP_2011_813410;nst-est2020-alldata.csv:POPESTIMATE2011;S6_CBP_DENSITY_20261002_v1
Hawaii,15,2012,0.06235669606987965,87,1395199,JULY_1_RESIDENT_POPULATION,VINTAGE_2020,813410,NAICS2012,ESTABLISHMENTS_PER_1000_RESIDENTS,DIRECT,1,0,CBP_EMPLOYER_813410,CENSUS_CBP_AND_POPULATION_ESTIMATES,INHERITED_RAW_OFFICIAL_ZIP_ARCHIVED_API_MATCH,NAICS_REVISION_CORE_813410_UNCHANGED,-0.08421052631578951,CBP_2012_813410;nst-est2020-alldata.csv:POPESTIMATE2012;S6_CBP_DENSITY_20261002_v1
Hawaii,15,2013,0.056785030330304326,80,1408822,JULY_1_RESIDENT_POPULATION,VINTAGE_2020,813410,NAICS2012,ESTABLISHMENTS_PER_1000_RESIDENTS,DIRECT,1,0,CBP_EMPLOYER_813410,CENSUS_CBP_AND_POPULATION_ESTIMATES,INHERITED_RAW_OFFICIAL_ZIP_ARCHIVED_API_MATCH,NONE,-0.08045977011494254,CBP_2013_813410;nst-est2020-alldata.csv:POPESTIMATE2013;S6_CBP_DENSITY_20261002_v1
Hawaii,15,2014,0.05793681354590963,82,1415335,JULY_1_RESIDENT_POPULATION,VINTAGE_2020,813410,NAICS2012,ESTABLISHMENTS_PER_1000_RESIDENTS,DIRECT,1,0,CBP_EMPLOYER_813410,CENSUS_CBP_AND_POPULATION_ESTIMATES,INHERITED_RAW_OFFICIAL_ZIP_ARCHIVED_API_MATCH,NONE,0.02499999999999991,CBP_2014_813410;nst-est2020-alldata.csv:POPESTIMATE2014;S6_CBP_DENSITY_20261002_v1
Hawaii,15,2015,0.055516553419925105,79,1422999,JULY_1_RESIDENT_POPULATION,VINTAGE_2020,813410,NAICS2012,ESTABLISHMENTS_PER_1000_RESIDENTS,DIRECT,1,0,CBP_EMPLOYER_813410,CENSUS_CBP_AND_POPULATION_ESTIMATES,INHERITED_RAW_OFFICIAL_ZIP_ARCHIVED_API_MATCH,NONE,-0.03658536585365857,CBP_2015_813410;nst-est2020-alldata.csv:POPESTIMATE2015;S6_CBP_DENSITY_20261002_v1
Hawaii,15,2016,0.05458801793006435,78,1428885,JULY_1_RESIDENT_POPULATION,VINTAGE_2020,813410,NAICS2012,ESTABLISHMENTS_PER_1000_RESIDENTS,DIRECT,1,0,CBP_EMPLOYER_813410,CENSUS_CBP_AND_POPULATION_ESTIMATES,INHERITED_RAW_OFFICIAL_ZIP_ARCHIVED_API_MATCH,NONE,-0.012658227848101222,CBP_2016_813410;nst-est2020-alldata.csv:POPESTIMATE2016;S6_CBP_DENSITY_20261002_v1
Hawaii,15,2017,0.06031858029700588,86,1425763,JULY_1_RESIDENT_POPULATION,VINTAGE_2020,813410,NAICS2017,ESTABLISHMENTS_PER_1000_RESIDENTS,DIRECT,1,0,CBP_EMPLOYER_813410,CENSUS_CBP_AND_POPULATION_ESTIMATES,INHERITED_RAW_OFFICIAL_ZIP_ARCHIVED_API_MATCH,NAICS_REVISION_CORE_813410_UNCHANGED,0.10256410256410264,CBP_2017_813410;nst-est2020-alldata.csv:POPESTIMATE2017;S6_CBP_DENSITY_20261002_v1
Hawaii,15,2018,0.059025986893420146,84,1423102,JULY_1_RESIDENT_POPULATION,VINTAGE_2020,813410,NAICS2017,ESTABLISHMENTS_PER_1000_RESIDENTS,DIRECT,1,0,CBP_EMPLOYER_813410,CENSUS_CBP_AND_POPULATION_ESTIMATES,INHERITED_RAW_OFFICIAL_ZIP_ARCHIVED_API_MATCH,NONE,-0.023255813953488413,CBP_2018_813410;nst-est2020-alldata.csv:POPESTIMATE2018;S6_CBP_DENSITY_20261002_v1
Hawaii,15,2019,0.05509972697378878,78,1415615,JULY_1_RESIDENT_POPULATION,VINTAGE_2020,813410,NAICS2017,ESTABLISHMENTS_PER_1000_RESIDENTS,DIRECT,1,0,CBP_EMPLOYER_813410,CENSUS_CBP_AND_POPULATION_ESTIMATES,INHERITED_RAW_OFFICIAL_ZIP_ARCHIVED_API_MATCH,NONE,-0.0714285714285714,CBP_2019_813410;nst-est2020-alldata.csv:POPESTIMATE2019;S6_CBP_DENSITY_20261002_v1
Hawaii,15,2020,0.053060231632029366,77,1451181,JULY_1_RESIDENT_POPULATION,VINTAGE_2023,813410,NAICS2017,ESTABLISHMENTS_PER_1000_RESIDENTS,DIRECT,1,0,CBP_EMPLOYER_813410,CENSUS_CBP_AND_POPULATION_ESTIMATES,INHERITED_RAW_OFFICIAL_ZIP_ARCHIVED_API_MATCH,POPULATION_BENCHMARK_BOUNDARY,-0.012820512820512775,CBP_2020_813410;NST-EST2023-ALLDATA.csv:POPESTIMATE2020;S6_CBP_DENSITY_20261002_v1
Hawaii,15,2021,0.051149304127541484,74,1446745,JULY_1_RESIDENT_POPULATION,VINTAGE_2023,813410,NAICS2017,ESTABLISHMENTS_PER_1000_RESIDENTS,DIRECT,1,0,CBP_EMPLOYER_813410,CENSUS_CBP_AND_POPULATION_ESTIMATES,INHERITED_RAW_OFFICIAL_ZIP_ARCHIVED_API_MATCH,NONE,-0.038961038961038974,CBP_2021_813410;NST-EST2023-ALLDATA.csv:POPESTIMATE2021;S6_CBP_DENSITY_20261002_v1
Hawaii,15,2022,0.05488401756566456,79,1439399,JULY_1_RESIDENT_POPULATION,VINTAGE_2023,813410,NAICS2017,ESTABLISHMENTS_PER_1000_RESIDENTS,DIRECT,1,0,CBP_EMPLOYER_813410,CENSUS_CBP_AND_POPULATION_ESTIMATES,INHERITED_RAW_OFFICIAL_ZIP_ARCHIVED_API_MATCH,NONE,0.06756756756756754,CBP_2022_813410;NST-EST2023-ALLDATA.csv:POPESTIMATE2022;S6_CBP_DENSITY_20261002_v1
Hawaii,15,2023,0.03971743483901897,57,1435138,JULY_1_RESIDENT_POPULATION,VINTAGE_2023,813410,NAICS2017,ESTABLISHMENTS_PER_1000_RESIDENTS,DIRECT,1,0,CBP_EMPLOYER_813410,CENSUS_CBP_AND_POPULATION_ESTIMATES,INHERITED_RAW_OFFICIAL_ZIP_ARCHIVED_API_MATCH,LARGE_ESTABLISHMENT_CHANGE_RETAINED,-0.2784810126582279,CBP_2023_813410;NST-EST2023-ALLDATA.csv:POPESTIMATE2023;S6_CBP_DENSITY_20261002_v1
Idaho,16,2000,0.10543084275413066,137,1299430,JULY_1_RESIDENT_POPULATION,2010_INTERCENSAL,813410,NAICS1997,ESTABLISHMENTS_PER_1000_RESIDENTS,DIRECT,1,0,CBP_EMPLOYER_813410,CENSUS_CBP_AND_POPULATION_ESTIMATES,INHERITED_RAW_OFFICIAL_ZIP_ARCHIVED_API_MATCH,NONE,,CBP_2000_813410;st-est00int-alldata.csv:POPESTIMATE2000;S6_CBP_DENSITY_20261002_v1
Idaho,16,2001,0.0969724886019446,128,1319962,JULY_1_RESIDENT_POPULATION,2010_INTERCENSAL,813410,NAICS1997,ESTABLISHMENTS_PER_1000_RESIDENTS,DIRECT,1,0,CBP_EMPLOYER_813410,CENSUS_CBP_AND_POPULATION_ESTIMATES,INHERITED_RAW_OFFICIAL_ZIP_ARCHIVED_API_MATCH,NONE,-0.06569343065693434,CBP_2001_813410;st-est00int-alldata.csv:POPESTIMATE2001;S6_CBP_DENSITY_20261002_v1
Idaho,16,2002,0.09400375418167495,126,1340372,JULY_1_RESIDENT_POPULATION,2010_INTERCENSAL,813410,NAICS1997,ESTABLISHMENTS_PER_1000_RESIDENTS,DIRECT,1,0,CBP_EMPLOYER_813410,CENSUS_CBP_AND_POPULATION_ESTIMATES,INHERITED_RAW_OFFICIAL_ZIP_ARCHIVED_API_MATCH,NONE,-0.015625,CBP_2002_813410;st-est00int-alldata.csv:POPESTIMATE2002;S6_CBP_DENSITY_20261002_v1
Idaho,16,2003,0.10048555795156157,137,1363380,JULY_1_RESIDENT_POPULATION,2010_INTERCENSAL,813410,NAICS2002,ESTABLISHMENTS_PER_1000_RESIDENTS,DIRECT,1,0,CBP_EMPLOYER_813410,CENSUS_CBP_AND_POPULATION_ESTIMATES,INHERITED_RAW_OFFICIAL_ZIP_ARCHIVED_API_MATCH,CBP_AUXILIARY_TREATMENT_CHANGE;NAICS_REVISION_CORE_813410_UNCHANGED,0.08730158730158721,CBP_2003_813410;st-est00int-alldata.csv:POPESTIMATE2003;S6_CBP_DENSITY_20261002_v1
Idaho,16,2004,0.10489997858890847,146,1391802,JULY_1_RESIDENT_POPULATION,2010_INTERCENSAL,813410,NAICS2002,ESTABLISHMENTS_PER_1000_RESIDENTS,DIRECT,1,0,CBP_EMPLOYER_813410,CENSUS_CBP_AND_POPULATION_ESTIMATES,INHERITED_RAW_OFFICIAL_ZIP_ARCHIVED_API_MATCH,NONE,0.06569343065693434,CBP_2004_813410;st-est00int-alldata.csv:POPESTIMATE2004;S6_CBP_DENSITY_20261002_v1
Idaho,16,2005,0.11692704522556067,167,1428241,JULY_1_RESIDENT_POPULATION,2010_INTERCENSAL,813410,NAICS2002,ESTABLISHMENTS_PER_1000_RESIDENTS,DIRECT,1,0,CBP_EMPLOYER_813410,CENSUS_CBP_AND_POPULATION_ESTIMATES,INHERITED_RAW_OFFICIAL_ZIP_ARCHIVED_API_MATCH,NONE,0.14383561643835607,CBP_2005_813410;st-est00int-alldata.csv:POPESTIMATE2005;S6_CBP_DENSITY_20261002_v1
Idaho,16,2006,0.114389287170901,168,1468669,JULY_1_RESIDENT_POPULATION,2010_INTERCENSAL,813410,NAICS2002,ESTABLISHMENTS_PER_1000_RESIDENTS,DIRECT,1,0,CBP_EMPLOYER_813410,CENSUS_CBP_AND_POPULATION_ESTIMATES,INHERITED_RAW_OFFICIAL_ZIP_ARCHIVED_API_MATCH,NONE,0.0059880239520957446,CBP_2006_813410;st-est00int-alldata.csv:POPESTIMATE2006;S6_CBP_DENSITY_20261002_v1
Idaho,16,2007,0.11427774142003383,172,1505105,JULY_1_RESIDENT_POPULATION,2010_INTERCENSAL,813410,NAICS2002,ESTABLISHMENTS_PER_1000_RESIDENTS,DIRECT,1,0,CBP_EMPLOYER_813410,CENSUS_CBP_AND_POPULATION_ESTIMATES,INHERITED_RAW_OFFICIAL_ZIP_ARCHIVED_API_MATCH,NONE,0.023809523809523725,CBP_2007_813410;st-est00int-alldata.csv:POPESTIMATE2007;S6_CBP_DENSITY_20261002_v1
Idaho,16,2008,0.09841493299963501,151,1534320,JULY_1_RESIDENT_POPULATION,2010_INTERCENSAL,813410,NAICS2007,ESTABLISHMENTS_PER_1000_RESIDENTS,DIRECT,1,0,CBP_EMPLOYER_813410,CENSUS_CBP_AND_POPULATION_ESTIMATES,INHERITED_RAW_OFFICIAL_ZIP_ARCHIVED_API_MATCH,NAICS_REVISION_CORE_813410_UNCHANGED,-0.12209302325581395,CBP_2008_813410;st-est00int-alldata.csv:POPESTIMATE2008;S6_CBP_DENSITY_20261002_v1
Idaho,16,2009,0.09328124165695792,145,1554439,JULY_1_RESIDENT_POPULATION,2010_INTERCENSAL,813410,NAICS2007,ESTABLISHMENTS_PER_1000_RESIDENTS,DIRECT,1,0,CBP_EMPLOYER_813410,CENSUS_CBP_AND_POPULATION_ESTIMATES,INHERITED_RAW_OFFICIAL_ZIP_ARCHIVED_API_MATCH,NONE,-0.039735099337748325,CBP_2009_813410;st-est00int-alldata.csv:POPESTIMATE2009;S6_CBP_DENSITY_20261002_v1
Idaho,16,2010,0.08657903934189744,136,1570819,JULY_1_RESIDENT_POPULATION,VINTAGE_2020,813410,NAICS2007,ESTABLISHMENTS_PER_1000_RESIDENTS,DIRECT,1,0,CBP_EMPLOYER_813410,CENSUS_CBP_AND_POPULATION_ESTIMATES,INHERITED_RAW_OFFICIAL_ZIP_ARCHIVED_API_MATCH,POPULATION_BENCHMARK_BOUNDARY,-0.06206896551724139,CBP_2010_813410;nst-est2020-alldata.csv:POPESTIMATE2010;S6_CBP_DENSITY_20261002_v1
Idaho,16,2011,0.07890059282749427,125,1584272,JULY_1_RESIDENT_POPULATION,VINTAGE_2020,813410,NAICS2007,ESTABLISHMENTS_PER_1000_RESIDENTS,DIRECT,1,0,CBP_EMPLOYER_813410,CENSUS_CBP_AND_POPULATION_ESTIMATES,INHERITED_RAW_OFFICIAL_ZIP_ARCHIVED_API_MATCH,NONE,-0.08088235294117652,CBP_2011_813410;nst-est2020-alldata.csv:POPESTIMATE2011;S6_CBP_DENSITY_20261002_v1
Idaho,16,2012,0.07268580308413382,116,1595910,JULY_1_RESIDENT_POPULATION,VINTAGE_2020,813410,NAICS2012,ESTABLISHMENTS_PER_1000_RESIDENTS,DIRECT,1,0,CBP_EMPLOYER_813410,CENSUS_CBP_AND_POPULATION_ESTIMATES,INHERITED_RAW_OFFICIAL_ZIP_ARCHIVED_API_MATCH,NAICS_REVISION_CORE_813410_UNCHANGED,-0.07199999999999995,CBP_2012_813410;nst-est2020-alldata.csv:POPESTIMATE2012;S6_CBP_DENSITY_20261002_v1
Idaho,16,2013,0.06885629690835227,111,1612053,JULY_1_RESIDENT_POPULATION,VINTAGE_2020,813410,NAICS2012,ESTABLISHMENTS_PER_1000_RESIDENTS,DIRECT,1,0,CBP_EMPLOYER_813410,CENSUS_CBP_AND_POPULATION_ESTIMATES,INHERITED_RAW_OFFICIAL_ZIP_ARCHIVED_API_MATCH,NONE,-0.0431034482758621,CBP_2013_813410;nst-est2020-alldata.csv:POPESTIMATE2013;S6_CBP_DENSITY_20261002_v1
Idaho,16,2014,0.06739171988570364,110,1632248,JULY_1_RESIDENT_POPULATION,VINTAGE_2020,813410,NAICS2012,ESTABLISHMENTS_PER_1000_RESIDENTS,DIRECT,1,0,CBP_EMPLOYER_813410,CENSUS_CBP_AND_POPULATION_ESTIMATES,INHERITED_RAW_OFFICIAL_ZIP_ARCHIVED_API_MATCH,NONE,-0.009009009009009028,CBP_2014_813410;nst-est2020-alldata.csv:POPESTIMATE2014;S6_CBP_DENSITY_20261002_v1
Idaho,16,2015,0.06293513747394092,104,1652495,JULY_1_RESIDENT_POPULATION,VINTAGE_2020,813410,NAICS2012,ESTABLISHMENTS_PER_1000_RESIDENTS,DIRECT,1,0,CBP_EMPLOYER_813410,CENSUS_CBP_AND_POPULATION_ESTIMATES,INHERITED_RAW_OFFICIAL_ZIP_ARCHIVED_API_MATCH,NONE,-0.054545454545454564,CBP_2015_813410;nst-est2020-alldata.csv:POPESTIMATE2015;S6_CBP_DENSITY_20261002_v1
Idaho,16,2016,0.06413164564177962,108,1684036,JULY_1_RESIDENT_POPULATION,VINTAGE_2020,813410,NAICS2012,ESTABLISHMENTS_PER_1000_RESIDENTS,DIRECT,1,0,CBP_EMPLOYER_813410,CENSUS_CBP_AND_POPULATION_ESTIMATES,INHERITED_RAW_OFFICIAL_ZIP_ARCHIVED_API_MATCH,NONE,0.03846153846153855,CBP_2016_813410;nst-est2020-alldata.csv:POPESTIMATE2016;S6_CBP_DENSITY_20261002_v1
Idaho,16,2017,0.06105556347016563,105,1719745,JULY_1_RESIDENT_POPULATION,VINTAGE_2020,813410,NAICS2017,ESTABLISHMENTS_PER_1000_RESIDENTS,DIRECT,1,0,CBP_EMPLOYER_813410,CENSUS_CBP_AND_POPULATION_ESTIMATES,INHERITED_RAW_OFFICIAL_ZIP_ARCHIVED_API_MATCH,NAICS_REVISION_CORE_813410_UNCHANGED,-0.02777777777777779,CBP_2017_813410;nst-est2020-alldata.csv:POPESTIMATE2017;S6_CBP_DENSITY_20261002_v1
Idaho,16,2018,0.055933710562453415,98,1752074,JULY_1_RESIDENT_POPULATION,VINTAGE_2020,813410,NAICS2017,ESTABLISHMENTS_PER_1000_RESIDENTS,DIRECT,1,0,CBP_EMPLOYER_813410,CENSUS_CBP_AND_POPULATION_ESTIMATES,INHERITED_RAW_OFFICIAL_ZIP_ARCHIVED_API_MATCH,NONE,-0.06666666666666665,CBP_2018_813410;nst-est2020-alldata.csv:POPESTIMATE2018;S6_CBP_DENSITY_20261002_v1
Idaho,16,2019,0.05869003834415838,105,1789060,JULY_1_RESIDENT_POPULATION,VINTAGE_2020,813410,NAICS2017,ESTABLISHMENTS_PER_1000_RESIDENTS,DIRECT,1,0,CBP_EMPLOYER_813410,CENSUS_CBP_AND_POPULATION_ESTIMATES,INHERITED_RAW_OFFICIAL_ZIP_ARCHIVED_API_MATCH,NONE,0.0714285714285714,CBP_2019_813410;nst-est2020-alldata.csv:POPESTIMATE2019;S6_CBP_DENSITY_20261002_v1
Idaho,16,2020,0.0562363092975382,104,1849339,JULY_1_RESIDENT_POPULATION,VINTAGE_2023,813410,NAICS2017,ESTABLISHMENTS_PER_1000_RESIDENTS,DIRECT,1,0,CBP_EMPLOYER_813410,CENSUS_CBP_AND_POPULATION_ESTIMATES,INHERITED_RAW_OFFICIAL_ZIP_ARCHIVED_API_MATCH,POPULATION_BENCHMARK_BOUNDARY,-0.00952380952380949,CBP_2020_813410;NST-EST2023-ALLDATA.csv:POPESTIMATE2020;S6_CBP_DENSITY_20261002_v1
Idaho,16,2021,0.06143225361334539,117,1904537,JULY_1_RESIDENT_POPULATION,VINTAGE_2023,813410,NAICS2017,ESTABLISHMENTS_PER_1000_RESIDENTS,DIRECT,1,0,CBP_EMPLOYER_813410,CENSUS_CBP_AND_POPULATION_ESTIMATES,INHERITED_RAW_OFFICIAL_ZIP_ARCHIVED_API_MATCH,NONE,0.125,CBP_2021_813410;NST-EST2023-ALLDATA.csv:POPESTIMATE2021;S6_CBP_DENSITY_20261002_v1
Idaho,16,2022,0.06343489104670665,123,1938996,JULY_1_RESIDENT_POPULATION,VINTAGE_2023,813410,NAICS2017,ESTABLISHMENTS_PER_1000_RESIDENTS,DIRECT,1,0,CBP_EMPLOYER_813410,CENSUS_CBP_AND_POPULATION_ESTIMATES,INHERITED_RAW_OFFICIAL_ZIP_ARCHIVED_API_MATCH,NONE,0.05128205128205132,CBP_2022_813410;NST-EST2023-ALLDATA.csv:POPESTIMATE2022;S6_CBP_DENSITY_20261002_v1
Idaho,16,2023,0.06056824208566487,119,1964726,JULY_1_RESIDENT_POPULATION,VINTAGE_2023,813410,NAICS2017,ESTABLISHMENTS_PER_1000_RESIDENTS,DIRECT,1,0,CBP_EMPLOYER_813410,CENSUS_CBP_AND_POPULATION_ESTIMATES,INHERITED_RAW_OFFICIAL_ZIP_ARCHIVED_API_MATCH,NONE,-0.03252032520325199,CBP_2023_813410;NST-EST2023-ALLDATA.csv:POPESTIMATE2023;S6_CBP_DENSITY_20261002_v1
Illinois,17,2000,0.11162795784934745,1388,12434161,JULY_1_RESIDENT_POPULATION,2010_INTERCENSAL,813410,NAICS1997,ESTABLISHMENTS_PER_1000_RESIDENTS,DIRECT,1,0,CBP_EMPLOYER_813410,CENSUS_CBP_AND_POPULATION_ESTIMATES,INHERITED_RAW_OFFICIAL_ZIP_ARCHIVED_API_MATCH,NONE,,CBP_2000_813410;st-est00int-alldata.csv:POPESTIMATE2000;S6_CBP_DENSITY_20261002_v1
Illinois,17,2001,0.10858037169559541,1356,12488445,JULY_1_RESIDENT_POPULATION,2010_INTERCENSAL,813410,NAICS1997,ESTABLISHMENTS_PER_1000_RESIDENTS,DIRECT,1,0,CBP_EMPLOYER_813410,CENSUS_CBP_AND_POPULATION_ESTIMATES,INHERITED_RAW_OFFICIAL_ZIP_ARCHIVED_API_MATCH,NONE,-0.023054755043227626,CBP_2001_813410;st-est00int-alldata.csv:POPESTIMATE2001;S6_CBP_DENSITY_20261002_v1
Illinois,17,2002,0.10562405373462064,1323,12525556,JULY_1_RESIDENT_POPULATION,2010_INTERCENSAL,813410,NAICS1997,ESTABLISHMENTS_PER_1000_RESIDENTS,DIRECT,1,0,CBP_EMPLOYER_813410,CENSUS_CBP_AND_POPULATION_ESTIMATES,INHERITED_RAW_OFFICIAL_ZIP_ARCHIVED_API_MATCH,NONE,-0.02433628318584069,CBP_2002_813410;st-est00int-alldata.csv:POPESTIMATE2002;S6_CBP_DENSITY_20261002_v1
Illinois,17,2003,0.10799612551953224,1356,12556006,JULY_1_RESIDENT_POPULATION,2010_INTERCENSAL,813410,NAICS2002,ESTABLISHMENTS_PER_1000_RESIDENTS,DIRECT,1,0,CBP_EMPLOYER_813410,CENSUS_CBP_AND_POPULATION_ESTIMATES,INHERITED_RAW_OFFICIAL_ZIP_ARCHIVED_API_MATCH,CBP_AUXILIARY_TREATMENT_CHANGE;NAICS_REVISION_CORE_813410_UNCHANGED,0.024943310657596474,CBP_2003_813410;st-est00int-alldata.csv:POPESTIMATE2003;S6_CBP_DENSITY_20261002_v1
Illinois,17,2004,0.10730932162160509,1351,12589773,JULY_1_RESIDENT_POPULATION,2010_INTERCENSAL,813410,NAICS2002,ESTABLISHMENTS_PER_1000_RESIDENTS,DIRECT,1,0,CBP_EMPLOYER_813410,CENSUS_CBP_AND_POPULATION_ESTIMATES,INHERITED_RAW_OFFICIAL_ZIP_ARCHIVED_API_MATCH,NONE,-0.0036873156342183133,CBP_2004_813410;st-est00int-alldata.csv:POPESTIMATE2004;S6_CBP_DENSITY_20261002_v1
Illinois,17,2005,0.10674150308689925,1346,12609903,JULY_1_RESIDENT_POPULATION,2010_INTERCENSAL,813410,NAICS2002,ESTABLISHMENTS_PER_1000_RESIDENTS,DIRECT,1,0,CBP_EMPLOYER_813410,CENSUS_CBP_AND_POPULATION_ESTIMATES,INHERITED_RAW_OFFICIAL_ZIP_ARCHIVED_API_MATCH,NONE,-0.0037009622501850137,CBP_2005_813410;st-est00int-alldata.csv:POPESTIMATE2005;S6_CBP_DENSITY_20261002_v1
Illinois,17,2006,0.10162959295568515,1285,12643955,JULY_1_RESIDENT_POPULATION,2010_INTERCENSAL,813410,NAICS2002,ESTABLISHMENTS_PER_1000_RESIDENTS,DIRECT,1,0,CBP_EMPLOYER_813410,CENSUS_CBP_AND_POPULATION_ESTIMATES,INHERITED_RAW_OFFICIAL_ZIP_ARCHIVED_API_MATCH,NONE,-0.045319465081723576,CBP_2006_813410;st-est00int-alldata.csv:POPESTIMATE2006;S6_CBP_DENSITY_20261002_v1
Illinois,17,2007,0.10042639076373365,1275,12695866,JULY_1_RESIDENT_POPULATION,2010_INTERCENSAL,813410,NAICS2002,ESTABLISHMENTS_PER_1000_RESIDENTS,DIRECT,1,0,CBP_EMPLOYER_813410,CENSUS_CBP_AND_POPULATION_ESTIMATES,INHERITED_RAW_OFFICIAL_ZIP_ARCHIVED_API_MATCH,NONE,-0.0077821011673151474,CBP_2007_813410;st-est00int-alldata.csv:POPESTIMATE2007;S6_CBP_DENSITY_20261002_v1
Illinois,17,2008,0.09476711374046268,1208,12747038,JULY_1_RESIDENT_POPULATION,2010_INTERCENSAL,813410,NAICS2007,ESTABLISHMENTS_PER_1000_RESIDENTS,DIRECT,1,0,CBP_EMPLOYER_813410,CENSUS_CBP_AND_POPULATION_ESTIMATES,INHERITED_RAW_OFFICIAL_ZIP_ARCHIVED_API_MATCH,NAICS_REVISION_CORE_813410_UNCHANGED,-0.052549019607843084,CBP_2008_813410;st-est00int-alldata.csv:POPESTIMATE2008;S6_CBP_DENSITY_20261002_v1
Illinois,17,2009,0.09025709440298176,1155,12796778,JULY_1_RESIDENT_POPULATION,2010_INTERCENSAL,813410,NAICS2007,ESTABLISHMENTS_PER_1000_RESIDENTS,DIRECT,1,0,CBP_EMPLOYER_813410,CENSUS_CBP_AND_POPULATION_ESTIMATES,INHERITED_RAW_OFFICIAL_ZIP_ARCHIVED_API_MATCH,NONE,-0.04387417218543044,CBP_2009_813410;st-est00int-alldata.csv:POPESTIMATE2009;S6_CBP_DENSITY_20261002_v1
Illinois,17,2010,0.08808037353554697,1131,12840545,JULY_1_RESIDENT_POPULATION,VINTAGE_2020,813410,NAICS2007,ESTABLISHMENTS_PER_1000_RESIDENTS,DIRECT,1,0,CBP_EMPLOYER_813410,CENSUS_CBP_AND_POPULATION_ESTIMATES,INHERITED_RAW_OFFICIAL_ZIP_ARCHIVED_API_MATCH,POPULATION_BENCHMARK_BOUNDARY,-0.020779220779220786,CBP_2010_813410;nst-est2020-alldata.csv:POPESTIMATE2010;S6_CBP_DENSITY_20261002_v1
Illinois,17,2011,0.08548481117532057,1100,12867783,JULY_1_RESIDENT_POPULATION,VINTAGE_2020,813410,NAICS2007,ESTABLISHMENTS_PER_1000_RESIDENTS,DIRECT,1,0,CBP_EMPLOYER_813410,CENSUS_CBP_AND_POPULATION_ESTIMATES,INHERITED_RAW_OFFICIAL_ZIP_ARCHIVED_API_MATCH,NONE,-0.027409372236958496,CBP_2011_813410;nst-est2020-alldata.csv:POPESTIMATE2011;S6_CBP_DENSITY_20261002_v1
Illinois,17,2012,0.08258927306613996,1064,12883029,JULY_1_RESIDENT_POPULATION,VINTAGE_2020,813410,NAICS2012,ESTABLISHMENTS_PER_1000_RESIDENTS,DIRECT,1,0,CBP_EMPLOYER_813410,CENSUS_CBP_AND_POPULATION_ESTIMATES,INHERITED_RAW_OFFICIAL_ZIP_ARCHIVED_API_MATCH,NAICS_REVISION_CORE_813410_UNCHANGED,-0.032727272727272716,CBP_2012_813410;nst-est2020-alldata.csv:POPESTIMATE2012;S6_CBP_DENSITY_20261002_v1
Illinois,17,2013,0.08312798188678497,1072,12895778,JULY_1_RESIDENT_POPULATION,VINTAGE_2020,813410,NAICS2012,ESTABLISHMENTS_PER_1000_RESIDENTS,DIRECT,1,0,CBP_EMPLOYER_813410,CENSUS_CBP_AND_POPULATION_ESTIMATES,INHERITED_RAW_OFFICIAL_ZIP_ARCHIVED_API_MATCH,NONE,0.007518796992481258,CBP_2013_813410;nst-est2020-alldata.csv:POPESTIMATE2013;S6_CBP_DENSITY_20261002_v1
Illinois,17,2014,0.08017016875005627,1033,12885092,JULY_1_RESIDENT_POPULATION,VINTAGE_2020,813410,NAICS2012,ESTABLISHMENTS_PER_1000_RESIDENTS,DIRECT,1,0,CBP_EMPLOYER_813410,CENSUS_CBP_AND_POPULATION_ESTIMATES,INHERITED_RAW_OFFICIAL_ZIP_ARCHIVED_API_MATCH,NONE,-0.03638059701492535,CBP_2014_813410;nst-est2020-alldata.csv:POPESTIMATE2014;S6_CBP_DENSITY_20261002_v1
Illinois,17,2015,0.08149563146866715,1048,12859585,JULY_1_RESIDENT_POPULATION,VINTAGE_2020,813410,NAICS2012,ESTABLISHMENTS_PER_1000_RESIDENTS,DIRECT,1,0,CBP_EMPLOYER_813410,CENSUS_CBP_AND_POPULATION_ESTIMATES,INHERITED_RAW_OFFICIAL_ZIP_ARCHIVED_API_MATCH,NONE,0.014520813165537216,CBP_2015_813410;nst-est2020-alldata.csv:POPESTIMATE2015;S6_CBP_DENSITY_20261002_v1
Illinois,17,2016,0.08321823557218465,1067,12821709,JULY_1_RESIDENT_POPULATION,VINTAGE_2020,813410,NAICS2012,ESTABLISHMENTS_PER_1000_RESIDENTS,DIRECT,1,0,CBP_EMPLOYER_813410,CENSUS_CBP_AND_POPULATION_ESTIMATES,INHERITED_RAW_OFFICIAL_ZIP_ARCHIVED_API_MATCH,NONE,0.018129770992366456,CBP_2016_813410;nst-est2020-alldata.csv:POPESTIMATE2016;S6_CBP_DENSITY_20261002_v1
Illinois,17,2017,0.08294279146155605,1060,12779893,JULY_1_RESIDENT_POPULATION,VINTAGE_2020,813410,NAICS2017,ESTABLISHMENTS_PER_1000_RESIDENTS,DIRECT,1,0,CBP_EMPLOYER_813410,CENSUS_CBP_AND_POPULATION_ESTIMATES,INHERITED_RAW_OFFICIAL_ZIP_ARCHIVED_API_MATCH,NAICS_REVISION_CORE_813410_UNCHANGED,-0.006560449859418949,CBP_2017_813410;nst-est2020-alldata.csv:POPESTIMATE2017;S6_CBP_DENSITY_20261002_v1
Illinois,17,2018,0.08070926706633602,1027,12724685,JULY_1_RESIDENT_POPULATION,VINTAGE_2020,813410,NAICS2017,ESTABLISHMENTS_PER_1000_RESIDENTS,DIRECT,1,0,CBP_EMPLOYER_813410,CENSUS_CBP_AND_POPULATION_ESTIMATES,INHERITED_RAW_OFFICIAL_ZIP_ARCHIVED_API_MATCH,NONE,-0.031132075471698162,CBP_2018_813410;nst-est2020-alldata.csv:POPESTIMATE2018;S6_CBP_DENSITY_20261002_v1
Illinois,17,2019,0.0818661568070841,1037,12667017,JULY_1_RESIDENT_POPULATION,VINTAGE_2020,813410,NAICS2017,ESTABLISHMENTS_PER_1000_RESIDENTS,DIRECT,1,0,CBP_EMPLOYER_813410,CENSUS_CBP_AND_POPULATION_ESTIMATES,INHERITED_RAW_OFFICIAL_ZIP_ARCHIVED_API_MATCH,NONE,0.009737098344693385,CBP_2019_813410;nst-est2020-alldata.csv:POPESTIMATE2019;S6_CBP_DENSITY_20261002_v1
Illinois,17,2020,0.08099852099515284,1036,12790357,JULY_1_RESIDENT_POPULATION,VINTAGE_2023,813410,NAICS2017,ESTABLISHMENTS_PER_1000_RESIDENTS,DIRECT,1,0,CBP_EMPLOYER_813410,CENSUS_CBP_AND_POPULATION_ESTIMATES,INHERITED_RAW_OFFICIAL_ZIP_ARCHIVED_API_MATCH,POPULATION_BENCHMARK_BOUNDARY,-0.0009643201542912649,CBP_2020_813410;NST-EST2023-ALLDATA.csv:POPESTIMATE2020;S6_CBP_DENSITY_20261002_v1
Illinois,17,2021,0.07832728844717411,994,12690341,JULY_1_RESIDENT_POPULATION,VINTAGE_2023,813410,NAICS2017,ESTABLISHMENTS_PER_1000_RESIDENTS,DIRECT,1,0,CBP_EMPLOYER_813410,CENSUS_CBP_AND_POPULATION_ESTIMATES,INHERITED_RAW_OFFICIAL_ZIP_ARCHIVED_API_MATCH,NONE,-0.04054054054054057,CBP_2021_813410;NST-EST2023-ALLDATA.csv:POPESTIMATE2021;S6_CBP_DENSITY_20261002_v1
Illinois,17,2022,0.07979326867482375,1004,12582515,JULY_1_RESIDENT_POPULATION,VINTAGE_2023,813410,NAICS2017,ESTABLISHMENTS_PER_1000_RESIDENTS,DIRECT,1,0,CBP_EMPLOYER_813410,CENSUS_CBP_AND_POPULATION_ESTIMATES,INHERITED_RAW_OFFICIAL_ZIP_ARCHIVED_API_MATCH,NONE,0.010060362173038184,CBP_2022_813410;NST-EST2023-ALLDATA.csv:POPESTIMATE2022;S6_CBP_DENSITY_20261002_v1
Illinois,17,2023,0.07912546677451529,993,12549689,JULY_1_RESIDENT_POPULATION,VINTAGE_2023,813410,NAICS2017,ESTABLISHMENTS_PER_1000_RESIDENTS,DIRECT,1,0,CBP_EMPLOYER_813410,CENSUS_CBP_AND_POPULATION_ESTIMATES,INHERITED_RAW_OFFICIAL_ZIP_ARCHIVED_API_MATCH,NONE,-0.010956175298804771,CBP_2023_813410;NST-EST2023-ALLDATA.csv:POPESTIMATE2023;S6_CBP_DENSITY_20261002_v1
Indiana,18,2000,0.20338595760313835,1239,6091866,JULY_1_RESIDENT_POPULATION,2010_INTERCENSAL,813410,NAICS1997,ESTABLISHMENTS_PER_1000_RESIDENTS,DIRECT,1,0,CBP_EMPLOYER_813410,CENSUS_CBP_AND_POPULATION_ESTIMATES,INHERITED_RAW_OFFICIAL_ZIP_ARCHIVED_API_MATCH,NONE,,CBP_2000_813410;st-est00int-alldata.csv:POPESTIMATE2000;S6_CBP_DENSITY_20261002_v1
Indiana,18,2001,0.2028473700014361,1243,6127760,JULY_1_RESIDENT_POPULATION,2010_INTERCENSAL,813410,NAICS1997,ESTABLISHMENTS_PER_1000_RESIDENTS,DIRECT,1,0,CBP_EMPLOYER_813410,CENSUS_CBP_AND_POPULATION_ESTIMATES,INHERITED_RAW_OFFICIAL_ZIP_ARCHIVED_API_MATCH,NONE,0.0032284100080710587,CBP_2001_813410;st-est00int-alldata.csv:POPESTIMATE2001;S6_CBP_DENSITY_20261002_v1
Indiana,18,2002,0.2032174636413743,1251,6155967,JULY_1_RESIDENT_POPULATION,2010_INTERCENSAL,813410,NAICS1997,ESTABLISHMENTS_PER_1000_RESIDENTS,DIRECT,1,0,CBP_EMPLOYER_813410,CENSUS_CBP_AND_POPULATION_ESTIMATES,INHERITED_RAW_OFFICIAL_ZIP_ARCHIVED_API_MATCH,NONE,0.006436041834271933,CBP_2002_813410;st-est00int-alldata.csv:POPESTIMATE2002;S6_CBP_DENSITY_20261002_v1
Indiana,18,2003,0.205272601045922,1272,6196638,JULY_1_RESIDENT_POPULATION,2010_INTERCENSAL,813410,NAICS2002,ESTABLISHMENTS_PER_1000_RESIDENTS,DIRECT,1,0,CBP_EMPLOYER_813410,CENSUS_CBP_AND_POPULATION_ESTIMATES,INHERITED_RAW_OFFICIAL_ZIP_ARCHIVED_API_MATCH,CBP_AUXILIARY_TREATMENT_CHANGE;NAICS_REVISION_CORE_813410_UNCHANGED,0.01678657074340517,CBP_2003_813410;st-est00int-alldata.csv:POPESTIMATE2003;S6_CBP_DENSITY_20261002_v1
Indiana,18,2004,0.202470492973937,1262,6233007,JULY_1_RESIDENT_POPULATION,2010_INTERCENSAL,813410,NAICS2002,ESTABLISHMENTS_PER_1000_RESIDENTS,DIRECT,1,0,CBP_EMPLOYER_813410,CENSUS_CBP_AND_POPULATION_ESTIMATES,INHERITED_RAW_OFFICIAL_ZIP_ARCHIVED_API_MATCH,NONE,-0.00786163522012584,CBP_2004_813410;st-est00int-alldata.csv:POPESTIMATE2004;S6_CBP_DENSITY_20261002_v1
Indiana,18,2005,0.1987699199951072,1248,6278616,JULY_1_RESIDENT_POPULATION,2010_INTERCENSAL,813410,NAICS2002,ESTABLISHMENTS_PER_1000_RESIDENTS,DIRECT,1,0,CBP_EMPLOYER_813410,CENSUS_CBP_AND_POPULATION_ESTIMATES,INHERITED_RAW_OFFICIAL_ZIP_ARCHIVED_API_MATCH,NONE,-0.011093502377179099,CBP_2005_813410;st-est00int-alldata.csv:POPESTIMATE2005;S6_CBP_DENSITY_20261002_v1
Indiana,18,2006,0.18791444807868532,1190,6332669,JULY_1_RESIDENT_POPULATION,2010_INTERCENSAL,813410,NAICS2002,ESTABLISHMENTS_PER_1000_RESIDENTS,DIRECT,1,0,CBP_EMPLOYER_813410,CENSUS_CBP_AND_POPULATION_ESTIMATES,INHERITED_RAW_OFFICIAL_ZIP_ARCHIVED_API_MATCH,NONE,-0.04647435897435892,CBP_2006_813410;st-est00int-alldata.csv:POPESTIMATE2006;S6_CBP_DENSITY_20261002_v1
Indiana,18,2007,0.18182961029368774,1160,6379599,JULY_1_RESIDENT_POPULATION,2010_INTERCENSAL,813410,NAICS2002,ESTABLISHMENTS_PER_1000_RESIDENTS,DIRECT,1,0,CBP_EMPLOYER_813410,CENSUS_CBP_AND_POPULATION_ESTIMATES,INHERITED_RAW_OFFICIAL_ZIP_ARCHIVED_API_MATCH,NONE,-0.025210084033613467,CBP_2007_813410;st-est00int-alldata.csv:POPESTIMATE2007;S6_CBP_DENSITY_20261002_v1
Indiana,18,2008,0.17370174290087514,1116,6424806,JULY_1_RESIDENT_POPULATION,2010_INTERCENSAL,813410,NAICS2007,ESTABLISHMENTS_PER_1000_RESIDENTS,DIRECT,1,0,CBP_EMPLOYER_813410,CENSUS_CBP_AND_POPULATION_ESTIMATES,INHERITED_RAW_OFFICIAL_ZIP_ARCHIVED_API_MATCH,NAICS_REVISION_CORE_813410_UNCHANGED,-0.037931034482758585,CBP_2008_813410;st-est00int-alldata.csv:POPESTIMATE2008;S6_CBP_DENSITY_20261002_v1
Indiana,18,2009,0.168129022769407,1086,6459325,JULY_1_RESIDENT_POPULATION,2010_INTERCENSAL,813410,NAICS2007,ESTABLISHMENTS_PER_1000_RESIDENTS,DIRECT,1,0,CBP_EMPLOYER_813410,CENSUS_CBP_AND_POPULATION_ESTIMATES,INHERITED_RAW_OFFICIAL_ZIP_ARCHIVED_API_MATCH,NONE,-0.026881720430107503,CBP_2009_813410;st-est00int-alldata.csv:POPESTIMATE2009;S6_CBP_DENSITY_20261002_v1
Indiana,18,2010,0.1665497018359755,1081,6490555,JULY_1_RESIDENT_POPULATION,VINTAGE_2020,813410,NAICS2007,ESTABLISHMENTS_PER_1000_RESIDENTS,DIRECT,1,0,CBP_EMPLOYER_813410,CENSUS_CBP_AND_POPULATION_ESTIMATES,INHERITED_RAW_OFFICIAL_ZIP_ARCHIVED_API_MATCH,POPULATION_BENCHMARK_BOUNDARY,-0.004604051565377576,CBP_2010_813410;nst-est2020-alldata.csv:POPESTIMATE2010;S6_CBP_DENSITY_20261002_v1
Indiana,18,2011,0.1609574590509801,1049,6517250,JULY_1_RESIDENT_POPULATION,VINTAGE_2020,813410,NAICS2007,ESTABLISHMENTS_PER_1000_RESIDENTS,DIRECT,1,0,CBP_EMPLOYER_813410,CENSUS_CBP_AND_POPULATION_ESTIMATES,INHERITED_RAW_OFFICIAL_ZIP_ARCHIVED_API_MATCH,NONE,-0.029602220166512483,CBP_2011_813410;nst-est2020-alldata.csv:POPESTIMATE2011;S6_CBP_DENSITY_20261002_v1
Indiana,18,2012,0.15629327408258373,1022,6538989,JULY_1_RESIDENT_POPULATION,VINTAGE_2020,813410,NAICS2012,ESTABLISHMENTS_PER_1000_RESIDENTS,DIRECT,1,0,CBP_EMPLOYER_813410,CENSUS_CBP_AND_POPULATION_ESTIMATES,INHERITED_RAW_OFFICIAL_ZIP_ARCHIVED_API_MATCH,NAICS_REVISION_CORE_813410_UNCHANGED,-0.025738798856053346,CBP_2012_813410;nst-est2020-alldata.csv:POPESTIMATE2012;S6_CBP_DENSITY_20261002_v1
Indiana,18,2013,0.15341123113273952,1008,6570575,JULY_1_RESIDENT_POPULATION,VINTAGE_2020,813410,NAICS2012,ESTABLISHMENTS_PER_1000_RESIDENTS,DIRECT,1,0,CBP_EMPLOYER_813410,CENSUS_CBP_AND_POPULATION_ESTIMATES,INHERITED_RAW_OFFICIAL_ZIP_ARCHIVED_API_MATCH,NONE,-0.013698630136986356,CBP_2013_813410;nst-est2020-alldata.csv:POPESTIMATE2013;S6_CBP_DENSITY_20261002_v1
Indiana,18,2014,0.14902928569490173,983,6596019,JULY_1_RESIDENT_POPULATION,VINTAGE_2020,813410,NAICS2012,ESTABLISHMENTS_PER_1000_RESIDENTS,DIRECT,1,0,CBP_EMPLOYER_813410,CENSUS_CBP_AND_POPULATION_ESTIMATES,INHERITED_RAW_OFFICIAL_ZIP_ARCHIVED_API_MATCH,NONE,-0.024801587301587324,CBP_2014_813410;nst-est2020-alldata.csv:POPESTIMATE2014;S6_CBP_DENSITY_20261002_v1
Indiana,18,2015,0.14928664578771167,987,6611442,JULY_1_RESIDENT_POPULATION,VINTAGE_2020,813410,NAICS2012,ESTABLISHMENTS_PER_1000_RESIDENTS,DIRECT,1,0,CBP_EMPLOYER_813410,CENSUS_CBP_AND_POPULATION_ESTIMATES,INHERITED_RAW_OFFICIAL_ZIP_ARCHIVED_API_MATCH,NONE,0.004069175991861629,CBP_2015_813410;nst-est2020-alldata.csv:POPESTIMATE2015;S6_CBP_DENSITY_20261002_v1
Indiana,18,2016,0.14929424947475844,991,6637898,JULY_1_RESIDENT_POPULATION,VINTAGE_2020,813410,NAICS2012,ESTABLISHMENTS_PER_1000_RESIDENTS,DIRECT,1,0,CBP_EMPLOYER_813410,CENSUS_CBP_AND_POPULATION_ESTIMATES,INHERITED_RAW_OFFICIAL_ZIP_ARCHIVED_API_MATCH,NONE,0.004052684903748771,CBP_2016_813410;nst-est2020-alldata.csv:POPESTIMATE2016;S6_CBP_DENSITY_20261002_v1
Indiana,18,2017,0.14710147059441603,980,6662068,JULY_1_RESIDENT_POPULATION,VINTAGE_2020,813410,NAICS2017,ESTABLISHMENTS_PER_1000_RESIDENTS,DIRECT,1,0,CBP_EMPLOYER_813410,CENSUS_CBP_AND_POPULATION_ESTIMATES,INHERITED_RAW_OFFICIAL_ZIP_ARCHIVED_API_MATCH,NAICS_REVISION_CORE_813410_UNCHANGED,-0.011099899091826404,CBP_2017_813410;nst-est2020-alldata.csv:POPESTIMATE2017;S6_CBP_DENSITY_20261002_v1
Indiana,18,2018,0.14227106115550675,953,6698481,JULY_1_RESIDENT_POPULATION,VINTAGE_2020,813410,NAICS2017,ESTABLISHMENTS_PER_1000_RESIDENTS,DIRECT,1,0,CBP_EMPLOYER_813410,CENSUS_CBP_AND_POPULATION_ESTIMATES,INHERITED_RAW_OFFICIAL_ZIP_ARCHIVED_API_MATCH,NONE,-0.027551020408163263,CBP_2018_813410;nst-est2020-alldata.csv:POPESTIMATE2018;S6_CBP_DENSITY_20261002_v1
Indiana,18,2019,0.1378693539305394,928,6731010,JULY_1_RESIDENT_POPULATION,VINTAGE_2020,813410,NAICS2017,ESTABLISHMENTS_PER_1000_RESIDENTS,DIRECT,1,0,CBP_EMPLOYER_813410,CENSUS_CBP_AND_POPULATION_ESTIMATES,INHERITED_RAW_OFFICIAL_ZIP_ARCHIVED_API_MATCH,NONE,-0.026232948583420734,CBP_2019_813410;nst-est2020-alldata.csv:POPESTIMATE2019;S6_CBP_DENSITY_20261002_v1
Indiana,18,2020,0.13713161895733425,931,6789098,JULY_1_RESIDENT_POPULATION,VINTAGE_2023,813410,NAICS2017,ESTABLISHMENTS_PER_1000_RESIDENTS,DIRECT,1,0,CBP_EMPLOYER_813410,CENSUS_CBP_AND_POPULATION_ESTIMATES,INHERITED_RAW_OFFICIAL_ZIP_ARCHIVED_API_MATCH,POPULATION_BENCHMARK_BOUNDARY,0.003232758620689724,CBP_2020_813410;NST-EST2023-ALLDATA.csv:POPESTIMATE2020;S6_CBP_DENSITY_20261002_v1
Indiana,18,2021,0.12973674887338899,884,6813798,JULY_1_RESIDENT_POPULATION,VINTAGE_2023,813410,NAICS2017,ESTABLISHMENTS_PER_1000_RESIDENTS,DIRECT,1,0,CBP_EMPLOYER_813410,CENSUS_CBP_AND_POPULATION_ESTIMATES,INHERITED_RAW_OFFICIAL_ZIP_ARCHIVED_API_MATCH,NONE,-0.050483351235230955,CBP_2021_813410;NST-EST2023-ALLDATA.csv:POPESTIMATE2021;S6_CBP_DENSITY_20261002_v1
Indiana,18,2022,0.13231319469915873,904,6832274,JULY_1_RESIDENT_POPULATION,VINTAGE_2023,813410,NAICS2017,ESTABLISHMENTS_PER_1000_RESIDENTS,DIRECT,1,0,CBP_EMPLOYER_813410,CENSUS_CBP_AND_POPULATION_ESTIMATES,INHERITED_RAW_OFFICIAL_ZIP_ARCHIVED_API_MATCH,NONE,0.02262443438914019,CBP_2022_813410;NST-EST2023-ALLDATA.csv:POPESTIMATE2022;S6_CBP_DENSITY_20261002_v1
Indiana,18,2023,0.1312990194542595,901,6862199,JULY_1_RESIDENT_POPULATION,VINTAGE_2023,813410,NAICS2017,ESTABLISHMENTS_PER_1000_RESIDENTS,DIRECT,1,0,CBP_EMPLOYER_813410,CENSUS_CBP_AND_POPULATION_ESTIMATES,INHERITED_RAW_OFFICIAL_ZIP_ARCHIVED_API_MATCH,NONE,-0.0033185840707964376,CBP_2023_813410;NST-EST2023-ALLDATA.csv:POPESTIMATE2023;S6_CBP_DENSITY_20261002_v1
Iowa,19,2000,0.1683129815739961,493,2929067,JULY_1_RESIDENT_POPULATION,2010_INTERCENSAL,813410,NAICS1997,ESTABLISHMENTS_PER_1000_RESIDENTS,DIRECT,1,0,CBP_EMPLOYER_813410,CENSUS_CBP_AND_POPULATION_ESTIMATES,INHERITED_RAW_OFFICIAL_ZIP_ARCHIVED_API_MATCH,NONE,,CBP_2000_813410;st-est00int-alldata.csv:POPESTIMATE2000;S6_CBP_DENSITY_20261002_v1
Iowa,19,2001,0.16473413854106944,483,2931997,JULY_1_RESIDENT_POPULATION,2010_INTERCENSAL,813410,NAICS1997,ESTABLISHMENTS_PER_1000_RESIDENTS,DIRECT,1,0,CBP_EMPLOYER_813410,CENSUS_CBP_AND_POPULATION_ESTIMATES,INHERITED_RAW_OFFICIAL_ZIP_ARCHIVED_API_MATCH,NONE,-0.020283975659229236,CBP_2001_813410;st-est00int-alldata.csv:POPESTIMATE2001;S6_CBP_DENSITY_20261002_v1
Iowa,19,2002,0.16290452636020167,478,2934234,JULY_1_RESIDENT_POPULATION,2010_INTERCENSAL,813410,NAICS1997,ESTABLISHMENTS_PER_1000_RESIDENTS,DIRECT,1,0,CBP_EMPLOYER_813410,CENSUS_CBP_AND_POPULATION_ESTIMATES,INHERITED_RAW_OFFICIAL_ZIP_ARCHIVED_API_MATCH,NONE,-0.010351966873705987,CBP_2002_813410;st-est00int-alldata.csv:POPESTIMATE2002;S6_CBP_DENSITY_20261002_v1
Iowa,19,2003,0.16961256614975057,499,2941999,JULY_1_RESIDENT_POPULATION,2010_INTERCENSAL,813410,NAICS2002,ESTABLISHMENTS_PER_1000_RESIDENTS,DIRECT,1,0,CBP_EMPLOYER_813410,CENSUS_CBP_AND_POPULATION_ESTIMATES,INHERITED_RAW_OFFICIAL_ZIP_ARCHIVED_API_MATCH,CBP_AUXILIARY_TREATMENT_CHANGE;NAICS_REVISION_CORE_813410_UNCHANGED,0.043933054393305415,CBP_2003_813410;st-est00int-alldata.csv:POPESTIMATE2003;S6_CBP_DENSITY_20261002_v1
Iowa,19,2004,0.16488157812322782,487,2953635,JULY_1_RESIDENT_POPULATION,2010_INTERCENSAL,813410,NAICS2002,ESTABLISHMENTS_PER_1000_RESIDENTS,DIRECT,1,0,CBP_EMPLOYER_813410,CENSUS_CBP_AND_POPULATION_ESTIMATES,INHERITED_RAW_OFFICIAL_ZIP_ARCHIVED_API_MATCH,NONE,-0.024048096192384794,CBP_2004_813410;st-est00int-alldata.csv:POPESTIMATE2004;S6_CBP_DENSITY_20261002_v1
Iowa,19,2005,0.16056919756555507,476,2964454,JULY_1_RESIDENT_POPULATION,2010_INTERCENSAL,813410,NAICS2002,ESTABLISHMENTS_PER_1000_RESIDENTS,DIRECT,1,0,CBP_EMPLOYER_813410,CENSUS_CBP_AND_POPULATION_ESTIMATES,INHERITED_RAW_OFFICIAL_ZIP_ARCHIVED_API_MATCH,NONE,-0.022587268993839782,CBP_2005_813410;st-est00int-alldata.csv:POPESTIMATE2005;S6_CBP_DENSITY_20261002_v1
Iowa,19,2006,0.14919648472965596,445,2982644,JULY_1_RESIDENT_POPULATION,2010_INTERCENSAL,813410,NAICS2002,ESTABLISHMENTS_PER_1000_RESIDENTS,DIRECT,1,0,CBP_EMPLOYER_813410,CENSUS_CBP_AND_POPULATION_ESTIMATES,INHERITED_RAW_OFFICIAL_ZIP_ARCHIVED_API_MATCH,NONE,-0.06512605042016806,CBP_2006_813410;st-est00int-alldata.csv:POPESTIMATE2006;S6_CBP_DENSITY_20261002_v1
Iowa,19,2007,0.14203730846635715,426,2999212,JULY_1_RESIDENT_POPULATION,2010_INTERCENSAL,813410,NAICS2002,ESTABLISHMENTS_PER_1000_RESIDENTS,DIRECT,1,0,CBP_EMPLOYER_813410,CENSUS_CBP_AND_POPULATION_ESTIMATES,INHERITED_RAW_OFFICIAL_ZIP_ARCHIVED_API_MATCH,NONE,-0.04269662921348316,CBP_2007_813410;st-est00int-alldata.csv:POPESTIMATE2007;S6_CBP_DENSITY_20261002_v1
Iowa,19,2008,0.13060481964932938,394,3016734,JULY_1_RESIDENT_POPULATION,2010_INTERCENSAL,813410,NAICS2007,ESTABLISHMENTS_PER_1000_RESIDENTS,DIRECT,1,0,CBP_EMPLOYER_813410,CENSUS_CBP_AND_POPULATION_ESTIMATES,INHERITED_RAW_OFFICIAL_ZIP_ARCHIVED_API_MATCH,NAICS_REVISION_CORE_813410_UNCHANGED,-0.07511737089201875,CBP_2008_813410;st-est00int-alldata.csv:POPESTIMATE2008;S6_CBP_DENSITY_20261002_v1
Iowa,19,2009,0.1259533049553723,382,3032870,JULY_1_RESIDENT_POPULATION,2010_INTERCENSAL,813410,NAICS2007,ESTABLISHMENTS_PER_1000_RESIDENTS,DIRECT,1,0,CBP_EMPLOYER_813410,CENSUS_CBP_AND_POPULATION_ESTIMATES,INHERITED_RAW_OFFICIAL_ZIP_ARCHIVED_API_MATCH,NONE,-0.030456852791878153,CBP_2009_813410;st-est00int-alldata.csv:POPESTIMATE2009;S6_CBP_DENSITY_20261002_v1
Iowa,19,2010,0.12291781321671329,375,3050819,JULY_1_RESIDENT_POPULATION,VINTAGE_2020,813410,NAICS2007,ESTABLISHMENTS_PER_1000_RESIDENTS,DIRECT,1,0,CBP_EMPLOYER_813410,CENSUS_CBP_AND_POPULATION_ESTIMATES,INHERITED_RAW_OFFICIAL_ZIP_ARCHIVED_API_MATCH,POPULATION_BENCHMARK_BOUNDARY,-0.01832460732984298,CBP_2010_813410;nst-est2020-alldata.csv:POPESTIMATE2010;S6_CBP_DENSITY_20261002_v1
Iowa,19,2011,0.11608296932409713,356,3066772,JULY_1_RESIDENT_POPULATION,VINTAGE_2020,813410,NAICS2007,ESTABLISHMENTS_PER_1000_RESIDENTS,DIRECT,1,0,CBP_EMPLOYER_813410,CENSUS_CBP_AND_POPULATION_ESTIMATES,INHERITED_RAW_OFFICIAL_ZIP_ARCHIVED_API_MATCH,NONE,-0.05066666666666664,CBP_2011_813410;nst-est2020-alldata.csv:POPESTIMATE2011;S6_CBP_DENSITY_20261002_v1
Iowa,19,2012,0.11700300697727932,360,3076844,JULY_1_RESIDENT_POPULATION,VINTAGE_2020,813410,NAICS2012,ESTABLISHMENTS_PER_1000_RESIDENTS,DIRECT,1,0,CBP_EMPLOYER_813410,CENSUS_CBP_AND_POPULATION_ESTIMATES,INHERITED_RAW_OFFICIAL_ZIP_ARCHIVED_API_MATCH,NAICS_REVISION_CORE_813410_UNCHANGED,0.011235955056179803,CBP_2012_813410;nst-est2020-alldata.csv:POPESTIMATE2012;S6_CBP_DENSITY_20261002_v1
Iowa,19,2013,0.11474061349058723,355,3093935,JULY_1_RESIDENT_POPULATION,VINTAGE_2020,813410,NAICS2012,ESTABLISHMENTS_PER_1000_RESIDENTS,DIRECT,1,0,CBP_EMPLOYER_813410,CENSUS_CBP_AND_POPULATION_ESTIMATES,INHERITED_RAW_OFFICIAL_ZIP_ARCHIVED_API_MATCH,NONE,-0.01388888888888884,CBP_2013_813410;nst-est2020-alldata.csv:POPESTIMATE2013;S6_CBP_DENSITY_20261002_v1
Iowa,19,2014,0.11830351473955705,368,3110643,JULY_1_RESIDENT_POPULATION,VINTAGE_2020,813410,NAICS2012,ESTABLISHMENTS_PER_1000_RESIDENTS,DIRECT,1,0,CBP_EMPLOYER_813410,CENSUS_CBP_AND_POPULATION_ESTIMATES,INHERITED_RAW_OFFICIAL_ZIP_ARCHIVED_API_MATCH,NONE,0.036619718309859106,CBP_2014_813410;nst-est2020-alldata.csv:POPESTIMATE2014;S6_CBP_DENSITY_20261002_v1
Iowa,19,2015,0.11689197996119187,365,3122541,JULY_1_RESIDENT_POPULATION,VINTAGE_2020,813410,NAICS2012,ESTABLISHMENTS_PER_1000_RESIDENTS,DIRECT,1,0,CBP_EMPLOYER_813410,CENSUS_CBP_AND_POPULATION_ESTIMATES,INHERITED_RAW_OFFICIAL_ZIP_ARCHIVED_API_MATCH,NONE,-0.008152173913043459,CBP_2015_813410;nst-est2020-alldata.csv:POPESTIMATE2015;S6_CBP_DENSITY_20261002_v1
Iowa,19,2016,0.11234484761634234,352,3133210,JULY_1_RESIDENT_POPULATION,VINTAGE_2020,813410,NAICS2012,ESTABLISHMENTS_PER_1000_RESIDENTS,DIRECT,1,0,CBP_EMPLOYER_813410,CENSUS_CBP_AND_POPULATION_ESTIMATES,INHERITED_RAW_OFFICIAL_ZIP_ARCHIVED_API_MATCH,NONE,-0.03561643835616435,CBP_2016_813410;nst-est2020-alldata.csv:POPESTIMATE2016;S6_CBP_DENSITY_20261002_v1
Iowa,19,2017,0.11737634290941919,369,3143734,JULY_1_RESIDENT_POPULATION,VINTAGE_2020,813410,NAICS2017,ESTABLISHMENTS_PER_1000_RESIDENTS,DIRECT,1,0,CBP_EMPLOYER_813410,CENSUS_CBP_AND_POPULATION_ESTIMATES,INHERITED_RAW_OFFICIAL_ZIP_ARCHIVED_API_MATCH,NAICS_REVISION_CORE_813410_UNCHANGED,0.048295454545454586,CBP_2017_813410;nst-est2020-alldata.csv:POPESTIMATE2017;S6_CBP_DENSITY_20261002_v1
Iowa,19,2018,0.10857487539286961,342,3149900,JULY_1_RESIDENT_POPULATION,VINTAGE_2020,813410,NAICS2017,ESTABLISHMENTS_PER_1000_RESIDENTS,DIRECT,1,0,CBP_EMPLOYER_813410,CENSUS_CBP_AND_POPULATION_ESTIMATES,INHERITED_RAW_OFFICIAL_ZIP_ARCHIVED_API_MATCH,NONE,-0.07317073170731703,CBP_2018_813410;nst-est2020-alldata.csv:POPESTIMATE2018;S6_CBP_DENSITY_20261002_v1
Iowa,19,2019,0.10919117507428164,345,3159596,JULY_1_RESIDENT_POPULATION,VINTAGE_2020,813410,NAICS2017,ESTABLISHMENTS_PER_1000_RESIDENTS,DIRECT,1,0,CBP_EMPLOYER_813410,CENSUS_CBP_AND_POPULATION_ESTIMATES,INHERITED_RAW_OFFICIAL_ZIP_ARCHIVED_API_MATCH,NONE,0.00877192982456143,CBP_2019_813410;nst-est2020-alldata.csv:POPESTIMATE2019;S6_CBP_DENSITY_20261002_v1
Iowa,19,2020,0.0999716694704698,319,3190904,JULY_1_RESIDENT_POPULATION,VINTAGE_2023,813410,NAICS2017,ESTABLISHMENTS_PER_1000_RESIDENTS,DIRECT,1,0,CBP_EMPLOYER_813410,CENSUS_CBP_AND_POPULATION_ESTIMATES,INHERITED_RAW_OFFICIAL_ZIP_ARCHIVED_API_MATCH,POPULATION_BENCHMARK_BOUNDARY,-0.07536231884057976,CBP_2020_813410;NST-EST2023-ALLDATA.csv:POPESTIMATE2020;S6_CBP_DENSITY_20261002_v1
Iowa,19,2021,0.09818808584515552,314,3197944,JULY_1_RESIDENT_POPULATION,VINTAGE_2023,813410,NAICS2017,ESTABLISHMENTS_PER_1000_RESIDENTS,DIRECT,1,0,CBP_EMPLOYER_813410,CENSUS_CBP_AND_POPULATION_ESTIMATES,INHERITED_RAW_OFFICIAL_ZIP_ARCHIVED_API_MATCH,NONE,-0.01567398119122254,CBP_2021_813410;NST-EST2023-ALLDATA.csv:POPESTIMATE2021;S6_CBP_DENSITY_20261002_v1
Iowa,19,2022,0.09500911493696426,304,3199693,JULY_1_RESIDENT_POPULATION,VINTAGE_2023,813410,NAICS2017,ESTABLISHMENTS_PER_1000_RESIDENTS,DIRECT,1,0,CBP_EMPLOYER_813410,CENSUS_CBP_AND_POPULATION_ESTIMATES,INHERITED_RAW_OFFICIAL_ZIP_ARCHIVED_API_MATCH,NONE,-0.031847133757961776,CBP_2022_813410;NST-EST2023-ALLDATA.csv:POPESTIMATE2022;S6_CBP_DENSITY_20261002_v1
Iowa,19,2023,0.09666342792213542,310,3207004,JULY_1_RESIDENT_POPULATION,VINTAGE_2023,813410,NAICS2017,ESTABLISHMENTS_PER_1000_RESIDENTS,DIRECT,1,0,CBP_EMPLOYER_813410,CENSUS_CBP_AND_POPULATION_ESTIMATES,INHERITED_RAW_OFFICIAL_ZIP_ARCHIVED_API_MATCH,NONE,0.019736842105263053,CBP_2023_813410;NST-EST2023-ALLDATA.csv:POPESTIMATE2023;S6_CBP_DENSITY_20261002_v1
Kansas,20,2000,0.15777666323517892,425,2693681,JULY_1_RESIDENT_POPULATION,2010_INTERCENSAL,813410,NAICS1997,ESTABLISHMENTS_PER_1000_RESIDENTS,DIRECT,1,0,CBP_EMPLOYER_813410,CENSUS_CBP_AND_POPULATION_ESTIMATES,INHERITED_RAW_OFFICIAL_ZIP_ARCHIVED_API_MATCH,NONE,,CBP_2000_813410;st-est00int-alldata.csv:POPESTIMATE2000;S6_CBP_DENSITY_20261002_v1
Kansas,20,2001,0.15654131765601026,423,2702162,JULY_1_RESIDENT_POPULATION,2010_INTERCENSAL,813410,NAICS1997,ESTABLISHMENTS_PER_1000_RESIDENTS,DIRECT,1,0,CBP_EMPLOYER_813410,CENSUS_CBP_AND_POPULATION_ESTIMATES,INHERITED_RAW_OFFICIAL_ZIP_ARCHIVED_API_MATCH,NONE,-0.004705882352941226,CBP_2001_813410;st-est00int-alldata.csv:POPESTIMATE2001;S6_CBP_DENSITY_20261002_v1
Kansas,20,2002,0.15183146707155057,412,2713535,JULY_1_RESIDENT_POPULATION,2010_INTERCENSAL,813410,NAICS1997,ESTABLISHMENTS_PER_1000_RESIDENTS,DIRECT,1,0,CBP_EMPLOYER_813410,CENSUS_CBP_AND_POPULATION_ESTIMATES,INHERITED_RAW_OFFICIAL_ZIP_ARCHIVED_API_MATCH,NONE,-0.026004728132387744,CBP_2002_813410;st-est00int-alldata.csv:POPESTIMATE2002;S6_CBP_DENSITY_20261002_v1
Kansas,20,2003,0.15717935045266185,428,2723004,JULY_1_RESIDENT_POPULATION,2010_INTERCENSAL,813410,NAICS2002,ESTABLISHMENTS_PER_1000_RESIDENTS,DIRECT,1,0,CBP_EMPLOYER_813410,CENSUS_CBP_AND_POPULATION_ESTIMATES,INHERITED_RAW_OFFICIAL_ZIP_ARCHIVED_API_MATCH,CBP_AUXILIARY_TREATMENT_CHANGE;NAICS_REVISION_CORE_813410_UNCHANGED,0.03883495145631066,CBP_2003_813410;st-est00int-alldata.csv:POPESTIMATE2003;S6_CBP_DENSITY_20261002_v1
Kansas,20,2004,0.14994296681542715,410,2734373,JULY_1_RESIDENT_POPULATION,2010_INTERCENSAL,813410,NAICS2002,ESTABLISHMENTS_PER_1000_RESIDENTS,DIRECT,1,0,CBP_EMPLOYER_813410,CENSUS_CBP_AND_POPULATION_ESTIMATES,INHERITED_RAW_OFFICIAL_ZIP_ARCHIVED_API_MATCH,NONE,-0.04205607476635509,CBP_2004_813410;st-est00int-alldata.csv:POPESTIMATE2004;S6_CBP_DENSITY_20261002_v1
Kansas,20,2005,0.15116750488744576,415,2745299,JULY_1_RESIDENT_POPULATION,2010_INTERCENSAL,813410,NAICS2002,ESTABLISHMENTS_PER_1000_RESIDENTS,DIRECT,1,0,CBP_EMPLOYER_813410,CENSUS_CBP_AND_POPULATION_ESTIMATES,INHERITED_RAW_OFFICIAL_ZIP_ARCHIVED_API_MATCH,NONE,0.012195121951219523,CBP_2005_813410;st-est00int-alldata.csv:POPESTIMATE2005;S6_CBP_DENSITY_20261002_v1
Kansas,20,2006,0.139344775530044,385,2762931,JULY_1_RESIDENT_POPULATION,2010_INTERCENSAL,813410,NAICS2002,ESTABLISHMENTS_PER_1000_RESIDENTS,DIRECT,1,0,CBP_EMPLOYER_813410,CENSUS_CBP_AND_POPULATION_ESTIMATES,INHERITED_RAW_OFFICIAL_ZIP_ARCHIVED_API_MATCH,NONE,-0.07228915662650603,CBP_2006_813410;st-est00int-alldata.csv:POPESTIMATE2006;S6_CBP_DENSITY_20261002_v1
Kansas,20,2007,0.13686401787494365,381,2783785,JULY_1_RESIDENT_POPULATION,2010_INTERCENSAL,813410,NAICS2002,ESTABLISHMENTS_PER_1000_RESIDENTS,DIRECT,1,0,CBP_EMPLOYER_813410,CENSUS_CBP_AND_POPULATION_ESTIMATES,INHERITED_RAW_OFFICIAL_ZIP_ARCHIVED_API_MATCH,NONE,-0.010389610389610393,CBP_2007_813410;st-est00int-alldata.csv:POPESTIMATE2007;S6_CBP_DENSITY_20261002_v1
Kansas,20,2008,0.13105058410100012,368,2808076,JULY_1_RESIDENT_POPULATION,2010_INTERCENSAL,813410,NAICS2007,ESTABLISHMENTS_PER_1000_RESIDENTS,DIRECT,1,0,CBP_EMPLOYER_813410,CENSUS_CBP_AND_POPULATION_ESTIMATES,INHERITED_RAW_OFFICIAL_ZIP_ARCHIVED_API_MATCH,NAICS_REVISION_CORE_813410_UNCHANGED,-0.034120734908136496,CBP_2008_813410;st-est00int-alldata.csv:POPESTIMATE2008;S6_CBP_DENSITY_20261002_v1
Kansas,20,2009,0.12955818892478704,367,2832704,JULY_1_RESIDENT_POPULATION,2010_INTERCENSAL,813410,NAICS2007,ESTABLISHMENTS_PER_1000_RESIDENTS,DIRECT,1,0,CBP_EMPLOYER_813410,CENSUS_CBP_AND_POPULATION_ESTIMATES,INHERITED_RAW_OFFICIAL_ZIP_ARCHIVED_API_MATCH,NONE,-0.0027173913043477826,CBP_2009_813410;st-est00int-alldata.csv:POPESTIMATE2009;S6_CBP_DENSITY_20261002_v1
Kansas,20,2010,0.1252507639247012,358,2858266,JULY_1_RESIDENT_POPULATION,VINTAGE_2020,813410,NAICS2007,ESTABLISHMENTS_PER_1000_RESIDENTS,DIRECT,1,0,CBP_EMPLOYER_813410,CENSUS_CBP_AND_POPULATION_ESTIMATES,INHERITED_RAW_OFFICIAL_ZIP_ARCHIVED_API_MATCH,POPULATION_BENCHMARK_BOUNDARY,-0.02452316076294281,CBP_2010_813410;nst-est2020-alldata.csv:POPESTIMATE2010;S6_CBP_DENSITY_20261002_v1
Kansas,20,2011,0.12126800333277926,348,2869677,JULY_1_RESIDENT_POPULATION,VINTAGE_2020,813410,NAICS2007,ESTABLISHMENTS_PER_1000_RESIDENTS,DIRECT,1,0,CBP_EMPLOYER_813410,CENSUS_CBP_AND_POPULATION_ESTIMATES,INHERITED_RAW_OFFICIAL_ZIP_ARCHIVED_API_MATCH,NONE,-0.027932960893854775,CBP_2011_813410;nst-est2020-alldata.csv:POPESTIMATE2011;S6_CBP_DENSITY_20261002_v1
Kansas,20,2012,0.11261167613297741,325,2886024,JULY_1_RESIDENT_POPULATION,VINTAGE_2020,813410,NAICS2012,ESTABLISHMENTS_PER_1000_RESIDENTS,DIRECT,1,0,CBP_EMPLOYER_813410,CENSUS_CBP_AND_POPULATION_ESTIMATES,INHERITED_RAW_OFFICIAL_ZIP_ARCHIVED_API_MATCH,NAICS_REVISION_CORE_813410_UNCHANGED,-0.06609195402298851,CBP_2012_813410;nst-est2020-alldata.csv:POPESTIMATE2012;S6_CBP_DENSITY_20261002_v1
Kansas,20,2013,0.11263494599396194,326,2894306,JULY_1_RESIDENT_POPULATION,VINTAGE_2020,813410,NAICS2012,ESTABLISHMENTS_PER_1000_RESIDENTS,DIRECT,1,0,CBP_EMPLOYER_813410,CENSUS_CBP_AND_POPULATION_ESTIMATES,INHERITED_RAW_OFFICIAL_ZIP_ARCHIVED_API_MATCH,NONE,0.003076923076922977,CBP_2013_813410;nst-est2020-alldata.csv:POPESTIMATE2013;S6_CBP_DENSITY_20261002_v1
Kansas,20,2014,0.10992945561486232,319,2901861,JULY_1_RESIDENT_POPULATION,VINTAGE_2020,813410,NAICS2012,ESTABLISHMENTS_PER_1000_RESIDENTS,DIRECT,1,0,CBP_EMPLOYER_813410,CENSUS_CBP_AND_POPULATION_ESTIMATES,INHERITED_RAW_OFFICIAL_ZIP_ARCHIVED_API_MATCH,NONE,-0.021472392638036797,CBP_2014_813410;nst-est2020-alldata.csv:POPESTIMATE2014;S6_CBP_DENSITY_20261002_v1
Kansas,20,2015,0.10512873632166919,306,2910717,JULY_1_RESIDENT_POPULATION,VINTAGE_2020,813410,NAICS2012,ESTABLISHMENTS_PER_1000_RESIDENTS,DIRECT,1,0,CBP_EMPLOYER_813410,CENSUS_CBP_AND_POPULATION_ESTIMATES,INHERITED_RAW_OFFICIAL_ZIP_ARCHIVED_API_MATCH,NONE,-0.040752351097178674,CBP_2015_813410;nst-est2020-alldata.csv:POPESTIMATE2015;S6_CBP_DENSITY_20261002_v1
Kansas,20,2016,0.10779350472042862,314,2912977,JULY_1_RESIDENT_POPULATION,VINTAGE_2020,813410,NAICS2012,ESTABLISHMENTS_PER_1000_RESIDENTS,DIRECT,1,0,CBP_EMPLOYER_813410,CENSUS_CBP_AND_POPULATION_ESTIMATES,INHERITED_RAW_OFFICIAL_ZIP_ARCHIVED_API_MATCH,NONE,0.02614379084967311,CBP_2016_813410;nst-est2020-alldata.csv:POPESTIMATE2016;S6_CBP_DENSITY_20261002_v1
Kansas,20,2017,0.10615302800653546,309,2910892,JULY_1_RESIDENT_POPULATION,VINTAGE_2020,813410,NAICS2017,ESTABLISHMENTS_PER_1000_RESIDENTS,DIRECT,1,0,CBP_EMPLOYER_813410,CENSUS_CBP_AND_POPULATION_ESTIMATES,INHERITED_RAW_OFFICIAL_ZIP_ARCHIVED_API_MATCH,NAICS_REVISION_CORE_813410_UNCHANGED,-0.015923566878980888,CBP_2017_813410;nst-est2020-alldata.csv:POPESTIMATE2017;S6_CBP_DENSITY_20261002_v1
Kansas,20,2018,0.09853238247867649,287,2912748,JULY_1_RESIDENT_POPULATION,VINTAGE_2020,813410,NAICS2017,ESTABLISHMENTS_PER_1000_RESIDENTS,DIRECT,1,0,CBP_EMPLOYER_813410,CENSUS_CBP_AND_POPULATION_ESTIMATES,INHERITED_RAW_OFFICIAL_ZIP_ARCHIVED_API_MATCH,NONE,-0.07119741100323629,CBP_2018_813410;nst-est2020-alldata.csv:POPESTIMATE2018;S6_CBP_DENSITY_20261002_v1
Kansas,20,2019,0.09613288311099744,280,2912635,JULY_1_RESIDENT_POPULATION,VINTAGE_2020,813410,NAICS2017,ESTABLISHMENTS_PER_1000_RESIDENTS,DIRECT,1,0,CBP_EMPLOYER_813410,CENSUS_CBP_AND_POPULATION_ESTIMATES,INHERITED_RAW_OFFICIAL_ZIP_ARCHIVED_API_MATCH,NONE,-0.024390243902439046,CBP_2019_813410;nst-est2020-alldata.csv:POPESTIMATE2019;S6_CBP_DENSITY_20261002_v1
Kansas,20,2020,0.09291643239019183,273,2938124,JULY_1_RESIDENT_POPULATION,VINTAGE_2023,813410,NAICS2017,ESTABLISHMENTS_PER_1000_RESIDENTS,DIRECT,1,0,CBP_EMPLOYER_813410,CENSUS_CBP_AND_POPULATION_ESTIMATES,INHERITED_RAW_OFFICIAL_ZIP_ARCHIVED_API_MATCH,POPULATION_BENCHMARK_BOUNDARY,-0.025000000000000022,CBP_2020_813410;NST-EST2023-ALLDATA.csv:POPESTIMATE2020;S6_CBP_DENSITY_20261002_v1
Kansas,20,2021,0.0891779494926047,262,2937946,JULY_1_RESIDENT_POPULATION,VINTAGE_2023,813410,NAICS2017,ESTABLISHMENTS_PER_1000_RESIDENTS,DIRECT,1,0,CBP_EMPLOYER_813410,CENSUS_CBP_AND_POPULATION_ESTIMATES,INHERITED_RAW_OFFICIAL_ZIP_ARCHIVED_API_MATCH,NONE,-0.04029304029304026,CBP_2021_813410;NST-EST2023-ALLDATA.csv:POPESTIMATE2021;S6_CBP_DENSITY_20261002_v1
Kansas,20,2022,0.0898963331830521,264,2936716,JULY_1_RESIDENT_POPULATION,VINTAGE_2023,813410,NAICS2017,ESTABLISHMENTS_PER_1000_RESIDENTS,DIRECT,1,0,CBP_EMPLOYER_813410,CENSUS_CBP_AND_POPULATION_ESTIMATES,INHERITED_RAW_OFFICIAL_ZIP_ARCHIVED_API_MATCH,NONE,0.007633587786259444,CBP_2022_813410;NST-EST2023-ALLDATA.csv:POPESTIMATE2022;S6_CBP_DENSITY_20261002_v1
Kansas,20,2023,0.09181968246713365,270,2940546,JULY_1_RESIDENT_POPULATION,VINTAGE_2023,813410,NAICS2017,ESTABLISHMENTS_PER_1000_RESIDENTS,DIRECT,1,0,CBP_EMPLOYER_813410,CENSUS_CBP_AND_POPULATION_ESTIMATES,INHERITED_RAW_OFFICIAL_ZIP_ARCHIVED_API_MATCH,NONE,0.022727272727272707,CBP_2023_813410;NST-EST2023-ALLDATA.csv:POPESTIMATE2023;S6_CBP_DENSITY_20261002_v1
Kentucky,21,2000,0.07804355670173112,316,4049021,JULY_1_RESIDENT_POPULATION,2010_INTERCENSAL,813410,NAICS1997,ESTABLISHMENTS_PER_1000_RESIDENTS,DIRECT,1,0,CBP_EMPLOYER_813410,CENSUS_CBP_AND_POPULATION_ESTIMATES,INHERITED_RAW_OFFICIAL_ZIP_ARCHIVED_API_MATCH,NONE,,CBP_2000_813410;st-est00int-alldata.csv:POPESTIMATE2000;S6_CBP_DENSITY_20261002_v1
Kentucky,21,2001,0.07718530273845589,314,4068132,JULY_1_RESIDENT_POPULATION,2010_INTERCENSAL,813410,NAICS1997,ESTABLISHMENTS_PER_1000_RESIDENTS,DIRECT,1,0,CBP_EMPLOYER_813410,CENSUS_CBP_AND_POPULATION_ESTIMATES,INHERITED_RAW_OFFICIAL_ZIP_ARCHIVED_API_MATCH,NONE,-0.006329113924050667,CBP_2001_813410;st-est00int-alldata.csv:POPESTIMATE2001;S6_CBP_DENSITY_20261002_v1
Kentucky,21,2002,0.07775298756074452,318,4089875,JULY_1_RESIDENT_POPULATION,2010_INTERCENSAL,813410,NAICS1997,ESTABLISHMENTS_PER_1000_RESIDENTS,DIRECT,1,0,CBP_EMPLOYER_813410,CENSUS_CBP_AND_POPULATION_ESTIMATES,INHERITED_RAW_OFFICIAL_ZIP_ARCHIVED_API_MATCH,NONE,0.01273885350318471,CBP_2002_813410;st-est00int-alldata.csv:POPESTIMATE2002;S6_CBP_DENSITY_20261002_v1
Kentucky,21,2003,0.08015214334117853,330,4117170,JULY_1_RESIDENT_POPULATION,2010_INTERCENSAL,813410,NAICS2002,ESTABLISHMENTS_PER_1000_RESIDENTS,DIRECT,1,0,CBP_EMPLOYER_813410,CENSUS_CBP_AND_POPULATION_ESTIMATES,INHERITED_RAW_OFFICIAL_ZIP_ARCHIVED_API_MATCH,CBP_AUXILIARY_TREATMENT_CHANGE;NAICS_REVISION_CORE_813410_UNCHANGED,0.037735849056603765,CBP_2003_813410;st-est00int-alldata.csv:POPESTIMATE2003;S6_CBP_DENSITY_20261002_v1
Kentucky,21,2004,0.08055761304415883,334,4146101,JULY_1_RESIDENT_POPULATION,2010_INTERCENSAL,813410,NAICS2002,ESTABLISHMENTS_PER_1000_RESIDENTS,DIRECT,1,0,CBP_EMPLOYER_813410,CENSUS_CBP_AND_POPULATION_ESTIMATES,INHERITED_RAW_OFFICIAL_ZIP_ARCHIVED_API_MATCH,NONE,0.0121212121212122,CBP_2004_813410;st-est00int-alldata.csv:POPESTIMATE2004;S6_CBP_DENSITY_20261002_v1
Kentucky,21,2005,0.08391624441574451,351,4182742,JULY_1_RESIDENT_POPULATION,2010_INTERCENSAL,813410,NAICS2002,ESTABLISHMENTS_PER_1000_RESIDENTS,DIRECT,1,0,CBP_EMPLOYER_813410,CENSUS_CBP_AND_POPULATION_ESTIMATES,INHERITED_RAW_OFFICIAL_ZIP_ARCHIVED_API_MATCH,NONE,0.05089820359281427,CBP_2005_813410;st-est00int-alldata.csv:POPESTIMATE2005;S6_CBP_DENSITY_20261002_v1
Kentucky,21,2006,0.07916119470833485,334,4219239,JULY_1_RESIDENT_POPULATION,2010_INTERCENSAL,813410,NAICS2002,ESTABLISHMENTS_PER_1000_RESIDENTS,DIRECT,1,0,CBP_EMPLOYER_813410,CENSUS_CBP_AND_POPULATION_ESTIMATES,INHERITED_RAW_OFFICIAL_ZIP_ARCHIVED_API_MATCH,NONE,-0.04843304843304841,CBP_2006_813410;st-est00int-alldata.csv:POPESTIMATE2006;S6_CBP_DENSITY_20261002_v1
Kentucky,21,2007,0.07588087595191736,323,4256672,JULY_1_RESIDENT_POPULATION,2010_INTERCENSAL,813410,NAICS2002,ESTABLISHMENTS_PER_1000_RESIDENTS,DIRECT,1,0,CBP_EMPLOYER_813410,CENSUS_CBP_AND_POPULATION_ESTIMATES,INHERITED_RAW_OFFICIAL_ZIP_ARCHIVED_API_MATCH,NONE,-0.03293413173652693,CBP_2007_813410;st-est00int-alldata.csv:POPESTIMATE2007;S6_CBP_DENSITY_20261002_v1
Kentucky,21,2008,0.07366176846987257,316,4289878,JULY_1_RESIDENT_POPULATION,2010_INTERCENSAL,813410,NAICS2007,ESTABLISHMENTS_PER_1000_RESIDENTS,DIRECT,1,0,CBP_EMPLOYER_813410,CENSUS_CBP_AND_POPULATION_ESTIMATES,INHERITED_RAW_OFFICIAL_ZIP_ARCHIVED_API_MATCH,NAICS_REVISION_CORE_813410_UNCHANGED,-0.021671826625387025,CBP_2008_813410;st-est00int-alldata.csv:POPESTIMATE2008;S6_CBP_DENSITY_20261002_v1
Kentucky,21,2009,0.07134461906374549,308,4317074,JULY_1_RESIDENT_POPULATION,2010_INTERCENSAL,813410,NAICS2007,ESTABLISHMENTS_PER_1000_RESIDENTS,DIRECT,1,0,CBP_EMPLOYER_813410,CENSUS_CBP_AND_POPULATION_ESTIMATES,INHERITED_RAW_OFFICIAL_ZIP_ARCHIVED_API_MATCH,NONE,-0.025316455696202556,CBP_2009_813410;st-est00int-alldata.csv:POPESTIMATE2009;S6_CBP_DENSITY_20261002_v1
Kentucky,21,2010,0.070369675361231,306,4348464,JULY_1_RESIDENT_POPULATION,VINTAGE_2020,813410,NAICS2007,ESTABLISHMENTS_PER_1000_RESIDENTS,DIRECT,1,0,CBP_EMPLOYER_813410,CENSUS_CBP_AND_POPULATION_ESTIMATES,INHERITED_RAW_OFFICIAL_ZIP_ARCHIVED_API_MATCH,POPULATION_BENCHMARK_BOUNDARY,-0.00649350649350644,CBP_2010_813410;nst-est2020-alldata.csv:POPESTIMATE2010;S6_CBP_DENSITY_20261002_v1
Kentucky,21,2011,0.0693234239731382,303,4370817,JULY_1_RESIDENT_POPULATION,VINTAGE_2020,813410,NAICS2007,ESTABLISHMENTS_PER_1000_RESIDENTS,DIRECT,1,0,CBP_EMPLOYER_813410,CENSUS_CBP_AND_POPULATION_ESTIMATES,INHERITED_RAW_OFFICIAL_ZIP_ARCHIVED_API_MATCH,NONE,-0.009803921568627416,CBP_2011_813410;nst-est2020-alldata.csv:POPESTIMATE2011;S6_CBP_DENSITY_20261002_v1
Kentucky,21,2012,0.0679145780464987,298,4387865,JULY_1_RESIDENT_POPULATION,VINTAGE_2020,813410,NAICS2012,ESTABLISHMENTS_PER_1000_RESIDENTS,DIRECT,1,0,CBP_EMPLOYER_813410,CENSUS_CBP_AND_POPULATION_ESTIMATES,INHERITED_RAW_OFFICIAL_ZIP_ARCHIVED_API_MATCH,NAICS_REVISION_CORE_813410_UNCHANGED,-0.01650165016501648,CBP_2012_813410;nst-est2020-alldata.csv:POPESTIMATE2012;S6_CBP_DENSITY_20261002_v1
Kentucky,21,2013,0.06535197256306352,288,4406906,JULY_1_RESIDENT_POPULATION,VINTAGE_2020,813410,NAICS2012,ESTABLISHMENTS_PER_1000_RESIDENTS,DIRECT,1,0,CBP_EMPLOYER_813410,CENSUS_CBP_AND_POPULATION_ESTIMATES,INHERITED_RAW_OFFICIAL_ZIP_ARCHIVED_API_MATCH,NONE,-0.03355704697986572,CBP_2013_813410;nst-est2020-alldata.csv:POPESTIMATE2013;S6_CBP_DENSITY_20261002_v1
Kentucky,21,2014,0.06361795538683339,281,4416992,JULY_1_RESIDENT_POPULATION,VINTAGE_2020,813410,NAICS2012,ESTABLISHMENTS_PER_1000_RESIDENTS,DIRECT,1,0,CBP_EMPLOYER_813410,CENSUS_CBP_AND_POPULATION_ESTIMATES,INHERITED_RAW_OFFICIAL_ZIP_ARCHIVED_API_MATCH,NONE,-0.02430555555555558,CBP_2014_813410;nst-est2020-alldata.csv:POPESTIMATE2014;S6_CBP_DENSITY_20261002_v1
Kentucky,21,2015,0.06231477722692919,276,4429126,JULY_1_RESIDENT_POPULATION,VINTAGE_2020,813410,NAICS2012,ESTABLISHMENTS_PER_1000_RESIDENTS,DIRECT,1,0,CBP_EMPLOYER_813410,CENSUS_CBP_AND_POPULATION_ESTIMATES,INHERITED_RAW_OFFICIAL_ZIP_ARCHIVED_API_MATCH,NONE,-0.017793594306049876,CBP_2015_813410;nst-est2020-alldata.csv:POPESTIMATE2015;S6_CBP_DENSITY_20261002_v1
Kentucky,21,2016,0.0648603947565776,288,4440306,JULY_1_RESIDENT_POPULATION,VINTAGE_2020,813410,NAICS2012,ESTABLISHMENTS_PER_1000_RESIDENTS,DIRECT,1,0,CBP_EMPLOYER_813410,CENSUS_CBP_AND_POPULATION_ESTIMATES,INHERITED_RAW_OFFICIAL_ZIP_ARCHIVED_API_MATCH,NONE,0.04347826086956519,CBP_2016_813410;nst-est2020-alldata.csv:POPESTIMATE2016;S6_CBP_DENSITY_20261002_v1
Kentucky,21,2017,0.0664334016370447,296,4455590,JULY_1_RESIDENT_POPULATION,VINTAGE_2020,813410,NAICS2017,ESTABLISHMENTS_PER_1000_RESIDENTS,DIRECT,1,0,CBP_EMPLOYER_813410,CENSUS_CBP_AND_POPULATION_ESTIMATES,INHERITED_RAW_OFFICIAL_ZIP_ARCHIVED_API_MATCH,NAICS_REVISION_CORE_813410_UNCHANGED,0.02777777777777768,CBP_2017_813410;nst-est2020-alldata.csv:POPESTIMATE2017;S6_CBP_DENSITY_20261002_v1
Kentucky,21,2018,0.06227217735116109,278,4464273,JULY_1_RESIDENT_POPULATION,VINTAGE_2020,813410,NAICS2017,ESTABLISHMENTS_PER_1000_RESIDENTS,DIRECT,1,0,CBP_EMPLOYER_813410,CENSUS_CBP_AND_POPULATION_ESTIMATES,INHERITED_RAW_OFFICIAL_ZIP_ARCHIVED_API_MATCH,NONE,-0.060810810810810856,CBP_2018_813410;nst-est2020-alldata.csv:POPESTIMATE2018;S6_CBP_DENSITY_20261002_v1
Kentucky,21,2019,0.06171259149282982,276,4472345,JULY_1_RESIDENT_POPULATION,VINTAGE_2020,813410,NAICS2017,ESTABLISHMENTS_PER_1000_RESIDENTS,DIRECT,1,0,CBP_EMPLOYER_813410,CENSUS_CBP_AND_POPULATION_ESTIMATES,INHERITED_RAW_OFFICIAL_ZIP_ARCHIVED_API_MATCH,NONE,-0.007194244604316502,CBP_2019_813410;nst-est2020-alldata.csv:POPESTIMATE2019;S6_CBP_DENSITY_20261002_v1
Kentucky,21,2020,0.060335103828506334,272,4508155,JULY_1_RESIDENT_POPULATION,VINTAGE_2023,813410,NAICS2017,ESTABLISHMENTS_PER_1000_RESIDENTS,DIRECT,1,0,CBP_EMPLOYER_813410,CENSUS_CBP_AND_POPULATION_ESTIMATES,INHERITED_RAW_OFFICIAL_ZIP_ARCHIVED_API_MATCH,POPULATION_BENCHMARK_BOUNDARY,-0.01449275362318836,CBP_2020_813410;NST-EST2023-ALLDATA.csv:POPESTIMATE2020;S6_CBP_DENSITY_20261002_v1
Kentucky,21,2021,0.05612742923063271,253,4507600,JULY_1_RESIDENT_POPULATION,VINTAGE_2023,813410,NAICS2017,ESTABLISHMENTS_PER_1000_RESIDENTS,DIRECT,1,0,CBP_EMPLOYER_813410,CENSUS_CBP_AND_POPULATION_ESTIMATES,INHERITED_RAW_OFFICIAL_ZIP_ARCHIVED_API_MATCH,NONE,-0.06985294117647056,CBP_2021_813410;NST-EST2023-ALLDATA.csv:POPESTIMATE2021;S6_CBP_DENSITY_20261002_v1
Kentucky,21,2022,0.055413168340994017,250,4511563,JULY_1_RESIDENT_POPULATION,VINTAGE_2023,813410,NAICS2017,ESTABLISHMENTS_PER_1000_RESIDENTS,DIRECT,1,0,CBP_EMPLOYER_813410,CENSUS_CBP_AND_POPULATION_ESTIMATES,INHERITED_RAW_OFFICIAL_ZIP_ARCHIVED_API_MATCH,NONE,-0.011857707509881465,CBP_2022_813410;NST-EST2023-ALLDATA.csv:POPESTIMATE2022;S6_CBP_DENSITY_20261002_v1
Kentucky,21,2023,0.05788579001068015,262,4526154,JULY_1_RESIDENT_POPULATION,VINTAGE_2023,813410,NAICS2017,ESTABLISHMENTS_PER_1000_RESIDENTS,DIRECT,1,0,CBP_EMPLOYER_813410,CENSUS_CBP_AND_POPULATION_ESTIMATES,INHERITED_RAW_OFFICIAL_ZIP_ARCHIVED_API_MATCH,NONE,0.04800000000000004,CBP_2023_813410;NST-EST2023-ALLDATA.csv:POPESTIMATE2023;S6_CBP_DENSITY_20261002_v1
Louisiana,22,2000,0.07625419705560407,341,4471885,JULY_1_RESIDENT_POPULATION,2010_INTERCENSAL,813410,NAICS1997,ESTABLISHMENTS_PER_1000_RESIDENTS,DIRECT,1,0,CBP_EMPLOYER_813410,CENSUS_CBP_AND_POPULATION_ESTIMATES,INHERITED_RAW_OFFICIAL_ZIP_ARCHIVED_API_MATCH,NONE,,CBP_2000_813410;st-est00int-alldata.csv:POPESTIMATE2000;S6_CBP_DENSITY_20261002_v1
Louisiana,22,2001,0.07503559165899003,336,4477875,JULY_1_RESIDENT_POPULATION,2010_INTERCENSAL,813410,NAICS1997,ESTABLISHMENTS_PER_1000_RESIDENTS,DIRECT,1,0,CBP_EMPLOYER_813410,CENSUS_CBP_AND_POPULATION_ESTIMATES,INHERITED_RAW_OFFICIAL_ZIP_ARCHIVED_API_MATCH,NONE,-0.014662756598240456,CBP_2001_813410;st-est00int-alldata.csv:POPESTIMATE2001;S6_CBP_DENSITY_20261002_v1
Louisiana,22,2002,0.07048725370319352,317,4497267,JULY_1_RESIDENT_POPULATION,2010_INTERCENSAL,813410,NAICS1997,ESTABLISHMENTS_PER_1000_RESIDENTS,DIRECT,1,0,CBP_EMPLOYER_813410,CENSUS_CBP_AND_POPULATION_ESTIMATES,INHERITED_RAW_OFFICIAL_ZIP_ARCHIVED_API_MATCH,NONE,-0.05654761904761907,CBP_2002_813410;st-est00int-alldata.csv:POPESTIMATE2002;S6_CBP_DENSITY_20261002_v1
Louisiana,22,2003,0.07476152621453196,338,4521042,JULY_1_RESIDENT_POPULATION,2010_INTERCENSAL,813410,NAICS2002,ESTABLISHMENTS_PER_1000_RESIDENTS,DIRECT,1,0,CBP_EMPLOYER_813410,CENSUS_CBP_AND_POPULATION_ESTIMATES,INHERITED_RAW_OFFICIAL_ZIP_ARCHIVED_API_MATCH,CBP_AUXILIARY_TREATMENT_CHANGE;NAICS_REVISION_CORE_813410_UNCHANGED,0.06624605678233442,CBP_2003_813410;st-est00int-alldata.csv:POPESTIMATE2003;S6_CBP_DENSITY_20261002_v1
Louisiana,22,2004,0.0753475543238293,343,4552238,JULY_1_RESIDENT_POPULATION,2010_INTERCENSAL,813410,NAICS2002,ESTABLISHMENTS_PER_1000_RESIDENTS,DIRECT,1,0,CBP_EMPLOYER_813410,CENSUS_CBP_AND_POPULATION_ESTIMATES,INHERITED_RAW_OFFICIAL_ZIP_ARCHIVED_API_MATCH,NONE,0.014792899408283988,CBP_2004_813410;st-est00int-alldata.csv:POPESTIMATE2004;S6_CBP_DENSITY_20261002_v1
Louisiana,22,2005,0.07538301124758229,345,4576628,JULY_1_RESIDENT_POPULATION,2010_INTERCENSAL,813410,NAICS2002,ESTABLISHMENTS_PER_1000_RESIDENTS,DIRECT,1,0,CBP_EMPLOYER_813410,CENSUS_CBP_AND_POPULATION_ESTIMATES,INHERITED_RAW_OFFICIAL_ZIP_ARCHIVED_API_MATCH,NONE,0.005830903790087438,CBP_2005_813410;st-est00int-alldata.csv:POPESTIMATE2005;S6_CBP_DENSITY_20261002_v1
Louisiana,22,2006,0.07344285460290309,316,4302665,JULY_1_RESIDENT_POPULATION,2010_INTERCENSAL,813410,NAICS2002,ESTABLISHMENTS_PER_1000_RESIDENTS,DIRECT,1,0,CBP_EMPLOYER_813410,CENSUS_CBP_AND_POPULATION_ESTIMATES,INHERITED_RAW_OFFICIAL_ZIP_ARCHIVED_API_MATCH,NONE,-0.08405797101449275,CBP_2006_813410;st-est00int-alldata.csv:POPESTIMATE2006;S6_CBP_DENSITY_20261002_v1
Louisiana,22,2007,0.07587563800098775,332,4375581,JULY_1_RESIDENT_POPULATION,2010_INTERCENSAL,813410,NAICS2002,ESTABLISHMENTS_PER_1000_RESIDENTS,DIRECT,1,0,CBP_EMPLOYER_813410,CENSUS_CBP_AND_POPULATION_ESTIMATES,INHERITED_RAW_OFFICIAL_ZIP_ARCHIVED_API_MATCH,NONE,0.05063291139240511,CBP_2007_813410;st-est00int-alldata.csv:POPESTIMATE2007;S6_CBP_DENSITY_20261002_v1
Louisiana,22,2008,0.07394738823686431,328,4435586,JULY_1_RESIDENT_POPULATION,2010_INTERCENSAL,813410,NAICS2007,ESTABLISHMENTS_PER_1000_RESIDENTS,DIRECT,1,0,CBP_EMPLOYER_813410,CENSUS_CBP_AND_POPULATION_ESTIMATES,INHERITED_RAW_OFFICIAL_ZIP_ARCHIVED_API_MATCH,NAICS_REVISION_CORE_813410_UNCHANGED,-0.012048192771084376,CBP_2008_813410;st-est00int-alldata.csv:POPESTIMATE2008;S6_CBP_DENSITY_20261002_v1
Louisiana,22,2009,0.07614131828674019,342,4491648,JULY_1_RESIDENT_POPULATION,2010_INTERCENSAL,813410,NAICS2007,ESTABLISHMENTS_PER_1000_RESIDENTS,DIRECT,1,0,CBP_EMPLOYER_813410,CENSUS_CBP_AND_POPULATION_ESTIMATES,INHERITED_RAW_OFFICIAL_ZIP_ARCHIVED_API_MATCH,NONE,0.04268292682926833,CBP_2009_813410;st-est00int-alldata.csv:POPESTIMATE2009;S6_CBP_DENSITY_20261002_v1
Louisiana,22,2010,0.07481348887204363,340,4544635,JULY_1_RESIDENT_POPULATION,VINTAGE_2020,813410,NAICS2007,ESTABLISHMENTS_PER_1000_RESIDENTS,DIRECT,1,0,CBP_EMPLOYER_813410,CENSUS_CBP_AND_POPULATION_ESTIMATES,INHERITED_RAW_OFFICIAL_ZIP_ARCHIVED_API_MATCH,POPULATION_BENCHMARK_BOUNDARY,-0.005847953216374324,CBP_2010_813410;nst-est2020-alldata.csv:POPESTIMATE2010;S6_CBP_DENSITY_20261002_v1
Louisiana,22,2011,0.0686152224400622,314,4576244,JULY_1_RESIDENT_POPULATION,VINTAGE_2020,813410,NAICS2007,ESTABLISHMENTS_PER_1000_RESIDENTS,DIRECT,1,0,CBP_EMPLOYER_813410,CENSUS_CBP_AND_POPULATION_ESTIMATES,INHERITED_RAW_OFFICIAL_ZIP_ARCHIVED_API_MATCH,NONE,-0.07647058823529407,CBP_2011_813410;nst-est2020-alldata.csv:POPESTIMATE2011;S6_CBP_DENSITY_20261002_v1
Louisiana,22,2012,0.07170690909106713,330,4602067,JULY_1_RESIDENT_POPULATION,VINTAGE_2020,813410,NAICS2012,ESTABLISHMENTS_PER_1000_RESIDENTS,DIRECT,1,0,CBP_EMPLOYER_813410,CENSUS_CBP_AND_POPULATION_ESTIMATES,INHERITED_RAW_OFFICIAL_ZIP_ARCHIVED_API_MATCH,NAICS_REVISION_CORE_813410_UNCHANGED,0.05095541401273884,CBP_2012_813410;nst-est2020-alldata.csv:POPESTIMATE2012;S6_CBP_DENSITY_20261002_v1
Louisiana,22,2013,0.06982213729237102,323,4626040,JULY_1_RESIDENT_POPULATION,VINTAGE_2020,813410,NAICS2012,ESTABLISHMENTS_PER_1000_RESIDENTS,DIRECT,1,0,CBP_EMPLOYER_813410,CENSUS_CBP_AND_POPULATION_ESTIMATES,INHERITED_RAW_OFFICIAL_ZIP_ARCHIVED_API_MATCH,NONE,-0.021212121212121238,CBP_2013_813410;nst-est2020-alldata.csv:POPESTIMATE2013;S6_CBP_DENSITY_20261002_v1
Louisiana,22,2014,0.06823164665563768,317,4645938,JULY_1_RESIDENT_POPULATION,VINTAGE_2020,813410,NAICS2012,ESTABLISHMENTS_PER_1000_RESIDENTS,DIRECT,1,0,CBP_EMPLOYER_813410,CENSUS_CBP_AND_POPULATION_ESTIMATES,INHERITED_RAW_OFFICIAL_ZIP_ARCHIVED_API_MATCH,NONE,-0.018575851393188847,CBP_2014_813410;nst-est2020-alldata.csv:POPESTIMATE2014;S6_CBP_DENSITY_20261002_v1
Louisiana,22,2015,0.06835228984456389,319,4666998,JULY_1_RESIDENT_POPULATION,VINTAGE_2020,813410,NAICS2012,ESTABLISHMENTS_PER_1000_RESIDENTS,DIRECT,1,0,CBP_EMPLOYER_813410,CENSUS_CBP_AND_POPULATION_ESTIMATES,INHERITED_RAW_OFFICIAL_ZIP_ARCHIVED_API_MATCH,NONE,0.006309148264984188,CBP_2015_813410;nst-est2020-alldata.csv:POPESTIMATE2015;S6_CBP_DENSITY_20261002_v1
Louisiana,22,2016,0.06857002238245154,321,4681346,JULY_1_RESIDENT_POPULATION,VINTAGE_2020,813410,NAICS2012,ESTABLISHMENTS_PER_1000_RESIDENTS,DIRECT,1,0,CBP_EMPLOYER_813410,CENSUS_CBP_AND_POPULATION_ESTIMATES,INHERITED_RAW_OFFICIAL_ZIP_ARCHIVED_API_MATCH,NONE,0.006269592476489061,CBP_2016_813410;nst-est2020-alldata.csv:POPESTIMATE2016;S6_CBP_DENSITY_20261002_v1
Louisiana,22,2017,0.06632898792876608,310,4673673,JULY_1_RESIDENT_POPULATION,VINTAGE_2020,813410,NAICS2017,ESTABLISHMENTS_PER_1000_RESIDENTS,DIRECT,1,0,CBP_EMPLOYER_813410,CENSUS_CBP_AND_POPULATION_ESTIMATES,INHERITED_RAW_OFFICIAL_ZIP_ARCHIVED_API_MATCH,NAICS_REVISION_CORE_813410_UNCHANGED,-0.034267912772585674,CBP_2017_813410;nst-est2020-alldata.csv:POPESTIMATE2017;S6_CBP_DENSITY_20261002_v1
Louisiana,22,2018,0.06302993922113004,294,4664450,JULY_1_RESIDENT_POPULATION,VINTAGE_2020,813410,NAICS2017,ESTABLISHMENTS_PER_1000_RESIDENTS,DIRECT,1,0,CBP_EMPLOYER_813410,CENSUS_CBP_AND_POPULATION_ESTIMATES,INHERITED_RAW_OFFICIAL_ZIP_ARCHIVED_API_MATCH,NONE,-0.05161290322580647,CBP_2018_813410;nst-est2020-alldata.csv:POPESTIMATE2018;S6_CBP_DENSITY_20261002_v1
Louisiana,22,2019,0.06418671249182907,299,4658285,JULY_1_RESIDENT_POPULATION,VINTAGE_2020,813410,NAICS2017,ESTABLISHMENTS_PER_1000_RESIDENTS,DIRECT,1,0,CBP_EMPLOYER_813410,CENSUS_CBP_AND_POPULATION_ESTIMATES,INHERITED_RAW_OFFICIAL_ZIP_ARCHIVED_API_MATCH,NONE,0.017006802721088343,CBP_2019_813410;nst-est2020-alldata.csv:POPESTIMATE2019;S6_CBP_DENSITY_20261002_v1
Louisiana,22,2020,0.06061880188872709,282,4652022,JULY_1_RESIDENT_POPULATION,VINTAGE_2023,813410,NAICS2017,ESTABLISHMENTS_PER_1000_RESIDENTS,DIRECT,1,0,CBP_EMPLOYER_813410,CENSUS_CBP_AND_POPULATION_ESTIMATES,INHERITED_RAW_OFFICIAL_ZIP_ARCHIVED_API_MATCH,POPULATION_BENCHMARK_BOUNDARY,-0.05685618729096986,CBP_2020_813410;NST-EST2023-ALLDATA.csv:POPESTIMATE2020;S6_CBP_DENSITY_20261002_v1
Louisiana,22,2021,0.0568397079173823,263,4627047,JULY_1_RESIDENT_POPULATION,VINTAGE_2023,813410,NAICS2017,ESTABLISHMENTS_PER_1000_RESIDENTS,DIRECT,1,0,CBP_EMPLOYER_813410,CENSUS_CBP_AND_POPULATION_ESTIMATES,INHERITED_RAW_OFFICIAL_ZIP_ARCHIVED_API_MATCH,NONE,-0.06737588652482274,CBP_2021_813410;NST-EST2023-ALLDATA.csv:POPESTIMATE2021;S6_CBP_DENSITY_20261002_v1
Louisiana,22,2022,0.05536153589465441,254,4588023,JULY_1_RESIDENT_POPULATION,VINTAGE_2023,813410,NAICS2017,ESTABLISHMENTS_PER_1000_RESIDENTS,DIRECT,1,0,CBP_EMPLOYER_813410,CENSUS_CBP_AND_POPULATION_ESTIMATES,INHERITED_RAW_OFFICIAL_ZIP_ARCHIVED_API_MATCH,NONE,-0.034220532319391594,CBP_2022_813410;NST-EST2023-ALLDATA.csv:POPESTIMATE2022;S6_CBP_DENSITY_20261002_v1
Louisiana,22,2023,0.05575295015095931,255,4573749,JULY_1_RESIDENT_POPULATION,VINTAGE_2023,813410,NAICS2017,ESTABLISHMENTS_PER_1000_RESIDENTS,DIRECT,1,0,CBP_EMPLOYER_813410,CENSUS_CBP_AND_POPULATION_ESTIMATES,INHERITED_RAW_OFFICIAL_ZIP_ARCHIVED_API_MATCH,NONE,0.003937007874015741,CBP_2023_813410;NST-EST2023-ALLDATA.csv:POPESTIMATE2023;S6_CBP_DENSITY_20261002_v1
Maine,23,2000,0.16443865341969757,210,1277072,JULY_1_RESIDENT_POPULATION,2010_INTERCENSAL,813410,NAICS1997,ESTABLISHMENTS_PER_1000_RESIDENTS,DIRECT,1,0,CBP_EMPLOYER_813410,CENSUS_CBP_AND_POPULATION_ESTIMATES,INHERITED_RAW_OFFICIAL_ZIP_ARCHIVED_API_MATCH,NONE,,CBP_2000_813410;st-est00int-alldata.csv:POPESTIMATE2000;S6_CBP_DENSITY_20261002_v1
Maine,23,2001,0.17189186834794026,221,1285692,JULY_1_RESIDENT_POPULATION,2010_INTERCENSAL,813410,NAICS1997,ESTABLISHMENTS_PER_1000_RESIDENTS,DIRECT,1,0,CBP_EMPLOYER_813410,CENSUS_CBP_AND_POPULATION_ESTIMATES,INHERITED_RAW_OFFICIAL_ZIP_ARCHIVED_API_MATCH,NONE,0.05238095238095242,CBP_2001_813410;st-est00int-alldata.csv:POPESTIMATE2001;S6_CBP_DENSITY_20261002_v1
Maine,23,2002,0.17207321213617705,223,1295960,JULY_1_RESIDENT_POPULATION,2010_INTERCENSAL,813410,NAICS1997,ESTABLISHMENTS_PER_1000_RESIDENTS,DIRECT,1,0,CBP_EMPLOYER_813410,CENSUS_CBP_AND_POPULATION_ESTIMATES,INHERITED_RAW_OFFICIAL_ZIP_ARCHIVED_API_MATCH,NONE,0.009049773755656076,CBP_2002_813410;st-est00int-alldata.csv:POPESTIMATE2002;S6_CBP_DENSITY_20261002_v1
Maine,23,2003,0.1768065070917779,231,1306513,JULY_1_RESIDENT_POPULATION,2010_INTERCENSAL,813410,NAICS2002,ESTABLISHMENTS_PER_1000_RESIDENTS,DIRECT,1,0,CBP_EMPLOYER_813410,CENSUS_CBP_AND_POPULATION_ESTIMATES,INHERITED_RAW_OFFICIAL_ZIP_ARCHIVED_API_MATCH,CBP_AUXILIARY_TREATMENT_CHANGE;NAICS_REVISION_CORE_813410_UNCHANGED,0.03587443946188351,CBP_2003_813410;st-est00int-alldata.csv:POPESTIMATE2003;S6_CBP_DENSITY_20261002_v1
Maine,23,2004,0.17051232865033403,224,1313688,JULY_1_RESIDENT_POPULATION,2010_INTERCENSAL,813410,NAICS2002,ESTABLISHMENTS_PER_1000_RESIDENTS,DIRECT,1,0,CBP_EMPLOYER_813410,CENSUS_CBP_AND_POPULATION_ESTIMATES,INHERITED_RAW_OFFICIAL_ZIP_ARCHIVED_API_MATCH,NONE,-0.030303030303030276,CBP_2004_813410;st-est00int-alldata.csv:POPESTIMATE2004;S6_CBP_DENSITY_20261002_v1
Maine,23,2005,0.17136959948801436,226,1318787,JULY_1_RESIDENT_POPULATION,2010_INTERCENSAL,813410,NAICS2002,ESTABLISHMENTS_PER_1000_RESIDENTS,DIRECT,1,0,CBP_EMPLOYER_813410,CENSUS_CBP_AND_POPULATION_ESTIMATES,INHERITED_RAW_OFFICIAL_ZIP_ARCHIVED_API_MATCH,NONE,0.008928571428571397,CBP_2005_813410;st-est00int-alldata.csv:POPESTIMATE2005;S6_CBP_DENSITY_20261002_v1
Maine,23,2006,0.16318895392103014,216,1323619,JULY_1_RESIDENT_POPULATION,2010_INTERCENSAL,813410,NAICS2002,ESTABLISHMENTS_PER_1000_RESIDENTS,DIRECT,1,0,CBP_EMPLOYER_813410,CENSUS_CBP_AND_POPULATION_ESTIMATES,INHERITED_RAW_OFFICIAL_ZIP_ARCHIVED_API_MATCH,NONE,-0.04424778761061943,CBP_2006_813410;st-est00int-alldata.csv:POPESTIMATE2006;S6_CBP_DENSITY_20261002_v1
Maine,23,2007,0.1710573908849771,227,1327040,JULY_1_RESIDENT_POPULATION,2010_INTERCENSAL,813410,NAICS2002,ESTABLISHMENTS_PER_1000_RESIDENTS,DIRECT,1,0,CBP_EMPLOYER_813410,CENSUS_CBP_AND_POPULATION_ESTIMATES,INHERITED_RAW_OFFICIAL_ZIP_ARCHIVED_API_MATCH,NONE,0.05092592592592582,CBP_2007_813410;st-est00int-alldata.csv:POPESTIMATE2007;S6_CBP_DENSITY_20261002_v1
Maine,23,2008,0.15783433257497695,210,1330509,JULY_1_RESIDENT_POPULATION,2010_INTERCENSAL,813410,NAICS2007,ESTABLISHMENTS_PER_1000_RESIDENTS,DIRECT,1,0,CBP_EMPLOYER_813410,CENSUS_CBP_AND_POPULATION_ESTIMATES,INHERITED_RAW_OFFICIAL_ZIP_ARCHIVED_API_MATCH,NAICS_REVISION_CORE_813410_UNCHANGED,-0.07488986784140972,CBP_2008_813410;st-est00int-alldata.csv:POPESTIMATE2008;S6_CBP_DENSITY_20261002_v1
Maine,23,2009,0.15643920306259826,208,1329590,JULY_1_RESIDENT_POPULATION,2010_INTERCENSAL,813410,NAICS2007,ESTABLISHMENTS_PER_1000_RESIDENTS,DIRECT,1,0,CBP_EMPLOYER_813410,CENSUS_CBP_AND_POPULATION_ESTIMATES,INHERITED_RAW_OFFICIAL_ZIP_ARCHIVED_API_MATCH,NONE,-0.00952380952380949,CBP_2009_813410;st-est00int-alldata.csv:POPESTIMATE2009;S6_CBP_DENSITY_20261002_v1
Maine,23,2010,0.1551612584933842,206,1327651,JULY_1_RESIDENT_POPULATION,VINTAGE_2020,813410,NAICS2007,ESTABLISHMENTS_PER_1000_RESIDENTS,DIRECT,1,0,CBP_EMPLOYER_813410,CENSUS_CBP_AND_POPULATION_ESTIMATES,INHERITED_RAW_OFFICIAL_ZIP_ARCHIVED_API_MATCH,POPULATION_BENCHMARK_BOUNDARY,-0.009615384615384581,CBP_2010_813410;nst-est2020-alldata.csv:POPESTIMATE2010;S6_CBP_DENSITY_20261002_v1
Maine,23,2011,0.1573234834279658,209,1328473,JULY_1_RESIDENT_POPULATION,VINTAGE_2020,813410,NAICS2007,ESTABLISHMENTS_PER_1000_RESIDENTS,DIRECT,1,0,CBP_EMPLOYER_813410,CENSUS_CBP_AND_POPULATION_ESTIMATES,INHERITED_RAW_OFFICIAL_ZIP_ARCHIVED_API_MATCH,NONE,0.014563106796116498,CBP_2011_813410;nst-est2020-alldata.csv:POPESTIMATE2011;S6_CBP_DENSITY_20261002_v1
Maine,23,2012,0.15661542029404546,208,1328094,JULY_1_RESIDENT_POPULATION,VINTAGE_2020,813410,NAICS2012,ESTABLISHMENTS_PER_1000_RESIDENTS,DIRECT,1,0,CBP_EMPLOYER_813410,CENSUS_CBP_AND_POPULATION_ESTIMATES,INHERITED_RAW_OFFICIAL_ZIP_ARCHIVED_API_MATCH,NAICS_REVISION_CORE_813410_UNCHANGED,-0.004784688995215336,CBP_2012_813410;nst-est2020-alldata.csv:POPESTIMATE2012;S6_CBP_DENSITY_20261002_v1
Maine,23,2013,0.15505708132894455,206,1328543,JULY_1_RESIDENT_POPULATION,VINTAGE_2020,813410,NAICS2012,ESTABLISHMENTS_PER_1000_RESIDENTS,DIRECT,1,0,CBP_EMPLOYER_813410,CENSUS_CBP_AND_POPULATION_ESTIMATES,INHERITED_RAW_OFFICIAL_ZIP_ARCHIVED_API_MATCH,NONE,-0.009615384615384581,CBP_2013_813410;nst-est2020-alldata.csv:POPESTIMATE2013;S6_CBP_DENSITY_20261002_v1
Maine,23,2014,0.15624800464537336,208,1331217,JULY_1_RESIDENT_POPULATION,VINTAGE_2020,813410,NAICS2012,ESTABLISHMENTS_PER_1000_RESIDENTS,DIRECT,1,0,CBP_EMPLOYER_813410,CENSUS_CBP_AND_POPULATION_ESTIMATES,INHERITED_RAW_OFFICIAL_ZIP_ARCHIVED_API_MATCH,NONE,0.009708737864077666,CBP_2014_813410;nst-est2020-alldata.csv:POPESTIMATE2014;S6_CBP_DENSITY_20261002_v1
Maine,23,2015,0.16025906291334424,213,1329098,JULY_1_RESIDENT_POPULATION,VINTAGE_2020,813410,NAICS2012,ESTABLISHMENTS_PER_1000_RESIDENTS,DIRECT,1,0,CBP_EMPLOYER_813410,CENSUS_CBP_AND_POPULATION_ESTIMATES,INHERITED_RAW_OFFICIAL_ZIP_ARCHIVED_API_MATCH,NONE,0.024038461538461453,CBP_2015_813410;nst-est2020-alldata.csv:POPESTIMATE2015;S6_CBP_DENSITY_20261002_v1
Maine,23,2016,0.1576164785776689,210,1332348,JULY_1_RESIDENT_POPULATION,VINTAGE_2020,813410,NAICS2012,ESTABLISHMENTS_PER_1000_RESIDENTS,DIRECT,1,0,CBP_EMPLOYER_813410,CENSUS_CBP_AND_POPULATION_ESTIMATES,INHERITED_RAW_OFFICIAL_ZIP_ARCHIVED_API_MATCH,NONE,-0.014084507042253502,CBP_2016_813410;nst-est2020-alldata.csv:POPESTIMATE2016;S6_CBP_DENSITY_20261002_v1
Maine,23,2017,0.16395369468528004,219,1335743,JULY_1_RESIDENT_POPULATION,VINTAGE_2020,813410,NAICS2017,ESTABLISHMENTS_PER_1000_RESIDENTS,DIRECT,1,0,CBP_EMPLOYER_813410,CENSUS_CBP_AND_POPULATION_ESTIMATES,INHERITED_RAW_OFFICIAL_ZIP_ARCHIVED_API_MATCH,NAICS_REVISION_CORE_813410_UNCHANGED,0.04285714285714293,CBP_2017_813410;nst-est2020-alldata.csv:POPESTIMATE2017;S6_CBP_DENSITY_20261002_v1
Maine,23,2018,0.1656564360137092,222,1340123,JULY_1_RESIDENT_POPULATION,VINTAGE_2020,813410,NAICS2017,ESTABLISHMENTS_PER_1000_RESIDENTS,DIRECT,1,0,CBP_EMPLOYER_813410,CENSUS_CBP_AND_POPULATION_ESTIMATES,INHERITED_RAW_OFFICIAL_ZIP_ARCHIVED_API_MATCH,NONE,0.013698630136986356,CBP_2018_813410;nst-est2020-alldata.csv:POPESTIMATE2018;S6_CBP_DENSITY_20261002_v1
Maine,23,2019,0.16198904716259094,218,1345770,JULY_1_RESIDENT_POPULATION,VINTAGE_2020,813410,NAICS2017,ESTABLISHMENTS_PER_1000_RESIDENTS,DIRECT,1,0,CBP_EMPLOYER_813410,CENSUS_CBP_AND_POPULATION_ESTIMATES,INHERITED_RAW_OFFICIAL_ZIP_ARCHIVED_API_MATCH,NONE,-0.018018018018018056,CBP_2019_813410;nst-est2020-alldata.csv:POPESTIMATE2019;S6_CBP_DENSITY_20261002_v1
Maine,23,2020,0.1656263718224104,226,1364517,JULY_1_RESIDENT_POPULATION,VINTAGE_2023,813410,NAICS2017,ESTABLISHMENTS_PER_1000_RESIDENTS,DIRECT,1,0,CBP_EMPLOYER_813410,CENSUS_CBP_AND_POPULATION_ESTIMATES,INHERITED_RAW_OFFICIAL_ZIP_ARCHIVED_API_MATCH,POPULATION_BENCHMARK_BOUNDARY,0.03669724770642202,CBP_2020_813410;NST-EST2023-ALLDATA.csv:POPESTIMATE2020;S6_CBP_DENSITY_20261002_v1
Maine,23,2021,0.1581099908832909,218,1378787,JULY_1_RESIDENT_POPULATION,VINTAGE_2023,813410,NAICS2017,ESTABLISHMENTS_PER_1000_RESIDENTS,DIRECT,1,0,CBP_EMPLOYER_813410,CENSUS_CBP_AND_POPULATION_ESTIMATES,INHERITED_RAW_OFFICIAL_ZIP_ARCHIVED_API_MATCH,NONE,-0.03539823008849563,CBP_2021_813410;NST-EST2023-ALLDATA.csv:POPESTIMATE2021;S6_CBP_DENSITY_20261002_v1
Maine,23,2022,0.15690926182109755,218,1389338,JULY_1_RESIDENT_POPULATION,VINTAGE_2023,813410,NAICS2017,ESTABLISHMENTS_PER_1000_RESIDENTS,DIRECT,1,0,CBP_EMPLOYER_813410,CENSUS_CBP_AND_POPULATION_ESTIMATES,INHERITED_RAW_OFFICIAL_ZIP_ARCHIVED_API_MATCH,NONE,0.0,CBP_2022_813410;NST-EST2023-ALLDATA.csv:POPESTIMATE2022;S6_CBP_DENSITY_20261002_v1
Maine,23,2023,0.1590574627325499,222,1395722,JULY_1_RESIDENT_POPULATION,VINTAGE_2023,813410,NAICS2017,ESTABLISHMENTS_PER_1000_RESIDENTS,DIRECT,1,0,CBP_EMPLOYER_813410,CENSUS_CBP_AND_POPULATION_ESTIMATES,INHERITED_RAW_OFFICIAL_ZIP_ARCHIVED_API_MATCH,NONE,0.0183486238532109,CBP_2023_813410;NST-EST2023-ALLDATA.csv:POPESTIMATE2023;S6_CBP_DENSITY_20261002_v1
Maryland,24,2000,0.1058174359267894,562,5311034,JULY_1_RESIDENT_POPULATION,2010_INTERCENSAL,813410,NAICS1997,ESTABLISHMENTS_PER_1000_RESIDENTS,DIRECT,1,0,CBP_EMPLOYER_813410,CENSUS_CBP_AND_POPULATION_ESTIMATES,INHERITED_RAW_OFFICIAL_ZIP_ARCHIVED_API_MATCH,NONE,,CBP_2000_813410;st-est00int-alldata.csv:POPESTIMATE2000;S6_CBP_DENSITY_20261002_v1
Maryland,24,2001,0.10698289445849073,575,5374691,JULY_1_RESIDENT_POPULATION,2010_INTERCENSAL,813410,NAICS1997,ESTABLISHMENTS_PER_1000_RESIDENTS,DIRECT,1,0,CBP_EMPLOYER_813410,CENSUS_CBP_AND_POPULATION_ESTIMATES,INHERITED_RAW_OFFICIAL_ZIP_ARCHIVED_API_MATCH,NONE,0.02313167259786475,CBP_2001_813410;st-est00int-alldata.csv:POPESTIMATE2001;S6_CBP_DENSITY_20261002_v1
Maryland,24,2002,0.10477191980205827,570,5440389,JULY_1_RESIDENT_POPULATION,2010_INTERCENSAL,813410,NAICS1997,ESTABLISHMENTS_PER_1000_RESIDENTS,DIRECT,1,0,CBP_EMPLOYER_813410,CENSUS_CBP_AND_POPULATION_ESTIMATES,INHERITED_RAW_OFFICIAL_ZIP_ARCHIVED_API_MATCH,NONE,-0.008695652173912993,CBP_2002_813410;st-est00int-alldata.csv:POPESTIMATE2002;S6_CBP_DENSITY_20261002_v1
Maryland,24,2003,0.1088010794231505,598,5496269,JULY_1_RESIDENT_POPULATION,2010_INTERCENSAL,813410,NAICS2002,ESTABLISHMENTS_PER_1000_RESIDENTS,DIRECT,1,0,CBP_EMPLOYER_813410,CENSUS_CBP_AND_POPULATION_ESTIMATES,INHERITED_RAW_OFFICIAL_ZIP_ARCHIVED_API_MATCH,CBP_AUXILIARY_TREATMENT_CHANGE;NAICS_REVISION_CORE_813410_UNCHANGED,0.04912280701754379,CBP_2003_813410;st-est00int-alldata.csv:POPESTIMATE2003;S6_CBP_DENSITY_20261002_v1
Maryland,24,2004,0.10312001132156769,572,5546935,JULY_1_RESIDENT_POPULATION,2010_INTERCENSAL,813410,NAICS2002,ESTABLISHMENTS_PER_1000_RESIDENTS,DIRECT,1,0,CBP_EMPLOYER_813410,CENSUS_CBP_AND_POPULATION_ESTIMATES,INHERITED_RAW_OFFICIAL_ZIP_ARCHIVED_API_MATCH,NONE,-0.04347826086956519,CBP_2004_813410;st-est00int-alldata.csv:POPESTIMATE2004;S6_CBP_DENSITY_20261002_v1
Maryland,24,2005,0.10192442250426877,570,5592379,JULY_1_RESIDENT_POPULATION,2010_INTERCENSAL,813410,NAICS2002,ESTABLISHMENTS_PER_1000_RESIDENTS,DIRECT,1,0,CBP_EMPLOYER_813410,CENSUS_CBP_AND_POPULATION_ESTIMATES,INHERITED_RAW_OFFICIAL_ZIP_ARCHIVED_API_MATCH,NONE,-0.0034965034965035446,CBP_2005_813410;st-est00int-alldata.csv:POPESTIMATE2005;S6_CBP_DENSITY_20261002_v1
Maryland,24,2006,0.09720354119430988,547,5627367,JULY_1_RESIDENT_POPULATION,2010_INTERCENSAL,813410,NAICS2002,ESTABLISHMENTS_PER_1000_RESIDENTS,DIRECT,1,0,CBP_EMPLOYER_813410,CENSUS_CBP_AND_POPULATION_ESTIMATES,INHERITED_RAW_OFFICIAL_ZIP_ARCHIVED_API_MATCH,NONE,-0.04035087719298247,CBP_2006_813410;st-est00int-alldata.csv:POPESTIMATE2006;S6_CBP_DENSITY_20261002_v1
Maryland,24,2007,0.09180303279013295,519,5653408,JULY_1_RESIDENT_POPULATION,2010_INTERCENSAL,813410,NAICS2002,ESTABLISHMENTS_PER_1000_RESIDENTS,DIRECT,1,0,CBP_EMPLOYER_813410,CENSUS_CBP_AND_POPULATION_ESTIMATES,INHERITED_RAW_OFFICIAL_ZIP_ARCHIVED_API_MATCH,NONE,-0.051188299817184646,CBP_2007_813410;st-est00int-alldata.csv:POPESTIMATE2007;S6_CBP_DENSITY_20261002_v1
Maryland,24,2008,0.0909416328860424,517,5684965,JULY_1_RESIDENT_POPULATION,2010_INTERCENSAL,813410,NAICS2007,ESTABLISHMENTS_PER_1000_RESIDENTS,DIRECT,1,0,CBP_EMPLOYER_813410,CENSUS_CBP_AND_POPULATION_ESTIMATES,INHERITED_RAW_OFFICIAL_ZIP_ARCHIVED_API_MATCH,NAICS_REVISION_CORE_813410_UNCHANGED,-0.003853564547206201,CBP_2008_813410;st-est00int-alldata.csv:POPESTIMATE2008;S6_CBP_DENSITY_20261002_v1
Maryland,24,2009,0.08987175039456316,515,5730388,JULY_1_RESIDENT_POPULATION,2010_INTERCENSAL,813410,NAICS2007,ESTABLISHMENTS_PER_1000_RESIDENTS,DIRECT,1,0,CBP_EMPLOYER_813410,CENSUS_CBP_AND_POPULATION_ESTIMATES,INHERITED_RAW_OFFICIAL_ZIP_ARCHIVED_API_MATCH,NONE,-0.003868471953578312,CBP_2009_813410;st-est00int-alldata.csv:POPESTIMATE2009;S6_CBP_DENSITY_20261002_v1
Maryland,24,2010,0.08861964792605839,513,5788784,JULY_1_RESIDENT_POPULATION,VINTAGE_2020,813410,NAICS2007,ESTABLISHMENTS_PER_1000_RESIDENTS,DIRECT,1,0,CBP_EMPLOYER_813410,CENSUS_CBP_AND_POPULATION_ESTIMATES,INHERITED_RAW_OFFICIAL_ZIP_ARCHIVED_API_MATCH,POPULATION_BENCHMARK_BOUNDARY,-0.003883495145631022,CBP_2010_813410;nst-est2020-alldata.csv:POPESTIMATE2010;S6_CBP_DENSITY_20261002_v1
Maryland,24,2011,0.08749638927571654,511,5840241,JULY_1_RESIDENT_POPULATION,VINTAGE_2020,813410,NAICS2007,ESTABLISHMENTS_PER_1000_RESIDENTS,DIRECT,1,0,CBP_EMPLOYER_813410,CENSUS_CBP_AND_POPULATION_ESTIMATES,INHERITED_RAW_OFFICIAL_ZIP_ARCHIVED_API_MATCH,NONE,-0.003898635477582846,CBP_2011_813410;nst-est2020-alldata.csv:POPESTIMATE2011;S6_CBP_DENSITY_20261002_v1
Maryland,24,2012,0.08304498269896193,489,5888375,JULY_1_RESIDENT_POPULATION,VINTAGE_2020,813410,NAICS2012,ESTABLISHMENTS_PER_1000_RESIDENTS,DIRECT,1,0,CBP_EMPLOYER_813410,CENSUS_CBP_AND_POPULATION_ESTIMATES,INHERITED_RAW_OFFICIAL_ZIP_ARCHIVED_API_MATCH,NAICS_REVISION_CORE_813410_UNCHANGED,-0.043052837573385516,CBP_2012_813410;nst-est2020-alldata.csv:POPESTIMATE2012;S6_CBP_DENSITY_20261002_v1
Maryland,24,2013,0.08371029688970678,496,5925197,JULY_1_RESIDENT_POPULATION,VINTAGE_2020,813410,NAICS2012,ESTABLISHMENTS_PER_1000_RESIDENTS,DIRECT,1,0,CBP_EMPLOYER_813410,CENSUS_CBP_AND_POPULATION_ESTIMATES,INHERITED_RAW_OFFICIAL_ZIP_ARCHIVED_API_MATCH,NONE,0.014314928425357865,CBP_2013_813410;nst-est2020-alldata.csv:POPESTIMATE2013;S6_CBP_DENSITY_20261002_v1
Maryland,24,2014,0.0813749651010459,485,5960064,JULY_1_RESIDENT_POPULATION,VINTAGE_2020,813410,NAICS2012,ESTABLISHMENTS_PER_1000_RESIDENTS,DIRECT,1,0,CBP_EMPLOYER_813410,CENSUS_CBP_AND_POPULATION_ESTIMATES,INHERITED_RAW_OFFICIAL_ZIP_ARCHIVED_API_MATCH,NONE,-0.022177419354838745,CBP_2014_813410;nst-est2020-alldata.csv:POPESTIMATE2014;S6_CBP_DENSITY_20261002_v1
Maryland,24,2015,0.08282502812043294,496,5988528,JULY_1_RESIDENT_POPULATION,VINTAGE_2020,813410,NAICS2012,ESTABLISHMENTS_PER_1000_RESIDENTS,DIRECT,1,0,CBP_EMPLOYER_813410,CENSUS_CBP_AND_POPULATION_ESTIMATES,INHERITED_RAW_OFFICIAL_ZIP_ARCHIVED_API_MATCH,NONE,0.02268041237113394,CBP_2015_813410;nst-est2020-alldata.csv:POPESTIMATE2015;S6_CBP_DENSITY_20261002_v1
Maryland,24,2016,0.08107189362302135,487,6007014,JULY_1_RESIDENT_POPULATION,VINTAGE_2020,813410,NAICS2012,ESTABLISHMENTS_PER_1000_RESIDENTS,DIRECT,1,0,CBP_EMPLOYER_813410,CENSUS_CBP_AND_POPULATION_ESTIMATES,INHERITED_RAW_OFFICIAL_ZIP_ARCHIVED_API_MATCH,NONE,-0.01814516129032262,CBP_2016_813410;nst-est2020-alldata.csv:POPESTIMATE2016;S6_CBP_DENSITY_20261002_v1
Maryland,24,2017,0.0801236060068485,483,6028186,JULY_1_RESIDENT_POPULATION,VINTAGE_2020,813410,NAICS2017,ESTABLISHMENTS_PER_1000_RESIDENTS,DIRECT,1,0,CBP_EMPLOYER_813410,CENSUS_CBP_AND_POPULATION_ESTIMATES,INHERITED_RAW_OFFICIAL_ZIP_ARCHIVED_API_MATCH,NAICS_REVISION_CORE_813410_UNCHANGED,-0.008213552361396315,CBP_2017_813410;nst-est2020-alldata.csv:POPESTIMATE2017;S6_CBP_DENSITY_20261002_v1
Maryland,24,2018,0.07944188106458079,480,6042153,JULY_1_RESIDENT_POPULATION,VINTAGE_2020,813410,NAICS2017,ESTABLISHMENTS_PER_1000_RESIDENTS,DIRECT,1,0,CBP_EMPLOYER_813410,CENSUS_CBP_AND_POPULATION_ESTIMATES,INHERITED_RAW_OFFICIAL_ZIP_ARCHIVED_API_MATCH,NONE,-0.006211180124223614,CBP_2018_813410;nst-est2020-alldata.csv:POPESTIMATE2018;S6_CBP_DENSITY_20261002_v1
Maryland,24,2019,0.0815860863682862,494,6054954,JULY_1_RESIDENT_POPULATION,VINTAGE_2020,813410,NAICS2017,ESTABLISHMENTS_PER_1000_RESIDENTS,DIRECT,1,0,CBP_EMPLOYER_813410,CENSUS_CBP_AND_POPULATION_ESTIMATES,INHERITED_RAW_OFFICIAL_ZIP_ARCHIVED_API_MATCH,NONE,0.029166666666666563,CBP_2019_813410;nst-est2020-alldata.csv:POPESTIMATE2019;S6_CBP_DENSITY_20261002_v1
Maryland,24,2020,0.0795310550952599,491,6173689,JULY_1_RESIDENT_POPULATION,VINTAGE_2023,813410,NAICS2017,ESTABLISHMENTS_PER_1000_RESIDENTS,DIRECT,1,0,CBP_EMPLOYER_813410,CENSUS_CBP_AND_POPULATION_ESTIMATES,INHERITED_RAW_OFFICIAL_ZIP_ARCHIVED_API_MATCH,POPULATION_BENCHMARK_BOUNDARY,-0.006072874493927127,CBP_2020_813410;NST-EST2023-ALLDATA.csv:POPESTIMATE2020;S6_CBP_DENSITY_20261002_v1
Maryland,24,2021,0.07951359058921838,491,6175045,JULY_1_RESIDENT_POPULATION,VINTAGE_2023,813410,NAICS2017,ESTABLISHMENTS_PER_1000_RESIDENTS,DIRECT,1,0,CBP_EMPLOYER_813410,CENSUS_CBP_AND_POPULATION_ESTIMATES,INHERITED_RAW_OFFICIAL_ZIP_ARCHIVED_API_MATCH,NONE,0.0,CBP_2021_813410;NST-EST2023-ALLDATA.csv:POPESTIMATE2021;S6_CBP_DENSITY_20261002_v1
Maryland,24,2022,0.07868291612190238,485,6163981,JULY_1_RESIDENT_POPULATION,VINTAGE_2023,813410,NAICS2017,ESTABLISHMENTS_PER_1000_RESIDENTS,DIRECT,1,0,CBP_EMPLOYER_813410,CENSUS_CBP_AND_POPULATION_ESTIMATES,INHERITED_RAW_OFFICIAL_ZIP_ARCHIVED_API_MATCH,NONE,-0.012219959266802416,CBP_2022_813410;NST-EST2023-ALLDATA.csv:POPESTIMATE2022;S6_CBP_DENSITY_20261002_v1
Maryland,24,2023,0.08332992193038052,515,6180253,JULY_1_RESIDENT_POPULATION,VINTAGE_2023,813410,NAICS2017,ESTABLISHMENTS_PER_1000_RESIDENTS,DIRECT,1,0,CBP_EMPLOYER_813410,CENSUS_CBP_AND_POPULATION_ESTIMATES,INHERITED_RAW_OFFICIAL_ZIP_ARCHIVED_API_MATCH,NONE,0.061855670103092786,CBP_2023_813410;NST-EST2023-ALLDATA.csv:POPESTIMATE2023;S6_CBP_DENSITY_20261002_v1
Massachusetts,25,2000,0.14635824221707427,931,6361104,JULY_1_RESIDENT_POPULATION,2010_INTERCENSAL,813410,NAICS1997,ESTABLISHMENTS_PER_1000_RESIDENTS,DIRECT,1,0,CBP_EMPLOYER_813410,CENSUS_CBP_AND_POPULATION_ESTIMATES,INHERITED_RAW_OFFICIAL_ZIP_ARCHIVED_API_MATCH,NONE,,CBP_2000_813410;st-est00int-alldata.csv:POPESTIMATE2000;S6_CBP_DENSITY_20261002_v1
Massachusetts,25,2001,0.14395947001657175,921,6397634,JULY_1_RESIDENT_POPULATION,2010_INTERCENSAL,813410,NAICS1997,ESTABLISHMENTS_PER_1000_RESIDENTS,DIRECT,1,0,CBP_EMPLOYER_813410,CENSUS_CBP_AND_POPULATION_ESTIMATES,INHERITED_RAW_OFFICIAL_ZIP_ARCHIVED_API_MATCH,NONE,-0.01074113856068748,CBP_2001_813410;st-est00int-alldata.csv:POPESTIMATE2001;S6_CBP_DENSITY_20261002_v1
Massachusetts,25,2002,0.14305291118907512,918,6417206,JULY_1_RESIDENT_POPULATION,2010_INTERCENSAL,813410,NAICS1997,ESTABLISHMENTS_PER_1000_RESIDENTS,DIRECT,1,0,CBP_EMPLOYER_813410,CENSUS_CBP_AND_POPULATION_ESTIMATES,INHERITED_RAW_OFFICIAL_ZIP_ARCHIVED_API_MATCH,NONE,-0.0032573289902280145,CBP_2002_813410;st-est00int-alldata.csv:POPESTIMATE2002;S6_CBP_DENSITY_20261002_v1
Massachusetts,25,2003,0.14589186719013356,937,6422565,JULY_1_RESIDENT_POPULATION,2010_INTERCENSAL,813410,NAICS2002,ESTABLISHMENTS_PER_1000_RESIDENTS,DIRECT,1,0,CBP_EMPLOYER_813410,CENSUS_CBP_AND_POPULATION_ESTIMATES,INHERITED_RAW_OFFICIAL_ZIP_ARCHIVED_API_MATCH,CBP_AUXILIARY_TREATMENT_CHANGE;NAICS_REVISION_CORE_813410_UNCHANGED,0.020697167755991286,CBP_2003_813410;st-est00int-alldata.csv:POPESTIMATE2003;S6_CBP_DENSITY_20261002_v1
Massachusetts,25,2004,0.14706155266745172,943,6412281,JULY_1_RESIDENT_POPULATION,2010_INTERCENSAL,813410,NAICS2002,ESTABLISHMENTS_PER_1000_RESIDENTS,DIRECT,1,0,CBP_EMPLOYER_813410,CENSUS_CBP_AND_POPULATION_ESTIMATES,INHERITED_RAW_OFFICIAL_ZIP_ARCHIVED_API_MATCH,NONE,0.006403415154749181,CBP_2004_813410;st-est00int-alldata.csv:POPESTIMATE2004;S6_CBP_DENSITY_20261002_v1
Massachusetts,25,2005,0.14867357249164104,952,6403290,JULY_1_RESIDENT_POPULATION,2010_INTERCENSAL,813410,NAICS2002,ESTABLISHMENTS_PER_1000_RESIDENTS,DIRECT,1,0,CBP_EMPLOYER_813410,CENSUS_CBP_AND_POPULATION_ESTIMATES,INHERITED_RAW_OFFICIAL_ZIP_ARCHIVED_API_MATCH,NONE,0.009544008483563182,CBP_2005_813410;st-est00int-alldata.csv:POPESTIMATE2005;S6_CBP_DENSITY_20261002_v1
Massachusetts,25,2006,0.1472679609190769,944,6410084,JULY_1_RESIDENT_POPULATION,2010_INTERCENSAL,813410,NAICS2002,ESTABLISHMENTS_PER_1000_RESIDENTS,DIRECT,1,0,CBP_EMPLOYER_813410,CENSUS_CBP_AND_POPULATION_ESTIMATES,INHERITED_RAW_OFFICIAL_ZIP_ARCHIVED_API_MATCH,NONE,-0.008403361344537785,CBP_2006_813410;st-est00int-alldata.csv:POPESTIMATE2006;S6_CBP_DENSITY_20261002_v1
Massachusetts,25,2007,0.14397753328547558,926,6431559,JULY_1_RESIDENT_POPULATION,2010_INTERCENSAL,813410,NAICS2002,ESTABLISHMENTS_PER_1000_RESIDENTS,DIRECT,1,0,CBP_EMPLOYER_813410,CENSUS_CBP_AND_POPULATION_ESTIMATES,INHERITED_RAW_OFFICIAL_ZIP_ARCHIVED_API_MATCH,NONE,-0.01906779661016944,CBP_2007_813410;st-est00int-alldata.csv:POPESTIMATE2007;S6_CBP_DENSITY_20261002_v1
Massachusetts,25,2008,0.1381982625664963,894,6468967,JULY_1_RESIDENT_POPULATION,2010_INTERCENSAL,813410,NAICS2007,ESTABLISHMENTS_PER_1000_RESIDENTS,DIRECT,1,0,CBP_EMPLOYER_813410,CENSUS_CBP_AND_POPULATION_ESTIMATES,INHERITED_RAW_OFFICIAL_ZIP_ARCHIVED_API_MATCH,NAICS_REVISION_CORE_813410_UNCHANGED,-0.03455723542116629,CBP_2008_813410;st-est00int-alldata.csv:POPESTIMATE2008;S6_CBP_DENSITY_20261002_v1
Massachusetts,25,2009,0.13854765540697184,903,6517613,JULY_1_RESIDENT_POPULATION,2010_INTERCENSAL,813410,NAICS2007,ESTABLISHMENTS_PER_1000_RESIDENTS,DIRECT,1,0,CBP_EMPLOYER_813410,CENSUS_CBP_AND_POPULATION_ESTIMATES,INHERITED_RAW_OFFICIAL_ZIP_ARCHIVED_API_MATCH,NONE,0.010067114093959662,CBP_2009_813410;st-est00int-alldata.csv:POPESTIMATE2009;S6_CBP_DENSITY_20261002_v1
Massachusetts,25,2010,0.1396494904392639,917,6566440,JULY_1_RESIDENT_POPULATION,VINTAGE_2020,813410,NAICS2007,ESTABLISHMENTS_PER_1000_RESIDENTS,DIRECT,1,0,CBP_EMPLOYER_813410,CENSUS_CBP_AND_POPULATION_ESTIMATES,INHERITED_RAW_OFFICIAL_ZIP_ARCHIVED_API_MATCH,POPULATION_BENCHMARK_BOUNDARY,0.015503875968992276,CBP_2010_813410;nst-est2020-alldata.csv:POPESTIMATE2010;S6_CBP_DENSITY_20261002_v1
Massachusetts,25,2011,0.13561693914533812,897,6614218,JULY_1_RESIDENT_POPULATION,VINTAGE_2020,813410,NAICS2007,ESTABLISHMENTS_PER_1000_RESIDENTS,DIRECT,1,0,CBP_EMPLOYER_813410,CENSUS_CBP_AND_POPULATION_ESTIMATES,INHERITED_RAW_OFFICIAL_ZIP_ARCHIVED_API_MATCH,NONE,-0.021810250817884458,CBP_2011_813410;nst-est2020-alldata.csv:POPESTIMATE2011;S6_CBP_DENSITY_20261002_v1
Massachusetts,25,2012,0.13204749088009501,880,6664269,JULY_1_RESIDENT_POPULATION,VINTAGE_2020,813410,NAICS2012,ESTABLISHMENTS_PER_1000_RESIDENTS,DIRECT,1,0,CBP_EMPLOYER_813410,CENSUS_CBP_AND_POPULATION_ESTIMATES,INHERITED_RAW_OFFICIAL_ZIP_ARCHIVED_API_MATCH,NAICS_REVISION_CORE_813410_UNCHANGED,-0.018952062430323324,CBP_2012_813410;nst-est2020-alldata.csv:POPESTIMATE2012;S6_CBP_DENSITY_20261002_v1
Massachusetts,25,2013,0.13328055721101426,895,6715158,JULY_1_RESIDENT_POPULATION,VINTAGE_2020,813410,NAICS2012,ESTABLISHMENTS_PER_1000_RESIDENTS,DIRECT,1,0,CBP_EMPLOYER_813410,CENSUS_CBP_AND_POPULATION_ESTIMATES,INHERITED_RAW_OFFICIAL_ZIP_ARCHIVED_API_MATCH,NONE,0.017045454545454586,CBP_2013_813410;nst-est2020-alldata.csv:POPESTIMATE2013;S6_CBP_DENSITY_20261002_v1
Massachusetts,25,2014,0.13126649700570478,888,6764864,JULY_1_RESIDENT_POPULATION,VINTAGE_2020,813410,NAICS2012,ESTABLISHMENTS_PER_1000_RESIDENTS,DIRECT,1,0,CBP_EMPLOYER_813410,CENSUS_CBP_AND_POPULATION_ESTIMATES,INHERITED_RAW_OFFICIAL_ZIP_ARCHIVED_API_MATCH,NONE,-0.007821229050279377,CBP_2014_813410;nst-est2020-alldata.csv:POPESTIMATE2014;S6_CBP_DENSITY_20261002_v1
Massachusetts,25,2015,0.13078368408075694,889,6797484,JULY_1_RESIDENT_POPULATION,VINTAGE_2020,813410,NAICS2012,ESTABLISHMENTS_PER_1000_RESIDENTS,DIRECT,1,0,CBP_EMPLOYER_813410,CENSUS_CBP_AND_POPULATION_ESTIMATES,INHERITED_RAW_OFFICIAL_ZIP_ARCHIVED_API_MATCH,NONE,0.0011261261261261701,CBP_2015_813410;nst-est2020-alldata.csv:POPESTIMATE2015;S6_CBP_DENSITY_20261002_v1
Massachusetts,25,2016,0.13475351823859574,920,6827280,JULY_1_RESIDENT_POPULATION,VINTAGE_2020,813410,NAICS2012,ESTABLISHMENTS_PER_1000_RESIDENTS,DIRECT,1,0,CBP_EMPLOYER_813410,CENSUS_CBP_AND_POPULATION_ESTIMATES,INHERITED_RAW_OFFICIAL_ZIP_ARCHIVED_API_MATCH,NONE,0.03487064116985383,CBP_2016_813410;nst-est2020-alldata.csv:POPESTIMATE2016;S6_CBP_DENSITY_20261002_v1
Massachusetts,25,2017,0.13345843847799102,916,6863560,JULY_1_RESIDENT_POPULATION,VINTAGE_2020,813410,NAICS2017,ESTABLISHMENTS_PER_1000_RESIDENTS,DIRECT,1,0,CBP_EMPLOYER_813410,CENSUS_CBP_AND_POPULATION_ESTIMATES,INHERITED_RAW_OFFICIAL_ZIP_ARCHIVED_API_MATCH,NAICS_REVISION_CORE_813410_UNCHANGED,-0.004347826086956497,CBP_2017_813410;nst-est2020-alldata.csv:POPESTIMATE2017;S6_CBP_DENSITY_20261002_v1
Massachusetts,25,2018,0.13215756667421852,910,6885720,JULY_1_RESIDENT_POPULATION,VINTAGE_2020,813410,NAICS2017,ESTABLISHMENTS_PER_1000_RESIDENTS,DIRECT,1,0,CBP_EMPLOYER_813410,CENSUS_CBP_AND_POPULATION_ESTIMATES,INHERITED_RAW_OFFICIAL_ZIP_ARCHIVED_API_MATCH,NONE,-0.0065502183406113135,CBP_2018_813410;nst-est2020-alldata.csv:POPESTIMATE2018;S6_CBP_DENSITY_20261002_v1
Massachusetts,25,2019,0.1302415138879079,898,6894883,JULY_1_RESIDENT_POPULATION,VINTAGE_2020,813410,NAICS2017,ESTABLISHMENTS_PER_1000_RESIDENTS,DIRECT,1,0,CBP_EMPLOYER_813410,CENSUS_CBP_AND_POPULATION_ESTIMATES,INHERITED_RAW_OFFICIAL_ZIP_ARCHIVED_API_MATCH,NONE,-0.01318681318681314,CBP_2019_813410;nst-est2020-alldata.csv:POPESTIMATE2019;S6_CBP_DENSITY_20261002_v1
Massachusetts,25,2020,0.1274702177697199,892,6997713,JULY_1_RESIDENT_POPULATION,VINTAGE_2023,813410,NAICS2017,ESTABLISHMENTS_PER_1000_RESIDENTS,DIRECT,1,0,CBP_EMPLOYER_813410,CENSUS_CBP_AND_POPULATION_ESTIMATES,INHERITED_RAW_OFFICIAL_ZIP_ARCHIVED_API_MATCH,POPULATION_BENCHMARK_BOUNDARY,-0.006681514476614692,CBP_2020_813410;NST-EST2023-ALLDATA.csv:POPESTIMATE2020;S6_CBP_DENSITY_20261002_v1
Massachusetts,25,2021,0.11856490413047803,829,6991951,JULY_1_RESIDENT_POPULATION,VINTAGE_2023,813410,NAICS2017,ESTABLISHMENTS_PER_1000_RESIDENTS,DIRECT,1,0,CBP_EMPLOYER_813410,CENSUS_CBP_AND_POPULATION_ESTIMATES,INHERITED_RAW_OFFICIAL_ZIP_ARCHIVED_API_MATCH,NONE,-0.070627802690583,CBP_2021_813410;NST-EST2023-ALLDATA.csv:POPESTIMATE2021;S6_CBP_DENSITY_20261002_v1
Massachusetts,25,2022,0.12273119148070813,857,6982740,JULY_1_RESIDENT_POPULATION,VINTAGE_2023,813410,NAICS2017,ESTABLISHMENTS_PER_1000_RESIDENTS,DIRECT,1,0,CBP_EMPLOYER_813410,CENSUS_CBP_AND_POPULATION_ESTIMATES,INHERITED_RAW_OFFICIAL_ZIP_ARCHIVED_API_MATCH,NONE,0.033775633293124274,CBP_2022_813410;NST-EST2023-ALLDATA.csv:POPESTIMATE2022;S6_CBP_DENSITY_20261002_v1
Massachusetts,25,2023,0.11840490736208578,829,7001399,JULY_1_RESIDENT_POPULATION,VINTAGE_2023,813410,NAICS2017,ESTABLISHMENTS_PER_1000_RESIDENTS,DIRECT,1,0,CBP_EMPLOYER_813410,CENSUS_CBP_AND_POPULATION_ESTIMATES,INHERITED_RAW_OFFICIAL_ZIP_ARCHIVED_API_MATCH,NONE,-0.03267211201866982,CBP_2023_813410;NST-EST2023-ALLDATA.csv:POPESTIMATE2023;S6_CBP_DENSITY_20261002_v1
Michigan,26,2000,0.11554943757567232,1150,9952450,JULY_1_RESIDENT_POPULATION,2010_INTERCENSAL,813410,NAICS1997,ESTABLISHMENTS_PER_1000_RESIDENTS,DIRECT,1,0,CBP_EMPLOYER_813410,CENSUS_CBP_AND_POPULATION_ESTIMATES,INHERITED_RAW_OFFICIAL_ZIP_ARCHIVED_API_MATCH,NONE,,CBP_2000_813410;st-est00int-alldata.csv:POPESTIMATE2000;S6_CBP_DENSITY_20261002_v1
Michigan,26,2001,0.1150021218842332,1149,9991120,JULY_1_RESIDENT_POPULATION,2010_INTERCENSAL,813410,NAICS1997,ESTABLISHMENTS_PER_1000_RESIDENTS,DIRECT,1,0,CBP_EMPLOYER_813410,CENSUS_CBP_AND_POPULATION_ESTIMATES,INHERITED_RAW_OFFICIAL_ZIP_ARCHIVED_API_MATCH,NONE,-0.0008695652173913437,CBP_2001_813410;st-est00int-alldata.csv:POPESTIMATE2001;S6_CBP_DENSITY_20261002_v1
Michigan,26,2002,0.11342181432968805,1136,10015710,JULY_1_RESIDENT_POPULATION,2010_INTERCENSAL,813410,NAICS1997,ESTABLISHMENTS_PER_1000_RESIDENTS,DIRECT,1,0,CBP_EMPLOYER_813410,CENSUS_CBP_AND_POPULATION_ESTIMATES,INHERITED_RAW_OFFICIAL_ZIP_ARCHIVED_API_MATCH,NONE,-0.011314186248912117,CBP_2002_813410;st-est00int-alldata.csv:POPESTIMATE2002;S6_CBP_DENSITY_20261002_v1
Michigan,26,2003,0.11671967519264721,1172,10041152,JULY_1_RESIDENT_POPULATION,2010_INTERCENSAL,813410,NAICS2002,ESTABLISHMENTS_PER_1000_RESIDENTS,DIRECT,1,0,CBP_EMPLOYER_813410,CENSUS_CBP_AND_POPULATION_ESTIMATES,INHERITED_RAW_OFFICIAL_ZIP_ARCHIVED_API_MATCH,CBP_AUXILIARY_TREATMENT_CHANGE;NAICS_REVISION_CORE_813410_UNCHANGED,0.03169014084507049,CBP_2003_813410;st-est00int-alldata.csv:POPESTIMATE2003;S6_CBP_DENSITY_20261002_v1
Michigan,26,2004,0.11655527449910819,1172,10055315,JULY_1_RESIDENT_POPULATION,2010_INTERCENSAL,813410,NAICS2002,ESTABLISHMENTS_PER_1000_RESIDENTS,DIRECT,1,0,CBP_EMPLOYER_813410,CENSUS_CBP_AND_POPULATION_ESTIMATES,INHERITED_RAW_OFFICIAL_ZIP_ARCHIVED_API_MATCH,NONE,0.0,CBP_2004_813410;st-est00int-alldata.csv:POPESTIMATE2004;S6_CBP_DENSITY_20261002_v1
Michigan,26,2005,0.11650423230725042,1171,10051137,JULY_1_RESIDENT_POPULATION,2010_INTERCENSAL,813410,NAICS2002,ESTABLISHMENTS_PER_1000_RESIDENTS,DIRECT,1,0,CBP_EMPLOYER_813410,CENSUS_CBP_AND_POPULATION_ESTIMATES,INHERITED_RAW_OFFICIAL_ZIP_ARCHIVED_API_MATCH,NONE,-0.0008532423208190698,CBP_2005_813410;st-est00int-alldata.csv:POPESTIMATE2005;S6_CBP_DENSITY_20261002_v1
Michigan,26,2006,0.11299231243749427,1134,10036081,JULY_1_RESIDENT_POPULATION,2010_INTERCENSAL,813410,NAICS2002,ESTABLISHMENTS_PER_1000_RESIDENTS,DIRECT,1,0,CBP_EMPLOYER_813410,CENSUS_CBP_AND_POPULATION_ESTIMATES,INHERITED_RAW_OFFICIAL_ZIP_ARCHIVED_API_MATCH,NONE,-0.03159692570452599,CBP_2006_813410;st-est00int-alldata.csv:POPESTIMATE2006;S6_CBP_DENSITY_20261002_v1
Michigan,26,2007,0.11108573659142165,1111,10001284,JULY_1_RESIDENT_POPULATION,2010_INTERCENSAL,813410,NAICS2002,ESTABLISHMENTS_PER_1000_RESIDENTS,DIRECT,1,0,CBP_EMPLOYER_813410,CENSUS_CBP_AND_POPULATION_ESTIMATES,INHERITED_RAW_OFFICIAL_ZIP_ARCHIVED_API_MATCH,NONE,-0.020282186948853642,CBP_2007_813410;st-est00int-alldata.csv:POPESTIMATE2007;S6_CBP_DENSITY_20261002_v1
Michigan,26,2008,0.1070686523193332,1065,9946889,JULY_1_RESIDENT_POPULATION,2010_INTERCENSAL,813410,NAICS2007,ESTABLISHMENTS_PER_1000_RESIDENTS,DIRECT,1,0,CBP_EMPLOYER_813410,CENSUS_CBP_AND_POPULATION_ESTIMATES,INHERITED_RAW_OFFICIAL_ZIP_ARCHIVED_API_MATCH,NAICS_REVISION_CORE_813410_UNCHANGED,-0.04140414041404139,CBP_2008_813410;st-est00int-alldata.csv:POPESTIMATE2008;S6_CBP_DENSITY_20261002_v1
Michigan,26,2009,0.10372070508668758,1027,9901591,JULY_1_RESIDENT_POPULATION,2010_INTERCENSAL,813410,NAICS2007,ESTABLISHMENTS_PER_1000_RESIDENTS,DIRECT,1,0,CBP_EMPLOYER_813410,CENSUS_CBP_AND_POPULATION_ESTIMATES,INHERITED_RAW_OFFICIAL_ZIP_ARCHIVED_API_MATCH,NONE,-0.03568075117370895,CBP_2009_813410;st-est00int-alldata.csv:POPESTIMATE2009;S6_CBP_DENSITY_20261002_v1
Michigan,26,2010,0.10235282933693285,1011,9877597,JULY_1_RESIDENT_POPULATION,VINTAGE_2020,813410,NAICS2007,ESTABLISHMENTS_PER_1000_RESIDENTS,DIRECT,1,0,CBP_EMPLOYER_813410,CENSUS_CBP_AND_POPULATION_ESTIMATES,INHERITED_RAW_OFFICIAL_ZIP_ARCHIVED_API_MATCH,POPULATION_BENCHMARK_BOUNDARY,-0.015579357351509282,CBP_2010_813410;nst-est2020-alldata.csv:POPESTIMATE2010;S6_CBP_DENSITY_20261002_v1
Michigan,26,2011,0.09875490903468796,976,9883053,JULY_1_RESIDENT_POPULATION,VINTAGE_2020,813410,NAICS2007,ESTABLISHMENTS_PER_1000_RESIDENTS,DIRECT,1,0,CBP_EMPLOYER_813410,CENSUS_CBP_AND_POPULATION_ESTIMATES,INHERITED_RAW_OFFICIAL_ZIP_ARCHIVED_API_MATCH,NONE,-0.034619188921859556,CBP_2011_813410;nst-est2020-alldata.csv:POPESTIMATE2011;S6_CBP_DENSITY_20261002_v1
Michigan,26,2012,0.09395563212995701,930,9898289,JULY_1_RESIDENT_POPULATION,VINTAGE_2020,813410,NAICS2012,ESTABLISHMENTS_PER_1000_RESIDENTS,DIRECT,1,0,CBP_EMPLOYER_813410,CENSUS_CBP_AND_POPULATION_ESTIMATES,INHERITED_RAW_OFFICIAL_ZIP_ARCHIVED_API_MATCH,NAICS_REVISION_CORE_813410_UNCHANGED,-0.047131147540983576,CBP_2012_813410;nst-est2020-alldata.csv:POPESTIMATE2012;S6_CBP_DENSITY_20261002_v1
Michigan,26,2013,0.09147938607346874,907,9914802,JULY_1_RESIDENT_POPULATION,VINTAGE_2020,813410,NAICS2012,ESTABLISHMENTS_PER_1000_RESIDENTS,DIRECT,1,0,CBP_EMPLOYER_813410,CENSUS_CBP_AND_POPULATION_ESTIMATES,INHERITED_RAW_OFFICIAL_ZIP_ARCHIVED_API_MATCH,NONE,-0.02473118279569897,CBP_2013_813410;nst-est2020-alldata.csv:POPESTIMATE2013;S6_CBP_DENSITY_20261002_v1
Michigan,26,2014,0.08991109876497591,893,9932033,JULY_1_RESIDENT_POPULATION,VINTAGE_2020,813410,NAICS2012,ESTABLISHMENTS_PER_1000_RESIDENTS,DIRECT,1,0,CBP_EMPLOYER_813410,CENSUS_CBP_AND_POPULATION_ESTIMATES,INHERITED_RAW_OFFICIAL_ZIP_ARCHIVED_API_MATCH,NONE,-0.015435501653803696,CBP_2014_813410;nst-est2020-alldata.csv:POPESTIMATE2014;S6_CBP_DENSITY_20261002_v1
Michigan,26,2015,0.08858035189148745,880,9934483,JULY_1_RESIDENT_POPULATION,VINTAGE_2020,813410,NAICS2012,ESTABLISHMENTS_PER_1000_RESIDENTS,DIRECT,1,0,CBP_EMPLOYER_813410,CENSUS_CBP_AND_POPULATION_ESTIMATES,INHERITED_RAW_OFFICIAL_ZIP_ARCHIVED_API_MATCH,NONE,-0.014557670772676334,CBP_2015_813410;nst-est2020-alldata.csv:POPESTIMATE2015;S6_CBP_DENSITY_20261002_v1
Michigan,26,2016,0.08760194399965361,872,9954117,JULY_1_RESIDENT_POPULATION,VINTAGE_2020,813410,NAICS2012,ESTABLISHMENTS_PER_1000_RESIDENTS,DIRECT,1,0,CBP_EMPLOYER_813410,CENSUS_CBP_AND_POPULATION_ESTIMATES,INHERITED_RAW_OFFICIAL_ZIP_ARCHIVED_API_MATCH,NONE,-0.009090909090909038,CBP_2016_813410;nst-est2020-alldata.csv:POPESTIMATE2016;S6_CBP_DENSITY_20261002_v1
Michigan,26,2017,0.08700226286069856,868,9976752,JULY_1_RESIDENT_POPULATION,VINTAGE_2020,813410,NAICS2017,ESTABLISHMENTS_PER_1000_RESIDENTS,DIRECT,1,0,CBP_EMPLOYER_813410,CENSUS_CBP_AND_POPULATION_ESTIMATES,INHERITED_RAW_OFFICIAL_ZIP_ARCHIVED_API_MATCH,NAICS_REVISION_CORE_813410_UNCHANGED,-0.004587155963302725,CBP_2017_813410;nst-est2020-alldata.csv:POPESTIMATE2017;S6_CBP_DENSITY_20261002_v1
Michigan,26,2018,0.08260502402754863,825,9987286,JULY_1_RESIDENT_POPULATION,VINTAGE_2020,813410,NAICS2017,ESTABLISHMENTS_PER_1000_RESIDENTS,DIRECT,1,0,CBP_EMPLOYER_813410,CENSUS_CBP_AND_POPULATION_ESTIMATES,INHERITED_RAW_OFFICIAL_ZIP_ARCHIVED_API_MATCH,NONE,-0.04953917050691248,CBP_2018_813410;nst-est2020-alldata.csv:POPESTIMATE2018;S6_CBP_DENSITY_20261002_v1
Michigan,26,2019,0.08312639368159286,830,9984795,JULY_1_RESIDENT_POPULATION,VINTAGE_2020,813410,NAICS2017,ESTABLISHMENTS_PER_1000_RESIDENTS,DIRECT,1,0,CBP_EMPLOYER_813410,CENSUS_CBP_AND_POPULATION_ESTIMATES,INHERITED_RAW_OFFICIAL_ZIP_ARCHIVED_API_MATCH,NONE,0.0060606060606061,CBP_2019_813410;nst-est2020-alldata.csv:POPESTIMATE2019;S6_CBP_DENSITY_20261002_v1
Michigan,26,2020,0.0804319333840882,810,10070627,JULY_1_RESIDENT_POPULATION,VINTAGE_2023,813410,NAICS2017,ESTABLISHMENTS_PER_1000_RESIDENTS,DIRECT,1,0,CBP_EMPLOYER_813410,CENSUS_CBP_AND_POPULATION_ESTIMATES,INHERITED_RAW_OFFICIAL_ZIP_ARCHIVED_API_MATCH,POPULATION_BENCHMARK_BOUNDARY,-0.02409638554216864,CBP_2020_813410;NST-EST2023-ALLDATA.csv:POPESTIMATE2020;S6_CBP_DENSITY_20261002_v1
Michigan,26,2021,0.07740495553100248,777,10038117,JULY_1_RESIDENT_POPULATION,VINTAGE_2023,813410,NAICS2017,ESTABLISHMENTS_PER_1000_RESIDENTS,DIRECT,1,0,CBP_EMPLOYER_813410,CENSUS_CBP_AND_POPULATION_ESTIMATES,INHERITED_RAW_OFFICIAL_ZIP_ARCHIVED_API_MATCH,NONE,-0.040740740740740744,CBP_2021_813410;NST-EST2023-ALLDATA.csv:POPESTIMATE2021;S6_CBP_DENSITY_20261002_v1
Michigan,26,2022,0.07754193269380176,778,10033281,JULY_1_RESIDENT_POPULATION,VINTAGE_2023,813410,NAICS2017,ESTABLISHMENTS_PER_1000_RESIDENTS,DIRECT,1,0,CBP_EMPLOYER_813410,CENSUS_CBP_AND_POPULATION_ESTIMATES,INHERITED_RAW_OFFICIAL_ZIP_ARCHIVED_API_MATCH,NONE,0.0012870012870012104,CBP_2022_813410;NST-EST2023-ALLDATA.csv:POPESTIMATE2022;S6_CBP_DENSITY_20261002_v1
Michigan,26,2023,0.07830821575726685,786,10037261,JULY_1_RESIDENT_POPULATION,VINTAGE_2023,813410,NAICS2017,ESTABLISHMENTS_PER_1000_RESIDENTS,DIRECT,1,0,CBP_EMPLOYER_813410,CENSUS_CBP_AND_POPULATION_ESTIMATES,INHERITED_RAW_OFFICIAL_ZIP_ARCHIVED_API_MATCH,NONE,0.010282776349614497,CBP_2023_813410;NST-EST2023-ALLDATA.csv:POPESTIMATE2023;S6_CBP_DENSITY_20261002_v1
Minnesota,27,2000,0.24910351112311022,1229,4933692,JULY_1_RESIDENT_POPULATION,2010_INTERCENSAL,813410,NAICS1997,ESTABLISHMENTS_PER_1000_RESIDENTS,DIRECT,1,0,CBP_EMPLOYER_813410,CENSUS_CBP_AND_POPULATION_ESTIMATES,INHERITED_RAW_OFFICIAL_ZIP_ARCHIVED_API_MATCH,NONE,,CBP_2000_813410;st-est00int-alldata.csv:POPESTIMATE2000;S6_CBP_DENSITY_20261002_v1
Minnesota,27,2001,0.24745143088338353,1233,4982796,JULY_1_RESIDENT_POPULATION,2010_INTERCENSAL,813410,NAICS1997,ESTABLISHMENTS_PER_1000_RESIDENTS,DIRECT,1,0,CBP_EMPLOYER_813410,CENSUS_CBP_AND_POPULATION_ESTIMATES,INHERITED_RAW_OFFICIAL_ZIP_ARCHIVED_API_MATCH,NONE,0.0032546786004881145,CBP_2001_813410;st-est00int-alldata.csv:POPESTIMATE2001;S6_CBP_DENSITY_20261002_v1
Minnesota,27,2002,0.24029002168786803,1206,5018935,JULY_1_RESIDENT_POPULATION,2010_INTERCENSAL,813410,NAICS1997,ESTABLISHMENTS_PER_1000_RESIDENTS,DIRECT,1,0,CBP_EMPLOYER_813410,CENSUS_CBP_AND_POPULATION_ESTIMATES,INHERITED_RAW_OFFICIAL_ZIP_ARCHIVED_API_MATCH,NONE,-0.021897810218978075,CBP_2002_813410;st-est00int-alldata.csv:POPESTIMATE2002;S6_CBP_DENSITY_20261002_v1
Minnesota,27,2003,0.2479434348615197,1253,5053572,JULY_1_RESIDENT_POPULATION,2010_INTERCENSAL,813410,NAICS2002,ESTABLISHMENTS_PER_1000_RESIDENTS,DIRECT,1,0,CBP_EMPLOYER_813410,CENSUS_CBP_AND_POPULATION_ESTIMATES,INHERITED_RAW_OFFICIAL_ZIP_ARCHIVED_API_MATCH,CBP_AUXILIARY_TREATMENT_CHANGE;NAICS_REVISION_CORE_813410_UNCHANGED,0.03897180762852415,CBP_2003_813410;st-est00int-alldata.csv:POPESTIMATE2003;S6_CBP_DENSITY_20261002_v1
Minnesota,27,2004,0.2401865042308794,1222,5087713,JULY_1_RESIDENT_POPULATION,2010_INTERCENSAL,813410,NAICS2002,ESTABLISHMENTS_PER_1000_RESIDENTS,DIRECT,1,0,CBP_EMPLOYER_813410,CENSUS_CBP_AND_POPULATION_ESTIMATES,INHERITED_RAW_OFFICIAL_ZIP_ARCHIVED_API_MATCH,NONE,-0.024740622505985632,CBP_2004_813410;st-est00int-alldata.csv:POPESTIMATE2004;S6_CBP_DENSITY_20261002_v1
Minnesota,27,2005,0.2386906159428924,1222,5119598,JULY_1_RESIDENT_POPULATION,2010_INTERCENSAL,813410,NAICS2002,ESTABLISHMENTS_PER_1000_RESIDENTS,DIRECT,1,0,CBP_EMPLOYER_813410,CENSUS_CBP_AND_POPULATION_ESTIMATES,INHERITED_RAW_OFFICIAL_ZIP_ARCHIVED_API_MATCH,NONE,0.0,CBP_2005_813410;st-est00int-alldata.csv:POPESTIMATE2005;S6_CBP_DENSITY_20261002_v1
Minnesota,27,2006,0.22891205768119058,1182,5163555,JULY_1_RESIDENT_POPULATION,2010_INTERCENSAL,813410,NAICS2002,ESTABLISHMENTS_PER_1000_RESIDENTS,DIRECT,1,0,CBP_EMPLOYER_813410,CENSUS_CBP_AND_POPULATION_ESTIMATES,INHERITED_RAW_OFFICIAL_ZIP_ARCHIVED_API_MATCH,NONE,-0.032733224222585955,CBP_2006_813410;st-est00int-alldata.csv:POPESTIMATE2006;S6_CBP_DENSITY_20261002_v1
Minnesota,27,2007,0.22103997097866168,1151,5207203,JULY_1_RESIDENT_POPULATION,2010_INTERCENSAL,813410,NAICS2002,ESTABLISHMENTS_PER_1000_RESIDENTS,DIRECT,1,0,CBP_EMPLOYER_813410,CENSUS_CBP_AND_POPULATION_ESTIMATES,INHERITED_RAW_OFFICIAL_ZIP_ARCHIVED_API_MATCH,NONE,-0.02622673434856171,CBP_2007_813410;st-est00int-alldata.csv:POPESTIMATE2007;S6_CBP_DENSITY_20261002_v1
Minnesota,27,2008,0.21688509549614657,1138,5247018,JULY_1_RESIDENT_POPULATION,2010_INTERCENSAL,813410,NAICS2007,ESTABLISHMENTS_PER_1000_RESIDENTS,DIRECT,1,0,CBP_EMPLOYER_813410,CENSUS_CBP_AND_POPULATION_ESTIMATES,INHERITED_RAW_OFFICIAL_ZIP_ARCHIVED_API_MATCH,NAICS_REVISION_CORE_813410_UNCHANGED,-0.011294526498696777,CBP_2008_813410;st-est00int-alldata.csv:POPESTIMATE2008;S6_CBP_DENSITY_20261002_v1
Minnesota,27,2009,0.21415575201331968,1131,5281203,JULY_1_RESIDENT_POPULATION,2010_INTERCENSAL,813410,NAICS2007,ESTABLISHMENTS_PER_1000_RESIDENTS,DIRECT,1,0,CBP_EMPLOYER_813410,CENSUS_CBP_AND_POPULATION_ESTIMATES,INHERITED_RAW_OFFICIAL_ZIP_ARCHIVED_API_MATCH,NONE,-0.0061511423550087985,CBP_2009_813410;st-est00int-alldata.csv:POPESTIMATE2009;S6_CBP_DENSITY_20261002_v1
Minnesota,27,2010,0.20542526041558792,1091,5310934,JULY_1_RESIDENT_POPULATION,VINTAGE_2020,813410,NAICS2007,ESTABLISHMENTS_PER_1000_RESIDENTS,DIRECT,1,0,CBP_EMPLOYER_813410,CENSUS_CBP_AND_POPULATION_ESTIMATES,INHERITED_RAW_OFFICIAL_ZIP_ARCHIVED_API_MATCH,POPULATION_BENCHMARK_BOUNDARY,-0.03536693191865603,CBP_2010_813410;nst-est2020-alldata.csv:POPESTIMATE2010;S6_CBP_DENSITY_20261002_v1
Minnesota,27,2011,0.1991912647616625,1065,5346620,JULY_1_RESIDENT_POPULATION,VINTAGE_2020,813410,NAICS2007,ESTABLISHMENTS_PER_1000_RESIDENTS,DIRECT,1,0,CBP_EMPLOYER_813410,CENSUS_CBP_AND_POPULATION_ESTIMATES,INHERITED_RAW_OFFICIAL_ZIP_ARCHIVED_API_MATCH,NONE,-0.02383134738771764,CBP_2011_813410;nst-est2020-alldata.csv:POPESTIMATE2011;S6_CBP_DENSITY_20261002_v1
Minnesota,27,2012,0.19302649930264992,1038,5377500,JULY_1_RESIDENT_POPULATION,VINTAGE_2020,813410,NAICS2012,ESTABLISHMENTS_PER_1000_RESIDENTS,DIRECT,1,0,CBP_EMPLOYER_813410,CENSUS_CBP_AND_POPULATION_ESTIMATES,INHERITED_RAW_OFFICIAL_ZIP_ARCHIVED_API_MATCH,NAICS_REVISION_CORE_813410_UNCHANGED,-0.025352112676056304,CBP_2012_813410;nst-est2020-alldata.csv:POPESTIMATE2012;S6_CBP_DENSITY_20261002_v1
Minnesota,27,2013,0.1920689557100069,1040,5414722,JULY_1_RESIDENT_POPULATION,VINTAGE_2020,813410,NAICS2012,ESTABLISHMENTS_PER_1000_RESIDENTS,DIRECT,1,0,CBP_EMPLOYER_813410,CENSUS_CBP_AND_POPULATION_ESTIMATES,INHERITED_RAW_OFFICIAL_ZIP_ARCHIVED_API_MATCH,NONE,0.0019267822736031004,CBP_2013_813410;nst-est2020-alldata.csv:POPESTIMATE2013;S6_CBP_DENSITY_20261002_v1
Minnesota,27,2014,0.18633090424590543,1016,5452665,JULY_1_RESIDENT_POPULATION,VINTAGE_2020,813410,NAICS2012,ESTABLISHMENTS_PER_1000_RESIDENTS,DIRECT,1,0,CBP_EMPLOYER_813410,CENSUS_CBP_AND_POPULATION_ESTIMATES,INHERITED_RAW_OFFICIAL_ZIP_ARCHIVED_API_MATCH,NONE,-0.023076923076923106,CBP_2014_813410;nst-est2020-alldata.csv:POPESTIMATE2014;S6_CBP_DENSITY_20261002_v1
Minnesota,27,2015,0.1874543444732515,1028,5484002,JULY_1_RESIDENT_POPULATION,VINTAGE_2020,813410,NAICS2012,ESTABLISHMENTS_PER_1000_RESIDENTS,DIRECT,1,0,CBP_EMPLOYER_813410,CENSUS_CBP_AND_POPULATION_ESTIMATES,INHERITED_RAW_OFFICIAL_ZIP_ARCHIVED_API_MATCH,NONE,0.011811023622047223,CBP_2015_813410;nst-est2020-alldata.csv:POPESTIMATE2015;S6_CBP_DENSITY_20261002_v1
Minnesota,27,2016,0.18930893190669928,1046,5525360,JULY_1_RESIDENT_POPULATION,VINTAGE_2020,813410,NAICS2012,ESTABLISHMENTS_PER_1000_RESIDENTS,DIRECT,1,0,CBP_EMPLOYER_813410,CENSUS_CBP_AND_POPULATION_ESTIMATES,INHERITED_RAW_OFFICIAL_ZIP_ARCHIVED_API_MATCH,NONE,0.017509727626459082,CBP_2016_813410;nst-est2020-alldata.csv:POPESTIMATE2016;S6_CBP_DENSITY_20261002_v1
Minnesota,27,2017,0.18494301690181664,1030,5569283,JULY_1_RESIDENT_POPULATION,VINTAGE_2020,813410,NAICS2017,ESTABLISHMENTS_PER_1000_RESIDENTS,DIRECT,1,0,CBP_EMPLOYER_813410,CENSUS_CBP_AND_POPULATION_ESTIMATES,INHERITED_RAW_OFFICIAL_ZIP_ARCHIVED_API_MATCH,NAICS_REVISION_CORE_813410_UNCHANGED,-0.015296367112810683,CBP_2017_813410;nst-est2020-alldata.csv:POPESTIMATE2017;S6_CBP_DENSITY_20261002_v1
Minnesota,27,2018,0.18328465354743168,1028,5608762,JULY_1_RESIDENT_POPULATION,VINTAGE_2020,813410,NAICS2017,ESTABLISHMENTS_PER_1000_RESIDENTS,DIRECT,1,0,CBP_EMPLOYER_813410,CENSUS_CBP_AND_POPULATION_ESTIMATES,INHERITED_RAW_OFFICIAL_ZIP_ARCHIVED_API_MATCH,NONE,-0.001941747572815511,CBP_2018_813410;nst-est2020-alldata.csv:POPESTIMATE2018;S6_CBP_DENSITY_20261002_v1
Minnesota,27,2019,0.1794309379716822,1012,5640053,JULY_1_RESIDENT_POPULATION,VINTAGE_2020,813410,NAICS2017,ESTABLISHMENTS_PER_1000_RESIDENTS,DIRECT,1,0,CBP_EMPLOYER_813410,CENSUS_CBP_AND_POPULATION_ESTIMATES,INHERITED_RAW_OFFICIAL_ZIP_ARCHIVED_API_MATCH,NONE,-0.015564202334630295,CBP_2019_813410;nst-est2020-alldata.csv:POPESTIMATE2019;S6_CBP_DENSITY_20261002_v1
Minnesota,27,2020,0.17476339522899434,998,5710578,JULY_1_RESIDENT_POPULATION,VINTAGE_2023,813410,NAICS2017,ESTABLISHMENTS_PER_1000_RESIDENTS,DIRECT,1,0,CBP_EMPLOYER_813410,CENSUS_CBP_AND_POPULATION_ESTIMATES,INHERITED_RAW_OFFICIAL_ZIP_ARCHIVED_API_MATCH,POPULATION_BENCHMARK_BOUNDARY,-0.013833992094861691,CBP_2020_813410;NST-EST2023-ALLDATA.csv:POPESTIMATE2020;S6_CBP_DENSITY_20261002_v1
Minnesota,27,2021,0.17156444387236866,981,5717968,JULY_1_RESIDENT_POPULATION,VINTAGE_2023,813410,NAICS2017,ESTABLISHMENTS_PER_1000_RESIDENTS,DIRECT,1,0,CBP_EMPLOYER_813410,CENSUS_CBP_AND_POPULATION_ESTIMATES,INHERITED_RAW_OFFICIAL_ZIP_ARCHIVED_API_MATCH,NONE,-0.017034068136272507,CBP_2021_813410;NST-EST2023-ALLDATA.csv:POPESTIMATE2021;S6_CBP_DENSITY_20261002_v1
Minnesota,27,2022,0.17149957125107188,980,5714300,JULY_1_RESIDENT_POPULATION,VINTAGE_2023,813410,NAICS2017,ESTABLISHMENTS_PER_1000_RESIDENTS,DIRECT,1,0,CBP_EMPLOYER_813410,CENSUS_CBP_AND_POPULATION_ESTIMATES,INHERITED_RAW_OFFICIAL_ZIP_ARCHIVED_API_MATCH,NONE,-0.0010193679918450993,CBP_2022_813410;NST-EST2023-ALLDATA.csv:POPESTIMATE2022;S6_CBP_DENSITY_20261002_v1
Minnesota,27,2023,0.1681795565113809,965,5737915,JULY_1_RESIDENT_POPULATION,VINTAGE_2023,813410,NAICS2017,ESTABLISHMENTS_PER_1000_RESIDENTS,DIRECT,1,0,CBP_EMPLOYER_813410,CENSUS_CBP_AND_POPULATION_ESTIMATES,INHERITED_RAW_OFFICIAL_ZIP_ARCHIVED_API_MATCH,NONE,-0.015306122448979553,CBP_2023_813410;NST-EST2023-ALLDATA.csv:POPESTIMATE2023;S6_CBP_DENSITY_20261002_v1
Mississippi,28,2000,0.07864193799012974,224,2848353,JULY_1_RESIDENT_POPULATION,2010_INTERCENSAL,813410,NAICS1997,ESTABLISHMENTS_PER_1000_RESIDENTS,DIRECT,1,0,CBP_EMPLOYER_813410,CENSUS_CBP_AND_POPULATION_ESTIMATES,INHERITED_RAW_OFFICIAL_ZIP_ARCHIVED_API_MATCH,NONE,,CBP_2000_813410;st-est00int-alldata.csv:POPESTIMATE2000;S6_CBP_DENSITY_20261002_v1
Mississippi,28,2001,0.07921502814236553,226,2852994,JULY_1_RESIDENT_POPULATION,2010_INTERCENSAL,813410,NAICS1997,ESTABLISHMENTS_PER_1000_RESIDENTS,DIRECT,1,0,CBP_EMPLOYER_813410,CENSUS_CBP_AND_POPULATION_ESTIMATES,INHERITED_RAW_OFFICIAL_ZIP_ARCHIVED_API_MATCH,NONE,0.008928571428571397,CBP_2001_813410;st-est00int-alldata.csv:POPESTIMATE2001;S6_CBP_DENSITY_20261002_v1
Mississippi,28,2002,0.07311064088647877,209,2858681,JULY_1_RESIDENT_POPULATION,2010_INTERCENSAL,813410,NAICS1997,ESTABLISHMENTS_PER_1000_RESIDENTS,DIRECT,1,0,CBP_EMPLOYER_813410,CENSUS_CBP_AND_POPULATION_ESTIMATES,INHERITED_RAW_OFFICIAL_ZIP_ARCHIVED_API_MATCH,NONE,-0.0752212389380531,CBP_2002_813410;st-est00int-alldata.csv:POPESTIMATE2002;S6_CBP_DENSITY_20261002_v1
Mississippi,28,2003,0.07948926058253077,228,2868312,JULY_1_RESIDENT_POPULATION,2010_INTERCENSAL,813410,NAICS2002,ESTABLISHMENTS_PER_1000_RESIDENTS,DIRECT,1,0,CBP_EMPLOYER_813410,CENSUS_CBP_AND_POPULATION_ESTIMATES,INHERITED_RAW_OFFICIAL_ZIP_ARCHIVED_API_MATCH,CBP_AUXILIARY_TREATMENT_CHANGE;NAICS_REVISION_CORE_813410_UNCHANGED,0.09090909090909083,CBP_2003_813410;st-est00int-alldata.csv:POPESTIMATE2003;S6_CBP_DENSITY_20261002_v1
Mississippi,28,2004,0.0782274896937013,226,2889010,JULY_1_RESIDENT_POPULATION,2010_INTERCENSAL,813410,NAICS2002,ESTABLISHMENTS_PER_1000_RESIDENTS,DIRECT,1,0,CBP_EMPLOYER_813410,CENSUS_CBP_AND_POPULATION_ESTIMATES,INHERITED_RAW_OFFICIAL_ZIP_ARCHIVED_API_MATCH,NONE,-0.00877192982456143,CBP_2004_813410;st-est00int-alldata.csv:POPESTIMATE2004;S6_CBP_DENSITY_20261002_v1
Mississippi,28,2005,0.079148145713801,230,2905943,JULY_1_RESIDENT_POPULATION,2010_INTERCENSAL,813410,NAICS2002,ESTABLISHMENTS_PER_1000_RESIDENTS,DIRECT,1,0,CBP_EMPLOYER_813410,CENSUS_CBP_AND_POPULATION_ESTIMATES,INHERITED_RAW_OFFICIAL_ZIP_ARCHIVED_API_MATCH,NONE,0.017699115044247815,CBP_2005_813410;st-est00int-alldata.csv:POPESTIMATE2005;S6_CBP_DENSITY_20261002_v1
Mississippi,28,2006,0.07676478100694739,223,2904978,JULY_1_RESIDENT_POPULATION,2010_INTERCENSAL,813410,NAICS2002,ESTABLISHMENTS_PER_1000_RESIDENTS,DIRECT,1,0,CBP_EMPLOYER_813410,CENSUS_CBP_AND_POPULATION_ESTIMATES,INHERITED_RAW_OFFICIAL_ZIP_ARCHIVED_API_MATCH,NONE,-0.0304347826086957,CBP_2006_813410;st-est00int-alldata.csv:POPESTIMATE2006;S6_CBP_DENSITY_20261002_v1
Mississippi,28,2007,0.07478614236686189,219,2928350,JULY_1_RESIDENT_POPULATION,2010_INTERCENSAL,813410,NAICS2002,ESTABLISHMENTS_PER_1000_RESIDENTS,DIRECT,1,0,CBP_EMPLOYER_813410,CENSUS_CBP_AND_POPULATION_ESTIMATES,INHERITED_RAW_OFFICIAL_ZIP_ARCHIVED_API_MATCH,NONE,-0.017937219730941756,CBP_2007_813410;st-est00int-alldata.csv:POPESTIMATE2007;S6_CBP_DENSITY_20261002_v1
Mississippi,28,2008,0.06818630534031073,201,2947806,JULY_1_RESIDENT_POPULATION,2010_INTERCENSAL,813410,NAICS2007,ESTABLISHMENTS_PER_1000_RESIDENTS,DIRECT,1,0,CBP_EMPLOYER_813410,CENSUS_CBP_AND_POPULATION_ESTIMATES,INHERITED_RAW_OFFICIAL_ZIP_ARCHIVED_API_MATCH,NAICS_REVISION_CORE_813410_UNCHANGED,-0.0821917808219178,CBP_2008_813410;st-est00int-alldata.csv:POPESTIMATE2008;S6_CBP_DENSITY_20261002_v1
Mississippi,28,2009,0.06353983102460681,188,2958774,JULY_1_RESIDENT_POPULATION,2010_INTERCENSAL,813410,NAICS2007,ESTABLISHMENTS_PER_1000_RESIDENTS,DIRECT,1,0,CBP_EMPLOYER_813410,CENSUS_CBP_AND_POPULATION_ESTIMATES,INHERITED_RAW_OFFICIAL_ZIP_ARCHIVED_API_MATCH,NONE,-0.06467661691542292,CBP_2009_813410;st-est00int-alldata.csv:POPESTIMATE2009;S6_CBP_DENSITY_20261002_v1
Mississippi,28,2010,0.060930144094741324,181,2970615,JULY_1_RESIDENT_POPULATION,VINTAGE_2020,813410,NAICS2007,ESTABLISHMENTS_PER_1000_RESIDENTS,DIRECT,1,0,CBP_EMPLOYER_813410,CENSUS_CBP_AND_POPULATION_ESTIMATES,INHERITED_RAW_OFFICIAL_ZIP_ARCHIVED_API_MATCH,POPULATION_BENCHMARK_BOUNDARY,-0.037234042553191515,CBP_2010_813410;nst-est2020-alldata.csv:POPESTIMATE2010;S6_CBP_DENSITY_20261002_v1
Mississippi,28,2011,0.06109131237901319,182,2979147,JULY_1_RESIDENT_POPULATION,VINTAGE_2020,813410,NAICS2007,ESTABLISHMENTS_PER_1000_RESIDENTS,DIRECT,1,0,CBP_EMPLOYER_813410,CENSUS_CBP_AND_POPULATION_ESTIMATES,INHERITED_RAW_OFFICIAL_ZIP_ARCHIVED_API_MATCH,NONE,0.005524861878453136,CBP_2011_813410;nst-est2020-alldata.csv:POPESTIMATE2011;S6_CBP_DENSITY_20261002_v1
Mississippi,28,2012,0.05963950266015635,178,2984599,JULY_1_RESIDENT_POPULATION,VINTAGE_2020,813410,NAICS2012,ESTABLISHMENTS_PER_1000_RESIDENTS,DIRECT,1,0,CBP_EMPLOYER_813410,CENSUS_CBP_AND_POPULATION_ESTIMATES,INHERITED_RAW_OFFICIAL_ZIP_ARCHIVED_API_MATCH,NAICS_REVISION_CORE_813410_UNCHANGED,-0.02197802197802201,CBP_2012_813410;nst-est2020-alldata.csv:POPESTIMATE2012;S6_CBP_DENSITY_20261002_v1
Mississippi,28,2013,0.05886604596434791,176,2989839,JULY_1_RESIDENT_POPULATION,VINTAGE_2020,813410,NAICS2012,ESTABLISHMENTS_PER_1000_RESIDENTS,DIRECT,1,0,CBP_EMPLOYER_813410,CENSUS_CBP_AND_POPULATION_ESTIMATES,INHERITED_RAW_OFFICIAL_ZIP_ARCHIVED_API_MATCH,NONE,-0.011235955056179803,CBP_2013_813410;nst-est2020-alldata.csv:POPESTIMATE2013;S6_CBP_DENSITY_20261002_v1
Mississippi,28,2014,0.05615175948864464,168,2991892,JULY_1_RESIDENT_POPULATION,VINTAGE_2020,813410,NAICS2012,ESTABLISHMENTS_PER_1000_RESIDENTS,DIRECT,1,0,CBP_EMPLOYER_813410,CENSUS_CBP_AND_POPULATION_ESTIMATES,INHERITED_RAW_OFFICIAL_ZIP_ARCHIVED_API_MATCH,NONE,-0.045454545454545414,CBP_2014_813410;nst-est2020-alldata.csv:POPESTIMATE2014;S6_CBP_DENSITY_20261002_v1
Mississippi,28,2015,0.05718621738588089,171,2990231,JULY_1_RESIDENT_POPULATION,VINTAGE_2020,813410,NAICS2012,ESTABLISHMENTS_PER_1000_RESIDENTS,DIRECT,1,0,CBP_EMPLOYER_813410,CENSUS_CBP_AND_POPULATION_ESTIMATES,INHERITED_RAW_OFFICIAL_ZIP_ARCHIVED_API_MATCH,NONE,0.017857142857142794,CBP_2015_813410;nst-est2020-alldata.csv:POPESTIMATE2015;S6_CBP_DENSITY_20261002_v1
Mississippi,28,2016,0.057848020210025095,173,2990595,JULY_1_RESIDENT_POPULATION,VINTAGE_2020,813410,NAICS2012,ESTABLISHMENTS_PER_1000_RESIDENTS,DIRECT,1,0,CBP_EMPLOYER_813410,CENSUS_CBP_AND_POPULATION_ESTIMATES,INHERITED_RAW_OFFICIAL_ZIP_ARCHIVED_API_MATCH,NONE,0.011695906432748648,CBP_2016_813410;nst-est2020-alldata.csv:POPESTIMATE2016;S6_CBP_DENSITY_20261002_v1
Mississippi,28,2017,0.05684337376791987,170,2990674,JULY_1_RESIDENT_POPULATION,VINTAGE_2020,813410,NAICS2017,ESTABLISHMENTS_PER_1000_RESIDENTS,DIRECT,1,0,CBP_EMPLOYER_813410,CENSUS_CBP_AND_POPULATION_ESTIMATES,INHERITED_RAW_OFFICIAL_ZIP_ARCHIVED_API_MATCH,NAICS_REVISION_CORE_813410_UNCHANGED,-0.017341040462427793,CBP_2017_813410;nst-est2020-alldata.csv:POPESTIMATE2017;S6_CBP_DENSITY_20261002_v1
Mississippi,28,2018,0.049951741254003264,149,2982879,JULY_1_RESIDENT_POPULATION,VINTAGE_2020,813410,NAICS2017,ESTABLISHMENTS_PER_1000_RESIDENTS,DIRECT,1,0,CBP_EMPLOYER_813410,CENSUS_CBP_AND_POPULATION_ESTIMATES,INHERITED_RAW_OFFICIAL_ZIP_ARCHIVED_API_MATCH,NONE,-0.12352941176470589,CBP_2018_813410;nst-est2020-alldata.csv:POPESTIMATE2018;S6_CBP_DENSITY_20261002_v1
Mississippi,28,2019,0.047679374339162195,142,2978227,JULY_1_RESIDENT_POPULATION,VINTAGE_2020,813410,NAICS2017,ESTABLISHMENTS_PER_1000_RESIDENTS,DIRECT,1,0,CBP_EMPLOYER_813410,CENSUS_CBP_AND_POPULATION_ESTIMATES,INHERITED_RAW_OFFICIAL_ZIP_ARCHIVED_API_MATCH,NONE,-0.046979865771812124,CBP_2019_813410;nst-est2020-alldata.csv:POPESTIMATE2019;S6_CBP_DENSITY_20261002_v1
Mississippi,28,2020,0.04563263564976986,135,2958409,JULY_1_RESIDENT_POPULATION,VINTAGE_2023,813410,NAICS2017,ESTABLISHMENTS_PER_1000_RESIDENTS,DIRECT,1,0,CBP_EMPLOYER_813410,CENSUS_CBP_AND_POPULATION_ESTIMATES,INHERITED_RAW_OFFICIAL_ZIP_ARCHIVED_API_MATCH,POPULATION_BENCHMARK_BOUNDARY,-0.04929577464788737,CBP_2020_813410;NST-EST2023-ALLDATA.csv:POPESTIMATE2020;S6_CBP_DENSITY_20261002_v1
Mississippi,28,2021,0.04407404167776994,130,2949582,JULY_1_RESIDENT_POPULATION,VINTAGE_2023,813410,NAICS2017,ESTABLISHMENTS_PER_1000_RESIDENTS,DIRECT,1,0,CBP_EMPLOYER_813410,CENSUS_CBP_AND_POPULATION_ESTIMATES,INHERITED_RAW_OFFICIAL_ZIP_ARCHIVED_API_MATCH,NONE,-0.03703703703703709,CBP_2021_813410;NST-EST2023-ALLDATA.csv:POPESTIMATE2021;S6_CBP_DENSITY_20261002_v1
Mississippi,28,2022,0.045935116477844984,135,2938928,JULY_1_RESIDENT_POPULATION,VINTAGE_2023,813410,NAICS2017,ESTABLISHMENTS_PER_1000_RESIDENTS,DIRECT,1,0,CBP_EMPLOYER_813410,CENSUS_CBP_AND_POPULATION_ESTIMATES,INHERITED_RAW_OFFICIAL_ZIP_ARCHIVED_API_MATCH,NONE,0.03846153846153855,CBP_2022_813410;NST-EST2023-ALLDATA.csv:POPESTIMATE2022;S6_CBP_DENSITY_20261002_v1
Mississippi,28,2023,0.04762406920457599,140,2939690,JULY_1_RESIDENT_POPULATION,VINTAGE_2023,813410,NAICS2017,ESTABLISHMENTS_PER_1000_RESIDENTS,DIRECT,1,0,CBP_EMPLOYER_813410,CENSUS_CBP_AND_POPULATION_ESTIMATES,INHERITED_RAW_OFFICIAL_ZIP_ARCHIVED_API_MATCH,NONE,0.03703703703703698,CBP_2023_813410;NST-EST2023-ALLDATA.csv:POPESTIMATE2023;S6_CBP_DENSITY_20261002_v1
Missouri,29,2000,0.12002243510005288,673,5607285,JULY_1_RESIDENT_POPULATION,2010_INTERCENSAL,813410,NAICS1997,ESTABLISHMENTS_PER_1000_RESIDENTS,DIRECT,1,0,CBP_EMPLOYER_813410,CENSUS_CBP_AND_POPULATION_ESTIMATES,INHERITED_RAW_OFFICIAL_ZIP_ARCHIVED_API_MATCH,NONE,,CBP_2000_813410;st-est00int-alldata.csv:POPESTIMATE2000;S6_CBP_DENSITY_20261002_v1
Missouri,29,2001,0.11788393201234786,665,5641142,JULY_1_RESIDENT_POPULATION,2010_INTERCENSAL,813410,NAICS1997,ESTABLISHMENTS_PER_1000_RESIDENTS,DIRECT,1,0,CBP_EMPLOYER_813410,CENSUS_CBP_AND_POPULATION_ESTIMATES,INHERITED_RAW_OFFICIAL_ZIP_ARCHIVED_API_MATCH,NONE,-0.011887072808320909,CBP_2001_813410;st-est00int-alldata.csv:POPESTIMATE2001;S6_CBP_DENSITY_20261002_v1
Missouri,29,2002,0.11277880815707973,640,5674825,JULY_1_RESIDENT_POPULATION,2010_INTERCENSAL,813410,NAICS1997,ESTABLISHMENTS_PER_1000_RESIDENTS,DIRECT,1,0,CBP_EMPLOYER_813410,CENSUS_CBP_AND_POPULATION_ESTIMATES,INHERITED_RAW_OFFICIAL_ZIP_ARCHIVED_API_MATCH,NONE,-0.03759398496240607,CBP_2002_813410;st-est00int-alldata.csv:POPESTIMATE2002;S6_CBP_DENSITY_20261002_v1
Missouri,29,2003,0.11594907558636165,662,5709403,JULY_1_RESIDENT_POPULATION,2010_INTERCENSAL,813410,NAICS2002,ESTABLISHMENTS_PER_1000_RESIDENTS,DIRECT,1,0,CBP_EMPLOYER_813410,CENSUS_CBP_AND_POPULATION_ESTIMATES,INHERITED_RAW_OFFICIAL_ZIP_ARCHIVED_API_MATCH,CBP_AUXILIARY_TREATMENT_CHANGE;NAICS_REVISION_CORE_813410_UNCHANGED,0.034375000000000044,CBP_2003_813410;st-est00int-alldata.csv:POPESTIMATE2003;S6_CBP_DENSITY_20261002_v1
Missouri,29,2004,0.11656753496721581,670,5747741,JULY_1_RESIDENT_POPULATION,2010_INTERCENSAL,813410,NAICS2002,ESTABLISHMENTS_PER_1000_RESIDENTS,DIRECT,1,0,CBP_EMPLOYER_813410,CENSUS_CBP_AND_POPULATION_ESTIMATES,INHERITED_RAW_OFFICIAL_ZIP_ARCHIVED_API_MATCH,NONE,0.012084592145015005,CBP_2004_813410;st-est00int-alldata.csv:POPESTIMATE2004;S6_CBP_DENSITY_20261002_v1
Missouri,29,2005,0.1169196760098786,677,5790300,JULY_1_RESIDENT_POPULATION,2010_INTERCENSAL,813410,NAICS2002,ESTABLISHMENTS_PER_1000_RESIDENTS,DIRECT,1,0,CBP_EMPLOYER_813410,CENSUS_CBP_AND_POPULATION_ESTIMATES,INHERITED_RAW_OFFICIAL_ZIP_ARCHIVED_API_MATCH,NONE,0.010447761194029903,CBP_2005_813410;st-est00int-alldata.csv:POPESTIMATE2005;S6_CBP_DENSITY_20261002_v1
Missouri,29,2006,0.11261908869591888,658,5842704,JULY_1_RESIDENT_POPULATION,2010_INTERCENSAL,813410,NAICS2002,ESTABLISHMENTS_PER_1000_RESIDENTS,DIRECT,1,0,CBP_EMPLOYER_813410,CENSUS_CBP_AND_POPULATION_ESTIMATES,INHERITED_RAW_OFFICIAL_ZIP_ARCHIVED_API_MATCH,NONE,-0.028064992614475592,CBP_2006_813410;st-est00int-alldata.csv:POPESTIMATE2006;S6_CBP_DENSITY_20261002_v1
Missouri,29,2007,0.1127791709100396,664,5887612,JULY_1_RESIDENT_POPULATION,2010_INTERCENSAL,813410,NAICS2002,ESTABLISHMENTS_PER_1000_RESIDENTS,DIRECT,1,0,CBP_EMPLOYER_813410,CENSUS_CBP_AND_POPULATION_ESTIMATES,INHERITED_RAW_OFFICIAL_ZIP_ARCHIVED_API_MATCH,NONE,0.00911854103343468,CBP_2007_813410;st-est00int-alldata.csv:POPESTIMATE2007;S6_CBP_DENSITY_20261002_v1
Missouri,29,2008,0.10719260705249703,635,5923916,JULY_1_RESIDENT_POPULATION,2010_INTERCENSAL,813410,NAICS2007,ESTABLISHMENTS_PER_1000_RESIDENTS,DIRECT,1,0,CBP_EMPLOYER_813410,CENSUS_CBP_AND_POPULATION_ESTIMATES,INHERITED_RAW_OFFICIAL_ZIP_ARCHIVED_API_MATCH,NAICS_REVISION_CORE_813410_UNCHANGED,-0.04367469879518071,CBP_2008_813410;st-est00int-alldata.csv:POPESTIMATE2008;S6_CBP_DENSITY_20261002_v1
Missouri,29,2009,0.10300133130059479,614,5961088,JULY_1_RESIDENT_POPULATION,2010_INTERCENSAL,813410,NAICS2007,ESTABLISHMENTS_PER_1000_RESIDENTS,DIRECT,1,0,CBP_EMPLOYER_813410,CENSUS_CBP_AND_POPULATION_ESTIMATES,INHERITED_RAW_OFFICIAL_ZIP_ARCHIVED_API_MATCH,NONE,-0.03307086614173227,CBP_2009_813410;st-est00int-alldata.csv:POPESTIMATE2009;S6_CBP_DENSITY_20261002_v1
Missouri,29,2010,0.10073232735538115,604,5996089,JULY_1_RESIDENT_POPULATION,VINTAGE_2020,813410,NAICS2007,ESTABLISHMENTS_PER_1000_RESIDENTS,DIRECT,1,0,CBP_EMPLOYER_813410,CENSUS_CBP_AND_POPULATION_ESTIMATES,INHERITED_RAW_OFFICIAL_ZIP_ARCHIVED_API_MATCH,POPULATION_BENCHMARK_BOUNDARY,-0.016286644951140072,CBP_2010_813410;nst-est2020-alldata.csv:POPESTIMATE2010;S6_CBP_DENSITY_20261002_v1
Missouri,29,2011,0.0958214208120799,576,6011182,JULY_1_RESIDENT_POPULATION,VINTAGE_2020,813410,NAICS2007,ESTABLISHMENTS_PER_1000_RESIDENTS,DIRECT,1,0,CBP_EMPLOYER_813410,CENSUS_CBP_AND_POPULATION_ESTIMATES,INHERITED_RAW_OFFICIAL_ZIP_ARCHIVED_API_MATCH,NONE,-0.04635761589403975,CBP_2011_813410;nst-est2020-alldata.csv:POPESTIMATE2011;S6_CBP_DENSITY_20261002_v1
Missouri,29,2012,0.0945896857083448,570,6026027,JULY_1_RESIDENT_POPULATION,VINTAGE_2020,813410,NAICS2012,ESTABLISHMENTS_PER_1000_RESIDENTS,DIRECT,1,0,CBP_EMPLOYER_813410,CENSUS_CBP_AND_POPULATION_ESTIMATES,INHERITED_RAW_OFFICIAL_ZIP_ARCHIVED_API_MATCH,NAICS_REVISION_CORE_813410_UNCHANGED,-0.01041666666666663,CBP_2012_813410;nst-est2020-alldata.csv:POPESTIMATE2012;S6_CBP_DENSITY_20261002_v1
Missouri,29,2013,0.09283485374538991,561,6042989,JULY_1_RESIDENT_POPULATION,VINTAGE_2020,813410,NAICS2012,ESTABLISHMENTS_PER_1000_RESIDENTS,DIRECT,1,0,CBP_EMPLOYER_813410,CENSUS_CBP_AND_POPULATION_ESTIMATES,INHERITED_RAW_OFFICIAL_ZIP_ARCHIVED_API_MATCH,NONE,-0.015789473684210575,CBP_2013_813410;nst-est2020-alldata.csv:POPESTIMATE2013;S6_CBP_DENSITY_20261002_v1
Missouri,29,2014,0.08862658500477791,537,6059130,JULY_1_RESIDENT_POPULATION,VINTAGE_2020,813410,NAICS2012,ESTABLISHMENTS_PER_1000_RESIDENTS,DIRECT,1,0,CBP_EMPLOYER_813410,CENSUS_CBP_AND_POPULATION_ESTIMATES,INHERITED_RAW_OFFICIAL_ZIP_ARCHIVED_API_MATCH,NONE,-0.04278074866310155,CBP_2014_813410;nst-est2020-alldata.csv:POPESTIMATE2014;S6_CBP_DENSITY_20261002_v1
Missouri,29,2015,0.0898704630847197,546,6075411,JULY_1_RESIDENT_POPULATION,VINTAGE_2020,813410,NAICS2012,ESTABLISHMENTS_PER_1000_RESIDENTS,DIRECT,1,0,CBP_EMPLOYER_813410,CENSUS_CBP_AND_POPULATION_ESTIMATES,INHERITED_RAW_OFFICIAL_ZIP_ARCHIVED_API_MATCH,NONE,0.016759776536312776,CBP_2015_813410;nst-est2020-alldata.csv:POPESTIMATE2015;S6_CBP_DENSITY_20261002_v1
Missouri,29,2016,0.08848563807502531,539,6091384,JULY_1_RESIDENT_POPULATION,VINTAGE_2020,813410,NAICS2012,ESTABLISHMENTS_PER_1000_RESIDENTS,DIRECT,1,0,CBP_EMPLOYER_813410,CENSUS_CBP_AND_POPULATION_ESTIMATES,INHERITED_RAW_OFFICIAL_ZIP_ARCHIVED_API_MATCH,NONE,-0.012820512820512775,CBP_2016_813410;nst-est2020-alldata.csv:POPESTIMATE2016;S6_CBP_DENSITY_20261002_v1
Missouri,29,2017,0.09114141449511746,557,6111382,JULY_1_RESIDENT_POPULATION,VINTAGE_2020,813410,NAICS2017,ESTABLISHMENTS_PER_1000_RESIDENTS,DIRECT,1,0,CBP_EMPLOYER_813410,CENSUS_CBP_AND_POPULATION_ESTIMATES,INHERITED_RAW_OFFICIAL_ZIP_ARCHIVED_API_MATCH,NAICS_REVISION_CORE_813410_UNCHANGED,0.033395176252319025,CBP_2017_813410;nst-est2020-alldata.csv:POPESTIMATE2017;S6_CBP_DENSITY_20261002_v1
Missouri,29,2018,0.08847555315993214,542,6125986,JULY_1_RESIDENT_POPULATION,VINTAGE_2020,813410,NAICS2017,ESTABLISHMENTS_PER_1000_RESIDENTS,DIRECT,1,0,CBP_EMPLOYER_813410,CENSUS_CBP_AND_POPULATION_ESTIMATES,INHERITED_RAW_OFFICIAL_ZIP_ARCHIVED_API_MATCH,NONE,-0.026929982046678624,CBP_2018_813410;nst-est2020-alldata.csv:POPESTIMATE2018;S6_CBP_DENSITY_20261002_v1
Missouri,29,2019,0.0866382486696876,532,6140475,JULY_1_RESIDENT_POPULATION,VINTAGE_2020,813410,NAICS2017,ESTABLISHMENTS_PER_1000_RESIDENTS,DIRECT,1,0,CBP_EMPLOYER_813410,CENSUS_CBP_AND_POPULATION_ESTIMATES,INHERITED_RAW_OFFICIAL_ZIP_ARCHIVED_API_MATCH,NONE,-0.01845018450184499,CBP_2019_813410;nst-est2020-alldata.csv:POPESTIMATE2019;S6_CBP_DENSITY_20261002_v1
Missouri,29,2020,0.08660433970609119,533,6154426,JULY_1_RESIDENT_POPULATION,VINTAGE_2023,813410,NAICS2017,ESTABLISHMENTS_PER_1000_RESIDENTS,DIRECT,1,0,CBP_EMPLOYER_813410,CENSUS_CBP_AND_POPULATION_ESTIMATES,INHERITED_RAW_OFFICIAL_ZIP_ARCHIVED_API_MATCH,POPULATION_BENCHMARK_BOUNDARY,0.001879699248120259,CBP_2020_813410;NST-EST2023-ALLDATA.csv:POPESTIMATE2020;S6_CBP_DENSITY_20261002_v1
Missouri,29,2021,0.0850837215717054,525,6170393,JULY_1_RESIDENT_POPULATION,VINTAGE_2023,813410,NAICS2017,ESTABLISHMENTS_PER_1000_RESIDENTS,DIRECT,1,0,CBP_EMPLOYER_813410,CENSUS_CBP_AND_POPULATION_ESTIMATES,INHERITED_RAW_OFFICIAL_ZIP_ARCHIVED_API_MATCH,NONE,-0.015009380863039379,CBP_2021_813410;NST-EST2023-ALLDATA.csv:POPESTIMATE2021;S6_CBP_DENSITY_20261002_v1
Missouri,29,2022,0.08191456019975497,506,6177168,JULY_1_RESIDENT_POPULATION,VINTAGE_2023,813410,NAICS2017,ESTABLISHMENTS_PER_1000_RESIDENTS,DIRECT,1,0,CBP_EMPLOYER_813410,CENSUS_CBP_AND_POPULATION_ESTIMATES,INHERITED_RAW_OFFICIAL_ZIP_ARCHIVED_API_MATCH,NONE,-0.03619047619047622,CBP_2022_813410;NST-EST2023-ALLDATA.csv:POPESTIMATE2022;S6_CBP_DENSITY_20261002_v1
Missouri,29,2023,0.08085658269417362,501,6196156,JULY_1_RESIDENT_POPULATION,VINTAGE_2023,813410,NAICS2017,ESTABLISHMENTS_PER_1000_RESIDENTS,DIRECT,1,0,CBP_EMPLOYER_813410,CENSUS_CBP_AND_POPULATION_ESTIMATES,INHERITED_RAW_OFFICIAL_ZIP_ARCHIVED_API_MATCH,NONE,-0.00988142292490124,CBP_2023_813410;NST-EST2023-ALLDATA.csv:POPESTIMATE2023;S6_CBP_DENSITY_20261002_v1
Montana,30,2000,0.2356786493953681,213,903773,JULY_1_RESIDENT_POPULATION,2010_INTERCENSAL,813410,NAICS1997,ESTABLISHMENTS_PER_1000_RESIDENTS,DIRECT,1,0,CBP_EMPLOYER_813410,CENSUS_CBP_AND_POPULATION_ESTIMATES,INHERITED_RAW_OFFICIAL_ZIP_ARCHIVED_API_MATCH,NONE,,CBP_2000_813410;st-est00int-alldata.csv:POPESTIMATE2000;S6_CBP_DENSITY_20261002_v1
Montana,30,2001,0.2337476473630068,212,906961,JULY_1_RESIDENT_POPULATION,2010_INTERCENSAL,813410,NAICS1997,ESTABLISHMENTS_PER_1000_RESIDENTS,DIRECT,1,0,CBP_EMPLOYER_813410,CENSUS_CBP_AND_POPULATION_ESTIMATES,INHERITED_RAW_OFFICIAL_ZIP_ARCHIVED_API_MATCH,NONE,-0.0046948356807511304,CBP_2001_813410;st-est00int-alldata.csv:POPESTIMATE2001;S6_CBP_DENSITY_20261002_v1
Montana,30,2002,0.223765914528002,204,911667,JULY_1_RESIDENT_POPULATION,2010_INTERCENSAL,813410,NAICS1997,ESTABLISHMENTS_PER_1000_RESIDENTS,DIRECT,1,0,CBP_EMPLOYER_813410,CENSUS_CBP_AND_POPULATION_ESTIMATES,INHERITED_RAW_OFFICIAL_ZIP_ARCHIVED_API_MATCH,NONE,-0.037735849056603765,CBP_2002_813410;st-est00int-alldata.csv:POPESTIMATE2002;S6_CBP_DENSITY_20261002_v1
Montana,30,2003,0.23161488859650076,213,919630,JULY_1_RESIDENT_POPULATION,2010_INTERCENSAL,813410,NAICS2002,ESTABLISHMENTS_PER_1000_RESIDENTS,DIRECT,1,0,CBP_EMPLOYER_813410,CENSUS_CBP_AND_POPULATION_ESTIMATES,INHERITED_RAW_OFFICIAL_ZIP_ARCHIVED_API_MATCH,CBP_AUXILIARY_TREATMENT_CHANGE;NAICS_REVISION_CORE_813410_UNCHANGED,0.044117647058823595,CBP_2003_813410;st-est00int-alldata.csv:POPESTIMATE2003;S6_CBP_DENSITY_20261002_v1
Montana,30,2004,0.21290116547259222,198,930009,JULY_1_RESIDENT_POPULATION,2010_INTERCENSAL,813410,NAICS2002,ESTABLISHMENTS_PER_1000_RESIDENTS,DIRECT,1,0,CBP_EMPLOYER_813410,CENSUS_CBP_AND_POPULATION_ESTIMATES,INHERITED_RAW_OFFICIAL_ZIP_ARCHIVED_API_MATCH,NONE,-0.07042253521126762,CBP_2004_813410;st-est00int-alldata.csv:POPESTIMATE2004;S6_CBP_DENSITY_20261002_v1
Montana,30,2005,0.2084880151302731,196,940102,JULY_1_RESIDENT_POPULATION,2010_INTERCENSAL,813410,NAICS2002,ESTABLISHMENTS_PER_1000_RESIDENTS,DIRECT,1,0,CBP_EMPLOYER_813410,CENSUS_CBP_AND_POPULATION_ESTIMATES,INHERITED_RAW_OFFICIAL_ZIP_ARCHIVED_API_MATCH,NONE,-0.010101010101010055,CBP_2005_813410;st-est00int-alldata.csv:POPESTIMATE2005;S6_CBP_DENSITY_20261002_v1
Montana,30,2006,0.1910376071175154,182,952692,JULY_1_RESIDENT_POPULATION,2010_INTERCENSAL,813410,NAICS2002,ESTABLISHMENTS_PER_1000_RESIDENTS,DIRECT,1,0,CBP_EMPLOYER_813410,CENSUS_CBP_AND_POPULATION_ESTIMATES,INHERITED_RAW_OFFICIAL_ZIP_ARCHIVED_API_MATCH,NONE,-0.0714285714285714,CBP_2006_813410;st-est00int-alldata.csv:POPESTIMATE2006;S6_CBP_DENSITY_20261002_v1
Montana,30,2007,0.18865851357823005,182,964706,JULY_1_RESIDENT_POPULATION,2010_INTERCENSAL,813410,NAICS2002,ESTABLISHMENTS_PER_1000_RESIDENTS,DIRECT,1,0,CBP_EMPLOYER_813410,CENSUS_CBP_AND_POPULATION_ESTIMATES,INHERITED_RAW_OFFICIAL_ZIP_ARCHIVED_API_MATCH,NONE,0.0,CBP_2007_813410;st-est00int-alldata.csv:POPESTIMATE2007;S6_CBP_DENSITY_20261002_v1
Montana,30,2008,0.1843478438983424,180,976415,JULY_1_RESIDENT_POPULATION,2010_INTERCENSAL,813410,NAICS2007,ESTABLISHMENTS_PER_1000_RESIDENTS,DIRECT,1,0,CBP_EMPLOYER_813410,CENSUS_CBP_AND_POPULATION_ESTIMATES,INHERITED_RAW_OFFICIAL_ZIP_ARCHIVED_API_MATCH,NAICS_REVISION_CORE_813410_UNCHANGED,-0.01098901098901095,CBP_2008_813410;st-est00int-alldata.csv:POPESTIMATE2008;S6_CBP_DENSITY_20261002_v1
Montana,30,2009,0.18496273305812505,182,983982,JULY_1_RESIDENT_POPULATION,2010_INTERCENSAL,813410,NAICS2007,ESTABLISHMENTS_PER_1000_RESIDENTS,DIRECT,1,0,CBP_EMPLOYER_813410,CENSUS_CBP_AND_POPULATION_ESTIMATES,INHERITED_RAW_OFFICIAL_ZIP_ARCHIVED_API_MATCH,NONE,0.011111111111111072,CBP_2009_813410;st-est00int-alldata.csv:POPESTIMATE2009;S6_CBP_DENSITY_20261002_v1
Montana,30,2010,0.17966549917737426,178,990730,JULY_1_RESIDENT_POPULATION,VINTAGE_2020,813410,NAICS2007,ESTABLISHMENTS_PER_1000_RESIDENTS,DIRECT,1,0,CBP_EMPLOYER_813410,CENSUS_CBP_AND_POPULATION_ESTIMATES,INHERITED_RAW_OFFICIAL_ZIP_ARCHIVED_API_MATCH,POPULATION_BENCHMARK_BOUNDARY,-0.02197802197802201,CBP_2010_813410;nst-est2020-alldata.csv:POPESTIMATE2010;S6_CBP_DENSITY_20261002_v1
Montana,30,2011,0.1794453834417023,179,997518,JULY_1_RESIDENT_POPULATION,VINTAGE_2020,813410,NAICS2007,ESTABLISHMENTS_PER_1000_RESIDENTS,DIRECT,1,0,CBP_EMPLOYER_813410,CENSUS_CBP_AND_POPULATION_ESTIMATES,INHERITED_RAW_OFFICIAL_ZIP_ARCHIVED_API_MATCH,NONE,0.00561797752808979,CBP_2011_813410;nst-est2020-alldata.csv:POPESTIMATE2011;S6_CBP_DENSITY_20261002_v1
Montana,30,2012,0.18024872332119724,181,1004168,JULY_1_RESIDENT_POPULATION,VINTAGE_2020,813410,NAICS2012,ESTABLISHMENTS_PER_1000_RESIDENTS,DIRECT,1,0,CBP_EMPLOYER_813410,CENSUS_CBP_AND_POPULATION_ESTIMATES,INHERITED_RAW_OFFICIAL_ZIP_ARCHIVED_API_MATCH,NAICS_REVISION_CORE_813410_UNCHANGED,0.011173184357541999,CBP_2012_813410;nst-est2020-alldata.csv:POPESTIMATE2012;S6_CBP_DENSITY_20261002_v1
Montana,30,2013,0.18340337501651616,186,1014158,JULY_1_RESIDENT_POPULATION,VINTAGE_2020,813410,NAICS2012,ESTABLISHMENTS_PER_1000_RESIDENTS,DIRECT,1,0,CBP_EMPLOYER_813410,CENSUS_CBP_AND_POPULATION_ESTIMATES,INHERITED_RAW_OFFICIAL_ZIP_ARCHIVED_API_MATCH,NONE,0.027624309392265234,CBP_2013_813410;nst-est2020-alldata.csv:POPESTIMATE2013;S6_CBP_DENSITY_20261002_v1
Montana,30,2014,0.18090131881950644,185,1022657,JULY_1_RESIDENT_POPULATION,VINTAGE_2020,813410,NAICS2012,ESTABLISHMENTS_PER_1000_RESIDENTS,DIRECT,1,0,CBP_EMPLOYER_813410,CENSUS_CBP_AND_POPULATION_ESTIMATES,INHERITED_RAW_OFFICIAL_ZIP_ARCHIVED_API_MATCH,NONE,-0.005376344086021501,CBP_2014_813410;nst-est2020-alldata.csv:POPESTIMATE2014;S6_CBP_DENSITY_20261002_v1
Montana,30,2015,0.177412396570027,183,1031495,JULY_1_RESIDENT_POPULATION,VINTAGE_2020,813410,NAICS2012,ESTABLISHMENTS_PER_1000_RESIDENTS,DIRECT,1,0,CBP_EMPLOYER_813410,CENSUS_CBP_AND_POPULATION_ESTIMATES,INHERITED_RAW_OFFICIAL_ZIP_ARCHIVED_API_MATCH,NONE,-0.010810810810810811,CBP_2015_813410;nst-est2020-alldata.csv:POPESTIMATE2015;S6_CBP_DENSITY_20261002_v1
Montana,30,2016,0.17751984623902614,185,1042137,JULY_1_RESIDENT_POPULATION,VINTAGE_2020,813410,NAICS2012,ESTABLISHMENTS_PER_1000_RESIDENTS,DIRECT,1,0,CBP_EMPLOYER_813410,CENSUS_CBP_AND_POPULATION_ESTIMATES,INHERITED_RAW_OFFICIAL_ZIP_ARCHIVED_API_MATCH,NONE,0.010928961748633892,CBP_2016_813410;nst-est2020-alldata.csv:POPESTIMATE2016;S6_CBP_DENSITY_20261002_v1
Montana,30,2017,0.17554480567664457,185,1053862,JULY_1_RESIDENT_POPULATION,VINTAGE_2020,813410,NAICS2017,ESTABLISHMENTS_PER_1000_RESIDENTS,DIRECT,1,0,CBP_EMPLOYER_813410,CENSUS_CBP_AND_POPULATION_ESTIMATES,INHERITED_RAW_OFFICIAL_ZIP_ARCHIVED_API_MATCH,NAICS_REVISION_CORE_813410_UNCHANGED,0.0,CBP_2017_813410;nst-est2020-alldata.csv:POPESTIMATE2017;S6_CBP_DENSITY_20261002_v1
Montana,30,2018,0.18176372975406332,193,1061818,JULY_1_RESIDENT_POPULATION,VINTAGE_2020,813410,NAICS2017,ESTABLISHMENTS_PER_1000_RESIDENTS,DIRECT,1,0,CBP_EMPLOYER_813410,CENSUS_CBP_AND_POPULATION_ESTIMATES,INHERITED_RAW_OFFICIAL_ZIP_ARCHIVED_API_MATCH,NONE,0.043243243243243246,CBP_2018_813410;nst-est2020-alldata.csv:POPESTIMATE2018;S6_CBP_DENSITY_20261002_v1
Montana,30,2019,0.16353260326149424,175,1070123,JULY_1_RESIDENT_POPULATION,VINTAGE_2020,813410,NAICS2017,ESTABLISHMENTS_PER_1000_RESIDENTS,DIRECT,1,0,CBP_EMPLOYER_813410,CENSUS_CBP_AND_POPULATION_ESTIMATES,INHERITED_RAW_OFFICIAL_ZIP_ARCHIVED_API_MATCH,NONE,-0.09326424870466321,CBP_2019_813410;nst-est2020-alldata.csv:POPESTIMATE2019;S6_CBP_DENSITY_20261002_v1
Montana,30,2020,0.16096231550269452,175,1087211,JULY_1_RESIDENT_POPULATION,VINTAGE_2023,813410,NAICS2017,ESTABLISHMENTS_PER_1000_RESIDENTS,DIRECT,1,0,CBP_EMPLOYER_813410,CENSUS_CBP_AND_POPULATION_ESTIMATES,INHERITED_RAW_OFFICIAL_ZIP_ARCHIVED_API_MATCH,POPULATION_BENCHMARK_BOUNDARY,0.0,CBP_2020_813410;NST-EST2023-ALLDATA.csv:POPESTIMATE2020;S6_CBP_DENSITY_20261002_v1
Montana,30,2021,0.15275234416097386,169,1106366,JULY_1_RESIDENT_POPULATION,VINTAGE_2023,813410,NAICS2017,ESTABLISHMENTS_PER_1000_RESIDENTS,DIRECT,1,0,CBP_EMPLOYER_813410,CENSUS_CBP_AND_POPULATION_ESTIMATES,INHERITED_RAW_OFFICIAL_ZIP_ARCHIVED_API_MATCH,NONE,-0.03428571428571425,CBP_2021_813410;NST-EST2023-ALLDATA.csv:POPESTIMATE2021;S6_CBP_DENSITY_20261002_v1
Montana,30,2022,0.1522872475905664,171,1122878,JULY_1_RESIDENT_POPULATION,VINTAGE_2023,813410,NAICS2017,ESTABLISHMENTS_PER_1000_RESIDENTS,DIRECT,1,0,CBP_EMPLOYER_813410,CENSUS_CBP_AND_POPULATION_ESTIMATES,INHERITED_RAW_OFFICIAL_ZIP_ARCHIVED_API_MATCH,NONE,0.01183431952662728,CBP_2022_813410;NST-EST2023-ALLDATA.csv:POPESTIMATE2022;S6_CBP_DENSITY_20261002_v1
Montana,30,2023,0.14830351373396466,168,1132812,JULY_1_RESIDENT_POPULATION,VINTAGE_2023,813410,NAICS2017,ESTABLISHMENTS_PER_1000_RESIDENTS,DIRECT,1,0,CBP_EMPLOYER_813410,CENSUS_CBP_AND_POPULATION_ESTIMATES,INHERITED_RAW_OFFICIAL_ZIP_ARCHIVED_API_MATCH,NONE,-0.01754385964912286,CBP_2023_813410;NST-EST2023-ALLDATA.csv:POPESTIMATE2023;S6_CBP_DENSITY_20261002_v1
Nebraska,31,2000,0.20655611441108168,354,1713820,JULY_1_RESIDENT_POPULATION,2010_INTERCENSAL,813410,NAICS1997,ESTABLISHMENTS_PER_1000_RESIDENTS,DIRECT,1,0,CBP_EMPLOYER_813410,CENSUS_CBP_AND_POPULATION_ESTIMATES,INHERITED_RAW_OFFICIAL_ZIP_ARCHIVED_API_MATCH,NONE,,CBP_2000_813410;st-est00int-alldata.csv:POPESTIMATE2000;S6_CBP_DENSITY_20261002_v1
Nebraska,31,2001,0.20060052237538928,345,1719836,JULY_1_RESIDENT_POPULATION,2010_INTERCENSAL,813410,NAICS1997,ESTABLISHMENTS_PER_1000_RESIDENTS,DIRECT,1,0,CBP_EMPLOYER_813410,CENSUS_CBP_AND_POPULATION_ESTIMATES,INHERITED_RAW_OFFICIAL_ZIP_ARCHIVED_API_MATCH,NONE,-0.025423728813559365,CBP_2001_813410;st-est00int-alldata.csv:POPESTIMATE2001;S6_CBP_DENSITY_20261002_v1
Nebraska,31,2002,0.19556880434556195,338,1728292,JULY_1_RESIDENT_POPULATION,2010_INTERCENSAL,813410,NAICS1997,ESTABLISHMENTS_PER_1000_RESIDENTS,DIRECT,1,0,CBP_EMPLOYER_813410,CENSUS_CBP_AND_POPULATION_ESTIMATES,INHERITED_RAW_OFFICIAL_ZIP_ARCHIVED_API_MATCH,NONE,-0.020289855072463725,CBP_2002_813410;st-est00int-alldata.csv:POPESTIMATE2002;S6_CBP_DENSITY_20261002_v1
Nebraska,31,2003,0.19728029273404601,343,1738643,JULY_1_RESIDENT_POPULATION,2010_INTERCENSAL,813410,NAICS2002,ESTABLISHMENTS_PER_1000_RESIDENTS,DIRECT,1,0,CBP_EMPLOYER_813410,CENSUS_CBP_AND_POPULATION_ESTIMATES,INHERITED_RAW_OFFICIAL_ZIP_ARCHIVED_API_MATCH,CBP_AUXILIARY_TREATMENT_CHANGE;NAICS_REVISION_CORE_813410_UNCHANGED,0.014792899408283988,CBP_2003_813410;st-est00int-alldata.csv:POPESTIMATE2003;S6_CBP_DENSITY_20261002_v1
Nebraska,31,2004,0.19264077925195927,337,1749370,JULY_1_RESIDENT_POPULATION,2010_INTERCENSAL,813410,NAICS2002,ESTABLISHMENTS_PER_1000_RESIDENTS,DIRECT,1,0,CBP_EMPLOYER_813410,CENSUS_CBP_AND_POPULATION_ESTIMATES,INHERITED_RAW_OFFICIAL_ZIP_ARCHIVED_API_MATCH,NONE,-0.017492711370262426,CBP_2004_813410;st-est00int-alldata.csv:POPESTIMATE2004;S6_CBP_DENSITY_20261002_v1
Nebraska,31,2005,0.19812693407936544,349,1761497,JULY_1_RESIDENT_POPULATION,2010_INTERCENSAL,813410,NAICS2002,ESTABLISHMENTS_PER_1000_RESIDENTS,DIRECT,1,0,CBP_EMPLOYER_813410,CENSUS_CBP_AND_POPULATION_ESTIMATES,INHERITED_RAW_OFFICIAL_ZIP_ARCHIVED_API_MATCH,NONE,0.035608308605341144,CBP_2005_813410;st-est00int-alldata.csv:POPESTIMATE2005;S6_CBP_DENSITY_20261002_v1
Nebraska,31,2006,0.18446510478689768,327,1772693,JULY_1_RESIDENT_POPULATION,2010_INTERCENSAL,813410,NAICS2002,ESTABLISHMENTS_PER_1000_RESIDENTS,DIRECT,1,0,CBP_EMPLOYER_813410,CENSUS_CBP_AND_POPULATION_ESTIMATES,INHERITED_RAW_OFFICIAL_ZIP_ARCHIVED_API_MATCH,NONE,-0.0630372492836676,CBP_2006_813410;st-est00int-alldata.csv:POPESTIMATE2006;S6_CBP_DENSITY_20261002_v1
Nebraska,31,2007,0.17326066478266722,309,1783440,JULY_1_RESIDENT_POPULATION,2010_INTERCENSAL,813410,NAICS2002,ESTABLISHMENTS_PER_1000_RESIDENTS,DIRECT,1,0,CBP_EMPLOYER_813410,CENSUS_CBP_AND_POPULATION_ESTIMATES,INHERITED_RAW_OFFICIAL_ZIP_ARCHIVED_API_MATCH,NONE,-0.05504587155963303,CBP_2007_813410;st-est00int-alldata.csv:POPESTIMATE2007;S6_CBP_DENSITY_20261002_v1
Nebraska,31,2008,0.16588936181583164,298,1796378,JULY_1_RESIDENT_POPULATION,2010_INTERCENSAL,813410,NAICS2007,ESTABLISHMENTS_PER_1000_RESIDENTS,DIRECT,1,0,CBP_EMPLOYER_813410,CENSUS_CBP_AND_POPULATION_ESTIMATES,INHERITED_RAW_OFFICIAL_ZIP_ARCHIVED_API_MATCH,NAICS_REVISION_CORE_813410_UNCHANGED,-0.035598705501618144,CBP_2008_813410;st-est00int-alldata.csv:POPESTIMATE2008;S6_CBP_DENSITY_20261002_v1
Nebraska,31,2009,0.15612216807902982,283,1812683,JULY_1_RESIDENT_POPULATION,2010_INTERCENSAL,813410,NAICS2007,ESTABLISHMENTS_PER_1000_RESIDENTS,DIRECT,1,0,CBP_EMPLOYER_813410,CENSUS_CBP_AND_POPULATION_ESTIMATES,INHERITED_RAW_OFFICIAL_ZIP_ARCHIVED_API_MATCH,NONE,-0.05033557046979864,CBP_2009_813410;st-est00int-alldata.csv:POPESTIMATE2009;S6_CBP_DENSITY_20261002_v1
Nebraska,31,2010,0.16342450307199805,299,1829591,JULY_1_RESIDENT_POPULATION,VINTAGE_2020,813410,NAICS2007,ESTABLISHMENTS_PER_1000_RESIDENTS,DIRECT,1,0,CBP_EMPLOYER_813410,CENSUS_CBP_AND_POPULATION_ESTIMATES,INHERITED_RAW_OFFICIAL_ZIP_ARCHIVED_API_MATCH,POPULATION_BENCHMARK_BOUNDARY,0.05653710247349819,CBP_2010_813410;nst-est2020-alldata.csv:POPESTIMATE2010;S6_CBP_DENSITY_20261002_v1
Nebraska,31,2011,0.15535761040439694,286,1840914,JULY_1_RESIDENT_POPULATION,VINTAGE_2020,813410,NAICS2007,ESTABLISHMENTS_PER_1000_RESIDENTS,DIRECT,1,0,CBP_EMPLOYER_813410,CENSUS_CBP_AND_POPULATION_ESTIMATES,INHERITED_RAW_OFFICIAL_ZIP_ARCHIVED_API_MATCH,NONE,-0.04347826086956519,CBP_2011_813410;nst-est2020-alldata.csv:POPESTIMATE2011;S6_CBP_DENSITY_20261002_v1
Nebraska,31,2012,0.14889212927073606,276,1853691,JULY_1_RESIDENT_POPULATION,VINTAGE_2020,813410,NAICS2012,ESTABLISHMENTS_PER_1000_RESIDENTS,DIRECT,1,0,CBP_EMPLOYER_813410,CENSUS_CBP_AND_POPULATION_ESTIMATES,INHERITED_RAW_OFFICIAL_ZIP_ARCHIVED_API_MATCH,NAICS_REVISION_CORE_813410_UNCHANGED,-0.034965034965035,CBP_2012_813410;nst-est2020-alldata.csv:POPESTIMATE2012;S6_CBP_DENSITY_20261002_v1
Nebraska,31,2013,0.14417307629435533,269,1865813,JULY_1_RESIDENT_POPULATION,VINTAGE_2020,813410,NAICS2012,ESTABLISHMENTS_PER_1000_RESIDENTS,DIRECT,1,0,CBP_EMPLOYER_813410,CENSUS_CBP_AND_POPULATION_ESTIMATES,INHERITED_RAW_OFFICIAL_ZIP_ARCHIVED_API_MATCH,NONE,-0.025362318840579712,CBP_2013_813410;nst-est2020-alldata.csv:POPESTIMATE2013;S6_CBP_DENSITY_20261002_v1
Nebraska,31,2014,0.14415238662627564,271,1879955,JULY_1_RESIDENT_POPULATION,VINTAGE_2020,813410,NAICS2012,ESTABLISHMENTS_PER_1000_RESIDENTS,DIRECT,1,0,CBP_EMPLOYER_813410,CENSUS_CBP_AND_POPULATION_ESTIMATES,INHERITED_RAW_OFFICIAL_ZIP_ARCHIVED_API_MATCH,NONE,0.0074349442379182396,CBP_2014_813410;nst-est2020-alldata.csv:POPESTIMATE2014;S6_CBP_DENSITY_20261002_v1
Nebraska,31,2015,0.139530532610241,264,1892059,JULY_1_RESIDENT_POPULATION,VINTAGE_2020,813410,NAICS2012,ESTABLISHMENTS_PER_1000_RESIDENTS,DIRECT,1,0,CBP_EMPLOYER_813410,CENSUS_CBP_AND_POPULATION_ESTIMATES,INHERITED_RAW_OFFICIAL_ZIP_ARCHIVED_API_MATCH,NONE,-0.02583025830258301,CBP_2015_813410;nst-est2020-alldata.csv:POPESTIMATE2015;S6_CBP_DENSITY_20261002_v1
Nebraska,31,2016,0.14686729438447654,280,1906483,JULY_1_RESIDENT_POPULATION,VINTAGE_2020,813410,NAICS2012,ESTABLISHMENTS_PER_1000_RESIDENTS,DIRECT,1,0,CBP_EMPLOYER_813410,CENSUS_CBP_AND_POPULATION_ESTIMATES,INHERITED_RAW_OFFICIAL_ZIP_ARCHIVED_API_MATCH,NONE,0.06060606060606055,CBP_2016_813410;nst-est2020-alldata.csv:POPESTIMATE2016;S6_CBP_DENSITY_20261002_v1
Nebraska,31,2017,0.14814830271080096,284,1916998,JULY_1_RESIDENT_POPULATION,VINTAGE_2020,813410,NAICS2017,ESTABLISHMENTS_PER_1000_RESIDENTS,DIRECT,1,0,CBP_EMPLOYER_813410,CENSUS_CBP_AND_POPULATION_ESTIMATES,INHERITED_RAW_OFFICIAL_ZIP_ARCHIVED_API_MATCH,NAICS_REVISION_CORE_813410_UNCHANGED,0.014285714285714235,CBP_2017_813410;nst-est2020-alldata.csv:POPESTIMATE2017;S6_CBP_DENSITY_20261002_v1
Nebraska,31,2018,0.13606770562842507,262,1925512,JULY_1_RESIDENT_POPULATION,VINTAGE_2020,813410,NAICS2017,ESTABLISHMENTS_PER_1000_RESIDENTS,DIRECT,1,0,CBP_EMPLOYER_813410,CENSUS_CBP_AND_POPULATION_ESTIMATES,INHERITED_RAW_OFFICIAL_ZIP_ARCHIVED_API_MATCH,NONE,-0.07746478873239437,CBP_2018_813410;nst-est2020-alldata.csv:POPESTIMATE2018;S6_CBP_DENSITY_20261002_v1
Nebraska,31,2019,0.13246602582777037,256,1932571,JULY_1_RESIDENT_POPULATION,VINTAGE_2020,813410,NAICS2017,ESTABLISHMENTS_PER_1000_RESIDENTS,DIRECT,1,0,CBP_EMPLOYER_813410,CENSUS_CBP_AND_POPULATION_ESTIMATES,INHERITED_RAW_OFFICIAL_ZIP_ARCHIVED_API_MATCH,NONE,-0.022900763358778664,CBP_2019_813410;nst-est2020-alldata.csv:POPESTIMATE2019;S6_CBP_DENSITY_20261002_v1
Nebraska,31,2020,0.12988514587629943,255,1963273,JULY_1_RESIDENT_POPULATION,VINTAGE_2023,813410,NAICS2017,ESTABLISHMENTS_PER_1000_RESIDENTS,DIRECT,1,0,CBP_EMPLOYER_813410,CENSUS_CBP_AND_POPULATION_ESTIMATES,INHERITED_RAW_OFFICIAL_ZIP_ARCHIVED_API_MATCH,POPULATION_BENCHMARK_BOUNDARY,-0.00390625,CBP_2020_813410;NST-EST2023-ALLDATA.csv:POPESTIMATE2020;S6_CBP_DENSITY_20261002_v1
Nebraska,31,2021,0.1308385426928201,257,1964253,JULY_1_RESIDENT_POPULATION,VINTAGE_2023,813410,NAICS2017,ESTABLISHMENTS_PER_1000_RESIDENTS,DIRECT,1,0,CBP_EMPLOYER_813410,CENSUS_CBP_AND_POPULATION_ESTIMATES,INHERITED_RAW_OFFICIAL_ZIP_ARCHIVED_API_MATCH,NONE,0.007843137254901933,CBP_2021_813410;NST-EST2023-ALLDATA.csv:POPESTIMATE2021;S6_CBP_DENSITY_20261002_v1
Nebraska,31,2022,0.13007733504059835,256,1968060,JULY_1_RESIDENT_POPULATION,VINTAGE_2023,813410,NAICS2017,ESTABLISHMENTS_PER_1000_RESIDENTS,DIRECT,1,0,CBP_EMPLOYER_813410,CENSUS_CBP_AND_POPULATION_ESTIMATES,INHERITED_RAW_OFFICIAL_ZIP_ARCHIVED_API_MATCH,NONE,-0.0038910505836575737,CBP_2022_813410;NST-EST2023-ALLDATA.csv:POPESTIMATE2022;S6_CBP_DENSITY_20261002_v1
Nebraska,31,2023,0.1253551518692829,248,1978379,JULY_1_RESIDENT_POPULATION,VINTAGE_2023,813410,NAICS2017,ESTABLISHMENTS_PER_1000_RESIDENTS,DIRECT,1,0,CBP_EMPLOYER_813410,CENSUS_CBP_AND_POPULATION_ESTIMATES,INHERITED_RAW_OFFICIAL_ZIP_ARCHIVED_API_MATCH,NONE,-0.03125,CBP_2023_813410;NST-EST2023-ALLDATA.csv:POPESTIMATE2023;S6_CBP_DENSITY_20261002_v1
Nevada,32,2000,0.05944298946719763,120,2018741,JULY_1_RESIDENT_POPULATION,2010_INTERCENSAL,813410,NAICS1997,ESTABLISHMENTS_PER_1000_RESIDENTS,DIRECT,1,0,CBP_EMPLOYER_813410,CENSUS_CBP_AND_POPULATION_ESTIMATES,INHERITED_RAW_OFFICIAL_ZIP_ARCHIVED_API_MATCH,NONE,,CBP_2000_813410;st-est00int-alldata.csv:POPESTIMATE2000;S6_CBP_DENSITY_20261002_v1
Nevada,32,2001,0.05623334742344044,118,2098399,JULY_1_RESIDENT_POPULATION,2010_INTERCENSAL,813410,NAICS1997,ESTABLISHMENTS_PER_1000_RESIDENTS,DIRECT,1,0,CBP_EMPLOYER_813410,CENSUS_CBP_AND_POPULATION_ESTIMATES,INHERITED_RAW_OFFICIAL_ZIP_ARCHIVED_API_MATCH,NONE,-0.01666666666666672,CBP_2001_813410;st-est00int-alldata.csv:POPESTIMATE2001;S6_CBP_DENSITY_20261002_v1
Nevada,32,2002,0.051062866669334815,111,2173791,JULY_1_RESIDENT_POPULATION,2010_INTERCENSAL,813410,NAICS1997,ESTABLISHMENTS_PER_1000_RESIDENTS,DIRECT,1,0,CBP_EMPLOYER_813410,CENSUS_CBP_AND_POPULATION_ESTIMATES,INHERITED_RAW_OFFICIAL_ZIP_ARCHIVED_API_MATCH,NONE,-0.05932203389830504,CBP_2002_813410;st-est00int-alldata.csv:POPESTIMATE2002;S6_CBP_DENSITY_20261002_v1
Nevada,32,2003,0.05024790448451431,113,2248850,JULY_1_RESIDENT_POPULATION,2010_INTERCENSAL,813410,NAICS2002,ESTABLISHMENTS_PER_1000_RESIDENTS,DIRECT,1,0,CBP_EMPLOYER_813410,CENSUS_CBP_AND_POPULATION_ESTIMATES,INHERITED_RAW_OFFICIAL_ZIP_ARCHIVED_API_MATCH,CBP_AUXILIARY_TREATMENT_CHANGE;NAICS_REVISION_CORE_813410_UNCHANGED,0.018018018018018056,CBP_2003_813410;st-est00int-alldata.csv:POPESTIMATE2003;S6_CBP_DENSITY_20261002_v1
Nevada,32,2004,0.04688388396323963,110,2346222,JULY_1_RESIDENT_POPULATION,2010_INTERCENSAL,813410,NAICS2002,ESTABLISHMENTS_PER_1000_RESIDENTS,DIRECT,1,0,CBP_EMPLOYER_813410,CENSUS_CBP_AND_POPULATION_ESTIMATES,INHERITED_RAW_OFFICIAL_ZIP_ARCHIVED_API_MATCH,NONE,-0.026548672566371723,CBP_2004_813410;st-est00int-alldata.csv:POPESTIMATE2004;S6_CBP_DENSITY_20261002_v1
Nevada,32,2005,0.04687224394289316,114,2432143,JULY_1_RESIDENT_POPULATION,2010_INTERCENSAL,813410,NAICS2002,ESTABLISHMENTS_PER_1000_RESIDENTS,DIRECT,1,0,CBP_EMPLOYER_813410,CENSUS_CBP_AND_POPULATION_ESTIMATES,INHERITED_RAW_OFFICIAL_ZIP_ARCHIVED_API_MATCH,NONE,0.036363636363636376,CBP_2005_813410;st-est00int-alldata.csv:POPESTIMATE2005;S6_CBP_DENSITY_20261002_v1
Nevada,32,2006,0.04360480096786802,110,2522658,JULY_1_RESIDENT_POPULATION,2010_INTERCENSAL,813410,NAICS2002,ESTABLISHMENTS_PER_1000_RESIDENTS,DIRECT,1,0,CBP_EMPLOYER_813410,CENSUS_CBP_AND_POPULATION_ESTIMATES,INHERITED_RAW_OFFICIAL_ZIP_ARCHIVED_API_MATCH,NONE,-0.03508771929824561,CBP_2006_813410;st-est00int-alldata.csv:POPESTIMATE2006;S6_CBP_DENSITY_20261002_v1
Nevada,32,2007,0.03998351448941052,104,2601072,JULY_1_RESIDENT_POPULATION,2010_INTERCENSAL,813410,NAICS2002,ESTABLISHMENTS_PER_1000_RESIDENTS,DIRECT,1,0,CBP_EMPLOYER_813410,CENSUS_CBP_AND_POPULATION_ESTIMATES,INHERITED_RAW_OFFICIAL_ZIP_ARCHIVED_API_MATCH,NONE,-0.054545454545454564,CBP_2007_813410;st-est00int-alldata.csv:POPESTIMATE2007;S6_CBP_DENSITY_20261002_v1
Nevada,32,2008,0.028640013867796188,76,2653630,JULY_1_RESIDENT_POPULATION,2010_INTERCENSAL,813410,NAICS2007,ESTABLISHMENTS_PER_1000_RESIDENTS,DIRECT,1,0,CBP_EMPLOYER_813410,CENSUS_CBP_AND_POPULATION_ESTIMATES,INHERITED_RAW_OFFICIAL_ZIP_ARCHIVED_API_MATCH,NAICS_REVISION_CORE_813410_UNCHANGED;LARGE_ESTABLISHMENT_CHANGE_RETAINED,-0.2692307692307693,CBP_2008_813410;st-est00int-alldata.csv:POPESTIMATE2008;S6_CBP_DENSITY_20261002_v1
Nevada,32,2009,0.027936446446763376,75,2684665,JULY_1_RESIDENT_POPULATION,2010_INTERCENSAL,813410,NAICS2007,ESTABLISHMENTS_PER_1000_RESIDENTS,DIRECT,1,0,CBP_EMPLOYER_813410,CENSUS_CBP_AND_POPULATION_ESTIMATES,INHERITED_RAW_OFFICIAL_ZIP_ARCHIVED_API_MATCH,NONE,-0.013157894736842146,CBP_2009_813410;st-est00int-alldata.csv:POPESTIMATE2009;S6_CBP_DENSITY_20261002_v1
Nevada,32,2010,0.026272135661907954,71,2702483,JULY_1_RESIDENT_POPULATION,VINTAGE_2020,813410,NAICS2007,ESTABLISHMENTS_PER_1000_RESIDENTS,DIRECT,1,0,CBP_EMPLOYER_813410,CENSUS_CBP_AND_POPULATION_ESTIMATES,INHERITED_RAW_OFFICIAL_ZIP_ARCHIVED_API_MATCH,POPULATION_BENCHMARK_BOUNDARY,-0.053333333333333344,CBP_2010_813410;nst-est2020-alldata.csv:POPESTIMATE2010;S6_CBP_DENSITY_20261002_v1
Nevada,32,2011,0.02616919156364237,71,2713114,JULY_1_RESIDENT_POPULATION,VINTAGE_2020,813410,NAICS2007,ESTABLISHMENTS_PER_1000_RESIDENTS,DIRECT,1,0,CBP_EMPLOYER_813410,CENSUS_CBP_AND_POPULATION_ESTIMATES,INHERITED_RAW_OFFICIAL_ZIP_ARCHIVED_API_MATCH,NONE,0.0,CBP_2011_813410;nst-est2020-alldata.csv:POPESTIMATE2011;S6_CBP_DENSITY_20261002_v1
Nevada,32,2012,0.03424819741535413,94,2744670,JULY_1_RESIDENT_POPULATION,VINTAGE_2020,813410,NAICS2012,ESTABLISHMENTS_PER_1000_RESIDENTS,DIRECT,1,0,CBP_EMPLOYER_813410,CENSUS_CBP_AND_POPULATION_ESTIMATES,INHERITED_RAW_OFFICIAL_ZIP_ARCHIVED_API_MATCH,NAICS_REVISION_CORE_813410_UNCHANGED;LARGE_ESTABLISHMENT_CHANGE_RETAINED,0.323943661971831,CBP_2012_813410;nst-est2020-alldata.csv:POPESTIMATE2012;S6_CBP_DENSITY_20261002_v1
Nevada,32,2013,0.032769694586446456,91,2776956,JULY_1_RESIDENT_POPULATION,VINTAGE_2020,813410,NAICS2012,ESTABLISHMENTS_PER_1000_RESIDENTS,DIRECT,1,0,CBP_EMPLOYER_813410,CENSUS_CBP_AND_POPULATION_ESTIMATES,INHERITED_RAW_OFFICIAL_ZIP_ARCHIVED_API_MATCH,NONE,-0.03191489361702127,CBP_2013_813410;nst-est2020-alldata.csv:POPESTIMATE2013;S6_CBP_DENSITY_20261002_v1
Nevada,32,2014,0.030862719431274575,87,2818935,JULY_1_RESIDENT_POPULATION,VINTAGE_2020,813410,NAICS2012,ESTABLISHMENTS_PER_1000_RESIDENTS,DIRECT,1,0,CBP_EMPLOYER_813410,CENSUS_CBP_AND_POPULATION_ESTIMATES,INHERITED_RAW_OFFICIAL_ZIP_ARCHIVED_API_MATCH,NONE,-0.04395604395604391,CBP_2014_813410;nst-est2020-alldata.csv:POPESTIMATE2014;S6_CBP_DENSITY_20261002_v1
Nevada,32,2015,0.028934670742620523,83,2868531,JULY_1_RESIDENT_POPULATION,VINTAGE_2020,813410,NAICS2012,ESTABLISHMENTS_PER_1000_RESIDENTS,DIRECT,1,0,CBP_EMPLOYER_813410,CENSUS_CBP_AND_POPULATION_ESTIMATES,INHERITED_RAW_OFFICIAL_ZIP_ARCHIVED_API_MATCH,NONE,-0.04597701149425293,CBP_2015_813410;nst-est2020-alldata.csv:POPESTIMATE2015;S6_CBP_DENSITY_20261002_v1
Nevada,32,2016,0.030484097747773206,89,2919555,JULY_1_RESIDENT_POPULATION,VINTAGE_2020,813410,NAICS2012,ESTABLISHMENTS_PER_1000_RESIDENTS,DIRECT,1,0,CBP_EMPLOYER_813410,CENSUS_CBP_AND_POPULATION_ESTIMATES,INHERITED_RAW_OFFICIAL_ZIP_ARCHIVED_API_MATCH,NONE,0.07228915662650603,CBP_2016_813410;nst-est2020-alldata.csv:POPESTIMATE2016;S6_CBP_DENSITY_20261002_v1
Nevada,32,2017,0.02624409634005889,78,2972097,JULY_1_RESIDENT_POPULATION,VINTAGE_2020,813410,NAICS2017,ESTABLISHMENTS_PER_1000_RESIDENTS,DIRECT,1,0,CBP_EMPLOYER_813410,CENSUS_CBP_AND_POPULATION_ESTIMATES,INHERITED_RAW_OFFICIAL_ZIP_ARCHIVED_API_MATCH,NAICS_REVISION_CORE_813410_UNCHANGED,-0.1235955056179775,CBP_2017_813410;nst-est2020-alldata.csv:POPESTIMATE2017;S6_CBP_DENSITY_20261002_v1
Nevada,32,2018,0.026066370257941583,79,3030725,JULY_1_RESIDENT_POPULATION,VINTAGE_2020,813410,NAICS2017,ESTABLISHMENTS_PER_1000_RESIDENTS,DIRECT,1,0,CBP_EMPLOYER_813410,CENSUS_CBP_AND_POPULATION_ESTIMATES,INHERITED_RAW_OFFICIAL_ZIP_ARCHIVED_API_MATCH,NONE,0.012820512820512775,CBP_2018_813410;nst-est2020-alldata.csv:POPESTIMATE2018;S6_CBP_DENSITY_20261002_v1
Nevada,32,2019,0.025883509325019552,80,3090771,JULY_1_RESIDENT_POPULATION,VINTAGE_2020,813410,NAICS2017,ESTABLISHMENTS_PER_1000_RESIDENTS,DIRECT,1,0,CBP_EMPLOYER_813410,CENSUS_CBP_AND_POPULATION_ESTIMATES,INHERITED_RAW_OFFICIAL_ZIP_ARCHIVED_API_MATCH,NONE,0.012658227848101333,CBP_2019_813410;nst-est2020-alldata.csv:POPESTIMATE2019;S6_CBP_DENSITY_20261002_v1
Nevada,32,2020,0.027600903769128066,86,3115840,JULY_1_RESIDENT_POPULATION,VINTAGE_2023,813410,NAICS2017,ESTABLISHMENTS_PER_1000_RESIDENTS,DIRECT,1,0,CBP_EMPLOYER_813410,CENSUS_CBP_AND_POPULATION_ESTIMATES,INHERITED_RAW_OFFICIAL_ZIP_ARCHIVED_API_MATCH,POPULATION_BENCHMARK_BOUNDARY,0.07499999999999996,CBP_2020_813410;NST-EST2023-ALLDATA.csv:POPESTIMATE2020;S6_CBP_DENSITY_20261002_v1
Nevada,32,2021,0.027330809576715673,86,3146632,JULY_1_RESIDENT_POPULATION,VINTAGE_2023,813410,NAICS2017,ESTABLISHMENTS_PER_1000_RESIDENTS,DIRECT,1,0,CBP_EMPLOYER_813410,CENSUS_CBP_AND_POPULATION_ESTIMATES,INHERITED_RAW_OFFICIAL_ZIP_ARCHIVED_API_MATCH,NONE,0.0,CBP_2021_813410;NST-EST2023-ALLDATA.csv:POPESTIMATE2021;S6_CBP_DENSITY_20261002_v1
Nevada,32,2022,0.026751255184629296,85,3177421,JULY_1_RESIDENT_POPULATION,VINTAGE_2023,813410,NAICS2017,ESTABLISHMENTS_PER_1000_RESIDENTS,DIRECT,1,0,CBP_EMPLOYER_813410,CENSUS_CBP_AND_POPULATION_ESTIMATES,INHERITED_RAW_OFFICIAL_ZIP_ARCHIVED_API_MATCH,NONE,-0.011627906976744207,CBP_2022_813410;NST-EST2023-ALLDATA.csv:POPESTIMATE2022;S6_CBP_DENSITY_20261002_v1
Nevada,32,2023,0.029428559979162074,94,3194176,JULY_1_RESIDENT_POPULATION,VINTAGE_2023,813410,NAICS2017,ESTABLISHMENTS_PER_1000_RESIDENTS,DIRECT,1,0,CBP_EMPLOYER_813410,CENSUS_CBP_AND_POPULATION_ESTIMATES,INHERITED_RAW_OFFICIAL_ZIP_ARCHIVED_API_MATCH,NONE,0.10588235294117654,CBP_2023_813410;NST-EST2023-ALLDATA.csv:POPESTIMATE2023;S6_CBP_DENSITY_20261002_v1
New Hampshire,33,2000,0.170984012994785,212,1239882,JULY_1_RESIDENT_POPULATION,2010_INTERCENSAL,813410,NAICS1997,ESTABLISHMENTS_PER_1000_RESIDENTS,DIRECT,1,0,CBP_EMPLOYER_813410,CENSUS_CBP_AND_POPULATION_ESTIMATES,INHERITED_RAW_OFFICIAL_ZIP_ARCHIVED_API_MATCH,NONE,,CBP_2000_813410;st-est00int-alldata.csv:POPESTIMATE2000;S6_CBP_DENSITY_20261002_v1
New Hampshire,33,2001,0.16965122734299895,213,1255517,JULY_1_RESIDENT_POPULATION,2010_INTERCENSAL,813410,NAICS1997,ESTABLISHMENTS_PER_1000_RESIDENTS,DIRECT,1,0,CBP_EMPLOYER_813410,CENSUS_CBP_AND_POPULATION_ESTIMATES,INHERITED_RAW_OFFICIAL_ZIP_ARCHIVED_API_MATCH,NONE,0.004716981132075526,CBP_2001_813410;st-est00int-alldata.csv:POPESTIMATE2001;S6_CBP_DENSITY_20261002_v1
New Hampshire,33,2002,0.17414066310558204,221,1269089,JULY_1_RESIDENT_POPULATION,2010_INTERCENSAL,813410,NAICS1997,ESTABLISHMENTS_PER_1000_RESIDENTS,DIRECT,1,0,CBP_EMPLOYER_813410,CENSUS_CBP_AND_POPULATION_ESTIMATES,INHERITED_RAW_OFFICIAL_ZIP_ARCHIVED_API_MATCH,NONE,0.03755868544600949,CBP_2002_813410;st-est00int-alldata.csv:POPESTIMATE2002;S6_CBP_DENSITY_20261002_v1
New Hampshire,33,2003,0.1797099637454682,230,1279840,JULY_1_RESIDENT_POPULATION,2010_INTERCENSAL,813410,NAICS2002,ESTABLISHMENTS_PER_1000_RESIDENTS,DIRECT,1,0,CBP_EMPLOYER_813410,CENSUS_CBP_AND_POPULATION_ESTIMATES,INHERITED_RAW_OFFICIAL_ZIP_ARCHIVED_API_MATCH,CBP_AUXILIARY_TREATMENT_CHANGE;NAICS_REVISION_CORE_813410_UNCHANGED,0.040723981900452566,CBP_2003_813410;st-est00int-alldata.csv:POPESTIMATE2003;S6_CBP_DENSITY_20261002_v1
New Hampshire,33,2004,0.17440224599087992,225,1290121,JULY_1_RESIDENT_POPULATION,2010_INTERCENSAL,813410,NAICS2002,ESTABLISHMENTS_PER_1000_RESIDENTS,DIRECT,1,0,CBP_EMPLOYER_813410,CENSUS_CBP_AND_POPULATION_ESTIMATES,INHERITED_RAW_OFFICIAL_ZIP_ARCHIVED_API_MATCH,NONE,-0.021739130434782594,CBP_2004_813410;st-est00int-alldata.csv:POPESTIMATE2004;S6_CBP_DENSITY_20261002_v1
New Hampshire,33,2005,0.17019742901766047,221,1298492,JULY_1_RESIDENT_POPULATION,2010_INTERCENSAL,813410,NAICS2002,ESTABLISHMENTS_PER_1000_RESIDENTS,DIRECT,1,0,CBP_EMPLOYER_813410,CENSUS_CBP_AND_POPULATION_ESTIMATES,INHERITED_RAW_OFFICIAL_ZIP_ARCHIVED_API_MATCH,NONE,-0.01777777777777778,CBP_2005_813410;st-est00int-alldata.csv:POPESTIMATE2005;S6_CBP_DENSITY_20261002_v1
New Hampshire,33,2006,0.16891001070782466,221,1308389,JULY_1_RESIDENT_POPULATION,2010_INTERCENSAL,813410,NAICS2002,ESTABLISHMENTS_PER_1000_RESIDENTS,DIRECT,1,0,CBP_EMPLOYER_813410,CENSUS_CBP_AND_POPULATION_ESTIMATES,INHERITED_RAW_OFFICIAL_ZIP_ARCHIVED_API_MATCH,NONE,0.0,CBP_2006_813410;st-est00int-alldata.csv:POPESTIMATE2006;S6_CBP_DENSITY_20261002_v1
New Hampshire,33,2007,0.15618571624483824,205,1312540,JULY_1_RESIDENT_POPULATION,2010_INTERCENSAL,813410,NAICS2002,ESTABLISHMENTS_PER_1000_RESIDENTS,DIRECT,1,0,CBP_EMPLOYER_813410,CENSUS_CBP_AND_POPULATION_ESTIMATES,INHERITED_RAW_OFFICIAL_ZIP_ARCHIVED_API_MATCH,NONE,-0.07239819004524883,CBP_2007_813410;st-est00int-alldata.csv:POPESTIMATE2007;S6_CBP_DENSITY_20261002_v1
New Hampshire,33,2008,0.1535064054727313,202,1315906,JULY_1_RESIDENT_POPULATION,2010_INTERCENSAL,813410,NAICS2007,ESTABLISHMENTS_PER_1000_RESIDENTS,DIRECT,1,0,CBP_EMPLOYER_813410,CENSUS_CBP_AND_POPULATION_ESTIMATES,INHERITED_RAW_OFFICIAL_ZIP_ARCHIVED_API_MATCH,NAICS_REVISION_CORE_813410_UNCHANGED,-0.014634146341463428,CBP_2008_813410;st-est00int-alldata.csv:POPESTIMATE2008;S6_CBP_DENSITY_20261002_v1
New Hampshire,33,2009,0.15196390553315775,200,1316102,JULY_1_RESIDENT_POPULATION,2010_INTERCENSAL,813410,NAICS2007,ESTABLISHMENTS_PER_1000_RESIDENTS,DIRECT,1,0,CBP_EMPLOYER_813410,CENSUS_CBP_AND_POPULATION_ESTIMATES,INHERITED_RAW_OFFICIAL_ZIP_ARCHIVED_API_MATCH,NONE,-0.00990099009900991,CBP_2009_813410;st-est00int-alldata.csv:POPESTIMATE2009;S6_CBP_DENSITY_20261002_v1
New Hampshire,33,2010,0.15340137165127465,202,1316807,JULY_1_RESIDENT_POPULATION,VINTAGE_2020,813410,NAICS2007,ESTABLISHMENTS_PER_1000_RESIDENTS,DIRECT,1,0,CBP_EMPLOYER_813410,CENSUS_CBP_AND_POPULATION_ESTIMATES,INHERITED_RAW_OFFICIAL_ZIP_ARCHIVED_API_MATCH,POPULATION_BENCHMARK_BOUNDARY,0.010000000000000009,CBP_2010_813410;nst-est2020-alldata.csv:POPESTIMATE2010;S6_CBP_DENSITY_20261002_v1
New Hampshire,33,2011,0.14692027833062213,194,1320444,JULY_1_RESIDENT_POPULATION,VINTAGE_2020,813410,NAICS2007,ESTABLISHMENTS_PER_1000_RESIDENTS,DIRECT,1,0,CBP_EMPLOYER_813410,CENSUS_CBP_AND_POPULATION_ESTIMATES,INHERITED_RAW_OFFICIAL_ZIP_ARCHIVED_API_MATCH,NONE,-0.03960396039603964,CBP_2011_813410;nst-est2020-alldata.csv:POPESTIMATE2011;S6_CBP_DENSITY_20261002_v1
New Hampshire,33,2012,0.14041158712652216,186,1324677,JULY_1_RESIDENT_POPULATION,VINTAGE_2020,813410,NAICS2012,ESTABLISHMENTS_PER_1000_RESIDENTS,DIRECT,1,0,CBP_EMPLOYER_813410,CENSUS_CBP_AND_POPULATION_ESTIMATES,INHERITED_RAW_OFFICIAL_ZIP_ARCHIVED_API_MATCH,NAICS_REVISION_CORE_813410_UNCHANGED,-0.04123711340206182,CBP_2012_813410;nst-est2020-alldata.csv:POPESTIMATE2012;S6_CBP_DENSITY_20261002_v1
New Hampshire,33,2013,0.1401370630888017,186,1327272,JULY_1_RESIDENT_POPULATION,VINTAGE_2020,813410,NAICS2012,ESTABLISHMENTS_PER_1000_RESIDENTS,DIRECT,1,0,CBP_EMPLOYER_813410,CENSUS_CBP_AND_POPULATION_ESTIMATES,INHERITED_RAW_OFFICIAL_ZIP_ARCHIVED_API_MATCH,NONE,0.0,CBP_2013_813410;nst-est2020-alldata.csv:POPESTIMATE2013;S6_CBP_DENSITY_20261002_v1
New Hampshire,33,2014,0.14090238986941797,188,1334257,JULY_1_RESIDENT_POPULATION,VINTAGE_2020,813410,NAICS2012,ESTABLISHMENTS_PER_1000_RESIDENTS,DIRECT,1,0,CBP_EMPLOYER_813410,CENSUS_CBP_AND_POPULATION_ESTIMATES,INHERITED_RAW_OFFICIAL_ZIP_ARCHIVED_API_MATCH,NONE,0.010752688172043001,CBP_2014_813410;nst-est2020-alldata.csv:POPESTIMATE2014;S6_CBP_DENSITY_20261002_v1
New Hampshire,33,2015,0.13906750007476748,186,1337480,JULY_1_RESIDENT_POPULATION,VINTAGE_2020,813410,NAICS2012,ESTABLISHMENTS_PER_1000_RESIDENTS,DIRECT,1,0,CBP_EMPLOYER_813410,CENSUS_CBP_AND_POPULATION_ESTIMATES,INHERITED_RAW_OFFICIAL_ZIP_ARCHIVED_API_MATCH,NONE,-0.010638297872340385,CBP_2015_813410;nst-est2020-alldata.csv:POPESTIMATE2015;S6_CBP_DENSITY_20261002_v1
New Hampshire,33,2016,0.14065702459042015,189,1343694,JULY_1_RESIDENT_POPULATION,VINTAGE_2020,813410,NAICS2012,ESTABLISHMENTS_PER_1000_RESIDENTS,DIRECT,1,0,CBP_EMPLOYER_813410,CENSUS_CBP_AND_POPULATION_ESTIMATES,INHERITED_RAW_OFFICIAL_ZIP_ARCHIVED_API_MATCH,NONE,0.016129032258064502,CBP_2016_813410;nst-est2020-alldata.csv:POPESTIMATE2016;S6_CBP_DENSITY_20261002_v1
New Hampshire,33,2017,0.13551590460568944,183,1350395,JULY_1_RESIDENT_POPULATION,VINTAGE_2020,813410,NAICS2017,ESTABLISHMENTS_PER_1000_RESIDENTS,DIRECT,1,0,CBP_EMPLOYER_813410,CENSUS_CBP_AND_POPULATION_ESTIMATES,INHERITED_RAW_OFFICIAL_ZIP_ARCHIVED_API_MATCH,NAICS_REVISION_CORE_813410_UNCHANGED,-0.031746031746031744,CBP_2017_813410;nst-est2020-alldata.csv:POPESTIMATE2017;S6_CBP_DENSITY_20261002_v1
New Hampshire,33,2018,0.13504897185667983,183,1355064,JULY_1_RESIDENT_POPULATION,VINTAGE_2020,813410,NAICS2017,ESTABLISHMENTS_PER_1000_RESIDENTS,DIRECT,1,0,CBP_EMPLOYER_813410,CENSUS_CBP_AND_POPULATION_ESTIMATES,INHERITED_RAW_OFFICIAL_ZIP_ARCHIVED_API_MATCH,NONE,0.0,CBP_2018_813410;nst-est2020-alldata.csv:POPESTIMATE2018;S6_CBP_DENSITY_20261002_v1
New Hampshire,33,2019,0.13301165578935067,181,1360783,JULY_1_RESIDENT_POPULATION,VINTAGE_2020,813410,NAICS2017,ESTABLISHMENTS_PER_1000_RESIDENTS,DIRECT,1,0,CBP_EMPLOYER_813410,CENSUS_CBP_AND_POPULATION_ESTIMATES,INHERITED_RAW_OFFICIAL_ZIP_ARCHIVED_API_MATCH,NONE,-0.010928961748633892,CBP_2019_813410;nst-est2020-alldata.csv:POPESTIMATE2019;S6_CBP_DENSITY_20261002_v1
New Hampshire,33,2020,0.12765630281235538,176,1378702,JULY_1_RESIDENT_POPULATION,VINTAGE_2023,813410,NAICS2017,ESTABLISHMENTS_PER_1000_RESIDENTS,DIRECT,1,0,CBP_EMPLOYER_813410,CENSUS_CBP_AND_POPULATION_ESTIMATES,INHERITED_RAW_OFFICIAL_ZIP_ARCHIVED_API_MATCH,POPULATION_BENCHMARK_BOUNDARY,-0.027624309392265234,CBP_2020_813410;NST-EST2023-ALLDATA.csv:POPESTIMATE2020;S6_CBP_DENSITY_20261002_v1
New Hampshire,33,2021,0.1254059477013955,174,1387494,JULY_1_RESIDENT_POPULATION,VINTAGE_2023,813410,NAICS2017,ESTABLISHMENTS_PER_1000_RESIDENTS,DIRECT,1,0,CBP_EMPLOYER_813410,CENSUS_CBP_AND_POPULATION_ESTIMATES,INHERITED_RAW_OFFICIAL_ZIP_ARCHIVED_API_MATCH,NONE,-0.011363636363636354,CBP_2021_813410;NST-EST2023-ALLDATA.csv:POPESTIMATE2021;S6_CBP_DENSITY_20261002_v1
New Hampshire,33,2022,0.12866305504705852,180,1399003,JULY_1_RESIDENT_POPULATION,VINTAGE_2023,813410,NAICS2017,ESTABLISHMENTS_PER_1000_RESIDENTS,DIRECT,1,0,CBP_EMPLOYER_813410,CENSUS_CBP_AND_POPULATION_ESTIMATES,INHERITED_RAW_OFFICIAL_ZIP_ARCHIVED_API_MATCH,NONE,0.034482758620689724,CBP_2022_813410;NST-EST2023-ALLDATA.csv:POPESTIMATE2022;S6_CBP_DENSITY_20261002_v1
New Hampshire,33,2023,0.12553011510255668,176,1402054,JULY_1_RESIDENT_POPULATION,VINTAGE_2023,813410,NAICS2017,ESTABLISHMENTS_PER_1000_RESIDENTS,DIRECT,1,0,CBP_EMPLOYER_813410,CENSUS_CBP_AND_POPULATION_ESTIMATES,INHERITED_RAW_OFFICIAL_ZIP_ARCHIVED_API_MATCH,NONE,-0.022222222222222254,CBP_2023_813410;NST-EST2023-ALLDATA.csv:POPESTIMATE2023;S6_CBP_DENSITY_20261002_v1
New Jersey,34,2000,0.05740976850934231,484,8430621,JULY_1_RESIDENT_POPULATION,2010_INTERCENSAL,813410,NAICS1997,ESTABLISHMENTS_PER_1000_RESIDENTS,DIRECT,1,0,CBP_EMPLOYER_813410,CENSUS_CBP_AND_POPULATION_ESTIMATES,INHERITED_RAW_OFFICIAL_ZIP_ARCHIVED_API_MATCH,NONE,,CBP_2000_813410;st-est00int-alldata.csv:POPESTIMATE2000;S6_CBP_DENSITY_20261002_v1
New Jersey,34,2001,0.05699031553206288,484,8492671,JULY_1_RESIDENT_POPULATION,2010_INTERCENSAL,813410,NAICS1997,ESTABLISHMENTS_PER_1000_RESIDENTS,DIRECT,1,0,CBP_EMPLOYER_813410,CENSUS_CBP_AND_POPULATION_ESTIMATES,INHERITED_RAW_OFFICIAL_ZIP_ARCHIVED_API_MATCH,NONE,0.0,CBP_2001_813410;st-est00int-alldata.csv:POPESTIMATE2001;S6_CBP_DENSITY_20261002_v1
New Jersey,34,2002,0.057642999947501605,493,8552643,JULY_1_RESIDENT_POPULATION,2010_INTERCENSAL,813410,NAICS1997,ESTABLISHMENTS_PER_1000_RESIDENTS,DIRECT,1,0,CBP_EMPLOYER_813410,CENSUS_CBP_AND_POPULATION_ESTIMATES,INHERITED_RAW_OFFICIAL_ZIP_ARCHIVED_API_MATCH,NONE,0.018595041322314154,CBP_2002_813410;st-est00int-alldata.csv:POPESTIMATE2002;S6_CBP_DENSITY_20261002_v1
New Jersey,34,2003,0.05754875774902742,495,8601402,JULY_1_RESIDENT_POPULATION,2010_INTERCENSAL,813410,NAICS2002,ESTABLISHMENTS_PER_1000_RESIDENTS,DIRECT,1,0,CBP_EMPLOYER_813410,CENSUS_CBP_AND_POPULATION_ESTIMATES,INHERITED_RAW_OFFICIAL_ZIP_ARCHIVED_API_MATCH,CBP_AUXILIARY_TREATMENT_CHANGE;NAICS_REVISION_CORE_813410_UNCHANGED,0.0040567951318457585,CBP_2003_813410;st-est00int-alldata.csv:POPESTIMATE2003;S6_CBP_DENSITY_20261002_v1
New Jersey,34,2004,0.059064959990438426,510,8634561,JULY_1_RESIDENT_POPULATION,2010_INTERCENSAL,813410,NAICS2002,ESTABLISHMENTS_PER_1000_RESIDENTS,DIRECT,1,0,CBP_EMPLOYER_813410,CENSUS_CBP_AND_POPULATION_ESTIMATES,INHERITED_RAW_OFFICIAL_ZIP_ARCHIVED_API_MATCH,NONE,0.030303030303030276,CBP_2004_813410;st-est00int-alldata.csv:POPESTIMATE2004;S6_CBP_DENSITY_20261002_v1
New Jersey,34,2005,0.06195118015842396,536,8651974,JULY_1_RESIDENT_POPULATION,2010_INTERCENSAL,813410,NAICS2002,ESTABLISHMENTS_PER_1000_RESIDENTS,DIRECT,1,0,CBP_EMPLOYER_813410,CENSUS_CBP_AND_POPULATION_ESTIMATES,INHERITED_RAW_OFFICIAL_ZIP_ARCHIVED_API_MATCH,NONE,0.050980392156862786,CBP_2005_813410;st-est00int-alldata.csv:POPESTIMATE2005;S6_CBP_DENSITY_20261002_v1
New Jersey,34,2006,0.059572745653585175,516,8661679,JULY_1_RESIDENT_POPULATION,2010_INTERCENSAL,813410,NAICS2002,ESTABLISHMENTS_PER_1000_RESIDENTS,DIRECT,1,0,CBP_EMPLOYER_813410,CENSUS_CBP_AND_POPULATION_ESTIMATES,INHERITED_RAW_OFFICIAL_ZIP_ARCHIVED_API_MATCH,NONE,-0.03731343283582089,CBP_2006_813410;st-est00int-alldata.csv:POPESTIMATE2006;S6_CBP_DENSITY_20261002_v1
New Jersey,34,2007,0.057387255074249084,498,8677885,JULY_1_RESIDENT_POPULATION,2010_INTERCENSAL,813410,NAICS2002,ESTABLISHMENTS_PER_1000_RESIDENTS,DIRECT,1,0,CBP_EMPLOYER_813410,CENSUS_CBP_AND_POPULATION_ESTIMATES,INHERITED_RAW_OFFICIAL_ZIP_ARCHIVED_API_MATCH,NONE,-0.03488372093023251,CBP_2007_813410;st-est00int-alldata.csv:POPESTIMATE2007;S6_CBP_DENSITY_20261002_v1
New Jersey,34,2008,0.05154349226101441,449,8711090,JULY_1_RESIDENT_POPULATION,2010_INTERCENSAL,813410,NAICS2007,ESTABLISHMENTS_PER_1000_RESIDENTS,DIRECT,1,0,CBP_EMPLOYER_813410,CENSUS_CBP_AND_POPULATION_ESTIMATES,INHERITED_RAW_OFFICIAL_ZIP_ARCHIVED_API_MATCH,NAICS_REVISION_CORE_813410_UNCHANGED,-0.09839357429718876,CBP_2008_813410;st-est00int-alldata.csv:POPESTIMATE2008;S6_CBP_DENSITY_20261002_v1
New Jersey,34,2009,0.05299464274415397,464,8755602,JULY_1_RESIDENT_POPULATION,2010_INTERCENSAL,813410,NAICS2007,ESTABLISHMENTS_PER_1000_RESIDENTS,DIRECT,1,0,CBP_EMPLOYER_813410,CENSUS_CBP_AND_POPULATION_ESTIMATES,INHERITED_RAW_OFFICIAL_ZIP_ARCHIVED_API_MATCH,NONE,0.03340757238307357,CBP_2009_813410;st-est00int-alldata.csv:POPESTIMATE2009;S6_CBP_DENSITY_20261002_v1
New Jersey,34,2010,0.0521623451281222,459,8799451,JULY_1_RESIDENT_POPULATION,VINTAGE_2020,813410,NAICS2007,ESTABLISHMENTS_PER_1000_RESIDENTS,DIRECT,1,0,CBP_EMPLOYER_813410,CENSUS_CBP_AND_POPULATION_ESTIMATES,INHERITED_RAW_OFFICIAL_ZIP_ARCHIVED_API_MATCH,POPULATION_BENCHMARK_BOUNDARY,-0.010775862068965525,CBP_2010_813410;nst-est2020-alldata.csv:POPESTIMATE2010;S6_CBP_DENSITY_20261002_v1
New Jersey,34,2011,0.050064835094135486,442,8828552,JULY_1_RESIDENT_POPULATION,VINTAGE_2020,813410,NAICS2007,ESTABLISHMENTS_PER_1000_RESIDENTS,DIRECT,1,0,CBP_EMPLOYER_813410,CENSUS_CBP_AND_POPULATION_ESTIMATES,INHERITED_RAW_OFFICIAL_ZIP_ARCHIVED_API_MATCH,NONE,-0.03703703703703709,CBP_2011_813410;nst-est2020-alldata.csv:POPESTIMATE2011;S6_CBP_DENSITY_20261002_v1
New Jersey,34,2012,0.049402696528053104,437,8845671,JULY_1_RESIDENT_POPULATION,VINTAGE_2020,813410,NAICS2012,ESTABLISHMENTS_PER_1000_RESIDENTS,DIRECT,1,0,CBP_EMPLOYER_813410,CENSUS_CBP_AND_POPULATION_ESTIMATES,INHERITED_RAW_OFFICIAL_ZIP_ARCHIVED_API_MATCH,NAICS_REVISION_CORE_813410_UNCHANGED,-0.011312217194570096,CBP_2012_813410;nst-est2020-alldata.csv:POPESTIMATE2012;S6_CBP_DENSITY_20261002_v1
New Jersey,34,2013,0.04843177571549481,429,8857821,JULY_1_RESIDENT_POPULATION,VINTAGE_2020,813410,NAICS2012,ESTABLISHMENTS_PER_1000_RESIDENTS,DIRECT,1,0,CBP_EMPLOYER_813410,CENSUS_CBP_AND_POPULATION_ESTIMATES,INHERITED_RAW_OFFICIAL_ZIP_ARCHIVED_API_MATCH,NONE,-0.01830663615560646,CBP_2013_813410;nst-est2020-alldata.csv:POPESTIMATE2013;S6_CBP_DENSITY_20261002_v1
New Jersey,34,2014,0.0477034832677495,423,8867277,JULY_1_RESIDENT_POPULATION,VINTAGE_2020,813410,NAICS2012,ESTABLISHMENTS_PER_1000_RESIDENTS,DIRECT,1,0,CBP_EMPLOYER_813410,CENSUS_CBP_AND_POPULATION_ESTIMATES,INHERITED_RAW_OFFICIAL_ZIP_ARCHIVED_API_MATCH,NONE,-0.013986013986013957,CBP_2014_813410;nst-est2020-alldata.csv:POPESTIMATE2014;S6_CBP_DENSITY_20261002_v1
New Jersey,34,2015,0.04813810382318007,427,8870312,JULY_1_RESIDENT_POPULATION,VINTAGE_2020,813410,NAICS2012,ESTABLISHMENTS_PER_1000_RESIDENTS,DIRECT,1,0,CBP_EMPLOYER_813410,CENSUS_CBP_AND_POPULATION_ESTIMATES,INHERITED_RAW_OFFICIAL_ZIP_ARCHIVED_API_MATCH,NONE,0.009456264775413725,CBP_2015_813410;nst-est2020-alldata.csv:POPESTIMATE2015;S6_CBP_DENSITY_20261002_v1
New Jersey,34,2016,0.05026154032012319,446,8873584,JULY_1_RESIDENT_POPULATION,VINTAGE_2020,813410,NAICS2012,ESTABLISHMENTS_PER_1000_RESIDENTS,DIRECT,1,0,CBP_EMPLOYER_813410,CENSUS_CBP_AND_POPULATION_ESTIMATES,INHERITED_RAW_OFFICIAL_ZIP_ARCHIVED_API_MATCH,NONE,0.04449648711943799,CBP_2016_813410;nst-est2020-alldata.csv:POPESTIMATE2016;S6_CBP_DENSITY_20261002_v1
New Jersey,34,2017,0.04849154722576033,431,8888147,JULY_1_RESIDENT_POPULATION,VINTAGE_2020,813410,NAICS2017,ESTABLISHMENTS_PER_1000_RESIDENTS,DIRECT,1,0,CBP_EMPLOYER_813410,CENSUS_CBP_AND_POPULATION_ESTIMATES,INHERITED_RAW_OFFICIAL_ZIP_ARCHIVED_API_MATCH,NAICS_REVISION_CORE_813410_UNCHANGED,-0.03363228699551568,CBP_2017_813410;nst-est2020-alldata.csv:POPESTIMATE2017;S6_CBP_DENSITY_20261002_v1
New Jersey,34,2018,0.04824707902736588,429,8891730,JULY_1_RESIDENT_POPULATION,VINTAGE_2020,813410,NAICS2017,ESTABLISHMENTS_PER_1000_RESIDENTS,DIRECT,1,0,CBP_EMPLOYER_813410,CENSUS_CBP_AND_POPULATION_ESTIMATES,INHERITED_RAW_OFFICIAL_ZIP_ARCHIVED_API_MATCH,NONE,-0.004640371229698403,CBP_2018_813410;nst-est2020-alldata.csv:POPESTIMATE2018;S6_CBP_DENSITY_20261002_v1
New Jersey,34,2019,0.04869952036033596,433,8891258,JULY_1_RESIDENT_POPULATION,VINTAGE_2020,813410,NAICS2017,ESTABLISHMENTS_PER_1000_RESIDENTS,DIRECT,1,0,CBP_EMPLOYER_813410,CENSUS_CBP_AND_POPULATION_ESTIMATES,INHERITED_RAW_OFFICIAL_ZIP_ARCHIVED_API_MATCH,NONE,0.00932400932400923,CBP_2019_813410;nst-est2020-alldata.csv:POPESTIMATE2019;S6_CBP_DENSITY_20261002_v1
New Jersey,34,2020,0.0468056139127854,434,9272392,JULY_1_RESIDENT_POPULATION,VINTAGE_2023,813410,NAICS2017,ESTABLISHMENTS_PER_1000_RESIDENTS,DIRECT,1,0,CBP_EMPLOYER_813410,CENSUS_CBP_AND_POPULATION_ESTIMATES,INHERITED_RAW_OFFICIAL_ZIP_ARCHIVED_API_MATCH,POPULATION_BENCHMARK_BOUNDARY,0.002309468822170979,CBP_2020_813410;NST-EST2023-ALLDATA.csv:POPESTIMATE2020;S6_CBP_DENSITY_20261002_v1
New Jersey,34,2021,0.04455628467474182,413,9269175,JULY_1_RESIDENT_POPULATION,VINTAGE_2023,813410,NAICS2017,ESTABLISHMENTS_PER_1000_RESIDENTS,DIRECT,1,0,CBP_EMPLOYER_813410,CENSUS_CBP_AND_POPULATION_ESTIMATES,INHERITED_RAW_OFFICIAL_ZIP_ARCHIVED_API_MATCH,NONE,-0.048387096774193505,CBP_2021_813410;NST-EST2023-ALLDATA.csv:POPESTIMATE2021;S6_CBP_DENSITY_20261002_v1
New Jersey,34,2022,0.047188061269324295,437,9260817,JULY_1_RESIDENT_POPULATION,VINTAGE_2023,813410,NAICS2017,ESTABLISHMENTS_PER_1000_RESIDENTS,DIRECT,1,0,CBP_EMPLOYER_813410,CENSUS_CBP_AND_POPULATION_ESTIMATES,INHERITED_RAW_OFFICIAL_ZIP_ARCHIVED_API_MATCH,NONE,0.05811138014527839,CBP_2022_813410;NST-EST2023-ALLDATA.csv:POPESTIMATE2022;S6_CBP_DENSITY_20261002_v1
New Jersey,34,2023,0.045313443637664236,421,9290841,JULY_1_RESIDENT_POPULATION,VINTAGE_2023,813410,NAICS2017,ESTABLISHMENTS_PER_1000_RESIDENTS,DIRECT,1,0,CBP_EMPLOYER_813410,CENSUS_CBP_AND_POPULATION_ESTIMATES,INHERITED_RAW_OFFICIAL_ZIP_ARCHIVED_API_MATCH,NONE,-0.03661327231121281,CBP_2023_813410;NST-EST2023-ALLDATA.csv:POPESTIMATE2023;S6_CBP_DENSITY_20261002_v1
New Mexico,35,2000,0.14166452522616907,258,1821204,JULY_1_RESIDENT_POPULATION,2010_INTERCENSAL,813410,NAICS1997,ESTABLISHMENTS_PER_1000_RESIDENTS,DIRECT,1,0,CBP_EMPLOYER_813410,CENSUS_CBP_AND_POPULATION_ESTIMATES,INHERITED_RAW_OFFICIAL_ZIP_ARCHIVED_API_MATCH,NONE,,CBP_2000_813410;st-est00int-alldata.csv:POPESTIMATE2000;S6_CBP_DENSITY_20261002_v1
New Mexico,35,2001,0.15395618254180565,282,1831690,JULY_1_RESIDENT_POPULATION,2010_INTERCENSAL,813410,NAICS1997,ESTABLISHMENTS_PER_1000_RESIDENTS,DIRECT,1,0,CBP_EMPLOYER_813410,CENSUS_CBP_AND_POPULATION_ESTIMATES,INHERITED_RAW_OFFICIAL_ZIP_ARCHIVED_API_MATCH,NONE,0.09302325581395343,CBP_2001_813410;st-est00int-alldata.csv:POPESTIMATE2001;S6_CBP_DENSITY_20261002_v1
New Mexico,35,2002,0.1487622816468847,276,1855309,JULY_1_RESIDENT_POPULATION,2010_INTERCENSAL,813410,NAICS1997,ESTABLISHMENTS_PER_1000_RESIDENTS,DIRECT,1,0,CBP_EMPLOYER_813410,CENSUS_CBP_AND_POPULATION_ESTIMATES,INHERITED_RAW_OFFICIAL_ZIP_ARCHIVED_API_MATCH,NONE,-0.021276595744680882,CBP_2002_813410;st-est00int-alldata.csv:POPESTIMATE2002;S6_CBP_DENSITY_20261002_v1
New Mexico,35,2003,0.14113957692213464,265,1877574,JULY_1_RESIDENT_POPULATION,2010_INTERCENSAL,813410,NAICS2002,ESTABLISHMENTS_PER_1000_RESIDENTS,DIRECT,1,0,CBP_EMPLOYER_813410,CENSUS_CBP_AND_POPULATION_ESTIMATES,INHERITED_RAW_OFFICIAL_ZIP_ARCHIVED_API_MATCH,CBP_AUXILIARY_TREATMENT_CHANGE;NAICS_REVISION_CORE_813410_UNCHANGED,-0.03985507246376807,CBP_2003_813410;st-est00int-alldata.csv:POPESTIMATE2003;S6_CBP_DENSITY_20261002_v1
New Mexico,35,2004,0.12868944767539583,245,1903808,JULY_1_RESIDENT_POPULATION,2010_INTERCENSAL,813410,NAICS2002,ESTABLISHMENTS_PER_1000_RESIDENTS,DIRECT,1,0,CBP_EMPLOYER_813410,CENSUS_CBP_AND_POPULATION_ESTIMATES,INHERITED_RAW_OFFICIAL_ZIP_ARCHIVED_API_MATCH,NONE,-0.07547169811320753,CBP_2004_813410;st-est00int-alldata.csv:POPESTIMATE2004;S6_CBP_DENSITY_20261002_v1
New Mexico,35,2005,0.12679361208607062,245,1932274,JULY_1_RESIDENT_POPULATION,2010_INTERCENSAL,813410,NAICS2002,ESTABLISHMENTS_PER_1000_RESIDENTS,DIRECT,1,0,CBP_EMPLOYER_813410,CENSUS_CBP_AND_POPULATION_ESTIMATES,INHERITED_RAW_OFFICIAL_ZIP_ARCHIVED_API_MATCH,NONE,0.0,CBP_2005_813410;st-est00int-alldata.csv:POPESTIMATE2005;S6_CBP_DENSITY_20261002_v1
New Mexico,35,2006,0.11874807926255915,233,1962137,JULY_1_RESIDENT_POPULATION,2010_INTERCENSAL,813410,NAICS2002,ESTABLISHMENTS_PER_1000_RESIDENTS,DIRECT,1,0,CBP_EMPLOYER_813410,CENSUS_CBP_AND_POPULATION_ESTIMATES,INHERITED_RAW_OFFICIAL_ZIP_ARCHIVED_API_MATCH,NONE,-0.048979591836734726,CBP_2006_813410;st-est00int-alldata.csv:POPESTIMATE2006;S6_CBP_DENSITY_20261002_v1
New Mexico,35,2007,0.11004638027808067,219,1990070,JULY_1_RESIDENT_POPULATION,2010_INTERCENSAL,813410,NAICS2002,ESTABLISHMENTS_PER_1000_RESIDENTS,DIRECT,1,0,CBP_EMPLOYER_813410,CENSUS_CBP_AND_POPULATION_ESTIMATES,INHERITED_RAW_OFFICIAL_ZIP_ARCHIVED_API_MATCH,NONE,-0.06008583690987124,CBP_2007_813410;st-est00int-alldata.csv:POPESTIMATE2007;S6_CBP_DENSITY_20261002_v1
New Mexico,35,2008,0.10941669957456798,220,2010662,JULY_1_RESIDENT_POPULATION,2010_INTERCENSAL,813410,NAICS2007,ESTABLISHMENTS_PER_1000_RESIDENTS,DIRECT,1,0,CBP_EMPLOYER_813410,CENSUS_CBP_AND_POPULATION_ESTIMATES,INHERITED_RAW_OFFICIAL_ZIP_ARCHIVED_API_MATCH,NAICS_REVISION_CORE_813410_UNCHANGED,0.004566210045662045,CBP_2008_813410;st-est00int-alldata.csv:POPESTIMATE2008;S6_CBP_DENSITY_20261002_v1
New Mexico,35,2009,0.10653956545604334,217,2036802,JULY_1_RESIDENT_POPULATION,2010_INTERCENSAL,813410,NAICS2007,ESTABLISHMENTS_PER_1000_RESIDENTS,DIRECT,1,0,CBP_EMPLOYER_813410,CENSUS_CBP_AND_POPULATION_ESTIMATES,INHERITED_RAW_OFFICIAL_ZIP_ARCHIVED_API_MATCH,NONE,-0.013636363636363669,CBP_2009_813410;st-est00int-alldata.csv:POPESTIMATE2009;S6_CBP_DENSITY_20261002_v1
New Mexico,35,2010,0.10026087200803636,207,2064614,JULY_1_RESIDENT_POPULATION,VINTAGE_2020,813410,NAICS2007,ESTABLISHMENTS_PER_1000_RESIDENTS,DIRECT,1,0,CBP_EMPLOYER_813410,CENSUS_CBP_AND_POPULATION_ESTIMATES,INHERITED_RAW_OFFICIAL_ZIP_ARCHIVED_API_MATCH,POPULATION_BENCHMARK_BOUNDARY,-0.04608294930875578,CBP_2010_813410;nst-est2020-alldata.csv:POPESTIMATE2010;S6_CBP_DENSITY_20261002_v1
New Mexico,35,2011,0.09804359768098055,204,2080707,JULY_1_RESIDENT_POPULATION,VINTAGE_2020,813410,NAICS2007,ESTABLISHMENTS_PER_1000_RESIDENTS,DIRECT,1,0,CBP_EMPLOYER_813410,CENSUS_CBP_AND_POPULATION_ESTIMATES,INHERITED_RAW_OFFICIAL_ZIP_ARCHIVED_API_MATCH,NONE,-0.01449275362318836,CBP_2011_813410;nst-est2020-alldata.csv:POPESTIMATE2011;S6_CBP_DENSITY_20261002_v1
New Mexico,35,2012,0.08861362781797325,185,2087715,JULY_1_RESIDENT_POPULATION,VINTAGE_2020,813410,NAICS2012,ESTABLISHMENTS_PER_1000_RESIDENTS,DIRECT,1,0,CBP_EMPLOYER_813410,CENSUS_CBP_AND_POPULATION_ESTIMATES,INHERITED_RAW_OFFICIAL_ZIP_ARCHIVED_API_MATCH,NAICS_REVISION_CORE_813410_UNCHANGED,-0.09313725490196079,CBP_2012_813410;nst-est2020-alldata.csv:POPESTIMATE2012;S6_CBP_DENSITY_20261002_v1
New Mexico,35,2013,0.09174167265137735,192,2092833,JULY_1_RESIDENT_POPULATION,VINTAGE_2020,813410,NAICS2012,ESTABLISHMENTS_PER_1000_RESIDENTS,DIRECT,1,0,CBP_EMPLOYER_813410,CENSUS_CBP_AND_POPULATION_ESTIMATES,INHERITED_RAW_OFFICIAL_ZIP_ARCHIVED_API_MATCH,NONE,0.037837837837837895,CBP_2013_813410;nst-est2020-alldata.csv:POPESTIMATE2013;S6_CBP_DENSITY_20261002_v1
New Mexico,35,2014,0.0904204118577998,189,2090236,JULY_1_RESIDENT_POPULATION,VINTAGE_2020,813410,NAICS2012,ESTABLISHMENTS_PER_1000_RESIDENTS,DIRECT,1,0,CBP_EMPLOYER_813410,CENSUS_CBP_AND_POPULATION_ESTIMATES,INHERITED_RAW_OFFICIAL_ZIP_ARCHIVED_API_MATCH,NONE,-0.015625,CBP_2014_813410;nst-est2020-alldata.csv:POPESTIMATE2014;S6_CBP_DENSITY_20261002_v1
New Mexico,35,2015,0.08803528683953799,184,2090071,JULY_1_RESIDENT_POPULATION,VINTAGE_2020,813410,NAICS2012,ESTABLISHMENTS_PER_1000_RESIDENTS,DIRECT,1,0,CBP_EMPLOYER_813410,CENSUS_CBP_AND_POPULATION_ESTIMATES,INHERITED_RAW_OFFICIAL_ZIP_ARCHIVED_API_MATCH,NONE,-0.02645502645502651,CBP_2015_813410;nst-est2020-alldata.csv:POPESTIMATE2015;S6_CBP_DENSITY_20261002_v1
New Mexico,35,2016,0.0888865525637319,186,2092555,JULY_1_RESIDENT_POPULATION,VINTAGE_2020,813410,NAICS2012,ESTABLISHMENTS_PER_1000_RESIDENTS,DIRECT,1,0,CBP_EMPLOYER_813410,CENSUS_CBP_AND_POPULATION_ESTIMATES,INHERITED_RAW_OFFICIAL_ZIP_ARCHIVED_API_MATCH,NONE,0.010869565217391353,CBP_2016_813410;nst-est2020-alldata.csv:POPESTIMATE2016;S6_CBP_DENSITY_20261002_v1
New Mexico,35,2017,0.08887427825485321,186,2092844,JULY_1_RESIDENT_POPULATION,VINTAGE_2020,813410,NAICS2017,ESTABLISHMENTS_PER_1000_RESIDENTS,DIRECT,1,0,CBP_EMPLOYER_813410,CENSUS_CBP_AND_POPULATION_ESTIMATES,INHERITED_RAW_OFFICIAL_ZIP_ARCHIVED_API_MATCH,NAICS_REVISION_CORE_813410_UNCHANGED,0.0,CBP_2017_813410;nst-est2020-alldata.csv:POPESTIMATE2017;S6_CBP_DENSITY_20261002_v1
New Mexico,35,2018,0.08692520706826112,182,2093754,JULY_1_RESIDENT_POPULATION,VINTAGE_2020,813410,NAICS2017,ESTABLISHMENTS_PER_1000_RESIDENTS,DIRECT,1,0,CBP_EMPLOYER_813410,CENSUS_CBP_AND_POPULATION_ESTIMATES,INHERITED_RAW_OFFICIAL_ZIP_ARCHIVED_API_MATCH,NONE,-0.021505376344086002,CBP_2018_813410;nst-est2020-alldata.csv:POPESTIMATE2018;S6_CBP_DENSITY_20261002_v1
New Mexico,35,2019,0.08668177406157454,182,2099634,JULY_1_RESIDENT_POPULATION,VINTAGE_2020,813410,NAICS2017,ESTABLISHMENTS_PER_1000_RESIDENTS,DIRECT,1,0,CBP_EMPLOYER_813410,CENSUS_CBP_AND_POPULATION_ESTIMATES,INHERITED_RAW_OFFICIAL_ZIP_ARCHIVED_API_MATCH,NONE,0.0,CBP_2019_813410;nst-est2020-alldata.csv:POPESTIMATE2019;S6_CBP_DENSITY_20261002_v1
New Mexico,35,2020,0.08118998077874408,172,2118488,JULY_1_RESIDENT_POPULATION,VINTAGE_2023,813410,NAICS2017,ESTABLISHMENTS_PER_1000_RESIDENTS,DIRECT,1,0,CBP_EMPLOYER_813410,CENSUS_CBP_AND_POPULATION_ESTIMATES,INHERITED_RAW_OFFICIAL_ZIP_ARCHIVED_API_MATCH,POPULATION_BENCHMARK_BOUNDARY,-0.05494505494505497,CBP_2020_813410;NST-EST2023-ALLDATA.csv:POPESTIMATE2020;S6_CBP_DENSITY_20261002_v1
New Mexico,35,2021,0.07699756725477692,163,2116950,JULY_1_RESIDENT_POPULATION,VINTAGE_2023,813410,NAICS2017,ESTABLISHMENTS_PER_1000_RESIDENTS,DIRECT,1,0,CBP_EMPLOYER_813410,CENSUS_CBP_AND_POPULATION_ESTIMATES,INHERITED_RAW_OFFICIAL_ZIP_ARCHIVED_API_MATCH,NONE,-0.05232558139534882,CBP_2021_813410;NST-EST2023-ALLDATA.csv:POPESTIMATE2021;S6_CBP_DENSITY_20261002_v1
New Mexico,35,2022,0.07665097687411639,162,2113476,JULY_1_RESIDENT_POPULATION,VINTAGE_2023,813410,NAICS2017,ESTABLISHMENTS_PER_1000_RESIDENTS,DIRECT,1,0,CBP_EMPLOYER_813410,CENSUS_CBP_AND_POPULATION_ESTIMATES,INHERITED_RAW_OFFICIAL_ZIP_ARCHIVED_API_MATCH,NONE,-0.006134969325153339,CBP_2022_813410;NST-EST2023-ALLDATA.csv:POPESTIMATE2022;S6_CBP_DENSITY_20261002_v1
New Mexico,35,2023,0.08229397773616835,174,2114371,JULY_1_RESIDENT_POPULATION,VINTAGE_2023,813410,NAICS2017,ESTABLISHMENTS_PER_1000_RESIDENTS,DIRECT,1,0,CBP_EMPLOYER_813410,CENSUS_CBP_AND_POPULATION_ESTIMATES,INHERITED_RAW_OFFICIAL_ZIP_ARCHIVED_API_MATCH,NONE,0.07407407407407418,CBP_2023_813410;NST-EST2023-ALLDATA.csv:POPESTIMATE2023;S6_CBP_DENSITY_20261002_v1
New York,36,2000,0.08720235683183365,1657,19001780,JULY_1_RESIDENT_POPULATION,2010_INTERCENSAL,813410,NAICS1997,ESTABLISHMENTS_PER_1000_RESIDENTS,DIRECT,1,0,CBP_EMPLOYER_813410,CENSUS_CBP_AND_POPULATION_ESTIMATES,INHERITED_RAW_OFFICIAL_ZIP_ARCHIVED_API_MATCH,NONE,,CBP_2000_813410;st-est00int-alldata.csv:POPESTIMATE2000;S6_CBP_DENSITY_20261002_v1
New York,36,2001,0.08740838233809876,1668,19082838,JULY_1_RESIDENT_POPULATION,2010_INTERCENSAL,813410,NAICS1997,ESTABLISHMENTS_PER_1000_RESIDENTS,DIRECT,1,0,CBP_EMPLOYER_813410,CENSUS_CBP_AND_POPULATION_ESTIMATES,INHERITED_RAW_OFFICIAL_ZIP_ARCHIVED_API_MATCH,NONE,0.006638503319251754,CBP_2001_813410;st-est00int-alldata.csv:POPESTIMATE2001;S6_CBP_DENSITY_20261002_v1
New York,36,2002,0.08626905913950401,1651,19137800,JULY_1_RESIDENT_POPULATION,2010_INTERCENSAL,813410,NAICS1997,ESTABLISHMENTS_PER_1000_RESIDENTS,DIRECT,1,0,CBP_EMPLOYER_813410,CENSUS_CBP_AND_POPULATION_ESTIMATES,INHERITED_RAW_OFFICIAL_ZIP_ARCHIVED_API_MATCH,NONE,-0.010191846522781822,CBP_2002_813410;st-est00int-alldata.csv:POPESTIMATE2002;S6_CBP_DENSITY_20261002_v1
New York,36,2003,0.08948714323715777,1716,19175939,JULY_1_RESIDENT_POPULATION,2010_INTERCENSAL,813410,NAICS2002,ESTABLISHMENTS_PER_1000_RESIDENTS,DIRECT,1,0,CBP_EMPLOYER_813410,CENSUS_CBP_AND_POPULATION_ESTIMATES,INHERITED_RAW_OFFICIAL_ZIP_ARCHIVED_API_MATCH,CBP_AUXILIARY_TREATMENT_CHANGE;NAICS_REVISION_CORE_813410_UNCHANGED,0.03937007874015741,CBP_2003_813410;st-est00int-alldata.csv:POPESTIMATE2003;S6_CBP_DENSITY_20261002_v1
New York,36,2004,0.08596063117845297,1648,19171567,JULY_1_RESIDENT_POPULATION,2010_INTERCENSAL,813410,NAICS2002,ESTABLISHMENTS_PER_1000_RESIDENTS,DIRECT,1,0,CBP_EMPLOYER_813410,CENSUS_CBP_AND_POPULATION_ESTIMATES,INHERITED_RAW_OFFICIAL_ZIP_ARCHIVED_API_MATCH,NONE,-0.03962703962703962,CBP_2004_813410;st-est00int-alldata.csv:POPESTIMATE2004;S6_CBP_DENSITY_20261002_v1
New York,36,2005,0.08624019409793018,1650,19132610,JULY_1_RESIDENT_POPULATION,2010_INTERCENSAL,813410,NAICS2002,ESTABLISHMENTS_PER_1000_RESIDENTS,DIRECT,1,0,CBP_EMPLOYER_813410,CENSUS_CBP_AND_POPULATION_ESTIMATES,INHERITED_RAW_OFFICIAL_ZIP_ARCHIVED_API_MATCH,NONE,0.0012135922330096527,CBP_2005_813410;st-est00int-alldata.csv:POPESTIMATE2005;S6_CBP_DENSITY_20261002_v1
New York,36,2006,0.08505791082800815,1625,19104631,JULY_1_RESIDENT_POPULATION,2010_INTERCENSAL,813410,NAICS2002,ESTABLISHMENTS_PER_1000_RESIDENTS,DIRECT,1,0,CBP_EMPLOYER_813410,CENSUS_CBP_AND_POPULATION_ESTIMATES,INHERITED_RAW_OFFICIAL_ZIP_ARCHIVED_API_MATCH,NONE,-0.015151515151515138,CBP_2006_813410;st-est00int-alldata.csv:POPESTIMATE2006;S6_CBP_DENSITY_20261002_v1
New York,36,2007,0.0821122983681814,1571,19132335,JULY_1_RESIDENT_POPULATION,2010_INTERCENSAL,813410,NAICS2002,ESTABLISHMENTS_PER_1000_RESIDENTS,DIRECT,1,0,CBP_EMPLOYER_813410,CENSUS_CBP_AND_POPULATION_ESTIMATES,INHERITED_RAW_OFFICIAL_ZIP_ARCHIVED_API_MATCH,NONE,-0.033230769230769286,CBP_2007_813410;st-est00int-alldata.csv:POPESTIMATE2007;S6_CBP_DENSITY_20261002_v1
New York,36,2008,0.07947977029045145,1527,19212436,JULY_1_RESIDENT_POPULATION,2010_INTERCENSAL,813410,NAICS2007,ESTABLISHMENTS_PER_1000_RESIDENTS,DIRECT,1,0,CBP_EMPLOYER_813410,CENSUS_CBP_AND_POPULATION_ESTIMATES,INHERITED_RAW_OFFICIAL_ZIP_ARCHIVED_API_MATCH,NAICS_REVISION_CORE_813410_UNCHANGED,-0.02800763844684917,CBP_2008_813410;st-est00int-alldata.csv:POPESTIMATE2008;S6_CBP_DENSITY_20261002_v1
New York,36,2009,0.07857226986223594,1517,19307066,JULY_1_RESIDENT_POPULATION,2010_INTERCENSAL,813410,NAICS2007,ESTABLISHMENTS_PER_1000_RESIDENTS,DIRECT,1,0,CBP_EMPLOYER_813410,CENSUS_CBP_AND_POPULATION_ESTIMATES,INHERITED_RAW_OFFICIAL_ZIP_ARCHIVED_API_MATCH,NONE,-0.006548788474132317,CBP_2009_813410;st-est00int-alldata.csv:POPESTIMATE2009;S6_CBP_DENSITY_20261002_v1
New York,36,2010,0.07618573980270883,1478,19399956,JULY_1_RESIDENT_POPULATION,VINTAGE_2020,813410,NAICS2007,ESTABLISHMENTS_PER_1000_RESIDENTS,DIRECT,1,0,CBP_EMPLOYER_813410,CENSUS_CBP_AND_POPULATION_ESTIMATES,INHERITED_RAW_OFFICIAL_ZIP_ARCHIVED_API_MATCH,POPULATION_BENCHMARK_BOUNDARY,-0.02570863546473301,CBP_2010_813410;nst-est2020-alldata.csv:POPESTIMATE2010;S6_CBP_DENSITY_20261002_v1
New York,36,2011,0.07364132398279973,1436,19499921,JULY_1_RESIDENT_POPULATION,VINTAGE_2020,813410,NAICS2007,ESTABLISHMENTS_PER_1000_RESIDENTS,DIRECT,1,0,CBP_EMPLOYER_813410,CENSUS_CBP_AND_POPULATION_ESTIMATES,INHERITED_RAW_OFFICIAL_ZIP_ARCHIVED_API_MATCH,NONE,-0.02841677943166443,CBP_2011_813410;nst-est2020-alldata.csv:POPESTIMATE2011;S6_CBP_DENSITY_20261002_v1
New York,36,2012,0.07213517354997317,1412,19574362,JULY_1_RESIDENT_POPULATION,VINTAGE_2020,813410,NAICS2012,ESTABLISHMENTS_PER_1000_RESIDENTS,DIRECT,1,0,CBP_EMPLOYER_813410,CENSUS_CBP_AND_POPULATION_ESTIMATES,INHERITED_RAW_OFFICIAL_ZIP_ARCHIVED_API_MATCH,NAICS_REVISION_CORE_813410_UNCHANGED,-0.01671309192200554,CBP_2012_813410;nst-est2020-alldata.csv:POPESTIMATE2012;S6_CBP_DENSITY_20261002_v1
New York,36,2013,0.07128121954371051,1399,19626488,JULY_1_RESIDENT_POPULATION,VINTAGE_2020,813410,NAICS2012,ESTABLISHMENTS_PER_1000_RESIDENTS,DIRECT,1,0,CBP_EMPLOYER_813410,CENSUS_CBP_AND_POPULATION_ESTIMATES,INHERITED_RAW_OFFICIAL_ZIP_ARCHIVED_API_MATCH,NONE,-0.009206798866855492,CBP_2013_813410;nst-est2020-alldata.csv:POPESTIMATE2013;S6_CBP_DENSITY_20261002_v1
New York,36,2014,0.07092909121058812,1394,19653431,JULY_1_RESIDENT_POPULATION,VINTAGE_2020,813410,NAICS2012,ESTABLISHMENTS_PER_1000_RESIDENTS,DIRECT,1,0,CBP_EMPLOYER_813410,CENSUS_CBP_AND_POPULATION_ESTIMATES,INHERITED_RAW_OFFICIAL_ZIP_ARCHIVED_API_MATCH,NONE,-0.0035739814152966343,CBP_2014_813410;nst-est2020-alldata.csv:POPESTIMATE2014;S6_CBP_DENSITY_20261002_v1
New York,36,2015,0.07198335927871352,1415,19657321,JULY_1_RESIDENT_POPULATION,VINTAGE_2020,813410,NAICS2012,ESTABLISHMENTS_PER_1000_RESIDENTS,DIRECT,1,0,CBP_EMPLOYER_813410,CENSUS_CBP_AND_POPULATION_ESTIMATES,INHERITED_RAW_OFFICIAL_ZIP_ARCHIVED_API_MATCH,NONE,0.015064562410330051,CBP_2015_813410;nst-est2020-alldata.csv:POPESTIMATE2015;S6_CBP_DENSITY_20261002_v1
New York,36,2016,0.07297675015739909,1433,19636391,JULY_1_RESIDENT_POPULATION,VINTAGE_2020,813410,NAICS2012,ESTABLISHMENTS_PER_1000_RESIDENTS,DIRECT,1,0,CBP_EMPLOYER_813410,CENSUS_CBP_AND_POPULATION_ESTIMATES,INHERITED_RAW_OFFICIAL_ZIP_ARCHIVED_API_MATCH,NONE,0.01272084805653706,CBP_2016_813410;nst-est2020-alldata.csv:POPESTIMATE2016;S6_CBP_DENSITY_20261002_v1
New York,36,2017,0.07221654101754076,1415,19593849,JULY_1_RESIDENT_POPULATION,VINTAGE_2020,813410,NAICS2017,ESTABLISHMENTS_PER_1000_RESIDENTS,DIRECT,1,0,CBP_EMPLOYER_813410,CENSUS_CBP_AND_POPULATION_ESTIMATES,INHERITED_RAW_OFFICIAL_ZIP_ARCHIVED_API_MATCH,NAICS_REVISION_CORE_813410_UNCHANGED,-0.012561060711793415,CBP_2017_813410;nst-est2020-alldata.csv:POPESTIMATE2017;S6_CBP_DENSITY_20261002_v1
New York,36,2018,0.07234920741801439,1414,19544098,JULY_1_RESIDENT_POPULATION,VINTAGE_2020,813410,NAICS2017,ESTABLISHMENTS_PER_1000_RESIDENTS,DIRECT,1,0,CBP_EMPLOYER_813410,CENSUS_CBP_AND_POPULATION_ESTIMATES,INHERITED_RAW_OFFICIAL_ZIP_ARCHIVED_API_MATCH,NONE,-0.0007067137809186885,CBP_2018_813410;nst-est2020-alldata.csv:POPESTIMATE2018;S6_CBP_DENSITY_20261002_v1
New York,36,2019,0.07352362782740351,1431,19463131,JULY_1_RESIDENT_POPULATION,VINTAGE_2020,813410,NAICS2017,ESTABLISHMENTS_PER_1000_RESIDENTS,DIRECT,1,0,CBP_EMPLOYER_813410,CENSUS_CBP_AND_POPULATION_ESTIMATES,INHERITED_RAW_OFFICIAL_ZIP_ARCHIVED_API_MATCH,NONE,0.012022630834511938,CBP_2019_813410;nst-est2020-alldata.csv:POPESTIMATE2019;S6_CBP_DENSITY_20261002_v1
New York,36,2020,0.0706302155067146,1420,20104710,JULY_1_RESIDENT_POPULATION,VINTAGE_2023,813410,NAICS2017,ESTABLISHMENTS_PER_1000_RESIDENTS,DIRECT,1,0,CBP_EMPLOYER_813410,CENSUS_CBP_AND_POPULATION_ESTIMATES,INHERITED_RAW_OFFICIAL_ZIP_ARCHIVED_API_MATCH,POPULATION_BENCHMARK_BOUNDARY,-0.007686932215234088,CBP_2020_813410;NST-EST2023-ALLDATA.csv:POPESTIMATE2020;S6_CBP_DENSITY_20261002_v1
New York,36,2021,0.06864933466555687,1363,19854526,JULY_1_RESIDENT_POPULATION,VINTAGE_2023,813410,NAICS2017,ESTABLISHMENTS_PER_1000_RESIDENTS,DIRECT,1,0,CBP_EMPLOYER_813410,CENSUS_CBP_AND_POPULATION_ESTIMATES,INHERITED_RAW_OFFICIAL_ZIP_ARCHIVED_API_MATCH,NONE,-0.04014084507042248,CBP_2021_813410;NST-EST2023-ALLDATA.csv:POPESTIMATE2021;S6_CBP_DENSITY_20261002_v1
New York,36,2022,0.07223024215684282,1421,19673200,JULY_1_RESIDENT_POPULATION,VINTAGE_2023,813410,NAICS2017,ESTABLISHMENTS_PER_1000_RESIDENTS,DIRECT,1,0,CBP_EMPLOYER_813410,CENSUS_CBP_AND_POPULATION_ESTIMATES,INHERITED_RAW_OFFICIAL_ZIP_ARCHIVED_API_MATCH,NONE,0.042553191489361764,CBP_2022_813410;NST-EST2023-ALLDATA.csv:POPESTIMATE2022;S6_CBP_DENSITY_20261002_v1
New York,36,2023,0.07286210524680736,1426,19571216,JULY_1_RESIDENT_POPULATION,VINTAGE_2023,813410,NAICS2017,ESTABLISHMENTS_PER_1000_RESIDENTS,DIRECT,1,0,CBP_EMPLOYER_813410,CENSUS_CBP_AND_POPULATION_ESTIMATES,INHERITED_RAW_OFFICIAL_ZIP_ARCHIVED_API_MATCH,NONE,0.0035186488388458947,CBP_2023_813410;NST-EST2023-ALLDATA.csv:POPESTIMATE2023;S6_CBP_DENSITY_20261002_v1
North Carolina,37,2000,0.07399512028166651,598,8081614,JULY_1_RESIDENT_POPULATION,2010_INTERCENSAL,813410,NAICS1997,ESTABLISHMENTS_PER_1000_RESIDENTS,DIRECT,1,0,CBP_EMPLOYER_813410,CENSUS_CBP_AND_POPULATION_ESTIMATES,INHERITED_RAW_OFFICIAL_ZIP_ARCHIVED_API_MATCH,NONE,,CBP_2000_813410;st-est00int-alldata.csv:POPESTIMATE2000;S6_CBP_DENSITY_20261002_v1
North Carolina,37,2001,0.07344592443327883,603,8210122,JULY_1_RESIDENT_POPULATION,2010_INTERCENSAL,813410,NAICS1997,ESTABLISHMENTS_PER_1000_RESIDENTS,DIRECT,1,0,CBP_EMPLOYER_813410,CENSUS_CBP_AND_POPULATION_ESTIMATES,INHERITED_RAW_OFFICIAL_ZIP_ARCHIVED_API_MATCH,NONE,0.008361204013378032,CBP_2001_813410;st-est00int-alldata.csv:POPESTIMATE2001;S6_CBP_DENSITY_20261002_v1
North Carolina,37,2002,0.07242198452811793,603,8326201,JULY_1_RESIDENT_POPULATION,2010_INTERCENSAL,813410,NAICS1997,ESTABLISHMENTS_PER_1000_RESIDENTS,DIRECT,1,0,CBP_EMPLOYER_813410,CENSUS_CBP_AND_POPULATION_ESTIMATES,INHERITED_RAW_OFFICIAL_ZIP_ARCHIVED_API_MATCH,NONE,0.0,CBP_2002_813410;st-est00int-alldata.csv:POPESTIMATE2002;S6_CBP_DENSITY_20261002_v1
North Carolina,37,2003,0.07373106871699986,621,8422501,JULY_1_RESIDENT_POPULATION,2010_INTERCENSAL,813410,NAICS2002,ESTABLISHMENTS_PER_1000_RESIDENTS,DIRECT,1,0,CBP_EMPLOYER_813410,CENSUS_CBP_AND_POPULATION_ESTIMATES,INHERITED_RAW_OFFICIAL_ZIP_ARCHIVED_API_MATCH,CBP_AUXILIARY_TREATMENT_CHANGE;NAICS_REVISION_CORE_813410_UNCHANGED,0.029850746268656803,CBP_2003_813410;st-est00int-alldata.csv:POPESTIMATE2003;S6_CBP_DENSITY_20261002_v1
North Carolina,37,2004,0.07096798934474682,607,8553152,JULY_1_RESIDENT_POPULATION,2010_INTERCENSAL,813410,NAICS2002,ESTABLISHMENTS_PER_1000_RESIDENTS,DIRECT,1,0,CBP_EMPLOYER_813410,CENSUS_CBP_AND_POPULATION_ESTIMATES,INHERITED_RAW_OFFICIAL_ZIP_ARCHIVED_API_MATCH,NONE,-0.02254428341384862,CBP_2004_813410;st-est00int-alldata.csv:POPESTIMATE2004;S6_CBP_DENSITY_20261002_v1
North Carolina,37,2005,0.07271342971098307,633,8705407,JULY_1_RESIDENT_POPULATION,2010_INTERCENSAL,813410,NAICS2002,ESTABLISHMENTS_PER_1000_RESIDENTS,DIRECT,1,0,CBP_EMPLOYER_813410,CENSUS_CBP_AND_POPULATION_ESTIMATES,INHERITED_RAW_OFFICIAL_ZIP_ARCHIVED_API_MATCH,NONE,0.04283360790774293,CBP_2005_813410;st-est00int-alldata.csv:POPESTIMATE2005;S6_CBP_DENSITY_20261002_v1
North Carolina,37,2006,0.0668365990936688,596,8917270,JULY_1_RESIDENT_POPULATION,2010_INTERCENSAL,813410,NAICS2002,ESTABLISHMENTS_PER_1000_RESIDENTS,DIRECT,1,0,CBP_EMPLOYER_813410,CENSUS_CBP_AND_POPULATION_ESTIMATES,INHERITED_RAW_OFFICIAL_ZIP_ARCHIVED_API_MATCH,NONE,-0.05845181674565558,CBP_2006_813410;st-est00int-alldata.csv:POPESTIMATE2006;S6_CBP_DENSITY_20261002_v1
North Carolina,37,2007,0.06130705545502832,559,9118037,JULY_1_RESIDENT_POPULATION,2010_INTERCENSAL,813410,NAICS2002,ESTABLISHMENTS_PER_1000_RESIDENTS,DIRECT,1,0,CBP_EMPLOYER_813410,CENSUS_CBP_AND_POPULATION_ESTIMATES,INHERITED_RAW_OFFICIAL_ZIP_ARCHIVED_API_MATCH,NONE,-0.06208053691275173,CBP_2007_813410;st-est00int-alldata.csv:POPESTIMATE2007;S6_CBP_DENSITY_20261002_v1
North Carolina,37,2008,0.06047618929971044,563,9309449,JULY_1_RESIDENT_POPULATION,2010_INTERCENSAL,813410,NAICS2007,ESTABLISHMENTS_PER_1000_RESIDENTS,DIRECT,1,0,CBP_EMPLOYER_813410,CENSUS_CBP_AND_POPULATION_ESTIMATES,INHERITED_RAW_OFFICIAL_ZIP_ARCHIVED_API_MATCH,NAICS_REVISION_CORE_813410_UNCHANGED,0.007155635062611854,CBP_2008_813410;st-est00int-alldata.csv:POPESTIMATE2008;S6_CBP_DENSITY_20261002_v1
North Carolina,37,2009,0.05852120615909768,553,9449566,JULY_1_RESIDENT_POPULATION,2010_INTERCENSAL,813410,NAICS2007,ESTABLISHMENTS_PER_1000_RESIDENTS,DIRECT,1,0,CBP_EMPLOYER_813410,CENSUS_CBP_AND_POPULATION_ESTIMATES,INHERITED_RAW_OFFICIAL_ZIP_ARCHIVED_API_MATCH,NONE,-0.017761989342806372,CBP_2009_813410;st-est00int-alldata.csv:POPESTIMATE2009;S6_CBP_DENSITY_20261002_v1
North Carolina,37,2010,0.05733929383474126,549,9574586,JULY_1_RESIDENT_POPULATION,VINTAGE_2020,813410,NAICS2007,ESTABLISHMENTS_PER_1000_RESIDENTS,DIRECT,1,0,CBP_EMPLOYER_813410,CENSUS_CBP_AND_POPULATION_ESTIMATES,INHERITED_RAW_OFFICIAL_ZIP_ARCHIVED_API_MATCH,POPULATION_BENCHMARK_BOUNDARY,-0.007233273056057921,CBP_2010_813410;nst-est2020-alldata.csv:POPESTIMATE2010;S6_CBP_DENSITY_20261002_v1
North Carolina,37,2011,0.05518219286166052,533,9658913,JULY_1_RESIDENT_POPULATION,VINTAGE_2020,813410,NAICS2007,ESTABLISHMENTS_PER_1000_RESIDENTS,DIRECT,1,0,CBP_EMPLOYER_813410,CENSUS_CBP_AND_POPULATION_ESTIMATES,INHERITED_RAW_OFFICIAL_ZIP_ARCHIVED_API_MATCH,NONE,-0.02914389799635697,CBP_2011_813410;nst-est2020-alldata.csv:POPESTIMATE2011;S6_CBP_DENSITY_20261002_v1
North Carolina,37,2012,0.052810708986331764,515,9751810,JULY_1_RESIDENT_POPULATION,VINTAGE_2020,813410,NAICS2012,ESTABLISHMENTS_PER_1000_RESIDENTS,DIRECT,1,0,CBP_EMPLOYER_813410,CENSUS_CBP_AND_POPULATION_ESTIMATES,INHERITED_RAW_OFFICIAL_ZIP_ARCHIVED_API_MATCH,NAICS_REVISION_CORE_813410_UNCHANGED,-0.0337711069418386,CBP_2012_813410;nst-est2020-alldata.csv:POPESTIMATE2012;S6_CBP_DENSITY_20261002_v1
North Carolina,37,2013,0.05372348976821412,529,9846717,JULY_1_RESIDENT_POPULATION,VINTAGE_2020,813410,NAICS2012,ESTABLISHMENTS_PER_1000_RESIDENTS,DIRECT,1,0,CBP_EMPLOYER_813410,CENSUS_CBP_AND_POPULATION_ESTIMATES,INHERITED_RAW_OFFICIAL_ZIP_ARCHIVED_API_MATCH,NONE,0.027184466019417375,CBP_2013_813410;nst-est2020-alldata.csv:POPESTIMATE2013;S6_CBP_DENSITY_20261002_v1
North Carolina,37,2014,0.05212686148494132,518,9937295,JULY_1_RESIDENT_POPULATION,VINTAGE_2020,813410,NAICS2012,ESTABLISHMENTS_PER_1000_RESIDENTS,DIRECT,1,0,CBP_EMPLOYER_813410,CENSUS_CBP_AND_POPULATION_ESTIMATES,INHERITED_RAW_OFFICIAL_ZIP_ARCHIVED_API_MATCH,NONE,-0.020793950850661602,CBP_2014_813410;nst-est2020-alldata.csv:POPESTIMATE2014;S6_CBP_DENSITY_20261002_v1
North Carolina,37,2015,0.051309038022288644,515,10037218,JULY_1_RESIDENT_POPULATION,VINTAGE_2020,813410,NAICS2012,ESTABLISHMENTS_PER_1000_RESIDENTS,DIRECT,1,0,CBP_EMPLOYER_813410,CENSUS_CBP_AND_POPULATION_ESTIMATES,INHERITED_RAW_OFFICIAL_ZIP_ARCHIVED_API_MATCH,NONE,-0.00579150579150578,CBP_2015_813410;nst-est2020-alldata.csv:POPESTIMATE2015;S6_CBP_DENSITY_20261002_v1
North Carolina,37,2016,0.05333699672558076,542,10161802,JULY_1_RESIDENT_POPULATION,VINTAGE_2020,813410,NAICS2012,ESTABLISHMENTS_PER_1000_RESIDENTS,DIRECT,1,0,CBP_EMPLOYER_813410,CENSUS_CBP_AND_POPULATION_ESTIMATES,INHERITED_RAW_OFFICIAL_ZIP_ARCHIVED_API_MATCH,NONE,0.05242718446601935,CBP_2016_813410;nst-est2020-alldata.csv:POPESTIMATE2016;S6_CBP_DENSITY_20261002_v1
North Carolina,37,2017,0.05274550062389558,542,10275758,JULY_1_RESIDENT_POPULATION,VINTAGE_2020,813410,NAICS2017,ESTABLISHMENTS_PER_1000_RESIDENTS,DIRECT,1,0,CBP_EMPLOYER_813410,CENSUS_CBP_AND_POPULATION_ESTIMATES,INHERITED_RAW_OFFICIAL_ZIP_ARCHIVED_API_MATCH,NAICS_REVISION_CORE_813410_UNCHANGED,0.0,CBP_2017_813410;nst-est2020-alldata.csv:POPESTIMATE2017;S6_CBP_DENSITY_20261002_v1
North Carolina,37,2018,0.05023405025599157,522,10391358,JULY_1_RESIDENT_POPULATION,VINTAGE_2020,813410,NAICS2017,ESTABLISHMENTS_PER_1000_RESIDENTS,DIRECT,1,0,CBP_EMPLOYER_813410,CENSUS_CBP_AND_POPULATION_ESTIMATES,INHERITED_RAW_OFFICIAL_ZIP_ARCHIVED_API_MATCH,NONE,-0.03690036900369009,CBP_2018_813410;nst-est2020-alldata.csv:POPESTIMATE2018;S6_CBP_DENSITY_20261002_v1
North Carolina,37,2019,0.05075521474121887,533,10501384,JULY_1_RESIDENT_POPULATION,VINTAGE_2020,813410,NAICS2017,ESTABLISHMENTS_PER_1000_RESIDENTS,DIRECT,1,0,CBP_EMPLOYER_813410,CENSUS_CBP_AND_POPULATION_ESTIMATES,INHERITED_RAW_OFFICIAL_ZIP_ARCHIVED_API_MATCH,NONE,0.021072796934865856,CBP_2019_813410;nst-est2020-alldata.csv:POPESTIMATE2019;S6_CBP_DENSITY_20261002_v1
North Carolina,37,2020,0.05108184459410596,534,10453812,JULY_1_RESIDENT_POPULATION,VINTAGE_2023,813410,NAICS2017,ESTABLISHMENTS_PER_1000_RESIDENTS,DIRECT,1,0,CBP_EMPLOYER_813410,CENSUS_CBP_AND_POPULATION_ESTIMATES,INHERITED_RAW_OFFICIAL_ZIP_ARCHIVED_API_MATCH,POPULATION_BENCHMARK_BOUNDARY,0.0018761726078799779,CBP_2020_813410;NST-EST2023-ALLDATA.csv:POPESTIMATE2020;S6_CBP_DENSITY_20261002_v1
North Carolina,37,2021,0.047127404869831836,498,10567100,JULY_1_RESIDENT_POPULATION,VINTAGE_2023,813410,NAICS2017,ESTABLISHMENTS_PER_1000_RESIDENTS,DIRECT,1,0,CBP_EMPLOYER_813410,CENSUS_CBP_AND_POPULATION_ESTIMATES,INHERITED_RAW_OFFICIAL_ZIP_ARCHIVED_API_MATCH,NONE,-0.0674157303370787,CBP_2021_813410;NST-EST2023-ALLDATA.csv:POPESTIMATE2021;S6_CBP_DENSITY_20261002_v1
North Carolina,37,2022,0.04983187585224896,533,10695965,JULY_1_RESIDENT_POPULATION,VINTAGE_2023,813410,NAICS2017,ESTABLISHMENTS_PER_1000_RESIDENTS,DIRECT,1,0,CBP_EMPLOYER_813410,CENSUS_CBP_AND_POPULATION_ESTIMATES,INHERITED_RAW_OFFICIAL_ZIP_ARCHIVED_API_MATCH,NONE,0.07028112449799195,CBP_2022_813410;NST-EST2023-ALLDATA.csv:POPESTIMATE2022;S6_CBP_DENSITY_20261002_v1
North Carolina,37,2023,0.04965164938072488,538,10835491,JULY_1_RESIDENT_POPULATION,VINTAGE_2023,813410,NAICS2017,ESTABLISHMENTS_PER_1000_RESIDENTS,DIRECT,1,0,CBP_EMPLOYER_813410,CENSUS_CBP_AND_POPULATION_ESTIMATES,INHERITED_RAW_OFFICIAL_ZIP_ARCHIVED_API_MATCH,NONE,0.009380863039399667,CBP_2023_813410;NST-EST2023-ALLDATA.csv:POPESTIMATE2023;S6_CBP_DENSITY_20261002_v1
North Dakota,38,2000,0.3426668514990896,220,642023,JULY_1_RESIDENT_POPULATION,2010_INTERCENSAL,813410,NAICS1997,ESTABLISHMENTS_PER_1000_RESIDENTS,DIRECT,1,0,CBP_EMPLOYER_813410,CENSUS_CBP_AND_POPULATION_ESTIMATES,INHERITED_RAW_OFFICIAL_ZIP_ARCHIVED_API_MATCH,NONE,,CBP_2000_813410;st-est00int-alldata.csv:POPESTIMATE2000;S6_CBP_DENSITY_20261002_v1
North Dakota,38,2001,0.34425454807201805,220,639062,JULY_1_RESIDENT_POPULATION,2010_INTERCENSAL,813410,NAICS1997,ESTABLISHMENTS_PER_1000_RESIDENTS,DIRECT,1,0,CBP_EMPLOYER_813410,CENSUS_CBP_AND_POPULATION_ESTIMATES,INHERITED_RAW_OFFICIAL_ZIP_ARCHIVED_API_MATCH,NONE,0.0,CBP_2001_813410;st-est00int-alldata.csv:POPESTIMATE2001;S6_CBP_DENSITY_20261002_v1
North Dakota,38,2002,0.32593298316430785,208,638168,JULY_1_RESIDENT_POPULATION,2010_INTERCENSAL,813410,NAICS1997,ESTABLISHMENTS_PER_1000_RESIDENTS,DIRECT,1,0,CBP_EMPLOYER_813410,CENSUS_CBP_AND_POPULATION_ESTIMATES,INHERITED_RAW_OFFICIAL_ZIP_ARCHIVED_API_MATCH,NONE,-0.054545454545454564,CBP_2002_813410;st-est00int-alldata.csv:POPESTIMATE2002;S6_CBP_DENSITY_20261002_v1
North Dakota,38,2003,0.3459519705956479,221,638817,JULY_1_RESIDENT_POPULATION,2010_INTERCENSAL,813410,NAICS2002,ESTABLISHMENTS_PER_1000_RESIDENTS,DIRECT,1,0,CBP_EMPLOYER_813410,CENSUS_CBP_AND_POPULATION_ESTIMATES,INHERITED_RAW_OFFICIAL_ZIP_ARCHIVED_API_MATCH,CBP_AUXILIARY_TREATMENT_CHANGE;NAICS_REVISION_CORE_813410_UNCHANGED,0.0625,CBP_2003_813410;st-est00int-alldata.csv:POPESTIMATE2003;S6_CBP_DENSITY_20261002_v1
North Dakota,38,2004,0.3489968280066077,225,644705,JULY_1_RESIDENT_POPULATION,2010_INTERCENSAL,813410,NAICS2002,ESTABLISHMENTS_PER_1000_RESIDENTS,DIRECT,1,0,CBP_EMPLOYER_813410,CENSUS_CBP_AND_POPULATION_ESTIMATES,INHERITED_RAW_OFFICIAL_ZIP_ARCHIVED_API_MATCH,NONE,0.018099547511312153,CBP_2004_813410;st-est00int-alldata.csv:POPESTIMATE2004;S6_CBP_DENSITY_20261002_v1
North Dakota,38,2005,0.33741481436767995,218,646089,JULY_1_RESIDENT_POPULATION,2010_INTERCENSAL,813410,NAICS2002,ESTABLISHMENTS_PER_1000_RESIDENTS,DIRECT,1,0,CBP_EMPLOYER_813410,CENSUS_CBP_AND_POPULATION_ESTIMATES,INHERITED_RAW_OFFICIAL_ZIP_ARCHIVED_API_MATCH,NONE,-0.03111111111111109,CBP_2005_813410;st-est00int-alldata.csv:POPESTIMATE2005;S6_CBP_DENSITY_20261002_v1
North Dakota,38,2006,0.3264441303189605,212,649422,JULY_1_RESIDENT_POPULATION,2010_INTERCENSAL,813410,NAICS2002,ESTABLISHMENTS_PER_1000_RESIDENTS,DIRECT,1,0,CBP_EMPLOYER_813410,CENSUS_CBP_AND_POPULATION_ESTIMATES,INHERITED_RAW_OFFICIAL_ZIP_ARCHIVED_API_MATCH,NONE,-0.02752293577981646,CBP_2006_813410;st-est00int-alldata.csv:POPESTIMATE2006;S6_CBP_DENSITY_20261002_v1
North Dakota,38,2007,0.31555309104166224,206,652822,JULY_1_RESIDENT_POPULATION,2010_INTERCENSAL,813410,NAICS2002,ESTABLISHMENTS_PER_1000_RESIDENTS,DIRECT,1,0,CBP_EMPLOYER_813410,CENSUS_CBP_AND_POPULATION_ESTIMATES,INHERITED_RAW_OFFICIAL_ZIP_ARCHIVED_API_MATCH,NONE,-0.028301886792452824,CBP_2007_813410;st-est00int-alldata.csv:POPESTIMATE2007;S6_CBP_DENSITY_20261002_v1
North Dakota,38,2008,0.3071920969510424,202,657569,JULY_1_RESIDENT_POPULATION,2010_INTERCENSAL,813410,NAICS2007,ESTABLISHMENTS_PER_1000_RESIDENTS,DIRECT,1,0,CBP_EMPLOYER_813410,CENSUS_CBP_AND_POPULATION_ESTIMATES,INHERITED_RAW_OFFICIAL_ZIP_ARCHIVED_API_MATCH,NAICS_REVISION_CORE_813410_UNCHANGED,-0.01941747572815533,CBP_2008_813410;st-est00int-alldata.csv:POPESTIMATE2008;S6_CBP_DENSITY_20261002_v1
North Dakota,38,2009,0.30377401619326044,202,664968,JULY_1_RESIDENT_POPULATION,2010_INTERCENSAL,813410,NAICS2007,ESTABLISHMENTS_PER_1000_RESIDENTS,DIRECT,1,0,CBP_EMPLOYER_813410,CENSUS_CBP_AND_POPULATION_ESTIMATES,INHERITED_RAW_OFFICIAL_ZIP_ARCHIVED_API_MATCH,NONE,0.0,CBP_2009_813410;st-est00int-alldata.csv:POPESTIMATE2009;S6_CBP_DENSITY_20261002_v1
North Dakota,38,2010,0.29640519776154794,200,674752,JULY_1_RESIDENT_POPULATION,VINTAGE_2020,813410,NAICS2007,ESTABLISHMENTS_PER_1000_RESIDENTS,DIRECT,1,0,CBP_EMPLOYER_813410,CENSUS_CBP_AND_POPULATION_ESTIMATES,INHERITED_RAW_OFFICIAL_ZIP_ARCHIVED_API_MATCH,POPULATION_BENCHMARK_BOUNDARY,-0.00990099009900991,CBP_2010_813410;nst-est2020-alldata.csv:POPESTIMATE2010;S6_CBP_DENSITY_20261002_v1
North Dakota,38,2011,0.27861817057266974,191,685526,JULY_1_RESIDENT_POPULATION,VINTAGE_2020,813410,NAICS2007,ESTABLISHMENTS_PER_1000_RESIDENTS,DIRECT,1,0,CBP_EMPLOYER_813410,CENSUS_CBP_AND_POPULATION_ESTIMATES,INHERITED_RAW_OFFICIAL_ZIP_ARCHIVED_API_MATCH,NONE,-0.04500000000000004,CBP_2011_813410;nst-est2020-alldata.csv:POPESTIMATE2011;S6_CBP_DENSITY_20261002_v1
North Dakota,38,2012,0.2534792880364896,178,702227,JULY_1_RESIDENT_POPULATION,VINTAGE_2020,813410,NAICS2012,ESTABLISHMENTS_PER_1000_RESIDENTS,DIRECT,1,0,CBP_EMPLOYER_813410,CENSUS_CBP_AND_POPULATION_ESTIMATES,INHERITED_RAW_OFFICIAL_ZIP_ARCHIVED_API_MATCH,NAICS_REVISION_CORE_813410_UNCHANGED,-0.0680628272251309,CBP_2012_813410;nst-est2020-alldata.csv:POPESTIMATE2012;S6_CBP_DENSITY_20261002_v1
North Dakota,38,2013,0.24337999499411603,176,723149,JULY_1_RESIDENT_POPULATION,VINTAGE_2020,813410,NAICS2012,ESTABLISHMENTS_PER_1000_RESIDENTS,DIRECT,1,0,CBP_EMPLOYER_813410,CENSUS_CBP_AND_POPULATION_ESTIMATES,INHERITED_RAW_OFFICIAL_ZIP_ARCHIVED_API_MATCH,NONE,-0.011235955056179803,CBP_2013_813410;nst-est2020-alldata.csv:POPESTIMATE2013;S6_CBP_DENSITY_20261002_v1
North Dakota,38,2014,0.23147646791275908,171,738736,JULY_1_RESIDENT_POPULATION,VINTAGE_2020,813410,NAICS2012,ESTABLISHMENTS_PER_1000_RESIDENTS,DIRECT,1,0,CBP_EMPLOYER_813410,CENSUS_CBP_AND_POPULATION_ESTIMATES,INHERITED_RAW_OFFICIAL_ZIP_ARCHIVED_API_MATCH,NONE,-0.02840909090909094,CBP_2014_813410;nst-est2020-alldata.csv:POPESTIMATE2014;S6_CBP_DENSITY_20261002_v1
North Dakota,38,2015,0.2223584020372265,168,755537,JULY_1_RESIDENT_POPULATION,VINTAGE_2020,813410,NAICS2012,ESTABLISHMENTS_PER_1000_RESIDENTS,DIRECT,1,0,CBP_EMPLOYER_813410,CENSUS_CBP_AND_POPULATION_ESTIMATES,INHERITED_RAW_OFFICIAL_ZIP_ARCHIVED_API_MATCH,NONE,-0.01754385964912286,CBP_2015_813410;nst-est2020-alldata.csv:POPESTIMATE2015;S6_CBP_DENSITY_20261002_v1
North Dakota,38,2016,0.2301240289162745,174,756114,JULY_1_RESIDENT_POPULATION,VINTAGE_2020,813410,NAICS2012,ESTABLISHMENTS_PER_1000_RESIDENTS,DIRECT,1,0,CBP_EMPLOYER_813410,CENSUS_CBP_AND_POPULATION_ESTIMATES,INHERITED_RAW_OFFICIAL_ZIP_ARCHIVED_API_MATCH,NONE,0.03571428571428581,CBP_2016_813410;nst-est2020-alldata.csv:POPESTIMATE2016;S6_CBP_DENSITY_20261002_v1
North Dakota,38,2017,0.2365362633877543,179,756755,JULY_1_RESIDENT_POPULATION,VINTAGE_2020,813410,NAICS2017,ESTABLISHMENTS_PER_1000_RESIDENTS,DIRECT,1,0,CBP_EMPLOYER_813410,CENSUS_CBP_AND_POPULATION_ESTIMATES,INHERITED_RAW_OFFICIAL_ZIP_ARCHIVED_API_MATCH,NAICS_REVISION_CORE_813410_UNCHANGED,0.028735632183908066,CBP_2017_813410;nst-est2020-alldata.csv:POPESTIMATE2017;S6_CBP_DENSITY_20261002_v1
North Dakota,38,2018,0.22366596409240297,170,760062,JULY_1_RESIDENT_POPULATION,VINTAGE_2020,813410,NAICS2017,ESTABLISHMENTS_PER_1000_RESIDENTS,DIRECT,1,0,CBP_EMPLOYER_813410,CENSUS_CBP_AND_POPULATION_ESTIMATES,INHERITED_RAW_OFFICIAL_ZIP_ARCHIVED_API_MATCH,NONE,-0.05027932960893855,CBP_2018_813410;nst-est2020-alldata.csv:POPESTIMATE2018;S6_CBP_DENSITY_20261002_v1
North Dakota,38,2019,0.21342788756147507,163,763724,JULY_1_RESIDENT_POPULATION,VINTAGE_2020,813410,NAICS2017,ESTABLISHMENTS_PER_1000_RESIDENTS,DIRECT,1,0,CBP_EMPLOYER_813410,CENSUS_CBP_AND_POPULATION_ESTIMATES,INHERITED_RAW_OFFICIAL_ZIP_ARCHIVED_API_MATCH,NONE,-0.04117647058823526,CBP_2019_813410;nst-est2020-alldata.csv:POPESTIMATE2019;S6_CBP_DENSITY_20261002_v1
North Dakota,38,2020,0.20267765401898244,158,779563,JULY_1_RESIDENT_POPULATION,VINTAGE_2023,813410,NAICS2017,ESTABLISHMENTS_PER_1000_RESIDENTS,DIRECT,1,0,CBP_EMPLOYER_813410,CENSUS_CBP_AND_POPULATION_ESTIMATES,INHERITED_RAW_OFFICIAL_ZIP_ARCHIVED_API_MATCH,POPULATION_BENCHMARK_BOUNDARY,-0.030674846625766916,CBP_2020_813410;NST-EST2023-ALLDATA.csv:POPESTIMATE2020;S6_CBP_DENSITY_20261002_v1
North Dakota,38,2021,0.20051877806941548,156,777982,JULY_1_RESIDENT_POPULATION,VINTAGE_2023,813410,NAICS2017,ESTABLISHMENTS_PER_1000_RESIDENTS,DIRECT,1,0,CBP_EMPLOYER_813410,CENSUS_CBP_AND_POPULATION_ESTIMATES,INHERITED_RAW_OFFICIAL_ZIP_ARCHIVED_API_MATCH,NONE,-0.012658227848101222,CBP_2021_813410;NST-EST2023-ALLDATA.csv:POPESTIMATE2021;S6_CBP_DENSITY_20261002_v1
North Dakota,38,2022,0.1938601536502198,151,778912,JULY_1_RESIDENT_POPULATION,VINTAGE_2023,813410,NAICS2017,ESTABLISHMENTS_PER_1000_RESIDENTS,DIRECT,1,0,CBP_EMPLOYER_813410,CENSUS_CBP_AND_POPULATION_ESTIMATES,INHERITED_RAW_OFFICIAL_ZIP_ARCHIVED_API_MATCH,NONE,-0.03205128205128205,CBP_2022_813410;NST-EST2023-ALLDATA.csv:POPESTIMATE2022;S6_CBP_DENSITY_20261002_v1
North Dakota,38,2023,0.190068960590668,149,783926,JULY_1_RESIDENT_POPULATION,VINTAGE_2023,813410,NAICS2017,ESTABLISHMENTS_PER_1000_RESIDENTS,DIRECT,1,0,CBP_EMPLOYER_813410,CENSUS_CBP_AND_POPULATION_ESTIMATES,INHERITED_RAW_OFFICIAL_ZIP_ARCHIVED_API_MATCH,NONE,-0.013245033112582738,CBP_2023_813410;NST-EST2023-ALLDATA.csv:POPESTIMATE2023;S6_CBP_DENSITY_20261002_v1
Ohio,39,2000,0.16227333323770587,1844,11363543,JULY_1_RESIDENT_POPULATION,2010_INTERCENSAL,813410,NAICS1997,ESTABLISHMENTS_PER_1000_RESIDENTS,DIRECT,1,0,CBP_EMPLOYER_813410,CENSUS_CBP_AND_POPULATION_ESTIMATES,INHERITED_RAW_OFFICIAL_ZIP_ARCHIVED_API_MATCH,NONE,,CBP_2000_813410;st-est00int-alldata.csv:POPESTIMATE2000;S6_CBP_DENSITY_20261002_v1
Ohio,39,2001,0.16246020603115513,1850,11387404,JULY_1_RESIDENT_POPULATION,2010_INTERCENSAL,813410,NAICS1997,ESTABLISHMENTS_PER_1000_RESIDENTS,DIRECT,1,0,CBP_EMPLOYER_813410,CENSUS_CBP_AND_POPULATION_ESTIMATES,INHERITED_RAW_OFFICIAL_ZIP_ARCHIVED_API_MATCH,NONE,0.0032537960954446277,CBP_2001_813410;st-est00int-alldata.csv:POPESTIMATE2001;S6_CBP_DENSITY_20261002_v1
Ohio,39,2002,0.16023998830984418,1828,11407889,JULY_1_RESIDENT_POPULATION,2010_INTERCENSAL,813410,NAICS1997,ESTABLISHMENTS_PER_1000_RESIDENTS,DIRECT,1,0,CBP_EMPLOYER_813410,CENSUS_CBP_AND_POPULATION_ESTIMATES,INHERITED_RAW_OFFICIAL_ZIP_ARCHIVED_API_MATCH,NONE,-0.011891891891891881,CBP_2002_813410;st-est00int-alldata.csv:POPESTIMATE2002;S6_CBP_DENSITY_20261002_v1
Ohio,39,2003,0.1616120911030445,1848,11434788,JULY_1_RESIDENT_POPULATION,2010_INTERCENSAL,813410,NAICS2002,ESTABLISHMENTS_PER_1000_RESIDENTS,DIRECT,1,0,CBP_EMPLOYER_813410,CENSUS_CBP_AND_POPULATION_ESTIMATES,INHERITED_RAW_OFFICIAL_ZIP_ARCHIVED_API_MATCH,CBP_AUXILIARY_TREATMENT_CHANGE;NAICS_REVISION_CORE_813410_UNCHANGED,0.010940919037199182,CBP_2003_813410;st-est00int-alldata.csv:POPESTIMATE2003;S6_CBP_DENSITY_20261002_v1
Ohio,39,2004,0.1604051465515382,1837,11452251,JULY_1_RESIDENT_POPULATION,2010_INTERCENSAL,813410,NAICS2002,ESTABLISHMENTS_PER_1000_RESIDENTS,DIRECT,1,0,CBP_EMPLOYER_813410,CENSUS_CBP_AND_POPULATION_ESTIMATES,INHERITED_RAW_OFFICIAL_ZIP_ARCHIVED_API_MATCH,NONE,-0.005952380952380931,CBP_2004_813410;st-est00int-alldata.csv:POPESTIMATE2004;S6_CBP_DENSITY_20261002_v1
Ohio,39,2005,0.16068643290076523,1842,11463320,JULY_1_RESIDENT_POPULATION,2010_INTERCENSAL,813410,NAICS2002,ESTABLISHMENTS_PER_1000_RESIDENTS,DIRECT,1,0,CBP_EMPLOYER_813410,CENSUS_CBP_AND_POPULATION_ESTIMATES,INHERITED_RAW_OFFICIAL_ZIP_ARCHIVED_API_MATCH,NONE,0.0027218290691344293,CBP_2005_813410;st-est00int-alldata.csv:POPESTIMATE2005;S6_CBP_DENSITY_20261002_v1
Ohio,39,2006,0.15442619172730268,1773,11481213,JULY_1_RESIDENT_POPULATION,2010_INTERCENSAL,813410,NAICS2002,ESTABLISHMENTS_PER_1000_RESIDENTS,DIRECT,1,0,CBP_EMPLOYER_813410,CENSUS_CBP_AND_POPULATION_ESTIMATES,INHERITED_RAW_OFFICIAL_ZIP_ARCHIVED_API_MATCH,NONE,-0.037459283387622166,CBP_2006_813410;st-est00int-alldata.csv:POPESTIMATE2006;S6_CBP_DENSITY_20261002_v1
Ohio,39,2007,0.15173295556319968,1745,11500468,JULY_1_RESIDENT_POPULATION,2010_INTERCENSAL,813410,NAICS2002,ESTABLISHMENTS_PER_1000_RESIDENTS,DIRECT,1,0,CBP_EMPLOYER_813410,CENSUS_CBP_AND_POPULATION_ESTIMATES,INHERITED_RAW_OFFICIAL_ZIP_ARCHIVED_API_MATCH,NONE,-0.015792442188381273,CBP_2007_813410;st-est00int-alldata.csv:POPESTIMATE2007;S6_CBP_DENSITY_20261002_v1
Ohio,39,2008,0.1442417369935593,1661,11515391,JULY_1_RESIDENT_POPULATION,2010_INTERCENSAL,813410,NAICS2007,ESTABLISHMENTS_PER_1000_RESIDENTS,DIRECT,1,0,CBP_EMPLOYER_813410,CENSUS_CBP_AND_POPULATION_ESTIMATES,INHERITED_RAW_OFFICIAL_ZIP_ARCHIVED_API_MATCH,NAICS_REVISION_CORE_813410_UNCHANGED,-0.04813753581661895,CBP_2008_813410;st-est00int-alldata.csv:POPESTIMATE2008;S6_CBP_DENSITY_20261002_v1
Ohio,39,2009,0.14181756865531617,1635,11528896,JULY_1_RESIDENT_POPULATION,2010_INTERCENSAL,813410,NAICS2007,ESTABLISHMENTS_PER_1000_RESIDENTS,DIRECT,1,0,CBP_EMPLOYER_813410,CENSUS_CBP_AND_POPULATION_ESTIMATES,INHERITED_RAW_OFFICIAL_ZIP_ARCHIVED_API_MATCH,NONE,-0.015653220951234226,CBP_2009_813410;st-est00int-alldata.csv:POPESTIMATE2009;S6_CBP_DENSITY_20261002_v1
Ohio,39,2010,0.13960805234288048,1611,11539449,JULY_1_RESIDENT_POPULATION,VINTAGE_2020,813410,NAICS2007,ESTABLISHMENTS_PER_1000_RESIDENTS,DIRECT,1,0,CBP_EMPLOYER_813410,CENSUS_CBP_AND_POPULATION_ESTIMATES,INHERITED_RAW_OFFICIAL_ZIP_ARCHIVED_API_MATCH,POPULATION_BENCHMARK_BOUNDARY,-0.014678899082568808,CBP_2010_813410;nst-est2020-alldata.csv:POPESTIMATE2010;S6_CBP_DENSITY_20261002_v1
Ohio,39,2011,0.13476837983896217,1556,11545735,JULY_1_RESIDENT_POPULATION,VINTAGE_2020,813410,NAICS2007,ESTABLISHMENTS_PER_1000_RESIDENTS,DIRECT,1,0,CBP_EMPLOYER_813410,CENSUS_CBP_AND_POPULATION_ESTIMATES,INHERITED_RAW_OFFICIAL_ZIP_ARCHIVED_API_MATCH,NONE,-0.0341402855369336,CBP_2011_813410;nst-est2020-alldata.csv:POPESTIMATE2011;S6_CBP_DENSITY_20261002_v1
Ohio,39,2012,0.13063836797789552,1509,11550971,JULY_1_RESIDENT_POPULATION,VINTAGE_2020,813410,NAICS2012,ESTABLISHMENTS_PER_1000_RESIDENTS,DIRECT,1,0,CBP_EMPLOYER_813410,CENSUS_CBP_AND_POPULATION_ESTIMATES,INHERITED_RAW_OFFICIAL_ZIP_ARCHIVED_API_MATCH,NAICS_REVISION_CORE_813410_UNCHANGED,-0.03020565552699228,CBP_2012_813410;nst-est2020-alldata.csv:POPESTIMATE2012;S6_CBP_DENSITY_20261002_v1
Ohio,39,2013,0.12970984029627042,1502,11579692,JULY_1_RESIDENT_POPULATION,VINTAGE_2020,813410,NAICS2012,ESTABLISHMENTS_PER_1000_RESIDENTS,DIRECT,1,0,CBP_EMPLOYER_813410,CENSUS_CBP_AND_POPULATION_ESTIMATES,INHERITED_RAW_OFFICIAL_ZIP_ARCHIVED_API_MATCH,NONE,-0.004638833664678543,CBP_2013_813410;nst-est2020-alldata.csv:POPESTIMATE2013;S6_CBP_DENSITY_20261002_v1
Ohio,39,2014,0.12691084612141756,1473,11606573,JULY_1_RESIDENT_POPULATION,VINTAGE_2020,813410,NAICS2012,ESTABLISHMENTS_PER_1000_RESIDENTS,DIRECT,1,0,CBP_EMPLOYER_813410,CENSUS_CBP_AND_POPULATION_ESTIMATES,INHERITED_RAW_OFFICIAL_ZIP_ARCHIVED_API_MATCH,NONE,-0.019307589880159792,CBP_2014_813410;nst-est2020-alldata.csv:POPESTIMATE2014;S6_CBP_DENSITY_20261002_v1
Ohio,39,2015,0.12751332243189073,1482,11622315,JULY_1_RESIDENT_POPULATION,VINTAGE_2020,813410,NAICS2012,ESTABLISHMENTS_PER_1000_RESIDENTS,DIRECT,1,0,CBP_EMPLOYER_813410,CENSUS_CBP_AND_POPULATION_ESTIMATES,INHERITED_RAW_OFFICIAL_ZIP_ARCHIVED_API_MATCH,NONE,0.006109979633401208,CBP_2015_813410;nst-est2020-alldata.csv:POPESTIMATE2015;S6_CBP_DENSITY_20261002_v1
Ohio,39,2016,0.12766257218605404,1486,11640060,JULY_1_RESIDENT_POPULATION,VINTAGE_2020,813410,NAICS2012,ESTABLISHMENTS_PER_1000_RESIDENTS,DIRECT,1,0,CBP_EMPLOYER_813410,CENSUS_CBP_AND_POPULATION_ESTIMATES,INHERITED_RAW_OFFICIAL_ZIP_ARCHIVED_API_MATCH,NONE,0.0026990553306343035,CBP_2016_813410;nst-est2020-alldata.csv:POPESTIMATE2016;S6_CBP_DENSITY_20261002_v1
Ohio,39,2017,0.12352445707100795,1441,11665706,JULY_1_RESIDENT_POPULATION,VINTAGE_2020,813410,NAICS2017,ESTABLISHMENTS_PER_1000_RESIDENTS,DIRECT,1,0,CBP_EMPLOYER_813410,CENSUS_CBP_AND_POPULATION_ESTIMATES,INHERITED_RAW_OFFICIAL_ZIP_ARCHIVED_API_MATCH,NAICS_REVISION_CORE_813410_UNCHANGED,-0.030282637954239577,CBP_2017_813410;nst-est2020-alldata.csv:POPESTIMATE2017;S6_CBP_DENSITY_20261002_v1
Ohio,39,2018,0.12293581688795684,1436,11680892,JULY_1_RESIDENT_POPULATION,VINTAGE_2020,813410,NAICS2017,ESTABLISHMENTS_PER_1000_RESIDENTS,DIRECT,1,0,CBP_EMPLOYER_813410,CENSUS_CBP_AND_POPULATION_ESTIMATES,INHERITED_RAW_OFFICIAL_ZIP_ARCHIVED_API_MATCH,NONE,-0.003469812630117919,CBP_2018_813410;nst-est2020-alldata.csv:POPESTIMATE2018;S6_CBP_DENSITY_20261002_v1
Ohio,39,2019,0.12260070463771791,1434,11696507,JULY_1_RESIDENT_POPULATION,VINTAGE_2020,813410,NAICS2017,ESTABLISHMENTS_PER_1000_RESIDENTS,DIRECT,1,0,CBP_EMPLOYER_813410,CENSUS_CBP_AND_POPULATION_ESTIMATES,INHERITED_RAW_OFFICIAL_ZIP_ARCHIVED_API_MATCH,NONE,-0.0013927576601671099,CBP_2019_813410;nst-est2020-alldata.csv:POPESTIMATE2019;S6_CBP_DENSITY_20261002_v1
Ohio,39,2020,0.1191697916952725,1406,11798292,JULY_1_RESIDENT_POPULATION,VINTAGE_2023,813410,NAICS2017,ESTABLISHMENTS_PER_1000_RESIDENTS,DIRECT,1,0,CBP_EMPLOYER_813410,CENSUS_CBP_AND_POPULATION_ESTIMATES,INHERITED_RAW_OFFICIAL_ZIP_ARCHIVED_API_MATCH,POPULATION_BENCHMARK_BOUNDARY,-0.019525801952580246,CBP_2020_813410;NST-EST2023-ALLDATA.csv:POPESTIMATE2020;S6_CBP_DENSITY_20261002_v1
Ohio,39,2021,0.11737980066172969,1381,11765227,JULY_1_RESIDENT_POPULATION,VINTAGE_2023,813410,NAICS2017,ESTABLISHMENTS_PER_1000_RESIDENTS,DIRECT,1,0,CBP_EMPLOYER_813410,CENSUS_CBP_AND_POPULATION_ESTIMATES,INHERITED_RAW_OFFICIAL_ZIP_ARCHIVED_API_MATCH,NONE,-0.01778093883357046,CBP_2021_813410;NST-EST2023-ALLDATA.csv:POPESTIMATE2021;S6_CBP_DENSITY_20261002_v1
Ohio,39,2022,0.11683974510567748,1374,11759697,JULY_1_RESIDENT_POPULATION,VINTAGE_2023,813410,NAICS2017,ESTABLISHMENTS_PER_1000_RESIDENTS,DIRECT,1,0,CBP_EMPLOYER_813410,CENSUS_CBP_AND_POPULATION_ESTIMATES,INHERITED_RAW_OFFICIAL_ZIP_ARCHIVED_API_MATCH,NONE,-0.005068790731354134,CBP_2022_813410;NST-EST2023-ALLDATA.csv:POPESTIMATE2022;S6_CBP_DENSITY_20261002_v1
Ohio,39,2023,0.11488269704524927,1354,11785935,JULY_1_RESIDENT_POPULATION,VINTAGE_2023,813410,NAICS2017,ESTABLISHMENTS_PER_1000_RESIDENTS,DIRECT,1,0,CBP_EMPLOYER_813410,CENSUS_CBP_AND_POPULATION_ESTIMATES,INHERITED_RAW_OFFICIAL_ZIP_ARCHIVED_API_MATCH,NONE,-0.01455604075691408,CBP_2023_813410;NST-EST2023-ALLDATA.csv:POPESTIMATE2023;S6_CBP_DENSITY_20261002_v1
Oklahoma,40,2000,0.10190005977943847,352,3454365,JULY_1_RESIDENT_POPULATION,2010_INTERCENSAL,813410,NAICS1997,ESTABLISHMENTS_PER_1000_RESIDENTS,DIRECT,1,0,CBP_EMPLOYER_813410,CENSUS_CBP_AND_POPULATION_ESTIMATES,INHERITED_RAW_OFFICIAL_ZIP_ARCHIVED_API_MATCH,NONE,,CBP_2000_813410;st-est00int-alldata.csv:POPESTIMATE2000;S6_CBP_DENSITY_20261002_v1
Oklahoma,40,2001,0.10412160018459231,361,3467100,JULY_1_RESIDENT_POPULATION,2010_INTERCENSAL,813410,NAICS1997,ESTABLISHMENTS_PER_1000_RESIDENTS,DIRECT,1,0,CBP_EMPLOYER_813410,CENSUS_CBP_AND_POPULATION_ESTIMATES,INHERITED_RAW_OFFICIAL_ZIP_ARCHIVED_API_MATCH,NONE,0.02556818181818188,CBP_2001_813410;st-est00int-alldata.csv:POPESTIMATE2001;S6_CBP_DENSITY_20261002_v1
Oklahoma,40,2002,0.09773349994841046,341,3489080,JULY_1_RESIDENT_POPULATION,2010_INTERCENSAL,813410,NAICS1997,ESTABLISHMENTS_PER_1000_RESIDENTS,DIRECT,1,0,CBP_EMPLOYER_813410,CENSUS_CBP_AND_POPULATION_ESTIMATES,INHERITED_RAW_OFFICIAL_ZIP_ARCHIVED_API_MATCH,NONE,-0.05540166204986152,CBP_2002_813410;st-est00int-alldata.csv:POPESTIMATE2002;S6_CBP_DENSITY_20261002_v1
Oklahoma,40,2003,0.09415411373588688,330,3504892,JULY_1_RESIDENT_POPULATION,2010_INTERCENSAL,813410,NAICS2002,ESTABLISHMENTS_PER_1000_RESIDENTS,DIRECT,1,0,CBP_EMPLOYER_813410,CENSUS_CBP_AND_POPULATION_ESTIMATES,INHERITED_RAW_OFFICIAL_ZIP_ARCHIVED_API_MATCH,CBP_AUXILIARY_TREATMENT_CHANGE;NAICS_REVISION_CORE_813410_UNCHANGED,-0.032258064516129004,CBP_2003_813410;st-est00int-alldata.csv:POPESTIMATE2003;S6_CBP_DENSITY_20261002_v1
Oklahoma,40,2004,0.088788457387072,313,3525233,JULY_1_RESIDENT_POPULATION,2010_INTERCENSAL,813410,NAICS2002,ESTABLISHMENTS_PER_1000_RESIDENTS,DIRECT,1,0,CBP_EMPLOYER_813410,CENSUS_CBP_AND_POPULATION_ESTIMATES,INHERITED_RAW_OFFICIAL_ZIP_ARCHIVED_API_MATCH,NONE,-0.051515151515151514,CBP_2004_813410;st-est00int-alldata.csv:POPESTIMATE2004;S6_CBP_DENSITY_20261002_v1
Oklahoma,40,2005,0.08989468232092852,319,3548597,JULY_1_RESIDENT_POPULATION,2010_INTERCENSAL,813410,NAICS2002,ESTABLISHMENTS_PER_1000_RESIDENTS,DIRECT,1,0,CBP_EMPLOYER_813410,CENSUS_CBP_AND_POPULATION_ESTIMATES,INHERITED_RAW_OFFICIAL_ZIP_ARCHIVED_API_MATCH,NONE,0.019169329073482455,CBP_2005_813410;st-est00int-alldata.csv:POPESTIMATE2005;S6_CBP_DENSITY_20261002_v1
Oklahoma,40,2006,0.08486153657810461,305,3594090,JULY_1_RESIDENT_POPULATION,2010_INTERCENSAL,813410,NAICS2002,ESTABLISHMENTS_PER_1000_RESIDENTS,DIRECT,1,0,CBP_EMPLOYER_813410,CENSUS_CBP_AND_POPULATION_ESTIMATES,INHERITED_RAW_OFFICIAL_ZIP_ARCHIVED_API_MATCH,NONE,-0.043887147335423204,CBP_2006_813410;st-est00int-alldata.csv:POPESTIMATE2006;S6_CBP_DENSITY_20261002_v1
Oklahoma,40,2007,0.08199542751672996,298,3634349,JULY_1_RESIDENT_POPULATION,2010_INTERCENSAL,813410,NAICS2002,ESTABLISHMENTS_PER_1000_RESIDENTS,DIRECT,1,0,CBP_EMPLOYER_813410,CENSUS_CBP_AND_POPULATION_ESTIMATES,INHERITED_RAW_OFFICIAL_ZIP_ARCHIVED_API_MATCH,NONE,-0.022950819672131195,CBP_2007_813410;st-est00int-alldata.csv:POPESTIMATE2007;S6_CBP_DENSITY_20261002_v1
Oklahoma,40,2008,0.079858794388407,293,3668976,JULY_1_RESIDENT_POPULATION,2010_INTERCENSAL,813410,NAICS2007,ESTABLISHMENTS_PER_1000_RESIDENTS,DIRECT,1,0,CBP_EMPLOYER_813410,CENSUS_CBP_AND_POPULATION_ESTIMATES,INHERITED_RAW_OFFICIAL_ZIP_ARCHIVED_API_MATCH,NAICS_REVISION_CORE_813410_UNCHANGED,-0.016778523489932917,CBP_2008_813410;st-est00int-alldata.csv:POPESTIMATE2008;S6_CBP_DENSITY_20261002_v1
Oklahoma,40,2009,0.07558696912931344,281,3717572,JULY_1_RESIDENT_POPULATION,2010_INTERCENSAL,813410,NAICS2007,ESTABLISHMENTS_PER_1000_RESIDENTS,DIRECT,1,0,CBP_EMPLOYER_813410,CENSUS_CBP_AND_POPULATION_ESTIMATES,INHERITED_RAW_OFFICIAL_ZIP_ARCHIVED_API_MATCH,NONE,-0.04095563139931746,CBP_2009_813410;st-est00int-alldata.csv:POPESTIMATE2009;S6_CBP_DENSITY_20261002_v1
Oklahoma,40,2010,0.07366993846299509,277,3760014,JULY_1_RESIDENT_POPULATION,VINTAGE_2020,813410,NAICS2007,ESTABLISHMENTS_PER_1000_RESIDENTS,DIRECT,1,0,CBP_EMPLOYER_813410,CENSUS_CBP_AND_POPULATION_ESTIMATES,INHERITED_RAW_OFFICIAL_ZIP_ARCHIVED_API_MATCH,POPULATION_BENCHMARK_BOUNDARY,-0.014234875444839812,CBP_2010_813410;nst-est2020-alldata.csv:POPESTIMATE2010;S6_CBP_DENSITY_20261002_v1
Oklahoma,40,2011,0.07073434923342968,268,3788824,JULY_1_RESIDENT_POPULATION,VINTAGE_2020,813410,NAICS2007,ESTABLISHMENTS_PER_1000_RESIDENTS,DIRECT,1,0,CBP_EMPLOYER_813410,CENSUS_CBP_AND_POPULATION_ESTIMATES,INHERITED_RAW_OFFICIAL_ZIP_ARCHIVED_API_MATCH,NONE,-0.032490974729241895,CBP_2011_813410;nst-est2020-alldata.csv:POPESTIMATE2011;S6_CBP_DENSITY_20261002_v1
Oklahoma,40,2012,0.07069321240430233,270,3819320,JULY_1_RESIDENT_POPULATION,VINTAGE_2020,813410,NAICS2012,ESTABLISHMENTS_PER_1000_RESIDENTS,DIRECT,1,0,CBP_EMPLOYER_813410,CENSUS_CBP_AND_POPULATION_ESTIMATES,INHERITED_RAW_OFFICIAL_ZIP_ARCHIVED_API_MATCH,NAICS_REVISION_CORE_813410_UNCHANGED,0.00746268656716409,CBP_2012_813410;nst-est2020-alldata.csv:POPESTIMATE2012;S6_CBP_DENSITY_20261002_v1
Oklahoma,40,2013,0.06642637272304795,256,3853891,JULY_1_RESIDENT_POPULATION,VINTAGE_2020,813410,NAICS2012,ESTABLISHMENTS_PER_1000_RESIDENTS,DIRECT,1,0,CBP_EMPLOYER_813410,CENSUS_CBP_AND_POPULATION_ESTIMATES,INHERITED_RAW_OFFICIAL_ZIP_ARCHIVED_API_MATCH,NONE,-0.051851851851851816,CBP_2013_813410;nst-est2020-alldata.csv:POPESTIMATE2013;S6_CBP_DENSITY_20261002_v1
Oklahoma,40,2014,0.06393092160805859,248,3879187,JULY_1_RESIDENT_POPULATION,VINTAGE_2020,813410,NAICS2012,ESTABLISHMENTS_PER_1000_RESIDENTS,DIRECT,1,0,CBP_EMPLOYER_813410,CENSUS_CBP_AND_POPULATION_ESTIMATES,INHERITED_RAW_OFFICIAL_ZIP_ARCHIVED_API_MATCH,NONE,-0.03125,CBP_2014_813410;nst-est2020-alldata.csv:POPESTIMATE2014;S6_CBP_DENSITY_20261002_v1
Oklahoma,40,2015,0.06316298761442857,247,3910518,JULY_1_RESIDENT_POPULATION,VINTAGE_2020,813410,NAICS2012,ESTABLISHMENTS_PER_1000_RESIDENTS,DIRECT,1,0,CBP_EMPLOYER_813410,CENSUS_CBP_AND_POPULATION_ESTIMATES,INHERITED_RAW_OFFICIAL_ZIP_ARCHIVED_API_MATCH,NONE,-0.0040322580645161255,CBP_2015_813410;nst-est2020-alldata.csv:POPESTIMATE2015;S6_CBP_DENSITY_20261002_v1
Oklahoma,40,2016,0.0654253167463608,257,3928143,JULY_1_RESIDENT_POPULATION,VINTAGE_2020,813410,NAICS2012,ESTABLISHMENTS_PER_1000_RESIDENTS,DIRECT,1,0,CBP_EMPLOYER_813410,CENSUS_CBP_AND_POPULATION_ESTIMATES,INHERITED_RAW_OFFICIAL_ZIP_ARCHIVED_API_MATCH,NONE,0.04048582995951411,CBP_2016_813410;nst-est2020-alldata.csv:POPESTIMATE2016;S6_CBP_DENSITY_20261002_v1
Oklahoma,40,2017,0.0668598399126297,263,3933602,JULY_1_RESIDENT_POPULATION,VINTAGE_2020,813410,NAICS2017,ESTABLISHMENTS_PER_1000_RESIDENTS,DIRECT,1,0,CBP_EMPLOYER_813410,CENSUS_CBP_AND_POPULATION_ESTIMATES,INHERITED_RAW_OFFICIAL_ZIP_ARCHIVED_API_MATCH,NAICS_REVISION_CORE_813410_UNCHANGED,0.023346303501945442,CBP_2017_813410;nst-est2020-alldata.csv:POPESTIMATE2017;S6_CBP_DENSITY_20261002_v1
Oklahoma,40,2018,0.06263490595127967,247,3943488,JULY_1_RESIDENT_POPULATION,VINTAGE_2020,813410,NAICS2017,ESTABLISHMENTS_PER_1000_RESIDENTS,DIRECT,1,0,CBP_EMPLOYER_813410,CENSUS_CBP_AND_POPULATION_ESTIMATES,INHERITED_RAW_OFFICIAL_ZIP_ARCHIVED_API_MATCH,NONE,-0.06083650190114065,CBP_2018_813410;nst-est2020-alldata.csv:POPESTIMATE2018;S6_CBP_DENSITY_20261002_v1
Oklahoma,40,2019,0.06034323433676474,239,3960676,JULY_1_RESIDENT_POPULATION,VINTAGE_2020,813410,NAICS2017,ESTABLISHMENTS_PER_1000_RESIDENTS,DIRECT,1,0,CBP_EMPLOYER_813410,CENSUS_CBP_AND_POPULATION_ESTIMATES,INHERITED_RAW_OFFICIAL_ZIP_ARCHIVED_API_MATCH,NONE,-0.03238866396761131,CBP_2019_813410;nst-est2020-alldata.csv:POPESTIMATE2019;S6_CBP_DENSITY_20261002_v1
Oklahoma,40,2020,0.06304798153148088,250,3965234,JULY_1_RESIDENT_POPULATION,VINTAGE_2023,813410,NAICS2017,ESTABLISHMENTS_PER_1000_RESIDENTS,DIRECT,1,0,CBP_EMPLOYER_813410,CENSUS_CBP_AND_POPULATION_ESTIMATES,INHERITED_RAW_OFFICIAL_ZIP_ARCHIVED_API_MATCH,POPULATION_BENCHMARK_BOUNDARY,0.046025104602510414,CBP_2020_813410;NST-EST2023-ALLDATA.csv:POPESTIMATE2020;S6_CBP_DENSITY_20261002_v1
Oklahoma,40,2021,0.059875229041540384,239,3991634,JULY_1_RESIDENT_POPULATION,VINTAGE_2023,813410,NAICS2017,ESTABLISHMENTS_PER_1000_RESIDENTS,DIRECT,1,0,CBP_EMPLOYER_813410,CENSUS_CBP_AND_POPULATION_ESTIMATES,INHERITED_RAW_OFFICIAL_ZIP_ARCHIVED_API_MATCH,NONE,-0.04400000000000004,CBP_2021_813410;NST-EST2023-ALLDATA.csv:POPESTIMATE2021;S6_CBP_DENSITY_20261002_v1
Oklahoma,40,2022,0.057970711604169015,233,4019271,JULY_1_RESIDENT_POPULATION,VINTAGE_2023,813410,NAICS2017,ESTABLISHMENTS_PER_1000_RESIDENTS,DIRECT,1,0,CBP_EMPLOYER_813410,CENSUS_CBP_AND_POPULATION_ESTIMATES,INHERITED_RAW_OFFICIAL_ZIP_ARCHIVED_API_MATCH,NONE,-0.025104602510460206,CBP_2022_813410;NST-EST2023-ALLDATA.csv:POPESTIMATE2022;S6_CBP_DENSITY_20261002_v1
Oklahoma,40,2023,0.057723275603479576,234,4053824,JULY_1_RESIDENT_POPULATION,VINTAGE_2023,813410,NAICS2017,ESTABLISHMENTS_PER_1000_RESIDENTS,DIRECT,1,0,CBP_EMPLOYER_813410,CENSUS_CBP_AND_POPULATION_ESTIMATES,INHERITED_RAW_OFFICIAL_ZIP_ARCHIVED_API_MATCH,NONE,0.0042918454935623185,CBP_2023_813410;NST-EST2023-ALLDATA.csv:POPESTIMATE2023;S6_CBP_DENSITY_20261002_v1
Oregon,41,2000,0.11691957449438845,401,3429708,JULY_1_RESIDENT_POPULATION,2010_INTERCENSAL,813410,NAICS1997,ESTABLISHMENTS_PER_1000_RESIDENTS,DIRECT,1,0,CBP_EMPLOYER_813410,CENSUS_CBP_AND_POPULATION_ESTIMATES,INHERITED_RAW_OFFICIAL_ZIP_ARCHIVED_API_MATCH,NONE,,CBP_2000_813410;st-est00int-alldata.csv:POPESTIMATE2000;S6_CBP_DENSITY_20261002_v1
Oregon,41,2001,0.1162074166860586,403,3467937,JULY_1_RESIDENT_POPULATION,2010_INTERCENSAL,813410,NAICS1997,ESTABLISHMENTS_PER_1000_RESIDENTS,DIRECT,1,0,CBP_EMPLOYER_813410,CENSUS_CBP_AND_POPULATION_ESTIMATES,INHERITED_RAW_OFFICIAL_ZIP_ARCHIVED_API_MATCH,NONE,0.004987531172069737,CBP_2001_813410;st-est00int-alldata.csv:POPESTIMATE2001;S6_CBP_DENSITY_20261002_v1
Oregon,41,2002,0.11356443173383002,399,3513424,JULY_1_RESIDENT_POPULATION,2010_INTERCENSAL,813410,NAICS1997,ESTABLISHMENTS_PER_1000_RESIDENTS,DIRECT,1,0,CBP_EMPLOYER_813410,CENSUS_CBP_AND_POPULATION_ESTIMATES,INHERITED_RAW_OFFICIAL_ZIP_ARCHIVED_API_MATCH,NONE,-0.00992555831265507,CBP_2002_813410;st-est00int-alldata.csv:POPESTIMATE2002;S6_CBP_DENSITY_20261002_v1
Oregon,41,2003,0.11726977912688138,416,3547376,JULY_1_RESIDENT_POPULATION,2010_INTERCENSAL,813410,NAICS2002,ESTABLISHMENTS_PER_1000_RESIDENTS,DIRECT,1,0,CBP_EMPLOYER_813410,CENSUS_CBP_AND_POPULATION_ESTIMATES,INHERITED_RAW_OFFICIAL_ZIP_ARCHIVED_API_MATCH,CBP_AUXILIARY_TREATMENT_CHANGE;NAICS_REVISION_CORE_813410_UNCHANGED,0.04260651629072676,CBP_2003_813410;st-est00int-alldata.csv:POPESTIMATE2003;S6_CBP_DENSITY_20261002_v1
Oregon,41,2004,0.11290213682002026,403,3569463,JULY_1_RESIDENT_POPULATION,2010_INTERCENSAL,813410,NAICS2002,ESTABLISHMENTS_PER_1000_RESIDENTS,DIRECT,1,0,CBP_EMPLOYER_813410,CENSUS_CBP_AND_POPULATION_ESTIMATES,INHERITED_RAW_OFFICIAL_ZIP_ARCHIVED_API_MATCH,NONE,-0.03125,CBP_2004_813410;st-est00int-alldata.csv:POPESTIMATE2004;S6_CBP_DENSITY_20261002_v1
Oregon,41,2005,0.10932131666040261,395,3613202,JULY_1_RESIDENT_POPULATION,2010_INTERCENSAL,813410,NAICS2002,ESTABLISHMENTS_PER_1000_RESIDENTS,DIRECT,1,0,CBP_EMPLOYER_813410,CENSUS_CBP_AND_POPULATION_ESTIMATES,INHERITED_RAW_OFFICIAL_ZIP_ARCHIVED_API_MATCH,NONE,-0.01985111662531014,CBP_2005_813410;st-est00int-alldata.csv:POPESTIMATE2005;S6_CBP_DENSITY_20261002_v1
Oregon,41,2006,0.10433457018379502,383,3670883,JULY_1_RESIDENT_POPULATION,2010_INTERCENSAL,813410,NAICS2002,ESTABLISHMENTS_PER_1000_RESIDENTS,DIRECT,1,0,CBP_EMPLOYER_813410,CENSUS_CBP_AND_POPULATION_ESTIMATES,INHERITED_RAW_OFFICIAL_ZIP_ARCHIVED_API_MATCH,NONE,-0.03037974683544309,CBP_2006_813410;st-est00int-alldata.csv:POPESTIMATE2006;S6_CBP_DENSITY_20261002_v1
Oregon,41,2007,0.09859185577542763,367,3722417,JULY_1_RESIDENT_POPULATION,2010_INTERCENSAL,813410,NAICS2002,ESTABLISHMENTS_PER_1000_RESIDENTS,DIRECT,1,0,CBP_EMPLOYER_813410,CENSUS_CBP_AND_POPULATION_ESTIMATES,INHERITED_RAW_OFFICIAL_ZIP_ARCHIVED_API_MATCH,NONE,-0.04177545691906004,CBP_2007_813410;st-est00int-alldata.csv:POPESTIMATE2007;S6_CBP_DENSITY_20261002_v1
Oregon,41,2008,0.09684913928975883,365,3768748,JULY_1_RESIDENT_POPULATION,2010_INTERCENSAL,813410,NAICS2007,ESTABLISHMENTS_PER_1000_RESIDENTS,DIRECT,1,0,CBP_EMPLOYER_813410,CENSUS_CBP_AND_POPULATION_ESTIMATES,INHERITED_RAW_OFFICIAL_ZIP_ARCHIVED_API_MATCH,NAICS_REVISION_CORE_813410_UNCHANGED,-0.00544959128065392,CBP_2008_813410;st-est00int-alldata.csv:POPESTIMATE2008;S6_CBP_DENSITY_20261002_v1
Oregon,41,2009,0.09636086751037128,367,3808600,JULY_1_RESIDENT_POPULATION,2010_INTERCENSAL,813410,NAICS2007,ESTABLISHMENTS_PER_1000_RESIDENTS,DIRECT,1,0,CBP_EMPLOYER_813410,CENSUS_CBP_AND_POPULATION_ESTIMATES,INHERITED_RAW_OFFICIAL_ZIP_ARCHIVED_API_MATCH,NONE,0.005479452054794498,CBP_2009_813410;st-est00int-alldata.csv:POPESTIMATE2009;S6_CBP_DENSITY_20261002_v1
Oregon,41,2010,0.09589291679673881,368,3837614,JULY_1_RESIDENT_POPULATION,VINTAGE_2020,813410,NAICS2007,ESTABLISHMENTS_PER_1000_RESIDENTS,DIRECT,1,0,CBP_EMPLOYER_813410,CENSUS_CBP_AND_POPULATION_ESTIMATES,INHERITED_RAW_OFFICIAL_ZIP_ARCHIVED_API_MATCH,POPULATION_BENCHMARK_BOUNDARY,0.0027247956403269047,CBP_2010_813410;nst-est2020-alldata.csv:POPESTIMATE2010;S6_CBP_DENSITY_20261002_v1
Oregon,41,2011,0.09347551251435701,362,3872672,JULY_1_RESIDENT_POPULATION,VINTAGE_2020,813410,NAICS2007,ESTABLISHMENTS_PER_1000_RESIDENTS,DIRECT,1,0,CBP_EMPLOYER_813410,CENSUS_CBP_AND_POPULATION_ESTIMATES,INHERITED_RAW_OFFICIAL_ZIP_ARCHIVED_API_MATCH,NONE,-0.016304347826086918,CBP_2011_813410;nst-est2020-alldata.csv:POPESTIMATE2011;S6_CBP_DENSITY_20261002_v1
Oregon,41,2012,0.09076685686682041,354,3900102,JULY_1_RESIDENT_POPULATION,VINTAGE_2020,813410,NAICS2012,ESTABLISHMENTS_PER_1000_RESIDENTS,DIRECT,1,0,CBP_EMPLOYER_813410,CENSUS_CBP_AND_POPULATION_ESTIMATES,INHERITED_RAW_OFFICIAL_ZIP_ARCHIVED_API_MATCH,NAICS_REVISION_CORE_813410_UNCHANGED,-0.02209944751381221,CBP_2012_813410;nst-est2020-alldata.csv:POPESTIMATE2012;S6_CBP_DENSITY_20261002_v1
Oregon,41,2013,0.09250505210098596,363,3924110,JULY_1_RESIDENT_POPULATION,VINTAGE_2020,813410,NAICS2012,ESTABLISHMENTS_PER_1000_RESIDENTS,DIRECT,1,0,CBP_EMPLOYER_813410,CENSUS_CBP_AND_POPULATION_ESTIMATES,INHERITED_RAW_OFFICIAL_ZIP_ARCHIVED_API_MATCH,NONE,0.025423728813559254,CBP_2013_813410;nst-est2020-alldata.csv:POPESTIMATE2013;S6_CBP_DENSITY_20261002_v1
Oregon,41,2014,0.09179293027999114,364,3965447,JULY_1_RESIDENT_POPULATION,VINTAGE_2020,813410,NAICS2012,ESTABLISHMENTS_PER_1000_RESIDENTS,DIRECT,1,0,CBP_EMPLOYER_813410,CENSUS_CBP_AND_POPULATION_ESTIMATES,INHERITED_RAW_OFFICIAL_ZIP_ARCHIVED_API_MATCH,NONE,0.0027548209366390353,CBP_2014_813410;nst-est2020-alldata.csv:POPESTIMATE2014;S6_CBP_DENSITY_20261002_v1
Oregon,41,2015,0.08983357645633665,361,4018542,JULY_1_RESIDENT_POPULATION,VINTAGE_2020,813410,NAICS2012,ESTABLISHMENTS_PER_1000_RESIDENTS,DIRECT,1,0,CBP_EMPLOYER_813410,CENSUS_CBP_AND_POPULATION_ESTIMATES,INHERITED_RAW_OFFICIAL_ZIP_ARCHIVED_API_MATCH,NONE,-0.008241758241758212,CBP_2015_813410;nst-est2020-alldata.csv:POPESTIMATE2015;S6_CBP_DENSITY_20261002_v1
Oregon,41,2016,0.08648340166092106,354,4093271,JULY_1_RESIDENT_POPULATION,VINTAGE_2020,813410,NAICS2012,ESTABLISHMENTS_PER_1000_RESIDENTS,DIRECT,1,0,CBP_EMPLOYER_813410,CENSUS_CBP_AND_POPULATION_ESTIMATES,INHERITED_RAW_OFFICIAL_ZIP_ARCHIVED_API_MATCH,NONE,-0.01939058171745156,CBP_2016_813410;nst-est2020-alldata.csv:POPESTIMATE2016;S6_CBP_DENSITY_20261002_v1
Oregon,41,2017,0.08391013513871937,348,4147294,JULY_1_RESIDENT_POPULATION,VINTAGE_2020,813410,NAICS2017,ESTABLISHMENTS_PER_1000_RESIDENTS,DIRECT,1,0,CBP_EMPLOYER_813410,CENSUS_CBP_AND_POPULATION_ESTIMATES,INHERITED_RAW_OFFICIAL_ZIP_ARCHIVED_API_MATCH,NAICS_REVISION_CORE_813410_UNCHANGED,-0.016949152542372836,CBP_2017_813410;nst-est2020-alldata.csv:POPESTIMATE2017;S6_CBP_DENSITY_20261002_v1
Oregon,41,2018,0.08294414918664537,347,4183538,JULY_1_RESIDENT_POPULATION,VINTAGE_2020,813410,NAICS2017,ESTABLISHMENTS_PER_1000_RESIDENTS,DIRECT,1,0,CBP_EMPLOYER_813410,CENSUS_CBP_AND_POPULATION_ESTIMATES,INHERITED_RAW_OFFICIAL_ZIP_ARCHIVED_API_MATCH,NONE,-0.002873563218390829,CBP_2018_813410;nst-est2020-alldata.csv:POPESTIMATE2018;S6_CBP_DENSITY_20261002_v1
Oregon,41,2019,0.08254042346083457,348,4216116,JULY_1_RESIDENT_POPULATION,VINTAGE_2020,813410,NAICS2017,ESTABLISHMENTS_PER_1000_RESIDENTS,DIRECT,1,0,CBP_EMPLOYER_813410,CENSUS_CBP_AND_POPULATION_ESTIMATES,INHERITED_RAW_OFFICIAL_ZIP_ARCHIVED_API_MATCH,NONE,0.0028818443804035088,CBP_2019_813410;nst-est2020-alldata.csv:POPESTIMATE2019;S6_CBP_DENSITY_20261002_v1
Oregon,41,2020,0.08009339832519992,340,4245044,JULY_1_RESIDENT_POPULATION,VINTAGE_2023,813410,NAICS2017,ESTABLISHMENTS_PER_1000_RESIDENTS,DIRECT,1,0,CBP_EMPLOYER_813410,CENSUS_CBP_AND_POPULATION_ESTIMATES,INHERITED_RAW_OFFICIAL_ZIP_ARCHIVED_API_MATCH,POPULATION_BENCHMARK_BOUNDARY,-0.02298850574712641,CBP_2020_813410;NST-EST2023-ALLDATA.csv:POPESTIMATE2020;S6_CBP_DENSITY_20261002_v1
Oregon,41,2021,0.07682431313308109,327,4256465,JULY_1_RESIDENT_POPULATION,VINTAGE_2023,813410,NAICS2017,ESTABLISHMENTS_PER_1000_RESIDENTS,DIRECT,1,0,CBP_EMPLOYER_813410,CENSUS_CBP_AND_POPULATION_ESTIMATES,INHERITED_RAW_OFFICIAL_ZIP_ARCHIVED_API_MATCH,NONE,-0.038235294117647034,CBP_2021_813410;NST-EST2023-ALLDATA.csv:POPESTIMATE2021;S6_CBP_DENSITY_20261002_v1
Oregon,41,2022,0.07972865837189834,338,4239379,JULY_1_RESIDENT_POPULATION,VINTAGE_2023,813410,NAICS2017,ESTABLISHMENTS_PER_1000_RESIDENTS,DIRECT,1,0,CBP_EMPLOYER_813410,CENSUS_CBP_AND_POPULATION_ESTIMATES,INHERITED_RAW_OFFICIAL_ZIP_ARCHIVED_API_MATCH,NONE,0.033639143730886945,CBP_2022_813410;NST-EST2023-ALLDATA.csv:POPESTIMATE2022;S6_CBP_DENSITY_20261002_v1
Oregon,41,2023,0.07629876802292648,323,4233358,JULY_1_RESIDENT_POPULATION,VINTAGE_2023,813410,NAICS2017,ESTABLISHMENTS_PER_1000_RESIDENTS,DIRECT,1,0,CBP_EMPLOYER_813410,CENSUS_CBP_AND_POPULATION_ESTIMATES,INHERITED_RAW_OFFICIAL_ZIP_ARCHIVED_API_MATCH,NONE,-0.044378698224852076,CBP_2023_813410;NST-EST2023-ALLDATA.csv:POPESTIMATE2023;S6_CBP_DENSITY_20261002_v1
Pennsylvania,42,2000,0.22720292200378486,2791,12284173,JULY_1_RESIDENT_POPULATION,2010_INTERCENSAL,813410,NAICS1997,ESTABLISHMENTS_PER_1000_RESIDENTS,DIRECT,1,0,CBP_EMPLOYER_813410,CENSUS_CBP_AND_POPULATION_ESTIMATES,INHERITED_RAW_OFFICIAL_ZIP_ARCHIVED_API_MATCH,NONE,,CBP_2000_813410;st-est00int-alldata.csv:POPESTIMATE2000;S6_CBP_DENSITY_20261002_v1
Pennsylvania,42,2001,0.22619780355590752,2782,12298970,JULY_1_RESIDENT_POPULATION,2010_INTERCENSAL,813410,NAICS1997,ESTABLISHMENTS_PER_1000_RESIDENTS,DIRECT,1,0,CBP_EMPLOYER_813410,CENSUS_CBP_AND_POPULATION_ESTIMATES,INHERITED_RAW_OFFICIAL_ZIP_ARCHIVED_API_MATCH,NONE,-0.00322465066284483,CBP_2001_813410;st-est00int-alldata.csv:POPESTIMATE2001;S6_CBP_DENSITY_20261002_v1
Pennsylvania,42,2002,0.22228473839697588,2741,12331031,JULY_1_RESIDENT_POPULATION,2010_INTERCENSAL,813410,NAICS1997,ESTABLISHMENTS_PER_1000_RESIDENTS,DIRECT,1,0,CBP_EMPLOYER_813410,CENSUS_CBP_AND_POPULATION_ESTIMATES,INHERITED_RAW_OFFICIAL_ZIP_ARCHIVED_API_MATCH,NONE,-0.014737598849748346,CBP_2002_813410;st-est00int-alldata.csv:POPESTIMATE2002;S6_CBP_DENSITY_20261002_v1
Pennsylvania,42,2003,0.22416781134476604,2774,12374658,JULY_1_RESIDENT_POPULATION,2010_INTERCENSAL,813410,NAICS2002,ESTABLISHMENTS_PER_1000_RESIDENTS,DIRECT,1,0,CBP_EMPLOYER_813410,CENSUS_CBP_AND_POPULATION_ESTIMATES,INHERITED_RAW_OFFICIAL_ZIP_ARCHIVED_API_MATCH,CBP_AUXILIARY_TREATMENT_CHANGE;NAICS_REVISION_CORE_813410_UNCHANGED,0.012039401678219708,CBP_2003_813410;st-est00int-alldata.csv:POPESTIMATE2003;S6_CBP_DENSITY_20261002_v1
Pennsylvania,42,2004,0.22158259608103378,2750,12410722,JULY_1_RESIDENT_POPULATION,2010_INTERCENSAL,813410,NAICS2002,ESTABLISHMENTS_PER_1000_RESIDENTS,DIRECT,1,0,CBP_EMPLOYER_813410,CENSUS_CBP_AND_POPULATION_ESTIMATES,INHERITED_RAW_OFFICIAL_ZIP_ARCHIVED_API_MATCH,NONE,-0.008651766402307137,CBP_2004_813410;st-est00int-alldata.csv:POPESTIMATE2004;S6_CBP_DENSITY_20261002_v1
Pennsylvania,42,2005,0.21847407106351088,2720,12449990,JULY_1_RESIDENT_POPULATION,2010_INTERCENSAL,813410,NAICS2002,ESTABLISHMENTS_PER_1000_RESIDENTS,DIRECT,1,0,CBP_EMPLOYER_813410,CENSUS_CBP_AND_POPULATION_ESTIMATES,INHERITED_RAW_OFFICIAL_ZIP_ARCHIVED_API_MATCH,NONE,-0.010909090909090868,CBP_2005_813410;st-est00int-alldata.csv:POPESTIMATE2005;S6_CBP_DENSITY_20261002_v1
Pennsylvania,42,2006,0.21013828921854694,2629,12510809,JULY_1_RESIDENT_POPULATION,2010_INTERCENSAL,813410,NAICS2002,ESTABLISHMENTS_PER_1000_RESIDENTS,DIRECT,1,0,CBP_EMPLOYER_813410,CENSUS_CBP_AND_POPULATION_ESTIMATES,INHERITED_RAW_OFFICIAL_ZIP_ARCHIVED_API_MATCH,NONE,-0.03345588235294117,CBP_2006_813410;st-est00int-alldata.csv:POPESTIMATE2006;S6_CBP_DENSITY_20261002_v1
Pennsylvania,42,2007,0.20757824557700347,2608,12563937,JULY_1_RESIDENT_POPULATION,2010_INTERCENSAL,813410,NAICS2002,ESTABLISHMENTS_PER_1000_RESIDENTS,DIRECT,1,0,CBP_EMPLOYER_813410,CENSUS_CBP_AND_POPULATION_ESTIMATES,INHERITED_RAW_OFFICIAL_ZIP_ARCHIVED_API_MATCH,NONE,-0.007987828071510106,CBP_2007_813410;st-est00int-alldata.csv:POPESTIMATE2007;S6_CBP_DENSITY_20261002_v1
Pennsylvania,42,2008,0.20028091658252253,2526,12612285,JULY_1_RESIDENT_POPULATION,2010_INTERCENSAL,813410,NAICS2007,ESTABLISHMENTS_PER_1000_RESIDENTS,DIRECT,1,0,CBP_EMPLOYER_813410,CENSUS_CBP_AND_POPULATION_ESTIMATES,INHERITED_RAW_OFFICIAL_ZIP_ARCHIVED_API_MATCH,NAICS_REVISION_CORE_813410_UNCHANGED,-0.03144171779141103,CBP_2008_813410;st-est00int-alldata.csv:POPESTIMATE2008;S6_CBP_DENSITY_20261002_v1
Pennsylvania,42,2009,0.19760227832348004,2503,12666858,JULY_1_RESIDENT_POPULATION,2010_INTERCENSAL,813410,NAICS2007,ESTABLISHMENTS_PER_1000_RESIDENTS,DIRECT,1,0,CBP_EMPLOYER_813410,CENSUS_CBP_AND_POPULATION_ESTIMATES,INHERITED_RAW_OFFICIAL_ZIP_ARCHIVED_API_MATCH,NONE,-0.009105304829770344,CBP_2009_813410;st-est00int-alldata.csv:POPESTIMATE2009;S6_CBP_DENSITY_20261002_v1
Pennsylvania,42,2010,0.19439234338042544,2471,12711406,JULY_1_RESIDENT_POPULATION,VINTAGE_2020,813410,NAICS2007,ESTABLISHMENTS_PER_1000_RESIDENTS,DIRECT,1,0,CBP_EMPLOYER_813410,CENSUS_CBP_AND_POPULATION_ESTIMATES,INHERITED_RAW_OFFICIAL_ZIP_ARCHIVED_API_MATCH,POPULATION_BENCHMARK_BOUNDARY,-0.012784658409908056,CBP_2010_813410;nst-est2020-alldata.csv:POPESTIMATE2010;S6_CBP_DENSITY_20261002_v1
Pennsylvania,42,2011,0.18945556980547346,2415,12747052,JULY_1_RESIDENT_POPULATION,VINTAGE_2020,813410,NAICS2007,ESTABLISHMENTS_PER_1000_RESIDENTS,DIRECT,1,0,CBP_EMPLOYER_813410,CENSUS_CBP_AND_POPULATION_ESTIMATES,INHERITED_RAW_OFFICIAL_ZIP_ARCHIVED_API_MATCH,NONE,-0.022662889518413554,CBP_2011_813410;nst-est2020-alldata.csv:POPESTIMATE2011;S6_CBP_DENSITY_20261002_v1
Pennsylvania,42,2012,0.18466420912383724,2358,12769123,JULY_1_RESIDENT_POPULATION,VINTAGE_2020,813410,NAICS2012,ESTABLISHMENTS_PER_1000_RESIDENTS,DIRECT,1,0,CBP_EMPLOYER_813410,CENSUS_CBP_AND_POPULATION_ESTIMATES,INHERITED_RAW_OFFICIAL_ZIP_ARCHIVED_API_MATCH,NAICS_REVISION_CORE_813410_UNCHANGED,-0.023602484472049712,CBP_2012_813410;nst-est2020-alldata.csv:POPESTIMATE2012;S6_CBP_DENSITY_20261002_v1
Pennsylvania,42,2013,0.18537446345869468,2369,12779538,JULY_1_RESIDENT_POPULATION,VINTAGE_2020,813410,NAICS2012,ESTABLISHMENTS_PER_1000_RESIDENTS,DIRECT,1,0,CBP_EMPLOYER_813410,CENSUS_CBP_AND_POPULATION_ESTIMATES,INHERITED_RAW_OFFICIAL_ZIP_ARCHIVED_API_MATCH,NONE,0.00466497031382529,CBP_2013_813410;nst-est2020-alldata.csv:POPESTIMATE2013;S6_CBP_DENSITY_20261002_v1
Pennsylvania,42,2014,0.18464099599199274,2362,12792392,JULY_1_RESIDENT_POPULATION,VINTAGE_2020,813410,NAICS2012,ESTABLISHMENTS_PER_1000_RESIDENTS,DIRECT,1,0,CBP_EMPLOYER_813410,CENSUS_CBP_AND_POPULATION_ESTIMATES,INHERITED_RAW_OFFICIAL_ZIP_ARCHIVED_API_MATCH,NONE,-0.0029548332629801832,CBP_2014_813410;nst-est2020-alldata.csv:POPESTIMATE2014;S6_CBP_DENSITY_20261002_v1
Pennsylvania,42,2015,0.18147219691132913,2321,12789838,JULY_1_RESIDENT_POPULATION,VINTAGE_2020,813410,NAICS2012,ESTABLISHMENTS_PER_1000_RESIDENTS,DIRECT,1,0,CBP_EMPLOYER_813410,CENSUS_CBP_AND_POPULATION_ESTIMATES,INHERITED_RAW_OFFICIAL_ZIP_ARCHIVED_API_MATCH,NONE,-0.01735817104149029,CBP_2015_813410;nst-est2020-alldata.csv:POPESTIMATE2015;S6_CBP_DENSITY_20261002_v1
Pennsylvania,42,2016,0.17969314229038225,2298,12788468,JULY_1_RESIDENT_POPULATION,VINTAGE_2020,813410,NAICS2012,ESTABLISHMENTS_PER_1000_RESIDENTS,DIRECT,1,0,CBP_EMPLOYER_813410,CENSUS_CBP_AND_POPULATION_ESTIMATES,INHERITED_RAW_OFFICIAL_ZIP_ARCHIVED_API_MATCH,NONE,-0.009909521757862971,CBP_2016_813410;nst-est2020-alldata.csv:POPESTIMATE2016;S6_CBP_DENSITY_20261002_v1
Pennsylvania,42,2017,0.1785898653651256,2285,12794679,JULY_1_RESIDENT_POPULATION,VINTAGE_2020,813410,NAICS2017,ESTABLISHMENTS_PER_1000_RESIDENTS,DIRECT,1,0,CBP_EMPLOYER_813410,CENSUS_CBP_AND_POPULATION_ESTIMATES,INHERITED_RAW_OFFICIAL_ZIP_ARCHIVED_API_MATCH,NAICS_REVISION_CORE_813410_UNCHANGED,-0.0056570931244560585,CBP_2017_813410;nst-est2020-alldata.csv:POPESTIMATE2017;S6_CBP_DENSITY_20261002_v1
Pennsylvania,42,2018,0.1752659260321582,2245,12809107,JULY_1_RESIDENT_POPULATION,VINTAGE_2020,813410,NAICS2017,ESTABLISHMENTS_PER_1000_RESIDENTS,DIRECT,1,0,CBP_EMPLOYER_813410,CENSUS_CBP_AND_POPULATION_ESTIMATES,INHERITED_RAW_OFFICIAL_ZIP_ARCHIVED_API_MATCH,NONE,-0.017505470459518557,CBP_2018_813410;nst-est2020-alldata.csv:POPESTIMATE2018;S6_CBP_DENSITY_20261002_v1
Pennsylvania,42,2019,0.1746246137260572,2235,12798883,JULY_1_RESIDENT_POPULATION,VINTAGE_2020,813410,NAICS2017,ESTABLISHMENTS_PER_1000_RESIDENTS,DIRECT,1,0,CBP_EMPLOYER_813410,CENSUS_CBP_AND_POPULATION_ESTIMATES,INHERITED_RAW_OFFICIAL_ZIP_ARCHIVED_API_MATCH,NONE,-0.0044543429844098315,CBP_2019_813410;nst-est2020-alldata.csv:POPESTIMATE2019;S6_CBP_DENSITY_20261002_v1
Pennsylvania,42,2020,0.17090561585388517,2221,12995477,JULY_1_RESIDENT_POPULATION,VINTAGE_2023,813410,NAICS2017,ESTABLISHMENTS_PER_1000_RESIDENTS,DIRECT,1,0,CBP_EMPLOYER_813410,CENSUS_CBP_AND_POPULATION_ESTIMATES,INHERITED_RAW_OFFICIAL_ZIP_ARCHIVED_API_MATCH,POPULATION_BENCHMARK_BOUNDARY,-0.006263982102908239,CBP_2020_813410;NST-EST2023-ALLDATA.csv:POPESTIMATE2020;S6_CBP_DENSITY_20261002_v1
Pennsylvania,42,2021,0.16405896163817368,2135,13013614,JULY_1_RESIDENT_POPULATION,VINTAGE_2023,813410,NAICS2017,ESTABLISHMENTS_PER_1000_RESIDENTS,DIRECT,1,0,CBP_EMPLOYER_813410,CENSUS_CBP_AND_POPULATION_ESTIMATES,INHERITED_RAW_OFFICIAL_ZIP_ARCHIVED_API_MATCH,NONE,-0.038721296713192244,CBP_2021_813410;NST-EST2023-ALLDATA.csv:POPESTIMATE2021;S6_CBP_DENSITY_20261002_v1
Pennsylvania,42,2022,0.16520081457954622,2143,12972091,JULY_1_RESIDENT_POPULATION,VINTAGE_2023,813410,NAICS2017,ESTABLISHMENTS_PER_1000_RESIDENTS,DIRECT,1,0,CBP_EMPLOYER_813410,CENSUS_CBP_AND_POPULATION_ESTIMATES,INHERITED_RAW_OFFICIAL_ZIP_ARCHIVED_API_MATCH,NONE,0.0037470725995316645,CBP_2022_813410;NST-EST2023-ALLDATA.csv:POPESTIMATE2022;S6_CBP_DENSITY_20261002_v1
Pennsylvania,42,2023,0.16494771550885792,2138,12961683,JULY_1_RESIDENT_POPULATION,VINTAGE_2023,813410,NAICS2017,ESTABLISHMENTS_PER_1000_RESIDENTS,DIRECT,1,0,CBP_EMPLOYER_813410,CENSUS_CBP_AND_POPULATION_ESTIMATES,INHERITED_RAW_OFFICIAL_ZIP_ARCHIVED_API_MATCH,NONE,-0.002333177788147456,CBP_2023_813410;NST-EST2023-ALLDATA.csv:POPESTIMATE2023;S6_CBP_DENSITY_20261002_v1
Rhode Island,44,2000,0.17233696542215893,181,1050268,JULY_1_RESIDENT_POPULATION,2010_INTERCENSAL,813410,NAICS1997,ESTABLISHMENTS_PER_1000_RESIDENTS,DIRECT,1,0,CBP_EMPLOYER_813410,CENSUS_CBP_AND_POPULATION_ESTIMATES,INHERITED_RAW_OFFICIAL_ZIP_ARCHIVED_API_MATCH,NONE,,CBP_2000_813410;st-est00int-alldata.csv:POPESTIMATE2000;S6_CBP_DENSITY_20261002_v1
Rhode Island,44,2001,0.1702704083273581,180,1057142,JULY_1_RESIDENT_POPULATION,2010_INTERCENSAL,813410,NAICS1997,ESTABLISHMENTS_PER_1000_RESIDENTS,DIRECT,1,0,CBP_EMPLOYER_813410,CENSUS_CBP_AND_POPULATION_ESTIMATES,INHERITED_RAW_OFFICIAL_ZIP_ARCHIVED_API_MATCH,NONE,-0.0055248618784530246,CBP_2001_813410;st-est00int-alldata.csv:POPESTIMATE2001;S6_CBP_DENSITY_20261002_v1
Rhode Island,44,2002,0.16604205460625987,177,1065995,JULY_1_RESIDENT_POPULATION,2010_INTERCENSAL,813410,NAICS1997,ESTABLISHMENTS_PER_1000_RESIDENTS,DIRECT,1,0,CBP_EMPLOYER_813410,CENSUS_CBP_AND_POPULATION_ESTIMATES,INHERITED_RAW_OFFICIAL_ZIP_ARCHIVED_API_MATCH,NONE,-0.01666666666666672,CBP_2002_813410;st-est00int-alldata.csv:POPESTIMATE2002;S6_CBP_DENSITY_20261002_v1
Rhode Island,44,2003,0.17081380175518182,183,1071342,JULY_1_RESIDENT_POPULATION,2010_INTERCENSAL,813410,NAICS2002,ESTABLISHMENTS_PER_1000_RESIDENTS,DIRECT,1,0,CBP_EMPLOYER_813410,CENSUS_CBP_AND_POPULATION_ESTIMATES,INHERITED_RAW_OFFICIAL_ZIP_ARCHIVED_API_MATCH,CBP_AUXILIARY_TREATMENT_CHANGE;NAICS_REVISION_CORE_813410_UNCHANGED,0.03389830508474567,CBP_2003_813410;st-est00int-alldata.csv:POPESTIMATE2003;S6_CBP_DENSITY_20261002_v1
Rhode Island,44,2004,0.16843805806739195,181,1074579,JULY_1_RESIDENT_POPULATION,2010_INTERCENSAL,813410,NAICS2002,ESTABLISHMENTS_PER_1000_RESIDENTS,DIRECT,1,0,CBP_EMPLOYER_813410,CENSUS_CBP_AND_POPULATION_ESTIMATES,INHERITED_RAW_OFFICIAL_ZIP_ARCHIVED_API_MATCH,NONE,-0.010928961748633892,CBP_2004_813410;st-est00int-alldata.csv:POPESTIMATE2004;S6_CBP_DENSITY_20261002_v1
Rhode Island,44,2005,0.1676161795497024,179,1067916,JULY_1_RESIDENT_POPULATION,2010_INTERCENSAL,813410,NAICS2002,ESTABLISHMENTS_PER_1000_RESIDENTS,DIRECT,1,0,CBP_EMPLOYER_813410,CENSUS_CBP_AND_POPULATION_ESTIMATES,INHERITED_RAW_OFFICIAL_ZIP_ARCHIVED_API_MATCH,NONE,-0.011049723756906049,CBP_2005_813410;st-est00int-alldata.csv:POPESTIMATE2005;S6_CBP_DENSITY_20261002_v1
Rhode Island,44,2006,0.16273224619413487,173,1063096,JULY_1_RESIDENT_POPULATION,2010_INTERCENSAL,813410,NAICS2002,ESTABLISHMENTS_PER_1000_RESIDENTS,DIRECT,1,0,CBP_EMPLOYER_813410,CENSUS_CBP_AND_POPULATION_ESTIMATES,INHERITED_RAW_OFFICIAL_ZIP_ARCHIVED_API_MATCH,NONE,-0.03351955307262566,CBP_2006_813410;st-est00int-alldata.csv:POPESTIMATE2006;S6_CBP_DENSITY_20261002_v1
Rhode Island,44,2007,0.16362200479516512,173,1057315,JULY_1_RESIDENT_POPULATION,2010_INTERCENSAL,813410,NAICS2002,ESTABLISHMENTS_PER_1000_RESIDENTS,DIRECT,1,0,CBP_EMPLOYER_813410,CENSUS_CBP_AND_POPULATION_ESTIMATES,INHERITED_RAW_OFFICIAL_ZIP_ARCHIVED_API_MATCH,NONE,0.0,CBP_2007_813410;st-est00int-alldata.csv:POPESTIMATE2007;S6_CBP_DENSITY_20261002_v1
Rhode Island,44,2008,0.16018911794563617,169,1055003,JULY_1_RESIDENT_POPULATION,2010_INTERCENSAL,813410,NAICS2007,ESTABLISHMENTS_PER_1000_RESIDENTS,DIRECT,1,0,CBP_EMPLOYER_813410,CENSUS_CBP_AND_POPULATION_ESTIMATES,INHERITED_RAW_OFFICIAL_ZIP_ARCHIVED_API_MATCH,NAICS_REVISION_CORE_813410_UNCHANGED,-0.023121387283236983,CBP_2008_813410;st-est00int-alldata.csv:POPESTIMATE2008;S6_CBP_DENSITY_20261002_v1
Rhode Island,44,2009,0.14710823179701724,155,1053646,JULY_1_RESIDENT_POPULATION,2010_INTERCENSAL,813410,NAICS2007,ESTABLISHMENTS_PER_1000_RESIDENTS,DIRECT,1,0,CBP_EMPLOYER_813410,CENSUS_CBP_AND_POPULATION_ESTIMATES,INHERITED_RAW_OFFICIAL_ZIP_ARCHIVED_API_MATCH,NONE,-0.08284023668639051,CBP_2009_813410;st-est00int-alldata.csv:POPESTIMATE2009;S6_CBP_DENSITY_20261002_v1
Rhode Island,44,2010,0.14705966068118034,155,1053994,JULY_1_RESIDENT_POPULATION,VINTAGE_2020,813410,NAICS2007,ESTABLISHMENTS_PER_1000_RESIDENTS,DIRECT,1,0,CBP_EMPLOYER_813410,CENSUS_CBP_AND_POPULATION_ESTIMATES,INHERITED_RAW_OFFICIAL_ZIP_ARCHIVED_API_MATCH,POPULATION_BENCHMARK_BOUNDARY,0.0,CBP_2010_813410;nst-est2020-alldata.csv:POPESTIMATE2010;S6_CBP_DENSITY_20261002_v1
Rhode Island,44,2011,0.1442359244241713,152,1053829,JULY_1_RESIDENT_POPULATION,VINTAGE_2020,813410,NAICS2007,ESTABLISHMENTS_PER_1000_RESIDENTS,DIRECT,1,0,CBP_EMPLOYER_813410,CENSUS_CBP_AND_POPULATION_ESTIMATES,INHERITED_RAW_OFFICIAL_ZIP_ARCHIVED_API_MATCH,NONE,-0.01935483870967747,CBP_2011_813410;nst-est2020-alldata.csv:POPESTIMATE2011;S6_CBP_DENSITY_20261002_v1
Rhode Island,44,2012,0.14124655296793134,149,1054893,JULY_1_RESIDENT_POPULATION,VINTAGE_2020,813410,NAICS2012,ESTABLISHMENTS_PER_1000_RESIDENTS,DIRECT,1,0,CBP_EMPLOYER_813410,CENSUS_CBP_AND_POPULATION_ESTIMATES,INHERITED_RAW_OFFICIAL_ZIP_ARCHIVED_API_MATCH,NAICS_REVISION_CORE_813410_UNCHANGED,-0.019736842105263164,CBP_2012_813410;nst-est2020-alldata.csv:POPESTIMATE2012;S6_CBP_DENSITY_20261002_v1
Rhode Island,44,2013,0.13642047822956535,144,1055560,JULY_1_RESIDENT_POPULATION,VINTAGE_2020,813410,NAICS2012,ESTABLISHMENTS_PER_1000_RESIDENTS,DIRECT,1,0,CBP_EMPLOYER_813410,CENSUS_CBP_AND_POPULATION_ESTIMATES,INHERITED_RAW_OFFICIAL_ZIP_ARCHIVED_API_MATCH,NONE,-0.03355704697986572,CBP_2013_813410;nst-est2020-alldata.csv:POPESTIMATE2013;S6_CBP_DENSITY_20261002_v1
Rhode Island,44,2014,0.13345814667334271,141,1056511,JULY_1_RESIDENT_POPULATION,VINTAGE_2020,813410,NAICS2012,ESTABLISHMENTS_PER_1000_RESIDENTS,DIRECT,1,0,CBP_EMPLOYER_813410,CENSUS_CBP_AND_POPULATION_ESTIMATES,INHERITED_RAW_OFFICIAL_ZIP_ARCHIVED_API_MATCH,NONE,-0.02083333333333337,CBP_2014_813410;nst-est2020-alldata.csv:POPESTIMATE2014;S6_CBP_DENSITY_20261002_v1
Rhode Island,44,2015,0.13341079359552496,141,1056886,JULY_1_RESIDENT_POPULATION,VINTAGE_2020,813410,NAICS2012,ESTABLISHMENTS_PER_1000_RESIDENTS,DIRECT,1,0,CBP_EMPLOYER_813410,CENSUS_CBP_AND_POPULATION_ESTIMATES,INHERITED_RAW_OFFICIAL_ZIP_ARCHIVED_API_MATCH,NONE,0.0,CBP_2015_813410;nst-est2020-alldata.csv:POPESTIMATE2015;S6_CBP_DENSITY_20261002_v1
Rhode Island,44,2016,0.1351841908233568,143,1057816,JULY_1_RESIDENT_POPULATION,VINTAGE_2020,813410,NAICS2012,ESTABLISHMENTS_PER_1000_RESIDENTS,DIRECT,1,0,CBP_EMPLOYER_813410,CENSUS_CBP_AND_POPULATION_ESTIMATES,INHERITED_RAW_OFFICIAL_ZIP_ARCHIVED_API_MATCH,NONE,0.014184397163120588,CBP_2016_813410;nst-est2020-alldata.csv:POPESTIMATE2016;S6_CBP_DENSITY_20261002_v1
Rhode Island,44,2017,0.14291744671829362,151,1056554,JULY_1_RESIDENT_POPULATION,VINTAGE_2020,813410,NAICS2017,ESTABLISHMENTS_PER_1000_RESIDENTS,DIRECT,1,0,CBP_EMPLOYER_813410,CENSUS_CBP_AND_POPULATION_ESTIMATES,INHERITED_RAW_OFFICIAL_ZIP_ARCHIVED_API_MATCH,NAICS_REVISION_CORE_813410_UNCHANGED,0.05594405594405605,CBP_2017_813410;nst-est2020-alldata.csv:POPESTIMATE2017;S6_CBP_DENSITY_20261002_v1
Rhode Island,44,2018,0.13782192274798033,146,1059338,JULY_1_RESIDENT_POPULATION,VINTAGE_2020,813410,NAICS2017,ESTABLISHMENTS_PER_1000_RESIDENTS,DIRECT,1,0,CBP_EMPLOYER_813410,CENSUS_CBP_AND_POPULATION_ESTIMATES,INHERITED_RAW_OFFICIAL_ZIP_ARCHIVED_API_MATCH,NONE,-0.0331125827814569,CBP_2018_813410;nst-est2020-alldata.csv:POPESTIMATE2018;S6_CBP_DENSITY_20261002_v1
Rhode Island,44,2019,0.13797561422774293,146,1058158,JULY_1_RESIDENT_POPULATION,VINTAGE_2020,813410,NAICS2017,ESTABLISHMENTS_PER_1000_RESIDENTS,DIRECT,1,0,CBP_EMPLOYER_813410,CENSUS_CBP_AND_POPULATION_ESTIMATES,INHERITED_RAW_OFFICIAL_ZIP_ARCHIVED_API_MATCH,NONE,0.0,CBP_2019_813410;nst-est2020-alldata.csv:POPESTIMATE2019;S6_CBP_DENSITY_20261002_v1
Rhode Island,44,2020,0.12859753895319778,141,1096444,JULY_1_RESIDENT_POPULATION,VINTAGE_2023,813410,NAICS2017,ESTABLISHMENTS_PER_1000_RESIDENTS,DIRECT,1,0,CBP_EMPLOYER_813410,CENSUS_CBP_AND_POPULATION_ESTIMATES,INHERITED_RAW_OFFICIAL_ZIP_ARCHIVED_API_MATCH,POPULATION_BENCHMARK_BOUNDARY,-0.03424657534246578,CBP_2020_813410;NST-EST2023-ALLDATA.csv:POPESTIMATE2020;S6_CBP_DENSITY_20261002_v1
Rhode Island,44,2021,0.1276100819256726,140,1097092,JULY_1_RESIDENT_POPULATION,VINTAGE_2023,813410,NAICS2017,ESTABLISHMENTS_PER_1000_RESIDENTS,DIRECT,1,0,CBP_EMPLOYER_813410,CENSUS_CBP_AND_POPULATION_ESTIMATES,INHERITED_RAW_OFFICIAL_ZIP_ARCHIVED_API_MATCH,NONE,-0.007092198581560294,CBP_2021_813410;NST-EST2023-ALLDATA.csv:POPESTIMATE2021;S6_CBP_DENSITY_20261002_v1
Rhode Island,44,2022,0.12433239901192311,136,1093842,JULY_1_RESIDENT_POPULATION,VINTAGE_2023,813410,NAICS2017,ESTABLISHMENTS_PER_1000_RESIDENTS,DIRECT,1,0,CBP_EMPLOYER_813410,CENSUS_CBP_AND_POPULATION_ESTIMATES,INHERITED_RAW_OFFICIAL_ZIP_ARCHIVED_API_MATCH,NONE,-0.02857142857142858,CBP_2022_813410;NST-EST2023-ALLDATA.csv:POPESTIMATE2022;S6_CBP_DENSITY_20261002_v1
Rhode Island,44,2023,0.11314260895906975,124,1095962,JULY_1_RESIDENT_POPULATION,VINTAGE_2023,813410,NAICS2017,ESTABLISHMENTS_PER_1000_RESIDENTS,DIRECT,1,0,CBP_EMPLOYER_813410,CENSUS_CBP_AND_POPULATION_ESTIMATES,INHERITED_RAW_OFFICIAL_ZIP_ARCHIVED_API_MATCH,NONE,-0.08823529411764708,CBP_2023_813410;NST-EST2023-ALLDATA.csv:POPESTIMATE2023;S6_CBP_DENSITY_20261002_v1
South Carolina,45,2000,0.0805124368107831,324,4024223,JULY_1_RESIDENT_POPULATION,2010_INTERCENSAL,813410,NAICS1997,ESTABLISHMENTS_PER_1000_RESIDENTS,DIRECT,1,0,CBP_EMPLOYER_813410,CENSUS_CBP_AND_POPULATION_ESTIMATES,INHERITED_RAW_OFFICIAL_ZIP_ARCHIVED_API_MATCH,NONE,,CBP_2000_813410;st-est00int-alldata.csv:POPESTIMATE2000;S6_CBP_DENSITY_20261002_v1
South Carolina,45,2001,0.08265692823730411,336,4064995,JULY_1_RESIDENT_POPULATION,2010_INTERCENSAL,813410,NAICS1997,ESTABLISHMENTS_PER_1000_RESIDENTS,DIRECT,1,0,CBP_EMPLOYER_813410,CENSUS_CBP_AND_POPULATION_ESTIMATES,INHERITED_RAW_OFFICIAL_ZIP_ARCHIVED_API_MATCH,NONE,0.03703703703703698,CBP_2001_813410;st-est00int-alldata.csv:POPESTIMATE2001;S6_CBP_DENSITY_20261002_v1
South Carolina,45,2002,0.07570971774394779,311,4107795,JULY_1_RESIDENT_POPULATION,2010_INTERCENSAL,813410,NAICS1997,ESTABLISHMENTS_PER_1000_RESIDENTS,DIRECT,1,0,CBP_EMPLOYER_813410,CENSUS_CBP_AND_POPULATION_ESTIMATES,INHERITED_RAW_OFFICIAL_ZIP_ARCHIVED_API_MATCH,NONE,-0.07440476190476186,CBP_2002_813410;st-est00int-alldata.csv:POPESTIMATE2002;S6_CBP_DENSITY_20261002_v1
South Carolina,45,2003,0.08698172684990978,361,4150297,JULY_1_RESIDENT_POPULATION,2010_INTERCENSAL,813410,NAICS2002,ESTABLISHMENTS_PER_1000_RESIDENTS,DIRECT,1,0,CBP_EMPLOYER_813410,CENSUS_CBP_AND_POPULATION_ESTIMATES,INHERITED_RAW_OFFICIAL_ZIP_ARCHIVED_API_MATCH,CBP_AUXILIARY_TREATMENT_CHANGE;NAICS_REVISION_CORE_813410_UNCHANGED,0.16077170418006426,CBP_2003_813410;st-est00int-alldata.csv:POPESTIMATE2003;S6_CBP_DENSITY_20261002_v1
South Carolina,45,2004,0.08454207523722244,356,4210921,JULY_1_RESIDENT_POPULATION,2010_INTERCENSAL,813410,NAICS2002,ESTABLISHMENTS_PER_1000_RESIDENTS,DIRECT,1,0,CBP_EMPLOYER_813410,CENSUS_CBP_AND_POPULATION_ESTIMATES,INHERITED_RAW_OFFICIAL_ZIP_ARCHIVED_API_MATCH,NONE,-0.013850415512465353,CBP_2004_813410;st-est00int-alldata.csv:POPESTIMATE2004;S6_CBP_DENSITY_20261002_v1
South Carolina,45,2005,0.08571127477957449,366,4270150,JULY_1_RESIDENT_POPULATION,2010_INTERCENSAL,813410,NAICS2002,ESTABLISHMENTS_PER_1000_RESIDENTS,DIRECT,1,0,CBP_EMPLOYER_813410,CENSUS_CBP_AND_POPULATION_ESTIMATES,INHERITED_RAW_OFFICIAL_ZIP_ARCHIVED_API_MATCH,NONE,0.028089887640449396,CBP_2005_813410;st-est00int-alldata.csv:POPESTIMATE2005;S6_CBP_DENSITY_20261002_v1
South Carolina,45,2006,0.08054436055235532,351,4357847,JULY_1_RESIDENT_POPULATION,2010_INTERCENSAL,813410,NAICS2002,ESTABLISHMENTS_PER_1000_RESIDENTS,DIRECT,1,0,CBP_EMPLOYER_813410,CENSUS_CBP_AND_POPULATION_ESTIMATES,INHERITED_RAW_OFFICIAL_ZIP_ARCHIVED_API_MATCH,NONE,-0.040983606557377095,CBP_2006_813410;st-est00int-alldata.csv:POPESTIMATE2006;S6_CBP_DENSITY_20261002_v1
South Carolina,45,2007,0.07898094331598453,351,4444110,JULY_1_RESIDENT_POPULATION,2010_INTERCENSAL,813410,NAICS2002,ESTABLISHMENTS_PER_1000_RESIDENTS,DIRECT,1,0,CBP_EMPLOYER_813410,CENSUS_CBP_AND_POPULATION_ESTIMATES,INHERITED_RAW_OFFICIAL_ZIP_ARCHIVED_API_MATCH,NONE,0.0,CBP_2007_813410;st-est00int-alldata.csv:POPESTIMATE2007;S6_CBP_DENSITY_20261002_v1
South Carolina,45,2008,0.07772141993501429,352,4528996,JULY_1_RESIDENT_POPULATION,2010_INTERCENSAL,813410,NAICS2007,ESTABLISHMENTS_PER_1000_RESIDENTS,DIRECT,1,0,CBP_EMPLOYER_813410,CENSUS_CBP_AND_POPULATION_ESTIMATES,INHERITED_RAW_OFFICIAL_ZIP_ARCHIVED_API_MATCH,NAICS_REVISION_CORE_813410_UNCHANGED,0.002849002849002913,CBP_2008_813410;st-est00int-alldata.csv:POPESTIMATE2008;S6_CBP_DENSITY_20261002_v1
South Carolina,45,2009,0.07124381682103553,327,4589872,JULY_1_RESIDENT_POPULATION,2010_INTERCENSAL,813410,NAICS2007,ESTABLISHMENTS_PER_1000_RESIDENTS,DIRECT,1,0,CBP_EMPLOYER_813410,CENSUS_CBP_AND_POPULATION_ESTIMATES,INHERITED_RAW_OFFICIAL_ZIP_ARCHIVED_API_MATCH,NONE,-0.07102272727272729,CBP_2009_813410;st-est00int-alldata.csv:POPESTIMATE2009;S6_CBP_DENSITY_20261002_v1
South Carolina,45,2010,0.06881160418184729,319,4635846,JULY_1_RESIDENT_POPULATION,VINTAGE_2020,813410,NAICS2007,ESTABLISHMENTS_PER_1000_RESIDENTS,DIRECT,1,0,CBP_EMPLOYER_813410,CENSUS_CBP_AND_POPULATION_ESTIMATES,INHERITED_RAW_OFFICIAL_ZIP_ARCHIVED_API_MATCH,POPULATION_BENCHMARK_BOUNDARY,-0.024464831804281384,CBP_2010_813410;nst-est2020-alldata.csv:POPESTIMATE2010;S6_CBP_DENSITY_20261002_v1
South Carolina,45,2011,0.06869756059456561,321,4672655,JULY_1_RESIDENT_POPULATION,VINTAGE_2020,813410,NAICS2007,ESTABLISHMENTS_PER_1000_RESIDENTS,DIRECT,1,0,CBP_EMPLOYER_813410,CENSUS_CBP_AND_POPULATION_ESTIMATES,INHERITED_RAW_OFFICIAL_ZIP_ARCHIVED_API_MATCH,NONE,0.006269592476489061,CBP_2011_813410;nst-est2020-alldata.csv:POPESTIMATE2011;S6_CBP_DENSITY_20261002_v1
South Carolina,45,2012,0.06272479475112136,296,4719027,JULY_1_RESIDENT_POPULATION,VINTAGE_2020,813410,NAICS2012,ESTABLISHMENTS_PER_1000_RESIDENTS,DIRECT,1,0,CBP_EMPLOYER_813410,CENSUS_CBP_AND_POPULATION_ESTIMATES,INHERITED_RAW_OFFICIAL_ZIP_ARCHIVED_API_MATCH,NAICS_REVISION_CORE_813410_UNCHANGED,-0.07788161993769471,CBP_2012_813410;nst-est2020-alldata.csv:POPESTIMATE2012;S6_CBP_DENSITY_20261002_v1
South Carolina,45,2013,0.060422086034756545,288,4766469,JULY_1_RESIDENT_POPULATION,VINTAGE_2020,813410,NAICS2012,ESTABLISHMENTS_PER_1000_RESIDENTS,DIRECT,1,0,CBP_EMPLOYER_813410,CENSUS_CBP_AND_POPULATION_ESTIMATES,INHERITED_RAW_OFFICIAL_ZIP_ARCHIVED_API_MATCH,NONE,-0.027027027027026973,CBP_2013_813410;nst-est2020-alldata.csv:POPESTIMATE2013;S6_CBP_DENSITY_20261002_v1
South Carolina,45,2014,0.06090918771590132,294,4826858,JULY_1_RESIDENT_POPULATION,VINTAGE_2020,813410,NAICS2012,ESTABLISHMENTS_PER_1000_RESIDENTS,DIRECT,1,0,CBP_EMPLOYER_813410,CENSUS_CBP_AND_POPULATION_ESTIMATES,INHERITED_RAW_OFFICIAL_ZIP_ARCHIVED_API_MATCH,NONE,0.02083333333333326,CBP_2014_813410;nst-est2020-alldata.csv:POPESTIMATE2014;S6_CBP_DENSITY_20261002_v1
South Carolina,45,2015,0.05964044978703049,292,4896006,JULY_1_RESIDENT_POPULATION,VINTAGE_2020,813410,NAICS2012,ESTABLISHMENTS_PER_1000_RESIDENTS,DIRECT,1,0,CBP_EMPLOYER_813410,CENSUS_CBP_AND_POPULATION_ESTIMATES,INHERITED_RAW_OFFICIAL_ZIP_ARCHIVED_API_MATCH,NONE,-0.006802721088435382,CBP_2015_813410;nst-est2020-alldata.csv:POPESTIMATE2015;S6_CBP_DENSITY_20261002_v1
South Carolina,45,2016,0.05823054500364797,289,4963031,JULY_1_RESIDENT_POPULATION,VINTAGE_2020,813410,NAICS2012,ESTABLISHMENTS_PER_1000_RESIDENTS,DIRECT,1,0,CBP_EMPLOYER_813410,CENSUS_CBP_AND_POPULATION_ESTIMATES,INHERITED_RAW_OFFICIAL_ZIP_ARCHIVED_API_MATCH,NONE,-0.010273972602739767,CBP_2016_813410;nst-est2020-alldata.csv:POPESTIMATE2016;S6_CBP_DENSITY_20261002_v1
South Carolina,45,2017,0.057488389931216834,289,5027102,JULY_1_RESIDENT_POPULATION,VINTAGE_2020,813410,NAICS2017,ESTABLISHMENTS_PER_1000_RESIDENTS,DIRECT,1,0,CBP_EMPLOYER_813410,CENSUS_CBP_AND_POPULATION_ESTIMATES,INHERITED_RAW_OFFICIAL_ZIP_ARCHIVED_API_MATCH,NAICS_REVISION_CORE_813410_UNCHANGED,0.0,CBP_2017_813410;nst-est2020-alldata.csv:POPESTIMATE2017;S6_CBP_DENSITY_20261002_v1
South Carolina,45,2018,0.051259873417572356,261,5091702,JULY_1_RESIDENT_POPULATION,VINTAGE_2020,813410,NAICS2017,ESTABLISHMENTS_PER_1000_RESIDENTS,DIRECT,1,0,CBP_EMPLOYER_813410,CENSUS_CBP_AND_POPULATION_ESTIMATES,INHERITED_RAW_OFFICIAL_ZIP_ARCHIVED_API_MATCH,NONE,-0.09688581314878897,CBP_2018_813410;nst-est2020-alldata.csv:POPESTIMATE2018;S6_CBP_DENSITY_20261002_v1
South Carolina,45,2019,0.053124434098751734,274,5157702,JULY_1_RESIDENT_POPULATION,VINTAGE_2020,813410,NAICS2017,ESTABLISHMENTS_PER_1000_RESIDENTS,DIRECT,1,0,CBP_EMPLOYER_813410,CENSUS_CBP_AND_POPULATION_ESTIMATES,INHERITED_RAW_OFFICIAL_ZIP_ARCHIVED_API_MATCH,NONE,0.04980842911877392,CBP_2019_813410;nst-est2020-alldata.csv:POPESTIMATE2019;S6_CBP_DENSITY_20261002_v1
South Carolina,45,2020,0.05202496964722979,267,5132151,JULY_1_RESIDENT_POPULATION,VINTAGE_2023,813410,NAICS2017,ESTABLISHMENTS_PER_1000_RESIDENTS,DIRECT,1,0,CBP_EMPLOYER_813410,CENSUS_CBP_AND_POPULATION_ESTIMATES,INHERITED_RAW_OFFICIAL_ZIP_ARCHIVED_API_MATCH,POPULATION_BENCHMARK_BOUNDARY,-0.025547445255474477,CBP_2020_813410;NST-EST2023-ALLDATA.csv:POPESTIMATE2020;S6_CBP_DENSITY_20261002_v1
South Carolina,45,2021,0.04697865628720749,244,5193848,JULY_1_RESIDENT_POPULATION,VINTAGE_2023,813410,NAICS2017,ESTABLISHMENTS_PER_1000_RESIDENTS,DIRECT,1,0,CBP_EMPLOYER_813410,CENSUS_CBP_AND_POPULATION_ESTIMATES,INHERITED_RAW_OFFICIAL_ZIP_ARCHIVED_API_MATCH,NONE,-0.08614232209737827,CBP_2021_813410;NST-EST2023-ALLDATA.csv:POPESTIMATE2021;S6_CBP_DENSITY_20261002_v1
South Carolina,45,2022,0.046186272644760364,244,5282955,JULY_1_RESIDENT_POPULATION,VINTAGE_2023,813410,NAICS2017,ESTABLISHMENTS_PER_1000_RESIDENTS,DIRECT,1,0,CBP_EMPLOYER_813410,CENSUS_CBP_AND_POPULATION_ESTIMATES,INHERITED_RAW_OFFICIAL_ZIP_ARCHIVED_API_MATCH,NONE,0.0,CBP_2022_813410;NST-EST2023-ALLDATA.csv:POPESTIMATE2022;S6_CBP_DENSITY_20261002_v1
South Carolina,45,2023,0.045221459536563785,243,5373555,JULY_1_RESIDENT_POPULATION,VINTAGE_2023,813410,NAICS2017,ESTABLISHMENTS_PER_1000_RESIDENTS,DIRECT,1,0,CBP_EMPLOYER_813410,CENSUS_CBP_AND_POPULATION_ESTIMATES,INHERITED_RAW_OFFICIAL_ZIP_ARCHIVED_API_MATCH,NONE,-0.004098360655737654,CBP_2023_813410;NST-EST2023-ALLDATA.csv:POPESTIMATE2023;S6_CBP_DENSITY_20261002_v1
South Dakota,46,2000,0.24343647630992638,184,755844,JULY_1_RESIDENT_POPULATION,2010_INTERCENSAL,813410,NAICS1997,ESTABLISHMENTS_PER_1000_RESIDENTS,DIRECT,1,0,CBP_EMPLOYER_813410,CENSUS_CBP_AND_POPULATION_ESTIMATES,INHERITED_RAW_OFFICIAL_ZIP_ARCHIVED_API_MATCH,NONE,,CBP_2000_813410;st-est00int-alldata.csv:POPESTIMATE2000;S6_CBP_DENSITY_20261002_v1
South Dakota,46,2001,0.24275303045495086,184,757972,JULY_1_RESIDENT_POPULATION,2010_INTERCENSAL,813410,NAICS1997,ESTABLISHMENTS_PER_1000_RESIDENTS,DIRECT,1,0,CBP_EMPLOYER_813410,CENSUS_CBP_AND_POPULATION_ESTIMATES,INHERITED_RAW_OFFICIAL_ZIP_ARCHIVED_API_MATCH,NONE,0.0,CBP_2001_813410;st-est00int-alldata.csv:POPESTIMATE2001;S6_CBP_DENSITY_20261002_v1
South Dakota,46,2002,0.2407831372858609,183,760020,JULY_1_RESIDENT_POPULATION,2010_INTERCENSAL,813410,NAICS1997,ESTABLISHMENTS_PER_1000_RESIDENTS,DIRECT,1,0,CBP_EMPLOYER_813410,CENSUS_CBP_AND_POPULATION_ESTIMATES,INHERITED_RAW_OFFICIAL_ZIP_ARCHIVED_API_MATCH,NONE,-0.005434782608695676,CBP_2002_813410;st-est00int-alldata.csv:POPESTIMATE2002;S6_CBP_DENSITY_20261002_v1
South Dakota,46,2003,0.24616061456354285,188,763729,JULY_1_RESIDENT_POPULATION,2010_INTERCENSAL,813410,NAICS2002,ESTABLISHMENTS_PER_1000_RESIDENTS,DIRECT,1,0,CBP_EMPLOYER_813410,CENSUS_CBP_AND_POPULATION_ESTIMATES,INHERITED_RAW_OFFICIAL_ZIP_ARCHIVED_API_MATCH,CBP_AUXILIARY_TREATMENT_CHANGE;NAICS_REVISION_CORE_813410_UNCHANGED,0.02732240437158473,CBP_2003_813410;st-est00int-alldata.csv:POPESTIMATE2003;S6_CBP_DENSITY_20261002_v1
South Dakota,46,2004,0.24532837657516396,189,770396,JULY_1_RESIDENT_POPULATION,2010_INTERCENSAL,813410,NAICS2002,ESTABLISHMENTS_PER_1000_RESIDENTS,DIRECT,1,0,CBP_EMPLOYER_813410,CENSUS_CBP_AND_POPULATION_ESTIMATES,INHERITED_RAW_OFFICIAL_ZIP_ARCHIVED_API_MATCH,NONE,0.005319148936170137,CBP_2004_813410;st-est00int-alldata.csv:POPESTIMATE2004;S6_CBP_DENSITY_20261002_v1
South Dakota,46,2005,0.24500543525215573,190,775493,JULY_1_RESIDENT_POPULATION,2010_INTERCENSAL,813410,NAICS2002,ESTABLISHMENTS_PER_1000_RESIDENTS,DIRECT,1,0,CBP_EMPLOYER_813410,CENSUS_CBP_AND_POPULATION_ESTIMATES,INHERITED_RAW_OFFICIAL_ZIP_ARCHIVED_API_MATCH,NONE,0.005291005291005346,CBP_2005_813410;st-est00int-alldata.csv:POPESTIMATE2005;S6_CBP_DENSITY_20261002_v1
South Dakota,46,2006,0.22987536923731183,180,783033,JULY_1_RESIDENT_POPULATION,2010_INTERCENSAL,813410,NAICS2002,ESTABLISHMENTS_PER_1000_RESIDENTS,DIRECT,1,0,CBP_EMPLOYER_813410,CENSUS_CBP_AND_POPULATION_ESTIMATES,INHERITED_RAW_OFFICIAL_ZIP_ARCHIVED_API_MATCH,NONE,-0.052631578947368474,CBP_2006_813410;st-est00int-alldata.csv:POPESTIMATE2006;S6_CBP_DENSITY_20261002_v1
South Dakota,46,2007,0.2147486871907461,170,791623,JULY_1_RESIDENT_POPULATION,2010_INTERCENSAL,813410,NAICS2002,ESTABLISHMENTS_PER_1000_RESIDENTS,DIRECT,1,0,CBP_EMPLOYER_813410,CENSUS_CBP_AND_POPULATION_ESTIMATES,INHERITED_RAW_OFFICIAL_ZIP_ARCHIVED_API_MATCH,NONE,-0.05555555555555558,CBP_2007_813410;st-est00int-alldata.csv:POPESTIMATE2007;S6_CBP_DENSITY_20261002_v1
South Dakota,46,2008,0.20897883182084384,167,799124,JULY_1_RESIDENT_POPULATION,2010_INTERCENSAL,813410,NAICS2007,ESTABLISHMENTS_PER_1000_RESIDENTS,DIRECT,1,0,CBP_EMPLOYER_813410,CENSUS_CBP_AND_POPULATION_ESTIMATES,INHERITED_RAW_OFFICIAL_ZIP_ARCHIVED_API_MATCH,NAICS_REVISION_CORE_813410_UNCHANGED,-0.01764705882352946,CBP_2008_813410;st-est00int-alldata.csv:POPESTIMATE2008;S6_CBP_DENSITY_20261002_v1
South Dakota,46,2009,0.21187831989165706,171,807067,JULY_1_RESIDENT_POPULATION,2010_INTERCENSAL,813410,NAICS2007,ESTABLISHMENTS_PER_1000_RESIDENTS,DIRECT,1,0,CBP_EMPLOYER_813410,CENSUS_CBP_AND_POPULATION_ESTIMATES,INHERITED_RAW_OFFICIAL_ZIP_ARCHIVED_API_MATCH,NONE,0.0239520958083832,CBP_2009_813410;st-est00int-alldata.csv:POPESTIMATE2009;S6_CBP_DENSITY_20261002_v1
South Dakota,46,2010,0.20093286759381665,164,816193,JULY_1_RESIDENT_POPULATION,VINTAGE_2020,813410,NAICS2007,ESTABLISHMENTS_PER_1000_RESIDENTS,DIRECT,1,0,CBP_EMPLOYER_813410,CENSUS_CBP_AND_POPULATION_ESTIMATES,INHERITED_RAW_OFFICIAL_ZIP_ARCHIVED_API_MATCH,POPULATION_BENCHMARK_BOUNDARY,-0.040935672514619936,CBP_2010_813410;nst-est2020-alldata.csv:POPESTIMATE2010;S6_CBP_DENSITY_20261002_v1
South Dakota,46,2011,0.18938014422026367,156,823740,JULY_1_RESIDENT_POPULATION,VINTAGE_2020,813410,NAICS2007,ESTABLISHMENTS_PER_1000_RESIDENTS,DIRECT,1,0,CBP_EMPLOYER_813410,CENSUS_CBP_AND_POPULATION_ESTIMATES,INHERITED_RAW_OFFICIAL_ZIP_ARCHIVED_API_MATCH,NONE,-0.04878048780487809,CBP_2011_813410;nst-est2020-alldata.csv:POPESTIMATE2011;S6_CBP_DENSITY_20261002_v1
South Dakota,46,2012,0.19427744978467584,162,833859,JULY_1_RESIDENT_POPULATION,VINTAGE_2020,813410,NAICS2012,ESTABLISHMENTS_PER_1000_RESIDENTS,DIRECT,1,0,CBP_EMPLOYER_813410,CENSUS_CBP_AND_POPULATION_ESTIMATES,INHERITED_RAW_OFFICIAL_ZIP_ARCHIVED_API_MATCH,NAICS_REVISION_CORE_813410_UNCHANGED,0.03846153846153855,CBP_2012_813410;nst-est2020-alldata.csv:POPESTIMATE2012;S6_CBP_DENSITY_20261002_v1
South Dakota,46,2013,0.18866782715179214,159,842751,JULY_1_RESIDENT_POPULATION,VINTAGE_2020,813410,NAICS2012,ESTABLISHMENTS_PER_1000_RESIDENTS,DIRECT,1,0,CBP_EMPLOYER_813410,CENSUS_CBP_AND_POPULATION_ESTIMATES,INHERITED_RAW_OFFICIAL_ZIP_ARCHIVED_API_MATCH,NONE,-0.01851851851851849,CBP_2013_813410;nst-est2020-alldata.csv:POPESTIMATE2013;S6_CBP_DENSITY_20261002_v1
South Dakota,46,2014,0.1859545470594466,158,849670,JULY_1_RESIDENT_POPULATION,VINTAGE_2020,813410,NAICS2012,ESTABLISHMENTS_PER_1000_RESIDENTS,DIRECT,1,0,CBP_EMPLOYER_813410,CENSUS_CBP_AND_POPULATION_ESTIMATES,INHERITED_RAW_OFFICIAL_ZIP_ARCHIVED_API_MATCH,NONE,-0.0062893081761006275,CBP_2014_813410;nst-est2020-alldata.csv:POPESTIMATE2014;S6_CBP_DENSITY_20261002_v1
South Dakota,46,2015,0.18369813599044302,157,854663,JULY_1_RESIDENT_POPULATION,VINTAGE_2020,813410,NAICS2012,ESTABLISHMENTS_PER_1000_RESIDENTS,DIRECT,1,0,CBP_EMPLOYER_813410,CENSUS_CBP_AND_POPULATION_ESTIMATES,INHERITED_RAW_OFFICIAL_ZIP_ARCHIVED_API_MATCH,NONE,-0.006329113924050667,CBP_2015_813410;nst-est2020-alldata.csv:POPESTIMATE2015;S6_CBP_DENSITY_20261002_v1
South Dakota,46,2016,0.18293537171193933,158,863693,JULY_1_RESIDENT_POPULATION,VINTAGE_2020,813410,NAICS2012,ESTABLISHMENTS_PER_1000_RESIDENTS,DIRECT,1,0,CBP_EMPLOYER_813410,CENSUS_CBP_AND_POPULATION_ESTIMATES,INHERITED_RAW_OFFICIAL_ZIP_ARCHIVED_API_MATCH,NONE,0.006369426751592355,CBP_2016_813410;nst-est2020-alldata.csv:POPESTIMATE2016;S6_CBP_DENSITY_20261002_v1
South Dakota,46,2017,0.18312251353962083,160,873732,JULY_1_RESIDENT_POPULATION,VINTAGE_2020,813410,NAICS2017,ESTABLISHMENTS_PER_1000_RESIDENTS,DIRECT,1,0,CBP_EMPLOYER_813410,CENSUS_CBP_AND_POPULATION_ESTIMATES,INHERITED_RAW_OFFICIAL_ZIP_ARCHIVED_API_MATCH,NAICS_REVISION_CORE_813410_UNCHANGED,0.012658227848101333,CBP_2017_813410;nst-est2020-alldata.csv:POPESTIMATE2017;S6_CBP_DENSITY_20261002_v1
South Dakota,46,2018,0.17057355927886048,150,879386,JULY_1_RESIDENT_POPULATION,VINTAGE_2020,813410,NAICS2017,ESTABLISHMENTS_PER_1000_RESIDENTS,DIRECT,1,0,CBP_EMPLOYER_813410,CENSUS_CBP_AND_POPULATION_ESTIMATES,INHERITED_RAW_OFFICIAL_ZIP_ARCHIVED_API_MATCH,NONE,-0.0625,CBP_2018_813410;nst-est2020-alldata.csv:POPESTIMATE2018;S6_CBP_DENSITY_20261002_v1
South Dakota,46,2019,0.1645762106214781,146,887127,JULY_1_RESIDENT_POPULATION,VINTAGE_2020,813410,NAICS2017,ESTABLISHMENTS_PER_1000_RESIDENTS,DIRECT,1,0,CBP_EMPLOYER_813410,CENSUS_CBP_AND_POPULATION_ESTIMATES,INHERITED_RAW_OFFICIAL_ZIP_ARCHIVED_API_MATCH,NONE,-0.026666666666666616,CBP_2019_813410;nst-est2020-alldata.csv:POPESTIMATE2019;S6_CBP_DENSITY_20261002_v1
South Dakota,46,2020,0.15543131062384272,138,887852,JULY_1_RESIDENT_POPULATION,VINTAGE_2023,813410,NAICS2017,ESTABLISHMENTS_PER_1000_RESIDENTS,DIRECT,1,0,CBP_EMPLOYER_813410,CENSUS_CBP_AND_POPULATION_ESTIMATES,INHERITED_RAW_OFFICIAL_ZIP_ARCHIVED_API_MATCH,POPULATION_BENCHMARK_BOUNDARY,-0.0547945205479452,CBP_2020_813410;NST-EST2023-ALLDATA.csv:POPESTIMATE2020;S6_CBP_DENSITY_20261002_v1
South Dakota,46,2021,0.14057808833882443,126,896299,JULY_1_RESIDENT_POPULATION,VINTAGE_2023,813410,NAICS2017,ESTABLISHMENTS_PER_1000_RESIDENTS,DIRECT,1,0,CBP_EMPLOYER_813410,CENSUS_CBP_AND_POPULATION_ESTIMATES,INHERITED_RAW_OFFICIAL_ZIP_ARCHIVED_API_MATCH,NONE,-0.08695652173913049,CBP_2021_813410;NST-EST2023-ALLDATA.csv:POPESTIMATE2021;S6_CBP_DENSITY_20261002_v1
South Dakota,46,2022,0.1373824143915223,125,909869,JULY_1_RESIDENT_POPULATION,VINTAGE_2023,813410,NAICS2017,ESTABLISHMENTS_PER_1000_RESIDENTS,DIRECT,1,0,CBP_EMPLOYER_813410,CENSUS_CBP_AND_POPULATION_ESTIMATES,INHERITED_RAW_OFFICIAL_ZIP_ARCHIVED_API_MATCH,NONE,-0.007936507936507908,CBP_2022_813410;NST-EST2023-ALLDATA.csv:POPESTIMATE2022;S6_CBP_DENSITY_20261002_v1
South Dakota,46,2023,0.14032141217728794,129,919318,JULY_1_RESIDENT_POPULATION,VINTAGE_2023,813410,NAICS2017,ESTABLISHMENTS_PER_1000_RESIDENTS,DIRECT,1,0,CBP_EMPLOYER_813410,CENSUS_CBP_AND_POPULATION_ESTIMATES,INHERITED_RAW_OFFICIAL_ZIP_ARCHIVED_API_MATCH,NONE,0.03200000000000003,CBP_2023_813410;NST-EST2023-ALLDATA.csv:POPESTIMATE2023;S6_CBP_DENSITY_20261002_v1
Tennessee,47,2000,0.08555821210687273,488,5703719,JULY_1_RESIDENT_POPULATION,2010_INTERCENSAL,813410,NAICS1997,ESTABLISHMENTS_PER_1000_RESIDENTS,DIRECT,1,0,CBP_EMPLOYER_813410,CENSUS_CBP_AND_POPULATION_ESTIMATES,INHERITED_RAW_OFFICIAL_ZIP_ARCHIVED_API_MATCH,NONE,,CBP_2000_813410;st-est00int-alldata.csv:POPESTIMATE2000;S6_CBP_DENSITY_20261002_v1
Tennessee,47,2001,0.08572736714909902,493,5750789,JULY_1_RESIDENT_POPULATION,2010_INTERCENSAL,813410,NAICS1997,ESTABLISHMENTS_PER_1000_RESIDENTS,DIRECT,1,0,CBP_EMPLOYER_813410,CENSUS_CBP_AND_POPULATION_ESTIMATES,INHERITED_RAW_OFFICIAL_ZIP_ARCHIVED_API_MATCH,NONE,0.010245901639344357,CBP_2001_813410;st-est00int-alldata.csv:POPESTIMATE2001;S6_CBP_DENSITY_20261002_v1
Tennessee,47,2002,0.08350704754622132,484,5795918,JULY_1_RESIDENT_POPULATION,2010_INTERCENSAL,813410,NAICS1997,ESTABLISHMENTS_PER_1000_RESIDENTS,DIRECT,1,0,CBP_EMPLOYER_813410,CENSUS_CBP_AND_POPULATION_ESTIMATES,INHERITED_RAW_OFFICIAL_ZIP_ARCHIVED_API_MATCH,NONE,-0.018255578093306246,CBP_2002_813410;st-est00int-alldata.csv:POPESTIMATE2002;S6_CBP_DENSITY_20261002_v1
Tennessee,47,2003,0.08259499450392728,483,5847812,JULY_1_RESIDENT_POPULATION,2010_INTERCENSAL,813410,NAICS2002,ESTABLISHMENTS_PER_1000_RESIDENTS,DIRECT,1,0,CBP_EMPLOYER_813410,CENSUS_CBP_AND_POPULATION_ESTIMATES,INHERITED_RAW_OFFICIAL_ZIP_ARCHIVED_API_MATCH,CBP_AUXILIARY_TREATMENT_CHANGE;NAICS_REVISION_CORE_813410_UNCHANGED,-0.0020661157024793875,CBP_2003_813410;st-est00int-alldata.csv:POPESTIMATE2003;S6_CBP_DENSITY_20261002_v1
Tennessee,47,2004,0.08306815530665938,491,5910809,JULY_1_RESIDENT_POPULATION,2010_INTERCENSAL,813410,NAICS2002,ESTABLISHMENTS_PER_1000_RESIDENTS,DIRECT,1,0,CBP_EMPLOYER_813410,CENSUS_CBP_AND_POPULATION_ESTIMATES,INHERITED_RAW_OFFICIAL_ZIP_ARCHIVED_API_MATCH,NONE,0.016563146997929712,CBP_2004_813410;st-est00int-alldata.csv:POPESTIMATE2004;S6_CBP_DENSITY_20261002_v1
Tennessee,47,2005,0.08429230434629481,505,5991057,JULY_1_RESIDENT_POPULATION,2010_INTERCENSAL,813410,NAICS2002,ESTABLISHMENTS_PER_1000_RESIDENTS,DIRECT,1,0,CBP_EMPLOYER_813410,CENSUS_CBP_AND_POPULATION_ESTIMATES,INHERITED_RAW_OFFICIAL_ZIP_ARCHIVED_API_MATCH,NONE,0.02851323828920571,CBP_2005_813410;st-est00int-alldata.csv:POPESTIMATE2005;S6_CBP_DENSITY_20261002_v1
Tennessee,47,2006,0.07899794473954165,481,6088766,JULY_1_RESIDENT_POPULATION,2010_INTERCENSAL,813410,NAICS2002,ESTABLISHMENTS_PER_1000_RESIDENTS,DIRECT,1,0,CBP_EMPLOYER_813410,CENSUS_CBP_AND_POPULATION_ESTIMATES,INHERITED_RAW_OFFICIAL_ZIP_ARCHIVED_API_MATCH,NONE,-0.04752475247524757,CBP_2006_813410;st-est00int-alldata.csv:POPESTIMATE2006;S6_CBP_DENSITY_20261002_v1
Tennessee,47,2007,0.07221821819520195,446,6175727,JULY_1_RESIDENT_POPULATION,2010_INTERCENSAL,813410,NAICS2002,ESTABLISHMENTS_PER_1000_RESIDENTS,DIRECT,1,0,CBP_EMPLOYER_813410,CENSUS_CBP_AND_POPULATION_ESTIMATES,INHERITED_RAW_OFFICIAL_ZIP_ARCHIVED_API_MATCH,NONE,-0.07276507276507271,CBP_2007_813410;st-est00int-alldata.csv:POPESTIMATE2007;S6_CBP_DENSITY_20261002_v1
Tennessee,47,2008,0.0683483126050135,427,6247411,JULY_1_RESIDENT_POPULATION,2010_INTERCENSAL,813410,NAICS2007,ESTABLISHMENTS_PER_1000_RESIDENTS,DIRECT,1,0,CBP_EMPLOYER_813410,CENSUS_CBP_AND_POPULATION_ESTIMATES,INHERITED_RAW_OFFICIAL_ZIP_ARCHIVED_API_MATCH,NAICS_REVISION_CORE_813410_UNCHANGED,-0.04260089686098656,CBP_2008_813410;st-est00int-alldata.csv:POPESTIMATE2008;S6_CBP_DENSITY_20261002_v1
Tennessee,47,2009,0.06581014107315566,415,6306019,JULY_1_RESIDENT_POPULATION,2010_INTERCENSAL,813410,NAICS2007,ESTABLISHMENTS_PER_1000_RESIDENTS,DIRECT,1,0,CBP_EMPLOYER_813410,CENSUS_CBP_AND_POPULATION_ESTIMATES,INHERITED_RAW_OFFICIAL_ZIP_ARCHIVED_API_MATCH,NONE,-0.02810304449648715,CBP_2009_813410;st-est00int-alldata.csv:POPESTIMATE2009;S6_CBP_DENSITY_20261002_v1
Tennessee,47,2010,0.06655633734339199,423,6355518,JULY_1_RESIDENT_POPULATION,VINTAGE_2020,813410,NAICS2007,ESTABLISHMENTS_PER_1000_RESIDENTS,DIRECT,1,0,CBP_EMPLOYER_813410,CENSUS_CBP_AND_POPULATION_ESTIMATES,INHERITED_RAW_OFFICIAL_ZIP_ARCHIVED_API_MATCH,POPULATION_BENCHMARK_BOUNDARY,0.01927710843373487,CBP_2010_813410;nst-est2020-alldata.csv:POPESTIMATE2010;S6_CBP_DENSITY_20261002_v1
Tennessee,47,2011,0.06343454632893657,406,6400298,JULY_1_RESIDENT_POPULATION,VINTAGE_2020,813410,NAICS2007,ESTABLISHMENTS_PER_1000_RESIDENTS,DIRECT,1,0,CBP_EMPLOYER_813410,CENSUS_CBP_AND_POPULATION_ESTIMATES,INHERITED_RAW_OFFICIAL_ZIP_ARCHIVED_API_MATCH,NONE,-0.04018912529550822,CBP_2011_813410;nst-est2020-alldata.csv:POPESTIMATE2011;S6_CBP_DENSITY_20261002_v1
Tennessee,47,2012,0.06196024878279091,400,6455752,JULY_1_RESIDENT_POPULATION,VINTAGE_2020,813410,NAICS2012,ESTABLISHMENTS_PER_1000_RESIDENTS,DIRECT,1,0,CBP_EMPLOYER_813410,CENSUS_CBP_AND_POPULATION_ESTIMATES,INHERITED_RAW_OFFICIAL_ZIP_ARCHIVED_API_MATCH,NAICS_REVISION_CORE_813410_UNCHANGED,-0.014778325123152691,CBP_2012_813410;nst-est2020-alldata.csv:POPESTIMATE2012;S6_CBP_DENSITY_20261002_v1
Tennessee,47,2013,0.06233700988295572,405,6496943,JULY_1_RESIDENT_POPULATION,VINTAGE_2020,813410,NAICS2012,ESTABLISHMENTS_PER_1000_RESIDENTS,DIRECT,1,0,CBP_EMPLOYER_813410,CENSUS_CBP_AND_POPULATION_ESTIMATES,INHERITED_RAW_OFFICIAL_ZIP_ARCHIVED_API_MATCH,NONE,0.012499999999999956,CBP_2013_813410;nst-est2020-alldata.csv:POPESTIMATE2013;S6_CBP_DENSITY_20261002_v1
Tennessee,47,2014,0.06264690508245173,410,6544617,JULY_1_RESIDENT_POPULATION,VINTAGE_2020,813410,NAICS2012,ESTABLISHMENTS_PER_1000_RESIDENTS,DIRECT,1,0,CBP_EMPLOYER_813410,CENSUS_CBP_AND_POPULATION_ESTIMATES,INHERITED_RAW_OFFICIAL_ZIP_ARCHIVED_API_MATCH,NONE,0.012345679012345734,CBP_2014_813410;nst-est2020-alldata.csv:POPESTIMATE2014;S6_CBP_DENSITY_20261002_v1
Tennessee,47,2015,0.061406863073612115,405,6595354,JULY_1_RESIDENT_POPULATION,VINTAGE_2020,813410,NAICS2012,ESTABLISHMENTS_PER_1000_RESIDENTS,DIRECT,1,0,CBP_EMPLOYER_813410,CENSUS_CBP_AND_POPULATION_ESTIMATES,INHERITED_RAW_OFFICIAL_ZIP_ARCHIVED_API_MATCH,NONE,-0.012195121951219523,CBP_2015_813410;nst-est2020-alldata.csv:POPESTIMATE2015;S6_CBP_DENSITY_20261002_v1
Tennessee,47,2016,0.06013882747628764,400,6651277,JULY_1_RESIDENT_POPULATION,VINTAGE_2020,813410,NAICS2012,ESTABLISHMENTS_PER_1000_RESIDENTS,DIRECT,1,0,CBP_EMPLOYER_813410,CENSUS_CBP_AND_POPULATION_ESTIMATES,INHERITED_RAW_OFFICIAL_ZIP_ARCHIVED_API_MATCH,NONE,-0.012345679012345734,CBP_2016_813410;nst-est2020-alldata.csv:POPESTIMATE2016;S6_CBP_DENSITY_20261002_v1
Tennessee,47,2017,0.059719292518498085,401,6714748,JULY_1_RESIDENT_POPULATION,VINTAGE_2020,813410,NAICS2017,ESTABLISHMENTS_PER_1000_RESIDENTS,DIRECT,1,0,CBP_EMPLOYER_813410,CENSUS_CBP_AND_POPULATION_ESTIMATES,INHERITED_RAW_OFFICIAL_ZIP_ARCHIVED_API_MATCH,NAICS_REVISION_CORE_813410_UNCHANGED,0.0024999999999999467,CBP_2017_813410;nst-est2020-alldata.csv:POPESTIMATE2017;S6_CBP_DENSITY_20261002_v1
Tennessee,47,2018,0.059750552508195415,405,6778180,JULY_1_RESIDENT_POPULATION,VINTAGE_2020,813410,NAICS2017,ESTABLISHMENTS_PER_1000_RESIDENTS,DIRECT,1,0,CBP_EMPLOYER_813410,CENSUS_CBP_AND_POPULATION_ESTIMATES,INHERITED_RAW_OFFICIAL_ZIP_ARCHIVED_API_MATCH,NONE,0.009975062344139696,CBP_2018_813410;nst-est2020-alldata.csv:POPESTIMATE2018;S6_CBP_DENSITY_20261002_v1
Tennessee,47,2019,0.061490485445421704,420,6830325,JULY_1_RESIDENT_POPULATION,VINTAGE_2020,813410,NAICS2017,ESTABLISHMENTS_PER_1000_RESIDENTS,DIRECT,1,0,CBP_EMPLOYER_813410,CENSUS_CBP_AND_POPULATION_ESTIMATES,INHERITED_RAW_OFFICIAL_ZIP_ARCHIVED_API_MATCH,NONE,0.03703703703703698,CBP_2019_813410;nst-est2020-alldata.csv:POPESTIMATE2019;S6_CBP_DENSITY_20261002_v1
Tennessee,47,2020,0.05977397640313995,414,6926091,JULY_1_RESIDENT_POPULATION,VINTAGE_2023,813410,NAICS2017,ESTABLISHMENTS_PER_1000_RESIDENTS,DIRECT,1,0,CBP_EMPLOYER_813410,CENSUS_CBP_AND_POPULATION_ESTIMATES,INHERITED_RAW_OFFICIAL_ZIP_ARCHIVED_API_MATCH,POPULATION_BENCHMARK_BOUNDARY,-0.014285714285714235,CBP_2020_813410;NST-EST2023-ALLDATA.csv:POPESTIMATE2020;S6_CBP_DENSITY_20261002_v1
Tennessee,47,2021,0.05643544266424688,393,6963709,JULY_1_RESIDENT_POPULATION,VINTAGE_2023,813410,NAICS2017,ESTABLISHMENTS_PER_1000_RESIDENTS,DIRECT,1,0,CBP_EMPLOYER_813410,CENSUS_CBP_AND_POPULATION_ESTIMATES,INHERITED_RAW_OFFICIAL_ZIP_ARCHIVED_API_MATCH,NONE,-0.050724637681159424,CBP_2021_813410;NST-EST2023-ALLDATA.csv:POPESTIMATE2021;S6_CBP_DENSITY_20261002_v1
Tennessee,47,2022,0.05589464342054789,394,7048976,JULY_1_RESIDENT_POPULATION,VINTAGE_2023,813410,NAICS2017,ESTABLISHMENTS_PER_1000_RESIDENTS,DIRECT,1,0,CBP_EMPLOYER_813410,CENSUS_CBP_AND_POPULATION_ESTIMATES,INHERITED_RAW_OFFICIAL_ZIP_ARCHIVED_API_MATCH,NONE,0.0025445292620864812,CBP_2022_813410;NST-EST2023-ALLDATA.csv:POPESTIMATE2022;S6_CBP_DENSITY_20261002_v1
Tennessee,47,2023,0.05290122527376384,377,7126489,JULY_1_RESIDENT_POPULATION,VINTAGE_2023,813410,NAICS2017,ESTABLISHMENTS_PER_1000_RESIDENTS,DIRECT,1,0,CBP_EMPLOYER_813410,CENSUS_CBP_AND_POPULATION_ESTIMATES,INHERITED_RAW_OFFICIAL_ZIP_ARCHIVED_API_MATCH,NONE,-0.043147208121827374,CBP_2023_813410;NST-EST2023-ALLDATA.csv:POPESTIMATE2023;S6_CBP_DENSITY_20261002_v1
Texas,48,2000,0.09401036520377021,1969,20944499,JULY_1_RESIDENT_POPULATION,2010_INTERCENSAL,813410,NAICS1997,ESTABLISHMENTS_PER_1000_RESIDENTS,DIRECT,1,0,CBP_EMPLOYER_813410,CENSUS_CBP_AND_POPULATION_ESTIMATES,INHERITED_RAW_OFFICIAL_ZIP_ARCHIVED_API_MATCH,NONE,,CBP_2000_813410;st-est00int-alldata.csv:POPESTIMATE2000;S6_CBP_DENSITY_20261002_v1
Texas,48,2001,0.09305981128558471,1984,21319622,JULY_1_RESIDENT_POPULATION,2010_INTERCENSAL,813410,NAICS1997,ESTABLISHMENTS_PER_1000_RESIDENTS,DIRECT,1,0,CBP_EMPLOYER_813410,CENSUS_CBP_AND_POPULATION_ESTIMATES,INHERITED_RAW_OFFICIAL_ZIP_ARCHIVED_API_MATCH,NONE,0.0076180802437786355,CBP_2001_813410;st-est00int-alldata.csv:POPESTIMATE2001;S6_CBP_DENSITY_20261002_v1
Texas,48,2002,0.09036286915940632,1960,21690325,JULY_1_RESIDENT_POPULATION,2010_INTERCENSAL,813410,NAICS1997,ESTABLISHMENTS_PER_1000_RESIDENTS,DIRECT,1,0,CBP_EMPLOYER_813410,CENSUS_CBP_AND_POPULATION_ESTIMATES,INHERITED_RAW_OFFICIAL_ZIP_ARCHIVED_API_MATCH,NONE,-0.012096774193548376,CBP_2002_813410;st-est00int-alldata.csv:POPESTIMATE2002;S6_CBP_DENSITY_20261002_v1
Texas,48,2003,0.0901459861137961,1986,22030931,JULY_1_RESIDENT_POPULATION,2010_INTERCENSAL,813410,NAICS2002,ESTABLISHMENTS_PER_1000_RESIDENTS,DIRECT,1,0,CBP_EMPLOYER_813410,CENSUS_CBP_AND_POPULATION_ESTIMATES,INHERITED_RAW_OFFICIAL_ZIP_ARCHIVED_API_MATCH,CBP_AUXILIARY_TREATMENT_CHANGE;NAICS_REVISION_CORE_813410_UNCHANGED,0.013265306122449028,CBP_2003_813410;st-est00int-alldata.csv:POPESTIMATE2003;S6_CBP_DENSITY_20261002_v1
Texas,48,2004,0.08716611570864244,1952,22394023,JULY_1_RESIDENT_POPULATION,2010_INTERCENSAL,813410,NAICS2002,ESTABLISHMENTS_PER_1000_RESIDENTS,DIRECT,1,0,CBP_EMPLOYER_813410,CENSUS_CBP_AND_POPULATION_ESTIMATES,INHERITED_RAW_OFFICIAL_ZIP_ARCHIVED_API_MATCH,NONE,-0.017119838872104776,CBP_2004_813410;st-est00int-alldata.csv:POPESTIMATE2004;S6_CBP_DENSITY_20261002_v1
Texas,48,2005,0.08451091426628964,1925,22778123,JULY_1_RESIDENT_POPULATION,2010_INTERCENSAL,813410,NAICS2002,ESTABLISHMENTS_PER_1000_RESIDENTS,DIRECT,1,0,CBP_EMPLOYER_813410,CENSUS_CBP_AND_POPULATION_ESTIMATES,INHERITED_RAW_OFFICIAL_ZIP_ARCHIVED_API_MATCH,NONE,-0.013831967213114749,CBP_2005_813410;st-est00int-alldata.csv:POPESTIMATE2005;S6_CBP_DENSITY_20261002_v1
Texas,48,2006,0.0796675282689158,1861,23359580,JULY_1_RESIDENT_POPULATION,2010_INTERCENSAL,813410,NAICS2002,ESTABLISHMENTS_PER_1000_RESIDENTS,DIRECT,1,0,CBP_EMPLOYER_813410,CENSUS_CBP_AND_POPULATION_ESTIMATES,INHERITED_RAW_OFFICIAL_ZIP_ARCHIVED_API_MATCH,NONE,-0.0332467532467533,CBP_2006_813410;st-est00int-alldata.csv:POPESTIMATE2006;S6_CBP_DENSITY_20261002_v1
Texas,48,2007,0.07389229842938373,1761,23831983,JULY_1_RESIDENT_POPULATION,2010_INTERCENSAL,813410,NAICS2002,ESTABLISHMENTS_PER_1000_RESIDENTS,DIRECT,1,0,CBP_EMPLOYER_813410,CENSUS_CBP_AND_POPULATION_ESTIMATES,INHERITED_RAW_OFFICIAL_ZIP_ARCHIVED_API_MATCH,NONE,-0.053734551316496515,CBP_2007_813410;st-est00int-alldata.csv:POPESTIMATE2007;S6_CBP_DENSITY_20261002_v1
Texas,48,2008,0.06894554737437378,1676,24309039,JULY_1_RESIDENT_POPULATION,2010_INTERCENSAL,813410,NAICS2007,ESTABLISHMENTS_PER_1000_RESIDENTS,DIRECT,1,0,CBP_EMPLOYER_813410,CENSUS_CBP_AND_POPULATION_ESTIMATES,INHERITED_RAW_OFFICIAL_ZIP_ARCHIVED_API_MATCH,NAICS_REVISION_CORE_813410_UNCHANGED,-0.048268029528676926,CBP_2008_813410;st-est00int-alldata.csv:POPESTIMATE2008;S6_CBP_DENSITY_20261002_v1
Texas,48,2009,0.06527762282686297,1619,24801761,JULY_1_RESIDENT_POPULATION,2010_INTERCENSAL,813410,NAICS2007,ESTABLISHMENTS_PER_1000_RESIDENTS,DIRECT,1,0,CBP_EMPLOYER_813410,CENSUS_CBP_AND_POPULATION_ESTIMATES,INHERITED_RAW_OFFICIAL_ZIP_ARCHIVED_API_MATCH,NONE,-0.03400954653937949,CBP_2009_813410;st-est00int-alldata.csv:POPESTIMATE2009;S6_CBP_DENSITY_20261002_v1
Texas,48,2010,0.06421862825919937,1621,25241897,JULY_1_RESIDENT_POPULATION,VINTAGE_2020,813410,NAICS2007,ESTABLISHMENTS_PER_1000_RESIDENTS,DIRECT,1,0,CBP_EMPLOYER_813410,CENSUS_CBP_AND_POPULATION_ESTIMATES,INHERITED_RAW_OFFICIAL_ZIP_ARCHIVED_API_MATCH,POPULATION_BENCHMARK_BOUNDARY,0.001235330450895633,CBP_2010_813410;nst-est2020-alldata.csv:POPESTIMATE2010;S6_CBP_DENSITY_20261002_v1
Texas,48,2011,0.06110232811178132,1567,25645504,JULY_1_RESIDENT_POPULATION,VINTAGE_2020,813410,NAICS2007,ESTABLISHMENTS_PER_1000_RESIDENTS,DIRECT,1,0,CBP_EMPLOYER_813410,CENSUS_CBP_AND_POPULATION_ESTIMATES,INHERITED_RAW_OFFICIAL_ZIP_ARCHIVED_API_MATCH,NONE,-0.03331276989512644,CBP_2011_813410;nst-est2020-alldata.csv:POPESTIMATE2011;S6_CBP_DENSITY_20261002_v1
Texas,48,2012,0.05811965287692281,1516,26084120,JULY_1_RESIDENT_POPULATION,VINTAGE_2020,813410,NAICS2012,ESTABLISHMENTS_PER_1000_RESIDENTS,DIRECT,1,0,CBP_EMPLOYER_813410,CENSUS_CBP_AND_POPULATION_ESTIMATES,INHERITED_RAW_OFFICIAL_ZIP_ARCHIVED_API_MATCH,NAICS_REVISION_CORE_813410_UNCHANGED,-0.03254626675175498,CBP_2012_813410;nst-est2020-alldata.csv:POPESTIMATE2012;S6_CBP_DENSITY_20261002_v1
Texas,48,2013,0.05509892390555372,1459,26479646,JULY_1_RESIDENT_POPULATION,VINTAGE_2020,813410,NAICS2012,ESTABLISHMENTS_PER_1000_RESIDENTS,DIRECT,1,0,CBP_EMPLOYER_813410,CENSUS_CBP_AND_POPULATION_ESTIMATES,INHERITED_RAW_OFFICIAL_ZIP_ARCHIVED_API_MATCH,NONE,-0.03759894459102897,CBP_2013_813410;nst-est2020-alldata.csv:POPESTIMATE2013;S6_CBP_DENSITY_20261002_v1
Texas,48,2014,0.053554688757506,1444,26963092,JULY_1_RESIDENT_POPULATION,VINTAGE_2020,813410,NAICS2012,ESTABLISHMENTS_PER_1000_RESIDENTS,DIRECT,1,0,CBP_EMPLOYER_813410,CENSUS_CBP_AND_POPULATION_ESTIMATES,INHERITED_RAW_OFFICIAL_ZIP_ARCHIVED_API_MATCH,NONE,-0.010281014393420107,CBP_2014_813410;nst-est2020-alldata.csv:POPESTIMATE2014;S6_CBP_DENSITY_20261002_v1
Texas,48,2015,0.05165911493410405,1419,27468531,JULY_1_RESIDENT_POPULATION,VINTAGE_2020,813410,NAICS2012,ESTABLISHMENTS_PER_1000_RESIDENTS,DIRECT,1,0,CBP_EMPLOYER_813410,CENSUS_CBP_AND_POPULATION_ESTIMATES,INHERITED_RAW_OFFICIAL_ZIP_ARCHIVED_API_MATCH,NONE,-0.01731301939058172,CBP_2015_813410;nst-est2020-alldata.csv:POPESTIMATE2015;S6_CBP_DENSITY_20261002_v1
Texas,48,2016,0.05334228652624713,1489,27914064,JULY_1_RESIDENT_POPULATION,VINTAGE_2020,813410,NAICS2012,ESTABLISHMENTS_PER_1000_RESIDENTS,DIRECT,1,0,CBP_EMPLOYER_813410,CENSUS_CBP_AND_POPULATION_ESTIMATES,INHERITED_RAW_OFFICIAL_ZIP_ARCHIVED_API_MATCH,NONE,0.04933051444679348,CBP_2016_813410;nst-est2020-alldata.csv:POPESTIMATE2016;S6_CBP_DENSITY_20261002_v1
Texas,48,2017,0.05358590060225463,1516,28291024,JULY_1_RESIDENT_POPULATION,VINTAGE_2020,813410,NAICS2017,ESTABLISHMENTS_PER_1000_RESIDENTS,DIRECT,1,0,CBP_EMPLOYER_813410,CENSUS_CBP_AND_POPULATION_ESTIMATES,INHERITED_RAW_OFFICIAL_ZIP_ARCHIVED_API_MATCH,NAICS_REVISION_CORE_813410_UNCHANGED,0.01813297515110812,CBP_2017_813410;nst-est2020-alldata.csv:POPESTIMATE2017;S6_CBP_DENSITY_20261002_v1
Texas,48,2018,0.05041124818529987,1443,28624564,JULY_1_RESIDENT_POPULATION,VINTAGE_2020,813410,NAICS2017,ESTABLISHMENTS_PER_1000_RESIDENTS,DIRECT,1,0,CBP_EMPLOYER_813410,CENSUS_CBP_AND_POPULATION_ESTIMATES,INHERITED_RAW_OFFICIAL_ZIP_ARCHIVED_API_MATCH,NONE,-0.04815303430079154,CBP_2018_813410;nst-est2020-alldata.csv:POPESTIMATE2018;S6_CBP_DENSITY_20261002_v1
Texas,48,2019,0.05147171501615529,1492,28986794,JULY_1_RESIDENT_POPULATION,VINTAGE_2020,813410,NAICS2017,ESTABLISHMENTS_PER_1000_RESIDENTS,DIRECT,1,0,CBP_EMPLOYER_813410,CENSUS_CBP_AND_POPULATION_ESTIMATES,INHERITED_RAW_OFFICIAL_ZIP_ARCHIVED_API_MATCH,NONE,0.033957033957033866,CBP_2019_813410;nst-est2020-alldata.csv:POPESTIMATE2019;S6_CBP_DENSITY_20261002_v1
Texas,48,2020,0.04874401051557105,1425,29234361,JULY_1_RESIDENT_POPULATION,VINTAGE_2023,813410,NAICS2017,ESTABLISHMENTS_PER_1000_RESIDENTS,DIRECT,1,0,CBP_EMPLOYER_813410,CENSUS_CBP_AND_POPULATION_ESTIMATES,INHERITED_RAW_OFFICIAL_ZIP_ARCHIVED_API_MATCH,POPULATION_BENCHMARK_BOUNDARY,-0.044906166219839116,CBP_2020_813410;NST-EST2023-ALLDATA.csv:POPESTIMATE2020;S6_CBP_DENSITY_20261002_v1
Texas,48,2021,0.046919474342219075,1387,29561286,JULY_1_RESIDENT_POPULATION,VINTAGE_2023,813410,NAICS2017,ESTABLISHMENTS_PER_1000_RESIDENTS,DIRECT,1,0,CBP_EMPLOYER_813410,CENSUS_CBP_AND_POPULATION_ESTIMATES,INHERITED_RAW_OFFICIAL_ZIP_ARCHIVED_API_MATCH,NONE,-0.026666666666666616,CBP_2021_813410;NST-EST2023-ALLDATA.csv:POPESTIMATE2021;S6_CBP_DENSITY_20261002_v1
Texas,48,2022,0.04608747936386492,1384,30029848,JULY_1_RESIDENT_POPULATION,VINTAGE_2023,813410,NAICS2017,ESTABLISHMENTS_PER_1000_RESIDENTS,DIRECT,1,0,CBP_EMPLOYER_813410,CENSUS_CBP_AND_POPULATION_ESTIMATES,INHERITED_RAW_OFFICIAL_ZIP_ARCHIVED_API_MATCH,NONE,-0.00216294160057684,CBP_2022_813410;NST-EST2023-ALLDATA.csv:POPESTIMATE2022;S6_CBP_DENSITY_20261002_v1
Texas,48,2023,0.04592945530714856,1401,30503301,JULY_1_RESIDENT_POPULATION,VINTAGE_2023,813410,NAICS2017,ESTABLISHMENTS_PER_1000_RESIDENTS,DIRECT,1,0,CBP_EMPLOYER_813410,CENSUS_CBP_AND_POPULATION_ESTIMATES,INHERITED_RAW_OFFICIAL_ZIP_ARCHIVED_API_MATCH,NONE,0.012283236994219626,CBP_2023_813410;NST-EST2023-ALLDATA.csv:POPESTIMATE2023;S6_CBP_DENSITY_20261002_v1
Utah,49,2000,0.06772103566849128,152,2244502,JULY_1_RESIDENT_POPULATION,2010_INTERCENSAL,813410,NAICS1997,ESTABLISHMENTS_PER_1000_RESIDENTS,DIRECT,1,0,CBP_EMPLOYER_813410,CENSUS_CBP_AND_POPULATION_ESTIMATES,INHERITED_RAW_OFFICIAL_ZIP_ARCHIVED_API_MATCH,NONE,,CBP_2000_813410;st-est00int-alldata.csv:POPESTIMATE2000;S6_CBP_DENSITY_20261002_v1
Utah,49,2001,0.06874763269497289,157,2283715,JULY_1_RESIDENT_POPULATION,2010_INTERCENSAL,813410,NAICS1997,ESTABLISHMENTS_PER_1000_RESIDENTS,DIRECT,1,0,CBP_EMPLOYER_813410,CENSUS_CBP_AND_POPULATION_ESTIMATES,INHERITED_RAW_OFFICIAL_ZIP_ARCHIVED_API_MATCH,NONE,0.03289473684210531,CBP_2001_813410;st-est00int-alldata.csv:POPESTIMATE2001;S6_CBP_DENSITY_20261002_v1
Utah,49,2002,0.06710211350150441,156,2324815,JULY_1_RESIDENT_POPULATION,2010_INTERCENSAL,813410,NAICS1997,ESTABLISHMENTS_PER_1000_RESIDENTS,DIRECT,1,0,CBP_EMPLOYER_813410,CENSUS_CBP_AND_POPULATION_ESTIMATES,INHERITED_RAW_OFFICIAL_ZIP_ARCHIVED_API_MATCH,NONE,-0.006369426751592355,CBP_2002_813410;st-est00int-alldata.csv:POPESTIMATE2002;S6_CBP_DENSITY_20261002_v1
Utah,49,2003,0.06609785787858925,156,2360137,JULY_1_RESIDENT_POPULATION,2010_INTERCENSAL,813410,NAICS2002,ESTABLISHMENTS_PER_1000_RESIDENTS,DIRECT,1,0,CBP_EMPLOYER_813410,CENSUS_CBP_AND_POPULATION_ESTIMATES,INHERITED_RAW_OFFICIAL_ZIP_ARCHIVED_API_MATCH,CBP_AUXILIARY_TREATMENT_CHANGE;NAICS_REVISION_CORE_813410_UNCHANGED,0.0,CBP_2003_813410;st-est00int-alldata.csv:POPESTIMATE2003;S6_CBP_DENSITY_20261002_v1
Utah,49,2004,0.06079331107021211,146,2401580,JULY_1_RESIDENT_POPULATION,2010_INTERCENSAL,813410,NAICS2002,ESTABLISHMENTS_PER_1000_RESIDENTS,DIRECT,1,0,CBP_EMPLOYER_813410,CENSUS_CBP_AND_POPULATION_ESTIMATES,INHERITED_RAW_OFFICIAL_ZIP_ARCHIVED_API_MATCH,NONE,-0.0641025641025641,CBP_2004_813410;st-est00int-alldata.csv:POPESTIMATE2004;S6_CBP_DENSITY_20261002_v1
Utah,49,2005,0.0610322009961269,150,2457719,JULY_1_RESIDENT_POPULATION,2010_INTERCENSAL,813410,NAICS2002,ESTABLISHMENTS_PER_1000_RESIDENTS,DIRECT,1,0,CBP_EMPLOYER_813410,CENSUS_CBP_AND_POPULATION_ESTIMATES,INHERITED_RAW_OFFICIAL_ZIP_ARCHIVED_API_MATCH,NONE,0.027397260273972712,CBP_2005_813410;st-est00int-alldata.csv:POPESTIMATE2005;S6_CBP_DENSITY_20261002_v1
Utah,49,2006,0.060581895041272905,153,2525507,JULY_1_RESIDENT_POPULATION,2010_INTERCENSAL,813410,NAICS2002,ESTABLISHMENTS_PER_1000_RESIDENTS,DIRECT,1,0,CBP_EMPLOYER_813410,CENSUS_CBP_AND_POPULATION_ESTIMATES,INHERITED_RAW_OFFICIAL_ZIP_ARCHIVED_API_MATCH,NONE,0.020000000000000018,CBP_2006_813410;st-est00int-alldata.csv:POPESTIMATE2006;S6_CBP_DENSITY_20261002_v1
Utah,49,2007,0.05312297661126223,138,2597746,JULY_1_RESIDENT_POPULATION,2010_INTERCENSAL,813410,NAICS2002,ESTABLISHMENTS_PER_1000_RESIDENTS,DIRECT,1,0,CBP_EMPLOYER_813410,CENSUS_CBP_AND_POPULATION_ESTIMATES,INHERITED_RAW_OFFICIAL_ZIP_ARCHIVED_API_MATCH,NONE,-0.0980392156862745,CBP_2007_813410;st-est00int-alldata.csv:POPESTIMATE2007;S6_CBP_DENSITY_20261002_v1
Utah,49,2008,0.049192104179113336,131,2663029,JULY_1_RESIDENT_POPULATION,2010_INTERCENSAL,813410,NAICS2007,ESTABLISHMENTS_PER_1000_RESIDENTS,DIRECT,1,0,CBP_EMPLOYER_813410,CENSUS_CBP_AND_POPULATION_ESTIMATES,INHERITED_RAW_OFFICIAL_ZIP_ARCHIVED_API_MATCH,NAICS_REVISION_CORE_813410_UNCHANGED,-0.050724637681159424,CBP_2008_813410;st-est00int-alldata.csv:POPESTIMATE2008;S6_CBP_DENSITY_20261002_v1
Utah,49,2009,0.049202822479521166,134,2723421,JULY_1_RESIDENT_POPULATION,2010_INTERCENSAL,813410,NAICS2007,ESTABLISHMENTS_PER_1000_RESIDENTS,DIRECT,1,0,CBP_EMPLOYER_813410,CENSUS_CBP_AND_POPULATION_ESTIMATES,INHERITED_RAW_OFFICIAL_ZIP_ARCHIVED_API_MATCH,NONE,0.022900763358778553,CBP_2009_813410;st-est00int-alldata.csv:POPESTIMATE2009;S6_CBP_DENSITY_20261002_v1
Utah,49,2010,0.04431772856868509,123,2775413,JULY_1_RESIDENT_POPULATION,VINTAGE_2020,813410,NAICS2007,ESTABLISHMENTS_PER_1000_RESIDENTS,DIRECT,1,0,CBP_EMPLOYER_813410,CENSUS_CBP_AND_POPULATION_ESTIMATES,INHERITED_RAW_OFFICIAL_ZIP_ARCHIVED_API_MATCH,POPULATION_BENCHMARK_BOUNDARY,-0.08208955223880599,CBP_2010_813410;nst-est2020-alldata.csv:POPESTIMATE2010;S6_CBP_DENSITY_20261002_v1
Utah,49,2011,0.04334237957479705,122,2814797,JULY_1_RESIDENT_POPULATION,VINTAGE_2020,813410,NAICS2007,ESTABLISHMENTS_PER_1000_RESIDENTS,DIRECT,1,0,CBP_EMPLOYER_813410,CENSUS_CBP_AND_POPULATION_ESTIMATES,INHERITED_RAW_OFFICIAL_ZIP_ARCHIVED_API_MATCH,NONE,-0.008130081300813052,CBP_2011_813410;nst-est2020-alldata.csv:POPESTIMATE2011;S6_CBP_DENSITY_20261002_v1
Utah,49,2012,0.041343365055606825,118,2854146,JULY_1_RESIDENT_POPULATION,VINTAGE_2020,813410,NAICS2012,ESTABLISHMENTS_PER_1000_RESIDENTS,DIRECT,1,0,CBP_EMPLOYER_813410,CENSUS_CBP_AND_POPULATION_ESTIMATES,INHERITED_RAW_OFFICIAL_ZIP_ARCHIVED_API_MATCH,NAICS_REVISION_CORE_813410_UNCHANGED,-0.032786885245901676,CBP_2012_813410;nst-est2020-alldata.csv:POPESTIMATE2012;S6_CBP_DENSITY_20261002_v1
Utah,49,2013,0.041051851938734084,119,2898773,JULY_1_RESIDENT_POPULATION,VINTAGE_2020,813410,NAICS2012,ESTABLISHMENTS_PER_1000_RESIDENTS,DIRECT,1,0,CBP_EMPLOYER_813410,CENSUS_CBP_AND_POPULATION_ESTIMATES,INHERITED_RAW_OFFICIAL_ZIP_ARCHIVED_API_MATCH,NONE,0.008474576271186418,CBP_2013_813410;nst-est2020-alldata.csv:POPESTIMATE2013;S6_CBP_DENSITY_20261002_v1
Utah,49,2014,0.03947824731556426,116,2938327,JULY_1_RESIDENT_POPULATION,VINTAGE_2020,813410,NAICS2012,ESTABLISHMENTS_PER_1000_RESIDENTS,DIRECT,1,0,CBP_EMPLOYER_813410,CENSUS_CBP_AND_POPULATION_ESTIMATES,INHERITED_RAW_OFFICIAL_ZIP_ARCHIVED_API_MATCH,NONE,-0.025210084033613467,CBP_2014_813410;nst-est2020-alldata.csv:POPESTIMATE2014;S6_CBP_DENSITY_20261002_v1
Utah,49,2015,0.041560168734285065,124,2983626,JULY_1_RESIDENT_POPULATION,VINTAGE_2020,813410,NAICS2012,ESTABLISHMENTS_PER_1000_RESIDENTS,DIRECT,1,0,CBP_EMPLOYER_813410,CENSUS_CBP_AND_POPULATION_ESTIMATES,INHERITED_RAW_OFFICIAL_ZIP_ARCHIVED_API_MATCH,NONE,0.06896551724137923,CBP_2015_813410;nst-est2020-alldata.csv:POPESTIMATE2015;S6_CBP_DENSITY_20261002_v1
Utah,49,2016,0.04171811627266041,127,3044241,JULY_1_RESIDENT_POPULATION,VINTAGE_2020,813410,NAICS2012,ESTABLISHMENTS_PER_1000_RESIDENTS,DIRECT,1,0,CBP_EMPLOYER_813410,CENSUS_CBP_AND_POPULATION_ESTIMATES,INHERITED_RAW_OFFICIAL_ZIP_ARCHIVED_API_MATCH,NONE,0.024193548387096753,CBP_2016_813410;nst-est2020-alldata.csv:POPESTIMATE2016;S6_CBP_DENSITY_20261002_v1
Utah,49,2017,0.03995437468181496,124,3103540,JULY_1_RESIDENT_POPULATION,VINTAGE_2020,813410,NAICS2017,ESTABLISHMENTS_PER_1000_RESIDENTS,DIRECT,1,0,CBP_EMPLOYER_813410,CENSUS_CBP_AND_POPULATION_ESTIMATES,INHERITED_RAW_OFFICIAL_ZIP_ARCHIVED_API_MATCH,NAICS_REVISION_CORE_813410_UNCHANGED,-0.023622047244094446,CBP_2017_813410;nst-est2020-alldata.csv:POPESTIMATE2017;S6_CBP_DENSITY_20261002_v1
Utah,49,2018,0.04183632299289448,132,3155153,JULY_1_RESIDENT_POPULATION,VINTAGE_2020,813410,NAICS2017,ESTABLISHMENTS_PER_1000_RESIDENTS,DIRECT,1,0,CBP_EMPLOYER_813410,CENSUS_CBP_AND_POPULATION_ESTIMATES,INHERITED_RAW_OFFICIAL_ZIP_ARCHIVED_API_MATCH,NONE,0.06451612903225801,CBP_2018_813410;nst-est2020-alldata.csv:POPESTIMATE2018;S6_CBP_DENSITY_20261002_v1
Utah,49,2019,0.04307945693661982,138,3203383,JULY_1_RESIDENT_POPULATION,VINTAGE_2020,813410,NAICS2017,ESTABLISHMENTS_PER_1000_RESIDENTS,DIRECT,1,0,CBP_EMPLOYER_813410,CENSUS_CBP_AND_POPULATION_ESTIMATES,INHERITED_RAW_OFFICIAL_ZIP_ARCHIVED_API_MATCH,NONE,0.045454545454545414,CBP_2019_813410;nst-est2020-alldata.csv:POPESTIMATE2019;S6_CBP_DENSITY_20261002_v1
Utah,49,2020,0.03928157949708616,129,3283982,JULY_1_RESIDENT_POPULATION,VINTAGE_2023,813410,NAICS2017,ESTABLISHMENTS_PER_1000_RESIDENTS,DIRECT,1,0,CBP_EMPLOYER_813410,CENSUS_CBP_AND_POPULATION_ESTIMATES,INHERITED_RAW_OFFICIAL_ZIP_ARCHIVED_API_MATCH,POPULATION_BENCHMARK_BOUNDARY,-0.06521739130434778,CBP_2020_813410;NST-EST2023-ALLDATA.csv:POPESTIMATE2020;S6_CBP_DENSITY_20261002_v1
Utah,49,2021,0.038032105086000474,127,3339284,JULY_1_RESIDENT_POPULATION,VINTAGE_2023,813410,NAICS2017,ESTABLISHMENTS_PER_1000_RESIDENTS,DIRECT,1,0,CBP_EMPLOYER_813410,CENSUS_CBP_AND_POPULATION_ESTIMATES,INHERITED_RAW_OFFICIAL_ZIP_ARCHIVED_API_MATCH,NONE,-0.015503875968992276,CBP_2021_813410;NST-EST2023-ALLDATA.csv:POPESTIMATE2021;S6_CBP_DENSITY_20261002_v1
Utah,49,2022,0.0360814802634303,122,3381236,JULY_1_RESIDENT_POPULATION,VINTAGE_2023,813410,NAICS2017,ESTABLISHMENTS_PER_1000_RESIDENTS,DIRECT,1,0,CBP_EMPLOYER_813410,CENSUS_CBP_AND_POPULATION_ESTIMATES,INHERITED_RAW_OFFICIAL_ZIP_ARCHIVED_API_MATCH,NONE,-0.03937007874015752,CBP_2022_813410;NST-EST2023-ALLDATA.csv:POPESTIMATE2022;S6_CBP_DENSITY_20261002_v1
Utah,49,2023,0.033355433746453056,114,3417734,JULY_1_RESIDENT_POPULATION,VINTAGE_2023,813410,NAICS2017,ESTABLISHMENTS_PER_1000_RESIDENTS,DIRECT,1,0,CBP_EMPLOYER_813410,CENSUS_CBP_AND_POPULATION_ESTIMATES,INHERITED_RAW_OFFICIAL_ZIP_ARCHIVED_API_MATCH,NONE,-0.06557377049180324,CBP_2023_813410;NST-EST2023-ALLDATA.csv:POPESTIMATE2023;S6_CBP_DENSITY_20261002_v1
Vermont,50,2000,0.26081907030304224,159,609618,JULY_1_RESIDENT_POPULATION,2010_INTERCENSAL,813410,NAICS1997,ESTABLISHMENTS_PER_1000_RESIDENTS,DIRECT,1,0,CBP_EMPLOYER_813410,CENSUS_CBP_AND_POPULATION_ESTIMATES,INHERITED_RAW_OFFICIAL_ZIP_ARCHIVED_API_MATCH,NONE,,CBP_2000_813410;st-est00int-alldata.csv:POPESTIMATE2000;S6_CBP_DENSITY_20261002_v1
Vermont,50,2001,0.25807589718125584,158,612223,JULY_1_RESIDENT_POPULATION,2010_INTERCENSAL,813410,NAICS1997,ESTABLISHMENTS_PER_1000_RESIDENTS,DIRECT,1,0,CBP_EMPLOYER_813410,CENSUS_CBP_AND_POPULATION_ESTIMATES,INHERITED_RAW_OFFICIAL_ZIP_ARCHIVED_API_MATCH,NONE,-0.0062893081761006275,CBP_2001_813410;st-est00int-alldata.csv:POPESTIMATE2001;S6_CBP_DENSITY_20261002_v1
Vermont,50,2002,0.2502266663633616,154,615442,JULY_1_RESIDENT_POPULATION,2010_INTERCENSAL,813410,NAICS1997,ESTABLISHMENTS_PER_1000_RESIDENTS,DIRECT,1,0,CBP_EMPLOYER_813410,CENSUS_CBP_AND_POPULATION_ESTIMATES,INHERITED_RAW_OFFICIAL_ZIP_ARCHIVED_API_MATCH,NONE,-0.025316455696202556,CBP_2002_813410;st-est00int-alldata.csv:POPESTIMATE2002;S6_CBP_DENSITY_20261002_v1
Vermont,50,2003,0.268670147509622,166,617858,JULY_1_RESIDENT_POPULATION,2010_INTERCENSAL,813410,NAICS2002,ESTABLISHMENTS_PER_1000_RESIDENTS,DIRECT,1,0,CBP_EMPLOYER_813410,CENSUS_CBP_AND_POPULATION_ESTIMATES,INHERITED_RAW_OFFICIAL_ZIP_ARCHIVED_API_MATCH,CBP_AUXILIARY_TREATMENT_CHANGE;NAICS_REVISION_CORE_813410_UNCHANGED,0.07792207792207795,CBP_2003_813410;st-est00int-alldata.csv:POPESTIMATE2003;S6_CBP_DENSITY_20261002_v1
Vermont,50,2004,0.2613240418118467,162,619920,JULY_1_RESIDENT_POPULATION,2010_INTERCENSAL,813410,NAICS2002,ESTABLISHMENTS_PER_1000_RESIDENTS,DIRECT,1,0,CBP_EMPLOYER_813410,CENSUS_CBP_AND_POPULATION_ESTIMATES,INHERITED_RAW_OFFICIAL_ZIP_ARCHIVED_API_MATCH,NONE,-0.02409638554216864,CBP_2004_813410;st-est00int-alldata.csv:POPESTIMATE2004;S6_CBP_DENSITY_20261002_v1
Vermont,50,2005,0.26721827386653574,166,621215,JULY_1_RESIDENT_POPULATION,2010_INTERCENSAL,813410,NAICS2002,ESTABLISHMENTS_PER_1000_RESIDENTS,DIRECT,1,0,CBP_EMPLOYER_813410,CENSUS_CBP_AND_POPULATION_ESTIMATES,INHERITED_RAW_OFFICIAL_ZIP_ARCHIVED_API_MATCH,NONE,0.024691358024691468,CBP_2005_813410;st-est00int-alldata.csv:POPESTIMATE2005;S6_CBP_DENSITY_20261002_v1
Vermont,50,2006,0.260077188340836,162,622892,JULY_1_RESIDENT_POPULATION,2010_INTERCENSAL,813410,NAICS2002,ESTABLISHMENTS_PER_1000_RESIDENTS,DIRECT,1,0,CBP_EMPLOYER_813410,CENSUS_CBP_AND_POPULATION_ESTIMATES,INHERITED_RAW_OFFICIAL_ZIP_ARCHIVED_API_MATCH,NONE,-0.02409638554216864,CBP_2006_813410;st-est00int-alldata.csv:POPESTIMATE2006;S6_CBP_DENSITY_20261002_v1
Vermont,50,2007,0.2486042076663122,155,623481,JULY_1_RESIDENT_POPULATION,2010_INTERCENSAL,813410,NAICS2002,ESTABLISHMENTS_PER_1000_RESIDENTS,DIRECT,1,0,CBP_EMPLOYER_813410,CENSUS_CBP_AND_POPULATION_ESTIMATES,INHERITED_RAW_OFFICIAL_ZIP_ARCHIVED_API_MATCH,NONE,-0.043209876543209846,CBP_2007_813410;st-est00int-alldata.csv:POPESTIMATE2007;S6_CBP_DENSITY_20261002_v1
Vermont,50,2008,0.2403264594625339,150,624151,JULY_1_RESIDENT_POPULATION,2010_INTERCENSAL,813410,NAICS2007,ESTABLISHMENTS_PER_1000_RESIDENTS,DIRECT,1,0,CBP_EMPLOYER_813410,CENSUS_CBP_AND_POPULATION_ESTIMATES,INHERITED_RAW_OFFICIAL_ZIP_ARCHIVED_API_MATCH,NAICS_REVISION_CORE_813410_UNCHANGED,-0.032258064516129004,CBP_2008_813410;st-est00int-alldata.csv:POPESTIMATE2008;S6_CBP_DENSITY_20261002_v1
Vermont,50,2009,0.24487169843330128,153,624817,JULY_1_RESIDENT_POPULATION,2010_INTERCENSAL,813410,NAICS2007,ESTABLISHMENTS_PER_1000_RESIDENTS,DIRECT,1,0,CBP_EMPLOYER_813410,CENSUS_CBP_AND_POPULATION_ESTIMATES,INHERITED_RAW_OFFICIAL_ZIP_ARCHIVED_API_MATCH,NONE,0.020000000000000018,CBP_2009_813410;st-est00int-alldata.csv:POPESTIMATE2009;S6_CBP_DENSITY_20261002_v1
Vermont,50,2010,0.2444534627711756,153,625886,JULY_1_RESIDENT_POPULATION,VINTAGE_2020,813410,NAICS2007,ESTABLISHMENTS_PER_1000_RESIDENTS,DIRECT,1,0,CBP_EMPLOYER_813410,CENSUS_CBP_AND_POPULATION_ESTIMATES,INHERITED_RAW_OFFICIAL_ZIP_ARCHIVED_API_MATCH,POPULATION_BENCHMARK_BOUNDARY,0.0,CBP_2010_813410;nst-est2020-alldata.csv:POPESTIMATE2010;S6_CBP_DENSITY_20261002_v1
Vermont,50,2011,0.22480974877111976,141,627197,JULY_1_RESIDENT_POPULATION,VINTAGE_2020,813410,NAICS2007,ESTABLISHMENTS_PER_1000_RESIDENTS,DIRECT,1,0,CBP_EMPLOYER_813410,CENSUS_CBP_AND_POPULATION_ESTIMATES,INHERITED_RAW_OFFICIAL_ZIP_ARCHIVED_API_MATCH,NONE,-0.07843137254901966,CBP_2011_813410;nst-est2020-alldata.csv:POPESTIMATE2011;S6_CBP_DENSITY_20261002_v1
Vermont,50,2012,0.22191675407632339,139,626361,JULY_1_RESIDENT_POPULATION,VINTAGE_2020,813410,NAICS2012,ESTABLISHMENTS_PER_1000_RESIDENTS,DIRECT,1,0,CBP_EMPLOYER_813410,CENSUS_CBP_AND_POPULATION_ESTIMATES,INHERITED_RAW_OFFICIAL_ZIP_ARCHIVED_API_MATCH,NAICS_REVISION_CORE_813410_UNCHANGED,-0.014184397163120588,CBP_2012_813410;nst-est2020-alldata.csv:POPESTIMATE2012;S6_CBP_DENSITY_20261002_v1
Vermont,50,2013,0.2250228613651706,141,626603,JULY_1_RESIDENT_POPULATION,VINTAGE_2020,813410,NAICS2012,ESTABLISHMENTS_PER_1000_RESIDENTS,DIRECT,1,0,CBP_EMPLOYER_813410,CENSUS_CBP_AND_POPULATION_ESTIMATES,INHERITED_RAW_OFFICIAL_ZIP_ARCHIVED_API_MATCH,NONE,0.014388489208633004,CBP_2013_813410;nst-est2020-alldata.csv:POPESTIMATE2013;S6_CBP_DENSITY_20261002_v1
Vermont,50,2014,0.2237519038889679,140,625693,JULY_1_RESIDENT_POPULATION,VINTAGE_2020,813410,NAICS2012,ESTABLISHMENTS_PER_1000_RESIDENTS,DIRECT,1,0,CBP_EMPLOYER_813410,CENSUS_CBP_AND_POPULATION_ESTIMATES,INHERITED_RAW_OFFICIAL_ZIP_ARCHIVED_API_MATCH,NONE,-0.007092198581560294,CBP_2014_813410;nst-est2020-alldata.csv:POPESTIMATE2014;S6_CBP_DENSITY_20261002_v1
Vermont,50,2015,0.22690592991483038,142,625810,JULY_1_RESIDENT_POPULATION,VINTAGE_2020,813410,NAICS2012,ESTABLISHMENTS_PER_1000_RESIDENTS,DIRECT,1,0,CBP_EMPLOYER_813410,CENSUS_CBP_AND_POPULATION_ESTIMATES,INHERITED_RAW_OFFICIAL_ZIP_ARCHIVED_API_MATCH,NONE,0.014285714285714235,CBP_2015_813410;nst-est2020-alldata.csv:POPESTIMATE2015;S6_CBP_DENSITY_20261002_v1
Vermont,50,2016,0.23223557977212084,145,624366,JULY_1_RESIDENT_POPULATION,VINTAGE_2020,813410,NAICS2012,ESTABLISHMENTS_PER_1000_RESIDENTS,DIRECT,1,0,CBP_EMPLOYER_813410,CENSUS_CBP_AND_POPULATION_ESTIMATES,INHERITED_RAW_OFFICIAL_ZIP_ARCHIVED_API_MATCH,NONE,0.021126760563380254,CBP_2016_813410;nst-est2020-alldata.csv:POPESTIMATE2016;S6_CBP_DENSITY_20261002_v1
Vermont,50,2017,0.2351503362489842,147,625132,JULY_1_RESIDENT_POPULATION,VINTAGE_2020,813410,NAICS2017,ESTABLISHMENTS_PER_1000_RESIDENTS,DIRECT,1,0,CBP_EMPLOYER_813410,CENSUS_CBP_AND_POPULATION_ESTIMATES,INHERITED_RAW_OFFICIAL_ZIP_ARCHIVED_API_MATCH,NAICS_REVISION_CORE_813410_UNCHANGED,0.01379310344827589,CBP_2017_813410;nst-est2020-alldata.csv:POPESTIMATE2017;S6_CBP_DENSITY_20261002_v1
Vermont,50,2018,0.2336740279320489,146,624802,JULY_1_RESIDENT_POPULATION,VINTAGE_2020,813410,NAICS2017,ESTABLISHMENTS_PER_1000_RESIDENTS,DIRECT,1,0,CBP_EMPLOYER_813410,CENSUS_CBP_AND_POPULATION_ESTIMATES,INHERITED_RAW_OFFICIAL_ZIP_ARCHIVED_API_MATCH,NONE,-0.006802721088435382,CBP_2018_813410;nst-est2020-alldata.csv:POPESTIMATE2018;S6_CBP_DENSITY_20261002_v1
Vermont,50,2019,0.24517423395070237,153,624046,JULY_1_RESIDENT_POPULATION,VINTAGE_2020,813410,NAICS2017,ESTABLISHMENTS_PER_1000_RESIDENTS,DIRECT,1,0,CBP_EMPLOYER_813410,CENSUS_CBP_AND_POPULATION_ESTIMATES,INHERITED_RAW_OFFICIAL_ZIP_ARCHIVED_API_MATCH,NONE,0.047945205479452024,CBP_2019_813410;nst-est2020-alldata.csv:POPESTIMATE2019;S6_CBP_DENSITY_20261002_v1
Vermont,50,2020,0.23797080891410655,153,642936,JULY_1_RESIDENT_POPULATION,VINTAGE_2023,813410,NAICS2017,ESTABLISHMENTS_PER_1000_RESIDENTS,DIRECT,1,0,CBP_EMPLOYER_813410,CENSUS_CBP_AND_POPULATION_ESTIMATES,INHERITED_RAW_OFFICIAL_ZIP_ARCHIVED_API_MATCH,POPULATION_BENCHMARK_BOUNDARY,0.0,CBP_2020_813410;NST-EST2023-ALLDATA.csv:POPESTIMATE2020;S6_CBP_DENSITY_20261002_v1
Vermont,50,2021,0.2333513111716554,151,647093,JULY_1_RESIDENT_POPULATION,VINTAGE_2023,813410,NAICS2017,ESTABLISHMENTS_PER_1000_RESIDENTS,DIRECT,1,0,CBP_EMPLOYER_813410,CENSUS_CBP_AND_POPULATION_ESTIMATES,INHERITED_RAW_OFFICIAL_ZIP_ARCHIVED_API_MATCH,NONE,-0.013071895424836555,CBP_2021_813410;NST-EST2023-ALLDATA.csv:POPESTIMATE2021;S6_CBP_DENSITY_20261002_v1
Vermont,50,2022,0.23025451623371607,149,647110,JULY_1_RESIDENT_POPULATION,VINTAGE_2023,813410,NAICS2017,ESTABLISHMENTS_PER_1000_RESIDENTS,DIRECT,1,0,CBP_EMPLOYER_813410,CENSUS_CBP_AND_POPULATION_ESTIMATES,INHERITED_RAW_OFFICIAL_ZIP_ARCHIVED_API_MATCH,NONE,-0.013245033112582738,CBP_2022_813410;NST-EST2023-ALLDATA.csv:POPESTIMATE2022;S6_CBP_DENSITY_20261002_v1
Vermont,50,2023,0.21622823817231537,140,647464,JULY_1_RESIDENT_POPULATION,VINTAGE_2023,813410,NAICS2017,ESTABLISHMENTS_PER_1000_RESIDENTS,DIRECT,1,0,CBP_EMPLOYER_813410,CENSUS_CBP_AND_POPULATION_ESTIMATES,INHERITED_RAW_OFFICIAL_ZIP_ARCHIVED_API_MATCH,NONE,-0.06040268456375841,CBP_2023_813410;NST-EST2023-ALLDATA.csv:POPESTIMATE2023;S6_CBP_DENSITY_20261002_v1
Virginia,51,2000,0.09161508099631613,651,7105817,JULY_1_RESIDENT_POPULATION,2010_INTERCENSAL,813410,NAICS1997,ESTABLISHMENTS_PER_1000_RESIDENTS,DIRECT,1,0,CBP_EMPLOYER_813410,CENSUS_CBP_AND_POPULATION_ESTIMATES,INHERITED_RAW_OFFICIAL_ZIP_ARCHIVED_API_MATCH,NONE,,CBP_2000_813410;st-est00int-alldata.csv:POPESTIMATE2000;S6_CBP_DENSITY_20261002_v1
Virginia,51,2001,0.09057616163232692,652,7198362,JULY_1_RESIDENT_POPULATION,2010_INTERCENSAL,813410,NAICS1997,ESTABLISHMENTS_PER_1000_RESIDENTS,DIRECT,1,0,CBP_EMPLOYER_813410,CENSUS_CBP_AND_POPULATION_ESTIMATES,INHERITED_RAW_OFFICIAL_ZIP_ARCHIVED_API_MATCH,NONE,0.001536098310291889,CBP_2001_813410;st-est00int-alldata.csv:POPESTIMATE2001;S6_CBP_DENSITY_20261002_v1
Virginia,51,2002,0.08865256743187372,646,7286873,JULY_1_RESIDENT_POPULATION,2010_INTERCENSAL,813410,NAICS1997,ESTABLISHMENTS_PER_1000_RESIDENTS,DIRECT,1,0,CBP_EMPLOYER_813410,CENSUS_CBP_AND_POPULATION_ESTIMATES,INHERITED_RAW_OFFICIAL_ZIP_ARCHIVED_API_MATCH,NONE,-0.009202453987730008,CBP_2002_813410;st-est00int-alldata.csv:POPESTIMATE2002;S6_CBP_DENSITY_20261002_v1
Virginia,51,2003,0.09094639497313484,670,7366977,JULY_1_RESIDENT_POPULATION,2010_INTERCENSAL,813410,NAICS2002,ESTABLISHMENTS_PER_1000_RESIDENTS,DIRECT,1,0,CBP_EMPLOYER_813410,CENSUS_CBP_AND_POPULATION_ESTIMATES,INHERITED_RAW_OFFICIAL_ZIP_ARCHIVED_API_MATCH,CBP_AUXILIARY_TREATMENT_CHANGE;NAICS_REVISION_CORE_813410_UNCHANGED,0.037151702786377694,CBP_2003_813410;st-est00int-alldata.csv:POPESTIMATE2003;S6_CBP_DENSITY_20261002_v1
Virginia,51,2004,0.08842129200763821,661,7475575,JULY_1_RESIDENT_POPULATION,2010_INTERCENSAL,813410,NAICS2002,ESTABLISHMENTS_PER_1000_RESIDENTS,DIRECT,1,0,CBP_EMPLOYER_813410,CENSUS_CBP_AND_POPULATION_ESTIMATES,INHERITED_RAW_OFFICIAL_ZIP_ARCHIVED_API_MATCH,NONE,-0.013432835820895495,CBP_2004_813410;st-est00int-alldata.csv:POPESTIMATE2004;S6_CBP_DENSITY_20261002_v1
Virginia,51,2005,0.08868822591213928,672,7577105,JULY_1_RESIDENT_POPULATION,2010_INTERCENSAL,813410,NAICS2002,ESTABLISHMENTS_PER_1000_RESIDENTS,DIRECT,1,0,CBP_EMPLOYER_813410,CENSUS_CBP_AND_POPULATION_ESTIMATES,INHERITED_RAW_OFFICIAL_ZIP_ARCHIVED_API_MATCH,NONE,0.016641452344931862,CBP_2005_813410;st-est00int-alldata.csv:POPESTIMATE2005;S6_CBP_DENSITY_20261002_v1
Virginia,51,2006,0.08418336596633316,646,7673725,JULY_1_RESIDENT_POPULATION,2010_INTERCENSAL,813410,NAICS2002,ESTABLISHMENTS_PER_1000_RESIDENTS,DIRECT,1,0,CBP_EMPLOYER_813410,CENSUS_CBP_AND_POPULATION_ESTIMATES,INHERITED_RAW_OFFICIAL_ZIP_ARCHIVED_API_MATCH,NONE,-0.038690476190476164,CBP_2006_813410;st-est00int-alldata.csv:POPESTIMATE2006;S6_CBP_DENSITY_20261002_v1
Virginia,51,2007,0.08295703780157399,643,7751000,JULY_1_RESIDENT_POPULATION,2010_INTERCENSAL,813410,NAICS2002,ESTABLISHMENTS_PER_1000_RESIDENTS,DIRECT,1,0,CBP_EMPLOYER_813410,CENSUS_CBP_AND_POPULATION_ESTIMATES,INHERITED_RAW_OFFICIAL_ZIP_ARCHIVED_API_MATCH,NONE,-0.004643962848297267,CBP_2007_813410;st-est00int-alldata.csv:POPESTIMATE2007;S6_CBP_DENSITY_20261002_v1
Virginia,51,2008,0.08642373724324363,677,7833496,JULY_1_RESIDENT_POPULATION,2010_INTERCENSAL,813410,NAICS2007,ESTABLISHMENTS_PER_1000_RESIDENTS,DIRECT,1,0,CBP_EMPLOYER_813410,CENSUS_CBP_AND_POPULATION_ESTIMATES,INHERITED_RAW_OFFICIAL_ZIP_ARCHIVED_API_MATCH,NAICS_REVISION_CORE_813410_UNCHANGED,0.05287713841368591,CBP_2008_813410;st-est00int-alldata.csv:POPESTIMATE2008;S6_CBP_DENSITY_20261002_v1
Virginia,51,2009,0.08213539925941879,651,7925937,JULY_1_RESIDENT_POPULATION,2010_INTERCENSAL,813410,NAICS2007,ESTABLISHMENTS_PER_1000_RESIDENTS,DIRECT,1,0,CBP_EMPLOYER_813410,CENSUS_CBP_AND_POPULATION_ESTIMATES,INHERITED_RAW_OFFICIAL_ZIP_ARCHIVED_API_MATCH,NONE,-0.03840472673559825,CBP_2009_813410;st-est00int-alldata.csv:POPESTIMATE2009;S6_CBP_DENSITY_20261002_v1
Virginia,51,2010,0.08150544291852298,654,8024004,JULY_1_RESIDENT_POPULATION,VINTAGE_2020,813410,NAICS2007,ESTABLISHMENTS_PER_1000_RESIDENTS,DIRECT,1,0,CBP_EMPLOYER_813410,CENSUS_CBP_AND_POPULATION_ESTIMATES,INHERITED_RAW_OFFICIAL_ZIP_ARCHIVED_API_MATCH,POPULATION_BENCHMARK_BOUNDARY,0.004608294930875667,CBP_2010_813410;nst-est2020-alldata.csv:POPESTIMATE2010;S6_CBP_DENSITY_20261002_v1
Virginia,51,2011,0.0778778039249179,631,8102437,JULY_1_RESIDENT_POPULATION,VINTAGE_2020,813410,NAICS2007,ESTABLISHMENTS_PER_1000_RESIDENTS,DIRECT,1,0,CBP_EMPLOYER_813410,CENSUS_CBP_AND_POPULATION_ESTIMATES,INHERITED_RAW_OFFICIAL_ZIP_ARCHIVED_API_MATCH,NONE,-0.03516819571865448,CBP_2011_813410;nst-est2020-alldata.csv:POPESTIMATE2011;S6_CBP_DENSITY_20261002_v1
Virginia,51,2012,0.06937441862282985,568,8187456,JULY_1_RESIDENT_POPULATION,VINTAGE_2020,813410,NAICS2012,ESTABLISHMENTS_PER_1000_RESIDENTS,DIRECT,1,0,CBP_EMPLOYER_813410,CENSUS_CBP_AND_POPULATION_ESTIMATES,INHERITED_RAW_OFFICIAL_ZIP_ARCHIVED_API_MATCH,NAICS_REVISION_CORE_813410_UNCHANGED,-0.09984152139461178,CBP_2012_813410;nst-est2020-alldata.csv:POPESTIMATE2012;S6_CBP_DENSITY_20261002_v1
Virginia,51,2013,0.07061649899386631,583,8255861,JULY_1_RESIDENT_POPULATION,VINTAGE_2020,813410,NAICS2012,ESTABLISHMENTS_PER_1000_RESIDENTS,DIRECT,1,0,CBP_EMPLOYER_813410,CENSUS_CBP_AND_POPULATION_ESTIMATES,INHERITED_RAW_OFFICIAL_ZIP_ARCHIVED_API_MATCH,NONE,0.02640845070422526,CBP_2013_813410;nst-est2020-alldata.csv:POPESTIMATE2013;S6_CBP_DENSITY_20261002_v1
Virginia,51,2014,0.07011062566818553,583,8315430,JULY_1_RESIDENT_POPULATION,VINTAGE_2020,813410,NAICS2012,ESTABLISHMENTS_PER_1000_RESIDENTS,DIRECT,1,0,CBP_EMPLOYER_813410,CENSUS_CBP_AND_POPULATION_ESTIMATES,INHERITED_RAW_OFFICIAL_ZIP_ARCHIVED_API_MATCH,NONE,0.0,CBP_2014_813410;nst-est2020-alldata.csv:POPESTIMATE2014;S6_CBP_DENSITY_20261002_v1
Virginia,51,2015,0.07266379620769083,608,8367303,JULY_1_RESIDENT_POPULATION,VINTAGE_2020,813410,NAICS2012,ESTABLISHMENTS_PER_1000_RESIDENTS,DIRECT,1,0,CBP_EMPLOYER_813410,CENSUS_CBP_AND_POPULATION_ESTIMATES,INHERITED_RAW_OFFICIAL_ZIP_ARCHIVED_API_MATCH,NONE,0.04288164665523153,CBP_2015_813410;nst-est2020-alldata.csv:POPESTIMATE2015;S6_CBP_DENSITY_20261002_v1
Virginia,51,2016,0.07341715640147116,618,8417651,JULY_1_RESIDENT_POPULATION,VINTAGE_2020,813410,NAICS2012,ESTABLISHMENTS_PER_1000_RESIDENTS,DIRECT,1,0,CBP_EMPLOYER_813410,CENSUS_CBP_AND_POPULATION_ESTIMATES,INHERITED_RAW_OFFICIAL_ZIP_ARCHIVED_API_MATCH,NONE,0.016447368421052655,CBP_2016_813410;nst-est2020-alldata.csv:POPESTIMATE2016;S6_CBP_DENSITY_20261002_v1
Virginia,51,2017,0.07401713915847824,627,8471011,JULY_1_RESIDENT_POPULATION,VINTAGE_2020,813410,NAICS2017,ESTABLISHMENTS_PER_1000_RESIDENTS,DIRECT,1,0,CBP_EMPLOYER_813410,CENSUS_CBP_AND_POPULATION_ESTIMATES,INHERITED_RAW_OFFICIAL_ZIP_ARCHIVED_API_MATCH,NAICS_REVISION_CORE_813410_UNCHANGED,0.014563106796116498,CBP_2017_813410;nst-est2020-alldata.csv:POPESTIMATE2017;S6_CBP_DENSITY_20261002_v1
Virginia,51,2018,0.07414004596447858,631,8510920,JULY_1_RESIDENT_POPULATION,VINTAGE_2020,813410,NAICS2017,ESTABLISHMENTS_PER_1000_RESIDENTS,DIRECT,1,0,CBP_EMPLOYER_813410,CENSUS_CBP_AND_POPULATION_ESTIMATES,INHERITED_RAW_OFFICIAL_ZIP_ARCHIVED_API_MATCH,NONE,0.006379585326953707,CBP_2018_813410;nst-est2020-alldata.csv:POPESTIMATE2018;S6_CBP_DENSITY_20261002_v1
Virginia,51,2019,0.07327640913339602,627,8556642,JULY_1_RESIDENT_POPULATION,VINTAGE_2020,813410,NAICS2017,ESTABLISHMENTS_PER_1000_RESIDENTS,DIRECT,1,0,CBP_EMPLOYER_813410,CENSUS_CBP_AND_POPULATION_ESTIMATES,INHERITED_RAW_OFFICIAL_ZIP_ARCHIVED_API_MATCH,NONE,-0.006339144215530945,CBP_2019_813410;nst-est2020-alldata.csv:POPESTIMATE2019;S6_CBP_DENSITY_20261002_v1
Virginia,51,2020,0.0723614720662141,625,8637193,JULY_1_RESIDENT_POPULATION,VINTAGE_2023,813410,NAICS2017,ESTABLISHMENTS_PER_1000_RESIDENTS,DIRECT,1,0,CBP_EMPLOYER_813410,CENSUS_CBP_AND_POPULATION_ESTIMATES,INHERITED_RAW_OFFICIAL_ZIP_ARCHIVED_API_MATCH,POPULATION_BENCHMARK_BOUNDARY,-0.0031897926634768536,CBP_2020_813410;NST-EST2023-ALLDATA.csv:POPESTIMATE2020;S6_CBP_DENSITY_20261002_v1
Virginia,51,2021,0.07149995587563304,619,8657348,JULY_1_RESIDENT_POPULATION,VINTAGE_2023,813410,NAICS2017,ESTABLISHMENTS_PER_1000_RESIDENTS,DIRECT,1,0,CBP_EMPLOYER_813410,CENSUS_CBP_AND_POPULATION_ESTIMATES,INHERITED_RAW_OFFICIAL_ZIP_ARCHIVED_API_MATCH,NONE,-0.009600000000000053,CBP_2021_813410;NST-EST2023-ALLDATA.csv:POPESTIMATE2021;S6_CBP_DENSITY_20261002_v1
Virginia,51,2022,0.07212730261516777,626,8679099,JULY_1_RESIDENT_POPULATION,VINTAGE_2023,813410,NAICS2017,ESTABLISHMENTS_PER_1000_RESIDENTS,DIRECT,1,0,CBP_EMPLOYER_813410,CENSUS_CBP_AND_POPULATION_ESTIMATES,INHERITED_RAW_OFFICIAL_ZIP_ARCHIVED_API_MATCH,NONE,0.011308562197092087,CBP_2022_813410;NST-EST2023-ALLDATA.csv:POPESTIMATE2022;S6_CBP_DENSITY_20261002_v1
Virginia,51,2023,0.07102127678127444,619,8715698,JULY_1_RESIDENT_POPULATION,VINTAGE_2023,813410,NAICS2017,ESTABLISHMENTS_PER_1000_RESIDENTS,DIRECT,1,0,CBP_EMPLOYER_813410,CENSUS_CBP_AND_POPULATION_ESTIMATES,INHERITED_RAW_OFFICIAL_ZIP_ARCHIVED_API_MATCH,NONE,-0.011182108626198062,CBP_2023_813410;NST-EST2023-ALLDATA.csv:POPESTIMATE2023;S6_CBP_DENSITY_20261002_v1
Washington,53,2000,0.1270617503187541,751,5910512,JULY_1_RESIDENT_POPULATION,2010_INTERCENSAL,813410,NAICS1997,ESTABLISHMENTS_PER_1000_RESIDENTS,DIRECT,1,0,CBP_EMPLOYER_813410,CENSUS_CBP_AND_POPULATION_ESTIMATES,INHERITED_RAW_OFFICIAL_ZIP_ARCHIVED_API_MATCH,NONE,,CBP_2000_813410;st-est00int-alldata.csv:POPESTIMATE2000;S6_CBP_DENSITY_20261002_v1
Washington,53,2001,0.12295926873984457,736,5985722,JULY_1_RESIDENT_POPULATION,2010_INTERCENSAL,813410,NAICS1997,ESTABLISHMENTS_PER_1000_RESIDENTS,DIRECT,1,0,CBP_EMPLOYER_813410,CENSUS_CBP_AND_POPULATION_ESTIMATES,INHERITED_RAW_OFFICIAL_ZIP_ARCHIVED_API_MATCH,NONE,-0.01997336884154466,CBP_2001_813410;st-est00int-alldata.csv:POPESTIMATE2001;S6_CBP_DENSITY_20261002_v1
Washington,53,2002,0.11945775103187209,723,6052349,JULY_1_RESIDENT_POPULATION,2010_INTERCENSAL,813410,NAICS1997,ESTABLISHMENTS_PER_1000_RESIDENTS,DIRECT,1,0,CBP_EMPLOYER_813410,CENSUS_CBP_AND_POPULATION_ESTIMATES,INHERITED_RAW_OFFICIAL_ZIP_ARCHIVED_API_MATCH,NONE,-0.017663043478260865,CBP_2002_813410;st-est00int-alldata.csv:POPESTIMATE2002;S6_CBP_DENSITY_20261002_v1
Washington,53,2003,0.12270411026004589,749,6104115,JULY_1_RESIDENT_POPULATION,2010_INTERCENSAL,813410,NAICS2002,ESTABLISHMENTS_PER_1000_RESIDENTS,DIRECT,1,0,CBP_EMPLOYER_813410,CENSUS_CBP_AND_POPULATION_ESTIMATES,INHERITED_RAW_OFFICIAL_ZIP_ARCHIVED_API_MATCH,CBP_AUXILIARY_TREATMENT_CHANGE;NAICS_REVISION_CORE_813410_UNCHANGED,0.03596127247579539,CBP_2003_813410;st-est00int-alldata.csv:POPESTIMATE2003;S6_CBP_DENSITY_20261002_v1
Washington,53,2004,0.11669225210381887,721,6178645,JULY_1_RESIDENT_POPULATION,2010_INTERCENSAL,813410,NAICS2002,ESTABLISHMENTS_PER_1000_RESIDENTS,DIRECT,1,0,CBP_EMPLOYER_813410,CENSUS_CBP_AND_POPULATION_ESTIMATES,INHERITED_RAW_OFFICIAL_ZIP_ARCHIVED_API_MATCH,NONE,-0.03738317757009346,CBP_2004_813410;st-est00int-alldata.csv:POPESTIMATE2004;S6_CBP_DENSITY_20261002_v1
Washington,53,2005,0.11474588500960077,718,6257305,JULY_1_RESIDENT_POPULATION,2010_INTERCENSAL,813410,NAICS2002,ESTABLISHMENTS_PER_1000_RESIDENTS,DIRECT,1,0,CBP_EMPLOYER_813410,CENSUS_CBP_AND_POPULATION_ESTIMATES,INHERITED_RAW_OFFICIAL_ZIP_ARCHIVED_API_MATCH,NONE,-0.004160887656033285,CBP_2005_813410;st-est00int-alldata.csv:POPESTIMATE2005;S6_CBP_DENSITY_20261002_v1
Washington,53,2006,0.1070517095859783,682,6370753,JULY_1_RESIDENT_POPULATION,2010_INTERCENSAL,813410,NAICS2002,ESTABLISHMENTS_PER_1000_RESIDENTS,DIRECT,1,0,CBP_EMPLOYER_813410,CENSUS_CBP_AND_POPULATION_ESTIMATES,INHERITED_RAW_OFFICIAL_ZIP_ARCHIVED_API_MATCH,NONE,-0.05013927576601673,CBP_2006_813410;st-est00int-alldata.csv:POPESTIMATE2006;S6_CBP_DENSITY_20261002_v1
Washington,53,2007,0.09997543947021065,646,6461587,JULY_1_RESIDENT_POPULATION,2010_INTERCENSAL,813410,NAICS2002,ESTABLISHMENTS_PER_1000_RESIDENTS,DIRECT,1,0,CBP_EMPLOYER_813410,CENSUS_CBP_AND_POPULATION_ESTIMATES,INHERITED_RAW_OFFICIAL_ZIP_ARCHIVED_API_MATCH,NONE,-0.05278592375366564,CBP_2007_813410;st-est00int-alldata.csv:POPESTIMATE2007;S6_CBP_DENSITY_20261002_v1
Washington,53,2008,0.09402290166255957,617,6562231,JULY_1_RESIDENT_POPULATION,2010_INTERCENSAL,813410,NAICS2007,ESTABLISHMENTS_PER_1000_RESIDENTS,DIRECT,1,0,CBP_EMPLOYER_813410,CENSUS_CBP_AND_POPULATION_ESTIMATES,INHERITED_RAW_OFFICIAL_ZIP_ARCHIVED_API_MATCH,NAICS_REVISION_CORE_813410_UNCHANGED,-0.04489164086687303,CBP_2008_813410;st-est00int-alldata.csv:POPESTIMATE2008;S6_CBP_DENSITY_20261002_v1
Washington,53,2009,0.09328937434026265,622,6667426,JULY_1_RESIDENT_POPULATION,2010_INTERCENSAL,813410,NAICS2007,ESTABLISHMENTS_PER_1000_RESIDENTS,DIRECT,1,0,CBP_EMPLOYER_813410,CENSUS_CBP_AND_POPULATION_ESTIMATES,INHERITED_RAW_OFFICIAL_ZIP_ARCHIVED_API_MATCH,NONE,0.008103727714748876,CBP_2009_813410;st-est00int-alldata.csv:POPESTIMATE2009;S6_CBP_DENSITY_20261002_v1
Washington,53,2010,0.09224368527463037,622,6743009,JULY_1_RESIDENT_POPULATION,VINTAGE_2020,813410,NAICS2007,ESTABLISHMENTS_PER_1000_RESIDENTS,DIRECT,1,0,CBP_EMPLOYER_813410,CENSUS_CBP_AND_POPULATION_ESTIMATES,INHERITED_RAW_OFFICIAL_ZIP_ARCHIVED_API_MATCH,POPULATION_BENCHMARK_BOUNDARY,0.0,CBP_2010_813410;nst-est2020-alldata.csv:POPESTIMATE2010;S6_CBP_DENSITY_20261002_v1
Washington,53,2011,0.08744076693608285,597,6827479,JULY_1_RESIDENT_POPULATION,VINTAGE_2020,813410,NAICS2007,ESTABLISHMENTS_PER_1000_RESIDENTS,DIRECT,1,0,CBP_EMPLOYER_813410,CENSUS_CBP_AND_POPULATION_ESTIMATES,INHERITED_RAW_OFFICIAL_ZIP_ARCHIVED_API_MATCH,NONE,-0.04019292604501612,CBP_2011_813410;nst-est2020-alldata.csv:POPESTIMATE2011;S6_CBP_DENSITY_20261002_v1
Washington,53,2012,0.08769896612341142,605,6898599,JULY_1_RESIDENT_POPULATION,VINTAGE_2020,813410,NAICS2012,ESTABLISHMENTS_PER_1000_RESIDENTS,DIRECT,1,0,CBP_EMPLOYER_813410,CENSUS_CBP_AND_POPULATION_ESTIMATES,INHERITED_RAW_OFFICIAL_ZIP_ARCHIVED_API_MATCH,NAICS_REVISION_CORE_813410_UNCHANGED,0.01340033500837512,CBP_2012_813410;nst-est2020-alldata.csv:POPESTIMATE2012;S6_CBP_DENSITY_20261002_v1
Washington,53,2013,0.08756502061653813,610,6966252,JULY_1_RESIDENT_POPULATION,VINTAGE_2020,813410,NAICS2012,ESTABLISHMENTS_PER_1000_RESIDENTS,DIRECT,1,0,CBP_EMPLOYER_813410,CENSUS_CBP_AND_POPULATION_ESTIMATES,INHERITED_RAW_OFFICIAL_ZIP_ARCHIVED_API_MATCH,NONE,0.008264462809917328,CBP_2013_813410;nst-est2020-alldata.csv:POPESTIMATE2013;S6_CBP_DENSITY_20261002_v1
Washington,53,2014,0.0841654113882036,594,7057531,JULY_1_RESIDENT_POPULATION,VINTAGE_2020,813410,NAICS2012,ESTABLISHMENTS_PER_1000_RESIDENTS,DIRECT,1,0,CBP_EMPLOYER_813410,CENSUS_CBP_AND_POPULATION_ESTIMATES,INHERITED_RAW_OFFICIAL_ZIP_ARCHIVED_API_MATCH,NONE,-0.02622950819672132,CBP_2014_813410;nst-est2020-alldata.csv:POPESTIMATE2014;S6_CBP_DENSITY_20261002_v1
Washington,53,2015,0.0876203227246237,628,7167287,JULY_1_RESIDENT_POPULATION,VINTAGE_2020,813410,NAICS2012,ESTABLISHMENTS_PER_1000_RESIDENTS,DIRECT,1,0,CBP_EMPLOYER_813410,CENSUS_CBP_AND_POPULATION_ESTIMATES,INHERITED_RAW_OFFICIAL_ZIP_ARCHIVED_API_MATCH,NONE,0.05723905723905731,CBP_2015_813410;nst-est2020-alldata.csv:POPESTIMATE2015;S6_CBP_DENSITY_20261002_v1
Washington,53,2016,0.08219221993103798,600,7299961,JULY_1_RESIDENT_POPULATION,VINTAGE_2020,813410,NAICS2012,ESTABLISHMENTS_PER_1000_RESIDENTS,DIRECT,1,0,CBP_EMPLOYER_813410,CENSUS_CBP_AND_POPULATION_ESTIMATES,INHERITED_RAW_OFFICIAL_ZIP_ARCHIVED_API_MATCH,NONE,-0.04458598726114649,CBP_2016_813410;nst-est2020-alldata.csv:POPESTIMATE2016;S6_CBP_DENSITY_20261002_v1
Washington,53,2017,0.07956433745995363,591,7427951,JULY_1_RESIDENT_POPULATION,VINTAGE_2020,813410,NAICS2017,ESTABLISHMENTS_PER_1000_RESIDENTS,DIRECT,1,0,CBP_EMPLOYER_813410,CENSUS_CBP_AND_POPULATION_ESTIMATES,INHERITED_RAW_OFFICIAL_ZIP_ARCHIVED_API_MATCH,NAICS_REVISION_CORE_813410_UNCHANGED,-0.015000000000000013,CBP_2017_813410;nst-est2020-alldata.csv:POPESTIMATE2017;S6_CBP_DENSITY_20261002_v1
Washington,53,2018,0.07679233373363663,578,7526793,JULY_1_RESIDENT_POPULATION,VINTAGE_2020,813410,NAICS2017,ESTABLISHMENTS_PER_1000_RESIDENTS,DIRECT,1,0,CBP_EMPLOYER_813410,CENSUS_CBP_AND_POPULATION_ESTIMATES,INHERITED_RAW_OFFICIAL_ZIP_ARCHIVED_API_MATCH,NONE,-0.021996615905245376,CBP_2018_813410;nst-est2020-alldata.csv:POPESTIMATE2018;S6_CBP_DENSITY_20261002_v1
Washington,53,2019,0.07801393849034362,594,7614024,JULY_1_RESIDENT_POPULATION,VINTAGE_2020,813410,NAICS2017,ESTABLISHMENTS_PER_1000_RESIDENTS,DIRECT,1,0,CBP_EMPLOYER_813410,CENSUS_CBP_AND_POPULATION_ESTIMATES,INHERITED_RAW_OFFICIAL_ZIP_ARCHIVED_API_MATCH,NONE,0.02768166089965396,CBP_2019_813410;nst-est2020-alldata.csv:POPESTIMATE2019;S6_CBP_DENSITY_20261002_v1
Washington,53,2020,0.07754480963720163,599,7724566,JULY_1_RESIDENT_POPULATION,VINTAGE_2023,813410,NAICS2017,ESTABLISHMENTS_PER_1000_RESIDENTS,DIRECT,1,0,CBP_EMPLOYER_813410,CENSUS_CBP_AND_POPULATION_ESTIMATES,INHERITED_RAW_OFFICIAL_ZIP_ARCHIVED_API_MATCH,POPULATION_BENCHMARK_BOUNDARY,0.008417508417508435,CBP_2020_813410;NST-EST2023-ALLDATA.csv:POPESTIMATE2020;S6_CBP_DENSITY_20261002_v1
Washington,53,2021,0.07350060382877434,569,7741433,JULY_1_RESIDENT_POPULATION,VINTAGE_2023,813410,NAICS2017,ESTABLISHMENTS_PER_1000_RESIDENTS,DIRECT,1,0,CBP_EMPLOYER_813410,CENSUS_CBP_AND_POPULATION_ESTIMATES,INHERITED_RAW_OFFICIAL_ZIP_ARCHIVED_API_MATCH,NONE,-0.05008347245409017,CBP_2021_813410;NST-EST2023-ALLDATA.csv:POPESTIMATE2021;S6_CBP_DENSITY_20261002_v1
Washington,53,2022,0.07425033178208376,578,7784477,JULY_1_RESIDENT_POPULATION,VINTAGE_2023,813410,NAICS2017,ESTABLISHMENTS_PER_1000_RESIDENTS,DIRECT,1,0,CBP_EMPLOYER_813410,CENSUS_CBP_AND_POPULATION_ESTIMATES,INHERITED_RAW_OFFICIAL_ZIP_ARCHIVED_API_MATCH,NONE,0.01581722319859402,CBP_2022_813410;NST-EST2023-ALLDATA.csv:POPESTIMATE2022;S6_CBP_DENSITY_20261002_v1
Washington,53,2023,0.07103654478246178,555,7812880,JULY_1_RESIDENT_POPULATION,VINTAGE_2023,813410,NAICS2017,ESTABLISHMENTS_PER_1000_RESIDENTS,DIRECT,1,0,CBP_EMPLOYER_813410,CENSUS_CBP_AND_POPULATION_ESTIMATES,INHERITED_RAW_OFFICIAL_ZIP_ARCHIVED_API_MATCH,NONE,-0.03979238754325265,CBP_2023_813410;NST-EST2023-ALLDATA.csv:POPESTIMATE2023;S6_CBP_DENSITY_20261002_v1
West Virginia,54,2000,0.1925821559350998,348,1807021,JULY_1_RESIDENT_POPULATION,2010_INTERCENSAL,813410,NAICS1997,ESTABLISHMENTS_PER_1000_RESIDENTS,DIRECT,1,0,CBP_EMPLOYER_813410,CENSUS_CBP_AND_POPULATION_ESTIMATES,INHERITED_RAW_OFFICIAL_ZIP_ARCHIVED_API_MATCH,NONE,,CBP_2000_813410;st-est00int-alldata.csv:POPESTIMATE2000;S6_CBP_DENSITY_20261002_v1
West Virginia,54,2001,0.18873360307435938,340,1801481,JULY_1_RESIDENT_POPULATION,2010_INTERCENSAL,813410,NAICS1997,ESTABLISHMENTS_PER_1000_RESIDENTS,DIRECT,1,0,CBP_EMPLOYER_813410,CENSUS_CBP_AND_POPULATION_ESTIMATES,INHERITED_RAW_OFFICIAL_ZIP_ARCHIVED_API_MATCH,NONE,-0.02298850574712641,CBP_2001_813410;st-est00int-alldata.csv:POPESTIMATE2001;S6_CBP_DENSITY_20261002_v1
West Virginia,54,2002,0.19607691089135235,354,1805414,JULY_1_RESIDENT_POPULATION,2010_INTERCENSAL,813410,NAICS1997,ESTABLISHMENTS_PER_1000_RESIDENTS,DIRECT,1,0,CBP_EMPLOYER_813410,CENSUS_CBP_AND_POPULATION_ESTIMATES,INHERITED_RAW_OFFICIAL_ZIP_ARCHIVED_API_MATCH,NONE,0.04117647058823537,CBP_2002_813410;st-est00int-alldata.csv:POPESTIMATE2002;S6_CBP_DENSITY_20261002_v1
West Virginia,54,2003,0.19036635867780907,345,1812295,JULY_1_RESIDENT_POPULATION,2010_INTERCENSAL,813410,NAICS2002,ESTABLISHMENTS_PER_1000_RESIDENTS,DIRECT,1,0,CBP_EMPLOYER_813410,CENSUS_CBP_AND_POPULATION_ESTIMATES,INHERITED_RAW_OFFICIAL_ZIP_ARCHIVED_API_MATCH,CBP_AUXILIARY_TREATMENT_CHANGE;NAICS_REVISION_CORE_813410_UNCHANGED,-0.025423728813559365,CBP_2003_813410;st-est00int-alldata.csv:POPESTIMATE2003;S6_CBP_DENSITY_20261002_v1
West Virginia,54,2004,0.1915837479726806,348,1816438,JULY_1_RESIDENT_POPULATION,2010_INTERCENSAL,813410,NAICS2002,ESTABLISHMENTS_PER_1000_RESIDENTS,DIRECT,1,0,CBP_EMPLOYER_813410,CENSUS_CBP_AND_POPULATION_ESTIMATES,INHERITED_RAW_OFFICIAL_ZIP_ARCHIVED_API_MATCH,NONE,0.008695652173912993,CBP_2004_813410;st-est00int-alldata.csv:POPESTIMATE2004;S6_CBP_DENSITY_20261002_v1
West Virginia,54,2005,0.19225571988231752,350,1820492,JULY_1_RESIDENT_POPULATION,2010_INTERCENSAL,813410,NAICS2002,ESTABLISHMENTS_PER_1000_RESIDENTS,DIRECT,1,0,CBP_EMPLOYER_813410,CENSUS_CBP_AND_POPULATION_ESTIMATES,INHERITED_RAW_OFFICIAL_ZIP_ARCHIVED_API_MATCH,NONE,0.005747126436781658,CBP_2005_813410;st-est00int-alldata.csv:POPESTIMATE2005;S6_CBP_DENSITY_20261002_v1
West Virginia,54,2006,0.17943971044557944,328,1827912,JULY_1_RESIDENT_POPULATION,2010_INTERCENSAL,813410,NAICS2002,ESTABLISHMENTS_PER_1000_RESIDENTS,DIRECT,1,0,CBP_EMPLOYER_813410,CENSUS_CBP_AND_POPULATION_ESTIMATES,INHERITED_RAW_OFFICIAL_ZIP_ARCHIVED_API_MATCH,NONE,-0.06285714285714283,CBP_2006_813410;st-est00int-alldata.csv:POPESTIMATE2006;S6_CBP_DENSITY_20261002_v1
West Virginia,54,2007,0.17556754116022882,322,1834052,JULY_1_RESIDENT_POPULATION,2010_INTERCENSAL,813410,NAICS2002,ESTABLISHMENTS_PER_1000_RESIDENTS,DIRECT,1,0,CBP_EMPLOYER_813410,CENSUS_CBP_AND_POPULATION_ESTIMATES,INHERITED_RAW_OFFICIAL_ZIP_ARCHIVED_API_MATCH,NONE,-0.018292682926829285,CBP_2007_813410;st-est00int-alldata.csv:POPESTIMATE2007;S6_CBP_DENSITY_20261002_v1
West Virginia,54,2008,0.17279697442278746,318,1840310,JULY_1_RESIDENT_POPULATION,2010_INTERCENSAL,813410,NAICS2007,ESTABLISHMENTS_PER_1000_RESIDENTS,DIRECT,1,0,CBP_EMPLOYER_813410,CENSUS_CBP_AND_POPULATION_ESTIMATES,INHERITED_RAW_OFFICIAL_ZIP_ARCHIVED_API_MATCH,NAICS_REVISION_CORE_813410_UNCHANGED,-0.012422360248447228,CBP_2008_813410;st-est00int-alldata.csv:POPESTIMATE2008;S6_CBP_DENSITY_20261002_v1
West Virginia,54,2009,0.17155768424185847,317,1847775,JULY_1_RESIDENT_POPULATION,2010_INTERCENSAL,813410,NAICS2007,ESTABLISHMENTS_PER_1000_RESIDENTS,DIRECT,1,0,CBP_EMPLOYER_813410,CENSUS_CBP_AND_POPULATION_ESTIMATES,INHERITED_RAW_OFFICIAL_ZIP_ARCHIVED_API_MATCH,NONE,-0.0031446540880503138,CBP_2009_813410;st-est00int-alldata.csv:POPESTIMATE2009;S6_CBP_DENSITY_20261002_v1
West Virginia,54,2010,0.16448565873809837,305,1854265,JULY_1_RESIDENT_POPULATION,VINTAGE_2020,813410,NAICS2007,ESTABLISHMENTS_PER_1000_RESIDENTS,DIRECT,1,0,CBP_EMPLOYER_813410,CENSUS_CBP_AND_POPULATION_ESTIMATES,INHERITED_RAW_OFFICIAL_ZIP_ARCHIVED_API_MATCH,POPULATION_BENCHMARK_BOUNDARY,-0.03785488958990535,CBP_2010_813410;nst-est2020-alldata.csv:POPESTIMATE2010;S6_CBP_DENSITY_20261002_v1
West Virginia,54,2011,0.16050793760226995,298,1856606,JULY_1_RESIDENT_POPULATION,VINTAGE_2020,813410,NAICS2007,ESTABLISHMENTS_PER_1000_RESIDENTS,DIRECT,1,0,CBP_EMPLOYER_813410,CENSUS_CBP_AND_POPULATION_ESTIMATES,INHERITED_RAW_OFFICIAL_ZIP_ARCHIVED_API_MATCH,NONE,-0.022950819672131195,CBP_2011_813410;nst-est2020-alldata.csv:POPESTIMATE2011;S6_CBP_DENSITY_20261002_v1
West Virginia,54,2012,0.15182137192682857,282,1857446,JULY_1_RESIDENT_POPULATION,VINTAGE_2020,813410,NAICS2012,ESTABLISHMENTS_PER_1000_RESIDENTS,DIRECT,1,0,CBP_EMPLOYER_813410,CENSUS_CBP_AND_POPULATION_ESTIMATES,INHERITED_RAW_OFFICIAL_ZIP_ARCHIVED_API_MATCH,NAICS_REVISION_CORE_813410_UNCHANGED,-0.05369127516778527,CBP_2012_813410;nst-est2020-alldata.csv:POPESTIMATE2012;S6_CBP_DENSITY_20261002_v1
West Virginia,54,2013,0.1547363336007522,287,1854768,JULY_1_RESIDENT_POPULATION,VINTAGE_2020,813410,NAICS2012,ESTABLISHMENTS_PER_1000_RESIDENTS,DIRECT,1,0,CBP_EMPLOYER_813410,CENSUS_CBP_AND_POPULATION_ESTIMATES,INHERITED_RAW_OFFICIAL_ZIP_ARCHIVED_API_MATCH,NONE,0.01773049645390068,CBP_2013_813410;nst-est2020-alldata.csv:POPESTIMATE2013;S6_CBP_DENSITY_20261002_v1
West Virginia,54,2014,0.15238556357531116,282,1850569,JULY_1_RESIDENT_POPULATION,VINTAGE_2020,813410,NAICS2012,ESTABLISHMENTS_PER_1000_RESIDENTS,DIRECT,1,0,CBP_EMPLOYER_813410,CENSUS_CBP_AND_POPULATION_ESTIMATES,INHERITED_RAW_OFFICIAL_ZIP_ARCHIVED_API_MATCH,NONE,-0.017421602787456414,CBP_2014_813410;nst-est2020-alldata.csv:POPESTIMATE2014;S6_CBP_DENSITY_20261002_v1
West Virginia,54,2015,0.14484639771891333,267,1843332,JULY_1_RESIDENT_POPULATION,VINTAGE_2020,813410,NAICS2012,ESTABLISHMENTS_PER_1000_RESIDENTS,DIRECT,1,0,CBP_EMPLOYER_813410,CENSUS_CBP_AND_POPULATION_ESTIMATES,INHERITED_RAW_OFFICIAL_ZIP_ARCHIVED_API_MATCH,NONE,-0.05319148936170215,CBP_2015_813410;nst-est2020-alldata.csv:POPESTIMATE2015;S6_CBP_DENSITY_20261002_v1
West Virginia,54,2016,0.1435248726421401,263,1832435,JULY_1_RESIDENT_POPULATION,VINTAGE_2020,813410,NAICS2012,ESTABLISHMENTS_PER_1000_RESIDENTS,DIRECT,1,0,CBP_EMPLOYER_813410,CENSUS_CBP_AND_POPULATION_ESTIMATES,INHERITED_RAW_OFFICIAL_ZIP_ARCHIVED_API_MATCH,NONE,-0.014981273408239737,CBP_2016_813410;nst-est2020-alldata.csv:POPESTIMATE2016;S6_CBP_DENSITY_20261002_v1
West Virginia,54,2017,0.13801195700405183,251,1818683,JULY_1_RESIDENT_POPULATION,VINTAGE_2020,813410,NAICS2017,ESTABLISHMENTS_PER_1000_RESIDENTS,DIRECT,1,0,CBP_EMPLOYER_813410,CENSUS_CBP_AND_POPULATION_ESTIMATES,INHERITED_RAW_OFFICIAL_ZIP_ARCHIVED_API_MATCH,NAICS_REVISION_CORE_813410_UNCHANGED,-0.04562737642585546,CBP_2017_813410;nst-est2020-alldata.csv:POPESTIMATE2017;S6_CBP_DENSITY_20261002_v1
West Virginia,54,2018,0.1362161695237916,246,1805953,JULY_1_RESIDENT_POPULATION,VINTAGE_2020,813410,NAICS2017,ESTABLISHMENTS_PER_1000_RESIDENTS,DIRECT,1,0,CBP_EMPLOYER_813410,CENSUS_CBP_AND_POPULATION_ESTIMATES,INHERITED_RAW_OFFICIAL_ZIP_ARCHIVED_API_MATCH,NONE,-0.019920318725099584,CBP_2018_813410;nst-est2020-alldata.csv:POPESTIMATE2018;S6_CBP_DENSITY_20261002_v1
West Virginia,54,2019,0.13535621243238455,243,1795263,JULY_1_RESIDENT_POPULATION,VINTAGE_2020,813410,NAICS2017,ESTABLISHMENTS_PER_1000_RESIDENTS,DIRECT,1,0,CBP_EMPLOYER_813410,CENSUS_CBP_AND_POPULATION_ESTIMATES,INHERITED_RAW_OFFICIAL_ZIP_ARCHIVED_API_MATCH,NONE,-0.012195121951219523,CBP_2019_813410;nst-est2020-alldata.csv:POPESTIMATE2019;S6_CBP_DENSITY_20261002_v1
West Virginia,54,2020,0.13061228135001748,234,1791562,JULY_1_RESIDENT_POPULATION,VINTAGE_2023,813410,NAICS2017,ESTABLISHMENTS_PER_1000_RESIDENTS,DIRECT,1,0,CBP_EMPLOYER_813410,CENSUS_CBP_AND_POPULATION_ESTIMATES,INHERITED_RAW_OFFICIAL_ZIP_ARCHIVED_API_MATCH,POPULATION_BENCHMARK_BOUNDARY,-0.03703703703703709,CBP_2020_813410;NST-EST2023-ALLDATA.csv:POPESTIMATE2020;S6_CBP_DENSITY_20261002_v1
West Virginia,54,2021,0.1249125472133019,223,1785249,JULY_1_RESIDENT_POPULATION,VINTAGE_2023,813410,NAICS2017,ESTABLISHMENTS_PER_1000_RESIDENTS,DIRECT,1,0,CBP_EMPLOYER_813410,CENSUS_CBP_AND_POPULATION_ESTIMATES,INHERITED_RAW_OFFICIAL_ZIP_ARCHIVED_API_MATCH,NONE,-0.047008547008547064,CBP_2021_813410;NST-EST2023-ALLDATA.csv:POPESTIMATE2021;S6_CBP_DENSITY_20261002_v1
West Virginia,54,2022,0.12175633513431246,216,1774035,JULY_1_RESIDENT_POPULATION,VINTAGE_2023,813410,NAICS2017,ESTABLISHMENTS_PER_1000_RESIDENTS,DIRECT,1,0,CBP_EMPLOYER_813410,CENSUS_CBP_AND_POPULATION_ESTIMATES,INHERITED_RAW_OFFICIAL_ZIP_ARCHIVED_API_MATCH,NONE,-0.03139013452914796,CBP_2022_813410;NST-EST2023-ALLDATA.csv:POPESTIMATE2022;S6_CBP_DENSITY_20261002_v1
West Virginia,54,2023,0.11468466519139628,203,1770071,JULY_1_RESIDENT_POPULATION,VINTAGE_2023,813410,NAICS2017,ESTABLISHMENTS_PER_1000_RESIDENTS,DIRECT,1,0,CBP_EMPLOYER_813410,CENSUS_CBP_AND_POPULATION_ESTIMATES,INHERITED_RAW_OFFICIAL_ZIP_ARCHIVED_API_MATCH,NONE,-0.06018518518518523,CBP_2023_813410;NST-EST2023-ALLDATA.csv:POPESTIMATE2023;S6_CBP_DENSITY_20261002_v1
Wisconsin,55,2000,0.10569410228770047,568,5373999,JULY_1_RESIDENT_POPULATION,2010_INTERCENSAL,813410,NAICS1997,ESTABLISHMENTS_PER_1000_RESIDENTS,DIRECT,1,0,CBP_EMPLOYER_813410,CENSUS_CBP_AND_POPULATION_ESTIMATES,INHERITED_RAW_OFFICIAL_ZIP_ARCHIVED_API_MATCH,NONE,,CBP_2000_813410;st-est00int-alldata.csv:POPESTIMATE2000;S6_CBP_DENSITY_20261002_v1
Wisconsin,55,2001,0.10486726523002829,567,5406835,JULY_1_RESIDENT_POPULATION,2010_INTERCENSAL,813410,NAICS1997,ESTABLISHMENTS_PER_1000_RESIDENTS,DIRECT,1,0,CBP_EMPLOYER_813410,CENSUS_CBP_AND_POPULATION_ESTIMATES,INHERITED_RAW_OFFICIAL_ZIP_ARCHIVED_API_MATCH,NONE,-0.0017605633802817433,CBP_2001_813410;st-est00int-alldata.csv:POPESTIMATE2001;S6_CBP_DENSITY_20261002_v1
Wisconsin,55,2002,0.10100709584030741,550,5445162,JULY_1_RESIDENT_POPULATION,2010_INTERCENSAL,813410,NAICS1997,ESTABLISHMENTS_PER_1000_RESIDENTS,DIRECT,1,0,CBP_EMPLOYER_813410,CENSUS_CBP_AND_POPULATION_ESTIMATES,INHERITED_RAW_OFFICIAL_ZIP_ARCHIVED_API_MATCH,NONE,-0.029982363315696703,CBP_2002_813410;st-est00int-alldata.csv:POPESTIMATE2002;S6_CBP_DENSITY_20261002_v1
Wisconsin,55,2003,0.10530728647943871,577,5479203,JULY_1_RESIDENT_POPULATION,2010_INTERCENSAL,813410,NAICS2002,ESTABLISHMENTS_PER_1000_RESIDENTS,DIRECT,1,0,CBP_EMPLOYER_813410,CENSUS_CBP_AND_POPULATION_ESTIMATES,INHERITED_RAW_OFFICIAL_ZIP_ARCHIVED_API_MATCH,CBP_AUXILIARY_TREATMENT_CHANGE;NAICS_REVISION_CORE_813410_UNCHANGED,0.049090909090909074,CBP_2003_813410;st-est00int-alldata.csv:POPESTIMATE2003;S6_CBP_DENSITY_20261002_v1
Wisconsin,55,2004,0.10518630126154646,580,5514026,JULY_1_RESIDENT_POPULATION,2010_INTERCENSAL,813410,NAICS2002,ESTABLISHMENTS_PER_1000_RESIDENTS,DIRECT,1,0,CBP_EMPLOYER_813410,CENSUS_CBP_AND_POPULATION_ESTIMATES,INHERITED_RAW_OFFICIAL_ZIP_ARCHIVED_API_MATCH,NONE,0.005199306759098743,CBP_2004_813410;st-est00int-alldata.csv:POPESTIMATE2004;S6_CBP_DENSITY_20261002_v1
Wisconsin,55,2005,0.10493735672534864,582,5546166,JULY_1_RESIDENT_POPULATION,2010_INTERCENSAL,813410,NAICS2002,ESTABLISHMENTS_PER_1000_RESIDENTS,DIRECT,1,0,CBP_EMPLOYER_813410,CENSUS_CBP_AND_POPULATION_ESTIMATES,INHERITED_RAW_OFFICIAL_ZIP_ARCHIVED_API_MATCH,NONE,0.0034482758620688614,CBP_2005_813410;st-est00int-alldata.csv:POPESTIMATE2005;S6_CBP_DENSITY_20261002_v1
Wisconsin,55,2006,0.10075919001802729,562,5577655,JULY_1_RESIDENT_POPULATION,2010_INTERCENSAL,813410,NAICS2002,ESTABLISHMENTS_PER_1000_RESIDENTS,DIRECT,1,0,CBP_EMPLOYER_813410,CENSUS_CBP_AND_POPULATION_ESTIMATES,INHERITED_RAW_OFFICIAL_ZIP_ARCHIVED_API_MATCH,NONE,-0.03436426116838487,CBP_2006_813410;st-est00int-alldata.csv:POPESTIMATE2006;S6_CBP_DENSITY_20261002_v1
Wisconsin,55,2007,0.09962973029572562,559,5610775,JULY_1_RESIDENT_POPULATION,2010_INTERCENSAL,813410,NAICS2002,ESTABLISHMENTS_PER_1000_RESIDENTS,DIRECT,1,0,CBP_EMPLOYER_813410,CENSUS_CBP_AND_POPULATION_ESTIMATES,INHERITED_RAW_OFFICIAL_ZIP_ARCHIVED_API_MATCH,NONE,-0.005338078291814985,CBP_2007_813410;st-est00int-alldata.csv:POPESTIMATE2007;S6_CBP_DENSITY_20261002_v1
Wisconsin,55,2008,0.09360049182803888,528,5640996,JULY_1_RESIDENT_POPULATION,2010_INTERCENSAL,813410,NAICS2007,ESTABLISHMENTS_PER_1000_RESIDENTS,DIRECT,1,0,CBP_EMPLOYER_813410,CENSUS_CBP_AND_POPULATION_ESTIMATES,INHERITED_RAW_OFFICIAL_ZIP_ARCHIVED_API_MATCH,NAICS_REVISION_CORE_813410_UNCHANGED,-0.05545617173524153,CBP_2008_813410;st-est00int-alldata.csv:POPESTIMATE2008;S6_CBP_DENSITY_20261002_v1
Wisconsin,55,2009,0.09084071583189635,515,5669264,JULY_1_RESIDENT_POPULATION,2010_INTERCENSAL,813410,NAICS2007,ESTABLISHMENTS_PER_1000_RESIDENTS,DIRECT,1,0,CBP_EMPLOYER_813410,CENSUS_CBP_AND_POPULATION_ESTIMATES,INHERITED_RAW_OFFICIAL_ZIP_ARCHIVED_API_MATCH,NONE,-0.024621212121212155,CBP_2009_813410;st-est00int-alldata.csv:POPESTIMATE2009;S6_CBP_DENSITY_20261002_v1
Wisconsin,55,2010,0.08891953625474429,506,5690538,JULY_1_RESIDENT_POPULATION,VINTAGE_2020,813410,NAICS2007,ESTABLISHMENTS_PER_1000_RESIDENTS,DIRECT,1,0,CBP_EMPLOYER_813410,CENSUS_CBP_AND_POPULATION_ESTIMATES,INHERITED_RAW_OFFICIAL_ZIP_ARCHIVED_API_MATCH,POPULATION_BENCHMARK_BOUNDARY,-0.01747572815533982,CBP_2010_813410;nst-est2020-alldata.csv:POPESTIMATE2010;S6_CBP_DENSITY_20261002_v1
Wisconsin,55,2011,0.08798003449097767,502,5705840,JULY_1_RESIDENT_POPULATION,VINTAGE_2020,813410,NAICS2007,ESTABLISHMENTS_PER_1000_RESIDENTS,DIRECT,1,0,CBP_EMPLOYER_813410,CENSUS_CBP_AND_POPULATION_ESTIMATES,INHERITED_RAW_OFFICIAL_ZIP_ARCHIVED_API_MATCH,NONE,-0.007905138339920903,CBP_2011_813410;nst-est2020-alldata.csv:POPESTIMATE2011;S6_CBP_DENSITY_20261002_v1
Wisconsin,55,2012,0.08337958249028768,477,5720825,JULY_1_RESIDENT_POPULATION,VINTAGE_2020,813410,NAICS2012,ESTABLISHMENTS_PER_1000_RESIDENTS,DIRECT,1,0,CBP_EMPLOYER_813410,CENSUS_CBP_AND_POPULATION_ESTIMATES,INHERITED_RAW_OFFICIAL_ZIP_ARCHIVED_API_MATCH,NAICS_REVISION_CORE_813410_UNCHANGED,-0.04980079681274896,CBP_2012_813410;nst-est2020-alldata.csv:POPESTIMATE2012;S6_CBP_DENSITY_20261002_v1
Wisconsin,55,2013,0.08068996718724185,463,5738012,JULY_1_RESIDENT_POPULATION,VINTAGE_2020,813410,NAICS2012,ESTABLISHMENTS_PER_1000_RESIDENTS,DIRECT,1,0,CBP_EMPLOYER_813410,CENSUS_CBP_AND_POPULATION_ESTIMATES,INHERITED_RAW_OFFICIAL_ZIP_ARCHIVED_API_MATCH,NONE,-0.02935010482180289,CBP_2013_813410;nst-est2020-alldata.csv:POPESTIMATE2013;S6_CBP_DENSITY_20261002_v1
Wisconsin,55,2014,0.07908643521630314,455,5753199,JULY_1_RESIDENT_POPULATION,VINTAGE_2020,813410,NAICS2012,ESTABLISHMENTS_PER_1000_RESIDENTS,DIRECT,1,0,CBP_EMPLOYER_813410,CENSUS_CBP_AND_POPULATION_ESTIMATES,INHERITED_RAW_OFFICIAL_ZIP_ARCHIVED_API_MATCH,NONE,-0.017278617710583144,CBP_2014_813410;nst-est2020-alldata.csv:POPESTIMATE2014;S6_CBP_DENSITY_20261002_v1
Wisconsin,55,2015,0.08068816419156447,465,5762927,JULY_1_RESIDENT_POPULATION,VINTAGE_2020,813410,NAICS2012,ESTABLISHMENTS_PER_1000_RESIDENTS,DIRECT,1,0,CBP_EMPLOYER_813410,CENSUS_CBP_AND_POPULATION_ESTIMATES,INHERITED_RAW_OFFICIAL_ZIP_ARCHIVED_API_MATCH,NONE,0.0219780219780219,CBP_2015_813410;nst-est2020-alldata.csv:POPESTIMATE2015;S6_CBP_DENSITY_20261002_v1
Wisconsin,55,2016,0.08259497123028413,477,5775170,JULY_1_RESIDENT_POPULATION,VINTAGE_2020,813410,NAICS2012,ESTABLISHMENTS_PER_1000_RESIDENTS,DIRECT,1,0,CBP_EMPLOYER_813410,CENSUS_CBP_AND_POPULATION_ESTIMATES,INHERITED_RAW_OFFICIAL_ZIP_ARCHIVED_API_MATCH,NONE,0.02580645161290329,CBP_2016_813410;nst-est2020-alldata.csv:POPESTIMATE2016;S6_CBP_DENSITY_20261002_v1
Wisconsin,55,2017,0.08043987145501401,466,5793147,JULY_1_RESIDENT_POPULATION,VINTAGE_2020,813410,NAICS2017,ESTABLISHMENTS_PER_1000_RESIDENTS,DIRECT,1,0,CBP_EMPLOYER_813410,CENSUS_CBP_AND_POPULATION_ESTIMATES,INHERITED_RAW_OFFICIAL_ZIP_ARCHIVED_API_MATCH,NAICS_REVISION_CORE_813410_UNCHANGED,-0.023060796645702264,CBP_2017_813410;nst-est2020-alldata.csv:POPESTIMATE2017;S6_CBP_DENSITY_20261002_v1
Wisconsin,55,2018,0.07367472848366564,428,5809319,JULY_1_RESIDENT_POPULATION,VINTAGE_2020,813410,NAICS2017,ESTABLISHMENTS_PER_1000_RESIDENTS,DIRECT,1,0,CBP_EMPLOYER_813410,CENSUS_CBP_AND_POPULATION_ESTIMATES,INHERITED_RAW_OFFICIAL_ZIP_ARCHIVED_API_MATCH,NONE,-0.08154506437768239,CBP_2018_813410;nst-est2020-alldata.csv:POPESTIMATE2018;S6_CBP_DENSITY_20261002_v1
Wisconsin,55,2019,0.07330999431547093,427,5824581,JULY_1_RESIDENT_POPULATION,VINTAGE_2020,813410,NAICS2017,ESTABLISHMENTS_PER_1000_RESIDENTS,DIRECT,1,0,CBP_EMPLOYER_813410,CENSUS_CBP_AND_POPULATION_ESTIMATES,INHERITED_RAW_OFFICIAL_ZIP_ARCHIVED_API_MATCH,NONE,-0.002336448598130869,CBP_2019_813410;nst-est2020-alldata.csv:POPESTIMATE2019;S6_CBP_DENSITY_20261002_v1
Wisconsin,55,2020,0.06851289704410941,404,5896700,JULY_1_RESIDENT_POPULATION,VINTAGE_2023,813410,NAICS2017,ESTABLISHMENTS_PER_1000_RESIDENTS,DIRECT,1,0,CBP_EMPLOYER_813410,CENSUS_CBP_AND_POPULATION_ESTIMATES,INHERITED_RAW_OFFICIAL_ZIP_ARCHIVED_API_MATCH,POPULATION_BENCHMARK_BOUNDARY,-0.05386416861826693,CBP_2020_813410;NST-EST2023-ALLDATA.csv:POPESTIMATE2020;S6_CBP_DENSITY_20261002_v1
Wisconsin,55,2021,0.06700705342775091,394,5879978,JULY_1_RESIDENT_POPULATION,VINTAGE_2023,813410,NAICS2017,ESTABLISHMENTS_PER_1000_RESIDENTS,DIRECT,1,0,CBP_EMPLOYER_813410,CENSUS_CBP_AND_POPULATION_ESTIMATES,INHERITED_RAW_OFFICIAL_ZIP_ARCHIVED_API_MATCH,NONE,-0.024752475247524774,CBP_2021_813410;NST-EST2023-ALLDATA.csv:POPESTIMATE2021;S6_CBP_DENSITY_20261002_v1
Wisconsin,55,2022,0.0673961636473921,397,5890543,JULY_1_RESIDENT_POPULATION,VINTAGE_2023,813410,NAICS2017,ESTABLISHMENTS_PER_1000_RESIDENTS,DIRECT,1,0,CBP_EMPLOYER_813410,CENSUS_CBP_AND_POPULATION_ESTIMATES,INHERITED_RAW_OFFICIAL_ZIP_ARCHIVED_API_MATCH,NONE,0.0076142131979695105,CBP_2022_813410;NST-EST2023-ALLDATA.csv:POPESTIMATE2022;S6_CBP_DENSITY_20261002_v1
Wisconsin,55,2023,0.06564083130390944,388,5910955,JULY_1_RESIDENT_POPULATION,VINTAGE_2023,813410,NAICS2017,ESTABLISHMENTS_PER_1000_RESIDENTS,DIRECT,1,0,CBP_EMPLOYER_813410,CENSUS_CBP_AND_POPULATION_ESTIMATES,INHERITED_RAW_OFFICIAL_ZIP_ARCHIVED_API_MATCH,NONE,-0.02267002518891692,CBP_2023_813410;NST-EST2023-ALLDATA.csv:POPESTIMATE2023;S6_CBP_DENSITY_20261002_v1
Wyoming,56,2000,0.26502124216063117,131,494300,JULY_1_RESIDENT_POPULATION,2010_INTERCENSAL,813410,NAICS1997,ESTABLISHMENTS_PER_1000_RESIDENTS,DIRECT,1,0,CBP_EMPLOYER_813410,CENSUS_CBP_AND_POPULATION_ESTIMATES,INHERITED_RAW_OFFICIAL_ZIP_ARCHIVED_API_MATCH,NONE,,CBP_2000_813410;st-est00int-alldata.csv:POPESTIMATE2000;S6_CBP_DENSITY_20261002_v1
Wyoming,56,2001,0.2668515759405002,132,494657,JULY_1_RESIDENT_POPULATION,2010_INTERCENSAL,813410,NAICS1997,ESTABLISHMENTS_PER_1000_RESIDENTS,DIRECT,1,0,CBP_EMPLOYER_813410,CENSUS_CBP_AND_POPULATION_ESTIMATES,INHERITED_RAW_OFFICIAL_ZIP_ARCHIVED_API_MATCH,NONE,0.007633587786259444,CBP_2001_813410;st-est00int-alldata.csv:POPESTIMATE2001;S6_CBP_DENSITY_20261002_v1
Wyoming,56,2002,0.26599095630748554,133,500017,JULY_1_RESIDENT_POPULATION,2010_INTERCENSAL,813410,NAICS1997,ESTABLISHMENTS_PER_1000_RESIDENTS,DIRECT,1,0,CBP_EMPLOYER_813410,CENSUS_CBP_AND_POPULATION_ESTIMATES,INHERITED_RAW_OFFICIAL_ZIP_ARCHIVED_API_MATCH,NONE,0.007575757575757569,CBP_2002_813410;st-est00int-alldata.csv:POPESTIMATE2002;S6_CBP_DENSITY_20261002_v1
Wyoming,56,2003,0.28006586513537507,141,503453,JULY_1_RESIDENT_POPULATION,2010_INTERCENSAL,813410,NAICS2002,ESTABLISHMENTS_PER_1000_RESIDENTS,DIRECT,1,0,CBP_EMPLOYER_813410,CENSUS_CBP_AND_POPULATION_ESTIMATES,INHERITED_RAW_OFFICIAL_ZIP_ARCHIVED_API_MATCH,CBP_AUXILIARY_TREATMENT_CHANGE;NAICS_REVISION_CORE_813410_UNCHANGED,0.06015037593984962,CBP_2003_813410;st-est00int-alldata.csv:POPESTIMATE2003;S6_CBP_DENSITY_20261002_v1
Wyoming,56,2004,0.26517071101106643,135,509106,JULY_1_RESIDENT_POPULATION,2010_INTERCENSAL,813410,NAICS2002,ESTABLISHMENTS_PER_1000_RESIDENTS,DIRECT,1,0,CBP_EMPLOYER_813410,CENSUS_CBP_AND_POPULATION_ESTIMATES,INHERITED_RAW_OFFICIAL_ZIP_ARCHIVED_API_MATCH,NONE,-0.04255319148936165,CBP_2004_813410;st-est00int-alldata.csv:POPESTIMATE2004;S6_CBP_DENSITY_20261002_v1
Wyoming,56,2005,0.27229037045104904,140,514157,JULY_1_RESIDENT_POPULATION,2010_INTERCENSAL,813410,NAICS2002,ESTABLISHMENTS_PER_1000_RESIDENTS,DIRECT,1,0,CBP_EMPLOYER_813410,CENSUS_CBP_AND_POPULATION_ESTIMATES,INHERITED_RAW_OFFICIAL_ZIP_ARCHIVED_API_MATCH,NONE,0.03703703703703698,CBP_2005_813410;st-est00int-alldata.csv:POPESTIMATE2005;S6_CBP_DENSITY_20261002_v1
Wyoming,56,2006,0.25063759525663565,131,522667,JULY_1_RESIDENT_POPULATION,2010_INTERCENSAL,813410,NAICS2002,ESTABLISHMENTS_PER_1000_RESIDENTS,DIRECT,1,0,CBP_EMPLOYER_813410,CENSUS_CBP_AND_POPULATION_ESTIMATES,INHERITED_RAW_OFFICIAL_ZIP_ARCHIVED_API_MATCH,NONE,-0.06428571428571428,CBP_2006_813410;st-est00int-alldata.csv:POPESTIMATE2006;S6_CBP_DENSITY_20261002_v1
Wyoming,56,2007,0.2673516852504132,143,534876,JULY_1_RESIDENT_POPULATION,2010_INTERCENSAL,813410,NAICS2002,ESTABLISHMENTS_PER_1000_RESIDENTS,DIRECT,1,0,CBP_EMPLOYER_813410,CENSUS_CBP_AND_POPULATION_ESTIMATES,INHERITED_RAW_OFFICIAL_ZIP_ARCHIVED_API_MATCH,NONE,0.09160305343511443,CBP_2007_813410;st-est00int-alldata.csv:POPESTIMATE2007;S6_CBP_DENSITY_20261002_v1
Wyoming,56,2008,0.26005277972613877,142,546043,JULY_1_RESIDENT_POPULATION,2010_INTERCENSAL,813410,NAICS2007,ESTABLISHMENTS_PER_1000_RESIDENTS,DIRECT,1,0,CBP_EMPLOYER_813410,CENSUS_CBP_AND_POPULATION_ESTIMATES,INHERITED_RAW_OFFICIAL_ZIP_ARCHIVED_API_MATCH,NAICS_REVISION_CORE_813410_UNCHANGED,-0.006993006993006978,CBP_2008_813410;st-est00int-alldata.csv:POPESTIMATE2008;S6_CBP_DENSITY_20261002_v1
Wyoming,56,2009,0.2322046401631863,130,559851,JULY_1_RESIDENT_POPULATION,2010_INTERCENSAL,813410,NAICS2007,ESTABLISHMENTS_PER_1000_RESIDENTS,DIRECT,1,0,CBP_EMPLOYER_813410,CENSUS_CBP_AND_POPULATION_ESTIMATES,INHERITED_RAW_OFFICIAL_ZIP_ARCHIVED_API_MATCH,NONE,-0.08450704225352113,CBP_2009_813410;st-est00int-alldata.csv:POPESTIMATE2009;S6_CBP_DENSITY_20261002_v1
Wyoming,56,2010,0.23027964806184248,130,564531,JULY_1_RESIDENT_POPULATION,VINTAGE_2020,813410,NAICS2007,ESTABLISHMENTS_PER_1000_RESIDENTS,DIRECT,1,0,CBP_EMPLOYER_813410,CENSUS_CBP_AND_POPULATION_ESTIMATES,INHERITED_RAW_OFFICIAL_ZIP_ARCHIVED_API_MATCH,POPULATION_BENCHMARK_BOUNDARY,0.0,CBP_2010_813410;nst-est2020-alldata.csv:POPESTIMATE2010;S6_CBP_DENSITY_20261002_v1
Wyoming,56,2011,0.2290785228311991,130,567491,JULY_1_RESIDENT_POPULATION,VINTAGE_2020,813410,NAICS2007,ESTABLISHMENTS_PER_1000_RESIDENTS,DIRECT,1,0,CBP_EMPLOYER_813410,CENSUS_CBP_AND_POPULATION_ESTIMATES,INHERITED_RAW_OFFICIAL_ZIP_ARCHIVED_API_MATCH,NONE,0.0,CBP_2011_813410;nst-est2020-alldata.csv:POPESTIMATE2011;S6_CBP_DENSITY_20261002_v1
Wyoming,56,2012,0.20462806248439275,118,576656,JULY_1_RESIDENT_POPULATION,VINTAGE_2020,813410,NAICS2012,ESTABLISHMENTS_PER_1000_RESIDENTS,DIRECT,1,0,CBP_EMPLOYER_813410,CENSUS_CBP_AND_POPULATION_ESTIMATES,INHERITED_RAW_OFFICIAL_ZIP_ARCHIVED_API_MATCH,NAICS_REVISION_CORE_813410_UNCHANGED,-0.09230769230769231,CBP_2012_813410;nst-est2020-alldata.csv:POPESTIMATE2012;S6_CBP_DENSITY_20261002_v1
Wyoming,56,2013,0.19910061446568947,116,582620,JULY_1_RESIDENT_POPULATION,VINTAGE_2020,813410,NAICS2012,ESTABLISHMENTS_PER_1000_RESIDENTS,DIRECT,1,0,CBP_EMPLOYER_813410,CENSUS_CBP_AND_POPULATION_ESTIMATES,INHERITED_RAW_OFFICIAL_ZIP_ARCHIVED_API_MATCH,NONE,-0.016949152542372836,CBP_2013_813410;nst-est2020-alldata.csv:POPESTIMATE2013;S6_CBP_DENSITY_20261002_v1
Wyoming,56,2014,0.20406098508297052,119,583159,JULY_1_RESIDENT_POPULATION,VINTAGE_2020,813410,NAICS2012,ESTABLISHMENTS_PER_1000_RESIDENTS,DIRECT,1,0,CBP_EMPLOYER_813410,CENSUS_CBP_AND_POPULATION_ESTIMATES,INHERITED_RAW_OFFICIAL_ZIP_ARCHIVED_API_MATCH,NONE,0.02586206896551735,CBP_2014_813410;nst-est2020-alldata.csv:POPESTIMATE2014;S6_CBP_DENSITY_20261002_v1
Wyoming,56,2015,0.2046423108209738,120,586389,JULY_1_RESIDENT_POPULATION,VINTAGE_2020,813410,NAICS2012,ESTABLISHMENTS_PER_1000_RESIDENTS,DIRECT,1,0,CBP_EMPLOYER_813410,CENSUS_CBP_AND_POPULATION_ESTIMATES,INHERITED_RAW_OFFICIAL_ZIP_ARCHIVED_API_MATCH,NONE,0.008403361344537785,CBP_2015_813410;nst-est2020-alldata.csv:POPESTIMATE2015;S6_CBP_DENSITY_20261002_v1
Wyoming,56,2016,0.20504303340663624,120,585243,JULY_1_RESIDENT_POPULATION,VINTAGE_2020,813410,NAICS2012,ESTABLISHMENTS_PER_1000_RESIDENTS,DIRECT,1,0,CBP_EMPLOYER_813410,CENSUS_CBP_AND_POPULATION_ESTIMATES,INHERITED_RAW_OFFICIAL_ZIP_ARCHIVED_API_MATCH,NONE,0.0,CBP_2016_813410;nst-est2020-alldata.csv:POPESTIMATE2016;S6_CBP_DENSITY_20261002_v1
Wyoming,56,2017,0.21034700358969233,122,579994,JULY_1_RESIDENT_POPULATION,VINTAGE_2020,813410,NAICS2017,ESTABLISHMENTS_PER_1000_RESIDENTS,DIRECT,1,0,CBP_EMPLOYER_813410,CENSUS_CBP_AND_POPULATION_ESTIMATES,INHERITED_RAW_OFFICIAL_ZIP_ARCHIVED_API_MATCH,NAICS_REVISION_CORE_813410_UNCHANGED,0.016666666666666607,CBP_2017_813410;nst-est2020-alldata.csv:POPESTIMATE2017;S6_CBP_DENSITY_20261002_v1
Wyoming,56,2018,0.21241542239583874,123,579054,JULY_1_RESIDENT_POPULATION,VINTAGE_2020,813410,NAICS2017,ESTABLISHMENTS_PER_1000_RESIDENTS,DIRECT,1,0,CBP_EMPLOYER_813410,CENSUS_CBP_AND_POPULATION_ESTIMATES,INHERITED_RAW_OFFICIAL_ZIP_ARCHIVED_API_MATCH,NONE,0.008196721311475308,CBP_2018_813410;nst-est2020-alldata.csv:POPESTIMATE2018;S6_CBP_DENSITY_20261002_v1
Wyoming,56,2019,0.20857897386040034,121,580116,JULY_1_RESIDENT_POPULATION,VINTAGE_2020,813410,NAICS2017,ESTABLISHMENTS_PER_1000_RESIDENTS,DIRECT,1,0,CBP_EMPLOYER_813410,CENSUS_CBP_AND_POPULATION_ESTIMATES,INHERITED_RAW_OFFICIAL_ZIP_ARCHIVED_API_MATCH,NONE,-0.016260162601625994,CBP_2019_813410;nst-est2020-alldata.csv:POPESTIMATE2019;S6_CBP_DENSITY_20261002_v1
Wyoming,56,2020,0.21465765566142256,124,577664,JULY_1_RESIDENT_POPULATION,VINTAGE_2023,813410,NAICS2017,ESTABLISHMENTS_PER_1000_RESIDENTS,DIRECT,1,0,CBP_EMPLOYER_813410,CENSUS_CBP_AND_POPULATION_ESTIMATES,INHERITED_RAW_OFFICIAL_ZIP_ARCHIVED_API_MATCH,POPULATION_BENCHMARK_BOUNDARY,0.024793388429751984,CBP_2020_813410;NST-EST2023-ALLDATA.csv:POPESTIMATE2020;S6_CBP_DENSITY_20261002_v1
Wyoming,56,2021,0.20360694886359715,118,579548,JULY_1_RESIDENT_POPULATION,VINTAGE_2023,813410,NAICS2017,ESTABLISHMENTS_PER_1000_RESIDENTS,DIRECT,1,0,CBP_EMPLOYER_813410,CENSUS_CBP_AND_POPULATION_ESTIMATES,INHERITED_RAW_OFFICIAL_ZIP_ARCHIVED_API_MATCH,NONE,-0.048387096774193505,CBP_2021_813410;NST-EST2023-ALLDATA.csv:POPESTIMATE2021;S6_CBP_DENSITY_20261002_v1
Wyoming,56,2022,0.20115915815751964,117,581629,JULY_1_RESIDENT_POPULATION,VINTAGE_2023,813410,NAICS2017,ESTABLISHMENTS_PER_1000_RESIDENTS,DIRECT,1,0,CBP_EMPLOYER_813410,CENSUS_CBP_AND_POPULATION_ESTIMATES,INHERITED_RAW_OFFICIAL_ZIP_ARCHIVED_API_MATCH,NONE,-0.008474576271186418,CBP_2022_813410;NST-EST2023-ALLDATA.csv:POPESTIMATE2022;S6_CBP_DENSITY_20261002_v1
Wyoming,56,2023,0.1986107520327639,116,584057,JULY_1_RESIDENT_POPULATION,VINTAGE_2023,813410,NAICS2017,ESTABLISHMENTS_PER_1000_RESIDENTS,DIRECT,1,0,CBP_EMPLOYER_813410,CENSUS_CBP_AND_POPULATION_ESTIMATES,INHERITED_RAW_OFFICIAL_ZIP_ARCHIVED_API_MATCH,NONE,-0.008547008547008517,CBP_2023_813410;NST-EST2023-ALLDATA.csv:POPESTIMATE2023;S6_CBP_DENSITY_20261002_v1
