state,year,state_abbr,E1_real_gdp_millions_chained_2017_dollars,source_table,line_code,E2_pcpi_nominal_usd,E3_avg_unemployment,st,D_democracy_mcmc,D_democracy_mcmc_sd,D_democracy_mcmc_se,D_democracy_additive,S_HAWES_COMPTON_socap_ma,S_CEV_formal_volunteering,S_CEV_organizational_membership,S_CEV_charitable_giving,S_CEV_informal_helping,S_CEV_talking_with_friends_and_family,S_CEV_talking_with_neighbors,S_CEV_learning_about_issues,S_CEV_discussing_issues_with_friends_and_family,S_CEV_discussing_issues_with_neighbors,S_CEV_posting_views_online,S_CEV_voting_in_local_elections,S_CEV_contacting_public_officials,S_CEV_donating_to_a_political_cause,S_CEV_attending_public_meetings,S_CEV_taking_action_with_neighbors,S_CEV_buycotting_or_boycotting,S_CEV_employer_promotes_volunteering,S_source_hawes_compton,S_source_cev,S_observed_any,S_series_note,E4_gini_index,source_variable,source_survey
Alabama,2000,AL,168695.3,SAGDP9N,1,24258,4.625,AL,-1.19966706316123,0.286838316108113,0.00286838316108113,-1.91132340458297,-0.9840144,,,,,,,,,,,,,,,,,,1,0,1,Hawes/Compton 3-year moving-average social-capital index; contiguous 48 states,,,
Alabama,2001,AL,168448.3,SAGDP9N,1,25046,5.1833,AL,-1.18911711733427,0.2873178183189,0.002873178183189,-1.8442019714894,-1.0707595,,,,,,,,,,,,,,,,,,1,0,1,Hawes/Compton 3-year moving-average social-capital index; contiguous 48 states,,,
Alabama,2002,AL,172430.4,SAGDP9N,1,25671,5.925,AL,-0.864239300808843,0.2873770849137,0.002873770849137,-1.60199903223623,-0.66225195,,,,,,,,,,,,,,,,,,1,0,1,Hawes/Compton 3-year moving-average social-capital index; contiguous 48 states,,,
Alabama,2003,AL,178040.0,SAGDP9N,1,26700,5.9833,AL,-0.94605662552524,0.287965889572597,0.00287965889572597,-1.86639590647943,-0.89120746,,,,,,,,,,,,,,,,,,1,0,1,Hawes/Compton 3-year moving-average social-capital index; contiguous 48 states,,,
Alabama,2004,AL,189913.7,SAGDP9N,1,28385,5.575,AL,-0.868436744528292,0.288768995335598,0.00288768995335598,-1.77954922805515,-0.72514385,,,,,,,,,,,,,,,,,,1,0,1,Hawes/Compton 3-year moving-average social-capital index; contiguous 48 states,,,
Alabama,2005,AL,197246.5,SAGDP9N,1,29780,4.4583,AL,-0.871910745460922,0.284694399258058,0.00284694399258058,-1.79713682621334,-1.3341863,,,,,,,,,,,,,,,,,,1,0,1,Hawes/Compton 3-year moving-average social-capital index; contiguous 48 states,,,
Alabama,2006,AL,199923.9,SAGDP9N,1,31264,4,AL,-0.866898121600014,0.284428127929137,0.00284428127929137,-1.81563178509992,-1.5191938,,,,,,,,,,,,,,,,,,1,0,1,Hawes/Compton 3-year moving-average social-capital index; contiguous 48 states,0.472,B19083_001E,ACS1
Alabama,2007,AL,202025.5,SAGDP9N,1,32516,4.0417,AL,-0.861050619387269,0.284966286952073,0.00284966286952073,-1.83213286065964,-1.6990304,,,,,,,,,,,,,,,,,,1,0,1,Hawes/Compton 3-year moving-average social-capital index; contiguous 48 states,0.471,B19083_001E,ACS1
Alabama,2008,AL,200967.4,SAGDP9N,1,33441,5.8833,AL,-0.314330605844328,0.289034737002195,0.00289034737002195,-1.36865216041935,-1.5409486,,,,,,,,,,,,,,,,,,1,0,1,Hawes/Compton 3-year moving-average social-capital index; contiguous 48 states,0.467,B19083_001E,ACS1
Alabama,2009,AL,194192.1,SAGDP9N,1,32717,10.0833,AL,-0.298166647984406,0.285560827401387,0.00285560827401387,-1.3247053452586,-1.4975376,,,,,,,,,,,,,,,,,,1,0,1,Hawes/Compton 3-year moving-average social-capital index; contiguous 48 states,0.471,B19083_001E,ACS1
Alabama,2010,AL,199455.0,SAGDP9N,1,33848,10.375,AL,-0.609836118936043,0.286898823477238,0.00286898823477238,-1.28280560063633,-1.4371125,,,,,,,,,,,,,,,,,,1,0,1,Hawes/Compton 3-year moving-average social-capital index; contiguous 48 states,0.472,B19083_001E,ACS1
Alabama,2011,AL,201372.8,SAGDP9N,1,34884,9.5833,AL,-0.747900499414927,0.286487763439029,0.00286487763439029,-1.51547870219467,,,,,,,,,,,,,,,,,,,0,0,0,,0.4735,B19083_001E,ACS1
Alabama,2012,AL,203675.5,SAGDP9N,1,35559,8.1583,AL,-1.54681703876338,0.286124600074088,0.00286124600074088,-1.95497768997365,,,,,,,,,,,,,,,,,,,0,0,0,,0.4726,B19083_001E,ACS1
Alabama,2013,AL,206962.9,SAGDP9N,1,35706,7.325,AL,-1.54316375512527,0.285629812697341,0.00285629812697341,-1.96428622163043,,,,,,,,,,,,,,,,,,,0,0,0,,0.4752,B19083_001E,ACS1
Alabama,2014,AL,206070.0,SAGDP9N,1,36722,6.7333,AL,-2.3383918794959,0.285439958549307,0.00285439958549307,-2.30691234558788,,,,,,,,,,,,,,,,,,,0,0,0,,0.4758,B19083_001E,ACS1
Alabama,2015,AL,208950.3,SAGDP9N,1,38189,6.125,AL,-2.3377066229505,0.288055151497336,0.00288055151497336,-2.30691234558788,,,,,,,,,,,,,,,,,,,0,0,0,,0.4811,B19083_001E,ACS1
Alabama,2016,AL,212862.8,SAGDP9N,1,38704,5.9083,AL,-2.48157669466592,0.287582241518731,0.00287582241518731,-1.65860722738803,,,,,,,,,,,,,,,,,,,0,0,0,,0.4847,B19083_001E,ACS1
Alabama,2017,AL,216615.5,SAGDP9N,1,39968,4.5083,AL,-2.47788821110341,0.287635453262708,0.00287635453262708,-1.65860722738803,,0.27398939,0.22115905,0.49894461,0.47416642,0.9840864,0.76593989,0.8770315,0.7010269,0.3221135,0.1963986,0.5562794,0.0727482,0.0464582,0.0727567,0.1823462,0.0694331,,0,1,1,CPS CEV observed state rates; separate modern indicators; not spliced to Hawes index,0.4768,B19083_001E,ACS1
Alabama,2018,AL,220808.8,SAGDP9N,1,41324,3.9417,AL,-2.62667257977196,0.287869432182547,0.00287869432182547,-1.56766012211748,,,,,,,,,,,,,,,,,,,0,0,0,,0.4859,B19083_001E,ACS1
Alabama,2019,AL,225272.8,SAGDP9N,1,42998,3.1833,AL,-2.62237830117404,0.290197472092277,0.00290197472092277,-1.56766012211748,,0.25764271,0.22926222,0.50987243,0.49767599,0.97817557,0.71189145,0.82424142,0.64846014,0.30001605,0.20830828,0.62447834,0.08895217,0.06602825,0.09046351,0.1644158,0.10454094,,0,1,1,CPS CEV observed state rates; separate modern indicators; not spliced to Hawes index,0.4741,B19083_001E,ACS1
Alabama,2020,AL,222288.8,SAGDP9N,1,45843,6.4083,AL,-2.57884952049479,0.289876348983579,0.00289876348983579,-1.31985074369205,,,,,,,,,,,,,,,,,,,0,0,0,,,,
Alabama,2021,AL,233726.6,SAGDP9N,1,50495,3.375,AL,-2.57751011425029,0.288043733945301,0.00288043733945301,-1.31985074369205,,0.19543448,0.18445939,0.40108137,0.46415856,0.97877132,0.68765636,0.74848113,0.67707534,0.31553512,0.18039748,0.49960748,0.07897876,0.0523123,0.07900686,0.15941605,0.09494937,0.34745277,0,1,1,CPS CEV observed state rates; separate modern indicators; not spliced to Hawes index,0.4823,B19083_001E,ACS1
Alabama,2022,AL,238556.5,SAGDP9N,1,51660,2.5167,AL,-2.263624841549,0.286557126460231,0.00286557126460231,-0.956080995825035,,,,,,,,,,,,,,,,,,,0,0,0,,0.4851,B19083_001E,ACS1
Alabama,2023,AL,245354.7,SAGDP9N,1,54112,2.4917,AL,-2.26578617877296,0.287202042550444,0.00287202042550444,-0.956080995825035,,0.1994202,0.1474839,0.4146908,0.4730907,0.9670348,0.6566281,0.8342356,0.6535252,0.2940658,0.1355387,0.5199717,0.0499533,0.041657,0.0633949,0.1831129,0.068009,0.3067537,0,1,1,CPS CEV observed state rates; separate modern indicators; not spliced to Hawes index,0.4771,B19083_001E,ACS1
Alaska,2000,AK,38428.1,SAGDP9N,1,31996,6.3167,AK,0.244965705943881,0.283248215239997,0.00283248215239997,-0.422567985937996,,,,,,,,,,,,,,,,,,,0,0,0,,,,
Alaska,2001,AK,40014.4,SAGDP9N,1,33591,6.2833,AK,0.245362140431613,0.284027240543361,0.00284027240543361,-0.41571413433777,,,,,,,,,,,,,,,,,,,0,0,0,,,,
Alaska,2002,AK,41904.7,SAGDP9N,1,34766,7.1667,AK,0.253712657264721,0.284799657183791,0.00284799657183791,-0.192522975012396,,,,,,,,,,,,,,,,,,,0,0,0,,,,
Alaska,2003,AK,41235.0,SAGDP9N,1,36045,7.6833,AK,0.25683588565224,0.280025869641695,0.00280025869641695,-0.184001985149178,,,,,,,,,,,,,,,,,,,0,0,0,,,,
Alaska,2004,AK,42880.1,SAGDP9N,1,37054,7.4167,AK,0.253977719802408,0.284234223874175,0.00284234223874175,-0.191590958068348,,,,,,,,,,,,,,,,,,,0,0,0,,,,
Alaska,2005,AK,44406.8,SAGDP9N,1,39013,6.9333,AK,0.258602001751399,0.281165023845375,0.00281165023845375,-0.18293367981413,,,,,,,,,,,,,,,,,,,0,0,0,,,,
Alaska,2006,AK,47546.2,SAGDP9N,1,41013,6.6333,AK,0.252792631104475,0.286926227970076,0.00286926227970076,-0.185862020979534,,,,,,,,,,,,,,,,,,,0,0,0,,0.417,B19083_001E,ACS1
Alaska,2007,AK,50126.7,SAGDP9N,1,43747,6.2583,AK,0.254684895757065,0.284624481743643,0.00284624481743643,-0.184608193180686,,,,,,,,,,,,,,,,,,,0,0,0,,0.409,B19083_001E,ACS1
Alaska,2008,AK,49926.6,SAGDP9N,1,47800,6.475,AK,0.247506762568977,0.284909291643233,0.00284909291643233,-0.184200847265983,,,,,,,,,,,,,,,,,,,0,0,0,,0.403,B19083_001E,ACS1
Alaska,2009,AK,54951.9,SAGDP9N,1,47211,7.9833,AK,0.253989662976404,0.281416982752602,0.00281416982752602,-0.179190708756103,,,,,,,,,,,,,,,,,,,0,0,0,,0.402,B19083_001E,ACS1
Alaska,2010,AK,53652.0,SAGDP9N,1,49543,8.1333,AK,0.174413846470116,0.285294045262849,0.00285294045262849,0.10936754988304,,,,,,,,,,,,,,,,,,,0,0,0,,0.422,B19083_001E,ACS1
Alaska,2011,AK,54045.5,SAGDP9N,1,52415,7.7333,AK,0.175990565678799,0.284301740605111,0.00284301740605111,0.109421932758886,,,,,,,,,,,,,,,,,,,0,0,0,,0.4099,B19083_001E,ACS1
Alaska,2012,AK,57087.4,SAGDP9N,1,53340,7.25,AK,0.222334022939289,0.281184739589434,0.00281184739589434,0.255431066281424,,,,,,,,,,,,,,,,,,,0,0,0,,0.4232,B19083_001E,ACS1
Alaska,2013,AK,54627.6,SAGDP9N,1,52252,6.9917,AK,0.22117954856665,0.280022444684277,0.00280022444684277,0.241675764546878,,,,,,,,,,,,,,,,,,,0,0,0,,0.4083,B19083_001E,ACS1
Alaska,2014,AK,53303.3,SAGDP9N,1,55098,6.7417,AK,0.21161284635093,0.281956973214784,0.00281956973214784,0.188827400350329,,,,,,,,,,,,,,,,,,,0,0,0,,0.4175,B19083_001E,ACS1
Alaska,2015,AK,53681.1,SAGDP9N,1,56714,6.275,AK,0.210646168184312,0.281456957607785,0.00281456957607785,0.188827400350329,,,,,,,,,,,,,,,,,,,0,0,0,,0.4322,B19083_001E,ACS1
Alaska,2016,AK,53463.9,SAGDP9N,1,55536,6.6,AK,0.210262716572286,0.280854830892364,0.00280854830892364,0.749328584635551,,,,,,,,,,,,,,,,,,,0,0,0,,0.4081,B19083_001E,ACS1
Alaska,2017,AK,53550.9,SAGDP9N,1,56500,6.5083,AK,0.0708654491069076,0.283184716451134,0.00283184716451134,0.520017634062597,,0.40622791,0.36780831,0.54856098,0.5077662,0.98350642,0.70467679,0.874469,0.7799842,0.3387725,0.259737,0.6505188,0.216985,0.1024165,0.1673515,0.2451755,0.2181037,,0,1,1,CPS CEV observed state rates; separate modern indicators; not spliced to Hawes index,0.4241,B19083_001E,ACS1
Alaska,2018,AK,52479.6,SAGDP9N,1,58997,6.0417,AK,0.316135052891858,0.285498759060434,0.00285498759060434,1.1927630440435,,,,,,,,,,,,,,,,,,,0,0,0,,0.4322,B19083_001E,ACS1
Alaska,2019,AK,52377.5,SAGDP9N,1,60504,5.6083,AK,0.318905573076856,0.285179919853356,0.00285179919853356,1.1927630440435,,0.35459099,0.31482671,0.50190811,0.56270869,0.98231062,0.71658874,0.87683584,0.73132552,0.33553803,0.26809621,0.65617908,0.16455897,0.08601464,0.16612853,0.26509321,0.16529309,,0,1,1,CPS CEV observed state rates; separate modern indicators; not spliced to Hawes index,0.4376,B19083_001E,ACS1
Alaska,2020,AK,50332.8,SAGDP9N,1,61853,8.35,AK,0.312876224066184,0.282586395878434,0.00282586395878434,1.56538759650698,,,,,,,,,,,,,,,,,,,0,0,0,,,,
Alaska,2021,AK,51454.1,SAGDP9N,1,65608,6.3833,AK,0.30939040848851,0.278915868720455,0.00278915868720455,1.56538759650698,,0.27299883,0.25729808,0.47676007,0.54963916,0.98856175,0.6649367,0.8465384,0.76054783,0.32940012,0.19123868,0.67152464,0.16534217,0.11027952,0.14243863,0.20734681,0.19226924,0.33217993,0,1,1,CPS CEV observed state rates; separate modern indicators; not spliced to Hawes index,0.4392,B19083_001E,ACS1
Alaska,2022,AK,50767.1,SAGDP9N,1,68905,4.2333,AK,0.325730680016291,0.285130322831732,0.00285130322831732,1.51174462800689,,,,,,,,,,,,,,,,,,,0,0,0,,0.4278,B19083_001E,ACS1
Alaska,2023,AK,54059.7,SAGDP9N,1,71309,4.2167,AK,0.32516764378081,0.287242161562466,0.00287242161562466,1.51174462800689,,0.3360162,0.2834552,0.4881667,0.6075747,0.9763235,0.6897801,0.7850072,0.6588181,0.309768,0.1871216,0.6401849,0.1393779,0.0885359,0.1261431,0.2785641,0.2265396,0.3459615,0,1,1,CPS CEV observed state rates; separate modern indicators; not spliced to Hawes index,0.4492,B19083_001E,ACS1
Arizona,2000,AZ,224729.3,SAGDP9N,1,26271,3.9833,AZ,0.0742211856874764,0.28363075710109,0.0028363075710109,-0.697006360959281,0.08363874,,,,,,,,,,,,,,,,,,1,0,1,Hawes/Compton 3-year moving-average social-capital index; contiguous 48 states,,,
Arizona,2001,AZ,230885.6,SAGDP9N,1,26946,4.725,AZ,0.0710400951943789,0.28230257755359,0.0028230257755359,-0.692272890813424,-0.006370814,,,,,,,,,,,,,,,,,,1,0,1,Hawes/Compton 3-year moving-average social-capital index; contiguous 48 states,,,
Arizona,2002,AZ,238257.1,SAGDP9N,1,27325,6.1417,AZ,0.16256588922185,0.282519384216037,0.00282519384216037,-0.638704119304572,-0.16865283,,,,,,,,,,,,,,,,,,1,0,1,Hawes/Compton 3-year moving-average social-capital index; contiguous 48 states,,,
Arizona,2003,AZ,253743.1,SAGDP9N,1,28384,5.7833,AZ,0.162848775115184,0.284934795373337,0.00284934795373337,-0.639021763037734,-0.08039311,,,,,,,,,,,,,,,,,,1,0,1,Hawes/Compton 3-year moving-average social-capital index; contiguous 48 states,,,
Arizona,2004,AZ,264990.0,SAGDP9N,1,30154,4.9667,AZ,-0.329287128244127,0.283648793826031,0.00283648793826031,-1.03753697266448,-0.44193345,,,,,,,,,,,,,,,,,,1,0,1,Hawes/Compton 3-year moving-average social-capital index; contiguous 48 states,,,
Arizona,2005,AZ,283806.2,SAGDP9N,1,32150,4.6667,AZ,-0.340419827119876,0.282058722930909,0.00282058722930909,-1.05451572998929,-0.2515623,,,,,,,,,,,,,,,,,,1,0,1,Hawes/Compton 3-year moving-average social-capital index; contiguous 48 states,,,
Arizona,2006,AZ,296424.4,SAGDP9N,1,34460,4.3083,AZ,0.0461587421043455,0.280857834848921,0.00280857834848921,-0.651205426137245,-0.48514998,,,,,,,,,,,,,,,,,,1,0,1,Hawes/Compton 3-year moving-average social-capital index; contiguous 48 states,0.454,B19083_001E,ACS1
Arizona,2007,AZ,306611.6,SAGDP9N,1,35602,3.75,AZ,0.0541517230494243,0.284490615450865,0.00284490615450865,-0.643412193274146,-0.33415607,,,,,,,,,,,,,,,,,,1,0,1,Hawes/Compton 3-year moving-average social-capital index; contiguous 48 states,0.448,B19083_001E,ACS1
Arizona,2008,AZ,302277.9,SAGDP9N,1,35586,5.7917,AZ,-0.250049857423031,0.284039877050413,0.00284039877050413,-0.890456057324323,-0.22186242,,,,,,,,,,,,,,,,,,1,0,1,Hawes/Compton 3-year moving-average social-capital index; contiguous 48 states,0.453,B19083_001E,ACS1
Arizona,2009,AZ,277412.4,SAGDP9N,1,33467,9.6667,AZ,-0.227274408992036,0.28484222683939,0.0028484222683939,-0.876909931774991,0.30606547,,,,,,,,,,,,,,,,,,1,0,1,Hawes/Compton 3-year moving-average social-capital index; contiguous 48 states,0.451,B19083_001E,ACS1
Arizona,2010,AZ,282252.5,SAGDP9N,1,33778,10.3,AZ,-0.238912286453884,0.2837581566473,0.002837581566473,-0.355085085203909,0.3625766,,,,,,,,,,,,,,,,,,1,0,1,Hawes/Compton 3-year moving-average social-capital index; contiguous 48 states,0.455,B19083_001E,ACS1
Arizona,2011,AZ,290411.3,SAGDP9N,1,35263,9.4333,AZ,-0.247490439823886,0.283951161590962,0.00283951161590962,-0.360289453382254,,,,,,,,,,,,,,,,,,,0,0,0,,0.46,B19083_001E,ACS1
Arizona,2012,AZ,297077.3,SAGDP9N,1,36364,8.35,AZ,0.475004058271748,0.285081263490934,0.00285081263490934,0.272403801794849,,,,,,,,,,,,,,,,,,,0,0,0,,0.4608,B19083_001E,ACS1
Arizona,2013,AZ,298859.9,SAGDP9N,1,36918,7.8167,AZ,0.457594640346875,0.28557269009854,0.0028557269009854,0.228474762335935,,,,,,,,,,,,,,,,,,,0,0,0,,0.4681,B19083_001E,ACS1
Arizona,2014,AZ,301721.2,SAGDP9N,1,38268,6.7917,AZ,0.815560149247843,0.281720484902005,0.00281720484902005,0.581948823032206,,,,,,,,,,,,,,,,,,,0,0,0,,0.4676,B19083_001E,ACS1
Arizona,2015,AZ,308582.8,SAGDP9N,1,39888,6.075,AZ,0.815983110973197,0.282481398643053,0.00282481398643053,0.581948823032206,,,,,,,,,,,,,,,,,,,0,0,0,,0.4702,B19083_001E,ACS1
Arizona,2016,AZ,319008.4,SAGDP9N,1,41173,5.4833,AZ,0.595344088630808,0.286393633981455,0.00286393633981455,0.513093927031578,,,,,,,,,,,,,,,,,,,0,0,0,,0.4713,B19083_001E,ACS1
Arizona,2017,AZ,333099.0,SAGDP9N,1,43255,4.975,AZ,0.59307640938313,0.284812246318843,0.00284812246318843,0.513093927031578,,0.30037335,0.25365473,0.51994809,0.47172193,0.97208314,0.64905807,0.848776,0.6981574,0.2496545,0.2538105,0.5279256,0.1134499,0.0737406,0.0656714,0.1560887,0.1587297,,0,1,1,CPS CEV observed state rates; separate modern indicators; not spliced to Hawes index,0.4668,B19083_001E,ACS1
Arizona,2018,AZ,346398.3,SAGDP9N,1,45297,4.8083,AZ,0.689632598425898,0.285234731545057,0.00285234731545057,0.629944129101415,,,,,,,,,,,,,,,,,,,0,0,0,,0.4613,B19083_001E,ACS1
Arizona,2019,AZ,359576.7,SAGDP9N,1,47718,4.8083,AZ,0.683502175656244,0.283519415915889,0.00283519415915889,0.629944129101415,,0.26187585,0.24043848,0.46569915,0.46904238,0.98152224,0.66310131,0.84793223,0.68208723,0.22278565,0.21502534,0.50964866,0.07862534,0.0670586,0.08724856,0.17470646,0.17413293,,0,1,1,CPS CEV observed state rates; separate modern indicators; not spliced to Hawes index,0.4591,B19083_001E,ACS1
Arizona,2020,AZ,365027.7,SAGDP9N,1,52038,7.825,AZ,0.643390997795391,0.282541128297489,0.00282541128297489,1.12793351187639,,,,,,,,,,,,,,,,,,,0,0,0,,,,
Arizona,2021,AZ,395035.9,SAGDP9N,1,56963,5.0667,AZ,0.642027821547957,0.28739763383462,0.0028739763383462,1.12793351187639,,0.2345181,0.2289331,0.48510914,0.465799,0.98007615,0.6477308,0.87769866,0.68791092,0.25606871,0.18686125,0.5899102,0.08947653,0.08175834,0.0583371,0.15644343,0.19301261,0.40522914,0,1,1,CPS CEV observed state rates; separate modern indicators; not spliced to Hawes index,0.4629,B19083_001E,ACS1
Arizona,2022,AZ,410228.4,SAGDP9N,1,58873,3.775,AZ,0.550501292409577,0.286631023936873,0.00286631023936873,1.02450670127353,,,,,,,,,,,,,,,,,,,0,0,0,,0.4665,B19083_001E,ACS1
Arizona,2023,AZ,422399.6,SAGDP9N,1,62194,3.9083,AZ,0.55606614643397,0.283291354216619,0.00283291354216619,1.02450670127353,,0.2998256,0.2315749,0.4934512,0.5238702,0.9537827,0.6733648,0.7727563,0.6291738,0.2369221,0.1851728,0.5541019,0.0786708,0.0940182,0.0791832,0.2026567,0.205149,0.3387186,0,1,1,CPS CEV observed state rates; separate modern indicators; not spliced to Hawes index,0.465,B19083_001E,ACS1
Arkansas,2000,AR,95509.8,SAGDP9N,1,22731,4.175,AR,0.110983562478942,0.281304232195936,0.00281304232195936,-0.297861040386647,-0.26459432,,,,,,,,,,,,,,,,,,1,0,1,Hawes/Compton 3-year moving-average social-capital index; contiguous 48 states,,,
Arkansas,2001,AR,95528.7,SAGDP9N,1,23841,4.7583,AR,0.0639465836465728,0.284577048262261,0.00284577048262261,-0.312610118988968,-0.5014189,,,,,,,,,,,,,,,,,,1,0,1,Hawes/Compton 3-year moving-average social-capital index; contiguous 48 states,,,
Arkansas,2002,AR,98556.6,SAGDP9N,1,24280,5.3333,AR,0.0207002304459738,0.285350940357732,0.00285350940357732,-0.249628795004479,-0.4869876,,,,,,,,,,,,,,,,,,1,0,1,Hawes/Compton 3-year moving-average social-capital index; contiguous 48 states,,,
Arkansas,2003,AR,102948.0,SAGDP9N,1,25564,5.7583,AR,0.0409774793502825,0.286413225200998,0.00286413225200998,-0.23793103020069,-0.90440214,,,,,,,,,,,,,,,,,,1,0,1,Hawes/Compton 3-year moving-average social-capital index; contiguous 48 states,,,
Arkansas,2004,AR,108581.8,SAGDP9N,1,27024,5.5833,AR,-0.0923658027163034,0.281396608605084,0.00281396608605084,-0.425903606975843,-1.0255421,,,,,,,,,,,,,,,,,,1,0,1,Hawes/Compton 3-year moving-average social-capital index; contiguous 48 states,,,
Arkansas,2005,AR,112451.1,SAGDP9N,1,28043,5.2583,AR,-0.121117251615204,0.284793584976274,0.00284793584976274,-0.469303316632659,-1.2284127,,,,,,,,,,,,,,,,,,1,0,1,Hawes/Compton 3-year moving-average social-capital index; contiguous 48 states,,,
Arkansas,2006,AR,114890.4,SAGDP9N,1,29376,5.25,AR,-0.110003442391622,0.282463816849953,0.00282463816849953,-0.354170008684297,-1.3362135,,,,,,,,,,,,,,,,,,1,0,1,Hawes/Compton 3-year moving-average social-capital index; contiguous 48 states,0.46,B19083_001E,ACS1
Arkansas,2007,AR,114026.7,SAGDP9N,1,31036,5.3917,AR,-0.106257016746296,0.281452715483386,0.00281452715483386,-0.352068408428307,-1.2038096,,,,,,,,,,,,,,,,,,1,0,1,Hawes/Compton 3-year moving-average social-capital index; contiguous 48 states,0.462,B19083_001E,ACS1
Arkansas,2008,AR,113628.0,SAGDP9N,1,32157,5.4417,AR,-0.106944122382196,0.284058681289823,0.00284058681289823,-0.439741908054818,-1.2004324,,,,,,,,,,,,,,,,,,1,0,1,Hawes/Compton 3-year moving-average social-capital index; contiguous 48 states,0.459,B19083_001E,ACS1
Arkansas,2009,AR,109833.1,SAGDP9N,1,31411,7.725,AR,-0.0808115729341404,0.285913409201902,0.00285913409201902,-0.420141880977654,-0.9078328,,,,,,,,,,,,,,,,,,1,0,1,Hawes/Compton 3-year moving-average social-capital index; contiguous 48 states,0.461,B19083_001E,ACS1
Arkansas,2010,AR,113000.9,SAGDP9N,1,32218,7.8583,AR,-0.220568431303317,0.28187430011978,0.0028187430011978,-0.412556566002387,-0.91477305,,,,,,,,,,,,,,,,,,1,0,1,Hawes/Compton 3-year moving-average social-capital index; contiguous 48 states,0.458,B19083_001E,ACS1
Arkansas,2011,AR,115241.8,SAGDP9N,1,34181,7.9083,AR,-0.219231054529772,0.285282691809713,0.00285282691809713,-0.425720896296678,,,,,,,,,,,,,,,,,,,0,0,0,,0.4684,B19083_001E,ACS1
Arkansas,2012,AR,116616.2,SAGDP9N,1,36289,7.2667,AR,-0.197336613533845,0.286235139546257,0.00286235139546257,-0.218968490452989,,,,,,,,,,,,,,,,,,,0,0,0,,0.4632,B19083_001E,ACS1
Arkansas,2013,AR,119842.8,SAGDP9N,1,36286,7.0417,AR,-0.339321470897344,0.28094962101498,0.0028094962101498,-0.430754510794884,,,,,,,,,,,,,,,,,,,0,0,0,,0.4685,B19083_001E,ACS1
Arkansas,2014,AR,121409.4,SAGDP9N,1,38220,5.9,AR,-0.627816203329531,0.281646740489347,0.00281646740489347,-0.813606998450293,,,,,,,,,,,,,,,,,,,0,0,0,,0.4714,B19083_001E,ACS1
Arkansas,2015,AR,121532.5,SAGDP9N,1,39267,4.95,AR,-0.628400669743531,0.28378476931822,0.0028378476931822,-0.813606998450293,,,,,,,,,,,,,,,,,,,0,0,0,,0.4773,B19083_001E,ACS1
Arkansas,2016,AR,123034.9,SAGDP9N,1,40181,3.9833,AR,-1.14963497882734,0.287074428883133,0.00287074428883133,-0.960065384420388,,,,,,,,,,,,,,,,,,,0,0,0,,0.4719,B19083_001E,ACS1
Arkansas,2017,AR,123882.6,SAGDP9N,1,41403,3.7417,AR,-1.15370219342382,0.286417871871255,0.00286417871871255,-0.960065384420388,,0.29984052,0.28623815,0.48931495,0.49849246,0.95975795,0.71723215,0.8764308,0.7055417,0.3004844,0.2364537,0.4985995,0.1317669,0.0614148,0.0897603,0.1697831,0.1371973,,0,1,1,CPS CEV observed state rates; separate modern indicators; not spliced to Hawes index,0.4725,B19083_001E,ACS1
Arkansas,2018,AR,126371.2,SAGDP9N,1,43031,3.6583,AR,-1.56763804994908,0.287964351875849,0.00287964351875849,-1.29020600387868,,,,,,,,,,,,,,,,,,,0,0,0,,0.4845,B19083_001E,ACS1
Arkansas,2019,AR,127220.0,SAGDP9N,1,43737,3.4917,AR,-1.57127376867972,0.284122760543571,0.00284122760543571,-1.366642987403,,0.29722904,0.29938214,0.54344122,0.49767956,0.98365129,0.6749164,0.83575056,0.66401405,0.26148114,0.19445716,0.47891564,0.10272925,0.07751344,0.11578134,0.19557914,0.14162397,,0,1,1,CPS CEV observed state rates; separate modern indicators; not spliced to Hawes index,0.475,B19083_001E,ACS1
Arkansas,2020,AR,128340.9,SAGDP9N,1,47100,6.1833,AR,-1.71918814731022,0.285937465422478,0.00285937465422478,-1.37591876035056,,,,,,,,,,,,,,,,,,,0,0,0,,,,
Arkansas,2021,AR,137463.6,SAGDP9N,1,52872,4.0417,AR,-1.66410845724397,0.287359679394169,0.00287359679394169,-1.1466078097776,,0.20878917,0.23134178,0.52439926,0.50704396,0.98348379,0.64969574,0.84187983,0.68718481,0.26805536,0.22213097,0.45516318,0.09579535,0.06026305,0.06849847,0.14412957,0.16648727,0.36033154,0,1,1,CPS CEV observed state rates; separate modern indicators; not spliced to Hawes index,0.4751,B19083_001E,ACS1
Arkansas,2022,AR,139560.7,SAGDP9N,1,55299,3.2083,AR,-1.50489877388578,0.284237438627495,0.00284237438627495,-1.33200992250385,,,,,,,,,,,,,,,,,,,0,0,0,,0.4799,B19083_001E,ACS1
Arkansas,2023,AR,142860.6,SAGDP9N,1,57603,3.225,AR,-1.50267876959131,0.285680364863614,0.00285680364863614,-1.33200992250385,,0.2822923,0.2575347,0.4646506,0.5203446,0.9859899,0.6753675,0.8129188,0.6492193,0.2549284,0.1532157,0.4496889,0.0882596,0.0553037,0.0704369,0.1702168,0.1653948,0.4225135,0,1,1,CPS CEV observed state rates; separate modern indicators; not spliced to Hawes index,0.474,B19083_001E,ACS1
California,2000,CA,1784320.6,SAGDP9N,1,33175,4.925,CA,0.921735528645153,0.282872476427514,0.00282872476427514,-0.237778648492005,-0.7051041,,,,,,,,,,,,,,,,,,1,0,1,Hawes/Compton 3-year moving-average social-capital index; contiguous 48 states,,,
California,2001,CA,1784567.7,SAGDP9N,1,33915,5.4667,CA,0.931402664622355,0.284092894293395,0.00284092894293395,-0.185172644535367,-0.8219869,,,,,,,,,,,,,,,,,,1,0,1,Hawes/Compton 3-year moving-average social-capital index; contiguous 48 states,,,
California,2002,CA,1821509.5,SAGDP9N,1,34047,6.7583,CA,0.365670393653378,0.28122395969304,0.0028122395969304,-0.565821814642002,-0.90958804,,,,,,,,,,,,,,,,,,1,0,1,Hawes/Compton 3-year moving-average social-capital index; contiguous 48 states,,,
California,2003,CA,1895287.6,SAGDP9N,1,35191,6.8917,CA,0.333814322849998,0.28156381785799,0.0028156381785799,-0.555738497117923,-0.79571307,,,,,,,,,,,,,,,,,,1,0,1,Hawes/Compton 3-year moving-average social-capital index; contiguous 48 states,,,
California,2004,CA,1956745.5,SAGDP9N,1,36969,6.2167,CA,0.395490200233303,0.282643324922072,0.00282643324922072,-0.698444019067605,-0.88797367,,,,,,,,,,,,,,,,,,1,0,1,Hawes/Compton 3-year moving-average social-capital index; contiguous 48 states,,,
California,2005,CA,2042141.0,SAGDP9N,1,38737,5.3833,CA,0.410412037486563,0.287471887937954,0.00287471887937954,-0.519775368131775,-0.70925814,,,,,,,,,,,,,,,,,,1,0,1,Hawes/Compton 3-year moving-average social-capital index; contiguous 48 states,,,
California,2006,CA,2120435.4,SAGDP9N,1,41454,4.9167,CA,0.286620911277627,0.28417768353058,0.0028417768353058,-0.662822969007242,-0.73556983,,,,,,,,,,,,,,,,,,1,0,1,Hawes/Compton 3-year moving-average social-capital index; contiguous 48 states,0.466,B19083_001E,ACS1
California,2007,CA,2168940.4,SAGDP9N,1,43070,5.3083,CA,0.292797678337599,0.283824125279858,0.00283824125279858,-0.688780183033907,-0.6544801,,,,,,,,,,,,,,,,,,1,0,1,Hawes/Compton 3-year moving-average social-capital index; contiguous 48 states,0.469,B19083_001E,ACS1
California,2008,CA,2192331.8,SAGDP9N,1,43391,7.3,CA,0.0570776155860554,0.283449692591396,0.00283449692591396,-0.936751749616294,-0.4237399,,,,,,,,,,,,,,,,,,1,0,1,Hawes/Compton 3-year moving-average social-capital index; contiguous 48 states,0.473,B19083_001E,ACS1
California,2009,CA,2110679.4,SAGDP9N,1,41660,11.5417,CA,0.0541604647669639,0.283231885266446,0.00283231885266446,-0.94703153853771,-0.25589922,,,,,,,,,,,,,,,,,,1,0,1,Hawes/Compton 3-year moving-average social-capital index; contiguous 48 states,0.467,B19083_001E,ACS1
California,2010,CA,2153852.8,SAGDP9N,1,43137,12.4583,CA,0.419351352956709,0.284712167937824,0.00284712167937824,-0.814353131307563,-0.17324015,,,,,,,,,,,,,,,,,,1,0,1,Hawes/Compton 3-year moving-average social-capital index; contiguous 48 states,0.471,B19083_001E,ACS1
California,2011,CA,2192887.2,SAGDP9N,1,45508,11.8917,CA,0.410377634632901,0.285432483191136,0.00285432483191136,-0.817014511637104,,,,,,,,,,,,,,,,,,,0,0,0,,0.4812,B19083_001E,ACS1
California,2012,CA,2255437.3,SAGDP9N,1,47793,10.525,CA,1.00928097077925,0.28661621638966,0.0028661621638966,0.173613875146247,,,,,,,,,,,,,,,,,,,0,0,0,,0.4822,B19083_001E,ACS1
California,2013,CA,2340335.3,SAGDP9N,1,48074,9.0333,CA,1.00585571855864,0.279675263589736,0.00279675263589736,0.206578187077729,,,,,,,,,,,,,,,,,,,0,0,0,,0.4903,B19083_001E,ACS1
California,2014,CA,2428675.7,SAGDP9N,1,50617,7.5667,CA,0.955462680332871,0.285890533398514,0.00285890533398514,0.465594590545445,,,,,,,,,,,,,,,,,,,0,0,0,,0.489,B19083_001E,ACS1
California,2015,CA,2545979.5,SAGDP9N,1,53816,6.225,CA,0.959888191697495,0.282643227716517,0.00282643227716517,0.465594590545445,,,,,,,,,,,,,,,,,,,0,0,0,,0.4876,B19083_001E,ACS1
California,2016,CA,2623711.7,SAGDP9N,1,55862,5.5167,CA,0.67251803894309,0.282593034641734,0.00282593034641734,1.00091423750456,,,,,,,,,,,,,,,,,,,0,0,0,,0.4899,B19083_001E,ACS1
California,2017,CA,2740550.3,SAGDP9N,1,58214,4.8333,CA,0.674827352998528,0.28407179119446,0.0028407179119446,1.00091423750456,,0.25442266,0.22452001,0.46954236,0.46153806,0.97111106,0.69000713,0.8383771,0.6778666,0.2823289,0.231096,0.4865851,0.091698,0.0891062,0.1045767,0.1786877,0.1371167,,0,1,1,CPS CEV observed state rates; separate modern indicators; not spliced to Hawes index,0.4866,B19083_001E,ACS1
California,2018,CA,2850970.3,SAGDP9N,1,60984,4.2583,CA,1.06081930865315,0.285739773395248,0.00285739773395248,1.33210141545566,,,,,,,,,,,,,,,,,,,0,0,0,,0.4912,B19083_001E,ACS1
California,2019,CA,2969609.0,SAGDP9N,1,64219,4.1,CA,1.06147128392101,0.282078810831539,0.00282078810831539,1.33210141545566,,0.24928005,0.23009966,0.44058743,0.45668061,0.95229425,0.6496281,0.79482072,0.66132711,0.26770813,0.18681928,0.4889928,0.07783975,0.08640517,0.09870118,0.17789398,0.14539593,,0,1,1,CPS CEV observed state rates; separate modern indicators; not spliced to Hawes index,0.4866,B19083_001E,ACS1
California,2020,CA,2933320.2,SAGDP9N,1,70065,10.1917,CA,1.02997906961519,0.287329375055385,0.00287329375055385,1.5361608344889,,,,,,,,,,,,,,,,,,,0,0,0,,,,
California,2021,CA,3154188.6,SAGDP9N,1,76887,7.325,CA,1.05048694445256,0.28437791576211,0.0028437791576211,1.65081630977538,,0.18313015,0.18326669,0.3903199,0.46076255,0.94947049,0.64014094,0.80710778,0.65495312,0.27168384,0.2278391,0.58413976,0.07704098,0.10083366,0.08185274,0.15197121,0.15640682,0.28999849,0,1,1,CPS CEV observed state rates; separate modern indicators; not spliced to Hawes index,0.4924,B19083_001E,ACS1
California,2022,CA,3184007.8,SAGDP9N,1,76741,4.275,CA,1.17533479632759,0.284132497473263,0.00284132497473263,1.78045659599648,,,,,,,,,,,,,,,,,,,0,0,0,,0.4953,B19083_001E,ACS1
California,2023,CA,3248656.6,SAGDP9N,1,80771,4.7417,CA,1.17408704227065,0.284448492784318,0.00284448492784318,1.78045659599648,,0.2407034,0.2112691,0.4200826,0.5082352,0.9620524,0.6699674,0.7855844,0.6544725,0.2700548,0.1902811,0.4909708,0.073048,0.0770777,0.0803877,0.1801377,0.1705692,0.3412228,0,1,1,CPS CEV observed state rates; separate modern indicators; not spliced to Hawes index,0.487,B19083_001E,ACS1
Colorado,2000,CO,238739.3,SAGDP9N,1,33872,2.7417,CO,1.16246781131256,0.287520749283579,0.00287520749283579,0.664446615490861,0.83338803,,,,,,,,,,,,,,,,,,1,0,1,Hawes/Compton 3-year moving-average social-capital index; contiguous 48 states,,,
Colorado,2001,CO,242650.1,SAGDP9N,1,34812,3.8167,CO,1.1633853069056,0.285091915905778,0.00285091915905778,0.659024339941136,0.19755779,,,,,,,,,,,,,,,,,,1,0,1,Hawes/Compton 3-year moving-average social-capital index; contiguous 48 states,,,
Colorado,2002,CO,243701.9,SAGDP9N,1,34405,5.6833,CO,1.1751195114382,0.283214841391508,0.00283214841391508,0.677953439629668,0.27905276,,,,,,,,,,,,,,,,,,1,0,1,Hawes/Compton 3-year moving-average social-capital index; contiguous 48 states,,,
Colorado,2003,CO,246017.4,SAGDP9N,1,34757,6.1083,CO,1.08501239629688,0.282143897542265,0.00282143897542266,0.42206614355524,0.23778997,,,,,,,,,,,,,,,,,,1,0,1,Hawes/Compton 3-year moving-average social-capital index; contiguous 48 states,,,
Colorado,2004,CO,250069.3,SAGDP9N,1,35753,5.5667,CO,1.06204675250933,0.285410214950389,0.00285410214950389,0.343012843087537,0.38651258,,,,,,,,,,,,,,,,,,1,0,1,Hawes/Compton 3-year moving-average social-capital index; contiguous 48 states,,,
Colorado,2005,CO,261992.9,SAGDP9N,1,37619,5.075,CO,1.06121258336502,0.285639392165232,0.00285639392165232,0.346937917467954,0.5823415,,,,,,,,,,,,,,,,,,1,0,1,Hawes/Compton 3-year moving-average social-capital index; contiguous 48 states,,,
Colorado,2006,CO,268190.8,SAGDP9N,1,39869,4.275,CO,1.26737672008354,0.285484504352553,0.00285484504352553,0.468710224255977,0.40015948,,,,,,,,,,,,,,,,,,1,0,1,Hawes/Compton 3-year moving-average social-capital index; contiguous 48 states,0.45,B19083_001E,ACS1
Colorado,2007,CO,278733.8,SAGDP9N,1,41760,3.7,CO,1.27665504521137,0.285342792438618,0.00285342792438618,0.477919709669181,0.2884037,,,,,,,,,,,,,,,,,,1,0,1,Hawes/Compton 3-year moving-average social-capital index; contiguous 48 states,0.452,B19083_001E,ACS1
Colorado,2008,CO,281803.3,SAGDP9N,1,42961,4.875,CO,0.803454289834917,0.281664147927794,0.00281664147927794,0.184447488187985,0.13212693,,,,,,,,,,,,,,,,,,1,0,1,Hawes/Compton 3-year moving-average social-capital index; contiguous 48 states,0.457,B19083_001E,ACS1
Colorado,2009,CO,275659.1,SAGDP9N,1,40258,7.875,CO,0.814014119316749,0.284446946720858,0.00284446946720858,0.195250977694288,0.30512714,,,,,,,,,,,,,,,,,,1,0,1,Hawes/Compton 3-year moving-average social-capital index; contiguous 48 states,0.453,B19083_001E,ACS1
Colorado,2010,CO,279385.6,SAGDP9N,1,40827,9.1417,CO,1.092714487396,0.283004362043741,0.00283004362043741,0.72282870549447,0.2877293,,,,,,,,,,,,,,,,,,1,0,1,Hawes/Compton 3-year moving-average social-capital index; contiguous 48 states,0.457,B19083_001E,ACS1
Colorado,2011,CO,283963.8,SAGDP9N,1,43735,8.6917,CO,1.0894595363111,0.288151058864389,0.00288151058864389,0.719489143185076,,,,,,,,,,,,,,,,,,,0,0,0,,0.4588,B19083_001E,ACS1
Colorado,2012,CO,289339.5,SAGDP9N,1,45495,8,CO,1.1210953295716,0.285716834903017,0.00285716834903018,0.973900225675096,,,,,,,,,,,,,,,,,,,0,0,0,,0.4579,B19083_001E,ACS1
Colorado,2013,CO,301484.1,SAGDP9N,1,47088,6.75,CO,1.21520559303304,0.286615969826852,0.00286615969826852,1.48579751746824,,,,,,,,,,,,,,,,,,,0,0,0,,0.4614,B19083_001E,ACS1
Colorado,2014,CO,315399.0,SAGDP9N,1,50251,4.9833,CO,1.2034284970688,0.283975551157581,0.00283975551157581,1.53379494787235,,,,,,,,,,,,,,,,,,,0,0,0,,0.4584,B19083_001E,ACS1
Colorado,2015,CO,330526.1,SAGDP9N,1,51401,3.7417,CO,1.20234939272883,0.288065906791898,0.00288065906791898,1.53379494787235,,,,,,,,,,,,,,,,,,,0,0,0,,0.458,B19083_001E,ACS1
Colorado,2016,CO,337685.2,SAGDP9N,1,51312,3.1333,CO,0.866814428904727,0.282151651277453,0.00282151651277453,1.27077760315058,,,,,,,,,,,,,,,,,,,0,0,0,,0.4586,B19083_001E,ACS1
Colorado,2017,CO,350209.1,SAGDP9N,1,54176,2.6083,CO,0.865299984086662,0.28675752880574,0.0028675752880574,1.27077760315058,,0.3240578,0.25560567,0.55476944,0.6125592,0.98438889,0.76006352,0.8968322,0.7681131,0.3418025,0.2068994,0.6019641,0.1425611,0.1269956,0.1111703,0.2127758,0.1544031,,0,1,1,CPS CEV observed state rates; separate modern indicators; not spliced to Hawes index,0.4553,B19083_001E,ACS1
Colorado,2018,CO,365204.5,SAGDP9N,1,57798,3.05,CO,1.24702976694193,0.284073007744114,0.00284073007744114,2.1309891026086,,,,,,,,,,,,,,,,,,,0,0,0,,0.4561,B19083_001E,ACS1
Colorado,2019,CO,383725.6,SAGDP9N,1,61278,2.6667,CO,1.26879983477484,0.285203984613011,0.00285203984613011,2.24564457789507,,0.42245179,0.33363695,0.64981965,0.63577546,0.99416952,0.80091454,0.91983486,0.81318641,0.34902919,0.22987397,0.65852219,0.11410176,0.14217428,0.14461278,0.25315234,0.23671118,,0,1,1,CPS CEV observed state rates; separate modern indicators; not spliced to Hawes index,0.4548,B19083_001E,ACS1
Colorado,2020,CO,380188.8,SAGDP9N,1,64671,6.7833,CO,1.15181160460484,0.285081231668675,0.00285081231668675,2.78472214417034,,,,,,,,,,,,,,,,,,,0,0,0,,,,
Colorado,2021,CO,406451.9,SAGDP9N,1,71676,5.4833,CO,1.15282450423088,0.287584049848524,0.00287584049848524,2.78472214417034,,0.26173744,0.27358516,0.55509337,0.58861128,0.96428699,0.70658837,0.83334761,0.73644084,0.36292484,0.23641782,0.7197678,0.12905754,0.10709976,0.12248507,0.20733321,0.26631574,0.32754717,0,1,1,CPS CEV observed state rates; separate modern indicators; not spliced to Hawes index,0.4604,B19083_001E,ACS1
Colorado,2022,CO,418818.8,SAGDP9N,1,76544,3.0667,CO,1.39517095446561,0.284803410249083,0.00284803410249083,2.68906653644033,,,,,,,,,,,,,,,,,,,0,0,0,,0.4566,B19083_001E,ACS1
Colorado,2023,CO,437056.0,SAGDP9N,1,79746,3.15,CO,1.3948023497249,0.288705005174502,0.00288705005174502,2.68906653644033,,0.3465381,0.3229072,0.6199477,0.6741747,0.9882965,0.8047994,0.8212721,0.7873104,0.3786903,0.2516231,0.6664218,0.1005117,0.1514408,0.1137726,0.2219281,0.2413301,0.4778262,0,1,1,CPS CEV observed state rates; separate modern indicators; not spliced to Hawes index,0.4575,B19083_001E,ACS1
Connecticut,2000,CT,233874.2,SAGDP9N,1,42857,2.1083,CT,0.24469215809448,0.286779945855687,0.00286779945855687,-0.792943750499797,0.97483945,,,,,,,,,,,,,,,,,,1,0,1,Hawes/Compton 3-year moving-average social-capital index; contiguous 48 states,,,
Connecticut,2001,CT,236338.1,SAGDP9N,1,45032,2.875,CT,0.247099588163474,0.284835455150236,0.00284835455150236,-0.783977091002904,0.8133112,,,,,,,,,,,,,,,,,,1,0,1,Hawes/Compton 3-year moving-average social-capital index; contiguous 48 states,,,
Connecticut,2002,CT,234307.3,SAGDP9N,1,44656,4.4,CT,0.398213327300785,0.283915728917456,0.00283915728917456,-0.768115145504294,0.6485653,,,,,,,,,,,,,,,,,,1,0,1,Hawes/Compton 3-year moving-average social-capital index; contiguous 48 states,,,
Connecticut,2003,CT,236719.1,SAGDP9N,1,44898,5.45,CT,0.388384517723916,0.28105120567805,0.0028105120567805,-0.798461498933404,0.32070857,,,,,,,,,,,,,,,,,,1,0,1,Hawes/Compton 3-year moving-average social-capital index; contiguous 48 states,,,
Connecticut,2004,CT,252680.8,SAGDP9N,1,47098,5.0917,CT,-0.117994297314193,0.285107905648298,0.00285107905648298,-1.00547276006975,0.2726983,,,,,,,,,,,,,,,,,,1,0,1,Hawes/Compton 3-year moving-average social-capital index; contiguous 48 states,,,
Connecticut,2005,CT,258203.7,SAGDP9N,1,49424,4.8,CT,-0.126130592628866,0.286535380568011,0.00286535380568011,-1.01985643892867,0.30153948,,,,,,,,,,,,,,,,,,1,0,1,Hawes/Compton 3-year moving-average social-capital index; contiguous 48 states,,,
Connecticut,2006,CT,269478.6,SAGDP9N,1,53224,4.425,CT,0.512037299136999,0.282554857605332,0.00282554857605332,-0.662272476106334,0.31096518,,,,,,,,,,,,,,,,,,1,0,1,Hawes/Compton 3-year moving-average social-capital index; contiguous 48 states,0.48,B19083_001E,ACS1
Connecticut,2007,CT,278485.4,SAGDP9N,1,57112,4.45,CT,0.51662772467693,0.282835636378729,0.00282835636378729,-0.67288384494593,0.46931282,,,,,,,,,,,,,,,,,,1,0,1,Hawes/Compton 3-year moving-average social-capital index; contiguous 48 states,0.481,B19083_001E,ACS1
Connecticut,2008,CT,277793.2,SAGDP9N,1,60543,5.65,CT,0.556648149157985,0.284461151609538,0.00284461151609538,-0.690813542891082,0.55253386,,,,,,,,,,,,,,,,,,1,0,1,Hawes/Compton 3-year moving-average social-capital index; contiguous 48 states,0.486,B19083_001E,ACS1
Connecticut,2009,CT,265530.8,SAGDP9N,1,59586,8.325,CT,0.566485858854647,0.28195453456792,0.0028195453456792,-0.669507639042628,0.66602135,,,,,,,,,,,,,,,,,,1,0,1,Hawes/Compton 3-year moving-average social-capital index; contiguous 48 states,0.48,B19083_001E,ACS1
Connecticut,2010,CT,266773.4,SAGDP9N,1,61392,9.5583,CT,0.737384753318073,0.283718506804588,0.00283718506804588,-0.324017753004865,0.6805474,,,,,,,,,,,,,,,,,,1,0,1,Hawes/Compton 3-year moving-average social-capital index; contiguous 48 states,0.486,B19083_001E,ACS1
Connecticut,2011,CT,261555.8,SAGDP9N,1,62964,9.0167,CT,0.748653137693634,0.283120437968752,0.00283120437968752,-0.250392152405257,,,,,,,,,,,,,,,,,,,0,0,0,,0.4859,B19083_001E,ACS1
Connecticut,2012,CT,263649.9,SAGDP9N,1,63556,8.3583,CT,0.696348262624034,0.284587871619407,0.00284587871619407,0.0635762346173699,,,,,,,,,,,,,,,,,,,0,0,0,,0.4915,B19083_001E,ACS1
Connecticut,2013,CT,258911.0,SAGDP9N,1,62000,7.95,CT,0.689678531256695,0.286661069495067,0.00286661069495067,0.185468379197592,,,,,,,,,,,,,,,,,,,0,0,0,,0.4994,B19083_001E,ACS1
Connecticut,2014,CT,260605.8,SAGDP9N,1,64484,6.6167,CT,0.676606744806797,0.280392221042102,0.00280392221042102,0.423245971350169,,,,,,,,,,,,,,,,,,,0,0,0,,0.5005,B19083_001E,ACS1
Connecticut,2015,CT,268869.8,SAGDP9N,1,66222,5.6167,CT,0.678693898298645,0.284643052064954,0.00284643052064954,0.423245971350169,,,,,,,,,,,,,,,,,,,0,0,0,,0.4916,B19083_001E,ACS1
Connecticut,2016,CT,268196.2,SAGDP9N,1,67551,4.8667,CT,0.212032593840099,0.284105147383425,0.00284105147383425,0.590051284875238,,,,,,,,,,,,,,,,,,,0,0,0,,0.4945,B19083_001E,ACS1
Connecticut,2017,CT,273875.1,SAGDP9N,1,69147,4.4167,CT,0.209744593932849,0.28199288424206,0.0028199288424206,0.590051284875238,,0.31751188,0.26287278,0.53023674,0.47603668,0.98024833,0.73339913,0.8359991,0.7169171,0.3671092,0.2279267,0.5135213,0.1216133,0.0898126,0.117955,0.1805798,0.1491175,,0,1,1,CPS CEV observed state rates; separate modern indicators; not spliced to Hawes index,0.4943,B19083_001E,ACS1
Connecticut,2018,CT,274582.8,SAGDP9N,1,72159,3.8833,CT,0.0471497784590467,0.282506727913286,0.00282506727913286,0.645254112214046,,,,,,,,,,,,,,,,,,,0,0,0,,0.5014,B19083_001E,ACS1
Connecticut,2019,CT,275225.4,SAGDP9N,1,74176,3.5917,CT,0.0420331430270096,0.283324709724198,0.00283324709724198,0.645254112214046,,0.31406719,0.32618442,0.54604913,0.50470304,0.9911498,0.79910486,0.84889218,0.67295365,0.36081032,0.17179906,0.53363767,0.12743739,0.09055376,0.13270982,0.24175871,0.16165124,,0,1,1,CPS CEV observed state rates; separate modern indicators; not spliced to Hawes index,0.5024,B19083_001E,ACS1
Connecticut,2020,CT,260765.2,SAGDP9N,1,76779,8,CT,0.286913218126452,0.282818398498464,0.00282818398498464,1.1689720437811,,,,,,,,,,,,,,,,,,,0,0,0,,,,
Connecticut,2021,CT,269838.7,SAGDP9N,1,81692,6.3833,CT,0.314271103218499,0.282862633966503,0.00282862633966503,1.28362751906757,,0.28805603,0.223919,0.61493533,0.50198316,0.9750259,0.70679212,0.8947517,0.78163664,0.30186048,0.19754463,0.56916429,0.10073433,0.13472326,0.09701527,0.20210198,0.2015195,0.40698291,0,1,1,CPS CEV observed state rates; separate modern indicators; not spliced to Hawes index,0.4985,B19083_001E,ACS1
Connecticut,2022,CT,278975.9,SAGDP9N,1,84777,4.0917,CT,0.644093760939292,0.282924984479661,0.00282924984479661,1.31900355150497,,,,,,,,,,,,,,,,,,,0,0,0,,0.5008,B19083_001E,ACS1
Connecticut,2023,CT,286628.4,SAGDP9N,1,89307,3.7083,CT,0.657581988402957,0.284818915661332,0.00284818915661332,1.54831450207793,,0.3737887,0.3322204,0.5859021,0.5246509,0.9873265,0.7368222,0.8520027,0.7635678,0.3129978,0.1175291,0.5397179,0.1183532,0.0734266,0.1155324,0.1715302,0.2051042,0.4232728,0,1,1,CPS CEV observed state rates; separate modern indicators; not spliced to Hawes index,0.4954,B19083_001E,ACS1
Delaware,2000,DE,63388.8,SAGDP9N,1,33810,3.6083,DE,-0.372661387593956,0.281261775614531,0.00281261775614531,-0.568725469362,0.29608452,,,,,,,,,,,,,,,,,,1,0,1,Hawes/Compton 3-year moving-average social-capital index; contiguous 48 states,,,
Delaware,2001,DE,65724.8,SAGDP9N,1,36917,3.575,DE,-0.371137565340139,0.284319978638773,0.00284319978638773,-0.56947216885585,0.019847061,,,,,,,,,,,,,,,,,,1,0,1,Hawes/Compton 3-year moving-average social-capital index; contiguous 48 states,,,
Delaware,2002,DE,63702.5,SAGDP9N,1,37660,4.2667,DE,0.0868750738024986,0.284410871568963,0.00284410871568963,-0.380110426759858,-0.0428824,,,,,,,,,,,,,,,,,,1,0,1,Hawes/Compton 3-year moving-average social-capital index; contiguous 48 states,,,
Delaware,2003,DE,64316.8,SAGDP9N,1,37985,4.4667,DE,0.114785882327402,0.281860701604833,0.00281860701604833,-0.349301847214226,0.07459678,,,,,,,,,,,,,,,,,,1,0,1,Hawes/Compton 3-year moving-average social-capital index; contiguous 48 states,,,
Delaware,2004,DE,67735.5,SAGDP9N,1,38843,4.3,DE,-0.277836881725127,0.287873826129998,0.00287873826129998,-0.447073095727085,0.24790098,,,,,,,,,,,,,,,,,,1,0,1,Hawes/Compton 3-year moving-average social-capital index; contiguous 48 states,,,
Delaware,2005,DE,66381.2,SAGDP9N,1,39133,4.5083,DE,-0.272364086699924,0.290332511501785,0.00290332511501785,-0.441713073485978,0.41663507,,,,,,,,,,,,,,,,,,1,0,1,Hawes/Compton 3-year moving-average social-capital index; contiguous 48 states,,,
Delaware,2006,DE,68411.8,SAGDP9N,1,40736,3.9083,DE,-0.190312258463238,0.284718240607593,0.00284718240607594,-0.412391090019445,0.24994844,,,,,,,,,,,,,,,,,,1,0,1,Hawes/Compton 3-year moving-average social-capital index; contiguous 48 states,0.434,B19083_001E,ACS1
Delaware,2007,DE,68132.4,SAGDP9N,1,41539,3.6083,DE,-0.194565024970894,0.285162421604946,0.00285162421604946,-0.417695304107016,0.28733307,,,,,,,,,,,,,,,,,,1,0,1,Hawes/Compton 3-year moving-average social-capital index; contiguous 48 states,0.435,B19083_001E,ACS1
Delaware,2008,DE,65771.3,SAGDP9N,1,41254,5.0333,DE,0.120532303656855,0.287476127453838,0.00287476127453838,-0.176649018616709,0.27723685,,,,,,,,,,,,,,,,,,1,0,1,Hawes/Compton 3-year moving-average social-capital index; contiguous 48 states,0.447,B19083_001E,ACS1
Delaware,2009,DE,69186.2,SAGDP9N,1,41056,8.3417,DE,0.128523675837786,0.282945865548535,0.00282945865548535,-0.164842711654268,0.44806406,,,,,,,,,,,,,,,,,,1,0,1,Hawes/Compton 3-year moving-average social-capital index; contiguous 48 states,0.434,B19083_001E,ACS1
Delaware,2010,DE,68291.9,SAGDP9N,1,41100,8.6583,DE,0.663524278024328,0.282635296384897,0.00282635296384897,0.20002689591099,0.45570484,,,,,,,,,,,,,,,,,,1,0,1,Hawes/Compton 3-year moving-average social-capital index; contiguous 48 states,0.44,B19083_001E,ACS1
Delaware,2011,DE,71103.5,SAGDP9N,1,43779,7.6083,DE,0.670172563355447,0.287623414860542,0.00287623414860542,0.201690497753281,,,,,,,,,,,,,,,,,,,0,0,0,,0.4404,B19083_001E,ACS1
Delaware,2012,DE,70562.4,SAGDP9N,1,43771,7.0667,DE,0.604732844419364,0.282480065277193,0.00282480065277193,0.230400640794582,,,,,,,,,,,,,,,,,,,0,0,0,,0.4356,B19083_001E,ACS1
Delaware,2013,DE,68656.8,SAGDP9N,1,43943,6.6083,DE,0.610681389894637,0.285639499278659,0.00285639499278659,0.236399701138498,,,,,,,,,,,,,,,,,,,0,0,0,,0.4513,B19083_001E,ACS1
Delaware,2014,DE,73961.7,SAGDP9N,1,45359,5.6083,DE,0.392532193964663,0.287258371182518,0.00287258371182518,0.589821764577083,,,,,,,,,,,,,,,,,,,0,0,0,,0.4494,B19083_001E,ACS1
Delaware,2015,DE,76211.2,SAGDP9N,1,47238,4.7917,DE,0.388847652327584,0.283454605377535,0.00283454605377535,0.589821764577083,,,,,,,,,,,,,,,,,,,0,0,0,,0.4523,B19083_001E,ACS1
Delaware,2016,DE,71941.4,SAGDP9N,1,48186,4.525,DE,0.137337391789738,0.281734479009696,0.00281734479009696,0.700580110101009,,,,,,,,,,,,,,,,,,,0,0,0,,0.4522,B19083_001E,ACS1
Delaware,2017,DE,69555.6,SAGDP9N,1,49997,4.4667,DE,0.140481488220398,0.286762256373459,0.00286762256373459,0.700580110101009,,0.31813208,0.28560473,0.61459745,0.57792029,0.94124759,0.80054359,0.8700636,0.6972445,0.3430826,0.2182472,0.5317285,0.1138995,0.1240352,0.122794,0.2436262,0.1116373,,0,1,1,CPS CEV observed state rates; separate modern indicators; not spliced to Hawes index,0.4811,B19083_001E,ACS1
Delaware,2018,DE,70856.4,SAGDP9N,1,52670,3.7083,DE,0.0506774302381651,0.2814995490522,0.002814995490522,0.583437685233282,,,,,,,,,,,,,,,,,,,0,0,0,,0.4587,B19083_001E,ACS1
Delaware,2019,DE,74627.8,SAGDP9N,1,53778,3.55,DE,0.0569328698950619,0.280785140874138,0.00280785140874138,0.583437685233282,,0.3066739,0.3227496,0.55589455,0.65761861,0.96694277,0.72650631,0.90574445,0.72730064,0.33510663,0.21410151,0.58222979,0.10917238,0.07692649,0.10407392,0.27666039,0.16997186,,0,1,1,CPS CEV observed state rates; separate modern indicators; not spliced to Hawes index,0.4509,B19083_001E,ACS1
Delaware,2020,DE,72506.8,SAGDP9N,1,55497,7.475,DE,0.262293455001629,0.288259372395506,0.00288259372395506,0.822852654273885,,,,,,,,,,,,,,,,,,,0,0,0,,,,
Delaware,2021,DE,74657.1,SAGDP9N,1,59619,5.475,DE,0.383824293993193,0.281542902033237,0.00281542902033237,1.28147455541979,,0.29839872,0.3091356,0.49295023,0.63933436,0.94610634,0.78105361,0.85221917,0.72205519,0.34813473,0.29746954,0.40308832,0.10202998,0.07500617,0.08836163,0.23392235,0.16115084,0.43207754,0,1,1,CPS CEV observed state rates; separate modern indicators; not spliced to Hawes index,0.4547,B19083_001E,ACS1
Delaware,2022,DE,77149.2,SAGDP9N,1,63890,4.2333,DE,0.162612092427771,0.28340737962613,0.0028340737962613,1.28452352068519,,,,,,,,,,,,,,,,,,,0,0,0,,0.4407,B19083_001E,ACS1
Delaware,2023,DE,78014.4,SAGDP9N,1,66557,3.9833,DE,0.161538519076102,0.282402380615185,0.00282402380615185,1.28452352068519,,0.3196905,0.2990403,0.4822581,0.6477919,0.9676495,0.7633035,0.8362169,0.6793668,0.3449855,0.2372168,0.4630148,0.0899787,0.0740478,0.0893401,0.2199921,0.1674544,0.4208777,0,1,1,CPS CEV observed state rates; separate modern indicators; not spliced to Hawes index,0.4557,B19083_001E,ACS1
Florida,2000,FL,693837.3,SAGDP9N,1,29387,3.7583,FL,-0.787930480993586,0.284918866520531,0.00284918866520531,-1.25123499121618,-0.7089519,,,,,,,,,,,,,,,,,,1,0,1,Hawes/Compton 3-year moving-average social-capital index; contiguous 48 states,,,
Florida,2001,FL,714638.0,SAGDP9N,1,30405,4.425,FL,-0.79410667164231,0.283818338556715,0.00283818338556715,-1.27854184855418,-0.82117486,,,,,,,,,,,,,,,,,,1,0,1,Hawes/Compton 3-year moving-average social-capital index; contiguous 48 states,,,
Florida,2002,FL,746252.8,SAGDP9N,1,30815,4.9583,FL,-1.28001432116344,0.28536287972292,0.0028536287972292,-1.44513639740499,-0.8391341,,,,,,,,,,,,,,,,,,1,0,1,Hawes/Compton 3-year moving-average social-capital index; contiguous 48 states,,,
Florida,2003,FL,781834.2,SAGDP9N,1,31779,4.4667,FL,-1.27193266709392,0.28308415755545,0.0028308415755545,-1.46995271709274,-0.8170245,,,,,,,,,,,,,,,,,,1,0,1,Hawes/Compton 3-year moving-average social-capital index; contiguous 48 states,,,
Florida,2004,FL,833946.8,SAGDP9N,1,33706,3.75,FL,-1.83988728364982,0.287381118123514,0.00287381118123514,-1.69698229219868,-0.87926644,,,,,,,,,,,,,,,,,,1,0,1,Hawes/Compton 3-year moving-average social-capital index; contiguous 48 states,,,
Florida,2005,FL,883164.5,SAGDP9N,1,35736,2.875,FL,-1.85091368281925,0.284221431070061,0.00284221431070061,-1.78442316004106,-1.1146891,,,,,,,,,,,,,,,,,,1,0,1,Hawes/Compton 3-year moving-average social-capital index; contiguous 48 states,,,
Florida,2006,FL,909298.9,SAGDP9N,1,38009,2.4667,FL,-1.50417144269767,0.286928541883288,0.00286928541883288,-1.66363368889595,-1.1144876,,,,,,,,,,,,,,,,,,1,0,1,Hawes/Compton 3-year moving-average social-capital index; contiguous 48 states,0.467,B19083_001E,ACS1
Florida,2007,FL,922288.3,SAGDP9N,1,39184,3.3,FL,-1.50702745094699,0.286416032315561,0.00286416032315561,-1.64861144196882,-0.88520104,,,,,,,,,,,,,,,,,,1,0,1,Hawes/Compton 3-year moving-average social-capital index; contiguous 48 states,0.469,B19083_001E,ACS1
Florida,2008,FL,891766.9,SAGDP9N,1,39185,5.6917,FL,-1.57132150981677,0.282638141638082,0.00282638141638082,-1.46190935518412,-0.52069783,,,,,,,,,,,,,,,,,,1,0,1,Hawes/Compton 3-year moving-average social-capital index; contiguous 48 states,0.471,B19083_001E,ACS1
Florida,2009,FL,840480.6,SAGDP9N,1,36777,9.5583,FL,-1.5682697659681,0.284261997555184,0.00284261997555184,-1.47465078709041,-0.09925018,,,,,,,,,,,,,,,,,,1,0,1,Hawes/Compton 3-year moving-average social-capital index; contiguous 48 states,0.469,B19083_001E,ACS1
Florida,2010,FL,851956.4,SAGDP9N,1,38779,10.825,FL,-1.75222179054887,0.286469726946647,0.00286469726946647,-1.39305705699454,0.00063159066,,,,,,,,,,,,,,,,,,1,0,1,Hawes/Compton 3-year moving-average social-capital index; contiguous 48 states,0.474,B19083_001E,ACS1
Florida,2011,FL,849395.3,SAGDP9N,1,40437,10,FL,-1.75792616106614,0.283574805550692,0.00283574805550692,-1.57364502242599,,,,,,,,,,,,,,,,,,,0,0,0,,0.4811,B19083_001E,ACS1
Florida,2012,FL,857861.3,SAGDP9N,1,41211,8.6667,FL,-1.06679457690575,0.285800883198891,0.00285800883198891,-1.17619518547277,,,,,,,,,,,,,,,,,,,0,0,0,,0.4828,B19083_001E,ACS1
Florida,2013,FL,880183.5,SAGDP9N,1,40743,7.5333,FL,-1.11400648255063,0.283047544733119,0.00283047544733119,-1.10930512843922,,,,,,,,,,,,,,,,,,,0,0,0,,0.4843,B19083_001E,ACS1
Florida,2014,FL,905648.5,SAGDP9N,1,42877,6.4333,FL,-1.33542458488639,0.281882222603251,0.00281882222603251,-1.40644195723126,,,,,,,,,,,,,,,,,,,0,0,0,,0.4834,B19083_001E,ACS1
Florida,2015,FL,945929.0,SAGDP9N,1,44957,5.525,FL,-1.33206217649039,0.284385028472085,0.00284385028472085,-1.40644195723126,,,,,,,,,,,,,,,,,,,0,0,0,,0.4872,B19083_001E,ACS1
Florida,2016,FL,978989.7,SAGDP9N,1,45730,4.9167,FL,-0.511737518659034,0.282268903760582,0.00282268903760582,-0.697169715849426,,,,,,,,,,,,,,,,,,,0,0,0,,0.4852,B19083_001E,ACS1
Florida,2017,FL,1014866.9,SAGDP9N,1,48447,4.3,FL,-0.376961838028276,0.283863836775043,0.00283863836775043,-0.467858765276471,,0.22814825,0.19152846,0.43167192,0.50852623,0.953841,0.75184193,0.8144927,0.634576,0.3128348,0.1838238,0.4973954,0.0835449,0.0739699,0.0849563,0.2361771,0.1102821,,0,1,1,CPS CEV observed state rates; separate modern indicators; not spliced to Hawes index,0.4859,B19083_001E,ACS1
Florida,2018,FL,1050433.8,SAGDP9N,1,51015,3.65,FL,-0.0603642106459212,0.286126913351601,0.00286126913351601,-0.274319139836156,,,,,,,,,,,,,,,,,,,0,0,0,,0.4887,B19083_001E,ACS1
Florida,2019,FL,1084913.9,SAGDP9N,1,53666,3.25,FL,-0.0485610905726835,0.282589089738602,0.00282589089738602,0.0314287942611168,,0.24179211,0.21001489,0.41352124,0.46865842,0.9600402,0.67472528,0.77097421,0.62032335,0.27309675,0.18328715,0.53389176,0.07594785,0.07974082,0.08802153,0.17758983,0.09999829,,0,1,1,CPS CEV observed state rates; separate modern indicators; not spliced to Hawes index,0.4808,B19083_001E,ACS1
Florida,2020,FL,1069758.8,SAGDP9N,1,56539,8.1917,FL,0.0414882768237806,0.288073059232113,0.00288073059232113,0.583028728415289,,,,,,,,,,,,,,,,,,,0,0,0,,,,
Florida,2021,FL,1170526.3,SAGDP9N,1,62238,4.6917,FL,-0.0961055887278137,0.285521006971934,0.00285521006971934,0.353717777842335,,0.15852759,0.1781889,0.36807879,0.44574935,0.9321793,0.64215172,0.76488786,0.62824969,0.27913405,0.20234896,0.54387099,0.07021876,0.08305094,0.06624098,0.15464978,0.10785292,0.29208886,0,1,1,CPS CEV observed state rates; separate modern indicators; not spliced to Hawes index,0.4869,B19083_001E,ACS1
Florida,2022,FL,1239883.6,SAGDP9N,1,64171,2.9917,FL,-0.334653055532848,0.28340856254036,0.0028340856254036,0.230017072232565,,,,,,,,,,,,,,,,,,,0,0,0,,0.4902,B19083_001E,ACS1
Florida,2023,FL,1292787.6,SAGDP9N,1,67821,2.9083,FL,-0.329668774132533,0.283706474849747,0.00283706474849747,0.230017072232565,,0.2038833,0.2073132,0.3952212,0.4750128,0.9385329,0.6709053,0.7603147,0.6262947,0.262651,0.1776913,0.4960463,0.0629162,0.0576121,0.0839998,0.2130895,0.1276705,0.3070354,0,1,1,CPS CEV observed state rates; separate modern indicators; not spliced to Hawes index,0.4829,B19083_001E,ACS1
Georgia,2000,GA,417713.5,SAGDP9N,1,28760,3.5333,GA,-0.568288078727412,0.285305323995214,0.00285305323995214,-0.665305177252976,-0.56638813,,,,,,,,,,,,,,,,,,1,0,1,Hawes/Compton 3-year moving-average social-capital index; contiguous 48 states,,,
Georgia,2001,GA,422731.6,SAGDP9N,1,29693,4.0917,GA,-0.574586170766176,0.284488562791942,0.00284488562791942,-0.664889205222246,-0.4264061,,,,,,,,,,,,,,,,,,1,0,1,Hawes/Compton 3-year moving-average social-capital index; contiguous 48 states,,,
Georgia,2002,GA,427329.7,SAGDP9N,1,30086,5.3083,GA,0.0452208309166358,0.285430497345683,0.00285430497345683,-0.234802275891027,-0.69746757,,,,,,,,,,,,,,,,,,1,0,1,Hawes/Compton 3-year moving-average social-capital index; contiguous 48 states,,,
Georgia,2003,GA,439074.6,SAGDP9N,1,30805,5.1417,GA,0.123183228969138,0.285652864276276,0.00285652864276276,0.00818662784099958,-0.81682414,,,,,,,,,,,,,,,,,,1,0,1,Hawes/Compton 3-year moving-average social-capital index; contiguous 48 states,,,
Georgia,2004,GA,461245.4,SAGDP9N,1,31982,5.0833,GA,-0.0219281867963892,0.286311513441691,0.00286311513441691,-0.145775789217909,-1.1158159,,,,,,,,,,,,,,,,,,1,0,1,Hawes/Compton 3-year moving-average social-capital index; contiguous 48 states,,,
Georgia,2005,GA,480838.3,SAGDP9N,1,33283,5.6833,GA,-0.174292128138846,0.287911583999805,0.00287911583999805,-0.392375576851097,-1.6317403,,,,,,,,,,,,,,,,,,1,0,1,Hawes/Compton 3-year moving-average social-capital index; contiguous 48 states,,,
Georgia,2006,GA,487524.9,SAGDP9N,1,34574,5.075,GA,-1.43209208189414,0.289751065967785,0.00289751065967785,-1.12497697919677,-1.8060126,,,,,,,,,,,,,,,,,,1,0,1,Hawes/Compton 3-year moving-average social-capital index; contiguous 48 states,0.461,B19083_001E,ACS1
Georgia,2007,GA,492238.7,SAGDP9N,1,35440,4.9083,GA,-1.42730129685363,0.285407042009511,0.00285407042009511,-1.12462257115429,-1.7472975,,,,,,,,,,,,,,,,,,1,0,1,Hawes/Compton 3-year moving-average social-capital index; contiguous 48 states,0.464,B19083_001E,ACS1
Georgia,2008,GA,481860.3,SAGDP9N,1,35272,6.7833,GA,-1.60511093765192,0.286100031961358,0.00286100031961358,-1.34014244128821,-1.2898318,,,,,,,,,,,,,,,,,,1,0,1,Hawes/Compton 3-year moving-average social-capital index; contiguous 48 states,0.467,B19083_001E,ACS1
Georgia,2009,GA,464016.8,SAGDP9N,1,34213,10.4083,GA,-1.57846344238646,0.280924646022446,0.00280924646022446,-1.30437641232518,-0.74436057,,,,,,,,,,,,,,,,,,1,0,1,Hawes/Compton 3-year moving-average social-capital index; contiguous 48 states,0.469,B19083_001E,ACS1
Georgia,2010,GA,471588.2,SAGDP9N,1,34740,10.6583,GA,-1.65184628473446,0.287069677416071,0.00287069677416071,-1.43690875982354,-0.59059966,,,,,,,,,,,,,,,,,,1,0,1,Hawes/Compton 3-year moving-average social-capital index; contiguous 48 states,0.468,B19083_001E,ACS1
Georgia,2011,GA,481215.4,SAGDP9N,1,36760,10.1583,GA,-1.65419047111144,0.288038232504987,0.00288038232504987,-1.42756330749521,,,,,,,,,,,,,,,,,,,0,0,0,,0.477,B19083_001E,ACS1
Georgia,2012,GA,489027.3,SAGDP9N,1,37250,9.0417,GA,-2.18064039960188,0.282966038171855,0.00282966038171855,-1.70385765292354,,,,,,,,,,,,,,,,,,,0,0,0,,0.4809,B19083_001E,ACS1
Georgia,2013,GA,499900.2,SAGDP9N,1,37484,8.1417,GA,-2.20428691952994,0.28742395444226,0.0028742395444226,-1.79385348346581,,,,,,,,,,,,,,,,,,,0,0,0,,0.4837,B19083_001E,ACS1
Georgia,2014,GA,517511.9,SAGDP9N,1,39550,7.1417,GA,-2.53529924469817,0.288708200139397,0.00288708200139397,-1.51819178902257,,,,,,,,,,,,,,,,,,,0,0,0,,0.4801,B19083_001E,ACS1
Georgia,2015,GA,540108.5,SAGDP9N,1,41527,6.075,GA,-2.54041382697707,0.290107595802459,0.00290107595802459,-1.51819178902257,,,,,,,,,,,,,,,,,,,0,0,0,,0.4801,B19083_001E,ACS1
Georgia,2016,GA,561718.3,SAGDP9N,1,42742,5.4667,GA,-2.18755285697776,0.287494502699009,0.00287494502699009,-1.30354211083797,,,,,,,,,,,,,,,,,,,0,0,0,,0.4813,B19083_001E,ACS1
Georgia,2017,GA,583543.3,SAGDP9N,1,44836,4.7583,GA,-2.18274661271459,0.288406081191362,0.00288406081191362,-1.30354211083797,,0.26504428,0.20928037,0.46000691,0.43373539,0.96957007,0.6656816,0.8394332,0.7106653,0.3030356,0.2209735,0.495337,0.0834497,0.0826908,0.101368,0.1725173,0.1234459,,0,1,1,CPS CEV observed state rates; separate modern indicators; not spliced to Hawes index,0.483,B19083_001E,ACS1
Georgia,2018,GA,600934.7,SAGDP9N,1,46624,4,GA,-1.2717686381772,0.286319267701506,0.00286319267701506,-0.92482366930812,,,,,,,,,,,,,,,,,,,0,0,0,,0.4822,B19083_001E,ACS1
Georgia,2019,GA,620744.9,SAGDP9N,1,48529,3.575,GA,-1.25983173385172,0.288685720368912,0.00288685720368912,-0.695512718735165,,0.28188341,0.22030854,0.4813987,0.45097909,0.96063559,0.63924423,0.80108636,0.67278881,0.28696785,0.17740534,0.53616129,0.09226408,0.07284259,0.10495565,0.18319809,0.12850101,,0,1,1,CPS CEV observed state rates; separate modern indicators; not spliced to Hawes index,0.4795,B19083_001E,ACS1
Georgia,2020,GA,604745.9,SAGDP9N,1,51460,6.5,GA,-1.01785768856122,0.28602538830778,0.0028602538830778,0.382794260109723,,,,,,,,,,,,,,,,,,,0,0,0,,,,
Georgia,2021,GA,643013.8,SAGDP9N,1,56079,3.9333,GA,-1.02069761228948,0.28432972724147,0.0028432972724147,0.382794260109723,,0.19887582,0.22374326,0.46011902,0.40780444,0.93630597,0.5800645,0.79284118,0.67482157,0.28374127,0.18453277,0.54898641,0.09562917,0.09780828,0.08185764,0.14532689,0.14428337,0.33192327,0,1,1,CPS CEV observed state rates; separate modern indicators; not spliced to Hawes index,0.4787,B19083_001E,ACS1
Georgia,2022,GA,665678.1,SAGDP9N,1,57193,3.1417,GA,-1.21231407610591,0.287832467212744,0.00287832467212744,0.3872182066799,,,,,,,,,,,,,,,,,,,0,0,0,,0.4736,B19083_001E,ACS1
Georgia,2023,GA,678201.2,SAGDP9N,1,59691,3.2,GA,-1.21172702700749,0.287367479849015,0.00287367479849015,0.3872182066799,,0.2562863,0.226441,0.4435365,0.4731008,0.9612912,0.6393305,0.8180411,0.7019295,0.2724387,0.1876799,0.5686822,0.0703395,0.0688813,0.1152183,0.2427384,0.1039982,0.3918816,0,1,1,CPS CEV observed state rates; separate modern indicators; not spliced to Hawes index,0.4787,B19083_001E,ACS1
Hawaii,2000,HI,60745.7,SAGDP9N,1,29174,4.25,HI,0.618685369573769,0.284011374371054,0.00284011374371054,0.165048865904357,,,,,,,,,,,,,,,,,,,0,0,0,,,,
Hawaii,2001,HI,60446.4,SAGDP9N,1,30178,4.275,HI,0.625616813866707,0.282120228925528,0.00282120228925528,0.168684369371025,,,,,,,,,,,,,,,,,,,0,0,0,,,,
Hawaii,2002,HI,62355.2,SAGDP9N,1,31353,4.05,HI,0.551272616305632,0.283727908365516,0.00283727908365516,0.120372535357124,,,,,,,,,,,,,,,,,,,0,0,0,,,,
Hawaii,2003,HI,65623.7,SAGDP9N,1,32557,3.9083,HI,0.549851656808378,0.283060662397996,0.00283060662397996,0.102527564591696,,,,,,,,,,,,,,,,,,,0,0,0,,,,
Hawaii,2004,HI,69332.0,SAGDP9N,1,34336,3.2917,HI,0.352076316227533,0.280774888309667,0.00280774888309667,-0.0368501857702633,,,,,,,,,,,,,,,,,,,0,0,0,,,,
Hawaii,2005,HI,72941.9,SAGDP9N,1,36278,2.825,HI,0.348337932430938,0.284689460391644,0.00284689460391644,-0.0419422484809595,,,,,,,,,,,,,,,,,,,0,0,0,,,,
Hawaii,2006,HI,74892.9,SAGDP9N,1,38315,2.55,HI,0.211173767774533,0.282973579523737,0.00282973579523737,-0.0337333367307106,,,,,,,,,,,,,,,,,,,0,0,0,,0.438,B19083_001E,ACS1
Hawaii,2007,HI,76434.1,SAGDP9N,1,40301,2.725,HI,0.210318559378702,0.285889354261424,0.00285889354261424,-0.0432816329511153,,,,,,,,,,,,,,,,,,,0,0,0,,0.422,B19083_001E,ACS1
Hawaii,2008,HI,76830.2,SAGDP9N,1,41887,4.0333,HI,0.00204215186191049,0.283040876544592,0.00283040876544592,-0.223851332716866,,,,,,,,,,,,,,,,,,,0,0,0,,0.428,B19083_001E,ACS1
Hawaii,2009,HI,74118.5,SAGDP9N,1,41144,6.6583,HI,-0.00822358192869414,0.284583094440003,0.00284583094440003,-0.258737062879227,,,,,,,,,,,,,,,,,,,0,0,0,,0.425,B19083_001E,ACS1
Hawaii,2010,HI,76130.2,SAGDP9N,1,41498,6.825,HI,0.466286031617226,0.282969679224422,0.00282969679224422,-0.137376736532535,,,,,,,,,,,,,,,,,,,0,0,0,,0.433,B19083_001E,ACS1
Hawaii,2011,HI,77174.2,SAGDP9N,1,42758,6.8333,HI,0.461041259350233,0.286053853072974,0.00286053853072975,-0.124632018459649,,,,,,,,,,,,,,,,,,,0,0,0,,0.4301,B19083_001E,ACS1
Hawaii,2012,HI,78694.0,SAGDP9N,1,43523,5.9,HI,0.122946828172467,0.283124743985765,0.00283124743985765,-0.138922560847566,,,,,,,,,,,,,,,,,,,0,0,0,,0.4257,B19083_001E,ACS1
Hawaii,2013,HI,80534.9,SAGDP9N,1,43548,4.7583,HI,0.0989221310097151,0.283481876636967,0.00283481876636967,-0.0154774484632824,,,,,,,,,,,,,,,,,,,0,0,0,,0.44,B19083_001E,ACS1
Hawaii,2014,HI,81304.9,SAGDP9N,1,45445,4.2333,HI,-0.371588846999859,0.289075369462951,0.00289075369462951,0.125162749301219,,,,,,,,,,,,,,,,,,,0,0,0,,0.4325,B19083_001E,ACS1
Hawaii,2015,HI,83857.6,SAGDP9N,1,47150,3.4167,HI,-0.377003751724465,0.285107272497332,0.00285107272497332,0.125162749301219,,,,,,,,,,,,,,,,,,,0,0,0,,0.4346,B19083_001E,ACS1
Hawaii,2016,HI,85670.4,SAGDP9N,1,48561,2.8917,HI,-0.102106784857661,0.285153821547413,0.00285153821547413,0.493870781923383,,,,,,,,,,,,,,,,,,,0,0,0,,0.442,B19083_001E,ACS1
Hawaii,2017,HI,87436.4,SAGDP9N,1,50506,2.2167,HI,-0.0917748295312488,0.28286454931076,0.0028286454931076,0.493870781923383,,0.27989778,0.24364988,0.50502291,0.44554848,0.95269906,0.72425725,0.8497063,0.6511411,0.3139895,0.202259,0.4856606,0.1100213,0.0728004,0.0997593,0.1971287,0.1148189,,0,1,1,CPS CEV observed state rates; separate modern indicators; not spliced to Hawes index,0.4455,B19083_001E,ACS1
Hawaii,2018,HI,88836.4,SAGDP9N,1,51554,2.4083,HI,0.136794786391115,0.286576255731374,0.00286576255731374,0.888833451508223,,,,,,,,,,,,,,,,,,,0,0,0,,0.445,B19083_001E,ACS1
Hawaii,2019,HI,88855.2,SAGDP9N,1,53940,2.5167,HI,0.357728237341981,0.287126522223177,0.00287126522223177,1.34745535265413,,0.32096253,0.27092258,0.49238077,0.44139588,0.96469333,0.65487619,0.85898929,0.67432702,0.28397371,0.15998313,0.51152393,0.09244406,0.05503709,0.10827886,0.1759008,0.1086652,,0,1,1,CPS CEV observed state rates; separate modern indicators; not spliced to Hawes index,0.4397,B19083_001E,ACS1
Hawaii,2020,HI,79840.1,SAGDP9N,1,56995,11.7917,HI,0.0106751222606448,0.284842399504729,0.00284842399504729,1.52829339954759,,,,,,,,,,,,,,,,,,,0,0,0,,,,
Hawaii,2021,HI,84408.5,SAGDP9N,1,61051,5.9583,HI,0.0638247165641236,0.28425395682288,0.00284253956822879,1.75760435012054,,0.19742954,0.22812675,0.44968553,0.43523234,0.96306797,0.64541265,0.87249951,0.69875335,0.27749956,0.13744508,0.58872074,0.07704385,0.06723976,0.06824231,0.12547505,0.10585138,0.33703757,0,1,1,CPS CEV observed state rates; separate modern indicators; not spliced to Hawes index,0.4552,B19083_001E,ACS1
Hawaii,2022,HI,86887.8,SAGDP9N,1,62522,3.2583,HI,0.410698049007224,0.284575906973579,0.00284575906973579,2.05791488493604,,,,,,,,,,,,,,,,,,,0,0,0,,0.4574,B19083_001E,ACS1
Hawaii,2023,HI,88614.3,SAGDP9N,1,65888,2.9333,HI,0.402182727034312,0.288340196424237,0.00288340196424237,2.05791488493604,,0.2938612,0.2399288,0.5759759,0.4830341,0.9779126,0.6748865,0.903201,0.7572066,0.3091586,0.1711055,0.5516905,0.0768553,0.0737842,0.1003458,0.1532963,0.119596,0.388143,0,1,1,CPS CEV observed state rates; separate modern indicators; not spliced to Hawes index,0.4512,B19083_001E,ACS1
Idaho,2000,ID,49793.0,SAGDP9N,1,25139,4.6583,ID,-0.243881083484755,0.284728709641795,0.00284728709641795,-0.175414439752767,0.6753745,,,,,,,,,,,,,,,,,,1,0,1,Hawes/Compton 3-year moving-average social-capital index; contiguous 48 states,,,
Idaho,2001,ID,48695.4,SAGDP9N,1,25803,5.0833,ID,-0.261548207314251,0.283691747073857,0.00283691747073857,-0.210650164697553,0.027471619,,,,,,,,,,,,,,,,,,1,0,1,Hawes/Compton 3-year moving-average social-capital index; contiguous 48 states,,,
Idaho,2002,ID,49840.5,SAGDP9N,1,26272,5.6167,ID,0.137202553498461,0.283815726776734,0.00283815726776734,-0.00590188295755864,0.09677018,,,,,,,,,,,,,,,,,,1,0,1,Hawes/Compton 3-year moving-average social-capital index; contiguous 48 states,,,
Idaho,2003,ID,51542.6,SAGDP9N,1,26739,5.5667,ID,0.14313422863378,0.281178540456155,0.00281178540456155,-0.00852753801014408,0.055883244,,,,,,,,,,,,,,,,,,1,0,1,Hawes/Compton 3-year moving-average social-capital index; contiguous 48 states,,,
Idaho,2004,ID,55137.1,SAGDP9N,1,28299,4.8667,ID,-0.0245468579388121,0.284529071581354,0.00284529071581354,-0.0154437649637524,0.2157273,,,,,,,,,,,,,,,,,,1,0,1,Hawes/Compton 3-year moving-average social-capital index; contiguous 48 states,,,
Idaho,2005,ID,59331.9,SAGDP9N,1,29214,3.9917,ID,-0.0234538024420996,0.280489858398994,0.00280489858398994,-0.018219583858804,0.45391,,,,,,,,,,,,,,,,,,1,0,1,Hawes/Compton 3-year moving-average social-capital index; contiguous 48 states,,,
Idaho,2006,ID,60738.6,SAGDP9N,1,31244,3.425,ID,-0.326298906009721,0.282755383663545,0.00282755383663545,-0.24371293704409,0.28696668,,,,,,,,,,,,,,,,,,1,0,1,Hawes/Compton 3-year moving-average social-capital index; contiguous 48 states,0.421,B19083_001E,ACS1
Idaho,2007,ID,61812.1,SAGDP9N,1,32459,3.025,ID,-0.353820973072914,0.285734153383159,0.00285734153383159,-0.29300609040229,0.17927258,,,,,,,,,,,,,,,,,,1,0,1,Hawes/Compton 3-year moving-average social-capital index; contiguous 48 states,0.436,B19083_001E,ACS1
Idaho,2008,ID,63878.2,SAGDP9N,1,32690,5.0333,ID,-0.532159084064579,0.28580907169941,0.0028580907169941,-0.264149387088375,0.0045575825,,,,,,,,,,,,,,,,,,1,0,1,Hawes/Compton 3-year moving-average social-capital index; contiguous 48 states,0.419,B19083_001E,ACS1
Idaho,2009,ID,61276.1,SAGDP9N,1,31200,8.7083,ID,-0.517376793119828,0.289999269249049,0.00289999269249049,-0.240879542614633,0.16405754,,,,,,,,,,,,,,,,,,1,0,1,Hawes/Compton 3-year moving-average social-capital index; contiguous 48 states,0.421,B19083_001E,ACS1
Idaho,2010,ID,62626.4,SAGDP9N,1,31948,8.7583,ID,-0.741931742921104,0.285904136367995,0.00285904136367995,-0.583950275191265,0.1405778,,,,,,,,,,,,,,,,,,1,0,1,Hawes/Compton 3-year moving-average social-capital index; contiguous 48 states,0.433,B19083_001E,ACS1
Idaho,2011,ID,62704.0,SAGDP9N,1,33447,8.1667,ID,-0.737972005825752,0.285493754396373,0.00285493754396373,-0.575527801621208,,,,,,,,,,,,,,,,,,,0,0,0,,0.432,B19083_001E,ACS1
Idaho,2012,ID,62007.3,SAGDP9N,1,34812,7.4,ID,-0.527717520463941,0.284936107195877,0.00284936107195877,-0.442037523984531,,,,,,,,,,,,,,,,,,,0,0,0,,0.4302,B19083_001E,ACS1
Idaho,2013,ID,64769.8,SAGDP9N,1,35699,6.8167,ID,-0.557874745668009,0.282972445816425,0.00282972445816425,-0.341689633612182,,,,,,,,,,,,,,,,,,,0,0,0,,0.4376,B19083_001E,ACS1
Idaho,2014,ID,66784.9,SAGDP9N,1,37107,4.3833,ID,-0.723002672534193,0.285049184854677,0.00285049184854677,-0.449644733788644,,,,,,,,,,,,,,,,,,,0,0,0,,0.4541,B19083_001E,ACS1
Idaho,2015,ID,67790.5,SAGDP9N,1,38813,3.8667,ID,-0.727291595083522,0.286458950595284,0.00286458950595284,-0.449644733788644,,,,,,,,,,,,,,,,,,,0,0,0,,0.4525,B19083_001E,ACS1
Idaho,2016,ID,70442.5,SAGDP9N,1,39653,3.675,ID,-0.619758876403419,0.28363383718481,0.0028363383718481,-0.347470100985387,,,,,,,,,,,,,,,,,,,0,0,0,,0.4503,B19083_001E,ACS1
Idaho,2017,ID,72935.1,SAGDP9N,1,41197,3.2167,ID,-0.624320614045794,0.288814121046424,0.00288814121046424,-0.347470100985387,,0.37870817,0.34116028,0.55509002,0.61080733,0.97249277,0.77862897,0.8821404,0.7616861,0.3705848,0.2763773,0.5019038,0.1408804,0.1091318,0.1275454,0.2982488,0.1609591,,0,1,1,CPS CEV observed state rates; separate modern indicators; not spliced to Hawes index,0.4478,B19083_001E,ACS1
Idaho,2018,ID,77652.1,SAGDP9N,1,43254,2.875,ID,-0.584128715516601,0.283650721631525,0.00283650721631525,-0.179754272359647,,,,,,,,,,,,,,,,,,,0,0,0,,0.4454,B19083_001E,ACS1
Idaho,2019,ID,81144.3,SAGDP9N,1,45880,2.8833,ID,-0.581860653640887,0.280397665127514,0.00280397665127514,-0.179754272359647,,0.34468853,0.32417629,0.53000733,0.57465472,0.95048512,0.70566833,0.81003919,0.65043816,0.28854642,0.18034042,0.47527916,0.11317558,0.10742329,0.11445748,0.23431278,0.15621068,,0,1,1,CPS CEV observed state rates; separate modern indicators; not spliced to Hawes index,0.4337,B19083_001E,ACS1
Idaho,2020,ID,82717.4,SAGDP9N,1,49607,5.5417,ID,-0.588384385361566,0.282151679519256,0.00282151679519256,0.265278185874964,,,,,,,,,,,,,,,,,,,0,0,0,,,,
Idaho,2021,ID,88969.6,SAGDP9N,1,55408,3.55,ID,-0.588636027012855,0.285193114057556,0.00285193114057556,0.265278185874964,,0.28159126,0.27437575,0.57006046,0.54292441,0.94824149,0.65161874,0.81887639,0.70047356,0.2993659,0.21849516,0.55793833,0.15504036,0.11944485,0.13146354,0.2125218,0.22848171,0.33535381,0,1,1,CPS CEV observed state rates; separate modern indicators; not spliced to Hawes index,0.4577,B19083_001E,ACS1
Idaho,2022,ID,92903.7,SAGDP9N,1,56984,2.8417,ID,-0.756612242838606,0.285408617813005,0.00285408617813005,0.237550075866897,,,,,,,,,,,,,,,,,,,0,0,0,,0.4434,B19083_001E,ACS1
Idaho,2023,ID,95897.9,SAGDP9N,1,59192,3.0833,ID,-0.756123458668789,0.2830430441294,0.002830430441294,0.237550075866897,,0.3442451,0.3066974,0.5678562,0.6083057,0.9903874,0.7340771,0.8363163,0.7109272,0.3114263,0.1645053,0.5823279,0.1124712,0.0734893,0.1157762,0.2289621,0.236378,0.3492647,0,1,1,CPS CEV observed state rates; separate modern indicators; not spliced to Hawes index,0.4404,B19083_001E,ACS1
Illinois,2000,IL,687111.4,SAGDP9N,1,33072,4.4417,IL,-0.30696478144901,0.285063608782753,0.00285063608782753,-0.850552113154191,-0.35150155,,,,,,,,,,,,,,,,,,1,0,1,Hawes/Compton 3-year moving-average social-capital index; contiguous 48 states,,,
Illinois,2001,IL,688404.3,SAGDP9N,1,34206,5.4333,IL,-0.305758179559908,0.283484330392588,0.00283484330392588,-0.872372143551712,-0.4632666,,,,,,,,,,,,,,,,,,1,0,1,Hawes/Compton 3-year moving-average social-capital index; contiguous 48 states,,,
Illinois,2002,IL,692398.1,SAGDP9N,1,34520,6.55,IL,0.625715158140113,0.285413132368808,0.00285413132368808,-0.223305854404841,-0.40656438,,,,,,,,,,,,,,,,,,1,0,1,Hawes/Compton 3-year moving-average social-capital index; contiguous 48 states,,,
Illinois,2003,IL,703548.8,SAGDP9N,1,35081,6.725,IL,0.617418782757494,0.287521546048899,0.00287521546048899,-0.223711776416852,-0.21012083,,,,,,,,,,,,,,,,,,1,0,1,Hawes/Compton 3-year moving-average social-capital index; contiguous 48 states,,,
Illinois,2004,IL,726139.0,SAGDP9N,1,36366,6.175,IL,0.35089963406489,0.284437993065925,0.00284437993065925,-0.504965744431396,0.08935194,,,,,,,,,,,,,,,,,,1,0,1,Hawes/Compton 3-year moving-average social-capital index; contiguous 48 states,,,
Illinois,2005,IL,741248.6,SAGDP9N,1,37720,5.7167,IL,0.34810032906635,0.284963284522505,0.00284963284522505,-0.513848242056792,0.33867782,,,,,,,,,,,,,,,,,,1,0,1,Hawes/Compton 3-year moving-average social-capital index; contiguous 48 states,,,
Illinois,2006,IL,759825.7,SAGDP9N,1,40021,4.6,IL,0.215677869005448,0.285431183412966,0.00285431183412966,-0.624180907514812,0.34608254,,,,,,,,,,,,,,,,,,1,0,1,Hawes/Compton 3-year moving-average social-capital index; contiguous 48 states,0.462,B19083_001E,ACS1
Illinois,2007,IL,769571.6,SAGDP9N,1,42148,5.0667,IL,0.220402722514752,0.282099998357603,0.00282099998357603,-0.647232412344194,0.33639953,,,,,,,,,,,,,,,,,,1,0,1,Hawes/Compton 3-year moving-average social-capital index; contiguous 48 states,0.466,B19083_001E,ACS1
Illinois,2008,IL,759095.3,SAGDP9N,1,43238,6.5083,IL,0.277868044686446,0.284392510243549,0.00284392510243549,-0.586580038967173,0.14186239,,,,,,,,,,,,,,,,,,1,0,1,Hawes/Compton 3-year moving-average social-capital index; contiguous 48 states,0.467,B19083_001E,ACS1
Illinois,2009,IL,740794.3,SAGDP9N,1,41088,10.1833,IL,0.279194385741973,0.28563567741279,0.0028563567741279,-0.588937029405779,0.21853377,,,,,,,,,,,,,,,,,,1,0,1,Hawes/Compton 3-year moving-average social-capital index; contiguous 48 states,0.469,B19083_001E,ACS1
Illinois,2010,IL,755391.4,SAGDP9N,1,42107,10.4667,IL,0.234960736009946,0.285790347322528,0.00285790347322528,-0.364571559549191,0.16345502,,,,,,,,,,,,,,,,,,1,0,1,Hawes/Compton 3-year moving-average social-capital index; contiguous 48 states,0.465,B19083_001E,ACS1
Illinois,2011,IL,772225.6,SAGDP9N,1,44075,9.7583,IL,0.2351835722748,0.281976974625195,0.00281976974625195,-0.509418757936678,,,,,,,,,,,,,,,,,,,0,0,0,,0.4718,B19083_001E,ACS1
Illinois,2012,IL,790723.3,SAGDP9N,1,45934,9.05,IL,1.02547248384563,0.285550432543927,0.00285550432543927,0.274691920734911,,,,,,,,,,,,,,,,,,,0,0,0,,0.4716,B19083_001E,ACS1
Illinois,2013,IL,795435.2,SAGDP9N,1,46735,9.075,IL,0.99812342389661,0.289831999485899,0.00289831999485899,0.347006556389294,,,,,,,,,,,,,,,,,,,0,0,0,,0.4824,B19083_001E,ACS1
Illinois,2014,IL,811490.1,SAGDP9N,1,48536,7.1667,IL,1.19706892877898,0.282259692884145,0.00282259692884145,0.620907953382514,,,,,,,,,,,,,,,,,,,0,0,0,,0.4765,B19083_001E,ACS1
Illinois,2015,IL,825424.9,SAGDP9N,1,50688,5.9917,IL,1.24807082293401,0.284592049549739,0.00284592049549739,0.850218903955468,,,,,,,,,,,,,,,,,,,0,0,0,,0.4817,B19083_001E,ACS1
Illinois,2016,IL,826404.7,SAGDP9N,1,51347,5.8833,IL,1.36684617916705,0.281381918068133,0.00281381918068133,1.22207979976843,,,,,,,,,,,,,,,,,,,0,0,0,,0.481,B19083_001E,ACS1
Illinois,2017,IL,832826.8,SAGDP9N,1,53056,4.95,IL,1.23664012858353,0.283324114703957,0.00283324114703957,0.992768849195477,,0.2813788,0.26753731,0.55056639,0.49817588,0.98192756,0.76510116,0.8892601,0.7582901,0.3542524,0.2176982,0.5520322,0.1316593,0.0781043,0.1283496,0.2168195,0.1421073,,0,1,1,CPS CEV observed state rates; separate modern indicators; not spliced to Hawes index,0.4818,B19083_001E,ACS1
Illinois,2018,IL,851517.2,SAGDP9N,1,56077,4.4,IL,1.33599380192495,0.283516277164959,0.00283516277164959,1.22026148301235,,,,,,,,,,,,,,,,,,,0,0,0,,0.4852,B19083_001E,ACS1
Illinois,2019,IL,858018.3,SAGDP9N,1,57738,3.9667,IL,1.46135733570824,0.285626863778554,0.00285626863778554,1.90819433473121,,0.33035833,0.31724402,0.56593534,0.57341423,0.98115485,0.76301078,0.90180734,0.72928383,0.32633149,0.20077546,0.56201555,0.11301642,0.07726987,0.13092664,0.24218053,0.17545446,,0,1,1,CPS CEV observed state rates; separate modern indicators; not spliced to Hawes index,0.48,B19083_001E,ACS1
Illinois,2020,IL,810200.9,SAGDP9N,1,61542,9.3083,IL,1.5892515812569,0.28407388877228,0.0028407388877228,2.00831233656486,,,,,,,,,,,,,,,,,,,0,0,0,,,,
Illinois,2021,IL,855888.1,SAGDP9N,1,66612,6.1,IL,1.58690096711589,0.286562381825342,0.00286562381825342,2.00831233656486,,0.28288199,0.29585206,0.56103872,0.55565087,0.97912092,0.74733133,0.90763941,0.73475921,0.3148696,0.17933369,0.54736587,0.1159154,0.10266162,0.09287339,0.20326906,0.1823315,0.44844343,0,1,1,CPS CEV observed state rates; separate modern indicators; not spliced to Hawes index,0.4824,B19083_001E,ACS1
Illinois,2022,IL,876536.0,SAGDP9N,1,68352,4.5667,IL,1.27187294699288,0.28337445407579,0.0028337445407579,1.94304155348065,,,,,,,,,,,,,,,,,,,0,0,0,,0.4837,B19083_001E,ACS1
Illinois,2023,IL,885651.3,SAGDP9N,1,71716,4.4583,IL,1.30284517830199,0.286433672302551,0.00286433672302551,2.17235250405361,,0.3033569,0.2791279,0.5001169,0.5610323,0.9777904,0.7299092,0.807572,0.669291,0.2771119,0.1655653,0.5520218,0.1134532,0.079095,0.1245904,0.2284437,0.1651965,0.4114639,0,1,1,CPS CEV observed state rates; separate modern indicators; not spliced to Hawes index,0.481,B19083_001E,ACS1
Indiana,2000,IN,278990.4,SAGDP9N,1,28075,3.05,IN,0.193773164503778,0.282871576266324,0.00282871576266324,0.152014401454077,-0.45717922,,,,,,,,,,,,,,,,,,1,0,1,Hawes/Compton 3-year moving-average social-capital index; contiguous 48 states,,,
Indiana,2001,IN,273884.4,SAGDP9N,1,28596,4.2417,IN,0.195711801291638,0.283868495160191,0.00283868495160191,0.160201246576499,-0.45443088,,,,,,,,,,,,,,,,,,1,0,1,Hawes/Compton 3-year moving-average social-capital index; contiguous 48 states,,,
Indiana,2002,IN,280723.0,SAGDP9N,1,28902,5.1917,IN,0.287880488113375,0.280438384731289,0.00280438384731289,0.207553834521616,-0.6487555,,,,,,,,,,,,,,,,,,1,0,1,Hawes/Compton 3-year moving-average social-capital index; contiguous 48 states,,,
Indiana,2003,IN,293045.2,SAGDP9N,1,29445,5.275,IN,0.347583451864597,0.285107647086882,0.00285107647086882,0.437918276396244,-0.4542538,,,,,,,,,,,,,,,,,,1,0,1,Hawes/Compton 3-year moving-average social-capital index; contiguous 48 states,,,
Indiana,2004,IN,303819.8,SAGDP9N,1,30657,5.4,IN,0.166173395105852,0.282442552657429,0.00282442552657429,0.255937551255759,-0.4983454,,,,,,,,,,,,,,,,,,1,0,1,Hawes/Compton 3-year moving-average social-capital index; contiguous 48 states,,,
Indiana,2005,IN,306344.6,SAGDP9N,1,31376,5.3917,IN,-0.0541770146302409,0.28717204331072,0.0028717204331072,-0.198282995759971,-0.22396094,,,,,,,,,,,,,,,,,,1,0,1,Hawes/Compton 3-year moving-average social-capital index; contiguous 48 states,,,
Indiana,2006,IN,312525.5,SAGDP9N,1,32905,5,IN,0.223779059104485,0.288780545286718,0.00288780545286718,0.0817406810281966,-0.24934939,,,,,,,,,,,,,,,,,,1,0,1,Hawes/Compton 3-year moving-average social-capital index; contiguous 48 states,0.432,B19083_001E,ACS1
Indiana,2007,IN,322661.7,SAGDP9N,1,33845,4.625,IN,0.1437267056652,0.284604041516869,0.00284604041516869,-0.147920058412453,-0.3508891,,,,,,,,,,,,,,,,,,1,0,1,Hawes/Compton 3-year moving-average social-capital index; contiguous 48 states,0.429,B19083_001E,ACS1
Indiana,2008,IN,322384.3,SAGDP9N,1,35270,5.9417,IN,-0.111196904474829,0.284503736325491,0.00284503736325491,-0.281200449881884,-0.24967326,,,,,,,,,,,,,,,,,,1,0,1,Hawes/Compton 3-year moving-average social-capital index; contiguous 48 states,0.437,B19083_001E,ACS1
Indiana,2009,IN,299789.0,SAGDP9N,1,34200,10.4333,IN,-0.101041654016092,0.286094823024111,0.00286094823024111,-0.260712760035286,-0.18158159,,,,,,,,,,,,,,,,,,1,0,1,Hawes/Compton 3-year moving-average social-capital index; contiguous 48 states,0.434,B19083_001E,ACS1
Indiana,2010,IN,320731.8,SAGDP9N,1,35590,10.0833,IN,-0.10068280118021,0.283096977363874,0.00283096977363874,-0.439657571729715,-0.11932529,,,,,,,,,,,,,,,,,,1,0,1,Hawes/Compton 3-year moving-average social-capital index; contiguous 48 states,0.44,B19083_001E,ACS1
Indiana,2011,IN,321532.8,SAGDP9N,1,37681,8.9083,IN,-0.0975271252491173,0.283040614544144,0.00283040614544144,-0.44799036981912,,,,,,,,,,,,,,,,,,,0,0,0,,0.4461,B19083_001E,ACS1
Indiana,2012,IN,323876.2,SAGDP9N,1,39148,8.225,IN,-1.42253486545059,0.28572839391461,0.0028572839391461,-0.849767552051938,,,,,,,,,,,,,,,,,,,0,0,0,,0.4417,B19083_001E,ACS1
Indiana,2013,IN,333207.4,SAGDP9N,1,39435,7.5,IN,-1.41534596015557,0.283572576513032,0.00283572576513032,-0.879156370596523,,,,,,,,,,,,,,,,,,,0,0,0,,0.4554,B19083_001E,ACS1
Indiana,2014,IN,343827.8,SAGDP9N,1,40719,5.95,IN,-1.66414021856807,0.28747767031894,0.0028747767031894,-0.886322969464632,,,,,,,,,,,,,,,,,,,0,0,0,,0.4455,B19083_001E,ACS1
Indiana,2015,IN,341205.2,SAGDP9N,1,42146,4.7833,IN,-1.66019734421976,0.283286935816432,0.00283286935816432,-0.886322969464632,,,,,,,,,,,,,,,,,,,0,0,0,,0.4519,B19083_001E,ACS1
Indiana,2016,IN,348439.2,SAGDP9N,1,43143,4.3667,IN,-1.60468877136266,0.28555401220642,0.0028555401220642,-0.770336199096471,,,,,,,,,,,,,,,,,,,0,0,0,,0.4527,B19083_001E,ACS1
Indiana,2017,IN,357535.8,SAGDP9N,1,44568,3.4917,IN,-1.47478486711944,0.280325734483097,0.00280325734483097,-0.541025248523516,,0.34935118,0.34313581,0.54489765,0.5252824,0.97637577,0.75391825,0.9130752,0.7294562,0.3179778,0.2607636,0.5676763,0.1296524,0.0947925,0.1146068,0.184707,0.1215896,,0,1,1,CPS CEV observed state rates; separate modern indicators; not spliced to Hawes index,0.4497,B19083_001E,ACS1
Indiana,2018,IN,368762.9,SAGDP9N,1,46555,3.4333,IN,-1.58539120925519,0.287675959209995,0.00287675959209995,-0.801106386595872,,,,,,,,,,,,,,,,,,,0,0,0,,0.4511,B19083_001E,ACS1
Indiana,2019,IN,370507.2,SAGDP9N,1,48270,3.3083,IN,-1.5560401833242,0.28322418739442,0.0028322418739442,-0.571795436022918,,0.34022085,0.32731028,0.50616598,0.55286978,0.95992703,0.71382479,0.83061006,0.68561716,0.27970098,0.19854521,0.48677076,0.1036507,0.05770026,0.09599642,0.18336101,0.15799587,,0,1,1,CPS CEV observed state rates; separate modern indicators; not spliced to Hawes index,0.4584,B19083_001E,ACS1
Indiana,2020,IN,359787.3,SAGDP9N,1,51736,7.35,IN,-1.7618999546587,0.286244803833986,0.00286244803833986,-0.591296722266832,,,,,,,,,,,,,,,,,,,0,0,0,,,,
Indiana,2021,IN,387122.0,SAGDP9N,1,57254,3.9167,IN,-1.6813055840407,0.279554400175626,0.00279554400175626,-0.361985771693878,,0.27577933,0.29415511,0.52161211,0.52183255,0.98686974,0.7171472,0.83331594,0.69529293,0.29428383,0.21228987,0.62180048,0.1051025,0.08071895,0.0830913,0.1728152,0.17778404,0.40701163,0,1,1,CPS CEV observed state rates; separate modern indicators; not spliced to Hawes index,0.448,B19083_001E,ACS1
Indiana,2022,IN,399280.8,SAGDP9N,1,58867,3.0667,IN,-1.44668887380285,0.284520428521864,0.00284520428521864,-0.349908298330022,,,,,,,,,,,,,,,,,,,0,0,0,,0.4561,B19083_001E,ACS1
Indiana,2023,IN,404290.3,SAGDP9N,1,61083,3.3417,IN,-1.45008103950263,0.279413273608227,0.00279413273608227,-0.349908298330022,,0.3311045,0.2747553,0.4921511,0.5537536,0.9697555,0.7099258,0.7817834,0.6586375,0.2623498,0.1798266,0.4848908,0.091741,0.0425772,0.0763925,0.226217,0.1790207,0.4819412,0,1,1,CPS CEV observed state rates; separate modern indicators; not spliced to Hawes index,0.4536,B19083_001E,ACS1
Iowa,2000,IA,129323.4,SAGDP9N,1,27341,2.6833,IA,0.803701925050113,0.281300836883036,0.00281300836883036,0.484611003042043,1.0548084,,,,,,,,,,,,,,,,,,1,0,1,Hawes/Compton 3-year moving-average social-capital index; contiguous 48 states,,,
Iowa,2001,IA,128077.5,SAGDP9N,1,28145,3.325,IA,0.811696508679354,0.282699896886033,0.00282699896886033,0.514828070262529,0.94996554,,,,,,,,,,,,,,,,,,1,0,1,Hawes/Compton 3-year moving-average social-capital index; contiguous 48 states,,,
Iowa,2002,IA,131035.2,SAGDP9N,1,28804,4,IA,1.08675398739376,0.283063775599711,0.00283063775599711,0.731409693567762,0.7631562,,,,,,,,,,,,,,,,,,1,0,1,Hawes/Compton 3-year moving-average social-capital index; contiguous 48 states,,,
Iowa,2003,IA,137476.9,SAGDP9N,1,29344,4.45,IA,1.08516454101314,0.284731293391306,0.00284731293391306,0.739300661037114,0.775194,,,,,,,,,,,,,,,,,,1,0,1,Hawes/Compton 3-year moving-average social-capital index; contiguous 48 states,,,
Iowa,2004,IA,149063.2,SAGDP9N,1,31615,4.525,IA,1.17744592623795,0.286230587388118,0.00286230587388118,0.819556411092744,0.62226737,,,,,,,,,,,,,,,,,,1,0,1,Hawes/Compton 3-year moving-average social-capital index; contiguous 48 states,,,
Iowa,2005,IA,153626.8,SAGDP9N,1,32411,4.2917,IA,1.20683871302216,0.281747643120071,0.00281747643120071,0.933144017763442,1.016365,,,,,,,,,,,,,,,,,,1,0,1,Hawes/Compton 3-year moving-average social-capital index; contiguous 48 states,,,
Iowa,2006,IA,155704.5,SAGDP9N,1,34197,3.7,IA,1.09208592267496,0.281722763907559,0.00281722763907559,0.561872868992143,1.387748,,,,,,,,,,,,,,,,,,1,0,1,Hawes/Compton 3-year moving-average social-capital index; contiguous 48 states,0.424,B19083_001E,ACS1
Iowa,2007,IA,162838.1,SAGDP9N,1,36366,3.7167,IA,1.22961789785449,0.283965094737733,0.00283965094737733,1.00660791113733,1.1548764,,,,,,,,,,,,,,,,,,1,0,1,Hawes/Compton 3-year moving-average social-capital index; contiguous 48 states,0.426,B19083_001E,ACS1
Iowa,2008,IA,160469.1,SAGDP9N,1,38490,4.1833,IA,1.37258095454962,0.281899640358621,0.00281899640358621,1.01913772342084,0.90205324,,,,,,,,,,,,,,,,,,1,0,1,Hawes/Compton 3-year moving-average social-capital index; contiguous 48 states,0.428,B19083_001E,ACS1
Iowa,2009,IA,156737.2,SAGDP9N,1,37246,6.4,IA,1.35571447033189,0.284301973847354,0.00284301973847354,0.985361121028415,1.0169079,,,,,,,,,,,,,,,,,,1,0,1,Hawes/Compton 3-year moving-average social-capital index; contiguous 48 states,0.431,B19083_001E,ACS1
Iowa,2010,IA,161593.1,SAGDP9N,1,38190,6.1167,IA,1.2849139388462,0.28559479843083,0.0028559479843083,1.04391878298166,0.97393554,,,,,,,,,,,,,,,,,,1,0,1,Hawes/Compton 3-year moving-average social-capital index; contiguous 48 states,0.427,B19083_001E,ACS1
Iowa,2011,IA,164559.3,SAGDP9N,1,40879,5.65,IA,1.26567404442473,0.282762393248707,0.00282762393248707,0.915425038931273,,,,,,,,,,,,,,,,,,,0,0,0,,0.434,B19083_001E,ACS1
Iowa,2012,IA,170923.7,SAGDP9N,1,42539,5.0583,IA,1.07439698193558,0.283645032848943,0.00283645032848943,1.00851145749914,,,,,,,,,,,,,,,,,,,0,0,0,,0.4328,B19083_001E,ACS1
Iowa,2013,IA,171069.1,SAGDP9N,1,43009,4.725,IA,1.06369850822421,0.284876641254558,0.00284876641254558,1.00288211760187,,,,,,,,,,,,,,,,,,,0,0,0,,0.4429,B19083_001E,ACS1
Iowa,2014,IA,180309.9,SAGDP9N,1,44120,4.225,IA,1.10183833075925,0.288466673345955,0.00288466673345955,1.06631277730238,,,,,,,,,,,,,,,,,,,0,0,0,,0.4433,B19083_001E,ACS1
Iowa,2015,IA,185989.2,SAGDP9N,1,45442,3.6917,IA,1.1034617712877,0.284757625170947,0.00284757625170947,1.06631277730238,,,,,,,,,,,,,,,,,,,0,0,0,,0.4393,B19083_001E,ACS1
Iowa,2016,IA,186729.9,SAGDP9N,1,45669,3.575,IA,0.956313345577806,0.283603812048295,0.00283603812048295,1.10965657495731,,,,,,,,,,,,,,,,,,,0,0,0,,0.4451,B19083_001E,ACS1
Iowa,2017,IA,187125.0,SAGDP9N,1,46767,3.0583,IA,0.817659217169743,0.281661975965552,0.00281661975965552,0.880345624384357,,0.41530143,0.36337666,0.53525509,0.56688778,0.98082909,0.77646143,0.9048751,0.7371912,0.3321877,0.2440435,0.4142083,0.1681613,0.0684564,0.1341312,0.2487875,0.1551503,,0,1,1,CPS CEV observed state rates; separate modern indicators; not spliced to Hawes index,0.4381,B19083_001E,ACS1
Iowa,2018,IA,189245.1,SAGDP9N,1,48773,2.575,IA,0.859664817521324,0.283517710813593,0.00283517710813593,1.17904081588932,,,,,,,,,,,,,,,,,,,0,0,0,,0.4413,B19083_001E,ACS1
Iowa,2019,IA,188471.4,SAGDP9N,1,49674,2.6583,IA,0.782058386734067,0.284157602000005,0.00284157602000005,0.949729865316363,,0.33122758,0.31785856,0.53522066,0.56607054,0.97912057,0.73227105,0.91236085,0.66621188,0.28634098,0.17673944,0.56107153,0.12392003,0.06437068,0.1164171,0.22415909,0.14086313,,0,1,1,CPS CEV observed state rates; separate modern indicators; not spliced to Hawes index,0.4422,B19083_001E,ACS1
Iowa,2020,IA,186328.2,SAGDP9N,1,52621,5.2,IA,1.08987717831705,0.283748275155028,0.00283748275155028,1.46689217909395,,,,,,,,,,,,,,,,,,,0,0,0,,,,
Iowa,2021,IA,201147.1,SAGDP9N,1,58195,3.85,IA,1.09058494371077,0.280260947964232,0.00280260947964232,1.46689217909395,,0.29927423,0.28692344,0.58219576,0.60267107,0.95300226,0.75655015,0.88578956,0.72493729,0.34442465,0.2652652,0.55132486,0.11555719,0.08355186,0.11488531,0.19970883,0.17919618,0.44953143,0,1,1,CPS CEV observed state rates; separate modern indicators; not spliced to Hawes index,0.4489,B19083_001E,ACS1
Iowa,2022,IA,201580.4,SAGDP9N,1,61515,2.8083,IA,0.36026076505325,0.281368501597604,0.00281368501597604,1.06862754867707,,,,,,,,,,,,,,,,,,,0,0,0,,0.4514,B19083_001E,ACS1
Iowa,2023,IA,202051.4,SAGDP9N,1,62557,2.9583,IA,0.381288363781356,0.284645203642658,0.00284645203642658,1.18328302396355,,0.354776,0.2619836,0.5010436,0.6331382,0.9705474,0.7466364,0.8148581,0.6545656,0.3333996,0.1852262,0.5177952,0.0826348,0.0770676,0.1027764,0.1943748,0.1997588,0.4640196,0,1,1,CPS CEV observed state rates; separate modern indicators; not spliced to Hawes index,0.4464,B19083_001E,ACS1
Kansas,2000,KS,118840.9,SAGDP9N,1,28166,3.775,KS,-0.137488734800043,0.281219227907892,0.00281219227907892,-0.631463210224281,0.5324404,,,,,,,,,,,,,,,,,,1,0,1,Hawes/Compton 3-year moving-average social-capital index; contiguous 48 states,,,
Kansas,2001,KS,119474.1,SAGDP9N,1,29047,4.2667,KS,-0.13595468721127,0.285889284117673,0.00285889284117673,-0.645930540171508,0.8539755,,,,,,,,,,,,,,,,,,1,0,1,Hawes/Compton 3-year moving-average social-capital index; contiguous 48 states,,,
Kansas,2002,KS,121050.5,SAGDP9N,1,29218,5.0833,KS,0.277461626248278,0.287197678506345,0.00287197678506345,-0.337308461975336,1.0807765,,,,,,,,,,,,,,,,,,1,0,1,Hawes/Compton 3-year moving-average social-capital index; contiguous 48 states,,,
Kansas,2003,KS,123486.7,SAGDP9N,1,30029,5.55,KS,0.278984353649071,0.286029042299611,0.00286029042299611,-0.345537131023584,0.6827404,,,,,,,,,,,,,,,,,,1,0,1,Hawes/Compton 3-year moving-average social-capital index; contiguous 48 states,,,
Kansas,2004,KS,124793.2,SAGDP9N,1,30748,5.5083,KS,0.105192409356235,0.284827986435024,0.00284827986435024,-0.36359192084428,0.59226674,,,,,,,,,,,,,,,,,,1,0,1,Hawes/Compton 3-year moving-average social-capital index; contiguous 48 states,,,
Kansas,2005,KS,129588.2,SAGDP9N,1,32340,5.0667,KS,0.100391520819137,0.283927153517909,0.00283927153517909,-0.361676422232735,0.83708924,,,,,,,,,,,,,,,,,,1,0,1,Hawes/Compton 3-year moving-average social-capital index; contiguous 48 states,,,
Kansas,2006,KS,136135.8,SAGDP9N,1,35411,4.425,KS,0.127135935328253,0.285860806962989,0.00285860806962989,-0.453201407241774,-0.007862959,,,,,,,,,,,,,,,,,,1,0,1,Hawes/Compton 3-year moving-average social-capital index; contiguous 48 states,0.441,B19083_001E,ACS1
Kansas,2007,KS,143586.6,SAGDP9N,1,37748,4.2333,KS,0.120424646069158,0.283850810564074,0.00283850810564074,-0.456677015925096,-0.0017861257,,,,,,,,,,,,,,,,,,1,0,1,Hawes/Compton 3-year moving-average social-capital index; contiguous 48 states,0.444,B19083_001E,ACS1
Kansas,2008,KS,147265.0,SAGDP9N,1,41060,4.6083,KS,-0.00418995416141838,0.286780745935465,0.00286780745935465,-0.345787065129592,0.018705947,,,,,,,,,,,,,,,,,,1,0,1,Hawes/Compton 3-year moving-average social-capital index; contiguous 48 states,0.442,B19083_001E,ACS1
Kansas,2009,KS,141902.5,SAGDP9N,1,39382,6.8917,KS,0.0130533010280074,0.283115658384918,0.00283115658384918,-0.333872252909179,0.50514984,,,,,,,,,,,,,,,,,,1,0,1,Hawes/Compton 3-year moving-average social-capital index; contiguous 48 states,0.444,B19083_001E,ACS1
Kansas,2010,KS,143870.1,SAGDP9N,1,39821,6.9333,KS,0.12489032707571,0.285670734310961,0.00285670734310961,0.132616485558899,0.5708638,,,,,,,,,,,,,,,,,,1,0,1,Hawes/Compton 3-year moving-average social-capital index; contiguous 48 states,0.445,B19083_001E,ACS1
Kansas,2011,KS,147836.8,SAGDP9N,1,42889,6.3833,KS,-0.0891168698497244,0.284223394776641,0.00284223394776641,-0.331031695086736,,,,,,,,,,,,,,,,,,,0,0,0,,0.4442,B19083_001E,ACS1
Kansas,2012,KS,150077.1,SAGDP9N,1,44913,5.7167,KS,-0.309027542224241,0.286319128221016,0.00286319128221016,-0.569300135198436,,,,,,,,,,,,,,,,,,,0,0,0,,0.4496,B19083_001E,ACS1
Kansas,2013,KS,150702.9,SAGDP9N,1,45669,5.3,KS,-0.316404688911748,0.280798195941888,0.00280798195941888,-0.5302625335745,,,,,,,,,,,,,,,,,,,0,0,0,,0.4589,B19083_001E,ACS1
Kansas,2014,KS,154110.1,SAGDP9N,1,46289,4.5083,KS,-0.407575802989198,0.276010440502208,0.00276010440502208,-0.642650154791242,,,,,,,,,,,,,,,,,,,0,0,0,,0.4597,B19083_001E,ACS1
Kansas,2015,KS,158602.6,SAGDP9N,1,46597,4.15,KS,-0.400450649572868,0.282083411880037,0.00282083411880037,-0.642650154791242,,,,,,,,,,,,,,,,,,,0,0,0,,0.4596,B19083_001E,ACS1
Kansas,2016,KS,164643.7,SAGDP9N,1,46717,4.0167,KS,0.116813800758423,0.282179966459127,0.00282179966459127,-0.310165322644728,,,,,,,,,,,,,,,,,,,0,0,0,,0.455,B19083_001E,ACS1
Kansas,2017,KS,166273.6,SAGDP9N,1,48271,3.6167,KS,0.252744471766229,0.283766324605339,0.00283766324605339,-0.0808543720717738,,0.36546181,0.32464407,0.65116849,0.54075753,0.98842573,0.78218894,0.8805324,0.7220609,0.306469,0.1985297,0.5191072,0.1329367,0.0979184,0.1188654,0.2451161,0.1623082,,0,1,1,CPS CEV observed state rates; separate modern indicators; not spliced to Hawes index,0.4539,B19083_001E,ACS1
Kansas,2018,KS,169796.9,SAGDP9N,1,50282,3.3583,KS,0.177484088042923,0.285636042426523,0.00285636042426523,-0.351429187020838,,,,,,,,,,,,,,,,,,,0,0,0,,0.4633,B19083_001E,ACS1
Kansas,2019,KS,169562.3,SAGDP9N,1,52156,3.1583,KS,0.182283056802415,0.283962249997371,0.00283962249997371,-0.274992203496519,,0.33986693,0.35309939,0.59855519,0.58613764,0.97907038,0.74988763,0.86937294,0.68141223,0.26728222,0.20099732,0.51560791,0.13176145,0.08254519,0.11400486,0.20680385,0.18984339,,0,1,1,CPS CEV observed state rates; separate modern indicators; not spliced to Hawes index,0.45,B19083_001E,ACS1
Kansas,2020,KS,168056.8,SAGDP9N,1,55100,5.8167,KS,0.240507502252275,0.284253860253389,0.00284253860253389,0.136645476131359,,,,,,,,,,,,,,,,,,,0,0,0,,,,
Kansas,2021,KS,172782.4,SAGDP9N,1,59013,3.35,KS,0.23743117182105,0.281471902219367,0.00281471902219367,0.136645476131359,,0.31538896,0.33411679,0.5400723,0.57602773,0.96439248,0.65929601,0.80951458,0.74228159,0.31008896,0.21729258,0.51893969,0.11878411,0.10217134,0.08352137,0.15469158,0.19021949,0.39275762,0,1,1,CPS CEV observed state rates; separate modern indicators; not spliced to Hawes index,0.4599,B19083_001E,ACS1
Kansas,2022,KS,177470.1,SAGDP9N,1,62313,2.625,KS,0.229097289661731,0.28162811437307,0.0028162811437307,0.199641250217432,,,,,,,,,,,,,,,,,,,0,0,0,,0.4632,B19083_001E,ACS1
Kansas,2023,KS,183795.6,SAGDP9N,1,65869,2.65,KS,0.227749829055482,0.28683978267613,0.0028683978267613,0.199641250217432,,0.3958573,0.3447054,0.5436128,0.5839795,0.9670317,0.7097895,0.8432988,0.6747369,0.2718151,0.1441977,0.5756234,0.1179036,0.0686941,0.1197777,0.205605,0.2418024,0.4586012,0,1,1,CPS CEV observed state rates; separate modern indicators; not spliced to Hawes index,0.4518,B19083_001E,ACS1
Kentucky,2000,KY,161101.0,SAGDP9N,1,24815,4.1417,KY,0.300903351032366,0.282935025919244,0.00282935025919244,-0.814705726089616,-0.5966758,,,,,,,,,,,,,,,,,,1,0,1,Hawes/Compton 3-year moving-average social-capital index; contiguous 48 states,,,
Kentucky,2001,KY,161316.4,SAGDP9N,1,25564,5.2083,KY,0.3097305830721,0.283475962752504,0.00283475962752504,-0.793603730460763,-0.58833456,,,,,,,,,,,,,,,,,,1,0,1,Hawes/Compton 3-year moving-average social-capital index; contiguous 48 states,,,
Kentucky,2002,KY,165435.3,SAGDP9N,1,26053,5.7917,KY,0.00337074263018416,0.283529885441203,0.00283529885441203,-0.994476533442371,-0.7146099,,,,,,,,,,,,,,,,,,1,0,1,Hawes/Compton 3-year moving-average social-capital index; contiguous 48 states,,,
Kentucky,2003,KY,170481.9,SAGDP9N,1,26661,6.1917,KY,0.0106199787889394,0.286069269763582,0.00286069269763582,-0.962218531667578,-0.70715386,,,,,,,,,,,,,,,,,,1,0,1,Hawes/Compton 3-year moving-average social-capital index; contiguous 48 states,,,
Kentucky,2004,KY,175344.6,SAGDP9N,1,28030,5.5,KY,-0.193487924358106,0.283844387044404,0.00283844387044404,-1.19018669892047,-1.0158132,,,,,,,,,,,,,,,,,,1,0,1,Hawes/Compton 3-year moving-average social-capital index; contiguous 48 states,,,
Kentucky,2005,KY,182017.9,SAGDP9N,1,29104,5.875,KY,-0.191966589247061,0.283832771041402,0.00283832771041402,-1.16850278398597,-1.4173043,,,,,,,,,,,,,,,,,,1,0,1,Hawes/Compton 3-year moving-average social-capital index; contiguous 48 states,,,
Kentucky,2006,KY,186332.6,SAGDP9N,1,30476,5.725,KY,-0.0109413889470316,0.283825620186316,0.00283825620186316,-0.98492818437077,-1.3604358,,,,,,,,,,,,,,,,,,1,0,1,Hawes/Compton 3-year moving-average social-capital index; contiguous 48 states,0.46,B19083_001E,ACS1
Kentucky,2007,KY,185790.0,SAGDP9N,1,31529,5.3667,KY,-0.0192582182933218,0.286471530128079,0.00286471530128079,-1.00624021273393,-1.2685738,,,,,,,,,,,,,,,,,,1,0,1,Hawes/Compton 3-year moving-average social-capital index; contiguous 48 states,0.465,B19083_001E,ACS1
Kentucky,2008,KY,186515.9,SAGDP9N,1,32830,6.525,KY,-0.199761483583374,0.283629108840882,0.00283629108840882,-1.08760167786552,-0.65975577,,,,,,,,,,,,,,,,,,1,0,1,Hawes/Compton 3-year moving-average social-capital index; contiguous 48 states,0.467,B19083_001E,ACS1
Kentucky,2009,KY,178112.8,SAGDP9N,1,32198,10.7667,KY,-0.185769938149252,0.279484066747099,0.00279484066747099,-1.0685221901673,-0.95963496,,,,,,,,,,,,,,,,,,1,0,1,Hawes/Compton 3-year moving-average social-capital index; contiguous 48 states,0.464,B19083_001E,ACS1
Kentucky,2010,KY,186720.6,SAGDP9N,1,33187,10.2667,KY,0.0373888673757106,0.282566802471485,0.00282566802471485,-0.976445445936128,-0.7940184,,,,,,,,,,,,,,,,,,1,0,1,Hawes/Compton 3-year moving-average social-capital index; contiguous 48 states,0.466,B19083_001E,ACS1
Kentucky,2011,KY,188389.8,SAGDP9N,1,34607,9.375,KY,0.0456368483143966,0.28577820447704,0.0028577820447704,-0.971691671967783,,,,,,,,,,,,,,,,,,,0,0,0,,0.4709,B19083_001E,ACS1
Kentucky,2012,KY,192060.1,SAGDP9N,1,35630,8.2,KY,0.0283062073518094,0.282402836385507,0.00282402836385507,-0.846263794439776,,,,,,,,,,,,,,,,,,,0,0,0,,0.4667,B19083_001E,ACS1
Kentucky,2013,KY,196698.0,SAGDP9N,1,35758,7.9167,KY,0.0263872573137817,0.287927360674656,0.00287927360674656,-0.826144913812169,,,,,,,,,,,,,,,,,,,0,0,0,,0.4721,B19083_001E,ACS1
Kentucky,2014,KY,196795.8,SAGDP9N,1,37225,6.4167,KY,-0.413255947224408,0.285554681980624,0.00285554681980624,-1.11618237319877,,,,,,,,,,,,,,,,,,,0,0,0,,0.4704,B19083_001E,ACS1
Kentucky,2015,KY,199487.1,SAGDP9N,1,38766,5.2333,KY,-0.414651119780494,0.284251738183641,0.00284251738183641,-1.11618237319877,,,,,,,,,,,,,,,,,,,0,0,0,,0.4781,B19083_001E,ACS1
Kentucky,2016,KY,201007.2,SAGDP9N,1,39319,5.0333,KY,-0.427338493113181,0.282556335512242,0.00282556335512242,-0.483599881573201,,,,,,,,,,,,,,,,,,,0,0,0,,0.4813,B19083_001E,ACS1
Kentucky,2017,KY,203564.0,SAGDP9N,1,40403,4.775,KY,-0.556866489268942,0.283811132254817,0.00283811132254817,-0.712910832146156,,0.28124294,0.25792049,0.50948549,0.51236584,0.9755437,0.74912813,0.8635527,0.6990833,0.3287755,0.2174517,0.5959595,0.113596,0.0558025,0.0921599,0.1589614,0.1194561,,0,1,1,CPS CEV observed state rates; separate modern indicators; not spliced to Hawes index,0.4784,B19083_001E,ACS1
Kentucky,2018,KY,205940.1,SAGDP9N,1,41658,4.2,KY,-0.349485494142103,0.286230600117365,0.00286230600117365,-0.339207108829269,,,,,,,,,,,,,,,,,,,0,0,0,,0.4787,B19083_001E,ACS1
Kentucky,2019,KY,211783.1,SAGDP9N,1,43466,4.0917,KY,-0.353529831489795,0.288553660381697,0.00288553660381697,-0.26277012530495,,0.2621657,0.22292474,0.45005949,0.53035611,0.94973971,0.7309359,0.76408786,0.5965841,0.30118871,0.19108117,0.53811223,0.09871976,0.06369135,0.07358862,0.17681849,0.11895585,,0,1,1,CPS CEV observed state rates; separate modern indicators; not spliced to Hawes index,0.4764,B19083_001E,ACS1
Kentucky,2020,KY,206049.6,SAGDP9N,1,47052,6.4667,KY,-1.0672584875809,0.283986298023322,0.00283986298023322,-0.382596939369422,,,,,,,,,,,,,,,,,,,0,0,0,,,,
Kentucky,2021,KY,215133.2,SAGDP9N,1,51769,4.4667,KY,-1.05224176381396,0.285010939074647,0.00285010939074647,-0.153285988796467,,0.22617792,0.20149304,0.44737321,0.51098844,0.96578694,0.70979831,0.83847457,0.70785151,0.30398207,0.21265617,0.66053682,0.08975766,0.0554423,0.05942973,0.12661171,0.15923537,0.37127954,0,1,1,CPS CEV observed state rates; separate modern indicators; not spliced to Hawes index,0.4757,B19083_001E,ACS1
Kentucky,2022,KY,219755.6,SAGDP9N,1,52615,4.025,KY,-1.16529009830565,0.285269572981801,0.00285269572981801,-0.316227171910312,,,,,,,,,,,,,,,,,,,0,0,0,,0.4845,B19083_001E,ACS1
Kentucky,2023,KY,224418.0,SAGDP9N,1,55063,4.1583,KY,-1.16695193336391,0.287368239113456,0.00287368239113456,-0.316227171910312,,0.2747921,0.2286845,0.4785626,0.5129475,0.9898289,0.6865567,0.7770633,0.6514941,0.3023778,0.2063319,0.5538096,0.093898,0.0673744,0.060027,0.1597311,0.1506155,0.4253424,0,1,1,CPS CEV observed state rates; separate modern indicators; not spliced to Hawes index,0.4759,B19083_001E,ACS1
Louisiana,2000,LA,206556.1,SAGDP9N,1,23907,5.15,LA,-0.605841396030815,0.282989921010632,0.00282989921010632,-1.08598581193175,-0.2483714,,,,,,,,,,,,,,,,,,1,0,1,Hawes/Compton 3-year moving-average social-capital index; contiguous 48 states,,,
Louisiana,2001,LA,210534.7,SAGDP9N,1,25630,5.6,LA,-0.609797295434776,0.28430567224303,0.0028430567224303,-1.04319645809096,-0.48532888,,,,,,,,,,,,,,,,,,1,0,1,Hawes/Compton 3-year moving-average social-capital index; contiguous 48 states,,,
Louisiana,2002,LA,214856.1,SAGDP9N,1,26281,5.9917,LA,-0.405778327872464,0.283641205943504,0.00283641205943504,-0.848937242718238,-0.47869965,,,,,,,,,,,,,,,,,,1,0,1,Hawes/Compton 3-year moving-average social-capital index; contiguous 48 states,,,
Louisiana,2003,LA,223576.0,SAGDP9N,1,26987,6.2833,LA,-0.394842708248931,0.279522656571422,0.00279522656571422,-0.811738866922184,-0.8854956,,,,,,,,,,,,,,,,,,1,0,1,Hawes/Compton 3-year moving-average social-capital index; contiguous 48 states,,,
Louisiana,2004,LA,234620.8,SAGDP9N,1,27983,5.7,LA,-0.438230721050903,0.283137072764215,0.00283137072764215,-0.837805664908972,-0.9999232,,,,,,,,,,,,,,,,,,1,0,1,Hawes/Compton 3-year moving-average social-capital index; contiguous 48 states,,,
Louisiana,2005,LA,249560.9,SAGDP9N,1,29970,7.0583,LA,-0.453981065777,0.283782182140123,0.00283782182140123,-0.930447509030123,-1.2141705,,,,,,,,,,,,,,,,,,1,0,1,Hawes/Compton 3-year moving-average social-capital index; contiguous 48 states,,,
Louisiana,2006,LA,247139.7,SAGDP9N,1,33627,4.1333,LA,-0.597571171985528,0.284708694732285,0.00284708694732285,-1.03095015230554,-1.3289975,,,,,,,,,,,,,,,,,,1,0,1,Hawes/Compton 3-year moving-average social-capital index; contiguous 48 states,0.475,B19083_001E,ACS1
Louisiana,2007,LA,234216.4,SAGDP9N,1,36208,4.0917,LA,-0.580822857689938,0.285897744405892,0.00285897744405892,-0.997197438190007,-1.1881876,,,,,,,,,,,,,,,,,,1,0,1,Hawes/Compton 3-year moving-average social-capital index; contiguous 48 states,0.478,B19083_001E,ACS1
Louisiana,2008,LA,237061.6,SAGDP9N,1,38328,4.6667,LA,-0.278871365769257,0.284240721190958,0.00284240721190958,-0.843737309116182,-1.1625222,,,,,,,,,,,,,,,,,,1,0,1,Hawes/Compton 3-year moving-average social-capital index; contiguous 48 states,0.477,B19083_001E,ACS1
Louisiana,2009,LA,241868.8,SAGDP9N,1,36803,6.7917,LA,-0.265598259824295,0.279931831783786,0.00279931831783786,-0.809822240707435,-0.8788332,,,,,,,,,,,,,,,,,,1,0,1,Hawes/Compton 3-year moving-average social-capital index; contiguous 48 states,0.473,B19083_001E,ACS1
Louisiana,2010,LA,253466.9,SAGDP9N,1,38067,7.5167,LA,-0.522491749369495,0.281177167449457,0.00281177167449457,-0.72799964616389,-0.88016266,,,,,,,,,,,,,,,,,,1,0,1,Hawes/Compton 3-year moving-average social-capital index; contiguous 48 states,0.475,B19083_001E,ACS1
Louisiana,2011,LA,241235.9,SAGDP9N,1,38966,7.4333,LA,-0.517768850512415,0.285038791867871,0.00285038791867871,-0.718679485952666,,,,,,,,,,,,,,,,,,,0,0,0,,0.4836,B19083_001E,ACS1
Louisiana,2012,LA,242416.8,SAGDP9N,1,40662,6.7667,LA,-0.632780863210345,0.285017493962391,0.00285017493962391,-0.667655373266359,,,,,,,,,,,,,,,,,,,0,0,0,,0.4859,B19083_001E,ACS1
Louisiana,2013,LA,236482.3,SAGDP9N,1,40996,6.4167,LA,-0.62265037413105,0.281487062107457,0.00281487062107457,-0.573000619384723,,,,,,,,,,,,,,,,,,,0,0,0,,0.4914,B19083_001E,ACS1
Louisiana,2014,LA,243042.9,SAGDP9N,1,42533,6.25,LA,-0.51425323332145,0.286890096680185,0.00286890096680185,-0.376011346324304,,,,,,,,,,,,,,,,,,,0,0,0,,0.4902,B19083_001E,ACS1
Louisiana,2015,LA,239584.1,SAGDP9N,1,42484,6.2917,LA,-0.5170152149382,0.281890483886127,0.00281890483886127,-0.376011346324304,,,,,,,,,,,,,,,,,,,0,0,0,,0.4909,B19083_001E,ACS1
Louisiana,2016,LA,235554.2,SAGDP9N,1,42132,6.0667,LA,-0.531365945830793,0.285252390056361,0.00285252390056361,-0.0471919953527363,,,,,,,,,,,,,,,,,,,0,0,0,,0.499,B19083_001E,ACS1
Louisiana,2017,LA,239830.7,SAGDP9N,1,43486,5.1083,LA,-0.398838853399036,0.285259915468308,0.00285259915468308,0.182118955220218,,0.25780475,0.21899219,0.45340704,0.50384227,0.97010959,0.72690595,0.8263981,0.6461491,0.3215135,0.1843754,0.5952672,0.0970793,0.0523127,0.0773329,0.1858504,0.0958368,,0,1,1,CPS CEV observed state rates; separate modern indicators; not spliced to Hawes index,0.4935,B19083_001E,ACS1
Louisiana,2018,LA,245220.3,SAGDP9N,1,45465,4.825,LA,-0.497170106523106,0.284871014421432,0.00284871014421432,-0.123686856159448,,,,,,,,,,,,,,,,,,,0,0,0,,0.4936,B19083_001E,ACS1
Louisiana,2019,LA,246674.4,SAGDP9N,1,47015,4.625,LA,-0.484910460985581,0.282798286401085,0.00282798286401085,0.029187110889189,,0.27778419,0.24092167,0.49955036,0.52502026,0.97208594,0.71696723,0.79991897,0.62679644,0.29149428,0.15531746,0.64611242,0.10332548,0.08078874,0.081548,0.19953995,0.08785965,,0,1,1,CPS CEV observed state rates; separate modern indicators; not spliced to Hawes index,0.4978,B19083_001E,ACS1
Louisiana,2020,LA,228951.3,SAGDP9N,1,50133,8.6917,LA,-0.505292694997775,0.285573347363845,0.00285573347363845,0.184733927973139,,,,,,,,,,,,,,,,,,,0,0,0,,,,
Louisiana,2021,LA,237839.2,SAGDP9N,1,54948,5.6,LA,-0.507627527554933,0.287002755261526,0.00287002755261526,0.184733927973139,,0.2190358,0.19594653,0.4176888,0.53415553,0.95862123,0.70433125,0.79209678,0.63409895,0.32135967,0.14942434,0.59543199,0.09129617,0.06583593,0.05664447,0.20139504,0.12622781,0.30463685,0,1,1,CPS CEV observed state rates; separate modern indicators; not spliced to Hawes index,0.4988,B19083_001E,ACS1
Louisiana,2022,LA,236854.1,SAGDP9N,1,55661,3.6333,LA,-0.404153903555553,0.285204350736201,0.00285204350736201,0.398552497812297,,,,,,,,,,,,,,,,,,,0,0,0,,0.4915,B19083_001E,ACS1
Louisiana,2023,LA,248615.5,SAGDP9N,1,58661,3.6417,LA,-0.463793060575336,0.286960496187199,0.00286960496187199,0.169241547239342,,0.2354244,0.1809529,0.42808,0.5151769,0.9362135,0.6408689,0.7015591,0.5848886,0.2907194,0.1591138,0.5968817,0.083493,0.0770982,0.0571435,0.220996,0.1124524,0.3641158,0,1,1,CPS CEV observed state rates; separate modern indicators; not spliced to Hawes index,0.4967,B19083_001E,ACS1
Maine,2000,ME,52958.5,SAGDP9N,1,27478,3.3333,ME,1.16295185909286,0.281923158140218,0.00281923158140218,1.27443158375699,0.62355804,,,,,,,,,,,,,,,,,,1,0,1,Hawes/Compton 3-year moving-average social-capital index; contiguous 48 states,,,
Maine,2001,ME,54066.2,SAGDP9N,1,28821,3.75,ME,1.16275726353249,0.284013187431,0.00284013187431,1.27917072945457,0.85607743,,,,,,,,,,,,,,,,,,1,0,1,Hawes/Compton 3-year moving-average social-capital index; contiguous 48 states,,,
Maine,2002,ME,55406.5,SAGDP9N,1,29546,4.4583,ME,1.49624264506806,0.286349991070821,0.00286349991070821,1.48237573502566,0.6315155,,,,,,,,,,,,,,,,,,1,0,1,Hawes/Compton 3-year moving-average social-capital index; contiguous 48 states,,,
Maine,2003,ME,56882.4,SAGDP9N,1,30740,5.15,ME,1.49442001640466,0.287473622710571,0.00287473622710571,1.48831661888472,0.5502542,,,,,,,,,,,,,,,,,,1,0,1,Hawes/Compton 3-year moving-average social-capital index; contiguous 48 states,,,
Maine,2004,ME,58934.8,SAGDP9N,1,32096,4.6583,ME,1.15729654133746,0.285415419704926,0.00285415419704926,1.30230617595295,0.9459431,,,,,,,,,,,,,,,,,,1,0,1,Hawes/Compton 3-year moving-average social-capital index; contiguous 48 states,,,
Maine,2005,ME,59589.7,SAGDP9N,1,32684,4.8917,ME,1.15741617686545,0.283629792909559,0.00283629792909559,1.31717557314656,1.3406622,,,,,,,,,,,,,,,,,,1,0,1,Hawes/Compton 3-year moving-average social-capital index; contiguous 48 states,,,
Maine,2006,ME,59986.0,SAGDP9N,1,34168,4.7167,ME,1.28251136739714,0.288309455163279,0.00288309455163279,1.22658010871716,1.5452769,,,,,,,,,,,,,,,,,,1,0,1,Hawes/Compton 3-year moving-average social-capital index; contiguous 48 states,0.428,B19083_001E,ACS1
Maine,2007,ME,60032.6,SAGDP9N,1,35402,4.6917,ME,1.27911045789299,0.281811901807513,0.00281811901807513,1.24019882943463,1.6071684,,,,,,,,,,,,,,,,,,1,0,1,Hawes/Compton 3-year moving-average social-capital index; contiguous 48 states,0.44,B19083_001E,ACS1
Maine,2008,ME,59845.1,SAGDP9N,1,36960,5.4,ME,1.46973631913366,0.285134596179859,0.00285134596179859,1.32389711553238,1.7921981,,,,,,,,,,,,,,,,,,1,0,1,Hawes/Compton 3-year moving-average social-capital index; contiguous 48 states,0.436,B19083_001E,ACS1
Maine,2009,ME,58771.8,SAGDP9N,1,37107,8.3917,ME,1.4740451155655,0.28370230933677,0.0028370230933677,1.31563648147808,2.2253163,,,,,,,,,,,,,,,,,,1,0,1,Hawes/Compton 3-year moving-average social-capital index; contiguous 48 states,0.432,B19083_001E,ACS1
Maine,2010,ME,59958.5,SAGDP9N,1,38018,8.4167,ME,1.52337346155834,0.284412710392622,0.00284412710392622,1.31228206827414,2.3042493,,,,,,,,,,,,,,,,,,1,0,1,Hawes/Compton 3-year moving-average social-capital index; contiguous 48 states,0.437,B19083_001E,ACS1
Maine,2011,ME,59429.7,SAGDP9N,1,39502,7.725,ME,1.52016417534316,0.288867453099486,0.00288867453099486,1.22944907416496,,,,,,,,,,,,,,,,,,,0,0,0,,0.4509,B19083_001E,ACS1
Maine,2012,ME,59181.7,SAGDP9N,1,39992,7.1917,ME,1.3228230412123,0.281838646430354,0.00281838646430354,1.22219712067589,,,,,,,,,,,,,,,,,,,0,0,0,,0.445,B19083_001E,ACS1
Maine,2013,ME,59013.9,SAGDP9N,1,39950,6.6833,ME,1.29778969139677,0.287840733177008,0.00287840733177008,1.23254405814617,,,,,,,,,,,,,,,,,,,0,0,0,,0.4532,B19083_001E,ACS1
Maine,2014,ME,59589.8,SAGDP9N,1,41137,5.5583,ME,1.34937845691636,0.285986476091404,0.00285986476091404,1.49891740588975,,,,,,,,,,,,,,,,,,,0,0,0,,0.4593,B19083_001E,ACS1
Maine,2015,ME,60563.0,SAGDP9N,1,42939,4.3833,ME,1.34434997100503,0.283602259456343,0.00283602259456343,1.49891740588975,,,,,,,,,,,,,,,,,,,0,0,0,,0.4523,B19083_001E,ACS1
Maine,2016,ME,62037.1,SAGDP9N,1,44234,3.775,ME,1.4332996086439,0.288574584175668,0.00288574584175668,1.54892042709717,,,,,,,,,,,,,,,,,,,0,0,0,,0.4519,B19083_001E,ACS1
Maine,2017,ME,63000.6,SAGDP9N,1,45905,3.3583,ME,1.30107480951902,0.287907335145101,0.00287907335145101,1.31960947652422,,0.38689002,0.34233387,0.5563046,0.56774533,0.99292028,0.79336898,0.9431545,0.8385802,0.4127558,0.2456646,0.6300678,0.2220638,0.1280125,0.1911995,0.2717165,0.1931795,,0,1,1,CPS CEV observed state rates; separate modern indicators; not spliced to Hawes index,0.4526,B19083_001E,ACS1
Maine,2018,ME,64806.3,SAGDP9N,1,47729,3.175,ME,1.33182183029869,0.28712642522442,0.0028712642522442,1.37725876957571,,,,,,,,,,,,,,,,,,,0,0,0,,0.4516,B19083_001E,ACS1
Maine,2019,ME,66758.4,SAGDP9N,1,49983,2.9083,ME,1.33959881566482,0.285600190304552,0.00285600190304552,1.60656972014866,,0.35695628,0.32972695,0.54248543,0.62138578,0.98411877,0.75233417,0.86568196,0.76245429,0.34873133,0.24841195,0.60598503,0.16201278,0.09201213,0.18442511,0.24493433,0.18466622,,0,1,1,CPS CEV observed state rates; separate modern indicators; not spliced to Hawes index,0.449,B19083_001E,ACS1
Maine,2020,ME,67410.9,SAGDP9N,1,54295,5.1167,ME,0.967721852580749,0.288249733772476,0.00288249733772476,1.91420458294192,,,,,,,,,,,,,,,,,,,0,0,0,,,,
Maine,2021,ME,71142.4,SAGDP9N,1,59168,4.6667,ME,0.964356186196894,0.28216216478186,0.0028216216478186,1.91420458294192,,0.34884062,0.38698686,0.53022464,0.65039238,0.9759434,0.76430847,0.89390777,0.78831917,0.3846516,0.2122764,0.61467448,0.17361045,0.10409593,0.19066729,0.23279294,0.25142793,0.39797294,0,1,1,CPS CEV observed state rates; separate modern indicators; not spliced to Hawes index,0.4663,B19083_001E,ACS1
Maine,2022,ME,73036.2,SAGDP9N,1,61620,2.85,ME,1.20495059525463,0.285399175798911,0.00285399175798911,2.40643898801865,,,,,,,,,,,,,,,,,,,0,0,0,,0.4601,B19083_001E,ACS1
Maine,2023,ME,75195.4,SAGDP9N,1,64922,2.8333,ME,1.21559990109513,0.283002482294282,0.00283002482294282,2.46376672566189,,0.3489662,0.3115403,0.5068201,0.6202756,0.9775603,0.7303666,0.8621936,0.7013593,0.3331522,0.1745242,0.5578518,0.1333032,0.0480925,0.1735775,0.278691,0.2675441,0.4502601,0,1,1,CPS CEV observed state rates; separate modern indicators; not spliced to Hawes index,0.4509,B19083_001E,ACS1
Maryland,2000,MD,269301.2,SAGDP9N,1,35480,3.5167,MD,0.384222973879262,0.286663780236327,0.00286663780236327,0.304047466561032,0.23695242,,,,,,,,,,,,,,,,,,1,0,1,Hawes/Compton 3-year moving-average social-capital index; contiguous 48 states,,,
Maryland,2001,MD,281053.6,SAGDP9N,1,37012,4.2083,MD,0.385318064971819,0.281975851391961,0.00281975851391961,0.311376124243925,-0.038138207,,,,,,,,,,,,,,,,,,1,0,1,Hawes/Compton 3-year moving-average social-capital index; contiguous 48 states,,,
Maryland,2002,MD,290400.3,SAGDP9N,1,37995,4.775,MD,0.284504257073882,0.284771846081338,0.00284771846081338,0.254794947884433,-0.09445297,,,,,,,,,,,,,,,,,,1,0,1,Hawes/Compton 3-year moving-average social-capital index; contiguous 48 states,,,
Maryland,2003,MD,297690.6,SAGDP9N,1,39295,4.8,MD,0.287844315029707,0.283222779089996,0.00283222779089996,0.253590788683821,0.017455213,,,,,,,,,,,,,,,,,,1,0,1,Hawes/Compton 3-year moving-average social-capital index; contiguous 48 states,,,
Maryland,2004,MD,311504.8,SAGDP9N,1,41515,4.6167,MD,0.0112441731330065,0.284296874395274,0.00284296874395274,0.0378298617120504,0.1912562,,,,,,,,,,,,,,,,,,1,0,1,Hawes/Compton 3-year moving-average social-capital index; contiguous 48 states,,,
Maryland,2005,MD,325644.5,SAGDP9N,1,43311,4.475,MD,0.00588985087005871,0.28368861591289,0.0028368861591289,0.0252555624941,0.37171474,,,,,,,,,,,,,,,,,,1,0,1,Hawes/Compton 3-year moving-average social-capital index; contiguous 48 states,,,
Maryland,2006,MD,329874.0,SAGDP9N,1,45293,4.175,MD,0.082221963647901,0.284076377575309,0.00284076377575309,0.0184055921079061,0.22385907,,,,,,,,,,,,,,,,,,1,0,1,Hawes/Compton 3-year moving-average social-capital index; contiguous 48 states,0.433,B19083_001E,ACS1
Maryland,2007,MD,331763.5,SAGDP9N,1,47033,3.7333,MD,0.116402091873027,0.288479447610053,0.00288479447610053,0.153056389187599,0.25022498,,,,,,,,,,,,,,,,,,1,0,1,Hawes/Compton 3-year moving-average social-capital index; contiguous 48 states,0.442,B19083_001E,ACS1
Maryland,2008,MD,338165.4,SAGDP9N,1,49026,4.525,MD,0.102273361518003,0.282284557585472,0.00282284557585472,0.173757730121134,0.24013533,,,,,,,,,,,,,,,,,,1,0,1,Hawes/Compton 3-year moving-average social-capital index; contiguous 48 states,0.438,B19083_001E,ACS1
Maryland,2009,MD,336285.8,SAGDP9N,1,48448,7.55,MD,0.100430469594535,0.28639591388709,0.0028639591388709,0.180802196360564,0.4278672,,,,,,,,,,,,,,,,,,1,0,1,Hawes/Compton 3-year moving-average social-capital index; contiguous 48 states,0.448,B19083_001E,ACS1
Maryland,2010,MD,352622.9,SAGDP9N,1,49616,7.825,MD,0.518332480479286,0.286726001606712,0.00286726001606712,0.569045904369442,0.43769956,,,,,,,,,,,,,,,,,,1,0,1,Hawes/Compton 3-year moving-average social-capital index; contiguous 48 states,0.443,B19083_001E,ACS1
Maryland,2011,MD,360155.9,SAGDP9N,1,51797,7.3167,MD,0.513066268340454,0.283120563185947,0.00283120563185947,0.560451173402461,,,,,,,,,,,,,,,,,,,0,0,0,,0.4466,B19083_001E,ACS1
Maryland,2012,MD,361561.8,SAGDP9N,1,52481,6.8667,MD,0.225250004609561,0.282347504342966,0.00282347504342966,0.681195094334158,,,,,,,,,,,,,,,,,,,0,0,0,,0.4473,B19083_001E,ACS1
Maryland,2013,MD,364633.2,SAGDP9N,1,51871,6.5167,MD,0.259895359596622,0.282429766256531,0.00282429766256531,0.912773223920813,,,,,,,,,,,,,,,,,,,0,0,0,,0.4555,B19083_001E,ACS1
Maryland,2014,MD,370343.9,SAGDP9N,1,53075,5.7333,MD,0.223825188729879,0.290593230023099,0.00290593230023099,0.955534092626256,,,,,,,,,,,,,,,,,,,0,0,0,,0.4491,B19083_001E,ACS1
Maryland,2015,MD,378745.9,SAGDP9N,1,55032,4.9917,MD,0.223533203313083,0.284073797671413,0.00284073797671413,0.955534092626256,,,,,,,,,,,,,,,,,,,0,0,0,,0.4524,B19083_001E,ACS1
Maryland,2016,MD,391950.9,SAGDP9N,1,56606,4.2917,MD,0.12582029100724,0.279182698257947,0.00279182698257947,1.07575086780617,,,,,,,,,,,,,,,,,,,0,0,0,,0.4499,B19083_001E,ACS1
Maryland,2017,MD,399714.5,SAGDP9N,1,58245,4,MD,0.121239729370515,0.285895734891533,0.00285895734891533,1.07575086780617,,0.36292874,0.32814127,0.58321813,0.52023232,0.96854261,0.75386306,0.8869296,0.7986631,0.3589434,0.2560599,0.6001404,0.1425481,0.12156,0.1227329,0.2452266,0.2093233,,0,1,1,CPS CEV observed state rates; separate modern indicators; not spliced to Hawes index,0.453,B19083_001E,ACS1
Maryland,2018,MD,402480.9,SAGDP9N,1,59915,3.8167,MD,-0.444974581619481,0.282492056793777,0.00282492056793777,0.838485269537757,,,,,,,,,,,,,,,,,,,0,0,0,,0.4543,B19083_001E,ACS1
Maryland,2019,MD,402506.2,SAGDP9N,1,61723,3.375,MD,-0.315823760859041,0.284261168090829,0.00284261168090829,1.4499811377323,,0.34009924,0.31575205,0.59318532,0.56696801,0.97900681,0.75445201,0.87845992,0.79307426,0.34715609,0.19302727,0.61194644,0.11348295,0.07249035,0.14057282,0.28672013,0.1943536,,0,1,1,CPS CEV observed state rates; separate modern indicators; not spliced to Hawes index,0.4558,B19083_001E,ACS1
Maryland,2020,MD,388782.8,SAGDP9N,1,64840,6.4667,MD,-0.389158755786935,0.284140377200149,0.00284140377200149,1.70831999576724,,,,,,,,,,,,,,,,,,,0,0,0,,,,
Maryland,2021,MD,406953.1,SAGDP9N,1,69032,5.225,MD,-0.390549446059672,0.28050771561171,0.0028050771561171,1.70831999576724,,0.23654208,0.25228275,0.47359515,0.4933578,0.93757815,0.69692118,0.81918779,0.74828229,0.33132651,0.21775243,0.53360113,0.11266653,0.10961716,0.07481676,0.19297783,0.21244761,0.47433025,0,1,1,CPS CEV observed state rates; separate modern indicators; not spliced to Hawes index,0.4631,B19083_001E,ACS1
Maryland,2022,MD,416406.2,SAGDP9N,1,71013,2.9833,MD,-0.268954604793783,0.286571865060848,0.00286571865060848,1.83924075257387,,,,,,,,,,,,,,,,,,,0,0,0,,0.4589,B19083_001E,ACS1
Maryland,2023,MD,422866.3,SAGDP9N,1,74945,2.1,MD,-0.266679243819904,0.286071826692684,0.00286071826692684,1.83924075257387,,0.3283893,0.3095643,0.568483,0.5556601,0.982857,0.7445281,0.8431816,0.7307475,0.3422718,0.1989562,0.5977637,0.0786609,0.0958266,0.1048329,0.2777651,0.1741371,0.493873,0,1,1,CPS CEV observed state rates; separate modern indicators; not spliced to Hawes index,0.4561,B19083_001E,ACS1
Massachusetts,2000,MA,382599.6,SAGDP9N,1,38381,2.8167,MA,0.00348433216063723,0.284883685601912,0.00284883685601912,-0.391402157765249,1.3070201,,,,,,,,,,,,,,,,,,1,0,1,Hawes/Compton 3-year moving-average social-capital index; contiguous 48 states,,,
Massachusetts,2001,MA,388180.8,SAGDP9N,1,39711,3.7833,MA,0.00602464649384551,0.28322044767795,0.0028322044767795,-0.386717269087079,1.3255246,,,,,,,,,,,,,,,,,,1,0,1,Hawes/Compton 3-year moving-average social-capital index; contiguous 48 states,,,
Massachusetts,2002,MA,388451.6,SAGDP9N,1,39419,5.2167,MA,-0.0183866417425307,0.284532024892869,0.00284532024892869,-0.419438523805214,1.2117466,,,,,,,,,,,,,,,,,,1,0,1,Hawes/Compton 3-year moving-average social-capital index; contiguous 48 states,,,
Massachusetts,2003,MA,397069.9,SAGDP9N,1,40158,5.7333,MA,0.000421047373859574,0.281280941802854,0.00281280941802854,-0.29289662846469,0.9659399,,,,,,,,,,,,,,,,,,1,0,1,Hawes/Compton 3-year moving-average social-capital index; contiguous 48 states,,,
Massachusetts,2004,MA,407886.0,SAGDP9N,1,42242,5.1083,MA,0.171152242734186,0.28752879994823,0.0028752879994823,-0.205797502643567,0.47937775,,,,,,,,,,,,,,,,,,1,0,1,Hawes/Compton 3-year moving-average social-capital index; contiguous 48 states,,,
Massachusetts,2005,MA,417075.6,SAGDP9N,1,44061,4.8,MA,0.163636839532038,0.28565395094576,0.0028565395094576,-0.196232381735887,0.37645856,,,,,,,,,,,,,,,,,,1,0,1,Hawes/Compton 3-year moving-average social-capital index; contiguous 48 states,,,
Massachusetts,2006,MA,426926.1,SAGDP9N,1,47311,4.7,MA,0.431023255121589,0.287164909320911,0.00287164909320911,-0.152379781176679,0.17153542,,,,,,,,,,,,,,,,,,1,0,1,Hawes/Compton 3-year moving-average social-capital index; contiguous 48 states,0.461,B19083_001E,ACS1
Massachusetts,2007,MA,440373.8,SAGDP9N,1,49662,4.5167,MA,0.445035639114297,0.284728780975926,0.00284728780975926,-0.116861308283669,0.31130633,,,,,,,,,,,,,,,,,,1,0,1,Hawes/Compton 3-year moving-average social-capital index; contiguous 48 states,0.467,B19083_001E,ACS1
Massachusetts,2008,MA,447526.8,SAGDP9N,1,51546,5.3333,MA,0.15960497732911,0.285000026540333,0.00285000026540333,-0.341809844915435,0.50270575,,,,,,,,,,,,,,,,,,1,0,1,Hawes/Compton 3-year moving-average social-capital index; contiguous 48 states,0.471,B19083_001E,ACS1
Massachusetts,2009,MA,441307.6,SAGDP9N,1,50751,8.075,MA,0.165391791273144,0.284420561233327,0.00284420561233327,-0.354082013607169,0.64904994,,,,,,,,,,,,,,,,,,1,0,1,Hawes/Compton 3-year moving-average social-capital index; contiguous 48 states,0.468,B19083_001E,ACS1
Massachusetts,2010,MA,462330.8,SAGDP9N,1,52707,8.0583,MA,0.315272643986477,0.283955909230368,0.00283955909230368,-0.298052721731012,0.7083583,,,,,,,,,,,,,,,,,,1,0,1,Hawes/Compton 3-year moving-average social-capital index; contiguous 48 states,0.475,B19083_001E,ACS1
Massachusetts,2011,MA,472664.3,SAGDP9N,1,54757,7.225,MA,0.308470284501236,0.285550905868679,0.00285550905868679,-0.305488564974117,,,,,,,,,,,,,,,,,,,0,0,0,,0.4771,B19083_001E,ACS1
Massachusetts,2012,MA,483286.3,SAGDP9N,1,56259,6.7,MA,0.335789513502446,0.28226206120508,0.0028226206120508,0.219154859536342,,,,,,,,,,,,,,,,,,,0,0,0,,0.4813,B19083_001E,ACS1
Massachusetts,2013,MA,486991.8,SAGDP9N,1,56119,6.6417,MA,0.318851656500056,0.280991338188822,0.00280991338188822,0.277657903691044,,,,,,,,,,,,,,,,,,,0,0,0,,0.4837,B19083_001E,ACS1
Massachusetts,2014,MA,496250.9,SAGDP9N,1,58129,5.7417,MA,-0.0594588397217958,0.284706021362661,0.00284706021362661,0.216773896075235,,,,,,,,,,,,,,,,,,,0,0,0,,0.4863,B19083_001E,ACS1
Massachusetts,2015,MA,514398.7,SAGDP9N,1,61536,4.7917,MA,-0.058311885827792,0.283032397815223,0.00283032397815223,0.216773896075235,,,,,,,,,,,,,,,,,,,0,0,0,,0.4848,B19083_001E,ACS1
Massachusetts,2016,MA,521662.8,SAGDP9N,1,63476,4.0417,MA,0.113643762220636,0.285249947711587,0.00285249947711587,0.862240085890435,,,,,,,,,,,,,,,,,,,0,0,0,,0.4786,B19083_001E,ACS1
Massachusetts,2017,MA,530129.4,SAGDP9N,1,66069,3.7917,MA,0.110171948442642,0.286201867771156,0.00286201867771156,0.862240085890435,,0.32564013,0.30474481,0.58029375,0.549903,0.98194503,0.80594141,0.9307097,0.7544061,0.3347727,0.1841889,0.5216451,0.1475448,0.1289343,0.1562453,0.223462,0.1662466,,0,1,1,CPS CEV observed state rates; separate modern indicators; not spliced to Hawes index,0.4851,B19083_001E,ACS1
Massachusetts,2018,MA,549262.1,SAGDP9N,1,69191,3.475,MA,0.419937058669399,0.280586209043998,0.00280586209043998,1.02509101730034,,,,,,,,,,,,,,,,,,,0,0,0,,0.4875,B19083_001E,ACS1
Massachusetts,2019,MA,566326.8,SAGDP9N,1,72381,3.025,MA,0.436831041215542,0.283170559156407,0.00283170559156407,1.25440196787329,,0.30675772,0.27856888,0.52574627,0.56046372,0.98202426,0.73056641,0.86519776,0.67108041,0.29832548,0.17234708,0.53930337,0.10544256,0.09440868,0.12448769,0.22623615,0.170836,,0,1,1,CPS CEV observed state rates; separate modern indicators; not spliced to Hawes index,0.4803,B19083_001E,ACS1
Massachusetts,2020,MA,559765.0,SAGDP9N,1,77470,9.375,MA,0.586998943550603,0.2861168805832,0.002861168805832,2.03499461436942,,,,,,,,,,,,,,,,,,,0,0,0,,,,
Massachusetts,2021,MA,595911.8,SAGDP9N,1,83703,5.4,MA,0.53441131311564,0.286753938110791,0.00286753938110791,1.80568366379646,,0.23081155,0.25200082,0.53913543,0.52645446,0.96996652,0.69246152,0.87754858,0.7310059,0.33907628,0.19938953,0.52554022,0.11853311,0.14906835,0.10898658,0.19610451,0.2296398,0.35136889,0,1,1,CPS CEV observed state rates; separate modern indicators; not spliced to Hawes index,0.4893,B19083_001E,ACS1
Massachusetts,2022,MA,608052.9,SAGDP9N,1,85712,3.6583,MA,0.451076246084421,0.282807150660287,0.00282807150660287,1.676291706089,,,,,,,,,,,,,,,,,,,0,0,0,,0.4976,B19083_001E,ACS1
Massachusetts,2023,MA,615504.5,SAGDP9N,1,89760,3.3417,MA,0.449272639606618,0.281051137308147,0.00281051137308147,1.676291706089,,0.3313904,0.3092543,0.5487855,0.5696181,0.9845978,0.7462595,0.9228348,0.7441134,0.322046,0.1800508,0.5239631,0.1117414,0.0921113,0.1404696,0.2189511,0.1890052,0.4346324,0,1,1,CPS CEV observed state rates; separate modern indicators; not spliced to Hawes index,0.4879,B19083_001E,ACS1
Michigan,2000,MI,467654.4,SAGDP9N,1,30250,3.6917,MI,-0.847344639150486,0.285069265434185,0.00285069265434185,-0.799559027514361,0.09639942,,,,,,,,,,,,,,,,,,1,0,1,Hawes/Compton 3-year moving-average social-capital index; contiguous 48 states,,,
Michigan,2001,MI,453301.5,SAGDP9N,1,30694,5.1583,MI,-0.853100035321388,0.284395800194525,0.00284395800194525,-0.804452665911503,-0.022761771,,,,,,,,,,,,,,,,,,1,0,1,Hawes/Compton 3-year moving-average social-capital index; contiguous 48 states,,,
Michigan,2002,MI,465788.4,SAGDP9N,1,30595,6.1917,MI,-1.26018028117576,0.287003577930102,0.00287003577930102,-1.08391577898715,-0.07840959,,,,,,,,,,,,,,,,,,1,0,1,Hawes/Compton 3-year moving-average social-capital index; contiguous 48 states,,,
Michigan,2003,MI,477085.4,SAGDP9N,1,31267,7.0917,MI,-1.259337284687,0.2843957982805,0.002843957982805,-1.08749046009542,-0.056865655,,,,,,,,,,,,,,,,,,1,0,1,Hawes/Compton 3-year moving-average social-capital index; contiguous 48 states,,,
Michigan,2004,MI,485082.7,SAGDP9N,1,32092,6.95,MI,-1.16583261390223,0.28038613746574,0.0028038613746574,-1.0466943958884,-0.071465686,,,,,,,,,,,,,,,,,,1,0,1,Hawes/Compton 3-year moving-average social-capital index; contiguous 48 states,,,
Michigan,2005,MI,493796.3,SAGDP9N,1,32756,6.7917,MI,-1.17108468038999,0.280843474514983,0.00280843474514983,-1.04776133043057,0.2235123,,,,,,,,,,,,,,,,,,1,0,1,Hawes/Compton 3-year moving-average social-capital index; contiguous 48 states,,,
Michigan,2006,MI,483763.6,SAGDP9N,1,33563,7.0333,MI,-1.09285004676093,0.285219680732141,0.00285219680732141,-1.15973501594508,0.073105365,,,,,,,,,,,,,,,,,,1,0,1,Hawes/Compton 3-year moving-average social-capital index; contiguous 48 states,0.444,B19083_001E,ACS1
Michigan,2007,MI,482935.1,SAGDP9N,1,34669,7.0833,MI,-1.10282527179094,0.285113910591409,0.00285113910591409,-1.17235338148171,0.13503958,,,,,,,,,,,,,,,,,,1,0,1,Hawes/Compton 3-year moving-average social-capital index; contiguous 48 states,0.448,B19083_001E,ACS1
Michigan,2008,MI,455256.7,SAGDP9N,1,35826,8.2167,MI,-0.343286653980606,0.285955338686035,0.00285955338686035,-0.761959197559623,-0.05734316,,,,,,,,,,,,,,,,,,1,0,1,Hawes/Compton 3-year moving-average social-capital index; contiguous 48 states,0.451,B19083_001E,ACS1
Michigan,2009,MI,416297.1,SAGDP9N,1,34247,13.1333,MI,-0.325873142187,0.284444768456626,0.00284444768456626,-0.692315313596209,0.044844825,,,,,,,,,,,,,,,,,,1,0,1,Hawes/Compton 3-year moving-average social-capital index; contiguous 48 states,0.453,B19083_001E,ACS1
Michigan,2010,MI,441271.5,SAGDP9N,1,35635,12.1917,MI,-1.06956250246581,0.281111341689749,0.00281111341689749,-0.969589942864596,-0.0074615725,,,,,,,,,,,,,,,,,,1,0,1,Hawes/Compton 3-year moving-average social-capital index; contiguous 48 states,0.451,B19083_001E,ACS1
Michigan,2011,MI,453989.1,SAGDP9N,1,37689,10.0083,MI,-1.06492947592061,0.283228484647173,0.00283228484647173,-0.959492959257083,,,,,,,,,,,,,,,,,,,0,0,0,,0.4612,B19083_001E,ACS1
Michigan,2012,MI,463302.6,SAGDP9N,1,39042,9.0583,MI,-1.87879169019736,0.283733027263309,0.00283733027263309,-1.35260422375924,,,,,,,,,,,,,,,,,,,0,0,0,,0.4624,B19083_001E,ACS1
Michigan,2013,MI,472779.9,SAGDP9N,1,39292,8.725,MI,-1.90017040630904,0.283899040340098,0.00283899040340098,-1.28090084513577,,,,,,,,,,,,,,,,,,,0,0,0,,0.4641,B19083_001E,ACS1
Michigan,2014,MI,479534.9,SAGDP9N,1,40829,7.2333,MI,-1.95986898096537,0.286543103035075,0.00286543103035075,-1.43680649490059,,,,,,,,,,,,,,,,,,,0,0,0,,0.4598,B19083_001E,ACS1
Michigan,2015,MI,490618.7,SAGDP9N,1,42982,5.425,MI,-1.95737098177336,0.286129248681644,0.00286129248681644,-1.43680649490059,,,,,,,,,,,,,,,,,,,0,0,0,,0.4667,B19083_001E,ACS1
Michigan,2016,MI,500159.5,SAGDP9N,1,44080,5.0083,MI,-1.8444437600422,0.285368650286993,0.00285368650286993,-1.23930328468237,,,,,,,,,,,,,,,,,,,0,0,0,,0.4695,B19083_001E,ACS1
Michigan,2017,MI,505101.5,SAGDP9N,1,45264,4.575,MI,-1.71276459352952,0.28435358310244,0.0028435358310244,-1.00999233410941,,0.29403323,0.28733228,0.49334452,0.57683498,0.97972592,0.77402259,0.8665277,0.7073191,0.3034547,0.1875044,0.5248193,0.1196616,0.0631918,0.1048763,0.1957774,0.1445513,,0,1,1,CPS CEV observed state rates; separate modern indicators; not spliced to Hawes index,0.4671,B19083_001E,ACS1
Michigan,2018,MI,516843.0,SAGDP9N,1,47089,4.1583,MI,-1.19225960963198,0.28774436216304,0.0028774436216304,-0.891318562367081,,,,,,,,,,,,,,,,,,,0,0,0,,0.4679,B19083_001E,ACS1
Michigan,2019,MI,521085.1,SAGDP9N,1,48577,4.05,MI,-0.947087724380396,0.283678171131264,0.00283678171131264,0.102362223449055,,0.30169724,0.30971456,0.4690141,0.5582353,0.9681286,0.70684705,0.79953825,0.66208862,0.29131505,0.17297706,0.56639117,0.09988635,0.06981344,0.11656146,0.20204934,0.139089,,0,1,1,CPS CEV observed state rates; separate modern indicators; not spliced to Hawes index,0.4634,B19083_001E,ACS1
Michigan,2020,MI,501893.8,SAGDP9N,1,52787,10.05,MI,-0.730959889887785,0.285886070983532,0.00285886070983532,1.23277261659141,,,,,,,,,,,,,,,,,,,0,0,0,,,,
Michigan,2021,MI,530380.9,SAGDP9N,1,56898,5.7667,MI,-0.792475529511631,0.285159118967619,0.00285159118967619,1.00346166601845,,0.24398659,0.27362416,0.51631686,0.56074394,0.97619237,0.71484068,0.86696887,0.71154928,0.30091471,0.19385053,0.56170033,0.10482525,0.08916545,0.09588632,0.19237831,0.17702856,0.41940707,0,1,1,CPS CEV observed state rates; separate modern indicators; not spliced to Hawes index,0.4659,B19083_001E,ACS1
Michigan,2022,MI,543720.9,SAGDP9N,1,57907,4.1333,MI,0.497879821070749,0.283693717118913,0.00283693717118913,1.95381719434735,,,,,,,,,,,,,,,,,,,0,0,0,,0.4685,B19083_001E,ACS1
Michigan,2023,MI,554256.2,SAGDP9N,1,60865,3.8917,MI,0.531167469992479,0.288854906587928,0.00288854906587928,2.1831281449203,,0.2642445,0.2355046,0.4960683,0.5740782,0.9759385,0.7212675,0.8293612,0.6875547,0.26898,0.1595216,0.5740484,0.093485,0.0508751,0.0881404,0.1861855,0.2114596,0.4198919,0,1,1,CPS CEV observed state rates; separate modern indicators; not spliced to Hawes index,0.4658,B19083_001E,ACS1
Minnesota,2000,MN,263345.6,SAGDP9N,1,32348,3.0333,MN,0.621580403998728,0.286663192295601,0.00286663192295601,0.472635470470811,1.1837246,,,,,,,,,,,,,,,,,,1,0,1,Hawes/Compton 3-year moving-average social-capital index; contiguous 48 states,,,
Minnesota,2001,MN,263518.7,SAGDP9N,1,33417,3.775,MN,0.645101381271167,0.286331376616327,0.00286331376616327,0.619423951022136,1.0799118,,,,,,,,,,,,,,,,,,1,0,1,Hawes/Compton 3-year moving-average social-capital index; contiguous 48 states,,,
Minnesota,2002,MN,268982.8,SAGDP9N,1,33889,4.4667,MN,0.286919488594359,0.284244863064691,0.00284244863064691,0.456408150995509,0.89561284,,,,,,,,,,,,,,,,,,1,0,1,Hawes/Compton 3-year moving-average social-capital index; contiguous 48 states,,,
Minnesota,2003,MN,280796.9,SAGDP9N,1,35195,4.7833,MN,0.288493432627423,0.284511660093194,0.00284511660093194,0.49604792037822,0.8906128,,,,,,,,,,,,,,,,,,1,0,1,Hawes/Compton 3-year moving-average social-capital index; contiguous 48 states,,,
Minnesota,2004,MN,293753.9,SAGDP9N,1,37084,4.5833,MN,0.394245944049314,0.281049102937262,0.00281049102937262,0.603389249168941,0.7140907,,,,,,,,,,,,,,,,,,1,0,1,Hawes/Compton 3-year moving-average social-capital index; contiguous 48 states,,,
Minnesota,2005,MN,301761.2,SAGDP9N,1,37812,4.1,MN,0.397921427225571,0.283235413251664,0.00283235413251664,0.624892066515642,1.0667335,,,,,,,,,,,,,,,,,,1,0,1,Hawes/Compton 3-year moving-average social-capital index; contiguous 48 states,,,
Minnesota,2006,MN,302272.7,SAGDP9N,1,39362,4.0583,MN,0.418517677533441,0.287725824800469,0.00287725824800469,0.583851931483001,1.431789,,,,,,,,,,,,,,,,,,1,0,1,Hawes/Compton 3-year moving-average social-capital index; contiguous 48 states,0.43,B19083_001E,ACS1
Minnesota,2007,MN,304208.0,SAGDP9N,1,41325,4.5833,MN,0.42537138192479,0.286692348874162,0.00286692348874162,0.615081688529877,1.1932732,,,,,,,,,,,,,,,,,,1,0,1,Hawes/Compton 3-year moving-average social-capital index; contiguous 48 states,0.436,B19083_001E,ACS1
Minnesota,2008,MN,309290.4,SAGDP9N,1,42983,5.4333,MN,0.523910667739905,0.285328344963521,0.00285328344963521,0.536182303048821,0.9356183,,,,,,,,,,,,,,,,,,1,0,1,Hawes/Compton 3-year moving-average social-capital index; contiguous 48 states,0.445,B19083_001E,ACS1
Minnesota,2009,MN,296875.2,SAGDP9N,1,40963,7.9083,MN,0.527760159262486,0.285061588880327,0.00285061588880327,0.577720214423166,1.0656945,,,,,,,,,,,,,,,,,,1,0,1,Hawes/Compton 3-year moving-average social-capital index; contiguous 48 states,0.439,B19083_001E,ACS1
Minnesota,2010,MN,308091.9,SAGDP9N,1,42538,7.3917,MN,0.399074711975344,0.284028060800854,0.00284028060800854,0.694452313709621,1.0211697,,,,,,,,,,,,,,,,,,1,0,1,Hawes/Compton 3-year moving-average social-capital index; contiguous 48 states,0.44,B19083_001E,ACS1
Minnesota,2011,MN,315213.3,SAGDP9N,1,45134,6.525,MN,0.411418936109065,0.287316178787777,0.00287316178787777,0.751608114687036,,,,,,,,,,,,,,,,,,,0,0,0,,0.4436,B19083_001E,ACS1
Minnesota,2012,MN,321053.9,SAGDP9N,1,47399,5.65,MN,0.273106691601616,0.283475945019923,0.00283475945019923,0.745739422011985,,,,,,,,,,,,,,,,,,,0,0,0,,0.4441,B19083_001E,ACS1
Minnesota,2013,MN,329774.5,SAGDP9N,1,47413,5.0417,MN,0.262024640452096,0.282883818783683,0.00282883818783683,0.81635743793931,,,,,,,,,,,,,,,,,,,0,0,0,,0.4462,B19083_001E,ACS1
Minnesota,2014,MN,338623.9,SAGDP9N,1,49357,4.2667,MN,0.157406838729522,0.279112465422184,0.00279112465422184,0.90577016446618,,,,,,,,,,,,,,,,,,,0,0,0,,0.4539,B19083_001E,ACS1
Minnesota,2015,MN,345456.2,SAGDP9N,1,51353,3.7917,MN,0.152984628998524,0.2840913976214,0.002840913976214,0.90577016446618,,,,,,,,,,,,,,,,,,,0,0,0,,0.4492,B19083_001E,ACS1
Minnesota,2016,MN,350603.6,SAGDP9N,1,51982,3.875,MN,0.405033039214047,0.286391458743868,0.00286391458743868,1.0560871851989,,,,,,,,,,,,,,,,,,,0,0,0,,0.4496,B19083_001E,ACS1
Minnesota,2017,MN,354721.9,SAGDP9N,1,53826,3.4833,MN,0.269665744702384,0.28731559339216,0.0028731559339216,0.826776234625943,,0.45116657,0.35870583,0.64703899,0.61318157,0.98359423,0.83732983,0.9161698,0.7891133,0.4077391,0.2224391,0.6666013,0.1874927,0.1115024,0.1286713,0.2408918,0.2090047,,0,1,1,CPS CEV observed state rates; separate modern indicators; not spliced to Hawes index,0.4516,B19083_001E,ACS1
Minnesota,2018,MN,364799.7,SAGDP9N,1,56201,3.025,MN,0.663092222876313,0.288306278235663,0.00288306278235663,1.15773060367586,,,,,,,,,,,,,,,,,,,0,0,0,,0.4536,B19083_001E,ACS1
Minnesota,2019,MN,369617.4,SAGDP9N,1,57903,3.275,MN,0.517668048175751,0.281161523388622,0.00281161523388622,1.15773060367586,,0.40093765,0.34069039,0.60169262,0.62291241,0.98992917,0.82611821,0.89393636,0.78792228,0.39730627,0.17947346,0.59414377,0.1453525,0.09257858,0.13488137,0.29692852,0.18674277,,0,1,1,CPS CEV observed state rates; separate modern indicators; not spliced to Hawes index,0.4434,B19083_001E,ACS1
Minnesota,2020,MN,357475.6,SAGDP9N,1,61327,6.2833,MN,0.946943348464615,0.284579664574822,0.00284579664574822,2.08150259923403,,,,,,,,,,,,,,,,,,,0,0,0,,,,
Minnesota,2021,MN,377947.0,SAGDP9N,1,67452,3.7,MN,0.893456057890899,0.28717109301825,0.0028717109301825,1.85219164866107,,0.35489254,0.3353425,0.61775596,0.61916506,0.98819817,0.78757049,0.91851136,0.78395932,0.4049223,0.2375031,0.65164729,0.11655054,0.1292496,0.09736518,0.26058904,0.22474372,0.40154312,0,1,1,CPS CEV observed state rates; separate modern indicators; not spliced to Hawes index,0.4493,B19083_001E,ACS1
Minnesota,2022,MN,384727.7,SAGDP9N,1,69813,2.5333,MN,0.988387436204067,0.283239021085549,0.00283239021085549,2.02747397733387,,,,,,,,,,,,,,,,,,,0,0,0,,0.456,B19083_001E,ACS1
Minnesota,2023,MN,390907.9,SAGDP9N,1,72366,2.825,MN,1.16766659711051,0.283961022589375,0.00283961022589375,2.83006230433921,,0.4029917,0.3508036,0.5716034,0.6339486,0.9856388,0.7745323,0.885796,0.7010559,0.3513875,0.1806093,0.668636,0.1456697,0.0797631,0.1131333,0.3011619,0.2750256,0.4641532,0,1,1,CPS CEV observed state rates; separate modern indicators; not spliced to Hawes index,0.4541,B19083_001E,ACS1
Mississippi,2000,MS,93957.0,SAGDP9N,1,21628,5.325,MS,-0.0447513981658486,0.281821178844706,0.00281821178844706,-1.39772999283297,-1.0465691,,,,,,,,,,,,,,,,,,1,0,1,Hawes/Compton 3-year moving-average social-capital index; contiguous 48 states,,,
Mississippi,2001,MS,93515.5,SAGDP9N,1,22806,5.4917,MS,-0.0287926939099172,0.289580507138589,0.00289580507138589,-1.29840945932866,-1.1392922,,,,,,,,,,,,,,,,,,1,0,1,Hawes/Compton 3-year moving-average social-capital index; contiguous 48 states,,,
Mississippi,2002,MS,94561.5,SAGDP9N,1,23202,6.425,MS,-0.286332138936247,0.282631638402927,0.00282631638402927,-1.63540833327618,-0.7375152,,,,,,,,,,,,,,,,,,1,0,1,Hawes/Compton 3-year moving-average social-capital index; contiguous 48 states,,,
Mississippi,2003,MS,98762.1,SAGDP9N,1,24060,6.1417,MS,-0.26877419265934,0.284482794223082,0.00284482794223082,-1.58294238039223,-0.9542964,,,,,,,,,,,,,,,,,,1,0,1,Hawes/Compton 3-year moving-average social-capital index; contiguous 48 states,,,
Mississippi,2004,MS,101369.5,SAGDP9N,1,25287,6.1583,MS,-0.0622973919022054,0.283065285314267,0.00283065285314267,-1.33727355232968,-0.76895607,,,,,,,,,,,,,,,,,,1,0,1,Hawes/Compton 3-year moving-average social-capital index; contiguous 48 states,,,
Mississippi,2005,MS,103691.8,SAGDP9N,1,26716,7.6,MS,-0.0730356623103798,0.28540654176659,0.0028540654176659,-1.36851057647249,-1.3626068,,,,,,,,,,,,,,,,,,1,0,1,Hawes/Compton 3-year moving-average social-capital index; contiguous 48 states,,,
Mississippi,2006,MS,105879.9,SAGDP9N,1,27827,6.375,MS,0.0248525771749778,0.28292611523312,0.0028292611523312,-1.52303669961465,-1.5451354,,,,,,,,,,,,,,,,,,1,0,1,Hawes/Compton 3-year moving-average social-capital index; contiguous 48 states,0.471,B19083_001E,ACS1
Mississippi,2007,MS,107713.9,SAGDP9N,1,29432,6.15,MS,0.0868205779749627,0.28582290569116,0.0028582290569116,-1.37316154885186,-1.7188159,,,,,,,,,,,,,,,,,,1,0,1,Hawes/Compton 3-year moving-average social-capital index; contiguous 48 states,0.48,B19083_001E,ACS1
Mississippi,2008,MS,109434.0,SAGDP9N,1,30736,6.7083,MS,0.0266999825069564,0.285932624183111,0.00285932624183111,-1.37410716057957,-1.5601611,,,,,,,,,,,,,,,,,,1,0,1,Hawes/Compton 3-year moving-average social-capital index; contiguous 48 states,0.478,B19083_001E,ACS1
Mississippi,2009,MS,105360.0,SAGDP9N,1,30220,9.3583,MS,0.0475565345811266,0.289192502438358,0.00289192502438358,-1.28967147579902,-1.5263942,,,,,,,,,,,,,,,,,,1,0,1,Hawes/Compton 3-year moving-average social-capital index; contiguous 48 states,0.47,B19083_001E,ACS1
Mississippi,2010,MS,106711.8,SAGDP9N,1,31213,10.0833,MS,-0.135627329427073,0.289532436789135,0.00289532436789135,-1.20995811632105,-1.4666905,,,,,,,,,,,,,,,,,,1,0,1,Hawes/Compton 3-year moving-average social-capital index; contiguous 48 states,0.468,B19083_001E,ACS1
Mississippi,2011,MS,106491.1,SAGDP9N,1,32454,9.775,MS,-0.146066066301335,0.286862378582863,0.00286862378582863,-1.22179387905903,,,,,,,,,,,,,,,,,,,0,0,0,,0.4735,B19083_001E,ACS1
Mississippi,2012,MS,108646.5,SAGDP9N,1,33441,8.825,MS,-0.466420891283374,0.282988010086274,0.00282988010086274,-1.27212978549236,,,,,,,,,,,,,,,,,,,0,0,0,,0.487,B19083_001E,ACS1
Mississippi,2013,MS,109032.7,SAGDP9N,1,33976,8.4917,MS,-0.47030443770193,0.286486017766722,0.00286486017766722,-1.32008677385806,,,,,,,,,,,,,,,,,,,0,0,0,,0.4791,B19083_001E,ACS1
Mississippi,2014,MS,109299.6,SAGDP9N,1,34623,7.5917,MS,-0.617412396024597,0.282821276342968,0.00282821276342968,-1.23445801579325,,,,,,,,,,,,,,,,,,,0,0,0,,0.476,B19083_001E,ACS1
Mississippi,2015,MS,109401.7,SAGDP9N,1,35100,6.4833,MS,-0.618421743959076,0.284859042156451,0.00284859042156451,-1.23445801579325,,,,,,,,,,,,,,,,,,,0,0,0,,0.4759,B19083_001E,ACS1
Mississippi,2016,MS,109911.0,SAGDP9N,1,35638,5.9667,MS,-1.16523344308659,0.283907321687417,0.00283907321687417,-1.18757633206628,,,,,,,,,,,,,,,,,,,0,0,0,,0.4828,B19083_001E,ACS1
Mississippi,2017,MS,110281.4,SAGDP9N,1,36579,5.2333,MS,-1.16302838538398,0.285129651444345,0.00285129651444345,-1.18757633206628,,0.23833098,0.19564879,0.46351259,0.48317667,0.95945047,0.74206472,0.8158142,0.6934069,0.3993691,0.187285,0.5677207,0.0881205,0.0463986,0.0843762,0.1840932,0.0626692,,0,1,1,CPS CEV observed state rates; separate modern indicators; not spliced to Hawes index,0.479,B19083_001E,ACS1
Mississippi,2018,MS,110174.8,SAGDP9N,1,37624,4.9583,MS,-1.38222365177183,0.288340746501359,0.00288340746501359,-1.62078538041311,,,,,,,,,,,,,,,,,,,0,0,0,,0.4828,B19083_001E,ACS1
Mississippi,2019,MS,111207.8,SAGDP9N,1,39142,5.5,MS,-1.38217241823208,0.285755312114475,0.00285755312114475,-1.62078538041311,,0.26032615,0.21594784,0.41434822,0.47358481,0.97547598,0.67727725,0.78693755,0.64032128,0.32827184,0.18222831,0.57348466,0.07156445,0.05704206,0.07780164,0.20121192,0.08023789,,0,1,1,CPS CEV observed state rates; separate modern indicators; not spliced to Hawes index,0.4896,B19083_001E,ACS1
Mississippi,2020,MS,110322.8,SAGDP9N,1,42446,8.0333,MS,-1.66515310586095,0.290575615554752,0.00290575615554752,-1.69990984735853,,,,,,,,,,,,,,,,,,,0,0,0,,,,
Mississippi,2021,MS,115675.1,SAGDP9N,1,46906,5.4583,MS,-1.66495628036287,0.28400798517908,0.0028400798517908,-1.69990984735853,,0.21195247,0.20856263,0.40910344,0.48027202,0.9549924,0.69938841,0.7972024,0.66490119,0.32290698,0.20199603,0.6048193,0.07486281,0.05506043,0.07700224,0.18099313,0.08571899,0.35027621,0,1,1,CPS CEV observed state rates; separate modern indicators; not spliced to Hawes index,0.4808,B19083_001E,ACS1
Mississippi,2022,MS,116557.1,SAGDP9N,1,47086,3.7833,MS,-1.59281134560504,0.285411211294775,0.00285411211294775,-1.65431841418991,,,,,,,,,,,,,,,,,,,0,0,0,,0.4806,B19083_001E,ACS1
Mississippi,2023,MS,119548.4,SAGDP9N,1,49593,3.2,MS,-1.59432381368645,0.286402344313721,0.00286402344313721,-1.65431841418991,,0.2087319,0.1778672,0.3734448,0.5029195,0.9592756,0.7002829,0.7447251,0.6153699,0.3695614,0.199771,0.5883937,0.0516407,0.0671889,0.0900227,0.2087051,0.063121,0.3468245,0,1,1,CPS CEV observed state rates; separate modern indicators; not spliced to Hawes index,0.4843,B19083_001E,ACS1
Missouri,2000,MO,262665.4,SAGDP9N,1,27857,3.4167,MO,0.0190844548184633,0.286856112952448,0.00286856112952448,-0.0396841137928544,0.22246704,,,,,,,,,,,,,,,,,,1,0,1,Hawes/Compton 3-year moving-average social-capital index; contiguous 48 states,,,
Missouri,2001,MO,260381.1,SAGDP9N,1,28634,4.4917,MO,0.00823987881519157,0.283822667764706,0.00283822667764706,-0.0557972106021859,-0.20203094,,,,,,,,,,,,,,,,,,1,0,1,Hawes/Compton 3-year moving-average social-capital index; contiguous 48 states,,,
Missouri,2002,MO,264997.7,SAGDP9N,1,29144,5.2833,MO,-0.529631121181538,0.284780735383158,0.00284780735383158,-0.642958511009815,-0.19707197,,,,,,,,,,,,,,,,,,1,0,1,Hawes/Compton 3-year moving-average social-capital index; contiguous 48 states,,,
Missouri,2003,MO,271970.5,SAGDP9N,1,30054,5.6583,MO,-0.533028579298612,0.284475364913095,0.00284475364913095,-0.647172475017233,-0.23735689,,,,,,,,,,,,,,,,,,1,0,1,Hawes/Compton 3-year moving-average social-capital index; contiguous 48 states,,,
Missouri,2004,MO,279128.2,SAGDP9N,1,31396,5.875,MO,-1.29209508909691,0.279972571805217,0.00279972571805217,-1.10556074043265,-0.0073209107,,,,,,,,,,,,,,,,,,1,0,1,Hawes/Compton 3-year moving-average social-capital index; contiguous 48 states,,,
Missouri,2005,MO,285341.7,SAGDP9N,1,32256,5.4,MO,-1.29741590705523,0.28423194278402,0.0028423194278402,-1.11129957320889,-0.12043203,,,,,,,,,,,,,,,,,,1,0,1,Hawes/Compton 3-year moving-average social-capital index; contiguous 48 states,,,
Missouri,2006,MO,286558.3,SAGDP9N,1,33860,4.875,MO,-1.29056351833015,0.282302778490784,0.00282302778490784,-1.30050276711732,0.2890751,,,,,,,,,,,,,,,,,,1,0,1,Hawes/Compton 3-year moving-average social-capital index; contiguous 48 states,0.449,B19083_001E,ACS1
Missouri,2007,MO,288320.8,SAGDP9N,1,35228,5.0833,MO,-1.38061414784951,0.28298157101039,0.0028298157101039,-1.54423294140537,0.059948742,,,,,,,,,,,,,,,,,,1,0,1,Hawes/Compton 3-year moving-average social-capital index; contiguous 48 states,0.45,B19083_001E,ACS1
Missouri,2008,MO,297881.8,SAGDP9N,1,37124,6.2167,MO,-1.30442334702129,0.28459086645019,0.0028459086645019,-1.4397316534082,0.26897424,,,,,,,,,,,,,,,,,,1,0,1,Hawes/Compton 3-year moving-average social-capital index; contiguous 48 states,0.448,B19083_001E,ACS1
Missouri,2009,MO,289566.8,SAGDP9N,1,36306,9.025,MO,-1.31054696178942,0.285441516295268,0.00285441516295268,-1.44805390516543,0.038319528,,,,,,,,,,,,,,,,,,1,0,1,Hawes/Compton 3-year moving-average social-capital index; contiguous 48 states,0.45,B19083_001E,ACS1
Missouri,2010,MO,295986.4,SAGDP9N,1,36984,9.5083,MO,-1.43747507011758,0.280518862433996,0.00280518862433996,-1.71424851377772,0.11245973,,,,,,,,,,,,,,,,,,1,0,1,Hawes/Compton 3-year moving-average social-capital index; contiguous 48 states,0.455,B19083_001E,ACS1
Missouri,2011,MO,292984.2,SAGDP9N,1,38402,8.6417,MO,-1.44890794298707,0.286210017553102,0.00286210017553102,-1.76952004682117,,,,,,,,,,,,,,,,,,,0,0,0,,0.4611,B19083_001E,ACS1
Missouri,2012,MO,296514.3,SAGDP9N,1,39983,7.1917,MO,-2.13493620072028,0.28641433709551,0.0028641433709551,-2.13337093572025,,,,,,,,,,,,,,,,,,,0,0,0,,0.4608,B19083_001E,ACS1
Missouri,2013,MO,302025.7,SAGDP9N,1,40121,6.775,MO,-2.15860467028265,0.287657661178738,0.00287657661178738,-2.07352950730207,,,,,,,,,,,,,,,,,,,0,0,0,,0.4605,B19083_001E,ACS1
Missouri,2014,MO,303617.8,SAGDP9N,1,41380,6.15,MO,-1.89621776227023,0.284657762841684,0.00284657762841684,-1.57668947035575,,,,,,,,,,,,,,,,,,,0,0,0,,0.4628,B19083_001E,ACS1
Missouri,2015,MO,308009.9,SAGDP9N,1,42677,5.1083,MO,-1.89115889627232,0.285517979461343,0.00285517979461343,-1.57668947035575,,,,,,,,,,,,,,,,,,,0,0,0,,0.4634,B19083_001E,ACS1
Missouri,2016,MO,308423.3,SAGDP9N,1,43826,4.55,MO,-2.14149741718212,0.280550374771746,0.00280550374771746,-1.69580616340186,,,,,,,,,,,,,,,,,,,0,0,0,,0.4646,B19083_001E,ACS1
Missouri,2017,MO,311273.8,SAGDP9N,1,44781,3.7417,MO,-2.00341670499716,0.286048511313264,0.00286048511313264,-1.4664952128289,,0.31938774,0.29283881,0.55210218,0.55489725,0.98112799,0.77916345,0.8917086,0.7751315,0.3952475,0.2473063,0.5164427,0.1283128,0.0917484,0.1207929,0.2219312,0.1538985,,0,1,1,CPS CEV observed state rates; separate modern indicators; not spliced to Hawes index,0.4618,B19083_001E,ACS1
Missouri,2018,MO,314182.4,SAGDP9N,1,46680,3.2417,MO,-2.08680679155242,0.28364984723164,0.0028364984723164,-1.68556065071946,,,,,,,,,,,,,,,,,,,0,0,0,,0.4657,B19083_001E,ACS1
Missouri,2019,MO,321329.1,SAGDP9N,1,48425,3.25,MO,-1.8590668936584,0.283168855011596,0.00283168855011596,-0.997627799000601,,0.36508881,0.30640809,0.53854403,0.52266598,0.98164524,0.73094643,0.8402004,0.67329139,0.26914488,0.23935997,0.55123203,0.13664126,0.07931041,0.12192666,0.22133856,0.17713786,,0,1,1,CPS CEV observed state rates; separate modern indicators; not spliced to Hawes index,0.4633,B19083_001E,ACS1
Missouri,2020,MO,315332.6,SAGDP9N,1,52143,6.2167,MO,-1.70924111103549,0.286759664475752,0.00286759664475752,-0.685114381177584,,,,,,,,,,,,,,,,,,,0,0,0,,,,
Missouri,2021,MO,331580.9,SAGDP9N,1,56630,4.1417,MO,-1.7073020993637,0.283572045904204,0.00283572045904204,-0.685114381177584,,0.30456261,0.28283995,0.5501034,0.54214467,0.9729929,0.72458724,0.84288899,0.71177364,0.28461671,0.20341221,0.52474616,0.09479432,0.07002098,0.06966072,0.16297474,0.18183048,0.40775195,0,1,1,CPS CEV observed state rates; separate modern indicators; not spliced to Hawes index,0.4706,B19083_001E,ACS1
Missouri,2022,MO,339652.4,SAGDP9N,1,58986,2.6,MO,-1.47503952964947,0.289078816750891,0.00289078816750891,-0.685784569352088,,,,,,,,,,,,,,,,,,,0,0,0,,0.4687,B19083_001E,ACS1
Missouri,2023,MO,348487.4,SAGDP9N,1,62484,3.0583,MO,-1.47007450601425,0.282259597169718,0.00282259597169718,-0.685784569352088,,0.2975348,0.261778,0.484147,0.5931834,0.9897813,0.7646393,0.8630609,0.7365629,0.2974276,0.1894349,0.482103,0.0978626,0.049002,0.1054941,0.2037654,0.189013,0.3776501,0,1,1,CPS CEV observed state rates; separate modern indicators; not spliced to Hawes index,0.4608,B19083_001E,ACS1
Montana,2000,MT,32513.7,SAGDP9N,1,22982,4.8333,MT,0.788157392762007,0.28231478638629,0.0028231478638629,-0.336650973444192,0.90483916,,,,,,,,,,,,,,,,,,1,0,1,Hawes/Compton 3-year moving-average social-capital index; contiguous 48 states,,,
Montana,2001,MT,32689.6,SAGDP9N,1,23910,4.6083,MT,0.787065962881696,0.286775333300545,0.00286775333300545,-0.353134642777682,0.26820493,,,,,,,,,,,,,,,,,,1,0,1,Hawes/Compton 3-year moving-average social-capital index; contiguous 48 states,,,
Montana,2002,MT,33663.8,SAGDP9N,1,24516,4.55,MT,0.98584478051921,0.288166895450881,0.00288166895450881,-0.045775476596064,0.3393434,,,,,,,,,,,,,,,,,,1,0,1,Hawes/Compton 3-year moving-average social-capital index; contiguous 48 states,,,
Montana,2003,MT,35249.5,SAGDP9N,1,26114,4.7417,MT,0.906295187850377,0.283466238006555,0.00283466238006555,-0.267508310830801,0.29223153,,,,,,,,,,,,,,,,,,1,0,1,Hawes/Compton 3-year moving-average social-capital index; contiguous 48 states,,,
Montana,2004,MT,36949.9,SAGDP9N,1,28034,4.5083,MT,0.904962701576271,0.287777644831015,0.00287777644831015,-0.312414411234895,0.43339324,,,,,,,,,,,,,,,,,,1,0,1,Hawes/Compton 3-year moving-average social-capital index; contiguous 48 states,,,
Montana,2005,MT,38849.0,SAGDP9N,1,29839,4.0667,MT,0.959329072704675,0.283071919404389,0.00283071919404389,-0.0791810254118264,0.62135017,,,,,,,,,,,,,,,,,,1,0,1,Hawes/Compton 3-year moving-average social-capital index; contiguous 48 states,,,
Montana,2006,MT,40055.0,SAGDP9N,1,31870,3.3417,MT,1.04298249899066,0.284339414668131,0.00284339414668131,-0.0357488303514015,0.4427594,,,,,,,,,,,,,,,,,,1,0,1,Hawes/Compton 3-year moving-average social-capital index; contiguous 48 states,0.426,B19083_001E,ACS1
Montana,2007,MT,42057.7,SAGDP9N,1,33841,3.3583,MT,1.04658940341722,0.281858538777117,0.00281858538777117,-0.0448733692639073,0.33351782,,,,,,,,,,,,,,,,,,1,0,1,Hawes/Compton 3-year moving-average social-capital index; contiguous 48 states,0.443,B19083_001E,ACS1
Montana,2008,MT,42049.3,SAGDP9N,1,35569,4.725,MT,1.05139696185935,0.281812256563968,0.00281812256563968,-0.0126170843820792,0.17090295,,,,,,,,,,,,,,,,,,1,0,1,Hawes/Compton 3-year moving-average social-capital index; contiguous 48 states,0.449,B19083_001E,ACS1
Montana,2009,MT,40938.4,SAGDP9N,1,34479,7.1167,MT,1.042450106314,0.288169284528392,0.00288169284528392,-0.106286047663595,0.33986005,,,,,,,,,,,,,,,,,,1,0,1,Hawes/Compton 3-year moving-average social-capital index; contiguous 48 states,0.431,B19083_001E,ACS1
Montana,2010,MT,42469.8,SAGDP9N,1,35999,7.1833,MT,0.9944615616092,0.282746298518151,0.00282746298518151,0.505677465377836,0.31943148,,,,,,,,,,,,,,,,,,1,0,1,Hawes/Compton 3-year moving-average social-capital index; contiguous 48 states,0.435,B19083_001E,ACS1
Montana,2011,MT,43532.2,SAGDP9N,1,38150,6.625,MT,0.996196373280828,0.28459457102958,0.0028459457102958,0.500585720448791,,,,,,,,,,,,,,,,,,,0,0,0,,0.4351,B19083_001E,ACS1
Montana,2012,MT,44329.1,SAGDP9N,1,40217,5.8,MT,0.914904192075027,0.287082103132895,0.00287082103132895,0.724146100276312,,,,,,,,,,,,,,,,,,,0,0,0,,0.4502,B19083_001E,ACS1
Montana,2013,MT,45114.7,SAGDP9N,1,40142,5.3417,MT,0.912800040296911,0.280718769184699,0.00280718769184699,0.721278520101279,,,,,,,,,,,,,,,,,,,0,0,0,,0.462,B19083_001E,ACS1
Montana,2014,MT,46166.7,SAGDP9N,1,41850,4.6667,MT,1.23193762412017,0.28650225511737,0.0028650225511737,0.791368784804937,,,,,,,,,,,,,,,,,,,0,0,0,,0.4544,B19083_001E,ACS1
Montana,2015,MT,47765.6,SAGDP9N,1,43095,4.2917,MT,1.23330383740613,0.284246455701865,0.00284246455701865,0.791368784804937,,,,,,,,,,,,,,,,,,,0,0,0,,0.4623,B19083_001E,ACS1
Montana,2016,MT,47189.6,SAGDP9N,1,43301,4.325,MT,1.2355377110936,0.285497909766709,0.00285497909766709,0.80115560919421,,,,,,,,,,,,,,,,,,,0,0,0,,0.4667,B19083_001E,ACS1
Montana,2017,MT,48470.5,SAGDP9N,1,45369,4.0917,MT,1.10042714209531,0.284929114108953,0.00284929114108953,0.571844658621255,,0.38836436,0.35725277,0.53513704,0.67151461,0.98379644,0.84232068,0.9265905,0.8165256,0.4468371,0.2589331,0.6548078,0.1966093,0.1001249,0.1592749,0.2806985,0.2226752,,0,1,1,CPS CEV observed state rates; separate modern indicators; not spliced to Hawes index,0.4539,B19083_001E,ACS1
Montana,2018,MT,49455.0,SAGDP9N,1,47208,3.75,MT,1.39317296960662,0.286619957775,0.00286619957775,0.934358589603353,,,,,,,,,,,,,,,,,,,0,0,0,,0.4535,B19083_001E,ACS1
Montana,2019,MT,50263.5,SAGDP9N,1,49654,3.5,MT,1.41049846666551,0.283422652714322,0.00283422652714322,1.24010652370063,,0.37436206,0.35214448,0.54566309,0.65015036,0.97623914,0.78827092,0.89076868,0.77716146,0.36768702,0.22114662,0.6366024,0.16831816,0.1155262,0.13052822,0.24865749,0.20476158,,0,1,1,CPS CEV observed state rates; separate modern indicators; not spliced to Hawes index,0.4597,B19083_001E,ACS1
Montana,2020,MT,49981.4,SAGDP9N,1,53487,5.8417,MT,0.980620493439536,0.283048612450394,0.00283048612450394,1.28550482322613,,,,,,,,,,,,,,,,,,,0,0,0,,,,
Montana,2021,MT,53303.7,SAGDP9N,1,58973,3.4,MT,0.97832338379801,0.286594196785733,0.00286594196785733,1.28550482322613,,0.31058638,0.28988958,0.56712328,0.68842755,0.97507205,0.80067305,0.87475245,0.7851616,0.36598715,0.21533859,0.68077056,0.18675351,0.10823271,0.12400504,0.22478424,0.27608876,0.33820501,0,1,1,CPS CEV observed state rates; separate modern indicators; not spliced to Hawes index,0.4693,B19083_001E,ACS1
Montana,2022,MT,55193.9,SAGDP9N,1,61610,2.6833,MT,0.887247756191064,0.285299875922891,0.00285299875922891,0.804555472643142,,,,,,,,,,,,,,,,,,,0,0,0,,0.4652,B19083_001E,ACS1
Montana,2023,MT,57373.3,SAGDP9N,1,65075,2.8583,MT,0.898622085810115,0.283634128800474,0.00283634128800474,0.804555472643142,,0.372431,0.2991183,0.6049268,0.6797378,0.9894425,0.7912442,0.856099,0.7062883,0.3415738,0.1616198,0.6421627,0.197213,0.096558,0.1359065,0.2814832,0.298413,0.4293718,0,1,1,CPS CEV observed state rates; separate modern indicators; not spliced to Hawes index,0.4601,B19083_001E,ACS1
Nebraska,2000,NE,80268.2,SAGDP9N,1,28924,2.7917,NE,0.121092748952883,0.282766908386392,0.00282766908386392,-0.402245026099137,0.54551005,,,,,,,,,,,,,,,,,,1,0,1,Hawes/Compton 3-year moving-average social-capital index; contiguous 48 states,,,
Nebraska,2001,NE,82268.1,SAGDP9N,1,30184,3.15,NE,0.12342039988764,0.28388463089808,0.0028388463089808,-0.339174099114315,0.8665293,,,,,,,,,,,,,,,,,,1,0,1,Hawes/Compton 3-year moving-average social-capital index; contiguous 48 states,,,
Nebraska,2002,NE,83433.2,SAGDP9N,1,30553,3.6833,NE,0.170292144689042,0.286238451526228,0.00286238451526228,-0.334380343130768,1.089606,,,,,,,,,,,,,,,,,,1,0,1,Hawes/Compton 3-year moving-average social-capital index; contiguous 48 states,,,
Nebraska,2003,NE,88310.7,SAGDP9N,1,32268,3.9417,NE,0.179100809011814,0.280884415919614,0.00280884415919614,-0.290221594279982,0.694363,,,,,,,,,,,,,,,,,,1,0,1,Hawes/Compton 3-year moving-average social-capital index; contiguous 48 states,,,
Nebraska,2004,NE,90607.6,SAGDP9N,1,33496,3.9083,NE,0.112961076391424,0.286902120283035,0.00286902120283035,-0.376014688005149,0.6084112,,,,,,,,,,,,,,,,,,1,0,1,Hawes/Compton 3-year moving-average social-capital index; contiguous 48 states,,,
Nebraska,2005,NE,94556.0,SAGDP9N,1,34401,3.7583,NE,0.120043482590851,0.282077648579776,0.00282077648579776,-0.342256659187582,0.8439925,,,,,,,,,,,,,,,,,,1,0,1,Hawes/Compton 3-year moving-average social-capital index; contiguous 48 states,,,
Nebraska,2006,NE,97322.8,SAGDP9N,1,35718,3.0417,NE,0.209940992316066,0.284706755635498,0.00284706755635498,-0.301075328435255,0.0077333916,,,,,,,,,,,,,,,,,,1,0,1,Hawes/Compton 3-year moving-average social-capital index; contiguous 48 states,0.43,B19083_001E,ACS1
Nebraska,2007,NE,99780.7,SAGDP9N,1,38184,2.925,NE,0.21245696849575,0.283181011463015,0.00283181011463015,-0.313951787249351,0.01792664,,,,,,,,,,,,,,,,,,1,0,1,Hawes/Compton 3-year moving-average social-capital index; contiguous 48 states,0.429,B19083_001E,ACS1
Nebraska,2008,NE,99860.1,SAGDP9N,1,40291,3.2583,NE,0.165684180405868,0.282518094403791,0.00282518094403791,-0.349162575715149,0.046502993,,,,,,,,,,,,,,,,,,1,0,1,Hawes/Compton 3-year moving-average social-capital index; contiguous 48 states,0.427,B19083_001E,ACS1
Nebraska,2009,NE,99986.4,SAGDP9N,1,39422,4.6583,NE,0.167078047829219,0.282157369011153,0.00282157369011153,-0.334308491705106,0.5181863,,,,,,,,,,,,,,,,,,1,0,1,Hawes/Compton 3-year moving-average social-capital index; contiguous 48 states,0.44,B19083_001E,ACS1
Nebraska,2010,NE,103940.8,SAGDP9N,1,41085,4.7,NE,0.242377368671213,0.285953272826694,0.00285953272826694,-0.427789829735506,0.5847717,,,,,,,,,,,,,,,,,,1,0,1,Hawes/Compton 3-year moving-average social-capital index; contiguous 48 states,0.432,B19083_001E,ACS1
Nebraska,2011,NE,109734.2,SAGDP9N,1,45607,4.4,NE,0.239977827105936,0.284780453830725,0.00284780453830725,-0.428573861192711,,,,,,,,,,,,,,,,,,,0,0,0,,0.4467,B19083_001E,ACS1
Nebraska,2012,NE,109686.3,SAGDP9N,1,46385,3.8833,NE,0.193912767138795,0.286437896648721,0.00286437896648721,0.116827892642862,,,,,,,,,,,,,,,,,,,0,0,0,,0.4339,B19083_001E,ACS1
Nebraska,2013,NE,111382.2,SAGDP9N,1,45911,3.675,NE,0.186831009292305,0.283367884790641,0.00283367884790641,0.170332835222691,,,,,,,,,,,,,,,,,,,0,0,0,,0.4445,B19083_001E,ACS1
Nebraska,2014,NE,115651.9,SAGDP9N,1,48187,3.25,NE,0.178458621881515,0.282387236869413,0.00282387236869413,0.139984220984303,,,,,,,,,,,,,,,,,,,0,0,0,,0.4352,B19083_001E,ACS1
Nebraska,2015,NE,119640.8,SAGDP9N,1,49708,2.9833,NE,0.173557893921635,0.281145011894732,0.00281145011894732,0.139984220984303,,,,,,,,,,,,,,,,,,,0,0,0,,0.4473,B19083_001E,ACS1
Nebraska,2016,NE,121303.1,SAGDP9N,1,48688,3.0667,NE,0.174869633592058,0.284697919639977,0.00284697919639977,0.604917350709084,,,,,,,,,,,,,,,,,,,0,0,0,,0.4477,B19083_001E,ACS1
Nebraska,2017,NE,123219.9,SAGDP9N,1,49533,2.975,NE,0.175503273903428,0.281400648543011,0.00281400648543011,0.604917350709084,,0.40153343,0.36458901,0.58784827,0.54545211,0.97633317,0.7925661,0.8726935,0.7430351,0.3718222,0.2092999,0.6297383,0.1612301,0.0671143,0.1375539,0.2952576,0.1641208,,0,1,1,CPS CEV observed state rates; separate modern indicators; not spliced to Hawes index,0.4391,B19083_001E,ACS1
Nebraska,2018,NE,125543.4,SAGDP9N,1,51436,2.925,NE,0.191382224770529,0.282366985197538,0.00282366985197538,0.627215581819108,,,,,,,,,,,,,,,,,,,0,0,0,,0.4488,B19083_001E,ACS1
Nebraska,2019,NE,127568.9,SAGDP9N,1,53513,3.125,NE,0.201967495844913,0.279745046930801,0.00279745046930801,0.780089548867745,,0.43543866,0.39518611,0.61159253,0.61304369,0.98288321,0.76489811,0.87209729,0.71594229,0.29720821,0.18614993,0.53956065,0.14094562,0.07223675,0.10557768,0.22428914,0.19306707,,0,1,1,CPS CEV observed state rates; separate modern indicators; not spliced to Hawes index,0.44,B19083_001E,ACS1
Nebraska,2020,NE,126734.9,SAGDP9N,1,56745,4.275,NE,0.168973369261428,0.283286843470081,0.00283286843470081,0.948796698869143,,,,,,,,,,,,,,,,,,,0,0,0,,,,
Nebraska,2021,NE,134939.9,SAGDP9N,1,63517,2.5833,NE,0.171025314647426,0.280094435255644,0.00280094435255644,0.948796698869143,,0.33902542,0.32153113,0.61138524,0.66364382,0.98372936,0.78574105,0.88263074,0.79534292,0.38142607,0.21725904,0.68378022,0.15707931,0.05586343,0.10898049,0.2354024,0.24128004,0.45638446,0,1,1,CPS CEV observed state rates; separate modern indicators; not spliced to Hawes index,0.456,B19083_001E,ACS1
Nebraska,2022,NE,139440.9,SAGDP9N,1,66923,2.1417,NE,0.143673701045025,0.283059248294924,0.00283059248294924,0.916673996034738,,,,,,,,,,,,,,,,,,,0,0,0,,0.461,B19083_001E,ACS1
Nebraska,2023,NE,145019.6,SAGDP9N,1,71006,2.2667,NE,0.143161633711413,0.284268939562785,0.00284268939562785,0.916673996034738,,0.4032386,0.3429598,0.5671687,0.6118664,0.97684,0.7356463,0.8828589,0.717215,0.2841304,0.1596346,0.6121173,0.1178879,0.0657673,0.1106478,0.2462333,0.2434585,0.4898885,0,1,1,CPS CEV observed state rates; separate modern indicators; not spliced to Hawes index,0.4634,B19083_001E,ACS1
Nevada,2000,NV,114810.2,SAGDP9N,1,31858,4.1167,NV,0.518393255318503,0.284053821051237,0.00284053821051237,0.47291250184628,0.064262755,,,,,,,,,,,,,,,,,,1,0,1,Hawes/Compton 3-year moving-average social-capital index; contiguous 48 states,,,
Nevada,2001,NV,116267.3,SAGDP9N,1,32418,5.1917,NV,0.514023086001003,0.282501919037558,0.00282501919037558,0.468778260978644,-0.019935897,,,,,,,,,,,,,,,,,,1,0,1,Hawes/Compton 3-year moving-average social-capital index; contiguous 48 states,,,
Nevada,2002,NV,120180.1,SAGDP9N,1,32180,5.6833,NV,0.697785091777685,0.283669080933124,0.00283669080933124,0.421766290954019,-0.18777846,,,,,,,,,,,,,,,,,,1,0,1,Hawes/Compton 3-year moving-average social-capital index; contiguous 48 states,,,
Nevada,2003,NV,125905.4,SAGDP9N,1,33136,5.2833,NV,0.697861585713391,0.284330800612386,0.00284330800612386,0.407706557390039,-0.109523304,,,,,,,,,,,,,,,,,,1,0,1,Hawes/Compton 3-year moving-average social-capital index; contiguous 48 states,,,
Nevada,2004,NV,139373.0,SAGDP9N,1,35173,4.4583,NV,0.177038387764685,0.280932847138079,0.00280932847138079,0.12804862457539,-0.46853673,,,,,,,,,,,,,,,,,,1,0,1,Hawes/Compton 3-year moving-average social-capital index; contiguous 48 states,,,
Nevada,2005,NV,150680.9,SAGDP9N,1,37907,4.125,NV,0.172148471780789,0.284885516011475,0.00284885516011475,0.119284439734578,-0.23427126,,,,,,,,,,,,,,,,,,1,0,1,Hawes/Compton 3-year moving-average social-capital index; contiguous 48 states,,,
Nevada,2006,NV,156297.9,SAGDP9N,1,39437,4.0667,NV,0.0821070489039645,0.282798452603866,0.00282798452603866,-0.152507259028937,-0.46369326,,,,,,,,,,,,,,,,,,1,0,1,Hawes/Compton 3-year moving-average social-capital index; contiguous 48 states,0.434,B19083_001E,ACS1
Nevada,2007,NV,157734.3,SAGDP9N,1,39870,4.5917,NV,0.16444566830158,0.282620069660326,0.00282620069660326,0.0846572885560523,-0.30665714,,,,,,,,,,,,,,,,,,1,0,1,Hawes/Compton 3-year moving-average social-capital index; contiguous 48 states,0.437,B19083_001E,ACS1
Nevada,2008,NV,152745.6,SAGDP9N,1,38640,6.8833,NV,-0.0174685160172787,0.281553975877349,0.00281553975877349,0.130680574047283,-0.18963212,,,,,,,,,,,,,,,,,,1,0,1,Hawes/Compton 3-year moving-average social-capital index; contiguous 48 states,0.431,B19083_001E,ACS1
Nevada,2009,NV,140304.3,SAGDP9N,1,36125,11.725,NV,5.1287197241587e-05,0.284059652822211,0.00284059652822211,0.134543081689425,0.33557826,,,,,,,,,,,,,,,,,,1,0,1,Hawes/Compton 3-year moving-average social-capital index; contiguous 48 states,0.433,B19083_001E,ACS1
Nevada,2010,NV,142614.2,SAGDP9N,1,37289,13.7333,NV,0.228807631865188,0.284056056373643,0.00284056056373643,0.109800525401183,0.39459512,,,,,,,,,,,,,,,,,,1,0,1,Hawes/Compton 3-year moving-average social-capital index; contiguous 48 states,0.448,B19083_001E,ACS1
Nevada,2011,NV,144341.2,SAGDP9N,1,38595,13.3167,NV,0.230881635071081,0.281839179045638,0.00281839179045638,0.101538885056361,,,,,,,,,,,,,,,,,,,0,0,0,,0.4526,B19083_001E,ACS1
Nevada,2012,NV,142986.1,SAGDP9N,1,39680,11.6083,NV,1.02048376106171,0.286743127834318,0.00286743127834318,0.803531723976694,,,,,,,,,,,,,,,,,,,0,0,0,,0.4516,B19083_001E,ACS1
Nevada,2013,NV,144549.3,SAGDP9N,1,39331,9.9667,NV,1.01544574607724,0.288362885434895,0.00288362885434895,0.736038460444327,,,,,,,,,,,,,,,,,,,0,0,0,,0.4543,B19083_001E,ACS1
Nevada,2014,NV,145303.6,SAGDP9N,1,41126,8.1583,NV,1.10002633688973,0.28495913364206,0.0028495913364206,0.932022930153111,,,,,,,,,,,,,,,,,,,0,0,0,,0.4427,B19083_001E,ACS1
Nevada,2015,NV,151055.9,SAGDP9N,1,43799,6.85,NV,1.09652474352669,0.280224229980535,0.00280224229980535,0.932022930153111,,,,,,,,,,,,,,,,,,,0,0,0,,0.4548,B19083_001E,ACS1
Nevada,2016,NV,156007.4,SAGDP9N,1,44715,5.8083,NV,0.841720063099232,0.281475079199689,0.00281475079199689,1.13485948601797,,,,,,,,,,,,,,,,,,,0,0,0,,0.4577,B19083_001E,ACS1
Nevada,2017,NV,163199.1,SAGDP9N,1,46991,4.9833,NV,0.836576282399063,0.285884069698264,0.00285884069698264,1.13485948601797,,0.24354774,0.22916635,0.45555745,0.43173073,0.96343292,0.65653347,0.8437814,0.6740802,0.24815,0.1950657,0.4011292,0.1023971,0.0736151,0.0904063,0.1343759,0.1174041,,0,1,1,CPS CEV observed state rates; separate modern indicators; not spliced to Hawes index,0.4606,B19083_001E,ACS1
Nevada,2018,NV,168638.5,SAGDP9N,1,49289,4.3833,NV,0.819910676210132,0.285402756225423,0.00285402756225423,1.28959563331478,,,,,,,,,,,,,,,,,,,0,0,0,,0.469,B19083_001E,ACS1
Nevada,2019,NV,176029.7,SAGDP9N,1,51942,4.15,NV,0.922231660850518,0.285144958137019,0.00285144958137019,1.74821753446069,,0.21782388,0.17382791,0.37430248,0.44529539,0.96989081,0.64629333,0.79836551,0.74644147,0.27212629,0.19909633,0.44637321,0.07997486,0.03809792,0.0767203,0.16493624,0.1380584,,0,1,1,CPS CEV observed state rates; separate modern indicators; not spliced to Hawes index,0.471,B19083_001E,ACS1
Nevada,2020,NV,166077.0,SAGDP9N,1,54656,13.7167,NV,1.03776044116113,0.284901085048671,0.00284901085048671,2.45822928705084,,,,,,,,,,,,,,,,,,,0,0,0,,,,
Nevada,2021,NV,182474.1,SAGDP9N,1,60775,6.8333,NV,1.03648037611867,0.287508105020794,0.00287508105020794,2.45822928705084,,0.16829928,0.20986168,0.41340125,0.36716666,0.95267662,0.59593554,0.80207962,0.70519061,0.21060456,0.24522542,0.53478311,0.10234665,0.09648386,0.06508234,0.13001757,0.1674841,0.3218617,0,1,1,CPS CEV observed state rates; separate modern indicators; not spliced to Hawes index,0.4726,B19083_001E,ACS1
Nevada,2022,NV,190463.3,SAGDP9N,1,62493,5.2,NV,0.434576535653609,0.284652124998967,0.00284652124998967,2.03711088907601,,,,,,,,,,,,,,,,,,,0,0,0,,0.4685,B19083_001E,ACS1
Nevada,2023,NV,195405.6,SAGDP9N,1,65822,5.1417,NV,0.433894752736391,0.283828428923258,0.00283828428923258,2.03711088907601,,0.1856878,0.1729108,0.3387454,0.457395,0.9752004,0.6452878,0.7852801,0.7330632,0.2995134,0.1603958,0.5433767,0.0673613,0.0448197,0.0759096,0.1691719,0.141846,0.3394621,0,1,1,CPS CEV observed state rates; separate modern indicators; not spliced to Hawes index,0.4632,B19083_001E,ACS1
New Hampshire,2000,NH,60742.5,SAGDP9N,1,35323,2.65,NH,0.633399250902151,0.283214732733349,0.00283214732733349,0.102908691677576,0.6307299,,,,,,,,,,,,,,,,,,1,0,1,Hawes/Compton 3-year moving-average social-capital index; contiguous 48 states,,,
New Hampshire,2001,NH,61719.4,SAGDP9N,1,36782,3.3917,NH,0.632396186752897,0.282759943014515,0.00282759943014515,0.0999014785382506,0.8694762,,,,,,,,,,,,,,,,,,1,0,1,Hawes/Compton 3-year moving-average social-capital index; contiguous 48 states,,,
New Hampshire,2002,NH,63474.2,SAGDP9N,1,37013,4.4917,NH,0.652790553914921,0.287358180595598,0.00287358180595598,0.211817909746669,0.6457345,,,,,,,,,,,,,,,,,,1,0,1,Hawes/Compton 3-year moving-average social-capital index; contiguous 48 states,,,
New Hampshire,2003,NH,66119.4,SAGDP9N,1,37374,4.4667,NH,0.652266436896919,0.283138679127939,0.00283138679127939,0.211303349243768,0.56008303,,,,,,,,,,,,,,,,,,1,0,1,Hawes/Compton 3-year moving-average social-capital index; contiguous 48 states,,,
New Hampshire,2004,NH,68428.1,SAGDP9N,1,39324,3.8,NH,0.563921600021241,0.287027995627621,0.00287027995627621,0.121596965314846,0.94261014,,,,,,,,,,,,,,,,,,1,0,1,Hawes/Compton 3-year moving-average social-capital index; contiguous 48 states,,,
New Hampshire,2005,NH,69556.1,SAGDP9N,1,40404,3.625,NH,0.564204742934483,0.286004962065554,0.00286004962065554,0.120637079066521,1.3283079,,,,,,,,,,,,,,,,,,1,0,1,Hawes/Compton 3-year moving-average social-capital index; contiguous 48 states,,,
New Hampshire,2006,NH,71424.5,SAGDP9N,1,42866,3.5333,NH,0.689720489960631,0.285694751696355,0.00285694751696355,0.0936186732445872,1.5318563,,,,,,,,,,,,,,,,,,1,0,1,Hawes/Compton 3-year moving-average social-capital index; contiguous 48 states,0.417,B19083_001E,ACS1
New Hampshire,2007,NH,71943.5,SAGDP9N,1,44422,3.525,NH,0.68949492667547,0.282838968588576,0.00282838968588576,0.0911223136300516,1.6111801,,,,,,,,,,,,,,,,,,1,0,1,Hawes/Compton 3-year moving-average social-capital index; contiguous 48 states,0.417,B19083_001E,ACS1
New Hampshire,2008,NH,71195.6,SAGDP9N,1,45713,3.7667,NH,0.623178815236829,0.285547454002209,0.00285547454002209,0.0279955558697814,1.8073212,,,,,,,,,,,,,,,,,,1,0,1,Hawes/Compton 3-year moving-average social-capital index; contiguous 48 states,0.419,B19083_001E,ACS1
New Hampshire,2009,NH,70498.6,SAGDP9N,1,45119,6.1417,NH,0.628606081396574,0.285211204534291,0.00285211204534291,0.03668762909659,2.2467449,,,,,,,,,,,,,,,,,,1,0,1,Hawes/Compton 3-year moving-average social-capital index; contiguous 48 states,0.431,B19083_001E,ACS1
New Hampshire,2010,NH,72950.4,SAGDP9N,1,46982,6.0833,NH,0.512440674415028,0.28409649717672,0.0028409649717672,0.263831389230199,2.3271406,,,,,,,,,,,,,,,,,,1,0,1,Hawes/Compton 3-year moving-average social-capital index; contiguous 48 states,0.425,B19083_001E,ACS1
New Hampshire,2011,NH,73465.0,SAGDP9N,1,49086,5.45,NH,0.504245040212227,0.285021505239731,0.00285021505239731,0.248788303768652,,,,,,,,,,,,,,,,,,,0,0,0,,0.4347,B19083_001E,ACS1
New Hampshire,2012,NH,74082.8,SAGDP9N,1,50715,5.4667,NH,0.0940654125786761,0.28134334702356,0.0028134334702356,-0.108581724721911,,,,,,,,,,,,,,,,,,,0,0,0,,0.4298,B19083_001E,ACS1
New Hampshire,2013,NH,75503.4,SAGDP9N,1,50423,5.25,NH,0.0357434562965145,0.286382787979241,0.00286382787979241,0.0334611469905603,,,,,,,,,,,,,,,,,,,0,0,0,,0.4387,B19083_001E,ACS1
New Hampshire,2014,NH,76836.2,SAGDP9N,1,51988,4.325,NH,0.0756074292107998,0.281231455632609,0.00281231455632609,0.0157485335033888,,,,,,,,,,,,,,,,,,,0,0,0,,0.441,B19083_001E,ACS1
New Hampshire,2015,NH,79319.3,SAGDP9N,1,54161,3.3917,NH,0.0775042365401052,0.283800347455391,0.00283800347455391,0.0157485335033888,,,,,,,,,,,,,,,,,,,0,0,0,,0.4347,B19083_001E,ACS1
New Hampshire,2016,NH,80736.1,SAGDP9N,1,55677,2.8833,NH,0.147334668597842,0.282055901863122,0.00282055901863122,0.330330685728168,,,,,,,,,,,,,,,,,,,0,0,0,,0.4304,B19083_001E,ACS1
New Hampshire,2017,NH,81179.6,SAGDP9N,1,57878,2.8083,NH,0.275408971805273,0.286348279182883,0.00286348279182883,0.559641636301122,,0.35698711,0.31499605,0.65552375,0.5431169,0.98885182,0.75960245,0.902519,0.7512665,0.347238,0.1739601,0.535324,0.1663908,0.1023026,0.1609351,0.2309315,0.1439188,,0,1,1,CPS CEV observed state rates; separate modern indicators; not spliced to Hawes index,0.4386,B19083_001E,ACS1
New Hampshire,2018,NH,82269.5,SAGDP9N,1,60335,2.625,NH,0.13129304874235,0.281835462898091,0.00281835462898091,0.347296802979595,,,,,,,,,,,,,,,,,,,0,0,0,,0.453,B19083_001E,ACS1
New Hampshire,2019,NH,84438.2,SAGDP9N,1,63946,2.575,NH,0.134775738686298,0.282206836529295,0.00282206836529295,0.11798585240664,,0.32210938,0.33168781,0.59570566,0.58505195,0.99698762,0.70933865,0.87214871,0.73798696,0.30050184,0.18652031,0.55052082,0.11717473,0.08053191,0.18494154,0.27430881,0.17773005,,0,1,1,CPS CEV observed state rates; separate modern indicators; not spliced to Hawes index,0.4406,B19083_001E,ACS1
New Hampshire,2020,NH,83152.6,SAGDP9N,1,67535,6.7417,NH,0.0942605428016045,0.281244839224224,0.00281244839224224,0.13644041025238,,,,,,,,,,,,,,,,,,,0,0,0,,,,
New Hampshire,2021,NH,89949.3,SAGDP9N,1,73672,3.4083,NH,0.0964660436532222,0.283319028557273,0.00283319028557273,0.13644041025238,,0.27915103,0.2942177,0.59374652,0.52449016,0.96717287,0.67566794,0.84319079,0.75868583,0.33897372,0.17831218,0.53719904,0.11958216,0.08753665,0.11903574,0.21249521,0.20876937,0.39398832,0,1,1,CPS CEV observed state rates; separate modern indicators; not spliced to Hawes index,0.4348,B19083_001E,ACS1
New Hampshire,2022,NH,91416.1,SAGDP9N,1,74952,2.275,NH,-0.116459271004734,0.283170587521422,0.00283170587521422,-0.0229110453867241,,,,,,,,,,,,,,,,,,,0,0,0,,0.4466,B19083_001E,ACS1
New Hampshire,2023,NH,93466.7,SAGDP9N,1,78936,2.1667,NH,-0.114738833974666,0.281193434600717,0.00281193434600717,-0.0229110453867241,,0.2963946,0.2966554,0.5840593,0.5974772,0.9829012,0.7037384,0.8797522,0.695236,0.3045623,0.1731942,0.5224911,0.1171877,0.0555248,0.164519,0.2283486,0.2606235,0.4846367,0,1,1,CPS CEV observed state rates; separate modern indicators; not spliced to Hawes index,0.4446,B19083_001E,ACS1
New Jersey,2000,NJ,503901.5,SAGDP9N,1,39095,3.65,NJ,-0.0176273180311419,0.284511905231798,0.00284511905231798,-0.625597586647686,-0.0416767,,,,,,,,,,,,,,,,,,1,0,1,Hawes/Compton 3-year moving-average social-capital index; contiguous 48 states,,,
New Jersey,2001,NJ,509631.5,SAGDP9N,1,40189,4.2333,NJ,-0.00877482522625691,0.286402202984716,0.00286402202984716,-0.61681061983624,-0.0763012,,,,,,,,,,,,,,,,,,1,0,1,Hawes/Compton 3-year moving-average social-capital index; contiguous 48 states,,,
New Jersey,2002,NJ,517752.2,SAGDP9N,1,40454,5.7667,NJ,1.09466226407484,0.289294744969383,0.00289294744969383,-0.0985468468025776,-0.053308934,,,,,,,,,,,,,,,,,,1,0,1,Hawes/Compton 3-year moving-average social-capital index; contiguous 48 states,,,
New Jersey,2003,NJ,529815.9,SAGDP9N,1,41167,5.8417,NJ,1.09392766103373,0.284975460310229,0.00284975460310229,-0.108942340977722,0.21079783,,,,,,,,,,,,,,,,,,1,0,1,Hawes/Compton 3-year moving-average social-capital index; contiguous 48 states,,,
New Jersey,2004,NJ,536174.0,SAGDP9N,1,42825,4.925,NJ,1.17558132799293,0.284464093177037,0.00284464093177037,-0.104538096878411,0.10892465,,,,,,,,,,,,,,,,,,1,0,1,Hawes/Compton 3-year moving-average social-capital index; contiguous 48 states,,,
New Jersey,2005,NJ,546357.8,SAGDP9N,1,44238,4.4417,NJ,1.17653814077659,0.28232488431907,0.0028232488431907,-0.109924257561444,0.17818774,,,,,,,,,,,,,,,,,,1,0,1,Hawes/Compton 3-year moving-average social-capital index; contiguous 48 states,,,
New Jersey,2006,NJ,555211.0,SAGDP9N,1,47366,4.6167,NJ,0.833013899644517,0.283708920540381,0.00283708920540381,-0.271547785443303,-0.061680224,,,,,,,,,,,,,,,,,,1,0,1,Hawes/Compton 3-year moving-average social-capital index; contiguous 48 states,0.458,B19083_001E,ACS1
New Jersey,2007,NJ,560823.8,SAGDP9N,1,50133,4.2083,NJ,0.830925364852769,0.28672787195487,0.0028672787195487,-0.255852734535636,-0.07624923,,,,,,,,,,,,,,,,,,1,0,1,Hawes/Compton 3-year moving-average social-capital index; contiguous 48 states,0.464,B19083_001E,ACS1
New Jersey,2008,NJ,573202.7,SAGDP9N,1,51606,5.45,NJ,1.0816848141184,0.284147798101119,0.00284147798101119,-0.168442294649082,-0.06637413,,,,,,,,,,,,,,,,,,1,0,1,Hawes/Compton 3-year moving-average social-capital index; contiguous 48 states,0.462,B19083_001E,ACS1
New Jersey,2009,NJ,546362.2,SAGDP9N,1,49828,8.9333,NJ,1.08233122492274,0.287426369882359,0.00287426369882359,-0.148019794088765,0.07292936,,,,,,,,,,,,,,,,,,1,0,1,Hawes/Compton 3-year moving-average social-capital index; contiguous 48 states,0.465,B19083_001E,ACS1
New Jersey,2010,NJ,554764.4,SAGDP9N,1,50961,9.6583,NJ,0.954834129173038,0.278573644126442,0.00278573644126442,-0.291675509448495,0.09364901,,,,,,,,,,,,,,,,,,1,0,1,Hawes/Compton 3-year moving-average social-capital index; contiguous 48 states,0.464,B19083_001E,ACS1
New Jersey,2011,NJ,548479.3,SAGDP9N,1,52854,9.375,NJ,0.956093568463738,0.281637047226328,0.00281637047226328,-0.2719991802658,,,,,,,,,,,,,,,,,,,0,0,0,,0.4694,B19083_001E,ACS1
New Jersey,2012,NJ,560729.7,SAGDP9N,1,54235,9.3833,NJ,1.22638589959201,0.280683542585199,0.00280683542585199,-0.0225443788606857,,,,,,,,,,,,,,,,,,,0,0,0,,0.4718,B19083_001E,ACS1
New Jersey,2013,NJ,570952.4,SAGDP9N,1,54365,8.375,NJ,1.22189398785061,0.283189369087092,0.00283189369087092,0.00905214567321282,,,,,,,,,,,,,,,,,,,0,0,0,,0.48,B19083_001E,ACS1
New Jersey,2014,NJ,570696.4,SAGDP9N,1,56367,6.7333,NJ,0.663942938186562,0.281741782538853,0.00281741782538853,0.113490163207877,,,,,,,,,,,,,,,,,,,0,0,0,,0.4757,B19083_001E,ACS1
New Jersey,2015,NJ,581414.9,SAGDP9N,1,58408,5.7,NJ,0.682955569544818,0.283387466776237,0.00283387466776237,0.285473376137593,,,,,,,,,,,,,,,,,,,0,0,0,,0.4832,B19083_001E,ACS1
New Jersey,2016,NJ,587049.7,SAGDP9N,1,59776,4.9417,NJ,0.867758023239505,0.284581178680455,0.00284581178680455,0.236705588468309,,,,,,,,,,,,,,,,,,,0,0,0,,0.4813,B19083_001E,ACS1
New Jersey,2017,NJ,590086.7,SAGDP9N,1,61704,4.5333,NJ,0.733316787700493,0.283111068161209,0.00283111068161209,0.00739463789535409,,0.26134699,0.25193276,0.55811686,0.49423955,0.97510278,0.78751871,0.8859757,0.7246901,0.3756158,0.2167548,0.4875354,0.0926346,0.085062,0.117087,0.1999109,0.1153605,,0,1,1,CPS CEV observed state rates; separate modern indicators; not spliced to Hawes index,0.4794,B19083_001E,ACS1
New Jersey,2018,NJ,606892.2,SAGDP9N,1,64198,4.0083,NJ,0.829056325496928,0.286145903829452,0.00286145903829452,0.904192546904729,,,,,,,,,,,,,,,,,,,0,0,0,,0.4836,B19083_001E,ACS1
New Jersey,2019,NJ,618691.0,SAGDP9N,1,67518,3.4583,NJ,0.931790854405481,0.286891234659082,0.00286891234659082,1.47746992333712,,0.26147236,0.26506766,0.54415958,0.48930539,0.94270188,0.67362881,0.79571285,0.62656215,0.29058914,0.15732016,0.56351581,0.09409263,0.08188676,0.09659196,0.21145387,0.13483937,,0,1,1,CPS CEV observed state rates; separate modern indicators; not spliced to Hawes index,0.4782,B19083_001E,ACS1
New Jersey,2020,NJ,597221.4,SAGDP9N,1,70430,9.475,NJ,1.20461314537234,0.284225610005352,0.00284225610005351,1.92562110133828,,,,,,,,,,,,,,,,,,,0,0,0,,,,
New Jersey,2021,NJ,632463.3,SAGDP9N,1,76040,6.7083,NJ,1.19669839130709,0.286043412031399,0.00286043412031399,1.92562110133828,,0.19908339,0.18033374,0.51101752,0.46975209,0.95177572,0.67868456,0.80355559,0.64154925,0.2976749,0.19085963,0.50824103,0.06492564,0.07801217,0.06298165,0.20945117,0.11593948,0.36482555,0,1,1,CPS CEV observed state rates; separate modern indicators; not spliced to Hawes index,0.4853,B19083_001E,ACS1
New Jersey,2022,NJ,650235.8,SAGDP9N,1,77456,3.8667,NJ,1.23481347305215,0.286588765350763,0.00286588765350763,2.26400007029844,,,,,,,,,,,,,,,,,,,0,0,0,,0.4815,B19083_001E,ACS1
New Jersey,2023,NJ,663888.5,SAGDP9N,1,81325,4.4167,NJ,1.23438477986415,0.28507410019847,0.0028507410019847,2.26400007029844,,0.2565836,0.2279223,0.5712183,0.5436478,0.9770966,0.697782,0.8209287,0.6680069,0.2623517,0.1335098,0.5663548,0.0878705,0.0920158,0.1119282,0.2326863,0.1387715,0.4245964,0,1,1,CPS CEV observed state rates; separate modern indicators; not spliced to Hawes index,0.4794,B19083_001E,ACS1
New Mexico,2000,NM,72733.8,SAGDP9N,1,23019,5.025,NM,0.728579835782575,0.284769559406231,0.00284769559406231,0.254339853089843,0.1034791,,,,,,,,,,,,,,,,,,1,0,1,Hawes/Compton 3-year moving-average social-capital index; contiguous 48 states,,,
New Mexico,2001,NM,72996.4,SAGDP9N,1,24545,4.9583,NM,0.760869483994375,0.283106389015515,0.00283106389015515,0.372694572764421,0.019376926,,,,,,,,,,,,,,,,,,1,0,1,Hawes/Compton 3-year moving-average social-capital index; contiguous 48 states,,,
New Mexico,2002,NM,75345.9,SAGDP9N,1,25237,5.4833,NM,0.470362330987316,0.285348949874465,0.00285348949874465,0.252458064024697,-0.13155778,,,,,,,,,,,,,,,,,,1,0,1,Hawes/Compton 3-year moving-average social-capital index; contiguous 48 states,,,
New Mexico,2003,NM,78766.8,SAGDP9N,1,26108,5.9,NM,0.466392759363812,0.282203916021842,0.00282203916021842,0.255976268969602,-0.032605432,,,,,,,,,,,,,,,,,,1,0,1,Hawes/Compton 3-year moving-average social-capital index; contiguous 48 states,,,
New Mexico,2004,NM,85751.0,SAGDP9N,1,27366,5.5583,NM,0.796409744665715,0.282465220448709,0.00282465220448709,0.433258840116,-0.39375812,,,,,,,,,,,,,,,,,,1,0,1,Hawes/Compton 3-year moving-average social-capital index; contiguous 48 states,,,
New Mexico,2005,NM,86295.9,SAGDP9N,1,28744,5.1833,NM,0.720121583162984,0.286184701463897,0.00286184701463897,0.200612209958576,-0.1956621,,,,,,,,,,,,,,,,,,1,0,1,Hawes/Compton 3-year moving-average social-capital index; contiguous 48 states,,,
New Mexico,2006,NM,88554.5,SAGDP9N,1,30433,4.2333,NM,0.805398500783764,0.284434875277532,0.00284434875277532,0.461194228750539,-0.44217017,,,,,,,,,,,,,,,,,,1,0,1,Hawes/Compton 3-year moving-average social-capital index; contiguous 48 states,0.457,B19083_001E,ACS1
New Mexico,2007,NM,89392.3,SAGDP9N,1,31780,3.5917,NM,0.723820532635132,0.284887283587839,0.00284887283587839,0.226917524694063,-0.2877621,,,,,,,,,,,,,,,,,,1,0,1,Hawes/Compton 3-year moving-average social-capital index; contiguous 48 states,0.459,B19083_001E,ACS1
New Mexico,2008,NM,89012.9,SAGDP9N,1,33552,4.3,NM,0.827651845782134,0.285707351705965,0.00285707351705965,0.356850353523633,-0.17633797,,,,,,,,,,,,,,,,,,1,0,1,Hawes/Compton 3-year moving-average social-capital index; contiguous 48 states,0.46,B19083_001E,ACS1
New Mexico,2009,NM,90829.2,SAGDP9N,1,32901,7.05,NM,0.82625898561277,0.285264910559103,0.00285264910559103,0.350453854359948,0.3491247,,,,,,,,,,,,,,,,,,1,0,1,Hawes/Compton 3-year moving-average social-capital index; contiguous 48 states,0.453,B19083_001E,ACS1
New Mexico,2010,NM,90721.0,SAGDP9N,1,33658,7.775,NM,0.972567539951141,0.285671454149762,0.00285671454149762,0.474070774116841,0.40549105,,,,,,,,,,,,,,,,,,1,0,1,Hawes/Compton 3-year moving-average social-capital index; contiguous 48 states,0.464,B19083_001E,ACS1
New Mexico,2011,NM,90552.3,SAGDP9N,1,35069,7.2167,NM,0.972281066799539,0.280467166252418,0.00280467166252418,0.467745921509026,,,,,,,,,,,,,,,,,,,0,0,0,,0.4821,B19083_001E,ACS1
New Mexico,2012,NM,90762.4,SAGDP9N,1,35694,6.9667,NM,0.909279833006839,0.286015454664237,0.00286015454664237,0.60847687229017,,,,,,,,,,,,,,,,,,,0,0,0,,0.4713,B19083_001E,ACS1
New Mexico,2013,NM,90104.0,SAGDP9N,1,34857,6.9083,NM,0.913125528247104,0.283455524447674,0.00283455524447674,0.611605012969417,,,,,,,,,,,,,,,,,,,0,0,0,,0.4759,B19083_001E,ACS1
New Mexico,2014,NM,92621.1,SAGDP9N,1,36880,6.5917,NM,0.784323900210447,0.283822328664382,0.00283822328664382,0.0419966865581768,,,,,,,,,,,,,,,,,,,0,0,0,,0.477,B19083_001E,ACS1
New Mexico,2015,NM,93503.9,SAGDP9N,1,37752,6.6,NM,0.788986615249713,0.283195076585908,0.00283195076585908,0.0419966865581768,,,,,,,,,,,,,,,,,,,0,0,0,,0.4795,B19083_001E,ACS1
New Mexico,2016,NM,93043.5,SAGDP9N,1,38474,6.75,NM,0.905408583491098,0.282143049478979,0.00282143049478979,0.761729343125773,,,,,,,,,,,,,,,,,,,0,0,0,,0.4769,B19083_001E,ACS1
New Mexico,2017,NM,93210.1,SAGDP9N,1,39196,6.0417,NM,0.900381009468092,0.286492311856585,0.00286492311856585,0.761729343125773,,0.27053585,0.22018929,0.44143208,0.44095466,0.97591039,0.69577369,0.8655164,0.6530395,0.2689356,0.2009949,0.4913743,0.1221467,0.0953354,0.1225264,0.1525547,0.1277137,,0,1,1,CPS CEV observed state rates; separate modern indicators; not spliced to Hawes index,0.4776,B19083_001E,ACS1
New Mexico,2018,NM,96077.0,SAGDP9N,1,40976,4.925,NM,0.866667620205802,0.285556531834799,0.00285556531834799,1.3200139728083,,,,,,,,,,,,,,,,,,,0,0,0,,0.4891,B19083_001E,ACS1
New Mexico,2019,NM,100342.2,SAGDP9N,1,43223,4.9583,NM,0.917110126238427,0.284013763577815,0.00284013763577815,1.54932492338125,,0.27748398,0.26338741,0.4267782,0.47541095,0.9675947,0.63659619,0.78579994,0.66434406,0.28600783,0.20572252,0.53964134,0.1080011,0.10402336,0.10692144,0.19326837,0.16848232,,0,1,1,CPS CEV observed state rates; separate modern indicators; not spliced to Hawes index,0.4768,B19083_001E,ACS1
New Mexico,2020,NM,97622.4,SAGDP9N,1,46483,7.925,NM,0.914595300289884,0.286147655832679,0.00286147655832679,2.23784449328329,,,,,,,,,,,,,,,,,,,0,0,0,,,,
New Mexico,2021,NM,100917.6,SAGDP9N,1,50682,7.0667,NM,0.912420124324238,0.286061430661011,0.00286061430661011,2.23784449328329,,0.19674798,0.20312318,0.44313866,0.46188433,0.9815966,0.60889322,0.83718454,0.66032022,0.24750775,0.20710486,0.54351447,0.09074703,0.12486175,0.08244639,0.13581958,0.20756494,0.34551779,0,1,1,CPS CEV observed state rates; separate modern indicators; not spliced to Hawes index,0.4861,B19083_001E,ACS1
New Mexico,2022,NM,103301.6,SAGDP9N,1,53069,4.0583,NM,0.820702145291773,0.284856656525958,0.00284856656525958,2.19978469608229,,,,,,,,,,,,,,,,,,,0,0,0,,0.4796,B19083_001E,ACS1
New Mexico,2023,NM,110323.7,SAGDP9N,1,55166,3.75,NM,0.838545203384749,0.285339939498496,0.00285339939498496,2.31444017136877,,0.2025419,0.1908333,0.3737651,0.4769614,0.988205,0.6130272,0.8010169,0.6500532,0.2419373,0.2046279,0.5399778,0.0925307,0.0645885,0.0912288,0.1378476,0.1875549,0.3749662,0,1,1,CPS CEV observed state rates; separate modern indicators; not spliced to Hawes index,0.4771,B19083_001E,ACS1
New York,2000,NY,1217036.4,SAGDP9N,1,35955,4.5083,NY,-0.582624272522386,0.287175798573818,0.00287175798573819,-1.25177852890289,-0.48124006,,,,,,,,,,,,,,,,,,1,0,1,Hawes/Compton 3-year moving-average social-capital index; contiguous 48 states,,,
New York,2001,NY,1240755.2,SAGDP9N,1,37176,4.875,NY,-0.577804599975791,0.284876251984197,0.00284876251984197,-1.24973485853044,-0.3428209,,,,,,,,,,,,,,,,,,1,0,1,Hawes/Compton 3-year moving-average social-capital index; contiguous 48 states,,,
New York,2002,NY,1228580.8,SAGDP9N,1,36972,6.2,NY,-0.607430671354456,0.287149683732073,0.00287149683732073,-1.20746830129678,-0.33825877,,,,,,,,,,,,,,,,,,1,0,1,Hawes/Compton 3-year moving-average social-capital index; contiguous 48 states,,,
New York,2003,NY,1236563.1,SAGDP9N,1,37420,6.4,NY,-0.616339597545521,0.287750340513165,0.00287750340513165,-1.25008724839564,-0.29822472,,,,,,,,,,,,,,,,,,1,0,1,Hawes/Compton 3-year moving-average social-capital index; contiguous 48 states,,,
New York,2004,NY,1269433.1,SAGDP9N,1,39093,5.7917,NY,-0.455897113115846,0.288275491543487,0.00288275491543487,-1.12206007459699,-0.374484,,,,,,,,,,,,,,,,,,1,0,1,Hawes/Compton 3-year moving-average social-capital index; contiguous 48 states,,,
New York,2005,NY,1301438.0,SAGDP9N,1,40645,4.9583,NY,-0.457132730893319,0.288692814230442,0.00288692814230442,-1.12248649351956,-0.41002175,,,,,,,,,,,,,,,,,,1,0,1,Hawes/Compton 3-year moving-average social-capital index; contiguous 48 states,,,
New York,2006,NY,1339568.5,SAGDP9N,1,43760,4.5333,NY,-0.631379276183265,0.285041504540912,0.00285041504540912,-1.48786252950462,-0.48349676,,,,,,,,,,,,,,,,,,1,0,1,Hawes/Compton 3-year moving-average social-capital index; contiguous 48 states,0.495,B19083_001E,ACS1
New York,2007,NY,1353798.9,SAGDP9N,1,47020,4.4333,NY,-0.54765127244491,0.285846366404881,0.00285846366404881,-1.26717051365487,-0.4722245,,,,,,,,,,,,,,,,,,1,0,1,Hawes/Compton 3-year moving-average social-capital index; contiguous 48 states,0.5,B19083_001E,ACS1
New York,2008,NY,1328095.7,SAGDP9N,1,47909,5.4083,NY,-0.0687446367346394,0.286008317139728,0.00286008317139728,-1.1906504546081,-0.370304,,,,,,,,,,,,,,,,,,1,0,1,Hawes/Compton 3-year moving-average social-capital index; contiguous 48 states,0.503,B19083_001E,ACS1
New York,2009,NY,1379504.6,SAGDP9N,1,46936,8.3667,NY,-0.0601895249952378,0.283890190484749,0.00283890190484749,-1.09827130521606,-0.11884115,,,,,,,,,,,,,,,,,,1,0,1,Hawes/Compton 3-year moving-average social-capital index; contiguous 48 states,0.502,B19083_001E,ACS1
New York,2010,NY,1431624.0,SAGDP9N,1,48578,8.7167,NY,0.078819181965721,0.285770511599504,0.00285770511599504,-0.897173755648552,-0.07471633,,,,,,,,,,,,,,,,,,1,0,1,Hawes/Compton 3-year moving-average social-capital index; contiguous 48 states,0.499,B19083_001E,ACS1
New York,2011,NY,1440346.8,SAGDP9N,1,50772,8.3583,NY,0.0828467180577405,0.288805108501374,0.00288805108501374,-0.896856177870303,,,,,,,,,,,,,,,,,,,0,0,0,,0.5033,B19083_001E,ACS1
New York,2012,NY,1496280.1,SAGDP9N,1,52625,8.625,NY,0.232424095594645,0.282348179803025,0.00282348179803025,-0.436227889216467,,,,,,,,,,,,,,,,,,,0,0,0,,0.5009,B19083_001E,ACS1
New York,2013,NY,1501818.0,SAGDP9N,1,52874,7.7917,NY,0.220041027485719,0.288089925664756,0.00288089925664756,-0.471124621318089,,,,,,,,,,,,,,,,,,,0,0,0,,0.5098,B19083_001E,ACS1
New York,2014,NY,1535375.9,SAGDP9N,1,54496,6.2917,NY,0.215167718641046,0.281715872744573,0.00281715872744573,-0.180377629546542,,,,,,,,,,,,,,,,,,,0,0,0,,0.5111,B19083_001E,ACS1
New York,2015,NY,1565835.2,SAGDP9N,1,56608,5.2333,NY,0.214411848392438,0.284071851517018,0.00284071851517018,-0.180377629546542,,,,,,,,,,,,,,,,,,,0,0,0,,0.5138,B19083_001E,ACS1
New York,2016,NY,1590567.8,SAGDP9N,1,58400,4.875,NY,0.411220092359893,0.280479456699152,0.00280479456699152,-0.0744302102676134,,,,,,,,,,,,,,,,,,,0,0,0,,0.5129,B19083_001E,ACS1
New York,2017,NY,1624800.7,SAGDP9N,1,62206,4.6333,NY,0.408985674362553,0.281951012266079,0.00281951012266079,-0.0744302102676134,,0.2528168,0.25816271,0.48389429,0.4527826,0.96665927,0.73939847,0.855072,0.7219647,0.3622894,0.2392143,0.4506881,0.1069947,0.1325347,0.1218112,0.2097878,0.1111442,,0,1,1,CPS CEV observed state rates; separate modern indicators; not spliced to Hawes index,0.5157,B19083_001E,ACS1
New York,2018,NY,1665186.8,SAGDP9N,1,64229,4.1,NY,0.413140267579681,0.287347088307504,0.00287347088307504,-0.0442205248672958,,,,,,,,,,,,,,,,,,,0,0,0,,0.513,B19083_001E,ACS1
New York,2019,NY,1704364.3,SAGDP9N,1,66460,3.8583,NY,0.507601687678311,0.283440554346346,0.00283440554346346,0.529056851565091,,0.22652851,0.21990095,0.45360457,0.44584969,0.97605481,0.67127917,0.84723699,0.68008395,0.27902682,0.18350259,0.51575567,0.07184894,0.08220932,0.08809593,0.18442125,0.11894185,,0,1,1,CPS CEV observed state rates; separate modern indicators; not spliced to Hawes index,0.5149,B19083_001E,ACS1
New York,2020,NY,1656784.8,SAGDP9N,1,70395,9.8917,NY,0.586535822527896,0.284870840588161,0.00284870840588161,1.04573961173817,,,,,,,,,,,,,,,,,,,0,0,0,,,,
New York,2021,NY,1736222.3,SAGDP9N,1,76040,7.0917,NY,0.641484260666957,0.286813536935293,0.00286813536935293,1.27505056231112,,0.21718866,0.24035216,0.47662515,0.45147087,0.96226142,0.67676699,0.86153251,0.70463536,0.3280468,0.20032793,0.55683174,0.10176432,0.12445267,0.08595312,0.20376996,0.17385941,0.30185951,0,1,1,CPS CEV observed state rates; separate modern indicators; not spliced to Hawes index,0.514,B19083_001E,ACS1
New York,2022,NY,1765102.1,SAGDP9N,1,77382,4.325,NY,0.656313584909294,0.283593775662837,0.00283593775662837,1.25097274486449,,,,,,,,,,,,,,,,,,,0,0,0,,0.5208,B19083_001E,ACS1
New York,2023,NY,1791210.7,SAGDP9N,1,81630,4.2083,NY,0.653386401504018,0.284211499066523,0.00284211499066523,1.25097274486449,,0.2550391,0.2394091,0.4399939,0.5100803,0.9604568,0.7136781,0.8398138,0.7237164,0.3216264,0.1857922,0.5222987,0.0750862,0.0854178,0.0946931,0.241832,0.1601508,0.3922215,0,1,1,CPS CEV observed state rates; separate modern indicators; not spliced to Hawes index,0.5157,B19083_001E,ACS1
North Carolina,2000,NC,384115.3,SAGDP9N,1,27410,3.7583,NC,0.392556656237743,0.280364652304175,0.00280364652304175,1.00770271929314,-0.4601851,,,,,,,,,,,,,,,,,,1,0,1,Hawes/Compton 3-year moving-average social-capital index; contiguous 48 states,,,
North Carolina,2001,NC,387433.9,SAGDP9N,1,27782,5.625,NC,0.385505077959885,0.284402870523674,0.00284402870523674,1.04258356745049,-0.6034974,,,,,,,,,,,,,,,,,,1,0,1,Hawes/Compton 3-year moving-average social-capital index; contiguous 48 states,,,
North Carolina,2002,NC,393685.9,SAGDP9N,1,27856,6.925,NC,0.605894106872003,0.28334718325636,0.0028334718325636,1.11331712827352,-0.645136,,,,,,,,,,,,,,,,,,1,0,1,Hawes/Compton 3-year moving-average social-capital index; contiguous 48 states,,,
North Carolina,2003,NC,404582.5,SAGDP9N,1,28709,6.7167,NC,0.620056726482361,0.283930794720213,0.00283930794720213,1.18417954351018,-0.39129576,,,,,,,,,,,,,,,,,,1,0,1,Hawes/Compton 3-year moving-average social-capital index; contiguous 48 states,,,
North Carolina,2004,NC,420579.4,SAGDP9N,1,30586,5.8583,NC,0.922529047662778,0.284564515650834,0.00284564515650834,1.37683579697239,-0.6956486,,,,,,,,,,,,,,,,,,1,0,1,Hawes/Compton 3-year moving-average social-capital index; contiguous 48 states,,,
North Carolina,2005,NC,442305.6,SAGDP9N,1,32209,5.6,NC,0.931768069967509,0.28505199759545,0.0028505199759545,1.42180834094701,-0.8149792,,,,,,,,,,,,,,,,,,1,0,1,Hawes/Compton 3-year moving-average social-capital index; contiguous 48 states,,,
North Carolina,2006,NC,470663.9,SAGDP9N,1,34189,5.1333,NC,0.892541469162468,0.283879796559449,0.00283879796559449,1.26681717834766,-1.235501,,,,,,,,,,,,,,,,,,1,0,1,Hawes/Compton 3-year moving-average social-capital index; contiguous 48 states,0.458,B19083_001E,ACS1
North Carolina,2007,NC,477920.8,SAGDP9N,1,35960,5.0917,NC,0.945293005998737,0.288508804696196,0.00288508804696196,1.52016758972424,-1.1269634,,,,,,,,,,,,,,,,,,1,0,1,Hawes/Compton 3-year moving-average social-capital index; contiguous 48 states,0.465,B19083_001E,ACS1
North Carolina,2008,NC,492688.8,SAGDP9N,1,37772,6.2083,NC,0.844651075804731,0.2831942803126,0.002831942803126,1.36977491202665,-0.99793184,,,,,,,,,,,,,,,,,,1,0,1,Hawes/Compton 3-year moving-average social-capital index; contiguous 48 states,0.463,B19083_001E,ACS1
North Carolina,2009,NC,473610.5,SAGDP9N,1,35921,11.0333,NC,0.863644340808455,0.286913643325826,0.00286913643325826,1.41756774651889,-0.711547,,,,,,,,,,,,,,,,,,1,0,1,Hawes/Compton 3-year moving-average social-capital index; contiguous 48 states,0.464,B19083_001E,ACS1
North Carolina,2010,NC,482030.4,SAGDP9N,1,35848,10.7167,NC,0.773424155537334,0.280798242525599,0.00280798242525599,1.21947339494294,-0.66248596,,,,,,,,,,,,,,,,,,1,0,1,Hawes/Compton 3-year moving-average social-capital index; contiguous 48 states,0.464,B19083_001E,ACS1
North Carolina,2011,NC,484200.3,SAGDP9N,1,36822,10.2333,NC,0.7614479575212,0.285028512617256,0.00285028512617256,1.23378488013902,,,,,,,,,,,,,,,,,,,0,0,0,,0.4716,B19083_001E,ACS1
North Carolina,2012,NC,488126.5,SAGDP9N,1,38876,9.5167,NC,-1.87918415675868,0.285897313001368,0.00285897313001368,-0.177329019027295,,,,,,,,,,,,,,,,,,,0,0,0,,0.4691,B19083_001E,ACS1
North Carolina,2013,NC,497456.6,SAGDP9N,1,38074,7.7333,NC,-2.13413242221357,0.286207800949258,0.00286207800949258,-0.816673541287074,,,,,,,,,,,,,,,,,,,0,0,0,,0.4765,B19083_001E,ACS1
North Carolina,2014,NC,509782.4,SAGDP9N,1,39880,6.1083,NC,-2.28572255918982,0.285265836584151,0.00285265836584151,-0.856536393185613,,,,,,,,,,,,,,,,,,,0,0,0,,0.4748,B19083_001E,ACS1
North Carolina,2015,NC,525229.1,SAGDP9N,1,41632,5.6583,NC,-2.28940226726328,0.289382230137955,0.00289382230137955,-0.856536393185613,,,,,,,,,,,,,,,,,,,0,0,0,,0.4776,B19083_001E,ACS1
North Carolina,2016,NC,536308.5,SAGDP9N,1,42596,5.1,NC,-1.8583173072916,0.287893182631654,0.00287893182631654,-0.786787301470363,,,,,,,,,,,,,,,,,,,0,0,0,,0.478,B19083_001E,ACS1
North Carolina,2017,NC,546810.1,SAGDP9N,1,44219,4.525,NC,-1.72700338819027,0.286172052686786,0.00286172052686786,-0.557476350897409,,0.35051712,0.32228469,0.54684498,0.53669804,0.97268254,0.74797169,0.8829354,0.7309299,0.3461189,0.1957815,0.5938,0.1091805,0.0783319,0.0999095,0.2492981,0.1442038,,0,1,1,CPS CEV observed state rates; separate modern indicators; not spliced to Hawes index,0.4763,B19083_001E,ACS1
North Carolina,2018,NC,556573.7,SAGDP9N,1,46048,3.9917,NC,-1.18120205731783,0.284945734763959,0.00284945734763959,-0.00861667551425341,,,,,,,,,,,,,,,,,,,0,0,0,,0.4782,B19083_001E,ACS1
North Carolina,2019,NC,567975.0,SAGDP9N,1,48374,3.8833,NC,-1.149063333754,0.289436138144221,0.00289436138144221,0.220694275058701,,0.3038213,0.26073795,0.49899212,0.48654672,0.9674202,0.67520113,0.8147749,0.64105203,0.27576665,0.14443646,0.49430739,0.08296738,0.06329279,0.08089007,0.21950543,0.10415863,,0,1,1,CPS CEV observed state rates; separate modern indicators; not spliced to Hawes index,0.4743,B19083_001E,ACS1
North Carolina,2020,NC,564504.4,SAGDP9N,1,51779,7.2833,NC,-0.164758625800075,0.28494334220448,0.0028494334220448,1.24039484248405,,,,,,,,,,,,,,,,,,,0,0,0,,,,
North Carolina,2021,NC,600217.3,SAGDP9N,1,57023,4.8833,NC,-0.24432942024195,0.286381705128617,0.00286381705128617,1.0110838919111,,0.2282671,0.24778925,0.47601488,0.48425029,0.97749516,0.68886905,0.81617164,0.69406903,0.30371981,0.18328516,0.59252708,0.0663124,0.06915701,0.06227292,0.19555747,0.16110736,0.37244956,0,1,1,CPS CEV observed state rates; separate modern indicators; not spliced to Hawes index,0.4801,B19083_001E,ACS1
North Carolina,2022,NC,619537.2,SAGDP9N,1,58871,3.6833,NC,-0.172707591194268,0.285637107117174,0.00285637107117174,1.3173772727915,,,,,,,,,,,,,,,,,,,0,0,0,,0.4768,B19083_001E,ACS1
North Carolina,2023,NC,638067.3,SAGDP9N,1,61579,3.4583,NC,-0.307232635635877,0.284158477397303,0.00284158477397303,1.08806632221854,,0.2488197,0.2075656,0.4644727,0.4926466,0.9592662,0.6719733,0.8151438,0.6206004,0.2595355,0.1403145,0.4992506,0.0687617,0.0629452,0.0858877,0.2330959,0.1908364,0.3814309,0,1,1,CPS CEV observed state rates; separate modern indicators; not spliced to Hawes index,0.4732,B19083_001E,ACS1
North Dakota,2000,ND,24990.2,SAGDP9N,1,25842,2.925,ND,1.05892240158716,0.286157599667782,0.00286157599667782,1.30865317887292,0.47298247,,,,,,,,,,,,,,,,,,1,0,1,Hawes/Compton 3-year moving-average social-capital index; contiguous 48 states,,,
North Dakota,2001,ND,25329.8,SAGDP9N,1,26493,2.8333,ND,1.05584175881222,0.285093640126347,0.00285093640126347,1.31044576055185,0.49062276,,,,,,,,,,,,,,,,,,1,0,1,Hawes/Compton 3-year moving-average social-capital index; contiguous 48 states,,,
North Dakota,2002,ND,26592.1,SAGDP9N,1,27197,3.375,ND,1.45936684200559,0.285290184090793,0.00285290184090793,1.53435907054247,0.386986,,,,,,,,,,,,,,,,,,1,0,1,Hawes/Compton 3-year moving-average social-capital index; contiguous 48 states,,,
North Dakota,2003,ND,28326.7,SAGDP9N,1,29663,3.475,ND,1.37701139492326,0.282124438815075,0.00282124438815075,1.30972261627481,1.4730353,,,,,,,,,,,,,,,,,,1,0,1,Hawes/Compton 3-year moving-average social-capital index; contiguous 48 states,,,
North Dakota,2004,ND,28636.2,SAGDP9N,1,29984,3.3833,ND,1.17426221307765,0.288856652530676,0.00288856652530676,1.17374968193727,0.38307875,,,,,,,,,,,,,,,,,,1,0,1,Hawes/Compton 3-year moving-average social-capital index; contiguous 48 states,,,
North Dakota,2005,ND,29629.0,SAGDP9N,1,31731,3.3083,ND,1.1683848054824,0.285181652835976,0.00285181652835976,1.16905617430238,0.18834068,,,,,,,,,,,,,,,,,,1,0,1,Hawes/Compton 3-year moving-average social-capital index; contiguous 48 states,,,
North Dakota,2006,ND,30911.4,SAGDP9N,1,33120,3.1,ND,1.27200416541927,0.283771550040872,0.00283771550040872,1.45115463682976,-0.50083214,,,,,,,,,,,,,,,,,,1,0,1,Hawes/Compton 3-year moving-average social-capital index; contiguous 48 states,0.434,B19083_001E,ACS1
North Dakota,2007,ND,32529.0,SAGDP9N,1,36501,3.0167,ND,1.19087837625398,0.286113007027793,0.00286113007027793,1.20737824884921,0.09975389,,,,,,,,,,,,,,,,,,1,0,1,Hawes/Compton 3-year moving-average social-capital index; contiguous 48 states,0.44,B19083_001E,ACS1
North Dakota,2008,ND,35030.4,SAGDP9N,1,40973,3.1083,ND,1.07217192789866,0.284171027542656,0.00284171027542656,1.19816791145418,-0.22045925,,,,,,,,,,,,,,,,,,1,0,1,Hawes/Compton 3-year moving-average social-capital index; contiguous 48 states,0.451,B19083_001E,ACS1
North Dakota,2009,ND,35971.3,SAGDP9N,1,40186,3.9167,ND,1.08159953041276,0.283959276637349,0.00283959276637349,1.20387558307819,0.14963807,,,,,,,,,,,,,,,,,,1,0,1,Hawes/Compton 3-year moving-average social-capital index; contiguous 48 states,0.45,B19083_001E,ACS1
North Dakota,2010,ND,38697.4,SAGDP9N,1,44081,3.6917,ND,0.86649927651574,0.283718819715671,0.00283718819715671,1.05079611142598,-0.010279079,,,,,,,,,,,,,,,,,,1,0,1,Hawes/Compton 3-year moving-average social-capital index; contiguous 48 states,0.433,B19083_001E,ACS1
North Dakota,2011,ND,43300.4,SAGDP9N,1,48873,3.3583,ND,0.858756673116925,0.286177259862076,0.00286177259862076,1.02563928324064,,,,,,,,,,,,,,,,,,,0,0,0,,0.4448,B19083_001E,ACS1
North Dakota,2012,ND,53326.8,SAGDP9N,1,56056,2.9333,ND,1.00162627939562,0.283068181235055,0.00283068181235055,1.11787319132088,,,,,,,,,,,,,,,,,,,0,0,0,,0.4597,B19083_001E,ACS1
North Dakota,2013,ND,54690.9,SAGDP9N,1,54337,2.8917,ND,1.01248081666451,0.282007313682872,0.00282007313682872,1.14205381606678,,,,,,,,,,,,,,,,,,,0,0,0,,0.455,B19083_001E,ACS1
North Dakota,2014,ND,60193.0,SAGDP9N,1,56647,2.6167,ND,0.989756781993629,0.286056071087032,0.00286056071087032,1.20715396892827,,,,,,,,,,,,,,,,,,,0,0,0,,0.4664,B19083_001E,ACS1
North Dakota,2015,ND,58694.5,SAGDP9N,1,52972,2.7833,ND,0.98646253007798,0.284121486123964,0.00284121486123964,1.20715396892827,,,,,,,,,,,,,,,,,,,0,0,0,,0.4664,B19083_001E,ACS1
North Dakota,2016,ND,54756.0,SAGDP9N,1,51298,3.1,ND,0.908789778006904,0.283795187919643,0.00283795187919643,1.00441791215183,,,,,,,,,,,,,,,,,,,0,0,0,,0.4533,B19083_001E,ACS1
North Dakota,2017,ND,56530.2,SAGDP9N,1,51830,2.6083,ND,0.770815003578252,0.284133062103405,0.00284133062103405,0.775106961578879,,0.37448269,0.39655372,0.62643851,0.65165202,0.98010682,0.83210397,0.9044287,0.7721037,0.4294619,0.2129954,0.5809523,0.1463059,0.0713531,0.1396124,0.2548571,0.1564132,,0,1,1,CPS CEV observed state rates; separate modern indicators; not spliced to Hawes index,0.4546,B19083_001E,ACS1
North Dakota,2018,ND,58516.4,SAGDP9N,1,55173,2.4083,ND,0.584153023205941,0.281506745651682,0.00281506745651682,0.819830934508432,,,,,,,,,,,,,,,,,,,0,0,0,,0.4427,B19083_001E,ACS1
North Dakota,2019,ND,59408.5,SAGDP9N,1,56657,2.1417,ND,0.593125688957545,0.286131297643161,0.00286131297643161,1.04914188508139,,0.32885308,0.30739005,0.58137318,0.57601248,0.97885635,0.7772733,0.88276796,0.70455108,0.28649663,0.19446672,0.57397988,0.10772804,0.08449331,0.11635104,0.23743503,0.12362729,,0,1,1,CPS CEV observed state rates; separate modern indicators; not spliced to Hawes index,0.4558,B19083_001E,ACS1
North Dakota,2020,ND,55850.6,SAGDP9N,1,60368,4.95,ND,0.59108704419282,0.285064092555106,0.00285064092555106,1.23102213953423,,,,,,,,,,,,,,,,,,,0,0,0,,,,
North Dakota,2021,ND,56419.2,SAGDP9N,1,65975,3,ND,0.599376197687325,0.287794480112602,0.00287794480112602,1.23102213953423,,0.26922705,0.32324039,0.56678046,0.50295313,0.95925801,0.68774666,0.84312103,0.68818191,0.31191539,0.21290187,0.62970358,0.11319872,0.08835755,0.08353484,0.1821813,0.13709383,0.38264536,0,1,1,CPS CEV observed state rates; separate modern indicators; not spliced to Hawes index,0.4531,B19083_001E,ACS1
North Dakota,2022,ND,55988.0,SAGDP9N,1,71042,2,ND,0.587797546094943,0.287689966068095,0.00287689966068095,1.167433257663,,,,,,,,,,,,,,,,,,,0,0,0,,0.4678,B19083_001E,ACS1
North Dakota,2023,ND,60348.6,SAGDP9N,1,71574,1.8833,ND,0.588441787985512,0.283944804162033,0.00283944804162033,1.167433257663,,0.307131,0.2805086,0.5403471,0.5588594,0.9927807,0.7262943,0.8695069,0.6697831,0.320063,0.1593586,0.5639775,0.1098363,0.0517352,0.110057,0.2175097,0.1632623,0.4357009,0,1,1,CPS CEV observed state rates; separate modern indicators; not spliced to Hawes index,0.4451,B19083_001E,ACS1
Ohio,2000,OH,541005.9,SAGDP9N,1,28496,4.1167,OH,-0.452152342725281,0.288146072728206,0.00288146072728206,-1.04481680546658,0.42608163,,,,,,,,,,,,,,,,,,1,0,1,Hawes/Compton 3-year moving-average social-capital index; contiguous 48 states,,,
Ohio,2001,OH,534612.4,SAGDP9N,1,29261,4.375,OH,-0.455412198122508,0.285475904195151,0.00285475904195151,-1.03192133600062,0.11333313,,,,,,,,,,,,,,,,,,1,0,1,Hawes/Compton 3-year moving-average social-capital index; contiguous 48 states,,,
Ohio,2002,OH,546688.2,SAGDP9N,1,29669,5.7917,OH,-0.836923318102754,0.286957675780112,0.00286957675780112,-1.38528345909584,-0.036153987,,,,,,,,,,,,,,,,,,1,0,1,Hawes/Compton 3-year moving-average social-capital index; contiguous 48 states,,,
Ohio,2003,OH,557024.5,SAGDP9N,1,30471,6.2167,OH,-0.837014522488206,0.284012814976744,0.00284012814976744,-1.38112459806345,0.1124016,,,,,,,,,,,,,,,,,,1,0,1,Hawes/Compton 3-year moving-average social-capital index; contiguous 48 states,,,
Ohio,2004,OH,572308.5,SAGDP9N,1,31588,6.25,OH,-0.86213796467939,0.284290794014183,0.00284290794014183,-1.42214067526073,0.14786118,,,,,,,,,,,,,,,,,,1,0,1,Hawes/Compton 3-year moving-average social-capital index; contiguous 48 states,,,
Ohio,2005,OH,584867.7,SAGDP9N,1,32419,5.9333,OH,-0.854124072774689,0.2816907115881,0.002816907115881,-1.42154115400655,-0.10240026,,,,,,,,,,,,,,,,,,1,0,1,Hawes/Compton 3-year moving-average social-capital index; contiguous 48 states,,,
Ohio,2006,OH,582637.6,SAGDP9N,1,33976,5.4167,OH,-0.756917886321076,0.286958168143232,0.00286958168143232,-1.67664488852032,-0.2283861,,,,,,,,,,,,,,,,,,1,0,1,Hawes/Compton 3-year moving-average social-capital index; contiguous 48 states,0.449,B19083_001E,ACS1
Ohio,2007,OH,585403.0,SAGDP9N,1,35371,5.6083,OH,-0.750548572975395,0.285521034383876,0.00285521034383876,-1.66738499216127,-0.37378734,,,,,,,,,,,,,,,,,,1,0,1,Hawes/Compton 3-year moving-average social-capital index; contiguous 48 states,0.448,B19083_001E,ACS1
Ohio,2008,OH,580389.0,SAGDP9N,1,36654,6.6,OH,-0.102408120526508,0.282990854560527,0.00282990854560527,-1.19120384927976,-0.37676594,,,,,,,,,,,,,,,,,,1,0,1,Hawes/Compton 3-year moving-average social-capital index; contiguous 48 states,0.45,B19083_001E,ACS1
Ohio,2009,OH,550982.4,SAGDP9N,1,35593,10.1417,OH,-0.0710493061365662,0.282454380988773,0.00282454380988773,-1.16448256269175,-0.42187968,,,,,,,,,,,,,,,,,,1,0,1,Hawes/Compton 3-year moving-average social-capital index; contiguous 48 states,0.453,B19083_001E,ACS1
Ohio,2010,OH,563816.3,SAGDP9N,1,36580,10.2667,OH,-0.0366401816573103,0.280657126082405,0.00280657126082405,-0.877541575604325,-0.4141867,,,,,,,,,,,,,,,,,,1,0,1,Hawes/Compton 3-year moving-average social-capital index; contiguous 48 states,0.452,B19083_001E,ACS1
Ohio,2011,OH,580251.4,SAGDP9N,1,38927,8.8167,OH,-0.0328102769632052,0.283787771491153,0.00283787771491153,-0.950278862913173,,,,,,,,,,,,,,,,,,,0,0,0,,0.4594,B19083_001E,ACS1
Ohio,2012,OH,586540.9,SAGDP9N,1,40279,7.4083,OH,-1.66574474155916,0.284291748192958,0.00284291748192958,-1.8905782482005,,,,,,,,,,,,,,,,,,,0,0,0,,0.4615,B19083_001E,ACS1
Ohio,2013,OH,603057.4,SAGDP9N,1,40752,7.4583,OH,-1.68067322285411,0.283249218235469,0.00283249218235469,-1.84292412121406,,,,,,,,,,,,,,,,,,,0,0,0,,0.4652,B19083_001E,ACS1
Ohio,2014,OH,624973.4,SAGDP9N,1,42277,5.8,OH,-1.78882542512019,0.284527985413706,0.00284527985413706,-1.51115023481288,,,,,,,,,,,,,,,,,,,0,0,0,,0.4637,B19083_001E,ACS1
Ohio,2015,OH,633274.8,SAGDP9N,1,43799,4.95,OH,-1.78560006004407,0.284179866324483,0.00284179866324483,-1.51115023481288,,,,,,,,,,,,,,,,,,,0,0,0,,0.4637,B19083_001E,ACS1
Ohio,2016,OH,638157.5,SAGDP9N,1,44574,5.075,OH,-1.57420202183677,0.286249950808867,0.00286249950808867,-0.860339810191066,,,,,,,,,,,,,,,,,,,0,0,0,,0.468,B19083_001E,ACS1
Ohio,2017,OH,652187.5,SAGDP9N,1,46114,4.9667,OH,-1.57512049712881,0.283895264956421,0.00283895264956421,-0.860339810191066,,0.33241484,0.32195317,0.59253038,0.57407558,0.99283679,0.77486455,0.8923829,0.7178925,0.3045338,0.202736,0.6049861,0.1209843,0.0877901,0.0930237,0.2080478,0.1371931,,0,1,1,CPS CEV observed state rates; separate modern indicators; not spliced to Hawes index,0.4642,B19083_001E,ACS1
Ohio,2018,OH,656212.0,SAGDP9N,1,47821,4.5,OH,-1.24794090667796,0.281238565063802,0.00281238565063802,-0.671747592851199,,,,,,,,,,,,,,,,,,,0,0,0,,0.4667,B19083_001E,ACS1
Ohio,2019,OH,674063.9,SAGDP9N,1,49395,4.175,OH,-1.18114349570227,0.282601659071052,0.00282601659071052,-0.136688708180972,,0.37109961,0.29255624,0.55042832,0.57441297,0.99007993,0.72920035,0.87190802,0.70000023,0.25906632,0.18392221,0.58385369,0.10866969,0.07412945,0.10097103,0.21698544,0.17355688,,0,1,1,CPS CEV observed state rates; separate modern indicators; not spliced to Hawes index,0.4651,B19083_001E,ACS1
Ohio,2020,OH,655243.3,SAGDP9N,1,52839,8.2667,OH,-1.02078294060336,0.279160520301205,0.00279160520301205,0.244133326006616,,,,,,,,,,,,,,,,,,,0,0,0,,,,
Ohio,2021,OH,690478.9,SAGDP9N,1,57330,5.1583,OH,-1.01674640582003,0.283868334753771,0.00283868334753771,0.244133326006616,,0.24331951,0.26656427,0.47131828,0.54761728,0.96302878,0.70718718,0.83445429,0.6853713,0.28408325,0.22683781,0.52484713,0.09532149,0.08209516,0.07021941,0.16830844,0.17354368,0.35677987,0,1,1,CPS CEV observed state rates; separate modern indicators; not spliced to Hawes index,0.4687,B19083_001E,ACS1
Ohio,2022,OH,695257.9,SAGDP9N,1,58301,3.9917,OH,-0.793021222213512,0.286565158140133,0.00286565158140133,0.428879993669832,,,,,,,,,,,,,,,,,,,0,0,0,,0.4691,B19083_001E,ACS1
Ohio,2023,OH,709816.6,SAGDP9N,1,61297,3.525,OH,-0.920621502883526,0.283100248188508,0.00283100248188508,0.199569043096878,,0.3025302,0.2720969,0.5285703,0.5793953,0.980982,0.7263577,0.8344554,0.7056726,0.2772151,0.1955158,0.5405091,0.0963562,0.0650797,0.0840211,0.2156259,0.2329911,0.4238931,0,1,1,CPS CEV observed state rates; separate modern indicators; not spliced to Hawes index,0.4695,B19083_001E,ACS1
Oklahoma,2000,OK,121170.2,SAGDP9N,1,24124,2.9917,OK,0.398252985075987,0.288550225261956,0.00288550225261956,-0.749351176851202,-0.22781093,,,,,,,,,,,,,,,,,,1,0,1,Hawes/Compton 3-year moving-average social-capital index; contiguous 48 states,,,
Oklahoma,2001,OK,125695.7,SAGDP9N,1,25557,3.625,OK,0.404613163007205,0.280825331624764,0.00280825331624764,-0.74213753582816,-0.46671903,,,,,,,,,,,,,,,,,,1,0,1,Hawes/Compton 3-year moving-average social-capital index; contiguous 48 states,,,
Oklahoma,2002,OK,127930.2,SAGDP9N,1,25999,4.625,OK,0.573204683758378,0.285249992082805,0.00285249992082805,-0.726818135619268,-0.4540705,,,,,,,,,,,,,,,,,,1,0,1,Hawes/Compton 3-year moving-average social-capital index; contiguous 48 states,,,
Oklahoma,2003,OK,130147.8,SAGDP9N,1,27184,5.4083,OK,0.574724495641106,0.284260618114244,0.00284260618114244,-0.722789431390782,-0.86960655,,,,,,,,,,,,,,,,,,1,0,1,Hawes/Compton 3-year moving-average social-capital index; contiguous 48 states,,,
Oklahoma,2004,OK,134606.6,SAGDP9N,1,29194,4.7083,OK,0.249878344257863,0.285844602657475,0.00285844602657475,-0.745964523088531,-0.9929481,,,,,,,,,,,,,,,,,,1,0,1,Hawes/Compton 3-year moving-average social-capital index; contiguous 48 states,,,
Oklahoma,2005,OK,140360.1,SAGDP9N,1,31699,4.325,OK,0.244071204234488,0.286152135588185,0.00286152135588185,-0.752954276879966,-1.2135859,,,,,,,,,,,,,,,,,,1,0,1,Hawes/Compton 3-year moving-average social-capital index; contiguous 48 states,,,
Oklahoma,2006,OK,149367.1,SAGDP9N,1,34650,3.9167,OK,0.353025783255845,0.282171038275992,0.00282171038275992,-0.861751647839743,-1.3290353,,,,,,,,,,,,,,,,,,1,0,1,Hawes/Compton 3-year moving-average social-capital index; contiguous 48 states,0.46,B19083_001E,ACS1
Oklahoma,2007,OK,152879.6,SAGDP9N,1,35493,3.9667,OK,0.350961639013163,0.282284753991435,0.00282284753991435,-0.859970844396516,-1.1927437,,,,,,,,,,,,,,,,,,1,0,1,Hawes/Compton 3-year moving-average social-capital index; contiguous 48 states,0.463,B19083_001E,ACS1
Oklahoma,2008,OK,158987.8,SAGDP9N,1,39154,3.6167,OK,0.0222194815422809,0.285250748553781,0.00285250748553781,-0.969950628105946,-1.1734543,,,,,,,,,,,,,,,,,,1,0,1,Hawes/Compton 3-year moving-average social-capital index; contiguous 48 states,0.458,B19083_001E,ACS1
Oklahoma,2009,OK,156856.8,SAGDP9N,1,35835,6.5583,OK,0.0283965576487111,0.285438311865611,0.00285438311865611,-0.952871568922139,-0.86993706,,,,,,,,,,,,,,,,,,1,0,1,Hawes/Compton 3-year moving-average social-capital index; contiguous 48 states,0.46,B19083_001E,ACS1
Oklahoma,2010,OK,158086.4,SAGDP9N,1,37157,6.5,OK,-0.1877553396545,0.28465686692074,0.0028465686692074,-1.42241226642387,-0.8721161,,,,,,,,,,,,,,,,,,1,0,1,Hawes/Compton 3-year moving-average social-capital index; contiguous 48 states,0.454,B19083_001E,ACS1
Oklahoma,2011,OK,163859.3,SAGDP9N,1,39694,5.5917,OK,-0.190249195864912,0.286519331246197,0.00286519331246197,-1.42916663862987,,,,,,,,,,,,,,,,,,,0,0,0,,0.4613,B19083_001E,ACS1
Oklahoma,2012,OK,172016.0,SAGDP9N,1,41905,5.1167,OK,-0.652747933419377,0.282740284913543,0.00282740284913543,-1.66460360079814,,,,,,,,,,,,,,,,,,,0,0,0,,0.4643,B19083_001E,ACS1
Oklahoma,2013,OK,176086.8,SAGDP9N,1,43607,5.1167,OK,-0.685661342620272,0.285951066651559,0.00285951066651559,-1.59285312783466,,,,,,,,,,,,,,,,,,,0,0,0,,0.4619,B19083_001E,ACS1
Oklahoma,2014,OK,186574.4,SAGDP9N,1,45884,4.3333,OK,-1.04782494409276,0.280894161709464,0.00280894161709464,-0.810125663291888,,,,,,,,,,,,,,,,,,,0,0,0,,0.466,B19083_001E,ACS1
Oklahoma,2015,OK,193792.6,SAGDP9N,1,44279,4.2917,OK,-1.04412960275692,0.288580172170916,0.00288580172170916,-0.810125663291888,,,,,,,,,,,,,,,,,,,0,0,0,,0.4702,B19083_001E,ACS1
Oklahoma,2016,OK,190093.5,SAGDP9N,1,42053,4.6583,OK,-1.01355441813048,0.284050935398967,0.00284050935398967,-0.926116101146997,,,,,,,,,,,,,,,,,,,0,0,0,,0.4645,B19083_001E,ACS1
Oklahoma,2017,OK,192538.6,SAGDP9N,1,43873,4.0333,OK,-1.01233742171089,0.283317854211058,0.00283317854211058,-0.926116101146997,,0.32037319,0.29396047,0.53809811,0.50500301,0.97028175,0.72081077,0.8701991,0.6770281,0.2804297,0.1847322,0.4489818,0.1272064,0.082526,0.1089681,0.1906714,0.1274576,,0,1,1,CPS CEV observed state rates; separate modern indicators; not spliced to Hawes index,0.4658,B19083_001E,ACS1
Oklahoma,2018,OK,196030.5,SAGDP9N,1,46030,3.2917,OK,-1.05583349023498,0.286573489548749,0.00286573489548749,-0.675687416712967,,,,,,,,,,,,,,,,,,,0,0,0,,0.4687,B19083_001E,ACS1
Oklahoma,2019,OK,200072.2,SAGDP9N,1,48177,3.125,OK,-1.0227287753055,0.282773140098263,0.00282773140098263,-0.331720990853535,,0.27606393,0.25828801,0.45802363,0.46917261,0.9690604,0.6443486,0.82635992,0.62964601,0.22133756,0.22083377,0.45322078,0.09437459,0.07365792,0.07797858,0.18172763,0.14116427,,0,1,1,CPS CEV observed state rates; separate modern indicators; not spliced to Hawes index,0.4739,B19083_001E,ACS1
Oklahoma,2020,OK,191560.9,SAGDP9N,1,50020,6.3083,OK,-1.25325411566162,0.28611296444786,0.0028611296444786,0.0472080743711301,,,,,,,,,,,,,,,,,,,0,0,0,,,,
Oklahoma,2021,OK,194132.8,SAGDP9N,1,54492,4.0333,OK,-1.24761232681338,0.284009909242526,0.00284009909242526,0.0472080743711301,,0.23621986,0.20986963,0.46504042,0.52184068,0.97348644,0.6487673,0.7683007,0.62618589,0.22169617,0.1688107,0.47007047,0.10805134,0.07177506,0.07052644,0.16535798,0.14882576,0.33759433,0,1,1,CPS CEV observed state rates; separate modern indicators; not spliced to Hawes index,0.4618,B19083_001E,ACS1
Oklahoma,2022,OK,193940.5,SAGDP9N,1,57943,3.0417,OK,-1.12258542490722,0.281550338846812,0.00281550338846812,0.0889109975684463,,,,,,,,,,,,,,,,,,,0,0,0,,0.4743,B19083_001E,ACS1
Oklahoma,2023,OK,207923.3,SAGDP9N,1,60395,3.2167,OK,-1.12226177510059,0.285783853522601,0.00285783853522601,0.0889109975684463,,0.3149675,0.2452796,0.5012917,0.5266026,0.9688581,0.6498901,0.7645308,0.6221232,0.2060251,0.1588814,0.4546495,0.0894622,0.0456778,0.0820493,0.1573978,0.1449035,0.4079165,0,1,1,CPS CEV observed state rates; separate modern indicators; not spliced to Hawes index,0.4737,B19083_001E,ACS1
Oregon,2000,OR,145094.2,SAGDP9N,1,28257,5.1917,OR,0.97983328112182,0.285015837624612,0.00285015837624612,0.27222708536027,0.493176,,,,,,,,,,,,,,,,,,1,0,1,Hawes/Compton 3-year moving-average social-capital index; contiguous 48 states,,,
Oregon,2001,OR,144486.5,SAGDP9N,1,28774,6.375,OR,0.977585042820755,0.28351819893688,0.0028351819893688,0.249513902630605,0.52466166,,,,,,,,,,,,,,,,,,1,0,1,Hawes/Compton 3-year moving-average social-capital index; contiguous 48 states,,,
Oregon,2002,OR,147432.8,SAGDP9N,1,28759,7.475,OR,0.854415025768137,0.282893088334985,0.00282893088334985,0.129592800488906,0.38046592,,,,,,,,,,,,,,,,,,1,0,1,Hawes/Compton 3-year moving-average social-capital index; contiguous 48 states,,,
Oregon,2003,OR,154445.3,SAGDP9N,1,29523,8.0167,OR,0.856307543808382,0.283649594132909,0.00283649594132909,0.126103630946416,0.45681,,,,,,,,,,,,,,,,,,1,0,1,Hawes/Compton 3-year moving-average social-capital index; contiguous 48 states,,,
Oregon,2004,OR,163046.1,SAGDP9N,1,30980,7.3417,OR,0.660992396615094,0.284471639622421,0.00284471639622421,0.0189185132424407,0.68543863,,,,,,,,,,,,,,,,,,1,0,1,Hawes/Compton 3-year moving-average social-capital index; contiguous 48 states,,,
Oregon,2005,OR,168734.4,SAGDP9N,1,32125,6.1917,OR,0.673373216849294,0.284821748756412,0.00284821748756412,0.0506336378566229,1.1498452,,,,,,,,,,,,,,,,,,1,0,1,Hawes/Compton 3-year moving-average social-capital index; contiguous 48 states,,,
Oregon,2006,OR,177222.4,SAGDP9N,1,34488,5.3917,OR,1.11029041503106,0.284176572720907,0.00284176572720907,0.242871716458094,1.1859359,,,,,,,,,,,,,,,,,,1,0,1,Hawes/Compton 3-year moving-average social-capital index; contiguous 48 states,0.444,B19083_001E,ACS1
Oregon,2007,OR,180724.3,SAGDP9N,1,35624,5.1583,OR,1.10568800604943,0.281670471848158,0.00281670471848158,0.210249751296374,1.1615982,,,,,,,,,,,,,,,,,,1,0,1,Hawes/Compton 3-year moving-average social-capital index; contiguous 48 states,0.442,B19083_001E,ACS1
Oregon,2008,OR,184842.6,SAGDP9N,1,36856,6.275,OR,1.04629476824613,0.284759291868299,0.00284759291868299,0.231635602329395,1.1287297,,,,,,,,,,,,,,,,,,1,0,1,Hawes/Compton 3-year moving-average social-capital index; contiguous 48 states,0.447,B19083_001E,ACS1
Oregon,2009,OR,176951.6,SAGDP9N,1,35286,10.7917,OR,1.0456101425493,0.286731231473636,0.00286731231473636,0.216372793745034,1.6148106,,,,,,,,,,,,,,,,,,1,0,1,Hawes/Compton 3-year moving-average social-capital index; contiguous 48 states,0.443,B19083_001E,ACS1
Oregon,2010,OR,180738.2,SAGDP9N,1,35941,10.6917,OR,1.21226244209182,0.287119860742414,0.00287119860742414,0.859656343107774,1.6427376,,,,,,,,,,,,,,,,,,1,0,1,Hawes/Compton 3-year moving-average social-capital index; contiguous 48 states,0.449,B19083_001E,ACS1
Oregon,2011,OR,185959.4,SAGDP9N,1,37531,9.6083,OR,1.20626197525006,0.280818428193554,0.00280818428193554,0.842753432971507,,,,,,,,,,,,,,,,,,,0,0,0,,0.4586,B19083_001E,ACS1
Oregon,2012,OR,187352.4,SAGDP9N,1,39128,8.8083,OR,1.36171651796754,0.284148063222811,0.00284148063222811,1.21378682829588,,,,,,,,,,,,,,,,,,,0,0,0,,0.4565,B19083_001E,ACS1
Oregon,2013,OR,189609.7,SAGDP9N,1,39462,7.75,OR,1.35739621355989,0.285667259441671,0.00285667259441671,1.2708222284244,,,,,,,,,,,,,,,,,,,0,0,0,,0.46,B19083_001E,ACS1
Oregon,2014,OR,195808.2,SAGDP9N,1,41654,6.6417,OR,1.1110042991797,0.287660465901316,0.00287660465901316,1.00944449814304,,,,,,,,,,,,,,,,,,,0,0,0,,0.4624,B19083_001E,ACS1
Oregon,2015,OR,205581.8,SAGDP9N,1,44166,5.4667,OR,1.10823278914043,0.283511584515182,0.00283511584515182,1.00944449814304,,,,,,,,,,,,,,,,,,,0,0,0,,0.4622,B19083_001E,ACS1
Oregon,2016,OR,214769.3,SAGDP9N,1,45467,4.75,OR,1.29661864307911,0.287881979192754,0.00287881979192754,1.62124460933642,,,,,,,,,,,,,,,,,,,0,0,0,,0.4583,B19083_001E,ACS1
Oregon,2017,OR,225534.5,SAGDP9N,1,47566,4.0583,OR,1.30309411870321,0.28254001864187,0.0028254001864187,1.62124460933642,,0.4322077,0.43077104,0.6219264,0.61912529,0.98916408,0.84599206,0.9376312,0.8018609,0.3979009,0.2858305,0.6314216,0.2132499,0.1575481,0.1749,0.3269492,0.2866647,,0,1,1,CPS CEV observed state rates; separate modern indicators; not spliced to Hawes index,0.4593,B19083_001E,ACS1
Oregon,2018,OR,234308.3,SAGDP9N,1,50209,4.0417,OR,1.33564835101932,0.287818984488412,0.00287818984488412,1.64090804220218,,,,,,,,,,,,,,,,,,,0,0,0,,0.4582,B19083_001E,ACS1
Oregon,2019,OR,239794.8,SAGDP9N,1,52190,3.725,OR,1.35658808820638,0.285718104893215,0.00285718104893215,1.87021899277514,,0.37031248,0.35183017,0.61123315,0.59668257,0.98294558,0.7755036,0.90324257,0.75464279,0.29592773,0.18385013,0.61633145,0.13138938,0.10186798,0.10732057,0.24483574,0.24588078,,0,1,1,CPS CEV observed state rates; separate modern indicators; not spliced to Hawes index,0.45,B19083_001E,ACS1
Oregon,2020,OR,237424.2,SAGDP9N,1,56594,7.6,OR,1.3369284389204,0.281789836230777,0.00281789836230777,2.30341138805005,,,,,,,,,,,,,,,,,,,0,0,0,,,,
Oregon,2021,OR,250325.8,SAGDP9N,1,62379,5.15,OR,1.34099964404088,0.284546202811817,0.00284546202811817,2.30341138805005,,0.28016146,0.32746886,0.57445971,0.57655684,0.98946302,0.73477698,0.87657733,0.77149913,0.33951671,0.20326408,0.71855218,0.1300878,0.149329,0.1023618,0.2032834,0.33719545,0.39285565,0,1,1,CPS CEV observed state rates; separate modern indicators; not spliced to Hawes index,0.4611,B19083_001E,ACS1
Oregon,2022,OR,256062.7,SAGDP9N,1,63986,3.9167,OR,1.49249891030959,0.282458453435757,0.00282458453435757,2.37155920896341,,,,,,,,,,,,,,,,,,,0,0,0,,0.4679,B19083_001E,ACS1
Oregon,2023,OR,261951.5,SAGDP9N,1,67514,3.7083,OR,1.49115805755444,0.285193912016669,0.00285193912016669,2.37155920896341,,0.3571135,0.3331852,0.5519044,0.6133663,0.9848956,0.7628352,0.858066,0.7301707,0.3244913,0.1924424,0.6808588,0.1113964,0.0942987,0.0877989,0.2855176,0.3210065,0.4516519,0,1,1,CPS CEV observed state rates; separate modern indicators; not spliced to Hawes index,0.4636,B19083_001E,ACS1
Pennsylvania,2000,PA,566250.9,SAGDP9N,1,30339,4.225,PA,0.133265233864154,0.281329389931696,0.00281329389931696,-0.324941898557549,0.06861814,,,,,,,,,,,,,,,,,,1,0,1,Hawes/Compton 3-year moving-average social-capital index; contiguous 48 states,,,
Pennsylvania,2001,PA,577677.5,SAGDP9N,1,31563,4.8083,PA,0.133632196704653,0.281086810193286,0.00281086810193286,-0.326592154042482,-0.11080259,,,,,,,,,,,,,,,,,,1,0,1,Hawes/Compton 3-year moving-average social-capital index; contiguous 48 states,,,
Pennsylvania,2002,PA,583507.4,SAGDP9N,1,32084,5.5333,PA,-0.148063506064674,0.281423659467274,0.00281423659467274,-0.465078617627122,-0.037867166,,,,,,,,,,,,,,,,,,1,0,1,Hawes/Compton 3-year moving-average social-capital index; contiguous 48 states,,,
Pennsylvania,2003,PA,598809.5,SAGDP9N,1,33066,5.7,PA,-0.145677833395797,0.285456966678662,0.00285456966678662,-0.445110711811381,0.08736683,,,,,,,,,,,,,,,,,,1,0,1,Hawes/Compton 3-year moving-average social-capital index; contiguous 48 states,,,
Pennsylvania,2004,PA,614957.1,SAGDP9N,1,34860,5.3583,PA,-0.466521044197309,0.283966872584001,0.00283966872584001,-0.646227233111518,0.11494533,,,,,,,,,,,,,,,,,,1,0,1,Hawes/Compton 3-year moving-average social-capital index; contiguous 48 states,,,
Pennsylvania,2005,PA,626290.1,SAGDP9N,1,36173,4.9833,PA,-0.460813473023643,0.284693322395701,0.00284693322395701,-0.630980488297026,0.44551405,,,,,,,,,,,,,,,,,,1,0,1,Hawes/Compton 3-year moving-average social-capital index; contiguous 48 states,,,
Pennsylvania,2006,PA,626589.9,SAGDP9N,1,37803,4.7083,PA,-0.0583662532015958,0.282221325795538,0.00282221325795538,-0.45220009901493,0.08252591,,,,,,,,,,,,,,,,,,1,0,1,Hawes/Compton 3-year moving-average social-capital index; contiguous 48 states,0.455,B19083_001E,ACS1
Pennsylvania,2007,PA,649638.1,SAGDP9N,1,40008,4.5583,PA,-0.0638701304758685,0.280912390966377,0.00280912390966377,-0.478987582569114,-0.07254009,,,,,,,,,,,,,,,,,,1,0,1,Hawes/Compton 3-year moving-average social-capital index; contiguous 48 states,0.46,B19083_001E,ACS1
Pennsylvania,2008,PA,665148.3,SAGDP9N,1,41467,5.35,PA,-0.00120962216501579,0.281618630605177,0.00281618630605177,-0.505310150678209,-0.18167527,,,,,,,,,,,,,,,,,,1,0,1,Hawes/Compton 3-year moving-average social-capital index; contiguous 48 states,0.457,B19083_001E,ACS1
Pennsylvania,2009,PA,645206.7,SAGDP9N,1,40446,7.975,PA,0.00228215443855132,0.285017985042249,0.00285017985042249,-0.496017077921315,0.08635531,,,,,,,,,,,,,,,,,,1,0,1,Hawes/Compton 3-year moving-average social-capital index; contiguous 48 states,0.46,B19083_001E,ACS1
Pennsylvania,2010,PA,666805.8,SAGDP9N,1,42097,8.1667,PA,-0.222749753423395,0.280938992720687,0.00280938992720687,-0.567745531285466,0.105661936,,,,,,,,,,,,,,,,,,1,0,1,Hawes/Compton 3-year moving-average social-capital index; contiguous 48 states,0.461,B19083_001E,ACS1
Pennsylvania,2011,PA,676468.3,SAGDP9N,1,44119,7.7417,PA,-0.221300904558814,0.281530174592825,0.00281530174592825,-0.571563832631206,,,,,,,,,,,,,,,,,,,0,0,0,,0.4611,B19083_001E,ACS1
Pennsylvania,2012,PA,689007.0,SAGDP9N,1,45637,7.6583,PA,-1.19046626444613,0.285178051101272,0.00285178051101272,-1.297235660882,,,,,,,,,,,,,,,,,,,0,0,0,,0.4642,B19083_001E,ACS1
Pennsylvania,2013,PA,704195.0,SAGDP9N,1,45902,7.1,PA,-1.20692955233203,0.282984357509591,0.00282984357509591,-1.2521707024979,,,,,,,,,,,,,,,,,,,0,0,0,,0.4696,B19083_001E,ACS1
Pennsylvania,2014,PA,718691.6,SAGDP9N,1,47467,5.9333,PA,-1.30457107095148,0.283646511349808,0.00283646511349808,-1.25610791719102,,,,,,,,,,,,,,,,,,,0,0,0,,0.4686,B19083_001E,ACS1
Pennsylvania,2015,PA,734145.1,SAGDP9N,1,49291,5.3917,PA,-1.31038714374886,0.283617469455678,0.00283617469455678,-1.25610791719102,,,,,,,,,,,,,,,,,,,0,0,0,,0.4685,B19083_001E,ACS1
Pennsylvania,2016,PA,744847.1,SAGDP9N,1,50572,5.3417,PA,-1.48054024924382,0.284962736170703,0.00284962736170703,-1.06443473991236,,,,,,,,,,,,,,,,,,,0,0,0,,0.4689,B19083_001E,ACS1
Pennsylvania,2017,PA,754318.0,SAGDP9N,1,51886,4.975,PA,-1.35108626063277,0.286530407050172,0.00286530407050172,-0.835123789339407,,0.34173133,0.33418891,0.59824221,0.58905956,0.98750284,0.80397998,0.9156589,0.7151546,0.3368866,0.1859041,0.5405192,0.1276632,0.0735791,0.0987126,0.2208829,0.1569402,,0,1,1,CPS CEV observed state rates; separate modern indicators; not spliced to Hawes index,0.4777,B19083_001E,ACS1
Pennsylvania,2018,PA,763855.4,SAGDP9N,1,54468,4.4167,PA,-0.342393953723571,0.286198302721923,0.00286198302721923,-0.243276012249622,,,,,,,,,,,,,,,,,,,0,0,0,,0.4747,B19083_001E,ACS1
Pennsylvania,2019,PA,771852.5,SAGDP9N,1,56139,4.3,PA,-0.184456069429634,0.283694759983805,0.00283694759983805,0.521093822993559,,0.35812691,0.36157822,0.5947072,0.59208379,0.98858485,0.77822184,0.91453903,0.71528581,0.30379719,0.20344467,0.57710808,0.14037539,0.09843909,0.10815114,0.2270007,0.19600354,,0,1,1,CPS CEV observed state rates; separate modern indicators; not spliced to Hawes index,0.4745,B19083_001E,ACS1
Pennsylvania,2020,PA,736381.3,SAGDP9N,1,60245,8.875,PA,0.0169523330571613,0.281927756412197,0.00281927756412197,1.11903226170973,,,,,,,,,,,,,,,,,,,0,0,0,,,,
Pennsylvania,2021,PA,765508.8,SAGDP9N,1,63779,5.925,PA,0.0182391135125873,0.286243583168638,0.00286243583168638,1.11903226170973,,0.25649718,0.30228889,0.51894225,0.60115809,0.98355587,0.77785862,0.85507514,0.71953586,0.32375124,0.21895569,0.5624264,0.10865707,0.09977528,0.08291058,0.20044999,0.20040924,0.37014301,0,1,1,CPS CEV observed state rates; separate modern indicators; not spliced to Hawes index,0.472,B19083_001E,ACS1
Pennsylvania,2022,PA,779360.6,SAGDP9N,1,65336,4.05,PA,0.647362018088272,0.2867969507713,0.002867969507713,1.39554383762774,,,,,,,,,,,,,,,,,,,0,0,0,,0.4778,B19083_001E,ACS1
Pennsylvania,2023,PA,799228.8,SAGDP9N,1,68649,3.4083,PA,0.699932878018334,0.283595955654444,0.00283595955654444,1.62485478820069,,0.3097293,0.2950256,0.5466574,0.6225988,0.9794507,0.7384794,0.8209001,0.6847185,0.311881,0.1670633,0.5434263,0.1065845,0.069969,0.0934404,0.2340938,0.1861096,0.4267631,0,1,1,CPS CEV observed state rates; separate modern indicators; not spliced to Hawes index,0.4774,B19083_001E,ACS1
Rhode Island,2000,RI,49113.6,SAGDP9N,1,30350,4,RI,-0.281144248107324,0.285153760005742,0.00285153760005742,0.141311644330048,1.0679702,,,,,,,,,,,,,,,,,,1,0,1,Hawes/Compton 3-year moving-average social-capital index; contiguous 48 states,,,
Rhode Island,2001,RI,49705.2,SAGDP9N,1,31795,4.4417,RI,-0.284347712075541,0.285460428448034,0.00285460428448034,0.142148694528684,0.93843067,,,,,,,,,,,,,,,,,,1,0,1,Hawes/Compton 3-year moving-average social-capital index; contiguous 48 states,,,
Rhode Island,2002,RI,51284.3,SAGDP9N,1,32801,5.1083,RI,-0.121808887335907,0.282079546353489,0.00282079546353489,0.059136589238118,0.78565437,,,,,,,,,,,,,,,,,,1,0,1,Hawes/Compton 3-year moving-average social-capital index; contiguous 48 states,,,
Rhode Island,2003,RI,52933.1,SAGDP9N,1,34256,5.575,RI,-0.113287950024596,0.283368254573385,0.00283368254573385,0.0628267210794333,0.4485859,,,,,,,,,,,,,,,,,,1,0,1,Hawes/Compton 3-year moving-average social-capital index; contiguous 48 states,,,
Rhode Island,2004,RI,55160.5,SAGDP9N,1,35867,5.25,RI,0.258623908901468,0.284654304741119,0.00284654304741119,0.235152159231857,0.3874519,,,,,,,,,,,,,,,,,,1,0,1,Hawes/Compton 3-year moving-average social-capital index; contiguous 48 states,,,
Rhode Island,2005,RI,55885.9,SAGDP9N,1,36746,5.1083,RI,0.264457104803503,0.282208174035303,0.00282208174035303,0.23565425707948,0.39142534,,,,,,,,,,,,,,,,,,1,0,1,Hawes/Compton 3-year moving-average social-capital index; contiguous 48 states,,,
Rhode Island,2006,RI,57415.8,SAGDP9N,1,38719,5.2167,RI,0.726153027538091,0.285126014627033,0.00285126014627033,0.609247546808427,0.39447346,,,,,,,,,,,,,,,,,,1,0,1,Hawes/Compton 3-year moving-average social-capital index; contiguous 48 states,0.442,B19083_001E,ACS1
Rhode Island,2007,RI,56230.5,SAGDP9N,1,40608,5.1083,RI,0.699513122091321,0.279825444836627,0.00279825444836627,0.489632936729299,0.54304516,,,,,,,,,,,,,,,,,,1,0,1,Hawes/Compton 3-year moving-average social-capital index; contiguous 48 states,0.457,B19083_001E,ACS1
Rhode Island,2008,RI,54977.1,SAGDP9N,1,41487,7.6,RI,0.440515486188388,0.283949544888074,0.00283949544888074,0.227741853273871,0.6219376,,,,,,,,,,,,,,,,,,1,0,1,Hawes/Compton 3-year moving-average social-capital index; contiguous 48 states,0.46,B19083_001E,ACS1
Rhode Island,2009,RI,54481.5,SAGDP9N,1,40588,11.3917,RI,0.450388354177368,0.280463827631514,0.00280463827631514,0.232990408111569,0.7151378,,,,,,,,,,,,,,,,,,1,0,1,Hawes/Compton 3-year moving-average social-capital index; contiguous 48 states,0.457,B19083_001E,ACS1
Rhode Island,2010,RI,56050.6,SAGDP9N,1,42630,11.625,RI,0.630152551710949,0.284685031826542,0.00284685031826542,0.341315299923692,0.72802395,,,,,,,,,,,,,,,,,,1,0,1,Hawes/Compton 3-year moving-average social-capital index; contiguous 48 states,0.467,B19083_001E,ACS1
Rhode Island,2011,RI,56026.6,SAGDP9N,1,44095,11.0167,RI,0.423098872614718,0.284044544637975,0.00284044544637975,-0.113539688727292,,,,,,,,,,,,,,,,,,,0,0,0,,0.4674,B19083_001E,ACS1
Rhode Island,2012,RI,56487.4,SAGDP9N,1,45298,10.2167,RI,0.195628532155521,0.283567562346833,0.00283567562346833,-0.0598673269094436,,,,,,,,,,,,,,,,,,,0,0,0,,0.4647,B19083_001E,ACS1
Rhode Island,2013,RI,57037.2,SAGDP9N,1,45104,9.475,RI,0.171509776566465,0.283362236106785,0.00283362236106785,0.0201520307576813,,,,,,,,,,,,,,,,,,,0,0,0,,0.4769,B19083_001E,ACS1
Rhode Island,2014,RI,57602.7,SAGDP9N,1,46630,7.7667,RI,0.215764588836189,0.281514337559745,0.00281514337559745,0.0933083544110592,,,,,,,,,,,,,,,,,,,0,0,0,,0.4827,B19083_001E,ACS1
Rhode Island,2015,RI,58387.9,SAGDP9N,1,48049,6.025,RI,0.217182774442385,0.287931347153379,0.00287931347153379,0.0933083544110592,,,,,,,,,,,,,,,,,,,0,0,0,,0.4732,B19083_001E,ACS1
Rhode Island,2016,RI,58630.0,SAGDP9N,1,48515,5.2417,RI,0.143785400590193,0.282124944928846,0.00282124944928847,0.337172042773312,,,,,,,,,,,,,,,,,,,0,0,0,,0.4781,B19083_001E,ACS1
Rhode Island,2017,RI,58771.6,SAGDP9N,1,50414,4.5083,RI,0.146692844040882,0.280761314498211,0.00280761314498211,0.337172042773312,,0.30709283,0.28687654,0.60604052,0.53788033,0.98358893,0.78037818,0.8824526,0.6898821,0.3014501,0.1956084,0.5247677,0.1748294,0.0882726,0.1565902,0.1625853,0.1354054,,0,1,1,CPS CEV observed state rates; separate modern indicators; not spliced to Hawes index,0.4722,B19083_001E,ACS1
Rhode Island,2018,RI,58740.1,SAGDP9N,1,52132,4.0333,RI,0.350865469966067,0.285431640746786,0.00285431640746786,0.91049454917923,,,,,,,,,,,,,,,,,,,0,0,0,,0.47,B19083_001E,ACS1
Rhode Island,2019,RI,60157.6,SAGDP9N,1,55123,3.5333,RI,0.312530271802486,0.28437131056902,0.0028437131056902,0.681183598606275,,0.25608453,0.2578654,0.60185443,0.55508322,0.99663907,0.74882951,0.85071836,0.67770695,0.27096895,0.1832852,0.60886737,0.13577744,0.10532647,0.15703769,0.20428661,0.16326565,,0,1,1,CPS CEV observed state rates; separate modern indicators; not spliced to Hawes index,0.4628,B19083_001E,ACS1
Rhode Island,2020,RI,58231.7,SAGDP9N,1,59250,9.2417,RI,0.230792719461465,0.284018723901993,0.00284018723901993,1.74279818438129,,,,,,,,,,,,,,,,,,,0,0,0,,,,
Rhode Island,2021,RI,60803.0,SAGDP9N,1,62898,5.5167,RI,0.233259924137731,0.285460823079695,0.00285460823079695,1.74279818438129,,0.20142134,0.27001254,0.54363833,0.52796658,0.94429876,0.72124041,0.9067157,0.74640362,0.35787792,0.24187126,0.54769558,0.12529204,0.09100631,0.09571854,0.1513157,0.20214235,0.36368649,0,1,1,CPS CEV observed state rates; separate modern indicators; not spliced to Hawes index,0.468,B19083_001E,ACS1
Rhode Island,2022,RI,62279.4,SAGDP9N,1,64075,3.1667,RI,0.193912861462221,0.28723440535989,0.0028723440535989,1.60997436143067,,,,,,,,,,,,,,,,,,,0,0,0,,0.464,B19083_001E,ACS1
Rhode Island,2023,RI,63277.0,SAGDP9N,1,67105,2.9417,RI,0.187566228235278,0.284533452885008,0.00284533452885008,1.60997436143067,,0.1847029,0.2264467,0.5041363,0.5883638,0.9699397,0.7205121,0.839758,0.6738869,0.3241543,0.136592,0.4631124,0.0880643,0.0754742,0.0850868,0.1331524,0.1680018,0.3746112,0,1,1,CPS CEV observed state rates; separate modern indicators; not spliced to Hawes index,0.4661,B19083_001E,ACS1
South Carolina,2000,SC,161880.2,SAGDP9N,1,25025,3.7333,SC,-0.7457777814268,0.288959496431511,0.00288959496431511,-1.33951920685921,-0.5341958,,,,,,,,,,,,,,,,,,1,0,1,Hawes/Compton 3-year moving-average social-capital index; contiguous 48 states,,,
South Carolina,2001,SC,162837.1,SAGDP9N,1,25644,5.2833,SC,-0.713781251576549,0.282131367610809,0.00282131367610809,-1.26491976845347,-0.6822508,,,,,,,,,,,,,,,,,,1,0,1,Hawes/Compton 3-year moving-average social-capital index; contiguous 48 states,,,
South Carolina,2002,SC,167333.0,SAGDP9N,1,26122,6.4333,SC,-0.701090267677116,0.283527043930489,0.00283527043930489,-1.30201519888612,-0.73030216,,,,,,,,,,,,,,,,,,1,0,1,Hawes/Compton 3-year moving-average social-capital index; contiguous 48 states,,,
South Carolina,2003,SC,174270.8,SAGDP9N,1,26792,7.1917,SC,-0.68146975949784,0.28410093360973,0.0028410093360973,-1.19057716026861,-0.4762038,,,,,,,,,,,,,,,,,,1,0,1,Hawes/Compton 3-year moving-average social-capital index; contiguous 48 states,,,
South Carolina,2004,SC,177169.4,SAGDP9N,1,27892,7.4417,SC,-1.44106503233149,0.286988338459097,0.00286988338459097,-1.57856678524501,-0.7722584,,,,,,,,,,,,,,,,,,1,0,1,Hawes/Compton 3-year moving-average social-capital index; contiguous 48 states,,,
South Carolina,2005,SC,183267.5,SAGDP9N,1,29136,7.2917,SC,-1.4406525486512,0.284553226216897,0.00284553226216897,-1.55536534245967,-0.8581421,,,,,,,,,,,,,,,,,,1,0,1,Hawes/Compton 3-year moving-average social-capital index; contiguous 48 states,,,
South Carolina,2006,SC,187386.1,SAGDP9N,1,30789,6.875,SC,-1.45015015387746,0.286577177918668,0.00286577177918668,-1.5882873095123,-1.2635895,,,,,,,,,,,,,,,,,,1,0,1,Hawes/Compton 3-year moving-average social-capital index; contiguous 48 states,0.462,B19083_001E,ACS1
South Carolina,2007,SC,193386.6,SAGDP9N,1,32190,6.0667,SC,-1.46084678862992,0.286206720687994,0.00286206720687994,-1.63176456698646,-1.1575766,,,,,,,,,,,,,,,,,,1,0,1,Hawes/Compton 3-year moving-average social-capital index; contiguous 48 states,0.459,B19083_001E,ACS1
South Carolina,2008,SC,192497.1,SAGDP9N,1,33110,7.2917,SC,-1.44139833225017,0.284868503103139,0.00284868503103139,-1.59341807834799,-1.0429605,,,,,,,,,,,,,,,,,,1,0,1,Hawes/Compton 3-year moving-average social-capital index; contiguous 48 states,0.464,B19083_001E,ACS1
South Carolina,2009,SC,184081.3,SAGDP9N,1,31973,11.4083,SC,-1.44503987097207,0.289373867630526,0.00289373867630526,-1.66852592341492,-0.76273125,,,,,,,,,,,,,,,,,,1,0,1,Hawes/Compton 3-year moving-average social-capital index; contiguous 48 states,0.462,B19083_001E,ACS1
South Carolina,2010,SC,188777.2,SAGDP9N,1,32749,11.3,SC,-1.61817536431312,0.284869422231462,0.00284869422231462,-1.44617794861364,-0.71755505,,,,,,,,,,,,,,,,,,1,0,1,Hawes/Compton 3-year moving-average social-capital index; contiguous 48 states,0.461,B19083_001E,ACS1
South Carolina,2011,SC,193221.0,SAGDP9N,1,34406,10.45,SC,-1.76343063165519,0.288020685208893,0.00288020685208893,-1.68929072831135,,,,,,,,,,,,,,,,,,,0,0,0,,0.4648,B19083_001E,ACS1
South Carolina,2012,SC,195406.1,SAGDP9N,1,35807,9.0333,SC,-1.85410750305036,0.285465975798724,0.00285465975798724,-1.61035230293504,,,,,,,,,,,,,,,,,,,0,0,0,,0.4684,B19083_001E,ACS1
South Carolina,2013,SC,200147.3,SAGDP9N,1,35923,7.425,SC,-1.86834781041059,0.283747143896245,0.00283747143896245,-1.63748800129753,,,,,,,,,,,,,,,,,,,0,0,0,,0.4665,B19083_001E,ACS1
South Carolina,2014,SC,206077.9,SAGDP9N,1,37755,6.275,SC,-1.97305085852158,0.28653414387955,0.0028653414387955,-1.03819693232049,,,,,,,,,,,,,,,,,,,0,0,0,,0.4687,B19083_001E,ACS1
South Carolina,2015,SC,213212.4,SAGDP9N,1,39598,5.9,SC,-1.96516250735561,0.286267000984537,0.00286267000984537,-1.03819693232049,,,,,,,,,,,,,,,,,,,0,0,0,,0.4698,B19083_001E,ACS1
South Carolina,2016,SC,220559.3,SAGDP9N,1,40752,4.9167,SC,-1.70505504006714,0.288053387334033,0.00288053387334033,-0.726165046889559,,,,,,,,,,,,,,,,,,,0,0,0,,0.4735,B19083_001E,ACS1
South Carolina,2017,SC,224937.6,SAGDP9N,1,42385,4.2,SC,-1.70628503604494,0.286498803049667,0.00286498803049667,-0.726165046889559,,0.30804723,0.26612996,0.51796832,0.52557329,0.97159035,0.78307782,0.8732372,0.7297962,0.3325806,0.1845669,0.5124334,0.0963287,0.0575274,0.0991372,0.2467985,0.1198114,,0,1,1,CPS CEV observed state rates; separate modern indicators; not spliced to Hawes index,0.4795,B19083_001E,ACS1
South Carolina,2018,SC,231663.3,SAGDP9N,1,43817,3.375,SC,-1.49609622454316,0.285739055192372,0.00285739055192372,-0.608696651135243,,,,,,,,,,,,,,,,,,,0,0,0,,0.4762,B19083_001E,ACS1
South Carolina,2019,SC,239021.3,SAGDP9N,1,46150,2.7667,SC,-1.4920826394944,0.282050705174485,0.00282050705174485,-0.608696651135243,,0.31315195,0.34315202,0.53997125,0.6235667,0.97963161,0.79823988,0.87216651,0.70403353,0.34428815,0.15968365,0.51884532,0.10413673,0.08272839,0.11807228,0.22812378,0.13089879,,0,1,1,CPS CEV observed state rates; separate modern indicators; not spliced to Hawes index,0.4747,B19083_001E,ACS1
South Carolina,2020,SC,233650.1,SAGDP9N,1,48769,5.9667,SC,-1.46137765386767,0.284231798703382,0.00284231798703382,-0.388452341781677,,,,,,,,,,,,,,,,,,,0,0,0,,,,
South Carolina,2021,SC,245752.1,SAGDP9N,1,53220,3.9417,SC,-1.44543142843836,0.282704009354912,0.00282704009354912,-0.159141391208722,,0.21827106,0.22240559,0.51466926,0.56370379,0.96839823,0.75010103,0.82986394,0.70398374,0.38138825,0.22510495,0.58342566,0.10492476,0.13389479,0.09083204,0.23229727,0.17629461,0.40580923,0,1,1,CPS CEV observed state rates; separate modern indicators; not spliced to Hawes index,0.476,B19083_001E,ACS1
South Carolina,2022,SC,254504.5,SAGDP9N,1,54378,3.2083,SC,-1.26806817731299,0.284800900683227,0.00284800900683227,0.00776243756873885,,,,,,,,,,,,,,,,,,,0,0,0,,0.4757,B19083_001E,ACS1
South Carolina,2023,SC,262298.5,SAGDP9N,1,57180,2.95,SC,-1.26257423688628,0.285716019691579,0.00285716019691579,0.00776243756873885,,0.2878728,0.2349642,0.4774295,0.5780595,0.9760926,0.7099662,0.8001184,0.6524788,0.2896031,0.1146882,0.4528928,0.060765,0.0526687,0.0952854,0.2131286,0.1398298,0.4711208,0,1,1,CPS CEV observed state rates; separate modern indicators; not spliced to Hawes index,0.4715,B19083_001E,ACS1
South Dakota,2000,SD,32124.9,SAGDP9N,1,26727,2.5333,SD,0.487554985448318,0.284832185339376,0.00284832185339376,-0.0234282776980708,0.38449648,,,,,,,,,,,,,,,,,,1,0,1,Hawes/Compton 3-year moving-average social-capital index; contiguous 48 states,,,
South Dakota,2001,SD,32396.9,SAGDP9N,1,27563,3,SD,0.487368975863922,0.287950268151235,0.00287950268151235,-0.00529285310608982,0.4227019,,,,,,,,,,,,,,,,,,1,0,1,Hawes/Compton 3-year moving-average social-capital index; contiguous 48 states,,,
South Dakota,2002,SD,35776.0,SAGDP9N,1,27497,3.2333,SD,0.496570762168312,0.281759059239362,0.00281759059239362,-0.0566560894439488,0.33992302,,,,,,,,,,,,,,,,,,1,0,1,Hawes/Compton 3-year moving-average social-capital index; contiguous 48 states,,,
South Dakota,2003,SD,36141.9,SAGDP9N,1,29883,3.475,SD,0.339031005295324,0.285325348163399,0.00285325348163399,-0.275154227608762,1.4289767,,,,,,,,,,,,,,,,,,1,0,1,Hawes/Compton 3-year moving-average social-capital index; contiguous 48 states,,,
South Dakota,2004,SD,37616.6,SAGDP9N,1,31871,3.6083,SD,0.431886469551532,0.288178010751337,0.00288178010751337,-0.162974377786537,0.34824976,,,,,,,,,,,,,,,,,,1,0,1,Hawes/Compton 3-year moving-average social-capital index; contiguous 48 states,,,
South Dakota,2005,SD,39330.6,SAGDP9N,1,33534,3.55,SD,0.399402064455244,0.285817942599734,0.00285817942599734,-0.295256984273083,0.18891394,,,,,,,,,,,,,,,,,,1,0,1,Hawes/Compton 3-year moving-average social-capital index; contiguous 48 states,,,
South Dakota,2006,SD,39961.6,SAGDP9N,1,34983,3,SD,0.569713145629795,0.285840694009231,0.00285840694009231,-0.135177636641249,-0.49091515,,,,,,,,,,,,,,,,,,1,0,1,Hawes/Compton 3-year moving-average social-capital index; contiguous 48 states,0.439,B19083_001E,ACS1
South Dakota,2007,SD,41646.2,SAGDP9N,1,38330,2.825,SD,0.56405962132432,0.284946716144559,0.00284946716144559,-0.142984741126303,0.096934326,,,,,,,,,,,,,,,,,,1,0,1,Hawes/Compton 3-year moving-average social-capital index; contiguous 48 states,0.423,B19083_001E,ACS1
South Dakota,2008,SD,43278.5,SAGDP9N,1,40891,3.0833,SD,0.638353128353806,0.281962785146392,0.00281962785146392,-0.0386619553051541,-0.24906372,,,,,,,,,,,,,,,,,,1,0,1,Hawes/Compton 3-year moving-average social-capital index; contiguous 48 states,0.446,B19083_001E,ACS1
South Dakota,2009,SD,44255.8,SAGDP9N,1,39435,4.5833,SD,0.636728674213773,0.283304761831503,0.00283304761831503,-0.0424978498361531,0.11068696,,,,,,,,,,,,,,,,,,1,0,1,Hawes/Compton 3-year moving-average social-capital index; contiguous 48 states,0.452,B19083_001E,ACS1
South Dakota,2010,SD,44810.7,SAGDP9N,1,41275,4.9083,SD,0.361589889482087,0.280720991255303,0.00280720991255303,-0.330217099651416,-0.055419225,,,,,,,,,,,,,,,,,,1,0,1,Hawes/Compton 3-year moving-average social-capital index; contiguous 48 states,0.442,B19083_001E,ACS1
South Dakota,2011,SD,47630.3,SAGDP9N,1,44532,4.6,SD,0.379738419097561,0.283485479913416,0.00283485479913416,-0.307993048869701,,,,,,,,,,,,,,,,,,,0,0,0,,0.4324,B19083_001E,ACS1
South Dakota,2012,SD,48653.9,SAGDP9N,1,44996,4.0583,SD,0.126801138467659,0.281539002655307,0.00281539002655307,-0.604462949541716,,,,,,,,,,,,,,,,,,,0,0,0,,0.4335,B19083_001E,ACS1
South Dakota,2013,SD,48610.1,SAGDP9N,1,44988,3.7,SD,0.125301697778959,0.281443369355261,0.00281443369355261,-0.603719739119241,,,,,,,,,,,,,,,,,,,0,0,0,,0.4427,B19083_001E,ACS1
South Dakota,2014,SD,49640.9,SAGDP9N,1,46732,3.3333,SD,0.397932521363105,0.283476129630842,0.00283476129630842,-0.4193664055134,,,,,,,,,,,,,,,,,,,0,0,0,,0.4468,B19083_001E,ACS1
South Dakota,2015,SD,50860.8,SAGDP9N,1,48308,3.05,SD,0.393004777137364,0.2830474187307,0.002830474187307,-0.4193664055134,,,,,,,,,,,,,,,,,,,0,0,0,,0.4436,B19083_001E,ACS1
South Dakota,2016,SD,51264.3,SAGDP9N,1,48284,3.0167,SD,0.21131975990075,0.285635181767922,0.00285635181767922,-0.488901508474407,,,,,,,,,,,,,,,,,,,0,0,0,,0.4495,B19083_001E,ACS1
South Dakota,2017,SD,51615.1,SAGDP9N,1,49408,3.05,SD,0.21428893421588,0.284164153477897,0.00284164153477897,-0.488901508474407,,0.36267453,0.33184604,0.52236353,0.57859078,0.97361071,0.78516139,0.8605631,0.7316467,0.3334506,0.1800818,0.4403448,0.1084821,0.082408,0.1293024,0.2470285,0.0980032,,0,1,1,CPS CEV observed state rates; separate modern indicators; not spliced to Hawes index,0.4488,B19083_001E,ACS1
South Dakota,2018,SD,51937.8,SAGDP9N,1,51579,2.7917,SD,0.392836568834551,0.286219395876239,0.00286219395876239,-0.485443304213561,,,,,,,,,,,,,,,,,,,0,0,0,,0.4445,B19083_001E,ACS1
South Dakota,2019,SD,52510.2,SAGDP9N,1,54408,2.7667,SD,0.402525608798293,0.287362925246162,0.00287362925246162,-0.256132353640606,,0.46854531,0.40105395,0.6626586,0.67080436,0.9984539,0.82333907,0.884691,0.74054117,0.36424883,0.21893935,0.57814505,0.14231331,0.06351191,0.17666348,0.31371833,0.13876751,,0,1,1,CPS CEV observed state rates; separate modern indicators; not spliced to Hawes index,0.436,B19083_001E,ACS1
South Dakota,2020,SD,52770.7,SAGDP9N,1,59422,4.1833,SD,0.123830477058757,0.284515085720945,0.00284515085720945,-0.264986831209142,,,,,,,,,,,,,,,,,,,0,0,0,,,,
South Dakota,2021,SD,55515.9,SAGDP9N,1,67014,2.6167,SD,0.12161027091784,0.284376791364444,0.00284376791364444,-0.264986831209142,,0.34228549,0.34730262,0.55822938,0.59874002,0.96088939,0.75149418,0.87270831,0.69312015,0.28555411,0.22468001,0.53340926,0.14173826,0.09275914,0.11337057,0.28052291,0.18129555,0.47476364,0,1,1,CPS CEV observed state rates; separate modern indicators; not spliced to Hawes index,0.4522,B19083_001E,ACS1
South Dakota,2022,SD,55259.8,SAGDP9N,1,69736,1.9917,SD,0.0615701889619318,0.282237839284372,0.00282237839284372,-0.284121905224284,,,,,,,,,,,,,,,,,,,0,0,0,,0.4487,B19083_001E,ACS1
South Dakota,2023,SD,57275.1,SAGDP9N,1,72546,2,SD,0.0633332112304785,0.283771474690012,0.00283771474690012,-0.284121905224284,,0.3783044,0.3016258,0.5488607,0.5738474,0.9496424,0.7269493,0.8231922,0.6377368,0.2617511,0.1620623,0.4870868,0.1226735,0.0685128,0.111661,0.2573572,0.1688474,0.4188574,0,1,1,CPS CEV observed state rates; separate modern indicators; not spliced to Hawes index,0.462,B19083_001E,ACS1
Tennessee,2000,TN,251030.2,SAGDP9N,1,26998,3.8667,TN,-0.514982407956783,0.281679554485362,0.00281679554485362,-1.06025108999432,-1.0306699,,,,,,,,,,,,,,,,,,1,0,1,Hawes/Compton 3-year moving-average social-capital index; contiguous 48 states,,,
Tennessee,2001,TN,250311.4,SAGDP9N,1,27496,4.5167,TN,-0.48573402585132,0.281738107778593,0.00281738107778593,-1.02330000748299,-1.3191775,,,,,,,,,,,,,,,,,,1,0,1,Hawes/Compton 3-year moving-average social-capital index; contiguous 48 states,,,
Tennessee,2002,TN,258542.4,SAGDP9N,1,28102,5.125,TN,0.243944225714135,0.284577798793548,0.00284577798793548,-0.629657267832418,-1.3844692,,,,,,,,,,,,,,,,,,1,0,1,Hawes/Compton 3-year moving-average social-capital index; contiguous 48 states,,,
Tennessee,2003,TN,267589.4,SAGDP9N,1,29059,5.5083,TN,0.259745668312765,0.287963885712175,0.00287963885712175,-0.632078878789238,-1.2007211,,,,,,,,,,,,,,,,,,1,0,1,Hawes/Compton 3-year moving-average social-capital index; contiguous 48 states,,,
Tennessee,2004,TN,281564.2,SAGDP9N,1,30435,5.35,TN,-0.195871653228423,0.283002160955146,0.00283002160955146,-0.904484281587742,-1.0269367,,,,,,,,,,,,,,,,,,1,0,1,Hawes/Compton 3-year moving-average social-capital index; contiguous 48 states,,,
Tennessee,2005,TN,289064.3,SAGDP9N,1,31410,5.525,TN,-0.200693209306898,0.286677638206109,0.00286677638206109,-0.879187223296931,-1.012485,,,,,,,,,,,,,,,,,,1,0,1,Hawes/Compton 3-year moving-average social-capital index; contiguous 48 states,,,
Tennessee,2006,TN,295668.2,SAGDP9N,1,32878,5.275,TN,-0.128005827547928,0.285843528109228,0.00285843528109228,-0.845197706918169,-0.96310824,,,,,,,,,,,,,,,,,,1,0,1,Hawes/Compton 3-year moving-average social-capital index; contiguous 48 states,0.468,B19083_001E,ACS1
Tennessee,2007,TN,294819.8,SAGDP9N,1,33963,4.6333,TN,-0.137990920773862,0.282590543895118,0.00282590543895118,-0.849020379000328,-1.0801438,,,,,,,,,,,,,,,,,,1,0,1,Hawes/Compton 3-year moving-average social-capital index; contiguous 48 states,0.471,B19083_001E,ACS1
Tennessee,2008,TN,298526.9,SAGDP9N,1,34954,6.5167,TN,-0.402502518677052,0.2869287312217,0.002869287312217,-1.03597232809637,-1.0830741,,,,,,,,,,,,,,,,,,1,0,1,Hawes/Compton 3-year moving-average social-capital index; contiguous 48 states,0.471,B19083_001E,ACS1
Tennessee,2009,TN,287308.8,SAGDP9N,1,34427,10.1167,TN,-0.392334233611726,0.28933324103924,0.0028933324103924,-1.02987526661542,-0.94357014,,,,,,,,,,,,,,,,,,1,0,1,Hawes/Compton 3-year moving-average social-capital index; contiguous 48 states,0.467,B19083_001E,ACS1
Tennessee,2010,TN,292687.0,SAGDP9N,1,35809,9.825,TN,-0.884004602967768,0.28654397474072,0.0028654397474072,-1.10514963546507,-0.9268923,,,,,,,,,,,,,,,,,,1,0,1,Hawes/Compton 3-year moving-average social-capital index; contiguous 48 states,0.468,B19083_001E,ACS1
Tennessee,2011,TN,301508.9,SAGDP9N,1,37696,9.1083,TN,-1.02352887574374,0.283306685041562,0.00283306685041562,-1.34092309639533,,,,,,,,,,,,,,,,,,,0,0,0,,0.4756,B19083_001E,ACS1
Tennessee,2012,TN,311754.2,SAGDP9N,1,39079,7.9583,TN,-2.48995187292452,0.290272983507066,0.00290272983507066,-2.10899184223356,,,,,,,,,,,,,,,,,,,0,0,0,,0.4732,B19083_001E,ACS1
Tennessee,2013,TN,318347.9,SAGDP9N,1,39099,7.725,TN,-2.4857514673654,0.289821710536877,0.00289821710536877,-2.10956428020177,,,,,,,,,,,,,,,,,,,0,0,0,,0.4783,B19083_001E,ACS1
Tennessee,2014,TN,323879.6,SAGDP9N,1,40225,6.6,TN,-3.13443517670937,0.287216182944394,0.00287216182944394,-2.15907199143833,,,,,,,,,,,,,,,,,,,0,0,0,Tennessee,0.4811,B19083_001E,ACS1
Tennessee,2015,TN,335461.1,SAGDP9N,1,41937,5.5667,TN,-3.13560084446743,0.288835713987462,0.00288835713987462,-2.15907199143833,,,,,,,,,,,,,,,,,,,,,,,0.4789,B19083_001E,ACS1
Tennessee,2016,TN,343544.9,SAGDP9N,1,42938,4.7583,TN,-3.38400833544399,0.290179762594626,0.00290179762594626,-2.19195876804042,,,,,,,,,,,,,,,,,,,0,0,0,,0.479,B19083_001E,ACS1
Tennessee,2017,TN,355417.5,SAGDP9N,1,44407,3.75,TN,-3.38112722142476,0.290391477366664,0.00290391477366664,-2.19195876804042,,0.31267666,0.27391278,0.56818858,0.49458954,0.98246607,0.71334188,0.899891,0.7049269,0.2985981,0.1800165,0.491205,0.104812,0.0876287,0.0733093,0.1914339,0.1302573,,0,1,1,CPS CEV observed state rates; separate modern indicators; not spliced to Hawes index,0.4822,B19083_001E,ACS1
Tennessee,2018,TN,362363.7,SAGDP9N,1,46449,3.5,TN,-3.39369936144405,0.288916244873444,0.00288916244873444,-1.88788959209083,,,,,,,,,,,,,,,,,,,0,0,0,,0.4778,B19083_001E,ACS1
Tennessee,2019,TN,370197.4,SAGDP9N,1,48903,3.3333,TN,-3.39480233771282,0.293545250561047,0.00293545250561047,-1.88788959209083,,0.31650617,0.28406187,0.53636614,0.45550174,0.97753144,0.70304295,0.84207411,0.65484069,0.27923073,0.19710546,0.5267635,0.0967173,0.09318093,0.09465612,0.19425976,0.13864948,,0,1,1,CPS CEV observed state rates; separate modern indicators; not spliced to Hawes index,0.4749,B19083_001E,ACS1
Tennessee,2020,TN,367863.6,SAGDP9N,1,51945,7.5083,TN,-3.24871034848784,0.291146909558195,0.00291146909558195,-1.58700818019987,,,,,,,,,,,,,,,,,,,0,0,0,,,,
Tennessee,2021,TN,400243.6,SAGDP9N,1,57491,4.4667,TN,-3.24551938241067,0.293195839592442,0.00293195839592442,-1.58700818019987,,0.23775608,0.20262751,0.46973321,0.54269639,0.96781144,0.70729808,0.8144125,0.63851294,0.29398371,0.21819696,0.57709815,0.09971945,0.08628636,0.07312079,0.16764586,0.14654822,0.37906211,0,1,1,CPS CEV observed state rates; separate modern indicators; not spliced to Hawes index,0.4821,B19083_001E,ACS1
Tennessee,2022,TN,414470.8,SAGDP9N,1,59099,3.3833,TN,-2.89843194379141,0.284484113630813,0.00284484113630813,-1.36612433536839,,,,,,,,,,,,,,,,,,,0,0,0,,0.4694,B19083_001E,ACS1
Tennessee,2023,TN,422087.7,SAGDP9N,1,62039,3.2917,TN,-2.89472257489395,0.289860321321279,0.00289860321321279,-1.36612433536839,,0.3318289,0.284347,0.5515529,0.5679,0.9723037,0.7241819,0.7789659,0.6182502,0.3082447,0.1516561,0.4883458,0.1161458,0.0735671,0.1014408,0.2602342,0.2084502,0.4110731,0,1,1,CPS CEV observed state rates; separate modern indicators; not spliced to Hawes index,0.476,B19083_001E,ACS1
Texas,2000,TX,989904.9,SAGDP9N,1,28253,4.3833,TX,0.194139557391007,0.287377315133789,0.00287377315133789,-0.53739013106123,-0.5818308,,,,,,,,,,,,,,,,,,1,0,1,Hawes/Compton 3-year moving-average social-capital index; contiguous 48 states,,,
Texas,2001,TX,1020517.0,SAGDP9N,1,29601,4.9583,TX,0.194611767236705,0.287887362583658,0.00287887362583658,-0.538173860991138,-0.7534392,,,,,,,,,,,,,,,,,,1,0,1,Hawes/Compton 3-year moving-average social-capital index; contiguous 48 states,,,
Texas,2002,TX,1042584.4,SAGDP9N,1,29481,6.3583,TX,-0.150095584987266,0.282470113704353,0.00282470113704353,-0.666404274974752,-0.77420306,,,,,,,,,,,,,,,,,,1,0,1,Hawes/Compton 3-year moving-average social-capital index; contiguous 48 states,,,
Texas,2003,TX,1052132.3,SAGDP9N,1,30176,6.7333,TX,-0.145003650923036,0.281816230002551,0.00281816230002551,-0.74073494302711,-0.85452443,,,,,,,,,,,,,,,,,,1,0,1,Hawes/Compton 3-year moving-average social-capital index; contiguous 48 states,,,
Texas,2004,TX,1111189.1,SAGDP9N,1,31097,6.0167,TX,-0.642031417372342,0.281462776503537,0.00281462776503537,-0.891964341529541,-0.92546904,,,,,,,,,,,,,,,,,,1,0,1,Hawes/Compton 3-year moving-average social-capital index; contiguous 48 states,,,
Texas,2005,TX,1143413.1,SAGDP9N,1,33136,5.4583,TX,-0.655133329369202,0.284974027464614,0.00284974027464614,-0.856589284540868,-1.2610483,,,,,,,,,,,,,,,,,,1,0,1,Hawes/Compton 3-year moving-average social-capital index; contiguous 48 states,,,
Texas,2006,TX,1225147.3,SAGDP9N,1,35422,5,TX,-0.649745243165948,0.283991025655961,0.00283991025655961,-1.03169625836884,-1.3473037,,,,,,,,,,,,,,,,,,1,0,1,Hawes/Compton 3-year moving-average social-capital index; contiguous 48 states,0.474,B19083_001E,ACS1
Texas,2007,TX,1288828.7,SAGDP9N,1,36879,4.3667,TX,-0.66978773939973,0.282622807723118,0.00282622807723118,-0.976957841403455,-1.1911932,,,,,,,,,,,,,,,,,,1,0,1,Hawes/Compton 3-year moving-average social-capital index; contiguous 48 states,0.473,B19083_001E,ACS1
Texas,2008,TX,1287191.5,SAGDP9N,1,39841,4.8667,TX,-0.114271092087715,0.284630795746224,0.00284630795746224,-0.711853496865559,-0.9975087,,,,,,,,,,,,,,,,,,1,0,1,Hawes/Compton 3-year moving-average social-capital index; contiguous 48 states,0.474,B19083_001E,ACS1
Texas,2009,TX,1285560.2,SAGDP9N,1,37234,7.5417,TX,-0.102801261877679,0.281401554543873,0.00281401554543873,-0.702837127649235,-1.0519857,,,,,,,,,,,,,,,,,,1,0,1,Hawes/Compton 3-year moving-average social-capital index; contiguous 48 states,0.474,B19083_001E,ACS1
Texas,2010,TX,1323059.1,SAGDP9N,1,38911,8.1917,TX,-0.321609195272165,0.285353054391546,0.00285353054391546,-0.675791751106255,-1.0202223,,,,,,,,,,,,,,,,,,1,0,1,Hawes/Compton 3-year moving-average social-capital index; contiguous 48 states,0.469,B19083_001E,ACS1
Texas,2011,TX,1370174.9,SAGDP9N,1,41941,8.0167,TX,-0.463556559955638,0.281089058151169,0.00281089058151169,-1.13550250144454,,,,,,,,,,,,,,,,,,,0,0,0,,0.4771,B19083_001E,ACS1
Texas,2012,TX,1438354.4,SAGDP9N,1,43869,6.7083,TX,-0.966209233383339,0.284623438176311,0.00284623438176311,-1.32030393235424,,,,,,,,,,,,,,,,,,,0,0,0,,0.4767,B19083_001E,ACS1
Texas,2013,TX,1511806.5,SAGDP9N,1,44403,6.3,TX,-0.978929212619549,0.281607894457662,0.00281607894457662,-1.31032410230524,,,,,,,,,,,,,,,,,,,0,0,0,,0.4807,B19083_001E,ACS1
Texas,2014,TX,1559636.1,SAGDP9N,1,46747,5.1917,TX,-1.15362099183008,0.287787153491928,0.00287787153491928,-1.41154756491638,,,,,,,,,,,,,,,,,,,0,0,0,,0.4827,B19083_001E,ACS1
Texas,2015,TX,1634127.1,SAGDP9N,1,46767,4.4833,TX,-1.14613953789247,0.2851842123565,0.002851842123565,-1.41154756491638,,,,,,,,,,,,,,,,,,,0,0,0,,0.4823,B19083_001E,ACS1
Texas,2016,TX,1633863.3,SAGDP9N,1,45868,4.65,TX,-0.6627306469377,0.285768539610036,0.00285768539610036,-0.981517982055737,,,,,,,,,,,,,,,,,,,0,0,0,,0.48,B19083_001E,ACS1
Texas,2017,TX,1667313.0,SAGDP9N,1,48524,4.3417,TX,-0.658550371602239,0.283876804724901,0.00283876804724901,-0.981517982055737,,0.28355079,0.22931262,0.4927223,0.47314033,0.97743025,0.71468914,0.8553437,0.7037055,0.2889989,0.2322091,0.440093,0.07519,0.0687786,0.0857338,0.1921837,0.1036572,,0,1,1,CPS CEV observed state rates; separate modern indicators; not spliced to Hawes index,0.4781,B19083_001E,ACS1
Texas,2018,TX,1746543.3,SAGDP9N,1,51346,3.9,TX,0.17514615418199,0.283174613617091,0.00283174613617091,-0.102217263433151,,,,,,,,,,,,,,,,,,,0,0,0,,0.4822,B19083_001E,ACS1
Texas,2019,TX,1806736.1,SAGDP9N,1,53271,3.525,TX,0.176555140142738,0.281487841765653,0.00281487841765653,-0.102217263433151,,0.2644603,0.20744991,0.45308303,0.47418898,0.97863206,0.65271373,0.81394021,0.66726232,0.26845558,0.17633976,0.42000637,0.06773443,0.07040246,0.07871978,0.16734058,0.09722599,,0,1,1,CPS CEV observed state rates; separate modern indicators; not spliced to Hawes index,0.4753,B19083_001E,ACS1
Texas,2020,TX,1773657.1,SAGDP9N,1,54795,7.725,TX,0.46948947444675,0.285980061630011,0.00285980061630011,0.524933832961249,,,,,,,,,,,,,,,,,,,0,0,0,,,,
Texas,2021,TX,1879101.3,SAGDP9N,1,60192,5.6417,TX,0.475716945975126,0.287140258522234,0.00287140258522234,0.524933832961249,,0.2128469,0.18795944,0.4551093,0.48552133,0.95992485,0.64774054,0.82490518,0.65147912,0.24876826,0.22246954,0.48671459,0.0663547,0.07067575,0.06482033,0.15190794,0.12665445,0.33830641,0,1,1,CPS CEV observed state rates; separate modern indicators; not spliced to Hawes index,0.4784,B19083_001E,ACS1
Texas,2022,TX,1952708.6,SAGDP9N,1,62812,3.9417,TX,-0.501062420489446,0.278629523601477,0.00278629523601477,0.0234070203943833,,,,,,,,,,,,,,,,,,,0,0,0,,0.4796,B19083_001E,ACS1
Texas,2023,TX,2097090.4,SAGDP9N,1,65768,3.95,TX,-0.509711283762449,0.283225287236406,0.00283225287236406,0.0234070203943833,,0.2738269,0.2044866,0.4384869,0.49129,0.9565592,0.6459371,0.7859128,0.6006342,0.2463664,0.1715438,0.4576804,0.0570107,0.051854,0.0791394,0.1776895,0.1319997,0.3934396,0,1,1,CPS CEV observed state rates; separate modern indicators; not spliced to Hawes index,0.479,B19083_001E,ACS1
Utah,2000,UT,98648.5,SAGDP9N,1,24162,3.325,UT,1.07157921557976,0.282521140789856,0.00282521140789856,0.519795329825254,0.009048354,,,,,,,,,,,,,,,,,,1,0,1,Hawes/Compton 3-year moving-average social-capital index; contiguous 48 states,,,
Utah,2001,UT,100244.3,SAGDP9N,1,24867,4.3667,UT,1.07952232332418,0.285221549785565,0.00285221549785565,0.528089095946072,-0.08471826,,,,,,,,,,,,,,,,,,1,0,1,Hawes/Compton 3-year moving-average social-capital index; contiguous 48 states,,,
Utah,2002,UT,102828.1,SAGDP9N,1,25167,5.6667,UT,0.371223337033047,0.284134394124435,0.00284134394124435,0.26095599376585,-0.24790029,,,,,,,,,,,,,,,,,,1,0,1,Hawes/Compton 3-year moving-average social-capital index; contiguous 48 states,,,
Utah,2003,UT,104829.2,SAGDP9N,1,25749,5.5667,UT,0.373054655658457,0.283231248396737,0.00283231248396737,0.252951712276096,-0.15326557,,,,,,,,,,,,,,,,,,1,0,1,Hawes/Compton 3-year moving-average social-capital index; contiguous 48 states,,,
Utah,2004,UT,111318.9,SAGDP9N,1,26980,5.0083,UT,0.0597550377388165,0.285945709347005,0.00285945709347005,0.104816947949282,-0.51329786,,,,,,,,,,,,,,,,,,1,0,1,Hawes/Compton 3-year moving-average social-capital index; contiguous 48 states,,,
Utah,2005,UT,118430.2,SAGDP9N,1,28751,4.0417,UT,0.0583394953028088,0.285774784573761,0.00285774784573761,0.0936106087066131,-0.3103042,,,,,,,,,,,,,,,,,,1,0,1,Hawes/Compton 3-year moving-average social-capital index; contiguous 48 states,,,
Utah,2006,UT,127539.4,SAGDP9N,1,31107,2.8667,UT,-0.0477949088420764,0.28130117062284,0.0028130117062284,-0.00181972155443517,-0.55816495,,,,,,,,,,,,,,,,,,1,0,1,Hawes/Compton 3-year moving-average social-capital index; contiguous 48 states,0.41,B19083_001E,ACS1
Utah,2007,UT,133799.8,SAGDP9N,1,32924,2.5583,UT,-0.0555528644492795,0.283956623815133,0.00283956623815133,-0.0147772251636347,-0.3999992,,,,,,,,,,,,,,,,,,1,0,1,Hawes/Compton 3-year moving-average social-capital index; contiguous 48 states,0.409,B19083_001E,ACS1
Utah,2008,UT,133662.9,SAGDP9N,1,33784,3.3417,UT,0.402653399931561,0.281327306081385,0.00281327306081385,0.102009458736784,-0.27435744,,,,,,,,,,,,,,,,,,1,0,1,Hawes/Compton 3-year moving-average social-capital index; contiguous 48 states,0.411,B19083_001E,ACS1
Utah,2009,UT,130958.6,SAGDP9N,1,31796,7.2583,UT,0.408782410746813,0.28259943849312,0.0028259943849312,0.0778918517585326,0.25611335,,,,,,,,,,,,,,,,,,1,0,1,Hawes/Compton 3-year moving-average social-capital index; contiguous 48 states,0.414,B19083_001E,ACS1
Utah,2010,UT,133739.1,SAGDP9N,1,32037,7.9333,UT,-0.148313602588807,0.28205951927381,0.0028205951927381,0.106510422009185,0.31721333,,,,,,,,,,,,,,,,,,1,0,1,Hawes/Compton 3-year moving-average social-capital index; contiguous 48 states,0.419,B19083_001E,ACS1
Utah,2011,UT,138301.1,SAGDP9N,1,34015,7.0583,UT,-0.142578302481865,0.284338809614635,0.00284338809614635,0.107238279536623,,,,,,,,,,,,,,,,,,,0,0,0,,0.4249,B19083_001E,ACS1
Utah,2012,UT,140622.5,SAGDP9N,1,35622,4.775,UT,-0.651185446304052,0.286236675098822,0.00286236675098822,-0.0241700618450212,,,,,,,,,,,,,,,,,,,0,0,0,,0.4244,B19083_001E,ACS1
Utah,2013,UT,145026.9,SAGDP9N,1,36102,4.2083,UT,-0.664968011812086,0.283634604243033,0.00283634604243033,0.0535645459334276,,,,,,,,,,,,,,,,,,,0,0,0,,0.4259,B19083_001E,ACS1
Utah,2014,UT,150076.3,SAGDP9N,1,37621,3.6333,UT,-0.598841252354645,0.285379781372136,0.00285379781372136,0.0851181287917484,,,,,,,,,,,,,,,,,,,0,0,0,,0.4283,B19083_001E,ACS1
Utah,2015,UT,155431.5,SAGDP9N,1,39881,3.5083,UT,-0.600185297115432,0.28328794192381,0.0028328794192381,0.0851181287917484,,,,,,,,,,,,,,,,,,,0,0,0,,0.4252,B19083_001E,ACS1
Utah,2016,UT,162528.2,SAGDP9N,1,41295,3.35,UT,-0.72976140310465,0.280352111494331,0.00280352111494331,0.261935721944721,,,,,,,,,,,,,,,,,,,0,0,0,,0.4263,B19083_001E,ACS1
Utah,2017,UT,172075.0,SAGDP9N,1,43030,3.1667,UT,-0.858484532593865,0.286535363055491,0.00286535363055491,0.0326247713717666,,0.50969348,0.41953996,0.66941806,0.70363828,0.9775832,0.84547491,0.8811478,0.7860269,0.4592777,0.2586626,0.4925556,0.1538138,0.0751104,0.1563287,0.3960949,0.1615161,,0,1,1,CPS CEV observed state rates; separate modern indicators; not spliced to Hawes index,0.4225,B19083_001E,ACS1
Utah,2018,UT,182106.0,SAGDP9N,1,45463,2.9167,UT,-0.722313334071255,0.285809229800319,0.00285809229800319,0.273508324328817,,,,,,,,,,,,,,,,,,,0,0,0,,0.4269,B19083_001E,ACS1
Utah,2019,UT,192760.6,SAGDP9N,1,48163,2.5417,UT,-0.650927331383167,0.287810452438989,0.00287810452438989,0.732130225474726,,0.49453704,0.40662419,0.65662623,0.67806548,0.96948292,0.78067726,0.86533561,0.70444273,0.38570659,0.24768822,0.57723326,0.13614878,0.07512365,0.16771178,0.44901182,0.19410074,,0,1,1,CPS CEV observed state rates; separate modern indicators; not spliced to Hawes index,0.4268,B19083_001E,ACS1
Utah,2020,UT,194750.2,SAGDP9N,1,51741,4.8417,UT,-0.420351187701146,0.284552677190505,0.00284552677190505,1.18013109817665,,,,,,,,,,,,,,,,,,,0,0,0,,,,
Utah,2021,UT,210446.9,SAGDP9N,1,58183,2.7583,UT,-0.42545179406274,0.284992959171308,0.00284992959171308,1.18013109817665,,0.40650805,0.33546438,0.53005333,0.61609042,0.96936793,0.77533926,0.81883691,0.74409432,0.34787177,0.22641214,0.56056236,0.12735478,0.07338883,0.09559957,0.3577914,0.15137233,0.38535261,0,1,1,CPS CEV observed state rates; separate modern indicators; not spliced to Hawes index,0.4449,B19083_001E,ACS1
Utah,2022,UT,217442.5,SAGDP9N,1,60607,2.3583,UT,-0.456792072715849,0.285762258234868,0.00285762258234868,1.11719020070879,,,,,,,,,,,,,,,,,,,0,0,0,,0.4264,B19083_001E,ACS1
Utah,2023,UT,225459.4,SAGDP9N,1,63700,2.6417,UT,-0.460193001767876,0.282992686093961,0.00282992686093961,1.11719020070879,,0.4661194,0.3933898,0.6410881,0.6817361,0.9832588,0.8180663,0.8090716,0.7646702,0.3957297,0.1735198,0.5441481,0.1418848,0.072068,0.1187479,0.4413279,0.2394328,0.4543541,0,1,1,CPS CEV observed state rates; separate modern indicators; not spliced to Hawes index,0.4225,B19083_001E,ACS1
Vermont,2000,VT,24844.6,SAGDP9N,1,29002,2.8083,VT,0.487478054789772,0.286974716821592,0.00286974716821592,-0.00267375764703291,0.73177207,,,,,,,,,,,,,,,,,,1,0,1,Hawes/Compton 3-year moving-average social-capital index; contiguous 48 states,,,
Vermont,2001,VT,25681.8,SAGDP9N,1,30704,3.2917,VT,0.47657903369023,0.285246433192774,0.00285246433192774,-0.0360526757724508,0.9880942,,,,,,,,,,,,,,,,,,1,0,1,Hawes/Compton 3-year moving-average social-capital index; contiguous 48 states,,,
Vermont,2002,VT,26522.8,SAGDP9N,1,31194,3.8333,VT,0.485207574073894,0.285435832887058,0.00285435832887058,0.0119734768368404,0.76866895,,,,,,,,,,,,,,,,,,1,0,1,Hawes/Compton 3-year moving-average social-capital index; contiguous 48 states,,,
Vermont,2003,VT,27548.1,SAGDP9N,1,32282,4.3833,VT,0.48740484704445,0.283314487181368,0.00283314487181368,-0.0132812289504838,0.68329537,,,,,,,,,,,,,,,,,,1,0,1,Hawes/Compton 3-year moving-average social-capital index; contiguous 48 states,,,
Vermont,2004,VT,28989.2,SAGDP9N,1,33955,3.675,VT,0.487922793370837,0.27969207650721,0.0027969207650721,0.0335928942997676,1.0704141,,,,,,,,,,,,,,,,,,1,0,1,Hawes/Compton 3-year moving-average social-capital index; contiguous 48 states,,,
Vermont,2005,VT,29283.2,SAGDP9N,1,34573,3.45,VT,0.483351549738645,0.28705234300108,0.0028705234300108,-0.0129598777767054,1.4453294,,,,,,,,,,,,,,,,,,1,0,1,Hawes/Compton 3-year moving-average social-capital index; contiguous 48 states,,,
Vermont,2006,VT,29420.9,SAGDP9N,1,36609,3.7167,VT,0.404826637544508,0.280051167995175,0.00280051167995175,-0.212050995454786,1.6511856,,,,,,,,,,,,,,,,,,1,0,1,Hawes/Compton 3-year moving-average social-capital index; contiguous 48 states,0.42,B19083_001E,ACS1
Vermont,2007,VT,29296.6,SAGDP9N,1,38595,3.9417,VT,0.482405347206346,0.28618703504916,0.0028618703504916,0.00893528438043711,1.7123901,,,,,,,,,,,,,,,,,,1,0,1,Hawes/Compton 3-year moving-average social-capital index; contiguous 48 states,0.428,B19083_001E,ACS1
Vermont,2008,VT,30168.6,SAGDP9N,1,40774,4.5667,VT,0.470961944769432,0.283039884552509,0.00283039884552509,0.026563134331447,1.8957534,,,,,,,,,,,,,,,,,,1,0,1,Hawes/Compton 3-year moving-average social-capital index; contiguous 48 states,0.434,B19083_001E,ACS1
Vermont,2009,VT,29565.7,SAGDP9N,1,40358,6.1667,VT,0.484509565301484,0.28339692289893,0.0028339692289893,0.0322970095531267,2.3227134,,,,,,,,,,,,,,,,,,1,0,1,Hawes/Compton 3-year moving-average social-capital index; contiguous 48 states,0.428,B19083_001E,ACS1
Vermont,2010,VT,30890.6,SAGDP9N,1,41491,6.3167,VT,0.475460072829375,0.286609305809498,0.00286609305809498,-0.0595233107166145,2.4001427,,,,,,,,,,,,,,,,,,1,0,1,Hawes/Compton 3-year moving-average social-capital index; contiguous 48 states,0.444,B19083_001E,ACS1
Vermont,2011,VT,31663.6,SAGDP9N,1,43754,5.5667,VT,0.48025282640659,0.286054523041645,0.00286054523041645,-0.0618401422784586,,,,,,,,,,,,,,,,,,,0,0,0,,0.4308,B19083_001E,ACS1
Vermont,2012,VT,31898.1,SAGDP9N,1,44858,4.8167,VT,0.493135971146381,0.287310112447438,0.00287310112447438,0.000942842789800843,,,,,,,,,,,,,,,,,,,0,0,0,,0.4392,B19083_001E,ACS1
Vermont,2013,VT,31494.6,SAGDP9N,1,45296,4.4167,VT,0.474579964703762,0.287735275870036,0.00287735275870036,-0.0183430015738518,,,,,,,,,,,,,,,,,,,0,0,0,,0.4537,B19083_001E,ACS1
Vermont,2014,VT,31847.7,SAGDP9N,1,46894,3.9917,VT,0.449462810156955,0.281630063500025,0.00281630063500025,0.392604489396564,,,,,,,,,,,,,,,,,,,0,0,0,,0.4406,B19083_001E,ACS1
Vermont,2015,VT,32042.9,SAGDP9N,1,48117,3.5333,VT,0.507006786553667,0.282768648834376,0.00282768648834376,0.621915439969518,,,,,,,,,,,,,,,,,,,0,0,0,,0.4452,B19083_001E,ACS1
Vermont,2016,VT,32312.7,SAGDP9N,1,48827,3.125,VT,0.498558876293334,0.283634673012199,0.00283634673012199,1.6164751144122,,,,,,,,,,,,,,,,,,,0,0,0,,0.4539,B19083_001E,ACS1
Vermont,2017,VT,32589.2,SAGDP9N,1,50009,3.0083,VT,0.495735643572331,0.281264211617108,0.00281264211617108,1.6164751144122,,0.35954719,0.3332333,0.53566262,0.58031206,0.97386483,0.80734887,0.8858773,0.7601987,0.3935012,0.2501562,0.6554143,0.2162509,0.1555439,0.1929655,0.2583618,0.2258037,,0,1,1,CPS CEV observed state rates; separate modern indicators; not spliced to Hawes index,0.4525,B19083_001E,ACS1
Vermont,2018,VT,32827.8,SAGDP9N,1,51691,2.4833,VT,0.524155892636814,0.28379028333117,0.0028379028333117,2.00177014548156,,,,,,,,,,,,,,,,,,,0,0,0,,0.4473,B19083_001E,ACS1
Vermont,2019,VT,33339.4,SAGDP9N,1,54278,2.0667,VT,0.523482740248145,0.281118438422533,0.00281118438422533,2.00177014548156,,0.37443867,0.38914443,0.53998473,0.60205374,0.98078803,0.7802387,0.87135805,0.68531001,0.35723737,0.20240732,0.62869579,0.20792276,0.14654795,0.23735051,0.37027842,0.23073043,,0,1,1,CPS CEV observed state rates; separate modern indicators; not spliced to Hawes index,0.4471,B19083_001E,ACS1
Vermont,2020,VT,32252.7,SAGDP9N,1,58131,5.6583,VT,0.526374675131112,0.2859097336792,0.002859097336792,2.44068266759095,,,,,,,,,,,,,,,,,,,0,0,0,,,,
Vermont,2021,VT,33721.9,SAGDP9N,1,60807,3.5833,VT,0.523271263875342,0.283252393088589,0.00283252393088589,2.44068266759095,,0.290653,0.32740307,0.49989359,0.63920201,0.97240802,0.77943676,0.88200491,0.71524505,0.41450306,0.21728314,0.70499443,0.1845068,0.15088549,0.17398025,0.31825944,0.2519551,0.33990479,0,1,1,CPS CEV observed state rates; separate modern indicators; not spliced to Hawes index,0.4527,B19083_001E,ACS1
Vermont,2022,VT,34752.6,SAGDP9N,1,63523,2.325,VT,0.534099350653929,0.282929845781623,0.00282929845781623,2.30562173240008,,,,,,,,,,,,,,,,,,,0,0,0,,0.4452,B19083_001E,ACS1
Vermont,2023,VT,35236.6,SAGDP9N,1,66803,2.0083,VT,0.534330359212568,0.286599535514347,0.00286599535514347,2.30562173240008,,0.4051264,0.4132962,0.5727212,0.6508214,0.9941559,0.7619868,0.9031035,0.7863122,0.3872162,0.1588721,0.6756558,0.203031,0.0994888,0.2330995,0.3252136,0.3084578,0.4199435,0,1,1,CPS CEV observed state rates; separate modern indicators; not spliced to Hawes index,0.4549,B19083_001E,ACS1
Virginia,2000,VA,372914.1,SAGDP9N,1,32631,2.2833,VA,0.213309777582223,0.282909897931079,0.00282909897931079,-0.29062177568302,0.1408226,,,,,,,,,,,,,,,,,,1,0,1,Hawes/Compton 3-year moving-average social-capital index; contiguous 48 states,,,
Virginia,2001,VA,386444.7,SAGDP9N,1,33940,3.2833,VA,0.209978178413952,0.280213131908835,0.00280213131908835,-0.250349210383023,0.061628576,,,,,,,,,,,,,,,,,,1,0,1,Hawes/Compton 3-year moving-average social-capital index; contiguous 48 states,,,
Virginia,2002,VA,390242.4,SAGDP9N,1,34495,4.3583,VA,-0.639500858569681,0.288407290532366,0.00288407290532366,-0.717679760037634,0.28804556,,,,,,,,,,,,,,,,,,1,0,1,Hawes/Compton 3-year moving-average social-capital index; contiguous 48 states,,,
Virginia,2003,VA,404522.2,SAGDP9N,1,36151,4.3417,VA,-0.643415834825736,0.282321227446342,0.00282321227446342,-0.726967597107864,-0.018298075,,,,,,,,,,,,,,,,,,1,0,1,Hawes/Compton 3-year moving-average social-capital index; contiguous 48 states,,,
Virginia,2004,VA,421744.4,SAGDP9N,1,38082,4.0833,VA,-0.736083983743569,0.282671165442215,0.00282671165442215,-0.792381936770272,-0.17845981,,,,,,,,,,,,,,,,,,1,0,1,Hawes/Compton 3-year moving-average social-capital index; contiguous 48 states,,,
Virginia,2005,VA,442089.5,SAGDP9N,1,40027,3.825,VA,-0.736480218791421,0.283079454708369,0.00283079454708369,-0.802207670431197,-0.08923396,,,,,,,,,,,,,,,,,,1,0,1,Hawes/Compton 3-year moving-average social-capital index; contiguous 48 states,,,
Virginia,2006,VA,451263.1,SAGDP9N,1,42164,3.3417,VA,-0.828384767698928,0.28350900644459,0.0028350900644459,-0.765052745037834,0.19790821,,,,,,,,,,,,,,,,,,1,0,1,Hawes/Compton 3-year moving-average social-capital index; contiguous 48 states,0.456,B19083_001E,ACS1
Virginia,2007,VA,457568.9,SAGDP9N,1,44020,3.2833,VA,-0.916266022287364,0.284587577971413,0.00284587577971413,-1.04732010508319,0.37618557,,,,,,,,,,,,,,,,,,1,0,1,Hawes/Compton 3-year moving-average social-capital index; contiguous 48 states,0.456,B19083_001E,ACS1
Virginia,2008,VA,462034.7,SAGDP9N,1,45383,4.275,VA,0.110678647534669,0.286110069555542,0.00286110069555542,-0.316844551469249,0.4551885,,,,,,,,,,,,,,,,,,1,0,1,Hawes/Compton 3-year moving-average social-capital index; contiguous 48 states,0.46,B19083_001E,ACS1
Virginia,2009,VA,460075.3,SAGDP9N,1,44091,6.8333,VA,0.114841447358985,0.285717368733454,0.00285717368733454,-0.310074542944779,0.6415911,,,,,,,,,,,,,,,,,,1,0,1,Hawes/Compton 3-year moving-average social-capital index; contiguous 48 states,0.456,B19083_001E,ACS1
Virginia,2010,VA,475699.3,SAGDP9N,1,45442,7.2917,VA,-0.087000049320754,0.283956989892369,0.00283956989892369,-0.536965509439491,0.65172833,,,,,,,,,,,,,,,,,,1,0,1,Hawes/Compton 3-year moving-average social-capital index; contiguous 48 states,0.459,B19083_001E,ACS1
Virginia,2011,VA,479571.4,SAGDP9N,1,47563,6.5417,VA,-0.0837363992244055,0.28360808163492,0.0028360808163492,-0.516652454131465,,,,,,,,,,,,,,,,,,,0,0,0,,0.4632,B19083_001E,ACS1
Virginia,2012,VA,483041.4,SAGDP9N,1,49049,5.95,VA,-0.781058717638514,0.287094556808352,0.00287094556808352,-1.04892649063485,,,,,,,,,,,,,,,,,,,0,0,0,,0.4661,B19083_001E,ACS1
Virginia,2013,VA,488741.3,SAGDP9N,1,48195,5.55,VA,-0.918227237078685,0.285225062678988,0.00285225062678988,-1.21964526365646,,,,,,,,,,,,,,,,,,,0,0,0,,0.4672,B19083_001E,ACS1
Virginia,2014,VA,488918.6,SAGDP9N,1,49760,5.1167,VA,-0.975635247032895,0.285349986365095,0.00285349986365095,-0.729492171437854,,,,,,,,,,,,,,,,,,,0,0,0,,0.4658,B19083_001E,ACS1
Virginia,2015,VA,498943.6,SAGDP9N,1,51617,4.3667,VA,-0.97126825836694,0.28727421532954,0.00287274215329539,-0.729492171437854,,,,,,,,,,,,,,,,,,,0,0,0,,0.4681,B19083_001E,ACS1
Virginia,2016,VA,505107.7,SAGDP9N,1,52656,4,VA,-0.276520513320566,0.28760091469214,0.0028760091469214,-0.498688761174111,,,,,,,,,,,,,,,,,,,0,0,0,,0.4705,B19083_001E,ACS1
Virginia,2017,VA,515167.2,SAGDP9N,1,54377,3.6667,VA,-0.138249449180355,0.284393751569889,0.00284393751569889,-0.269377810601156,,0.34020613,0.27521158,0.52455504,0.49742657,0.96139291,0.75055662,0.8680785,0.7137643,0.3229762,0.1924429,0.4838263,0.1237312,0.075315,0.0977214,0.1834718,0.1457929,,0,1,1,CPS CEV observed state rates; separate modern indicators; not spliced to Hawes index,0.4674,B19083_001E,ACS1
Virginia,2018,VA,527767.5,SAGDP9N,1,56130,3.0083,VA,0.286842978306098,0.283387396688967,0.00283387396688967,-0.212979206006911,,,,,,,,,,,,,,,,,,,0,0,0,,0.4754,B19083_001E,ACS1
Virginia,2019,VA,541028.0,SAGDP9N,1,58362,2.7583,VA,0.302406617078375,0.285672243323601,0.00285672243323601,0.0163317445660434,,0.35366721,0.30250949,0.55912682,0.48146538,0.98721248,0.69555365,0.88504129,0.70918224,0.3127878,0.22531882,0.50829622,0.09026234,0.08889914,0.08937929,0.20774574,0.14826056,,0,1,1,CPS CEV observed state rates; separate modern indicators; not spliced to Hawes index,0.469,B19083_001E,ACS1
Virginia,2020,VA,534532.3,SAGDP9N,1,61400,6.4917,VA,0.768341570706629,0.282341910792859,0.00282341910792859,1.20133934029115,,,,,,,,,,,,,,,,,,,0,0,0,,,,
Virginia,2021,VA,565470.6,SAGDP9N,1,66971,3.85,VA,0.829268410467433,0.286513121129337,0.00286513121129337,1.43065029086411,,0.27208991,0.28817351,0.54768399,0.49724082,0.96650595,0.72853586,0.84437627,0.74437456,0.32962761,0.16892608,0.58310232,0.0790789,0.08776334,0.08577477,0.18104717,0.17284926,0.37167871,0,1,1,CPS CEV observed state rates; separate modern indicators; not spliced to Hawes index,0.4724,B19083_001E,ACS1
Virginia,2022,VA,580475.2,SAGDP9N,1,69673,2.7583,VA,0.951469479156713,0.286362975277591,0.00286362975277591,1.67964266510488,,,,,,,,,,,,,,,,,,,0,0,0,,0.4755,B19083_001E,ACS1
Virginia,2023,VA,597597.1,SAGDP9N,1,73681,2.85,VA,0.98212335604577,0.284442373856024,0.00284442373856024,1.83251663215352,,0.3155414,0.283081,0.55207,0.5699173,0.9894898,0.7365952,0.8466598,0.6810898,0.298557,0.1360498,0.5829573,0.0908289,0.0734808,0.0923398,0.2311199,0.159253,0.4362632,0,1,1,CPS CEV observed state rates; separate modern indicators; not spliced to Hawes index,0.4723,B19083_001E,ACS1
Washington,2000,WA,325857.6,SAGDP9N,1,32538,5.0917,WA,1.12814096463437,0.2852784236468,0.002852784236468,0.415129943012354,0.41700017,,,,,,,,,,,,,,,,,,1,0,1,Hawes/Compton 3-year moving-average social-capital index; contiguous 48 states,,,
Washington,2001,WA,317860.6,SAGDP9N,1,32986,6.0083,WA,1.13723320621108,0.284027849359371,0.00284027849359371,0.430811041076837,0.43172154,,,,,,,,,,,,,,,,,,1,0,1,Hawes/Compton 3-year moving-average social-capital index; contiguous 48 states,,,
Washington,2002,WA,321977.1,SAGDP9N,1,33222,7.075,WA,1.25935234727961,0.288113963086698,0.00288113963086698,0.413800704532568,0.28917387,,,,,,,,,,,,,,,,,,1,0,1,Hawes/Compton 3-year moving-average social-capital index; contiguous 48 states,,,
Washington,2003,WA,327645.2,SAGDP9N,1,34267,7.2333,WA,1.25769351243245,0.286462934359069,0.00286462934359069,0.434778917850654,0.37622198,,,,,,,,,,,,,,,,,,1,0,1,Hawes/Compton 3-year moving-average social-capital index; contiguous 48 states,,,
Washington,2004,WA,335449.3,SAGDP9N,1,36309,6.3,WA,1.26053844703749,0.284571057842912,0.00284571057842912,0.490506785221929,0.62397105,,,,,,,,,,,,,,,,,,1,0,1,Hawes/Compton 3-year moving-average social-capital index; contiguous 48 states,,,
Washington,2005,WA,358396.3,SAGDP9N,1,37202,5.5917,WA,1.20632556924904,0.285113684327504,0.00285113684327504,0.381588387094437,1.128882,,,,,,,,,,,,,,,,,,1,0,1,Hawes/Compton 3-year moving-average social-capital index; contiguous 48 states,,,
Washington,2006,WA,372145.0,SAGDP9N,1,39744,5,WA,1.21304349836232,0.283573292083282,0.00283573292083282,0.279294918173675,1.1850698,,,,,,,,,,,,,,,,,,1,0,1,Hawes/Compton 3-year moving-average social-capital index; contiguous 48 states,0.443,B19083_001E,ACS1
Washington,2007,WA,394221.9,SAGDP9N,1,42524,4.6,WA,1.21965167405667,0.28060950022001,0.0028060950022001,0.293019124086477,1.1739464,,,,,,,,,,,,,,,,,,1,0,1,Hawes/Compton 3-year moving-average social-capital index; contiguous 48 states,0.444,B19083_001E,ACS1
Washington,2008,WA,401093.2,SAGDP9N,1,44098,5.2917,WA,1.02478095038752,0.284127405251301,0.00284127405251301,0.243014938316977,1.141642,,,,,,,,,,,,,,,,,,1,0,1,Hawes/Compton 3-year moving-average social-capital index; contiguous 48 states,0.442,B19083_001E,ACS1
Washington,2009,WA,390814.0,SAGDP9N,1,41679,8.2667,WA,1.02829772822368,0.286096414004465,0.00286096414004465,0.244042904243044,1.6215855,,,,,,,,,,,,,,,,,,1,0,1,Hawes/Compton 3-year moving-average social-capital index; contiguous 48 states,0.439,B19083_001E,ACS1
Washington,2010,WA,403471.3,SAGDP9N,1,42327,9.1333,WA,1.39061712053474,0.285941911900126,0.00285941911900126,0.707526035044721,1.6486219,,,,,,,,,,,,,,,,,,1,0,1,Hawes/Compton 3-year moving-average social-capital index; contiguous 48 states,0.441,B19083_001E,ACS1
Washington,2011,WA,411575.7,SAGDP9N,1,44279,8.525,WA,1.3875167540991,0.287264614944599,0.00287264614944599,0.708697359271391,,,,,,,,,,,,,,,,,,,0,0,0,,0.4449,B19083_001E,ACS1
Washington,2012,WA,426447.0,SAGDP9N,1,47053,7.6417,WA,1.53341268643914,0.284193608512266,0.00284193608512266,0.857443291540424,,,,,,,,,,,,,,,,,,,0,0,0,,0.4498,B19083_001E,ACS1
Washington,2013,WA,439472.2,SAGDP9N,1,47448,6.6333,WA,1.5163009531676,0.28484235603946,0.0028484235603946,0.872567035447751,,,,,,,,,,,,,,,,,,,0,0,0,,0.4572,B19083_001E,ACS1
Washington,2014,WA,456186.5,SAGDP9N,1,50259,5.925,WA,1.4705491583405,0.283199990302531,0.00283199990302531,1.01587077771418,,,,,,,,,,,,,,,,,,,0,0,0,,0.4542,B19083_001E,ACS1
Washington,2015,WA,476715.4,SAGDP9N,1,52408,5.4333,WA,1.46635009765479,0.285985351511815,0.00285985351511815,1.01587077771418,,,,,,,,,,,,,,,,,,,0,0,0,,0.4561,B19083_001E,ACS1
Washington,2016,WA,495724.9,SAGDP9N,1,54296,5.225,WA,1.24702110426133,0.287521560386409,0.00287521560386409,1.00911859563614,,,,,,,,,,,,,,,,,,,0,0,0,,0.4591,B19083_001E,ACS1
Washington,2017,WA,527169.4,SAGDP9N,1,56800,4.6417,WA,1.10906677685811,0.285681781894781,0.00285681781894781,0.779807645063183,,0.35721673,0.31305995,0.55678989,0.56416554,0.98708823,0.82270107,0.9223874,0.7777735,0.3544838,0.2528073,0.6018788,0.1653812,0.1125872,0.10854,0.2472519,0.2062498,,0,1,1,CPS CEV observed state rates; separate modern indicators; not spliced to Hawes index,0.4561,B19083_001E,ACS1
Washington,2018,WA,561785.7,SAGDP9N,1,59824,4.425,WA,1.31136184793172,0.282269277474735,0.00282269277474735,1.2452983154857,,,,,,,,,,,,,,,,,,,0,0,0,,0.4574,B19083_001E,ACS1
Washington,2019,WA,588794.4,SAGDP9N,1,63431,4.1917,WA,1.45562344182838,0.283744314009245,0.00283744314009245,1.93323116720456,,0.33785217,0.28392321,0.5484721,0.59256387,0.99402094,0.76437405,0.91795818,0.75615729,0.30898826,0.22626278,0.619108,0.13006457,0.09547278,0.12481666,0.22386508,0.22414583,,0,1,1,CPS CEV observed state rates; separate modern indicators; not spliced to Hawes index,0.4577,B19083_001E,ACS1
Washington,2020,WA,589156.8,SAGDP9N,1,67619,8.5333,WA,1.60873319635281,0.284944453326409,0.00284944453326409,2.87864745852391,,,,,,,,,,,,,,,,,,,0,0,0,,,,
Washington,2021,WA,630051.5,SAGDP9N,1,73628,5.2417,WA,1.60487174288374,0.287588211338121,0.00287588211338121,2.87864745852391,,0.2500719,0.25031009,0.55075731,0.55298272,0.97476255,0.70599297,0.8905008,0.74895284,0.31946386,0.23224895,0.5824585,0.12023178,0.14065572,0.09722524,0.17373941,0.27665289,0.34713623,0,1,1,CPS CEV observed state rates; separate modern indicators; not spliced to Hawes index,0.4704,B19083_001E,ACS1
Washington,2022,WA,644075.1,SAGDP9N,1,75580,4.0667,WA,1.65331782931756,0.283032196184405,0.00283032196184405,2.77145877489092,,,,,,,,,,,,,,,,,,,0,0,0,,0.4742,B19083_001E,ACS1
Washington,2023,WA,677238.0,SAGDP9N,1,80472,4.075,WA,1.65931893654496,0.282876618670526,0.00282876618670527,2.77145877489092,,0.3276137,0.2944386,0.5714908,0.5947723,0.9794887,0.7409502,0.8599087,0.7583012,0.3028652,0.1541165,0.5975649,0.1184086,0.0633584,0.0991681,0.2049684,0.2597921,0.490725,0,1,1,CPS CEV observed state rates; separate modern indicators; not spliced to Hawes index,0.4703,B19083_001E,ACS1
West Virginia,2000,WV,63364.6,SAGDP9N,1,22275,5.575,WV,0.132950133021357,0.289728041829935,0.00289728041829934,-0.668533219657615,0.08849693,,,,,,,,,,,,,,,,,,1,0,1,Hawes/Compton 3-year moving-average social-capital index; contiguous 48 states,,,
West Virginia,2001,WV,63599.8,SAGDP9N,1,23731,5.3917,WV,0.131746834908604,0.282969843070246,0.00282969843070246,-0.651748358907171,-0.17621714,,,,,,,,,,,,,,,,,,1,0,1,Hawes/Compton 3-year moving-average social-capital index; contiguous 48 states,,,
West Virginia,2002,WV,64465.7,SAGDP9N,1,24506,6.4583,WV,0.181635084613495,0.283736975546537,0.00283736975546537,-0.618239166126101,-0.23236248,,,,,,,,,,,,,,,,,,1,0,1,Hawes/Compton 3-year moving-average social-capital index; contiguous 48 states,,,
West Virginia,2003,WV,65106.8,SAGDP9N,1,24804,6.5667,WV,0.181779548160168,0.283274008079749,0.00283274008079749,-0.616862676579765,-0.11195022,,,,,,,,,,,,,,,,,,1,0,1,Hawes/Compton 3-year moving-average social-capital index; contiguous 48 states,,,
West Virginia,2004,WV,66077.6,SAGDP9N,1,25628,5.7667,WV,0.0824253483504584,0.287345384823246,0.00287345384823245,-0.791285800829866,0.088106915,,,,,,,,,,,,,,,,,,1,0,1,Hawes/Compton 3-year moving-average social-capital index; contiguous 48 states,,,
West Virginia,2005,WV,67888.8,SAGDP9N,1,26836,5.425,WV,0.0944782685913963,0.283528390878627,0.00283528390878627,-0.743847284730975,0.31319603,,,,,,,,,,,,,,,,,,1,0,1,Hawes/Compton 3-year moving-average social-capital index; contiguous 48 states,,,
West Virginia,2006,WV,68900.0,SAGDP9N,1,28528,5.2,WV,0.119366827994142,0.282729175957256,0.00282729175957256,-0.809362384888423,0.18895806,,,,,,,,,,,,,,,,,,1,0,1,Hawes/Compton 3-year moving-average social-capital index; contiguous 48 states,0.447,B19083_001E,ACS1
West Virginia,2007,WV,69374.1,SAGDP9N,1,29544,4.825,WV,0.119876267185682,0.287318496444379,0.00287318496444379,-0.822910974592702,0.21075204,,,,,,,,,,,,,,,,,,1,0,1,Hawes/Compton 3-year moving-average social-capital index; contiguous 48 states,0.454,B19083_001E,ACS1
West Virginia,2008,WV,70966.8,SAGDP9N,1,31494,4.75,WV,0.123909056928243,0.283923779469416,0.00283923779469416,-0.792991267397252,0.1836944,,,,,,,,,,,,,,,,,,1,0,1,Hawes/Compton 3-year moving-average social-capital index; contiguous 48 states,0.453,B19083_001E,ACS1
West Virginia,2009,WV,70886.5,SAGDP9N,1,31653,8.3,WV,0.117234113333054,0.280025693334451,0.00280025693334451,-0.808268079024536,0.32905352,,,,,,,,,,,,,,,,,,1,0,1,Hawes/Compton 3-year moving-average social-capital index; contiguous 48 states,0.463,B19083_001E,ACS1
West Virginia,2010,WV,71823.8,SAGDP9N,1,32642,8.6333,WV,0.148370506975912,0.28814815444836,0.0028814815444836,-0.76621457257046,0.33298165,,,,,,,,,,,,,,,,,,1,0,1,Hawes/Compton 3-year moving-average social-capital index; contiguous 48 states,0.451,B19083_001E,ACS1
West Virginia,2011,WV,73175.2,SAGDP9N,1,34490,7.825,WV,0.141729406248666,0.280336647639998,0.00280336647639998,-0.764160963882225,,,,,,,,,,,,,,,,,,,0,0,0,,0.4721,B19083_001E,ACS1
West Virginia,2012,WV,73124.5,SAGDP9N,1,35233,7.2583,WV,0.0918432077052568,0.285239596862746,0.00285239596862746,-0.199011441679331,,,,,,,,,,,,,,,,,,,0,0,0,,0.4638,B19083_001E,ACS1
West Virginia,2013,WV,73949.0,SAGDP9N,1,35093,6.7167,WV,0.0715182787406306,0.281723085086985,0.00281723085086985,-0.138192854502011,,,,,,,,,,,,,,,,,,,0,0,0,,0.4647,B19083_001E,ACS1
West Virginia,2014,WV,74111.3,SAGDP9N,1,36243,6.5,WV,0.401688390253431,0.2828846514013,0.002828846514013,-0.0630606771318715,,,,,,,,,,,,,,,,,,,0,0,0,,0.4546,B19083_001E,ACS1
West Virginia,2015,WV,74261.4,SAGDP9N,1,37068,6.5833,WV,0.398472856418691,0.286494576221683,0.00286494576221683,-0.0630606771318715,,,,,,,,,,,,,,,,,,,0,0,0,,0.4581,B19083_001E,ACS1
West Virginia,2016,WV,73513.3,SAGDP9N,1,37075,6.0917,WV,0.130130467086634,0.284542992438366,0.00284542992438366,0.3618128481447,,,,,,,,,,,,,,,,,,,0,0,0,,0.4711,B19083_001E,ACS1
West Virginia,2017,WV,75172.4,SAGDP9N,1,38841,5.2083,WV,0.13311237995775,0.285425988418047,0.00285425988418047,0.3618128481447,,0.28053959,0.23271217,0.48380494,0.58085837,0.97885919,0.77186454,0.8224452,0.6222341,0.291232,0.1756496,0.5092451,0.1117726,0.0591868,0.0899739,0.2554915,0.1009349,,0,1,1,CPS CEV observed state rates; separate modern indicators; not spliced to Hawes index,0.4686,B19083_001E,ACS1
West Virginia,2018,WV,77406.5,SAGDP9N,1,41001,5.1667,WV,0.225629510158301,0.287113393613423,0.00287113393613423,0.440784730624946,,,,,,,,,,,,,,,,,,,0,0,0,,0.4742,B19083_001E,ACS1
West Virginia,2019,WV,77162.2,SAGDP9N,1,42615,4.925,WV,0.164027131064806,0.28366375762069,0.0028366375762069,0.517221714149263,,0.30640192,0.26505539,0.48043591,0.60186232,0.99127583,0.77345021,0.79742018,0.64027888,0.2833348,0.23666114,0.44301564,0.09377404,0.04212432,0.09089285,0.23403606,0.09443884,,0,1,1,CPS CEV observed state rates; separate modern indicators; not spliced to Hawes index,0.4644,B19083_001E,ACS1
West Virginia,2020,WV,74553.8,SAGDP9N,1,44867,8.2833,WV,-0.0844563131721734,0.281263480471442,0.00281263480471442,0.656273803139466,,,,,,,,,,,,,,,,,,,0,0,0,,,,
West Virginia,2021,WV,75765.1,SAGDP9N,1,48792,5.15,WV,0.040736696673414,0.282973921609082,0.00282973921609082,1.11489570428538,,0.22355934,0.23594357,0.46182812,0.60490287,0.97436404,0.74619915,0.84094637,0.63554239,0.34065458,0.19077133,0.49619696,0.09339306,0.05547861,0.05434923,0.18468485,0.13103307,0.31019227,0,1,1,CPS CEV observed state rates; separate modern indicators; not spliced to Hawes index,0.4858,B19083_001E,ACS1
West Virginia,2022,WV,77188.0,SAGDP9N,1,50131,3.875,WV,-0.398426933385308,0.284448988399732,0.00284448988399732,0.934111124140628,,,,,,,,,,,,,,,,,,,0,0,0,,0.4804,B19083_001E,ACS1
West Virginia,2023,WV,80798.2,SAGDP9N,1,52813,3.9083,WV,-0.398199871923062,0.287196970615032,0.00287196970615032,0.934111124140628,,0.2300572,0.1918602,0.3546676,0.5827814,0.9790441,0.7627209,0.7448844,0.6427272,0.3314205,0.1967292,0.5505812,0.081899,0.0480734,0.08347,0.1710217,0.1249714,0.3746538,0,1,1,CPS CEV observed state rates; separate modern indicators; not spliced to Hawes index,0.4679,B19083_001E,ACS1
Wisconsin,2000,WI,248572.0,SAGDP9N,1,29493,3.3917,WI,0.689901289322932,0.281670923606852,0.00281670923606852,1.20722830908203,0.46716166,,,,,,,,,,,,,,,,,,1,0,1,Hawes/Compton 3-year moving-average social-capital index; contiguous 48 states,,,
Wisconsin,2001,WI,252941.8,SAGDP9N,1,30812,4.4333,WI,0.691113189189515,0.283798677647825,0.00283798677647825,1.20338740782065,0.68081737,,,,,,,,,,,,,,,,,,1,0,1,Hawes/Compton 3-year moving-average social-capital index; contiguous 48 states,,,
Wisconsin,2002,WI,257966.9,SAGDP9N,1,31406,5.325,WI,0.88997009558884,0.284359130441437,0.00284359130441437,1.33848452789178,0.62343127,,,,,,,,,,,,,,,,,,1,0,1,Hawes/Compton 3-year moving-average social-capital index; contiguous 48 states,,,
Wisconsin,2003,WI,265745.8,SAGDP9N,1,32084,5.6167,WI,0.892334472051172,0.285582610182911,0.00285582610182911,1.37134409125421,0.6498287,,,,,,,,,,,,,,,,,,1,0,1,Hawes/Compton 3-year moving-average social-capital index; contiguous 48 states,,,
Wisconsin,2004,WI,275412.4,SAGDP9N,1,33319,4.975,WI,0.455932865004286,0.287638191376677,0.00287638191376677,1.04064642063706,0.69062966,,,,,,,,,,,,,,,,,,1,0,1,Hawes/Compton 3-year moving-average social-capital index; contiguous 48 states,,,
Wisconsin,2005,WI,282065.7,SAGDP9N,1,34218,4.7417,WI,0.459375997692006,0.287877764267645,0.00287877764267645,1.06119535366301,0.5993298,,,,,,,,,,,,,,,,,,1,0,1,Hawes/Compton 3-year moving-average social-capital index; contiguous 48 states,,,
Wisconsin,2006,WI,287146.6,SAGDP9N,1,36047,4.675,WI,0.408961247191542,0.285008442577596,0.00285008442577596,1.0711467531818,0.23054072,,,,,,,,,,,,,,,,,,1,0,1,Hawes/Compton 3-year moving-average social-capital index; contiguous 48 states,0.424,B19083_001E,ACS1
Wisconsin,2007,WI,289855.2,SAGDP9N,1,37522,4.825,WI,0.40532009957153,0.280457102379361,0.00280457102379361,1.07289351944505,0.22762835,,,,,,,,,,,,,,,,,,1,0,1,Hawes/Compton 3-year moving-average social-capital index; contiguous 48 states,0.428,B19083_001E,ACS1
Wisconsin,2008,WI,286204.7,SAGDP9N,1,38857,4.9833,WI,0.633059197054971,0.283805668958638,0.00283805668958638,1.18366778391736,0.17515145,,,,,,,,,,,,,,,,,,1,0,1,Hawes/Compton 3-year moving-average social-capital index; contiguous 48 states,0.426,B19083_001E,ACS1
Wisconsin,2009,WI,277279.4,SAGDP9N,1,38138,8.9583,WI,0.633147085207702,0.288023521257998,0.00288023521257998,1.17638760602469,0.40498197,,,,,,,,,,,,,,,,,,1,0,1,Hawes/Compton 3-year moving-average social-capital index; contiguous 48 states,0.432,B19083_001E,ACS1
Wisconsin,2010,WI,287652.9,SAGDP9N,1,39048,8.5,WI,0.898965398658607,0.283375281535365,0.00283375281535365,1.1208678833427,0.40275285,,,,,,,,,,,,,,,,,,1,0,1,Hawes/Compton 3-year moving-average social-capital index; contiguous 48 states,0.43,B19083_001E,ACS1
Wisconsin,2011,WI,293664.0,SAGDP9N,1,41067,7.5333,WI,0.689514365013658,0.28170905624268,0.0028170905624268,0.687437359617192,,,,,,,,,,,,,,,,,,,0,0,0,,0.437,B19083_001E,ACS1
Wisconsin,2012,WI,299007.6,SAGDP9N,1,42639,6.925,WI,-0.99069963266317,0.28425644591845,0.0028425644591845,-0.252382055455701,,,,,,,,,,,,,,,,,,,0,0,0,,0.4401,B19083_001E,ACS1
Wisconsin,2013,WI,301550.5,SAGDP9N,1,42685,6.6417,WI,-1.01407294369547,0.286559661922452,0.00286559661922452,-0.25618783925115,,,,,,,,,,,,,,,,,,,0,0,0,,0.4446,B19083_001E,ACS1
Wisconsin,2014,WI,309425.8,SAGDP9N,1,44156,5.35,WI,-1.41633063729124,0.287272464936784,0.00287272464936784,-0.433840597296219,,,,,,,,,,,,,,,,,,,0,0,0,,0.4397,B19083_001E,ACS1
Wisconsin,2015,WI,315687.8,SAGDP9N,1,45928,4.425,WI,-1.40989603884685,0.289879920848983,0.00289879920848983,-0.433840597296219,,,,,,,,,,,,,,,,,,,0,0,0,,0.441,B19083_001E,ACS1
Wisconsin,2016,WI,319272.3,SAGDP9N,1,46595,3.9083,WI,-1.76422582626639,0.282099628270688,0.00282099628270688,-0.397673738390841,,,,,,,,,,,,,,,,,,,0,0,0,,0.4498,B19083_001E,ACS1
Wisconsin,2017,WI,321886.8,SAGDP9N,1,48311,3.2583,WI,-1.63131422278472,0.284605656334978,0.00284605656334978,-0.168362787817886,,0.37408594,0.35828631,0.57069481,0.59595596,0.9942933,0.81348866,0.9176185,0.760844,0.3808464,0.2215058,0.5663078,0.1298098,0.0857206,0.1139281,0.1968674,0.1907727,,0,1,1,CPS CEV observed state rates; separate modern indicators; not spliced to Hawes index,0.4467,B19083_001E,ACS1
Wisconsin,2018,WI,328832.4,SAGDP9N,1,50520,2.975,WI,-2.00250572045214,0.284326164061033,0.00284326164061033,-0.68200637481449,,,,,,,,,,,,,,,,,,,0,0,0,,0.4483,B19083_001E,ACS1
Wisconsin,2019,WI,333256.8,SAGDP9N,1,52370,3.2083,WI,-1.98328932652543,0.286044405081713,0.00286044405081713,-0.452695424241536,,0.37484271,0.33630323,0.5882746,0.60900632,0.98272532,0.76549102,0.89165759,0.71457676,0.3377124,0.23022331,0.61111152,0.15056562,0.08243572,0.1267403,0.17942825,0.20591904,,0,1,1,CPS CEV observed state rates; separate modern indicators; not spliced to Hawes index,0.4391,B19083_001E,ACS1
Wisconsin,2020,WI,322470.6,SAGDP9N,1,55428,6.4583,WI,-1.90553099538837,0.286336024634451,0.00286336024634451,0.0303258763650223,,,,,,,,,,,,,,,,,,,0,0,0,,,,
Wisconsin,2021,WI,334514.0,SAGDP9N,1,60449,3.8583,WI,-1.90601867748704,0.284870009725231,0.00284870009725231,0.0303258763650223,,0.24925532,0.27928567,0.52519674,0.58418972,0.98804373,0.79364885,0.86720486,0.74707016,0.3553235,0.2215671,0.51449702,0.12751865,0.06852895,0.10047019,0.17942933,0.22760433,0.36968667,0,1,1,CPS CEV observed state rates; separate modern indicators; not spliced to Hawes index,0.4464,B19083_001E,ACS1
Wisconsin,2022,WI,339747.9,SAGDP9N,1,61851,2.8917,WI,-2.09284388009235,0.288546506301631,0.00288546506301631,-0.1420210863961,,,,,,,,,,,,,,,,,,,0,0,0,,0.451,B19083_001E,ACS1
Wisconsin,2023,WI,344570.8,SAGDP9N,1,64763,3.05,WI,-2.09538960991966,0.285722950106498,0.00285722950106498,-0.1420210863961,,0.3106504,0.267792,0.550543,0.627181,0.9852834,0.7541338,0.8645158,0.697878,0.313785,0.1522664,0.5794364,0.0996882,0.0591043,0.1082654,0.2009177,0.191645,0.4332134,0,1,1,CPS CEV observed state rates; separate modern indicators; not spliced to Hawes index,0.4479,B19083_001E,ACS1
Wyoming,2000,WY,26614.2,SAGDP9N,1,29426,3.75,WY,0.878258308601403,0.285406320669638,0.00285406320669638,-0.0917050248096998,0.86227554,,,,,,,,,,,,,,,,,,1,0,1,Hawes/Compton 3-year moving-average social-capital index; contiguous 48 states,,,
Wyoming,2001,WY,28338.1,SAGDP9N,1,31215,3.8167,WY,0.884279235460717,0.283530066668152,0.00283530066668152,-0.0690386163473399,0.22965744,,,,,,,,,,,,,,,,,,1,0,1,Hawes/Compton 3-year moving-average social-capital index; contiguous 48 states,,,
Wyoming,2002,WY,28901.3,SAGDP9N,1,31810,4.0083,WY,0.345870322558755,0.28340834968109,0.0028340834968109,-0.270912532776321,0.30973855,,,,,,,,,,,,,,,,,,1,0,1,Hawes/Compton 3-year moving-average social-capital index; contiguous 48 states,,,
Wyoming,2003,WY,29806.6,SAGDP9N,1,33642,4.325,WY,0.356892059172518,0.284020630696057,0.00284020630696057,-0.258441438588088,0.2723021,,,,,,,,,,,,,,,,,,1,0,1,Hawes/Compton 3-year moving-average social-capital index; contiguous 48 states,,,
Wyoming,2004,WY,30780.1,SAGDP9N,1,35921,3.8417,WY,0.502832568972043,0.282406002015516,0.00282406002015516,-0.180594839016504,0.42883873,,,,,,,,,,,,,,,,,,1,0,1,Hawes/Compton 3-year moving-average social-capital index; contiguous 48 states,,,
Wyoming,2005,WY,32463.1,SAGDP9N,1,38907,3.5417,WY,0.495566608911983,0.282450730691342,0.00282450730691342,-0.196800028844957,0.6518687,,,,,,,,,,,,,,,,,,1,0,1,Hawes/Compton 3-year moving-average social-capital index; contiguous 48 states,,,
Wyoming,2006,WY,36655.6,SAGDP9N,1,43805,3.0083,WY,0.379274996587326,0.285617737814609,0.00285617737814609,-0.282867175341663,0.48741007,,,,,,,,,,,,,,,,,,1,0,1,Hawes/Compton 3-year moving-average social-capital index; contiguous 48 states,0.413,B19083_001E,ACS1
Wyoming,2007,WY,39504.8,SAGDP9N,1,45634,2.6917,WY,0.376635168177234,0.284306504380261,0.00284306504380261,-0.294471482685029,0.37308255,,,,,,,,,,,,,,,,,,1,0,1,Hawes/Compton 3-year moving-average social-capital index; contiguous 48 states,0.437,B19083_001E,ACS1
Wyoming,2008,WY,41641.2,SAGDP9N,1,49451,2.9333,WY,0.459113971447753,0.2822717512666,0.002822717512666,-0.198574486334635,0.2031724,,,,,,,,,,,,,,,,,,1,0,1,Hawes/Compton 3-year moving-average social-capital index; contiguous 48 states,0.441,B19083_001E,ACS1
Wyoming,2009,WY,40599.6,SAGDP9N,1,44499,6.2583,WY,0.46335114375452,0.285545244184713,0.00285545244184713,-0.209118472714679,0.33668303,,,,,,,,,,,,,,,,,,1,0,1,Hawes/Compton 3-year moving-average social-capital index; contiguous 48 states,0.415,B19083_001E,ACS1
Wyoming,2010,WY,39135.8,SAGDP9N,1,46395,6.9417,WY,0.225742045089987,0.284345767031031,0.00284345767031031,-0.179775881598318,0.31401068,,,,,,,,,,,,,,,,,,1,0,1,Hawes/Compton 3-year moving-average social-capital index; contiguous 48 states,0.423,B19083_001E,ACS1
Wyoming,2011,WY,38929.8,SAGDP9N,1,50631,6.1333,WY,0.23065840392184,0.285287107202581,0.00285287107202582,-0.164832900619278,,,,,,,,,,,,,,,,,,,0,0,0,,0.4081,B19083_001E,ACS1
Wyoming,2012,WY,38085.0,SAGDP9N,1,53597,5.5,WY,0.236337494746917,0.28254190524781,0.0028254190524781,-0.23900071488057,,,,,,,,,,,,,,,,,,,0,0,0,,0.4166,B19083_001E,ACS1
Wyoming,2013,WY,38408.7,SAGDP9N,1,52835,4.7333,WY,0.243841006108238,0.281423379573542,0.00281423379573542,-0.22370316474378,,,,,,,,,,,,,,,,,,,0,0,0,,0.4183,B19083_001E,ACS1
Wyoming,2014,WY,39287.2,SAGDP9N,1,56251,4.3417,WY,0.103514630220625,0.284549712796703,0.00284549712796703,-0.271495445171697,,,,,,,,,,,,,,,,,,,0,0,0,,0.427,B19083_001E,ACS1
Wyoming,2015,WY,40063.9,SAGDP9N,1,56120,4.2083,WY,0.107854734672631,0.282350162933919,0.00282350162933919,-0.271495445171697,,,,,,,,,,,,,,,,,,,0,0,0,,0.4374,B19083_001E,ACS1
Wyoming,2016,WY,37853.5,SAGDP9N,1,53419,5.3333,WY,0.35512618705075,0.28514187244263,0.0028514187244263,0.0260514821531179,,,,,,,,,,,,,,,,,,,0,0,0,,0.436,B19083_001E,ACS1
Wyoming,2017,WY,37620.3,SAGDP9N,1,56378,4.325,WY,0.221003380348449,0.283652249099027,0.00283652249099027,-0.203259468419837,,0.32733457,0.2982759,0.47198548,0.54047354,0.97393244,0.77173237,0.9142519,0.7497049,0.3272776,0.2479386,0.5972273,0.1682236,0.0637668,0.1663834,0.1973124,0.1554067,,0,1,1,CPS CEV observed state rates; separate modern indicators; not spliced to Hawes index,0.4326,B19083_001E,ACS1
Wyoming,2018,WY,37977.2,SAGDP9N,1,59197,4.0583,WY,0.170119762523241,0.286417952635989,0.00286417952635989,0.15504964408741,,,,,,,,,,,,,,,,,,,0,0,0,,0.4555,B19083_001E,ACS1
Wyoming,2019,WY,38577.1,SAGDP9N,1,61853,3.7083,WY,0.185110432209258,0.286412835264212,0.00286412835264212,0.384360594660364,,0.3097513,0.33801938,0.49224806,0.52260974,0.98205255,0.69694322,0.88715073,0.7308846,0.29352169,0.29101781,0.58157555,0.18125575,0.06829165,0.16809213,0.23522255,0.20080557,,0,1,1,CPS CEV observed state rates; separate modern indicators; not spliced to Hawes index,0.4345,B19083_001E,ACS1
Wyoming,2020,WY,36198.2,SAGDP9N,1,65094,5.8583,WY,0.0548096245783843,0.28310311374588,0.0028310311374588,0.151242627322006,,,,,,,,,,,,,,,,,,,0,0,0,,,,
Wyoming,2021,WY,37131.8,SAGDP9N,1,70962,4.5417,WY,-0.026906198944676,0.284899014003611,0.00284899014003611,-0.0780683232509485,,0.39200924,0.35972858,0.52176462,0.58529189,0.98036602,0.74791789,0.88264453,0.79398232,0.39822721,0.26241656,0.65805027,0.18192813,0.08891182,0.16094603,0.2941292,0.25759336,0.37488044,0,1,1,CPS CEV observed state rates; separate modern indicators; not spliced to Hawes index,0.4638,B19083_001E,ACS1
Wyoming,2022,WY,37827.2,SAGDP9N,1,76394,3.4167,WY,-0.619273973563329,0.28649720876173,0.0028649720876173,-0.449640907008793,,,,,,,,,,,,,,,,,,,0,0,0,,0.4437,B19083_001E,ACS1
Wyoming,2023,WY,40210.8,SAGDP9N,1,81918,2.9167,WY,-0.615566503991446,0.287496061130065,0.00287496061130065,-0.449640907008793,,0.334568,0.3084228,0.4908455,0.6053988,0.9872379,0.7462429,0.7961796,0.6985625,0.3080138,0.2028714,0.5668076,0.146508,0.0709439,0.1422541,0.2587212,0.2253434,0.3526348,0,1,1,CPS CEV observed state rates; separate modern indicators; not spliced to Hawes index,0.4455,B19083_001E,ACS1
