state_fips,state_abbr,state_name,year,P01,P01_status,P02,P02_status,P03,P03_status,P04,P04_status,P05,P05_status,P06,P06_status,P07,P07_status,P08,P08_status,P09,P09_status,P10,P10_status,P11,P11_status,P12,P12_status,P13,P13_status,P14,P14_status,P01_P02_COMBINED,P01_P02_COMBINED_status
01,AL,Alabama,2000,,PENDING_EXECUTION,,PENDING_EXECUTION,,PENDING_EXECUTION,,PENDING_EXECUTION,,MISSING,,MISSING,,MISSING,1.954326572664629,OBSERVED,,MISSING,,MISSING,,PENDING_EXECUTION,,STRUCTURAL_MISSING,,STRUCTURAL_MISSING,,STRUCTURAL_MISSING,,PENDING_EXECUTION
01,AL,Alabama,2001,,PENDING_EXECUTION,,PENDING_EXECUTION,,PENDING_EXECUTION,,PENDING_EXECUTION,,MISSING,,MISSING,,MISSING,2.0876822049433774,OBSERVED,,MISSING,,MISSING,,PENDING_EXECUTION,,STRUCTURAL_MISSING,,STRUCTURAL_MISSING,,STRUCTURAL_MISSING,,PENDING_EXECUTION
01,AL,Alabama,2002,,PENDING_EXECUTION,,PENDING_EXECUTION,,PENDING_EXECUTION,,PENDING_EXECUTION,,MISSING,,MISSING,,MISSING,2.2030812334308534,OBSERVED,,MISSING,,MISSING,,PENDING_EXECUTION,,STRUCTURAL_MISSING,,STRUCTURAL_MISSING,,STRUCTURAL_MISSING,,PENDING_EXECUTION
01,AL,Alabama,2003,,PENDING_EXECUTION,,PENDING_EXECUTION,,PENDING_EXECUTION,,PENDING_EXECUTION,,MISSING,,MISSING,,MISSING,2.4305588708848314,OBSERVED,,MISSING,,MISSING,,PENDING_EXECUTION,,STRUCTURAL_MISSING,,STRUCTURAL_MISSING,,STRUCTURAL_MISSING,,PENDING_EXECUTION
01,AL,Alabama,2004,,PENDING_EXECUTION,,PENDING_EXECUTION,,PENDING_EXECUTION,,PENDING_EXECUTION,,MISSING,57.11,OBSERVED,,MISSING,2.54594790374794,OBSERVED,,MISSING,,MISSING,,PENDING_EXECUTION,,STRUCTURAL_MISSING,,STRUCTURAL_MISSING,,STRUCTURAL_MISSING,,PENDING_EXECUTION
01,AL,Alabama,2005,,PENDING_EXECUTION,,PENDING_EXECUTION,,PENDING_EXECUTION,,PENDING_EXECUTION,,MISSING,,MISSING,,MISSING,2.588731904315392,OBSERVED,,MISSING,,MISSING,,PENDING_EXECUTION,,STRUCTURAL_MISSING,,STRUCTURAL_MISSING,,STRUCTURAL_MISSING,,PENDING_EXECUTION
01,AL,Alabama,2006,,PENDING_EXECUTION,,PENDING_EXECUTION,,PENDING_EXECUTION,,PENDING_EXECUTION,,MISSING,,MISSING,,MISSING,2.6392417683287097,OBSERVED,,MISSING,,MISSING,,PENDING_EXECUTION,,STRUCTURAL_MISSING,,STRUCTURAL_MISSING,,STRUCTURAL_MISSING,,PENDING_EXECUTION
01,AL,Alabama,2007,,PENDING_EXECUTION,,PENDING_EXECUTION,,PENDING_EXECUTION,,PENDING_EXECUTION,,MISSING,,MISSING,,MISSING,2.755925732530966,OBSERVED,,MISSING,,MISSING,,PENDING_EXECUTION,,STRUCTURAL_MISSING,,STRUCTURAL_MISSING,,STRUCTURAL_MISSING,,PENDING_EXECUTION
01,AL,Alabama,2008,,PENDING_EXECUTION,,PENDING_EXECUTION,,PENDING_EXECUTION,,PENDING_EXECUTION,,MISSING,60.94,OBSERVED,,MISSING,2.8763051041010077,OBSERVED,,MISSING,,MISSING,,PENDING_EXECUTION,,STRUCTURAL_MISSING,,STRUCTURAL_MISSING,,STRUCTURAL_MISSING,,PENDING_EXECUTION
01,AL,Alabama,2009,,PENDING_EXECUTION,,PENDING_EXECUTION,,PENDING_EXECUTION,,PENDING_EXECUTION,,MISSING,,MISSING,,MISSING,3.0860007003033667,OBSERVED,,MISSING,,MISSING,,PENDING_EXECUTION,,STRUCTURAL_MISSING,,STRUCTURAL_MISSING,,STRUCTURAL_MISSING,,PENDING_EXECUTION
01,AL,Alabama,2010,,PENDING_EXECUTION,,PENDING_EXECUTION,,PENDING_EXECUTION,,PENDING_EXECUTION,,MISSING,,MISSING,9.721574269210816,OBSERVED,3.2293291796868635,OBSERVED,10.01113355618203,OBSERVED,26.26576366257258,OBSERVED,,PENDING_EXECUTION,,STRUCTURAL_MISSING,,STRUCTURAL_MISSING,,STRUCTURAL_MISSING,,PENDING_EXECUTION
01,AL,Alabama,2011,,PENDING_EXECUTION,,PENDING_EXECUTION,,PENDING_EXECUTION,,PENDING_EXECUTION,,MISSING,,MISSING,6.794188685811091,OBSERVED,2.89979961005425,OBSERVED,6.878373372098332,OBSERVED,24.84880975099884,OBSERVED,,PENDING_EXECUTION,,STRUCTURAL_MISSING,,STRUCTURAL_MISSING,,STRUCTURAL_MISSING,,PENDING_EXECUTION
01,AL,Alabama,2012,,PENDING_EXECUTION,,PENDING_EXECUTION,,PENDING_EXECUTION,,PENDING_EXECUTION,,MISSING,58.88,OBSERVED,9.043728791555084,OBSERVED,2.8856263048536817,OBSERVED,7.114649196386922,OBSERVED,23.84249970211102,OBSERVED,,PENDING_EXECUTION,,STRUCTURAL_MISSING,,STRUCTURAL_MISSING,,STRUCTURAL_MISSING,,PENDING_EXECUTION
01,AL,Alabama,2013,,PENDING_EXECUTION,,PENDING_EXECUTION,,PENDING_EXECUTION,,PENDING_EXECUTION,,MISSING,,MISSING,5.31845591463056,OBSERVED,2.7663794041956407,OBSERVED,4.608178592976443,OBSERVED,24.62763042939807,OBSERVED,,PENDING_EXECUTION,,STRUCTURAL_MISSING,,STRUCTURAL_MISSING,,STRUCTURAL_MISSING,,PENDING_EXECUTION
01,AL,Alabama,2014,,PENDING_EXECUTION,,PENDING_EXECUTION,,PENDING_EXECUTION,,PENDING_EXECUTION,,MISSING,,MISSING,7.55720711032567,OBSERVED,2.9644466658697612,OBSERVED,7.232663082688228,OBSERVED,23.9216397166405,OBSERVED,,PENDING_EXECUTION,,STRUCTURAL_MISSING,,STRUCTURAL_MISSING,,STRUCTURAL_MISSING,,PENDING_EXECUTION
01,AL,Alabama,2015,,PENDING_EXECUTION,,PENDING_EXECUTION,,PENDING_EXECUTION,,PENDING_EXECUTION,,MISSING,,MISSING,7.183591200907774,OBSERVED,3.1220628313857435,OBSERVED,6.325431134835862,OBSERVED,21.57447937456246,OBSERVED,,PENDING_EXECUTION,,STRUCTURAL_MISSING,,STRUCTURAL_MISSING,,STRUCTURAL_MISSING,,PENDING_EXECUTION
01,AL,Alabama,2016,,PENDING_EXECUTION,,PENDING_EXECUTION,,PENDING_EXECUTION,,PENDING_EXECUTION,,MISSING,59.12,OBSERVED,,MISSING,3.2142111570091707,OBSERVED,,MISSING,,MISSING,,PENDING_EXECUTION,,STRUCTURAL_MISSING,,STRUCTURAL_MISSING,,STRUCTURAL_MISSING,,PENDING_EXECUTION
01,AL,Alabama,2017,,PENDING_EXECUTION,,PENDING_EXECUTION,,PENDING_EXECUTION,,PENDING_EXECUTION,22.11590543218536,OBSERVED,,MISSING,7.275669548034297,OBSERVED,,MISSING,18.23461620812535,OBSERVED,27.39893930988452,OBSERVED,,PENDING_EXECUTION,,STRUCTURAL_MISSING,,STRUCTURAL_MISSING,,STRUCTURAL_MISSING,,PENDING_EXECUTION
01,AL,Alabama,2018,,PENDING_EXECUTION,,PENDING_EXECUTION,,PENDING_EXECUTION,,PENDING_EXECUTION,,MISSING,,MISSING,,MISSING,3.032323798947917,OBSERVED,,MISSING,,MISSING,,PENDING_EXECUTION,,STRUCTURAL_MISSING,,STRUCTURAL_MISSING,,STRUCTURAL_MISSING,,PENDING_EXECUTION
01,AL,Alabama,2019,,PENDING_EXECUTION,,PENDING_EXECUTION,,PENDING_EXECUTION,,PENDING_EXECUTION,22.92622203819678,OBSERVED,,MISSING,9.046351047988384,OBSERVED,3.6167739582494987,OBSERVED,16.44157965417194,OBSERVED,25.76427111044703,OBSERVED,,PENDING_EXECUTION,,STRUCTURAL_MISSING,,STRUCTURAL_MISSING,,STRUCTURAL_MISSING,,PENDING_EXECUTION
01,AL,Alabama,2020,,PENDING_EXECUTION,,PENDING_EXECUTION,,PENDING_EXECUTION,,PENDING_EXECUTION,,MISSING,61.46,OBSERVED,,MISSING,3.5948904819367136,OBSERVED,,MISSING,,MISSING,,PENDING_EXECUTION,,STRUCTURAL_MISSING,,STRUCTURAL_MISSING,,STRUCTURAL_MISSING,,PENDING_EXECUTION
01,AL,Alabama,2021,,PENDING_EXECUTION,,PENDING_EXECUTION,,PENDING_EXECUTION,,PENDING_EXECUTION,18.44593890036886,OBSERVED,,MISSING,7.900686276627845,OBSERVED,,MISSING,15.94160489220922,OBSERVED,19.54344782108097,OBSERVED,,PENDING_EXECUTION,,STRUCTURAL_MISSING,,STRUCTURAL_MISSING,,STRUCTURAL_MISSING,,PENDING_EXECUTION
01,AL,Alabama,2022,,PENDING_EXECUTION,,PENDING_EXECUTION,,PENDING_EXECUTION,,PENDING_EXECUTION,,MISSING,,MISSING,,MISSING,3.809493401824986,OBSERVED,,MISSING,,MISSING,,PENDING_EXECUTION,,STRUCTURAL_MISSING,,STRUCTURAL_MISSING,,STRUCTURAL_MISSING,,PENDING_EXECUTION
01,AL,Alabama,2023,,PENDING_EXECUTION,,PENDING_EXECUTION,,PENDING_EXECUTION,,PENDING_EXECUTION,14.74838815613018,OBSERVED,,MISSING,6.33948940215401,OBSERVED,3.96126588245243,OBSERVED,18.31129214517437,OBSERVED,17.10345775945247,OBSERVED,,PENDING_EXECUTION,,STRUCTURAL_MISSING,,STRUCTURAL_MISSING,,STRUCTURAL_MISSING,,PENDING_EXECUTION
02,AK,Alaska,2000,,PENDING_EXECUTION,,PENDING_EXECUTION,,PENDING_EXECUTION,,PENDING_EXECUTION,,MISSING,68.82,OBSERVED,,MISSING,4.111707218418919,OBSERVED,,MISSING,,MISSING,,PENDING_EXECUTION,,STRUCTURAL_MISSING,,STRUCTURAL_MISSING,,STRUCTURAL_MISSING,,PENDING_EXECUTION
02,AK,Alaska,2001,,PENDING_EXECUTION,,PENDING_EXECUTION,,PENDING_EXECUTION,,PENDING_EXECUTION,,MISSING,,MISSING,,MISSING,4.33002900361993,OBSERVED,,MISSING,,MISSING,,PENDING_EXECUTION,,STRUCTURAL_MISSING,,STRUCTURAL_MISSING,,STRUCTURAL_MISSING,,PENDING_EXECUTION
02,AK,Alaska,2002,,PENDING_EXECUTION,,PENDING_EXECUTION,,PENDING_EXECUTION,,PENDING_EXECUTION,,MISSING,,MISSING,,MISSING,4.46183234034471,OBSERVED,,MISSING,,MISSING,,PENDING_EXECUTION,,STRUCTURAL_MISSING,,STRUCTURAL_MISSING,,STRUCTURAL_MISSING,,PENDING_EXECUTION
02,AK,Alaska,2003,,PENDING_EXECUTION,,PENDING_EXECUTION,,PENDING_EXECUTION,,PENDING_EXECUTION,,MISSING,,MISSING,,MISSING,4.751593889089378,OBSERVED,,MISSING,,MISSING,,PENDING_EXECUTION,,STRUCTURAL_MISSING,,STRUCTURAL_MISSING,,STRUCTURAL_MISSING,,PENDING_EXECUTION
02,AK,Alaska,2004,,PENDING_EXECUTION,,PENDING_EXECUTION,,PENDING_EXECUTION,,PENDING_EXECUTION,,MISSING,70.03,OBSERVED,,MISSING,4.862836462476073,OBSERVED,,MISSING,,MISSING,,PENDING_EXECUTION,,STRUCTURAL_MISSING,,STRUCTURAL_MISSING,,STRUCTURAL_MISSING,,PENDING_EXECUTION
02,AK,Alaska,2005,,PENDING_EXECUTION,,PENDING_EXECUTION,,PENDING_EXECUTION,,PENDING_EXECUTION,,MISSING,,MISSING,,MISSING,4.836973308183871,OBSERVED,,MISSING,,MISSING,,PENDING_EXECUTION,,STRUCTURAL_MISSING,,STRUCTURAL_MISSING,,STRUCTURAL_MISSING,,PENDING_EXECUTION
02,AK,Alaska,2006,,PENDING_EXECUTION,,PENDING_EXECUTION,,PENDING_EXECUTION,,PENDING_EXECUTION,,MISSING,,MISSING,,MISSING,4.974070860148497,OBSERVED,,MISSING,,MISSING,,PENDING_EXECUTION,,STRUCTURAL_MISSING,,STRUCTURAL_MISSING,,STRUCTURAL_MISSING,,PENDING_EXECUTION
02,AK,Alaska,2007,,PENDING_EXECUTION,,PENDING_EXECUTION,,PENDING_EXECUTION,,PENDING_EXECUTION,,MISSING,,MISSING,,MISSING,5.135969425253565,OBSERVED,,MISSING,,MISSING,,PENDING_EXECUTION,,STRUCTURAL_MISSING,,STRUCTURAL_MISSING,,STRUCTURAL_MISSING,,PENDING_EXECUTION
02,AK,Alaska,2008,,PENDING_EXECUTION,,PENDING_EXECUTION,,PENDING_EXECUTION,,PENDING_EXECUTION,,MISSING,68.25,OBSERVED,,MISSING,5.220705355259617,OBSERVED,,MISSING,,MISSING,,PENDING_EXECUTION,,STRUCTURAL_MISSING,,STRUCTURAL_MISSING,,STRUCTURAL_MISSING,,PENDING_EXECUTION
02,AK,Alaska,2009,,PENDING_EXECUTION,,PENDING_EXECUTION,,PENDING_EXECUTION,,PENDING_EXECUTION,,MISSING,,MISSING,,MISSING,5.306948826361613,OBSERVED,,MISSING,,MISSING,,PENDING_EXECUTION,,STRUCTURAL_MISSING,,STRUCTURAL_MISSING,,STRUCTURAL_MISSING,,PENDING_EXECUTION
02,AK,Alaska,2010,,PENDING_EXECUTION,,PENDING_EXECUTION,,PENDING_EXECUTION,,PENDING_EXECUTION,,MISSING,,MISSING,13.88302709592891,OBSERVED,5.339070172637406,OBSERVED,13.41545051167813,OBSERVED,29.07015825761961,OBSERVED,,PENDING_EXECUTION,,STRUCTURAL_MISSING,,STRUCTURAL_MISSING,,STRUCTURAL_MISSING,,PENDING_EXECUTION
02,AK,Alaska,2011,,PENDING_EXECUTION,,PENDING_EXECUTION,,PENDING_EXECUTION,,PENDING_EXECUTION,,MISSING,,MISSING,18.25343221874299,OBSERVED,4.944978119994629,OBSERVED,19.22093350043767,OBSERVED,33.4783654960116,OBSERVED,,PENDING_EXECUTION,,STRUCTURAL_MISSING,,STRUCTURAL_MISSING,,STRUCTURAL_MISSING,,PENDING_EXECUTION
02,AK,Alaska,2012,,PENDING_EXECUTION,,PENDING_EXECUTION,,PENDING_EXECUTION,,PENDING_EXECUTION,,MISSING,58.89,OBSERVED,18.19669953613204,OBSERVED,4.943829449514922,OBSERVED,16.78170705422718,OBSERVED,36.86147508064381,OBSERVED,,PENDING_EXECUTION,,STRUCTURAL_MISSING,,STRUCTURAL_MISSING,,STRUCTURAL_MISSING,,PENDING_EXECUTION
02,AK,Alaska,2013,,PENDING_EXECUTION,,PENDING_EXECUTION,,PENDING_EXECUTION,,PENDING_EXECUTION,,MISSING,,MISSING,18.86081565140348,OBSERVED,4.7666432582365585,OBSERVED,15.81756131954624,OBSERVED,32.00632159180991,OBSERVED,,PENDING_EXECUTION,,STRUCTURAL_MISSING,,STRUCTURAL_MISSING,,STRUCTURAL_MISSING,,PENDING_EXECUTION
02,AK,Alaska,2014,,PENDING_EXECUTION,,PENDING_EXECUTION,,PENDING_EXECUTION,,PENDING_EXECUTION,,MISSING,,MISSING,17.79886213329402,OBSERVED,4.99542109011973,OBSERVED,16.50056305668439,OBSERVED,34.20959471518867,OBSERVED,,PENDING_EXECUTION,,STRUCTURAL_MISSING,,STRUCTURAL_MISSING,,STRUCTURAL_MISSING,,PENDING_EXECUTION
02,AK,Alaska,2015,,PENDING_EXECUTION,,PENDING_EXECUTION,,PENDING_EXECUTION,,PENDING_EXECUTION,,MISSING,,MISSING,15.11135205694177,OBSERVED,5.165012255731756,OBSERVED,12.29481065719025,OBSERVED,31.3073838915437,OBSERVED,,PENDING_EXECUTION,,STRUCTURAL_MISSING,,STRUCTURAL_MISSING,,STRUCTURAL_MISSING,,PENDING_EXECUTION
02,AK,Alaska,2016,,PENDING_EXECUTION,,PENDING_EXECUTION,,PENDING_EXECUTION,,PENDING_EXECUTION,,MISSING,61.56,OBSERVED,,MISSING,5.251994748005251,OBSERVED,,MISSING,,MISSING,,PENDING_EXECUTION,,STRUCTURAL_MISSING,,STRUCTURAL_MISSING,,STRUCTURAL_MISSING,,PENDING_EXECUTION
02,AK,Alaska,2017,,PENDING_EXECUTION,,PENDING_EXECUTION,,PENDING_EXECUTION,,PENDING_EXECUTION,36.78083138290004,OBSERVED,,MISSING,16.73514644821336,OBSERVED,,MISSING,24.51754519025389,OBSERVED,40.62279129420494,OBSERVED,,PENDING_EXECUTION,,STRUCTURAL_MISSING,,STRUCTURAL_MISSING,,STRUCTURAL_MISSING,,PENDING_EXECUTION
02,AK,Alaska,2018,,PENDING_EXECUTION,,PENDING_EXECUTION,,PENDING_EXECUTION,,PENDING_EXECUTION,,MISSING,,MISSING,,MISSING,5.0745020526075715,OBSERVED,,MISSING,,MISSING,,PENDING_EXECUTION,,STRUCTURAL_MISSING,,STRUCTURAL_MISSING,,STRUCTURAL_MISSING,,PENDING_EXECUTION
02,AK,Alaska,2019,,PENDING_EXECUTION,,PENDING_EXECUTION,,PENDING_EXECUTION,,PENDING_EXECUTION,31.48267109452365,OBSERVED,,MISSING,16.61285339045646,OBSERVED,5.787871641746285,OBSERVED,26.50932101572527,OBSERVED,35.4590991135773,OBSERVED,,PENDING_EXECUTION,,STRUCTURAL_MISSING,,STRUCTURAL_MISSING,,STRUCTURAL_MISSING,,PENDING_EXECUTION
02,AK,Alaska,2020,,PENDING_EXECUTION,,PENDING_EXECUTION,,PENDING_EXECUTION,,PENDING_EXECUTION,,MISSING,68.23,OBSERVED,,MISSING,5.832482905026713,OBSERVED,,MISSING,,MISSING,,PENDING_EXECUTION,,STRUCTURAL_MISSING,,STRUCTURAL_MISSING,,STRUCTURAL_MISSING,,PENDING_EXECUTION
02,AK,Alaska,2021,,PENDING_EXECUTION,,PENDING_EXECUTION,,PENDING_EXECUTION,,PENDING_EXECUTION,25.72980828474807,OBSERVED,,MISSING,14.24386261627767,OBSERVED,,MISSING,20.73468112216778,OBSERVED,27.29988342410172,OBSERVED,,PENDING_EXECUTION,,STRUCTURAL_MISSING,,STRUCTURAL_MISSING,,STRUCTURAL_MISSING,,PENDING_EXECUTION
02,AK,Alaska,2022,,PENDING_EXECUTION,,PENDING_EXECUTION,,PENDING_EXECUTION,,PENDING_EXECUTION,,MISSING,,MISSING,,MISSING,5.941828179294018,OBSERVED,,MISSING,,MISSING,,PENDING_EXECUTION,,STRUCTURAL_MISSING,,STRUCTURAL_MISSING,,STRUCTURAL_MISSING,,PENDING_EXECUTION
02,AK,Alaska,2023,,PENDING_EXECUTION,,PENDING_EXECUTION,,PENDING_EXECUTION,,PENDING_EXECUTION,28.34551943114587,OBSERVED,,MISSING,12.61431357867966,OBSERVED,6.088033094902414,OBSERVED,27.85641345297091,OBSERVED,31.43843886242381,OBSERVED,,PENDING_EXECUTION,,STRUCTURAL_MISSING,,STRUCTURAL_MISSING,,STRUCTURAL_MISSING,,PENDING_EXECUTION
04,AZ,Arizona,2000,,PENDING_EXECUTION,,PENDING_EXECUTION,,PENDING_EXECUTION,,PENDING_EXECUTION,,MISSING,46.37,OBSERVED,,MISSING,1.9307884802229824,OBSERVED,,MISSING,,MISSING,,PENDING_EXECUTION,,STRUCTURAL_MISSING,,STRUCTURAL_MISSING,,STRUCTURAL_MISSING,,PENDING_EXECUTION
04,AZ,Arizona,2001,,PENDING_EXECUTION,,PENDING_EXECUTION,,PENDING_EXECUTION,,PENDING_EXECUTION,,MISSING,,MISSING,,MISSING,2.0354691980262736,OBSERVED,,MISSING,,MISSING,,PENDING_EXECUTION,,STRUCTURAL_MISSING,,STRUCTURAL_MISSING,,STRUCTURAL_MISSING,,PENDING_EXECUTION
04,AZ,Arizona,2002,,PENDING_EXECUTION,,PENDING_EXECUTION,,PENDING_EXECUTION,,PENDING_EXECUTION,,MISSING,,MISSING,,MISSING,2.104237105177572,OBSERVED,,MISSING,,MISSING,,PENDING_EXECUTION,,STRUCTURAL_MISSING,,STRUCTURAL_MISSING,,STRUCTURAL_MISSING,,PENDING_EXECUTION
04,AZ,Arizona,2003,,PENDING_EXECUTION,,PENDING_EXECUTION,,PENDING_EXECUTION,,PENDING_EXECUTION,,MISSING,,MISSING,,MISSING,2.2624639678975833,OBSERVED,,MISSING,,MISSING,,PENDING_EXECUTION,,STRUCTURAL_MISSING,,STRUCTURAL_MISSING,,STRUCTURAL_MISSING,,PENDING_EXECUTION
04,AZ,Arizona,2004,,PENDING_EXECUTION,,PENDING_EXECUTION,,PENDING_EXECUTION,,PENDING_EXECUTION,,MISSING,55.7,OBSERVED,,MISSING,2.2993756284936464,OBSERVED,,MISSING,,MISSING,,PENDING_EXECUTION,,STRUCTURAL_MISSING,,STRUCTURAL_MISSING,,STRUCTURAL_MISSING,,PENDING_EXECUTION
04,AZ,Arizona,2005,,PENDING_EXECUTION,,PENDING_EXECUTION,,PENDING_EXECUTION,,PENDING_EXECUTION,,MISSING,,MISSING,,MISSING,2.289916711151437,OBSERVED,,MISSING,,MISSING,,PENDING_EXECUTION,,STRUCTURAL_MISSING,,STRUCTURAL_MISSING,,STRUCTURAL_MISSING,,PENDING_EXECUTION
04,AZ,Arizona,2006,,PENDING_EXECUTION,,PENDING_EXECUTION,,PENDING_EXECUTION,,PENDING_EXECUTION,,MISSING,,MISSING,,MISSING,2.337978163058386,OBSERVED,,MISSING,,MISSING,,PENDING_EXECUTION,,STRUCTURAL_MISSING,,STRUCTURAL_MISSING,,STRUCTURAL_MISSING,,PENDING_EXECUTION
04,AZ,Arizona,2007,,PENDING_EXECUTION,,PENDING_EXECUTION,,PENDING_EXECUTION,,PENDING_EXECUTION,,MISSING,,MISSING,,MISSING,2.416305253141335,OBSERVED,,MISSING,,MISSING,,PENDING_EXECUTION,,STRUCTURAL_MISSING,,STRUCTURAL_MISSING,,STRUCTURAL_MISSING,,PENDING_EXECUTION
04,AZ,Arizona,2008,,PENDING_EXECUTION,,PENDING_EXECUTION,,PENDING_EXECUTION,,PENDING_EXECUTION,,MISSING,57.35,OBSERVED,,MISSING,2.4832963450196024,OBSERVED,,MISSING,,MISSING,,PENDING_EXECUTION,,STRUCTURAL_MISSING,,STRUCTURAL_MISSING,,STRUCTURAL_MISSING,,PENDING_EXECUTION
04,AZ,Arizona,2009,,PENDING_EXECUTION,,PENDING_EXECUTION,,PENDING_EXECUTION,,PENDING_EXECUTION,,MISSING,,MISSING,,MISSING,2.5965001007385284,OBSERVED,,MISSING,,MISSING,,PENDING_EXECUTION,,STRUCTURAL_MISSING,,STRUCTURAL_MISSING,,STRUCTURAL_MISSING,,PENDING_EXECUTION
04,AZ,Arizona,2010,,PENDING_EXECUTION,,PENDING_EXECUTION,,PENDING_EXECUTION,,PENDING_EXECUTION,,MISSING,,MISSING,9.541154485855655,OBSERVED,2.8492313973563452,OBSERVED,8.227955538985071,OBSERVED,24.19178315829964,OBSERVED,,PENDING_EXECUTION,,STRUCTURAL_MISSING,,STRUCTURAL_MISSING,,STRUCTURAL_MISSING,,PENDING_EXECUTION
04,AZ,Arizona,2011,,PENDING_EXECUTION,,PENDING_EXECUTION,,PENDING_EXECUTION,,PENDING_EXECUTION,,MISSING,,MISSING,7.635040068068374,OBSERVED,2.515209898452378,OBSERVED,8.810901902479598,OBSERVED,25.51422198361206,OBSERVED,,PENDING_EXECUTION,,STRUCTURAL_MISSING,,STRUCTURAL_MISSING,,STRUCTURAL_MISSING,,PENDING_EXECUTION
04,AZ,Arizona,2012,,PENDING_EXECUTION,,PENDING_EXECUTION,,PENDING_EXECUTION,,PENDING_EXECUTION,,MISSING,52.91,OBSERVED,8.033565854857605,OBSERVED,2.4946830123617674,OBSERVED,7.062497759874142,OBSERVED,23.65864036080085,OBSERVED,,PENDING_EXECUTION,,STRUCTURAL_MISSING,,STRUCTURAL_MISSING,,STRUCTURAL_MISSING,,PENDING_EXECUTION
04,AZ,Arizona,2013,,PENDING_EXECUTION,,PENDING_EXECUTION,,PENDING_EXECUTION,,PENDING_EXECUTION,,MISSING,,MISSING,4.262490379977511,OBSERVED,2.341028744372382,OBSERVED,5.287340744109497,OBSERVED,23.42723460023426,OBSERVED,,PENDING_EXECUTION,,STRUCTURAL_MISSING,,STRUCTURAL_MISSING,,STRUCTURAL_MISSING,,PENDING_EXECUTION
04,AZ,Arizona,2014,,PENDING_EXECUTION,,PENDING_EXECUTION,,PENDING_EXECUTION,,PENDING_EXECUTION,,MISSING,,MISSING,6.661081618257657,OBSERVED,2.4848233436157194,OBSERVED,6.989272466622191,OBSERVED,23.42045309475451,OBSERVED,,PENDING_EXECUTION,,STRUCTURAL_MISSING,,STRUCTURAL_MISSING,,STRUCTURAL_MISSING,,PENDING_EXECUTION
04,AZ,Arizona,2015,,PENDING_EXECUTION,,PENDING_EXECUTION,,PENDING_EXECUTION,,PENDING_EXECUTION,,MISSING,,MISSING,5.284795933621382,OBSERVED,2.6005406267699525,OBSERVED,5.640427352267807,OBSERVED,23.14537310418594,OBSERVED,,PENDING_EXECUTION,,STRUCTURAL_MISSING,,STRUCTURAL_MISSING,,STRUCTURAL_MISSING,,PENDING_EXECUTION
04,AZ,Arizona,2016,,PENDING_EXECUTION,,PENDING_EXECUTION,,PENDING_EXECUTION,,PENDING_EXECUTION,,MISSING,55.97,OBSERVED,,MISSING,2.655668649502568,OBSERVED,,MISSING,,MISSING,,PENDING_EXECUTION,,STRUCTURAL_MISSING,,STRUCTURAL_MISSING,,STRUCTURAL_MISSING,,PENDING_EXECUTION
04,AZ,Arizona,2017,,PENDING_EXECUTION,,PENDING_EXECUTION,,PENDING_EXECUTION,,PENDING_EXECUTION,25.36547300758513,OBSERVED,,MISSING,6.567139112612372,OBSERVED,,MISSING,15.60887314361906,OBSERVED,30.03733549941588,OBSERVED,,PENDING_EXECUTION,,STRUCTURAL_MISSING,,STRUCTURAL_MISSING,,STRUCTURAL_MISSING,,PENDING_EXECUTION
04,AZ,Arizona,2018,,PENDING_EXECUTION,,PENDING_EXECUTION,,PENDING_EXECUTION,,PENDING_EXECUTION,,MISSING,,MISSING,,MISSING,2.4216147224795193,OBSERVED,,MISSING,,MISSING,,PENDING_EXECUTION,,STRUCTURAL_MISSING,,STRUCTURAL_MISSING,,STRUCTURAL_MISSING,,PENDING_EXECUTION
04,AZ,Arizona,2019,,PENDING_EXECUTION,,PENDING_EXECUTION,,PENDING_EXECUTION,,PENDING_EXECUTION,24.043847618472,OBSERVED,,MISSING,8.724856473459397,OBSERVED,2.95521996290924,OBSERVED,17.47064557635117,OBSERVED,26.18758471294667,OBSERVED,,PENDING_EXECUTION,,STRUCTURAL_MISSING,,STRUCTURAL_MISSING,,STRUCTURAL_MISSING,,PENDING_EXECUTION
04,AZ,Arizona,2020,,PENDING_EXECUTION,,PENDING_EXECUTION,,PENDING_EXECUTION,,PENDING_EXECUTION,,MISSING,66.63,OBSERVED,,MISSING,3.0706794775837474,OBSERVED,,MISSING,,MISSING,,PENDING_EXECUTION,,STRUCTURAL_MISSING,,STRUCTURAL_MISSING,,STRUCTURAL_MISSING,,PENDING_EXECUTION
04,AZ,Arizona,2021,,PENDING_EXECUTION,,PENDING_EXECUTION,,PENDING_EXECUTION,,PENDING_EXECUTION,22.89331020826593,OBSERVED,,MISSING,5.833709519359537,OBSERVED,,MISSING,15.6443428746098,OBSERVED,23.45180991479173,OBSERVED,,PENDING_EXECUTION,,STRUCTURAL_MISSING,,STRUCTURAL_MISSING,,STRUCTURAL_MISSING,,PENDING_EXECUTION
04,AZ,Arizona,2022,,PENDING_EXECUTION,,PENDING_EXECUTION,,PENDING_EXECUTION,,PENDING_EXECUTION,,MISSING,,MISSING,,MISSING,3.2052691915645584,OBSERVED,,MISSING,,MISSING,,PENDING_EXECUTION,,STRUCTURAL_MISSING,,STRUCTURAL_MISSING,,STRUCTURAL_MISSING,,PENDING_EXECUTION
04,AZ,Arizona,2023,,PENDING_EXECUTION,,PENDING_EXECUTION,,PENDING_EXECUTION,,PENDING_EXECUTION,23.15748641719383,OBSERVED,,MISSING,7.918316649042778,OBSERVED,3.3329099016274846,OBSERVED,20.26567360480785,OBSERVED,26.92133244714305,OBSERVED,,PENDING_EXECUTION,,STRUCTURAL_MISSING,,STRUCTURAL_MISSING,,STRUCTURAL_MISSING,,PENDING_EXECUTION
05,AR,Arkansas,2000,,PENDING_EXECUTION,,PENDING_EXECUTION,,PENDING_EXECUTION,,PENDING_EXECUTION,,MISSING,,MISSING,,MISSING,2.187719798640179,OBSERVED,,MISSING,,MISSING,,PENDING_EXECUTION,,STRUCTURAL_MISSING,,STRUCTURAL_MISSING,,STRUCTURAL_MISSING,,PENDING_EXECUTION
05,AR,Arkansas,2001,,PENDING_EXECUTION,,PENDING_EXECUTION,,PENDING_EXECUTION,,PENDING_EXECUTION,,MISSING,,MISSING,,MISSING,2.332095270754515,OBSERVED,,MISSING,,MISSING,,PENDING_EXECUTION,,STRUCTURAL_MISSING,,STRUCTURAL_MISSING,,STRUCTURAL_MISSING,,PENDING_EXECUTION
05,AR,Arkansas,2002,,PENDING_EXECUTION,,PENDING_EXECUTION,,PENDING_EXECUTION,,PENDING_EXECUTION,,MISSING,,MISSING,,MISSING,2.4579377048974345,OBSERVED,,MISSING,,MISSING,,PENDING_EXECUTION,,STRUCTURAL_MISSING,,STRUCTURAL_MISSING,,STRUCTURAL_MISSING,,PENDING_EXECUTION
05,AR,Arkansas,2003,,PENDING_EXECUTION,,PENDING_EXECUTION,,PENDING_EXECUTION,,PENDING_EXECUTION,,MISSING,,MISSING,,MISSING,2.65449116564201,OBSERVED,,MISSING,,MISSING,,PENDING_EXECUTION,,STRUCTURAL_MISSING,,STRUCTURAL_MISSING,,STRUCTURAL_MISSING,,PENDING_EXECUTION
05,AR,Arkansas,2004,,PENDING_EXECUTION,,PENDING_EXECUTION,,PENDING_EXECUTION,,PENDING_EXECUTION,,MISSING,54.29,OBSERVED,,MISSING,2.7614062114728735,OBSERVED,,MISSING,,MISSING,,PENDING_EXECUTION,,STRUCTURAL_MISSING,,STRUCTURAL_MISSING,,STRUCTURAL_MISSING,,PENDING_EXECUTION
05,AR,Arkansas,2005,,PENDING_EXECUTION,,PENDING_EXECUTION,,PENDING_EXECUTION,,PENDING_EXECUTION,,MISSING,,MISSING,,MISSING,2.8215484752958995,OBSERVED,,MISSING,,MISSING,,PENDING_EXECUTION,,STRUCTURAL_MISSING,,STRUCTURAL_MISSING,,STRUCTURAL_MISSING,,PENDING_EXECUTION
05,AR,Arkansas,2006,,PENDING_EXECUTION,,PENDING_EXECUTION,,PENDING_EXECUTION,,PENDING_EXECUTION,,MISSING,,MISSING,,MISSING,2.8850777936189496,OBSERVED,,MISSING,,MISSING,,PENDING_EXECUTION,,STRUCTURAL_MISSING,,STRUCTURAL_MISSING,,STRUCTURAL_MISSING,,PENDING_EXECUTION
05,AR,Arkansas,2007,,PENDING_EXECUTION,,PENDING_EXECUTION,,PENDING_EXECUTION,,PENDING_EXECUTION,,MISSING,,MISSING,,MISSING,2.972636160988538,OBSERVED,,MISSING,,MISSING,,PENDING_EXECUTION,,STRUCTURAL_MISSING,,STRUCTURAL_MISSING,,STRUCTURAL_MISSING,,PENDING_EXECUTION
05,AR,Arkansas,2008,,PENDING_EXECUTION,,PENDING_EXECUTION,,PENDING_EXECUTION,,PENDING_EXECUTION,,MISSING,52.91,OBSERVED,,MISSING,3.2039752949501032,OBSERVED,,MISSING,,MISSING,,PENDING_EXECUTION,,STRUCTURAL_MISSING,,STRUCTURAL_MISSING,,STRUCTURAL_MISSING,,PENDING_EXECUTION
05,AR,Arkansas,2009,,PENDING_EXECUTION,,PENDING_EXECUTION,,PENDING_EXECUTION,,PENDING_EXECUTION,,MISSING,,MISSING,,MISSING,3.3377714981447046,OBSERVED,,MISSING,,MISSING,,PENDING_EXECUTION,,STRUCTURAL_MISSING,,STRUCTURAL_MISSING,,STRUCTURAL_MISSING,,PENDING_EXECUTION
05,AR,Arkansas,2010,,PENDING_EXECUTION,,PENDING_EXECUTION,,PENDING_EXECUTION,,PENDING_EXECUTION,,MISSING,,MISSING,6.767450540246182,OBSERVED,3.519851827413982,OBSERVED,6.246010995623073,OBSERVED,21.11965935276674,OBSERVED,,PENDING_EXECUTION,,STRUCTURAL_MISSING,,STRUCTURAL_MISSING,,STRUCTURAL_MISSING,,PENDING_EXECUTION
05,AR,Arkansas,2011,,PENDING_EXECUTION,,PENDING_EXECUTION,,PENDING_EXECUTION,,PENDING_EXECUTION,,MISSING,,MISSING,6.269274012885377,OBSERVED,3.220291611329061,OBSERVED,6.184540512911727,OBSERVED,23.14786530844724,OBSERVED,,PENDING_EXECUTION,,STRUCTURAL_MISSING,,STRUCTURAL_MISSING,,STRUCTURAL_MISSING,,PENDING_EXECUTION
05,AR,Arkansas,2012,,PENDING_EXECUTION,,PENDING_EXECUTION,,PENDING_EXECUTION,,PENDING_EXECUTION,,MISSING,51.07,OBSERVED,7.325636460107518,OBSERVED,3.1281367724211924,OBSERVED,6.300726604361214,OBSERVED,20.85094896713715,OBSERVED,,PENDING_EXECUTION,,STRUCTURAL_MISSING,,STRUCTURAL_MISSING,,STRUCTURAL_MISSING,,PENDING_EXECUTION
05,AR,Arkansas,2013,,PENDING_EXECUTION,,PENDING_EXECUTION,,PENDING_EXECUTION,,PENDING_EXECUTION,,MISSING,,MISSING,6.576978389859441,OBSERVED,2.909683937524553,OBSERVED,4.589352449849307,OBSERVED,19.27992814335784,OBSERVED,,PENDING_EXECUTION,,STRUCTURAL_MISSING,,STRUCTURAL_MISSING,,STRUCTURAL_MISSING,,PENDING_EXECUTION
05,AR,Arkansas,2014,,PENDING_EXECUTION,,PENDING_EXECUTION,,PENDING_EXECUTION,,PENDING_EXECUTION,,MISSING,,MISSING,6.076878142417668,OBSERVED,3.126895783726466,OBSERVED,5.869007480192741,OBSERVED,21.15437562792843,OBSERVED,,PENDING_EXECUTION,,STRUCTURAL_MISSING,,STRUCTURAL_MISSING,,STRUCTURAL_MISSING,,PENDING_EXECUTION
05,AR,Arkansas,2015,,PENDING_EXECUTION,,PENDING_EXECUTION,,PENDING_EXECUTION,,PENDING_EXECUTION,,MISSING,,MISSING,6.818937998863017,OBSERVED,3.337884078165419,OBSERVED,6.376642098451278,OBSERVED,20.98038914303496,OBSERVED,,PENDING_EXECUTION,,STRUCTURAL_MISSING,,STRUCTURAL_MISSING,,STRUCTURAL_MISSING,,PENDING_EXECUTION
05,AR,Arkansas,2016,,PENDING_EXECUTION,,PENDING_EXECUTION,,PENDING_EXECUTION,,PENDING_EXECUTION,,MISSING,53.11,OBSERVED,,MISSING,3.410638692566218,OBSERVED,,MISSING,,MISSING,,PENDING_EXECUTION,,STRUCTURAL_MISSING,,STRUCTURAL_MISSING,,STRUCTURAL_MISSING,,PENDING_EXECUTION
05,AR,Arkansas,2017,,PENDING_EXECUTION,,PENDING_EXECUTION,,PENDING_EXECUTION,,PENDING_EXECUTION,28.6238153195055,OBSERVED,,MISSING,8.976025928901773,OBSERVED,,MISSING,16.97831401352071,OBSERVED,29.98405232142241,OBSERVED,,PENDING_EXECUTION,,STRUCTURAL_MISSING,,STRUCTURAL_MISSING,,STRUCTURAL_MISSING,,PENDING_EXECUTION
05,AR,Arkansas,2018,,PENDING_EXECUTION,,PENDING_EXECUTION,,PENDING_EXECUTION,,PENDING_EXECUTION,,MISSING,,MISSING,,MISSING,3.1963762893152126,OBSERVED,,MISSING,,MISSING,,PENDING_EXECUTION,,STRUCTURAL_MISSING,,STRUCTURAL_MISSING,,STRUCTURAL_MISSING,,PENDING_EXECUTION
05,AR,Arkansas,2019,,PENDING_EXECUTION,,PENDING_EXECUTION,,PENDING_EXECUTION,,PENDING_EXECUTION,29.93821420859734,OBSERVED,,MISSING,11.57813383812779,OBSERVED,3.8189530898034914,OBSERVED,19.55791390158461,OBSERVED,29.7229036209718,OBSERVED,,PENDING_EXECUTION,,STRUCTURAL_MISSING,,STRUCTURAL_MISSING,,STRUCTURAL_MISSING,,PENDING_EXECUTION
05,AR,Arkansas,2020,,PENDING_EXECUTION,,PENDING_EXECUTION,,PENDING_EXECUTION,,PENDING_EXECUTION,,MISSING,56.17,OBSERVED,,MISSING,3.8724792227042135,OBSERVED,,MISSING,,MISSING,,PENDING_EXECUTION,,STRUCTURAL_MISSING,,STRUCTURAL_MISSING,,STRUCTURAL_MISSING,,PENDING_EXECUTION
05,AR,Arkansas,2021,,PENDING_EXECUTION,,PENDING_EXECUTION,,PENDING_EXECUTION,,PENDING_EXECUTION,23.13417797359673,OBSERVED,,MISSING,6.849847159297539,OBSERVED,,MISSING,14.41295650545563,OBSERVED,20.87891658720208,OBSERVED,,PENDING_EXECUTION,,STRUCTURAL_MISSING,,STRUCTURAL_MISSING,,STRUCTURAL_MISSING,,PENDING_EXECUTION
05,AR,Arkansas,2022,,PENDING_EXECUTION,,PENDING_EXECUTION,,PENDING_EXECUTION,,PENDING_EXECUTION,,MISSING,,MISSING,,MISSING,3.949574646041694,OBSERVED,,MISSING,,MISSING,,PENDING_EXECUTION,,STRUCTURAL_MISSING,,STRUCTURAL_MISSING,,STRUCTURAL_MISSING,,PENDING_EXECUTION
05,AR,Arkansas,2023,,PENDING_EXECUTION,,PENDING_EXECUTION,,PENDING_EXECUTION,,PENDING_EXECUTION,25.7534719191151,OBSERVED,,MISSING,7.043692106068447,OBSERVED,4.061632502448062,OBSERVED,17.02168155938637,OBSERVED,25.03364011444229,OBSERVED,,PENDING_EXECUTION,,STRUCTURAL_MISSING,,STRUCTURAL_MISSING,,STRUCTURAL_MISSING,,PENDING_EXECUTION
06,CA,California,2000,,PENDING_EXECUTION,,PENDING_EXECUTION,,PENDING_EXECUTION,,PENDING_EXECUTION,,MISSING,55.96,OBSERVED,,MISSING,2.4323601254643665,OBSERVED,,MISSING,,MISSING,,PENDING_EXECUTION,,STRUCTURAL_MISSING,,STRUCTURAL_MISSING,,STRUCTURAL_MISSING,,PENDING_EXECUTION
06,CA,California,2001,,PENDING_EXECUTION,,PENDING_EXECUTION,,PENDING_EXECUTION,,PENDING_EXECUTION,,MISSING,,MISSING,,MISSING,2.550736151362936,OBSERVED,,MISSING,,MISSING,,PENDING_EXECUTION,,STRUCTURAL_MISSING,,STRUCTURAL_MISSING,,STRUCTURAL_MISSING,,PENDING_EXECUTION
06,CA,California,2002,,PENDING_EXECUTION,,PENDING_EXECUTION,,PENDING_EXECUTION,,PENDING_EXECUTION,,MISSING,,MISSING,,MISSING,2.6533154556815366,OBSERVED,,MISSING,,MISSING,,PENDING_EXECUTION,,STRUCTURAL_MISSING,,STRUCTURAL_MISSING,,STRUCTURAL_MISSING,,PENDING_EXECUTION
06,CA,California,2003,,PENDING_EXECUTION,,PENDING_EXECUTION,,PENDING_EXECUTION,,PENDING_EXECUTION,,MISSING,,MISSING,,MISSING,2.869416610295832,OBSERVED,,MISSING,,MISSING,,PENDING_EXECUTION,,STRUCTURAL_MISSING,,STRUCTURAL_MISSING,,STRUCTURAL_MISSING,,PENDING_EXECUTION
06,CA,California,2004,,PENDING_EXECUTION,,PENDING_EXECUTION,,PENDING_EXECUTION,,PENDING_EXECUTION,,MISSING,59.85,OBSERVED,,MISSING,2.955340915377319,OBSERVED,,MISSING,,MISSING,,PENDING_EXECUTION,,STRUCTURAL_MISSING,,STRUCTURAL_MISSING,,STRUCTURAL_MISSING,,PENDING_EXECUTION
06,CA,California,2005,,PENDING_EXECUTION,,PENDING_EXECUTION,,PENDING_EXECUTION,,PENDING_EXECUTION,,MISSING,,MISSING,,MISSING,2.982783577611475,OBSERVED,,MISSING,,MISSING,,PENDING_EXECUTION,,STRUCTURAL_MISSING,,STRUCTURAL_MISSING,,STRUCTURAL_MISSING,,PENDING_EXECUTION
06,CA,California,2006,,PENDING_EXECUTION,,PENDING_EXECUTION,,PENDING_EXECUTION,,PENDING_EXECUTION,,MISSING,,MISSING,,MISSING,3.0883200399586888,OBSERVED,,MISSING,,MISSING,,PENDING_EXECUTION,,STRUCTURAL_MISSING,,STRUCTURAL_MISSING,,STRUCTURAL_MISSING,,PENDING_EXECUTION
06,CA,California,2007,,PENDING_EXECUTION,,PENDING_EXECUTION,,PENDING_EXECUTION,,PENDING_EXECUTION,,MISSING,,MISSING,,MISSING,3.2297653942886173,OBSERVED,,MISSING,,MISSING,,PENDING_EXECUTION,,STRUCTURAL_MISSING,,STRUCTURAL_MISSING,,STRUCTURAL_MISSING,,PENDING_EXECUTION
06,CA,California,2008,,PENDING_EXECUTION,,PENDING_EXECUTION,,PENDING_EXECUTION,,PENDING_EXECUTION,,MISSING,61.71,OBSERVED,,MISSING,3.2921508727230875,OBSERVED,,MISSING,,MISSING,,PENDING_EXECUTION,,STRUCTURAL_MISSING,,STRUCTURAL_MISSING,,STRUCTURAL_MISSING,,PENDING_EXECUTION
06,CA,California,2009,,PENDING_EXECUTION,,PENDING_EXECUTION,,PENDING_EXECUTION,,PENDING_EXECUTION,,MISSING,,MISSING,,MISSING,3.4035123669724294,OBSERVED,,MISSING,,MISSING,,PENDING_EXECUTION,,STRUCTURAL_MISSING,,STRUCTURAL_MISSING,,STRUCTURAL_MISSING,,PENDING_EXECUTION
06,CA,California,2010,,PENDING_EXECUTION,,PENDING_EXECUTION,,PENDING_EXECUTION,,PENDING_EXECUTION,,MISSING,,MISSING,8.117612654299945,OBSERVED,3.480347431842024,OBSERVED,7.397593255861363,OBSERVED,24.53073434187416,OBSERVED,,PENDING_EXECUTION,,STRUCTURAL_MISSING,,STRUCTURAL_MISSING,,STRUCTURAL_MISSING,,PENDING_EXECUTION
06,CA,California,2011,,PENDING_EXECUTION,,PENDING_EXECUTION,,PENDING_EXECUTION,,PENDING_EXECUTION,,MISSING,,MISSING,8.350672343596171,OBSERVED,3.1547725280514345,OBSERVED,8.300767391836851,OBSERVED,25.81449016815869,OBSERVED,,PENDING_EXECUTION,,STRUCTURAL_MISSING,,STRUCTURAL_MISSING,,STRUCTURAL_MISSING,,PENDING_EXECUTION
06,CA,California,2012,,PENDING_EXECUTION,,PENDING_EXECUTION,,PENDING_EXECUTION,,PENDING_EXECUTION,,MISSING,55.85,OBSERVED,7.364594613138279,OBSERVED,3.133098083042279,OBSERVED,7.231180407709847,OBSERVED,25.19144467432465,OBSERVED,,PENDING_EXECUTION,,STRUCTURAL_MISSING,,STRUCTURAL_MISSING,,STRUCTURAL_MISSING,,PENDING_EXECUTION
06,CA,California,2013,,PENDING_EXECUTION,,PENDING_EXECUTION,,PENDING_EXECUTION,,PENDING_EXECUTION,,MISSING,,MISSING,7.479079517897552,OBSERVED,3.0418964218113103,OBSERVED,7.043110950451772,OBSERVED,24.24840292315532,OBSERVED,,PENDING_EXECUTION,,STRUCTURAL_MISSING,,STRUCTURAL_MISSING,,STRUCTURAL_MISSING,,PENDING_EXECUTION
06,CA,California,2014,,PENDING_EXECUTION,,PENDING_EXECUTION,,PENDING_EXECUTION,,PENDING_EXECUTION,,MISSING,,MISSING,6.865720915526846,OBSERVED,3.2399241334567406,OBSERVED,6.861276569863933,OBSERVED,24.42643447806784,OBSERVED,,PENDING_EXECUTION,,STRUCTURAL_MISSING,,STRUCTURAL_MISSING,,STRUCTURAL_MISSING,,PENDING_EXECUTION
06,CA,California,2015,,PENDING_EXECUTION,,PENDING_EXECUTION,,PENDING_EXECUTION,,PENDING_EXECUTION,,MISSING,,MISSING,7.149361921850167,OBSERVED,3.370296175003398,OBSERVED,6.743376295971984,OBSERVED,23.29934744242784,OBSERVED,,PENDING_EXECUTION,,STRUCTURAL_MISSING,,STRUCTURAL_MISSING,,STRUCTURAL_MISSING,,PENDING_EXECUTION
06,CA,California,2016,,PENDING_EXECUTION,,PENDING_EXECUTION,,PENDING_EXECUTION,,PENDING_EXECUTION,,MISSING,58.31,OBSERVED,,MISSING,3.439330769227232,OBSERVED,,MISSING,,MISSING,,PENDING_EXECUTION,,STRUCTURAL_MISSING,,STRUCTURAL_MISSING,,STRUCTURAL_MISSING,,PENDING_EXECUTION
06,CA,California,2017,,PENDING_EXECUTION,,PENDING_EXECUTION,,PENDING_EXECUTION,,PENDING_EXECUTION,22.45200137676166,OBSERVED,,MISSING,10.45766651022358,OBSERVED,,MISSING,17.86877027272268,OBSERVED,25.44226600742856,OBSERVED,,PENDING_EXECUTION,,STRUCTURAL_MISSING,,STRUCTURAL_MISSING,,STRUCTURAL_MISSING,,PENDING_EXECUTION
06,CA,California,2018,,PENDING_EXECUTION,,PENDING_EXECUTION,,PENDING_EXECUTION,,PENDING_EXECUTION,,MISSING,,MISSING,,MISSING,3.1937145652599406,OBSERVED,,MISSING,,MISSING,,PENDING_EXECUTION,,STRUCTURAL_MISSING,,STRUCTURAL_MISSING,,STRUCTURAL_MISSING,,PENDING_EXECUTION
06,CA,California,2019,,PENDING_EXECUTION,,PENDING_EXECUTION,,PENDING_EXECUTION,,PENDING_EXECUTION,23.00996573487569,OBSERVED,,MISSING,9.870117784825826,OBSERVED,3.8074061790255547,OBSERVED,17.78939830537595,OBSERVED,24.92800474529155,OBSERVED,,PENDING_EXECUTION,,STRUCTURAL_MISSING,,STRUCTURAL_MISSING,,STRUCTURAL_MISSING,,PENDING_EXECUTION
06,CA,California,2020,,PENDING_EXECUTION,,PENDING_EXECUTION,,PENDING_EXECUTION,,PENDING_EXECUTION,,MISSING,68.83,OBSERVED,,MISSING,3.837385325745762,OBSERVED,,MISSING,,MISSING,,PENDING_EXECUTION,,STRUCTURAL_MISSING,,STRUCTURAL_MISSING,,STRUCTURAL_MISSING,,PENDING_EXECUTION
06,CA,California,2021,,PENDING_EXECUTION,,PENDING_EXECUTION,,PENDING_EXECUTION,,PENDING_EXECUTION,18.32666906289984,OBSERVED,,MISSING,8.185273953511203,OBSERVED,,MISSING,15.19712090426135,OBSERVED,18.31301484118136,OBSERVED,,PENDING_EXECUTION,,STRUCTURAL_MISSING,,STRUCTURAL_MISSING,,STRUCTURAL_MISSING,,PENDING_EXECUTION
06,CA,California,2022,,PENDING_EXECUTION,,PENDING_EXECUTION,,PENDING_EXECUTION,,PENDING_EXECUTION,,MISSING,,MISSING,,MISSING,4.055520025606153,OBSERVED,,MISSING,,MISSING,,PENDING_EXECUTION,,STRUCTURAL_MISSING,,STRUCTURAL_MISSING,,STRUCTURAL_MISSING,,PENDING_EXECUTION
06,CA,California,2023,,PENDING_EXECUTION,,PENDING_EXECUTION,,PENDING_EXECUTION,,PENDING_EXECUTION,21.12691301640734,OBSERVED,,MISSING,8.038769747714772,OBSERVED,4.192049042333757,OBSERVED,18.01376869367191,OBSERVED,21.38453617907211,OBSERVED,,PENDING_EXECUTION,,STRUCTURAL_MISSING,,STRUCTURAL_MISSING,,STRUCTURAL_MISSING,,PENDING_EXECUTION
08,CO,Colorado,2000,,PENDING_EXECUTION,,PENDING_EXECUTION,,PENDING_EXECUTION,,PENDING_EXECUTION,,MISSING,,MISSING,,MISSING,3.1343303933674775,OBSERVED,,MISSING,,MISSING,,PENDING_EXECUTION,,STRUCTURAL_MISSING,,STRUCTURAL_MISSING,,STRUCTURAL_MISSING,,PENDING_EXECUTION
08,CO,Colorado,2001,,PENDING_EXECUTION,,PENDING_EXECUTION,,PENDING_EXECUTION,,PENDING_EXECUTION,,MISSING,,MISSING,,MISSING,3.2806206132516826,OBSERVED,,MISSING,,MISSING,,PENDING_EXECUTION,,STRUCTURAL_MISSING,,STRUCTURAL_MISSING,,STRUCTURAL_MISSING,,PENDING_EXECUTION
08,CO,Colorado,2002,,PENDING_EXECUTION,,PENDING_EXECUTION,,PENDING_EXECUTION,,PENDING_EXECUTION,,MISSING,,MISSING,,MISSING,3.4050373173383433,OBSERVED,,MISSING,,MISSING,,PENDING_EXECUTION,,STRUCTURAL_MISSING,,STRUCTURAL_MISSING,,STRUCTURAL_MISSING,,PENDING_EXECUTION
08,CO,Colorado,2003,,PENDING_EXECUTION,,PENDING_EXECUTION,,PENDING_EXECUTION,,PENDING_EXECUTION,,MISSING,,MISSING,,MISSING,3.675421729526057,OBSERVED,,MISSING,,MISSING,,PENDING_EXECUTION,,STRUCTURAL_MISSING,,STRUCTURAL_MISSING,,STRUCTURAL_MISSING,,PENDING_EXECUTION
08,CO,Colorado,2004,,PENDING_EXECUTION,,PENDING_EXECUTION,,PENDING_EXECUTION,,PENDING_EXECUTION,,MISSING,68.02,OBSERVED,,MISSING,3.780098548353852,OBSERVED,,MISSING,,MISSING,,PENDING_EXECUTION,,STRUCTURAL_MISSING,,STRUCTURAL_MISSING,,STRUCTURAL_MISSING,,PENDING_EXECUTION
08,CO,Colorado,2005,,PENDING_EXECUTION,,PENDING_EXECUTION,,PENDING_EXECUTION,,PENDING_EXECUTION,,MISSING,,MISSING,,MISSING,3.807950451306249,OBSERVED,,MISSING,,MISSING,,PENDING_EXECUTION,,STRUCTURAL_MISSING,,STRUCTURAL_MISSING,,STRUCTURAL_MISSING,,PENDING_EXECUTION
08,CO,Colorado,2006,,PENDING_EXECUTION,,PENDING_EXECUTION,,PENDING_EXECUTION,,PENDING_EXECUTION,,MISSING,,MISSING,,MISSING,3.8928714651208165,OBSERVED,,MISSING,,MISSING,,PENDING_EXECUTION,,STRUCTURAL_MISSING,,STRUCTURAL_MISSING,,STRUCTURAL_MISSING,,PENDING_EXECUTION
08,CO,Colorado,2007,,PENDING_EXECUTION,,PENDING_EXECUTION,,PENDING_EXECUTION,,PENDING_EXECUTION,,MISSING,,MISSING,,MISSING,4.0051058855072625,OBSERVED,,MISSING,,MISSING,,PENDING_EXECUTION,,STRUCTURAL_MISSING,,STRUCTURAL_MISSING,,STRUCTURAL_MISSING,,PENDING_EXECUTION
08,CO,Colorado,2008,,PENDING_EXECUTION,,PENDING_EXECUTION,,PENDING_EXECUTION,,PENDING_EXECUTION,,MISSING,71.6,OBSERVED,,MISSING,4.1583073094015415,OBSERVED,,MISSING,,MISSING,,PENDING_EXECUTION,,STRUCTURAL_MISSING,,STRUCTURAL_MISSING,,STRUCTURAL_MISSING,,PENDING_EXECUTION
08,CO,Colorado,2009,,PENDING_EXECUTION,,PENDING_EXECUTION,,PENDING_EXECUTION,,PENDING_EXECUTION,,MISSING,,MISSING,,MISSING,4.249431086270752,OBSERVED,,MISSING,,MISSING,,PENDING_EXECUTION,,STRUCTURAL_MISSING,,STRUCTURAL_MISSING,,STRUCTURAL_MISSING,,PENDING_EXECUTION
08,CO,Colorado,2010,,PENDING_EXECUTION,,PENDING_EXECUTION,,PENDING_EXECUTION,,PENDING_EXECUTION,,MISSING,,MISSING,11.62297562342533,OBSERVED,4.358163453516655,OBSERVED,8.778164042893858,OBSERVED,32.55991191617784,OBSERVED,,PENDING_EXECUTION,,STRUCTURAL_MISSING,,STRUCTURAL_MISSING,,STRUCTURAL_MISSING,,PENDING_EXECUTION
08,CO,Colorado,2011,,PENDING_EXECUTION,,PENDING_EXECUTION,,PENDING_EXECUTION,,PENDING_EXECUTION,,MISSING,,MISSING,12.67387664025258,OBSERVED,4.0240926218786,OBSERVED,11.33366232075711,OBSERVED,32.68095058358917,OBSERVED,,PENDING_EXECUTION,,STRUCTURAL_MISSING,,STRUCTURAL_MISSING,,STRUCTURAL_MISSING,,PENDING_EXECUTION
08,CO,Colorado,2012,,PENDING_EXECUTION,,PENDING_EXECUTION,,PENDING_EXECUTION,,PENDING_EXECUTION,,MISSING,70.63,OBSERVED,12.25782211734262,OBSERVED,3.9186238606300763,OBSERVED,11.79255233053848,OBSERVED,32.96429563860422,OBSERVED,,PENDING_EXECUTION,,STRUCTURAL_MISSING,,STRUCTURAL_MISSING,,STRUCTURAL_MISSING,,PENDING_EXECUTION
08,CO,Colorado,2013,,PENDING_EXECUTION,,PENDING_EXECUTION,,PENDING_EXECUTION,,PENDING_EXECUTION,,MISSING,,MISSING,12.39126756869996,OBSERVED,3.7248798753276087,OBSERVED,10.05875758615148,OBSERVED,29.44686070149439,OBSERVED,,PENDING_EXECUTION,,STRUCTURAL_MISSING,,STRUCTURAL_MISSING,,STRUCTURAL_MISSING,,PENDING_EXECUTION
08,CO,Colorado,2014,,PENDING_EXECUTION,,PENDING_EXECUTION,,PENDING_EXECUTION,,PENDING_EXECUTION,,MISSING,,MISSING,12.01561692911581,OBSERVED,4.004941863234888,OBSERVED,10.53389306005138,OBSERVED,29.86735147848857,OBSERVED,,PENDING_EXECUTION,,STRUCTURAL_MISSING,,STRUCTURAL_MISSING,,STRUCTURAL_MISSING,,PENDING_EXECUTION
08,CO,Colorado,2015,,PENDING_EXECUTION,,PENDING_EXECUTION,,PENDING_EXECUTION,,PENDING_EXECUTION,,MISSING,,MISSING,9.94327514950471,OBSERVED,4.10866379873011,OBSERVED,8.938498778862005,OBSERVED,28.32359067182647,OBSERVED,,PENDING_EXECUTION,,STRUCTURAL_MISSING,,STRUCTURAL_MISSING,,STRUCTURAL_MISSING,,PENDING_EXECUTION
08,CO,Colorado,2016,,PENDING_EXECUTION,,PENDING_EXECUTION,,PENDING_EXECUTION,,PENDING_EXECUTION,,MISSING,71.99,OBSERVED,,MISSING,4.165160491528983,OBSERVED,,MISSING,,MISSING,,PENDING_EXECUTION,,STRUCTURAL_MISSING,,STRUCTURAL_MISSING,,STRUCTURAL_MISSING,,PENDING_EXECUTION
08,CO,Colorado,2017,,PENDING_EXECUTION,,PENDING_EXECUTION,,PENDING_EXECUTION,,PENDING_EXECUTION,25.56056743528056,OBSERVED,,MISSING,11.11702533748156,OBSERVED,,MISSING,21.27757833173566,OBSERVED,32.405780397914,OBSERVED,,PENDING_EXECUTION,,STRUCTURAL_MISSING,,STRUCTURAL_MISSING,,STRUCTURAL_MISSING,,PENDING_EXECUTION
08,CO,Colorado,2018,,PENDING_EXECUTION,,PENDING_EXECUTION,,PENDING_EXECUTION,,PENDING_EXECUTION,,MISSING,,MISSING,,MISSING,3.837704959756229,OBSERVED,,MISSING,,MISSING,,PENDING_EXECUTION,,STRUCTURAL_MISSING,,STRUCTURAL_MISSING,,STRUCTURAL_MISSING,,PENDING_EXECUTION
08,CO,Colorado,2019,,PENDING_EXECUTION,,PENDING_EXECUTION,,PENDING_EXECUTION,,PENDING_EXECUTION,33.36369486910225,OBSERVED,,MISSING,14.46127768436128,OBSERVED,4.589748069197355,OBSERVED,25.31523436755788,OBSERVED,42.24517937303604,OBSERVED,,PENDING_EXECUTION,,STRUCTURAL_MISSING,,STRUCTURAL_MISSING,,STRUCTURAL_MISSING,,PENDING_EXECUTION
08,CO,Colorado,2020,,PENDING_EXECUTION,,PENDING_EXECUTION,,PENDING_EXECUTION,,PENDING_EXECUTION,,MISSING,76.69,OBSERVED,,MISSING,4.633878164335698,OBSERVED,,MISSING,,MISSING,,PENDING_EXECUTION,,STRUCTURAL_MISSING,,STRUCTURAL_MISSING,,STRUCTURAL_MISSING,,PENDING_EXECUTION
08,CO,Colorado,2021,,PENDING_EXECUTION,,PENDING_EXECUTION,,PENDING_EXECUTION,,PENDING_EXECUTION,27.3585158669859,OBSERVED,,MISSING,12.24850716303502,OBSERVED,,MISSING,20.73332108141654,OBSERVED,26.17374446860064,OBSERVED,,PENDING_EXECUTION,,STRUCTURAL_MISSING,,STRUCTURAL_MISSING,,STRUCTURAL_MISSING,,PENDING_EXECUTION
08,CO,Colorado,2022,,PENDING_EXECUTION,,PENDING_EXECUTION,,PENDING_EXECUTION,,PENDING_EXECUTION,,MISSING,,MISSING,,MISSING,4.781683532672869,OBSERVED,,MISSING,,MISSING,,PENDING_EXECUTION,,STRUCTURAL_MISSING,,STRUCTURAL_MISSING,,STRUCTURAL_MISSING,,PENDING_EXECUTION
08,CO,Colorado,2023,,PENDING_EXECUTION,,PENDING_EXECUTION,,PENDING_EXECUTION,,PENDING_EXECUTION,32.29071772178364,OBSERVED,,MISSING,11.37725709021687,OBSERVED,4.918325645968344,OBSERVED,22.19280921645061,OBSERVED,30.98879217565093,OBSERVED,,PENDING_EXECUTION,,STRUCTURAL_MISSING,,STRUCTURAL_MISSING,,STRUCTURAL_MISSING,,PENDING_EXECUTION
09,CT,Connecticut,2000,,PENDING_EXECUTION,,PENDING_EXECUTION,,PENDING_EXECUTION,,PENDING_EXECUTION,,MISSING,62.43,OBSERVED,,MISSING,3.059695871095913,OBSERVED,,MISSING,,MISSING,,PENDING_EXECUTION,,STRUCTURAL_MISSING,,STRUCTURAL_MISSING,,STRUCTURAL_MISSING,,PENDING_EXECUTION
09,CT,Connecticut,2001,,PENDING_EXECUTION,,PENDING_EXECUTION,,PENDING_EXECUTION,,PENDING_EXECUTION,,MISSING,,MISSING,,MISSING,3.2515399079769343,OBSERVED,,MISSING,,MISSING,,PENDING_EXECUTION,,STRUCTURAL_MISSING,,STRUCTURAL_MISSING,,STRUCTURAL_MISSING,,PENDING_EXECUTION
09,CT,Connecticut,2002,,PENDING_EXECUTION,,PENDING_EXECUTION,,PENDING_EXECUTION,,PENDING_EXECUTION,,MISSING,,MISSING,,MISSING,3.3555484945568472,OBSERVED,,MISSING,,MISSING,,PENDING_EXECUTION,,STRUCTURAL_MISSING,,STRUCTURAL_MISSING,,STRUCTURAL_MISSING,,PENDING_EXECUTION
09,CT,Connecticut,2003,,PENDING_EXECUTION,,PENDING_EXECUTION,,PENDING_EXECUTION,,PENDING_EXECUTION,,MISSING,,MISSING,,MISSING,3.5708381740452126,OBSERVED,,MISSING,,MISSING,,PENDING_EXECUTION,,STRUCTURAL_MISSING,,STRUCTURAL_MISSING,,STRUCTURAL_MISSING,,PENDING_EXECUTION
09,CT,Connecticut,2004,,PENDING_EXECUTION,,PENDING_EXECUTION,,PENDING_EXECUTION,,PENDING_EXECUTION,,MISSING,65.99,OBSERVED,,MISSING,3.67324219543296,OBSERVED,,MISSING,,MISSING,,PENDING_EXECUTION,,STRUCTURAL_MISSING,,STRUCTURAL_MISSING,,STRUCTURAL_MISSING,,PENDING_EXECUTION
09,CT,Connecticut,2005,,PENDING_EXECUTION,,PENDING_EXECUTION,,PENDING_EXECUTION,,PENDING_EXECUTION,,MISSING,,MISSING,,MISSING,3.722601595229595,OBSERVED,,MISSING,,MISSING,,PENDING_EXECUTION,,STRUCTURAL_MISSING,,STRUCTURAL_MISSING,,STRUCTURAL_MISSING,,PENDING_EXECUTION
09,CT,Connecticut,2006,,PENDING_EXECUTION,,PENDING_EXECUTION,,PENDING_EXECUTION,,PENDING_EXECUTION,,MISSING,,MISSING,,MISSING,3.823213341445247,OBSERVED,,MISSING,,MISSING,,PENDING_EXECUTION,,STRUCTURAL_MISSING,,STRUCTURAL_MISSING,,STRUCTURAL_MISSING,,PENDING_EXECUTION
09,CT,Connecticut,2007,,PENDING_EXECUTION,,PENDING_EXECUTION,,PENDING_EXECUTION,,PENDING_EXECUTION,,MISSING,,MISSING,,MISSING,3.931369019099757,OBSERVED,,MISSING,,MISSING,,PENDING_EXECUTION,,STRUCTURAL_MISSING,,STRUCTURAL_MISSING,,STRUCTURAL_MISSING,,PENDING_EXECUTION
09,CT,Connecticut,2008,,PENDING_EXECUTION,,PENDING_EXECUTION,,PENDING_EXECUTION,,PENDING_EXECUTION,,MISSING,,MISSING,,MISSING,3.999346792160039,OBSERVED,,MISSING,,MISSING,,PENDING_EXECUTION,,STRUCTURAL_MISSING,,STRUCTURAL_MISSING,,STRUCTURAL_MISSING,,PENDING_EXECUTION
09,CT,Connecticut,2009,,PENDING_EXECUTION,,PENDING_EXECUTION,,PENDING_EXECUTION,,PENDING_EXECUTION,,MISSING,,MISSING,,MISSING,4.135822070089705,OBSERVED,,MISSING,,MISSING,,PENDING_EXECUTION,,STRUCTURAL_MISSING,,STRUCTURAL_MISSING,,STRUCTURAL_MISSING,,PENDING_EXECUTION
09,CT,Connecticut,2010,,PENDING_EXECUTION,,PENDING_EXECUTION,,PENDING_EXECUTION,,PENDING_EXECUTION,,MISSING,,MISSING,10.93494614768357,OBSERVED,4.216616520073212,OBSERVED,7.361314503476436,OBSERVED,31.22776084250273,OBSERVED,,PENDING_EXECUTION,,STRUCTURAL_MISSING,,STRUCTURAL_MISSING,,STRUCTURAL_MISSING,,PENDING_EXECUTION
09,CT,Connecticut,2011,,PENDING_EXECUTION,,PENDING_EXECUTION,,PENDING_EXECUTION,,PENDING_EXECUTION,,MISSING,,MISSING,10.16543175808748,OBSERVED,3.9274018623252536,OBSERVED,9.355638109833645,OBSERVED,28.71097128129406,OBSERVED,,PENDING_EXECUTION,,STRUCTURAL_MISSING,,STRUCTURAL_MISSING,,STRUCTURAL_MISSING,,PENDING_EXECUTION
09,CT,Connecticut,2012,,PENDING_EXECUTION,,PENDING_EXECUTION,,PENDING_EXECUTION,,PENDING_EXECUTION,,MISSING,61.3,OBSERVED,10.99465516613984,OBSERVED,3.887949831039124,OBSERVED,9.668764021508627,OBSERVED,31.23741552710266,OBSERVED,,PENDING_EXECUTION,,STRUCTURAL_MISSING,,STRUCTURAL_MISSING,,STRUCTURAL_MISSING,,PENDING_EXECUTION
09,CT,Connecticut,2013,,PENDING_EXECUTION,,PENDING_EXECUTION,,PENDING_EXECUTION,,PENDING_EXECUTION,,MISSING,,MISSING,10.38905620468553,OBSERVED,3.794157170381379,OBSERVED,8.692177630568905,OBSERVED,28.02242998664042,OBSERVED,,PENDING_EXECUTION,,STRUCTURAL_MISSING,,STRUCTURAL_MISSING,,STRUCTURAL_MISSING,,PENDING_EXECUTION
09,CT,Connecticut,2014,,PENDING_EXECUTION,,PENDING_EXECUTION,,PENDING_EXECUTION,,PENDING_EXECUTION,,MISSING,,MISSING,10.2318519539851,OBSERVED,4.035935174738027,OBSERVED,9.150500719414909,OBSERVED,27.75738035482685,OBSERVED,,PENDING_EXECUTION,,STRUCTURAL_MISSING,,STRUCTURAL_MISSING,,STRUCTURAL_MISSING,,PENDING_EXECUTION
09,CT,Connecticut,2015,,PENDING_EXECUTION,,PENDING_EXECUTION,,PENDING_EXECUTION,,PENDING_EXECUTION,,MISSING,,MISSING,11.45208168103049,OBSERVED,4.193881614385265,OBSERVED,10.76789237031086,OBSERVED,29.56440775117862,OBSERVED,,PENDING_EXECUTION,,STRUCTURAL_MISSING,,STRUCTURAL_MISSING,,STRUCTURAL_MISSING,,PENDING_EXECUTION
09,CT,Connecticut,2016,,PENDING_EXECUTION,,PENDING_EXECUTION,,PENDING_EXECUTION,,PENDING_EXECUTION,,MISSING,64.73,OBSERVED,,MISSING,4.303276971252824,OBSERVED,,MISSING,,MISSING,,PENDING_EXECUTION,,STRUCTURAL_MISSING,,STRUCTURAL_MISSING,,STRUCTURAL_MISSING,,PENDING_EXECUTION
09,CT,Connecticut,2017,,PENDING_EXECUTION,,PENDING_EXECUTION,,PENDING_EXECUTION,,PENDING_EXECUTION,26.28727759091009,OBSERVED,,MISSING,11.79550012702595,OBSERVED,,MISSING,18.05797962611397,OBSERVED,31.75118753907044,OBSERVED,,PENDING_EXECUTION,,STRUCTURAL_MISSING,,STRUCTURAL_MISSING,,STRUCTURAL_MISSING,,PENDING_EXECUTION
09,CT,Connecticut,2018,,PENDING_EXECUTION,,PENDING_EXECUTION,,PENDING_EXECUTION,,PENDING_EXECUTION,,MISSING,,MISSING,,MISSING,4.088893713102113,OBSERVED,,MISSING,,MISSING,,PENDING_EXECUTION,,STRUCTURAL_MISSING,,STRUCTURAL_MISSING,,STRUCTURAL_MISSING,,PENDING_EXECUTION
09,CT,Connecticut,2019,,PENDING_EXECUTION,,PENDING_EXECUTION,,PENDING_EXECUTION,,PENDING_EXECUTION,32.61844195763749,OBSERVED,,MISSING,13.27098233733672,OBSERVED,4.721507607075895,OBSERVED,24.17587068499311,OBSERVED,31.40671934690392,OBSERVED,,PENDING_EXECUTION,,STRUCTURAL_MISSING,,STRUCTURAL_MISSING,,STRUCTURAL_MISSING,,PENDING_EXECUTION
09,CT,Connecticut,2020,,PENDING_EXECUTION,,PENDING_EXECUTION,,PENDING_EXECUTION,,PENDING_EXECUTION,,MISSING,70.09,OBSERVED,,MISSING,4.745099069596091,OBSERVED,,MISSING,,MISSING,,PENDING_EXECUTION,,STRUCTURAL_MISSING,,STRUCTURAL_MISSING,,STRUCTURAL_MISSING,,PENDING_EXECUTION
09,CT,Connecticut,2021,,PENDING_EXECUTION,,PENDING_EXECUTION,,PENDING_EXECUTION,,PENDING_EXECUTION,22.39189978551236,OBSERVED,,MISSING,9.70152679575649,OBSERVED,,MISSING,20.21019807182303,OBSERVED,28.80560253956541,OBSERVED,,PENDING_EXECUTION,,STRUCTURAL_MISSING,,STRUCTURAL_MISSING,,STRUCTURAL_MISSING,,PENDING_EXECUTION
09,CT,Connecticut,2022,,PENDING_EXECUTION,,PENDING_EXECUTION,,PENDING_EXECUTION,,PENDING_EXECUTION,,MISSING,,MISSING,,MISSING,4.8693354349176685,OBSERVED,,MISSING,,MISSING,,PENDING_EXECUTION,,STRUCTURAL_MISSING,,STRUCTURAL_MISSING,,STRUCTURAL_MISSING,,PENDING_EXECUTION
09,CT,Connecticut,2023,,PENDING_EXECUTION,,PENDING_EXECUTION,,PENDING_EXECUTION,,PENDING_EXECUTION,33.22203732644859,OBSERVED,,MISSING,11.55324347466172,OBSERVED,4.9950569173299835,OBSERVED,17.15302314713127,OBSERVED,33.7300017707002,OBSERVED,,PENDING_EXECUTION,,STRUCTURAL_MISSING,,STRUCTURAL_MISSING,,STRUCTURAL_MISSING,,PENDING_EXECUTION
10,DE,Delaware,2000,,PENDING_EXECUTION,,PENDING_EXECUTION,,PENDING_EXECUTION,,PENDING_EXECUTION,,MISSING,,MISSING,,MISSING,2.927363986301666,OBSERVED,,MISSING,,MISSING,,PENDING_EXECUTION,,STRUCTURAL_MISSING,,STRUCTURAL_MISSING,,STRUCTURAL_MISSING,,PENDING_EXECUTION
10,DE,Delaware,2001,,PENDING_EXECUTION,,PENDING_EXECUTION,,PENDING_EXECUTION,,PENDING_EXECUTION,,MISSING,,MISSING,,MISSING,3.1494321345131766,OBSERVED,,MISSING,,MISSING,,PENDING_EXECUTION,,STRUCTURAL_MISSING,,STRUCTURAL_MISSING,,STRUCTURAL_MISSING,,PENDING_EXECUTION
10,DE,Delaware,2002,,PENDING_EXECUTION,,PENDING_EXECUTION,,PENDING_EXECUTION,,PENDING_EXECUTION,,MISSING,,MISSING,,MISSING,3.3045180353002905,OBSERVED,,MISSING,,MISSING,,PENDING_EXECUTION,,STRUCTURAL_MISSING,,STRUCTURAL_MISSING,,STRUCTURAL_MISSING,,PENDING_EXECUTION
10,DE,Delaware,2003,,PENDING_EXECUTION,,PENDING_EXECUTION,,PENDING_EXECUTION,,PENDING_EXECUTION,,MISSING,,MISSING,,MISSING,3.5684465704893507,OBSERVED,,MISSING,,MISSING,,PENDING_EXECUTION,,STRUCTURAL_MISSING,,STRUCTURAL_MISSING,,STRUCTURAL_MISSING,,PENDING_EXECUTION
10,DE,Delaware,2004,,PENDING_EXECUTION,,PENDING_EXECUTION,,PENDING_EXECUTION,,PENDING_EXECUTION,,MISSING,64.12,OBSERVED,,MISSING,3.7096640238419942,OBSERVED,,MISSING,,MISSING,,PENDING_EXECUTION,,STRUCTURAL_MISSING,,STRUCTURAL_MISSING,,STRUCTURAL_MISSING,,PENDING_EXECUTION
10,DE,Delaware,2005,,PENDING_EXECUTION,,PENDING_EXECUTION,,PENDING_EXECUTION,,PENDING_EXECUTION,,MISSING,,MISSING,,MISSING,3.9389457492752764,OBSERVED,,MISSING,,MISSING,,PENDING_EXECUTION,,STRUCTURAL_MISSING,,STRUCTURAL_MISSING,,STRUCTURAL_MISSING,,PENDING_EXECUTION
10,DE,Delaware,2006,,PENDING_EXECUTION,,PENDING_EXECUTION,,PENDING_EXECUTION,,PENDING_EXECUTION,,MISSING,,MISSING,,MISSING,4.087199802622697,OBSERVED,,MISSING,,MISSING,,PENDING_EXECUTION,,STRUCTURAL_MISSING,,STRUCTURAL_MISSING,,STRUCTURAL_MISSING,,PENDING_EXECUTION
10,DE,Delaware,2007,,PENDING_EXECUTION,,PENDING_EXECUTION,,PENDING_EXECUTION,,PENDING_EXECUTION,,MISSING,,MISSING,,MISSING,4.324639317051124,OBSERVED,,MISSING,,MISSING,,PENDING_EXECUTION,,STRUCTURAL_MISSING,,STRUCTURAL_MISSING,,STRUCTURAL_MISSING,,PENDING_EXECUTION
10,DE,Delaware,2008,,PENDING_EXECUTION,,PENDING_EXECUTION,,PENDING_EXECUTION,,PENDING_EXECUTION,,MISSING,65.8,OBSERVED,,MISSING,4.645458515580275,OBSERVED,,MISSING,,MISSING,,PENDING_EXECUTION,,STRUCTURAL_MISSING,,STRUCTURAL_MISSING,,STRUCTURAL_MISSING,,PENDING_EXECUTION
10,DE,Delaware,2009,,PENDING_EXECUTION,,PENDING_EXECUTION,,PENDING_EXECUTION,,PENDING_EXECUTION,,MISSING,,MISSING,,MISSING,4.896100837697509,OBSERVED,,MISSING,,MISSING,,PENDING_EXECUTION,,STRUCTURAL_MISSING,,STRUCTURAL_MISSING,,STRUCTURAL_MISSING,,PENDING_EXECUTION
10,DE,Delaware,2010,,PENDING_EXECUTION,,PENDING_EXECUTION,,PENDING_EXECUTION,,PENDING_EXECUTION,,MISSING,,MISSING,7.377166888774317,OBSERVED,5.134235983669151,OBSERVED,6.085759174338286,OBSERVED,21.38270773724095,OBSERVED,,PENDING_EXECUTION,,STRUCTURAL_MISSING,,STRUCTURAL_MISSING,,STRUCTURAL_MISSING,,PENDING_EXECUTION
10,DE,Delaware,2011,,PENDING_EXECUTION,,PENDING_EXECUTION,,PENDING_EXECUTION,,PENDING_EXECUTION,,MISSING,,MISSING,14.19213569143314,OBSERVED,4.843596778280942,OBSERVED,13.12427922949296,OBSERVED,26.55396390593832,OBSERVED,,PENDING_EXECUTION,,STRUCTURAL_MISSING,,STRUCTURAL_MISSING,,STRUCTURAL_MISSING,,PENDING_EXECUTION
10,DE,Delaware,2012,,PENDING_EXECUTION,,PENDING_EXECUTION,,PENDING_EXECUTION,,PENDING_EXECUTION,,MISSING,63.07,OBSERVED,8.900535027639148,OBSERVED,4.833329328314681,OBSERVED,9.152364111250673,OBSERVED,26.29333185022951,OBSERVED,,PENDING_EXECUTION,,STRUCTURAL_MISSING,,STRUCTURAL_MISSING,,STRUCTURAL_MISSING,,PENDING_EXECUTION
10,DE,Delaware,2013,,PENDING_EXECUTION,,PENDING_EXECUTION,,PENDING_EXECUTION,,PENDING_EXECUTION,,MISSING,,MISSING,9.093042908589727,OBSERVED,4.645792165460759,OBSERVED,6.708817137234655,OBSERVED,25.93567359481787,OBSERVED,,PENDING_EXECUTION,,STRUCTURAL_MISSING,,STRUCTURAL_MISSING,,STRUCTURAL_MISSING,,PENDING_EXECUTION
10,DE,Delaware,2014,,PENDING_EXECUTION,,PENDING_EXECUTION,,PENDING_EXECUTION,,PENDING_EXECUTION,,MISSING,,MISSING,11.63511203555248,OBSERVED,5.012157992822015,OBSERVED,8.75390448786783,OBSERVED,25.87682138039261,OBSERVED,,PENDING_EXECUTION,,STRUCTURAL_MISSING,,STRUCTURAL_MISSING,,STRUCTURAL_MISSING,,PENDING_EXECUTION
10,DE,Delaware,2015,,PENDING_EXECUTION,,PENDING_EXECUTION,,PENDING_EXECUTION,,PENDING_EXECUTION,,MISSING,,MISSING,9.951884176192118,OBSERVED,5.2968744194933475,OBSERVED,8.756731438661356,OBSERVED,25.98996917873313,OBSERVED,,PENDING_EXECUTION,,STRUCTURAL_MISSING,,STRUCTURAL_MISSING,,STRUCTURAL_MISSING,,PENDING_EXECUTION
10,DE,Delaware,2016,,PENDING_EXECUTION,,PENDING_EXECUTION,,PENDING_EXECUTION,,PENDING_EXECUTION,,MISSING,64.51,OBSERVED,,MISSING,5.3905887331327,OBSERVED,,MISSING,,MISSING,,PENDING_EXECUTION,,STRUCTURAL_MISSING,,STRUCTURAL_MISSING,,STRUCTURAL_MISSING,,PENDING_EXECUTION
10,DE,Delaware,2017,,PENDING_EXECUTION,,PENDING_EXECUTION,,PENDING_EXECUTION,,PENDING_EXECUTION,28.56047306995496,OBSERVED,,MISSING,12.27939821572318,OBSERVED,,MISSING,24.36262349413188,OBSERVED,31.81320837291262,OBSERVED,,PENDING_EXECUTION,,STRUCTURAL_MISSING,,STRUCTURAL_MISSING,,STRUCTURAL_MISSING,,PENDING_EXECUTION
10,DE,Delaware,2018,,PENDING_EXECUTION,,PENDING_EXECUTION,,PENDING_EXECUTION,,PENDING_EXECUTION,,MISSING,,MISSING,,MISSING,5.0652285195737266,OBSERVED,,MISSING,,MISSING,,PENDING_EXECUTION,,STRUCTURAL_MISSING,,STRUCTURAL_MISSING,,STRUCTURAL_MISSING,,PENDING_EXECUTION
10,DE,Delaware,2019,,PENDING_EXECUTION,,PENDING_EXECUTION,,PENDING_EXECUTION,,PENDING_EXECUTION,32.27496009623209,OBSERVED,,MISSING,10.40739195018915,OBSERVED,6.157670774510888,OBSERVED,27.66603856183963,OBSERVED,30.66738985161304,OBSERVED,,PENDING_EXECUTION,,STRUCTURAL_MISSING,,STRUCTURAL_MISSING,,STRUCTURAL_MISSING,,PENDING_EXECUTION
10,DE,Delaware,2020,,PENDING_EXECUTION,,PENDING_EXECUTION,,PENDING_EXECUTION,,PENDING_EXECUTION,,MISSING,68.34,OBSERVED,,MISSING,6.19239369993003,OBSERVED,,MISSING,,MISSING,,PENDING_EXECUTION,,STRUCTURAL_MISSING,,STRUCTURAL_MISSING,,STRUCTURAL_MISSING,,PENDING_EXECUTION
10,DE,Delaware,2021,,PENDING_EXECUTION,,PENDING_EXECUTION,,PENDING_EXECUTION,,PENDING_EXECUTION,30.91355991666011,OBSERVED,,MISSING,8.836163482590147,OBSERVED,,MISSING,23.39223476769356,OBSERVED,29.83987160841204,OBSERVED,,PENDING_EXECUTION,,STRUCTURAL_MISSING,,STRUCTURAL_MISSING,,STRUCTURAL_MISSING,,PENDING_EXECUTION
10,DE,Delaware,2022,,PENDING_EXECUTION,,PENDING_EXECUTION,,PENDING_EXECUTION,,PENDING_EXECUTION,,MISSING,,MISSING,,MISSING,6.781047594851779,OBSERVED,,MISSING,,MISSING,,PENDING_EXECUTION,,STRUCTURAL_MISSING,,STRUCTURAL_MISSING,,STRUCTURAL_MISSING,,PENDING_EXECUTION
10,DE,Delaware,2023,,PENDING_EXECUTION,,PENDING_EXECUTION,,PENDING_EXECUTION,,PENDING_EXECUTION,29.90402516303893,OBSERVED,,MISSING,8.93400612434879,OBSERVED,7.402920853966993,OBSERVED,21.99921035640497,OBSERVED,28.55574451989401,OBSERVED,,PENDING_EXECUTION,,STRUCTURAL_MISSING,,STRUCTURAL_MISSING,,STRUCTURAL_MISSING,,PENDING_EXECUTION
12,FL,Florida,2000,,PENDING_EXECUTION,,PENDING_EXECUTION,,PENDING_EXECUTION,,PENDING_EXECUTION,,MISSING,56.05,OBSERVED,,MISSING,2.0396927499366724,OBSERVED,,MISSING,,MISSING,,PENDING_EXECUTION,,STRUCTURAL_MISSING,,STRUCTURAL_MISSING,,STRUCTURAL_MISSING,,PENDING_EXECUTION
12,FL,Florida,2001,,PENDING_EXECUTION,,PENDING_EXECUTION,,PENDING_EXECUTION,,PENDING_EXECUTION,,MISSING,,MISSING,,MISSING,2.1791327315835956,OBSERVED,,MISSING,,MISSING,,PENDING_EXECUTION,,STRUCTURAL_MISSING,,STRUCTURAL_MISSING,,STRUCTURAL_MISSING,,PENDING_EXECUTION
12,FL,Florida,2002,,PENDING_EXECUTION,,PENDING_EXECUTION,,PENDING_EXECUTION,,PENDING_EXECUTION,,MISSING,,MISSING,,MISSING,2.2857064107273075,OBSERVED,,MISSING,,MISSING,,PENDING_EXECUTION,,STRUCTURAL_MISSING,,STRUCTURAL_MISSING,,STRUCTURAL_MISSING,,PENDING_EXECUTION
12,FL,Florida,2003,,PENDING_EXECUTION,,PENDING_EXECUTION,,PENDING_EXECUTION,,PENDING_EXECUTION,,MISSING,,MISSING,,MISSING,2.552504295291396,OBSERVED,,MISSING,,MISSING,,PENDING_EXECUTION,,STRUCTURAL_MISSING,,STRUCTURAL_MISSING,,STRUCTURAL_MISSING,,PENDING_EXECUTION
12,FL,Florida,2004,,PENDING_EXECUTION,,PENDING_EXECUTION,,PENDING_EXECUTION,,PENDING_EXECUTION,,MISSING,64.28,OBSERVED,,MISSING,2.6640914624699934,OBSERVED,,MISSING,,MISSING,,PENDING_EXECUTION,,STRUCTURAL_MISSING,,STRUCTURAL_MISSING,,STRUCTURAL_MISSING,,PENDING_EXECUTION
12,FL,Florida,2005,,PENDING_EXECUTION,,PENDING_EXECUTION,,PENDING_EXECUTION,,PENDING_EXECUTION,,MISSING,,MISSING,,MISSING,2.6845027457065163,OBSERVED,,MISSING,,MISSING,,PENDING_EXECUTION,,STRUCTURAL_MISSING,,STRUCTURAL_MISSING,,STRUCTURAL_MISSING,,PENDING_EXECUTION
12,FL,Florida,2006,,PENDING_EXECUTION,,PENDING_EXECUTION,,PENDING_EXECUTION,,PENDING_EXECUTION,,MISSING,,MISSING,,MISSING,2.745859385621944,OBSERVED,,MISSING,,MISSING,,PENDING_EXECUTION,,STRUCTURAL_MISSING,,STRUCTURAL_MISSING,,STRUCTURAL_MISSING,,PENDING_EXECUTION
12,FL,Florida,2007,,PENDING_EXECUTION,,PENDING_EXECUTION,,PENDING_EXECUTION,,PENDING_EXECUTION,,MISSING,,MISSING,,MISSING,2.874915844768264,OBSERVED,,MISSING,,MISSING,,PENDING_EXECUTION,,STRUCTURAL_MISSING,,STRUCTURAL_MISSING,,STRUCTURAL_MISSING,,PENDING_EXECUTION
12,FL,Florida,2008,,PENDING_EXECUTION,,PENDING_EXECUTION,,PENDING_EXECUTION,,PENDING_EXECUTION,,MISSING,66.65,OBSERVED,,MISSING,2.975338291240955,OBSERVED,,MISSING,,MISSING,,PENDING_EXECUTION,,STRUCTURAL_MISSING,,STRUCTURAL_MISSING,,STRUCTURAL_MISSING,,PENDING_EXECUTION
12,FL,Florida,2009,,PENDING_EXECUTION,,PENDING_EXECUTION,,PENDING_EXECUTION,,PENDING_EXECUTION,,MISSING,,MISSING,,MISSING,3.1236858431437384,OBSERVED,,MISSING,,MISSING,,PENDING_EXECUTION,,STRUCTURAL_MISSING,,STRUCTURAL_MISSING,,STRUCTURAL_MISSING,,PENDING_EXECUTION
12,FL,Florida,2010,,PENDING_EXECUTION,,PENDING_EXECUTION,,PENDING_EXECUTION,,PENDING_EXECUTION,,MISSING,,MISSING,7.122190230837389,OBSERVED,3.2854467887673358,OBSERVED,6.818671553276793,OBSERVED,20.37953595463203,OBSERVED,,PENDING_EXECUTION,,STRUCTURAL_MISSING,,STRUCTURAL_MISSING,,STRUCTURAL_MISSING,,PENDING_EXECUTION
12,FL,Florida,2011,,PENDING_EXECUTION,,PENDING_EXECUTION,,PENDING_EXECUTION,,PENDING_EXECUTION,,MISSING,,MISSING,6.643697830226792,OBSERVED,3.0136011936014424,OBSERVED,5.985408172246031,OBSERVED,23.10805462019599,OBSERVED,,PENDING_EXECUTION,,STRUCTURAL_MISSING,,STRUCTURAL_MISSING,,STRUCTURAL_MISSING,,PENDING_EXECUTION
12,FL,Florida,2012,,PENDING_EXECUTION,,PENDING_EXECUTION,,PENDING_EXECUTION,,PENDING_EXECUTION,,MISSING,63.32,OBSERVED,6.995088568284169,OBSERVED,3.00590363203512,OBSERVED,6.319685857978103,OBSERVED,21.16506254584995,OBSERVED,,PENDING_EXECUTION,,STRUCTURAL_MISSING,,STRUCTURAL_MISSING,,STRUCTURAL_MISSING,,PENDING_EXECUTION
12,FL,Florida,2013,,PENDING_EXECUTION,,PENDING_EXECUTION,,PENDING_EXECUTION,,PENDING_EXECUTION,,MISSING,,MISSING,5.464413495256092,OBSERVED,2.9107987559942425,OBSERVED,5.823435993086123,OBSERVED,19.24915275771409,OBSERVED,,PENDING_EXECUTION,,STRUCTURAL_MISSING,,STRUCTURAL_MISSING,,STRUCTURAL_MISSING,,PENDING_EXECUTION
12,FL,Florida,2014,,PENDING_EXECUTION,,PENDING_EXECUTION,,PENDING_EXECUTION,,PENDING_EXECUTION,,MISSING,,MISSING,6.288067464693138,OBSERVED,3.130974902638678,OBSERVED,5.816061732462074,OBSERVED,19.82402402550324,OBSERVED,,PENDING_EXECUTION,,STRUCTURAL_MISSING,,STRUCTURAL_MISSING,,STRUCTURAL_MISSING,,PENDING_EXECUTION
12,FL,Florida,2015,,PENDING_EXECUTION,,PENDING_EXECUTION,,PENDING_EXECUTION,,PENDING_EXECUTION,,MISSING,,MISSING,5.49930395001797,OBSERVED,3.2752181834305176,OBSERVED,5.471213874749174,OBSERVED,18.30402612846546,OBSERVED,,PENDING_EXECUTION,,STRUCTURAL_MISSING,,STRUCTURAL_MISSING,,STRUCTURAL_MISSING,,PENDING_EXECUTION
12,FL,Florida,2016,,PENDING_EXECUTION,,PENDING_EXECUTION,,PENDING_EXECUTION,,PENDING_EXECUTION,,MISSING,65.72,OBSERVED,,MISSING,3.3429101532115038,OBSERVED,,MISSING,,MISSING,,PENDING_EXECUTION,,STRUCTURAL_MISSING,,STRUCTURAL_MISSING,,STRUCTURAL_MISSING,,PENDING_EXECUTION
12,FL,Florida,2017,,PENDING_EXECUTION,,PENDING_EXECUTION,,PENDING_EXECUTION,,PENDING_EXECUTION,19.15284557533381,OBSERVED,,MISSING,8.49562928122221,OBSERVED,,MISSING,23.61770840406009,OBSERVED,22.81482503837135,OBSERVED,,PENDING_EXECUTION,,STRUCTURAL_MISSING,,STRUCTURAL_MISSING,,STRUCTURAL_MISSING,,PENDING_EXECUTION
12,FL,Florida,2018,,PENDING_EXECUTION,,PENDING_EXECUTION,,PENDING_EXECUTION,,PENDING_EXECUTION,,MISSING,,MISSING,,MISSING,3.0500694286115135,OBSERVED,,MISSING,,MISSING,,PENDING_EXECUTION,,STRUCTURAL_MISSING,,STRUCTURAL_MISSING,,STRUCTURAL_MISSING,,PENDING_EXECUTION
12,FL,Florida,2019,,PENDING_EXECUTION,,PENDING_EXECUTION,,PENDING_EXECUTION,,PENDING_EXECUTION,21.00148934699712,OBSERVED,,MISSING,8.802152596415448,OBSERVED,3.7723705912547407,OBSERVED,17.75898254908816,OBSERVED,24.17921075221365,OBSERVED,,PENDING_EXECUTION,,STRUCTURAL_MISSING,,STRUCTURAL_MISSING,,STRUCTURAL_MISSING,,PENDING_EXECUTION
12,FL,Florida,2020,,PENDING_EXECUTION,,PENDING_EXECUTION,,PENDING_EXECUTION,,PENDING_EXECUTION,,MISSING,70.79,OBSERVED,,MISSING,3.8124616772710156,OBSERVED,,MISSING,,MISSING,,PENDING_EXECUTION,,STRUCTURAL_MISSING,,STRUCTURAL_MISSING,,STRUCTURAL_MISSING,,PENDING_EXECUTION
12,FL,Florida,2021,,PENDING_EXECUTION,,PENDING_EXECUTION,,PENDING_EXECUTION,,PENDING_EXECUTION,17.81889001775848,OBSERVED,,MISSING,6.624098006538275,OBSERVED,,MISSING,15.46497757307743,OBSERVED,15.85275860073465,OBSERVED,,PENDING_EXECUTION,,STRUCTURAL_MISSING,,STRUCTURAL_MISSING,,STRUCTURAL_MISSING,,PENDING_EXECUTION
12,FL,Florida,2022,,PENDING_EXECUTION,,PENDING_EXECUTION,,PENDING_EXECUTION,,PENDING_EXECUTION,,MISSING,,MISSING,,MISSING,3.998512779269139,OBSERVED,,MISSING,,MISSING,,PENDING_EXECUTION,,STRUCTURAL_MISSING,,STRUCTURAL_MISSING,,STRUCTURAL_MISSING,,PENDING_EXECUTION
12,FL,Florida,2023,,PENDING_EXECUTION,,PENDING_EXECUTION,,PENDING_EXECUTION,,PENDING_EXECUTION,20.73131710218399,OBSERVED,,MISSING,8.399984481678139,OBSERVED,4.120831856526854,OBSERVED,21.30895394052872,OBSERVED,19.01132100349715,OBSERVED,,PENDING_EXECUTION,,STRUCTURAL_MISSING,,STRUCTURAL_MISSING,,STRUCTURAL_MISSING,,PENDING_EXECUTION
13,GA,Georgia,2000,,PENDING_EXECUTION,,PENDING_EXECUTION,,PENDING_EXECUTION,,PENDING_EXECUTION,,MISSING,48.8,OBSERVED,,MISSING,1.9037830501684452,OBSERVED,,MISSING,,MISSING,,PENDING_EXECUTION,,STRUCTURAL_MISSING,,STRUCTURAL_MISSING,,STRUCTURAL_MISSING,,PENDING_EXECUTION
13,GA,Georgia,2001,,PENDING_EXECUTION,,PENDING_EXECUTION,,PENDING_EXECUTION,,PENDING_EXECUTION,,MISSING,,MISSING,,MISSING,2.0538285728201306,OBSERVED,,MISSING,,MISSING,,PENDING_EXECUTION,,STRUCTURAL_MISSING,,STRUCTURAL_MISSING,,STRUCTURAL_MISSING,,PENDING_EXECUTION
13,GA,Georgia,2002,,PENDING_EXECUTION,,PENDING_EXECUTION,,PENDING_EXECUTION,,PENDING_EXECUTION,,MISSING,,MISSING,,MISSING,2.168834600181283,OBSERVED,,MISSING,,MISSING,,PENDING_EXECUTION,,STRUCTURAL_MISSING,,STRUCTURAL_MISSING,,STRUCTURAL_MISSING,,PENDING_EXECUTION
13,GA,Georgia,2003,,PENDING_EXECUTION,,PENDING_EXECUTION,,PENDING_EXECUTION,,PENDING_EXECUTION,,MISSING,,MISSING,,MISSING,2.4323905259003666,OBSERVED,,MISSING,,MISSING,,PENDING_EXECUTION,,STRUCTURAL_MISSING,,STRUCTURAL_MISSING,,STRUCTURAL_MISSING,,PENDING_EXECUTION
13,GA,Georgia,2004,,PENDING_EXECUTION,,PENDING_EXECUTION,,PENDING_EXECUTION,,PENDING_EXECUTION,,MISSING,57.44,OBSERVED,,MISSING,2.563274495931922,OBSERVED,,MISSING,,MISSING,,PENDING_EXECUTION,,STRUCTURAL_MISSING,,STRUCTURAL_MISSING,,STRUCTURAL_MISSING,,PENDING_EXECUTION
13,GA,Georgia,2005,,PENDING_EXECUTION,,PENDING_EXECUTION,,PENDING_EXECUTION,,PENDING_EXECUTION,,MISSING,,MISSING,,MISSING,2.6261712795608116,OBSERVED,,MISSING,,MISSING,,PENDING_EXECUTION,,STRUCTURAL_MISSING,,STRUCTURAL_MISSING,,STRUCTURAL_MISSING,,PENDING_EXECUTION
13,GA,Georgia,2006,,PENDING_EXECUTION,,PENDING_EXECUTION,,PENDING_EXECUTION,,PENDING_EXECUTION,,MISSING,,MISSING,,MISSING,2.6775339339062514,OBSERVED,,MISSING,,MISSING,,PENDING_EXECUTION,,STRUCTURAL_MISSING,,STRUCTURAL_MISSING,,STRUCTURAL_MISSING,,PENDING_EXECUTION
13,GA,Georgia,2007,,PENDING_EXECUTION,,PENDING_EXECUTION,,PENDING_EXECUTION,,PENDING_EXECUTION,,MISSING,,MISSING,,MISSING,2.8213939953719724,OBSERVED,,MISSING,,MISSING,,PENDING_EXECUTION,,STRUCTURAL_MISSING,,STRUCTURAL_MISSING,,STRUCTURAL_MISSING,,PENDING_EXECUTION
13,GA,Georgia,2008,,PENDING_EXECUTION,,PENDING_EXECUTION,,PENDING_EXECUTION,,PENDING_EXECUTION,,MISSING,62.7,OBSERVED,,MISSING,2.943025992117913,OBSERVED,,MISSING,,MISSING,,PENDING_EXECUTION,,STRUCTURAL_MISSING,,STRUCTURAL_MISSING,,STRUCTURAL_MISSING,,PENDING_EXECUTION
13,GA,Georgia,2009,,PENDING_EXECUTION,,PENDING_EXECUTION,,PENDING_EXECUTION,,PENDING_EXECUTION,,MISSING,,MISSING,,MISSING,3.086422961140839,OBSERVED,,MISSING,,MISSING,,PENDING_EXECUTION,,STRUCTURAL_MISSING,,STRUCTURAL_MISSING,,STRUCTURAL_MISSING,,PENDING_EXECUTION
13,GA,Georgia,2010,,PENDING_EXECUTION,,PENDING_EXECUTION,,PENDING_EXECUTION,,PENDING_EXECUTION,,MISSING,,MISSING,6.942722459294393,OBSERVED,3.2581671172850584,OBSERVED,6.700402579783953,OBSERVED,22.45227031002217,OBSERVED,,PENDING_EXECUTION,,STRUCTURAL_MISSING,,STRUCTURAL_MISSING,,STRUCTURAL_MISSING,,PENDING_EXECUTION
13,GA,Georgia,2011,,PENDING_EXECUTION,,PENDING_EXECUTION,,PENDING_EXECUTION,,PENDING_EXECUTION,,MISSING,,MISSING,8.136302828089686,OBSERVED,2.9330972303116294,OBSERVED,8.432860333083374,OBSERVED,26.26387090915804,OBSERVED,,PENDING_EXECUTION,,STRUCTURAL_MISSING,,STRUCTURAL_MISSING,,STRUCTURAL_MISSING,,PENDING_EXECUTION
13,GA,Georgia,2012,,PENDING_EXECUTION,,PENDING_EXECUTION,,PENDING_EXECUTION,,PENDING_EXECUTION,,MISSING,59.44,OBSERVED,8.166416561897352,OBSERVED,3.138158120598814,OBSERVED,7.855537544305313,OBSERVED,24.66325151993997,OBSERVED,,PENDING_EXECUTION,,STRUCTURAL_MISSING,,STRUCTURAL_MISSING,,STRUCTURAL_MISSING,,PENDING_EXECUTION
13,GA,Georgia,2013,,PENDING_EXECUTION,,PENDING_EXECUTION,,PENDING_EXECUTION,,PENDING_EXECUTION,,MISSING,,MISSING,8.810870889634572,OBSERVED,3.043729134070439,OBSERVED,9.164494469721264,OBSERVED,23.62333757425987,OBSERVED,,PENDING_EXECUTION,,STRUCTURAL_MISSING,,STRUCTURAL_MISSING,,STRUCTURAL_MISSING,,PENDING_EXECUTION
13,GA,Georgia,2014,,PENDING_EXECUTION,,PENDING_EXECUTION,,PENDING_EXECUTION,,PENDING_EXECUTION,,MISSING,,MISSING,6.863847182769528,OBSERVED,3.300697712011394,OBSERVED,6.501161657825875,OBSERVED,21.6498554318687,OBSERVED,,PENDING_EXECUTION,,STRUCTURAL_MISSING,,STRUCTURAL_MISSING,,STRUCTURAL_MISSING,,PENDING_EXECUTION
13,GA,Georgia,2015,,PENDING_EXECUTION,,PENDING_EXECUTION,,PENDING_EXECUTION,,PENDING_EXECUTION,,MISSING,,MISSING,7.00680287405734,OBSERVED,3.474592307661337,OBSERVED,6.910018242036335,OBSERVED,23.83791970409223,OBSERVED,,PENDING_EXECUTION,,STRUCTURAL_MISSING,,STRUCTURAL_MISSING,,STRUCTURAL_MISSING,,PENDING_EXECUTION
13,GA,Georgia,2016,,PENDING_EXECUTION,,PENDING_EXECUTION,,PENDING_EXECUTION,,PENDING_EXECUTION,,MISSING,59.85,OBSERVED,,MISSING,3.5498089818034577,OBSERVED,,MISSING,,MISSING,,PENDING_EXECUTION,,STRUCTURAL_MISSING,,STRUCTURAL_MISSING,,STRUCTURAL_MISSING,,PENDING_EXECUTION
13,GA,Georgia,2017,,PENDING_EXECUTION,,PENDING_EXECUTION,,PENDING_EXECUTION,,PENDING_EXECUTION,20.928036927145,OBSERVED,,MISSING,10.13679564601689,OBSERVED,,MISSING,17.25173308410529,OBSERVED,26.50442771490017,OBSERVED,,PENDING_EXECUTION,,STRUCTURAL_MISSING,,STRUCTURAL_MISSING,,STRUCTURAL_MISSING,,PENDING_EXECUTION
13,GA,Georgia,2018,,PENDING_EXECUTION,,PENDING_EXECUTION,,PENDING_EXECUTION,,PENDING_EXECUTION,,MISSING,,MISSING,,MISSING,3.2676802806702936,OBSERVED,,MISSING,,MISSING,,PENDING_EXECUTION,,STRUCTURAL_MISSING,,STRUCTURAL_MISSING,,STRUCTURAL_MISSING,,PENDING_EXECUTION
13,GA,Georgia,2019,,PENDING_EXECUTION,,PENDING_EXECUTION,,PENDING_EXECUTION,,PENDING_EXECUTION,22.03085386886093,OBSERVED,,MISSING,10.49556484872173,OBSERVED,4.091637012350372,OBSERVED,18.31980929202745,OBSERVED,28.1883414479813,OBSERVED,,PENDING_EXECUTION,,STRUCTURAL_MISSING,,STRUCTURAL_MISSING,,STRUCTURAL_MISSING,,PENDING_EXECUTION
13,GA,Georgia,2020,,PENDING_EXECUTION,,PENDING_EXECUTION,,PENDING_EXECUTION,,PENDING_EXECUTION,,MISSING,67.06,OBSERVED,,MISSING,4.134121104432471,OBSERVED,,MISSING,,MISSING,,PENDING_EXECUTION,,STRUCTURAL_MISSING,,STRUCTURAL_MISSING,,STRUCTURAL_MISSING,,PENDING_EXECUTION
13,GA,Georgia,2021,,PENDING_EXECUTION,,PENDING_EXECUTION,,PENDING_EXECUTION,,PENDING_EXECUTION,22.37432557300738,OBSERVED,,MISSING,8.185764325316928,OBSERVED,,MISSING,14.53268946873849,OBSERVED,19.88758200153923,OBSERVED,,PENDING_EXECUTION,,STRUCTURAL_MISSING,,STRUCTURAL_MISSING,,STRUCTURAL_MISSING,,PENDING_EXECUTION
13,GA,Georgia,2022,,PENDING_EXECUTION,,PENDING_EXECUTION,,PENDING_EXECUTION,,PENDING_EXECUTION,,MISSING,,MISSING,,MISSING,4.478908472805744,OBSERVED,,MISSING,,MISSING,,PENDING_EXECUTION,,STRUCTURAL_MISSING,,STRUCTURAL_MISSING,,STRUCTURAL_MISSING,,PENDING_EXECUTION
13,GA,Georgia,2023,,PENDING_EXECUTION,,PENDING_EXECUTION,,PENDING_EXECUTION,,PENDING_EXECUTION,22.64410207618052,OBSERVED,,MISSING,11.52182780836258,OBSERVED,4.631149581017781,OBSERVED,24.27384470619096,OBSERVED,23.99092417452417,OBSERVED,,PENDING_EXECUTION,,STRUCTURAL_MISSING,,STRUCTURAL_MISSING,,STRUCTURAL_MISSING,,PENDING_EXECUTION
15,HI,Hawaii,2000,,PENDING_EXECUTION,,PENDING_EXECUTION,,PENDING_EXECUTION,,PENDING_EXECUTION,,MISSING,43.98,OBSERVED,,MISSING,3.363770983396222,OBSERVED,,MISSING,,MISSING,,PENDING_EXECUTION,,STRUCTURAL_MISSING,,STRUCTURAL_MISSING,,STRUCTURAL_MISSING,,PENDING_EXECUTION
15,HI,Hawaii,2001,,PENDING_EXECUTION,,PENDING_EXECUTION,,PENDING_EXECUTION,,PENDING_EXECUTION,,MISSING,,MISSING,,MISSING,3.5221722291646955,OBSERVED,,MISSING,,MISSING,,PENDING_EXECUTION,,STRUCTURAL_MISSING,,STRUCTURAL_MISSING,,STRUCTURAL_MISSING,,PENDING_EXECUTION
15,HI,Hawaii,2002,,PENDING_EXECUTION,,PENDING_EXECUTION,,PENDING_EXECUTION,,PENDING_EXECUTION,,MISSING,,MISSING,,MISSING,3.691474677984177,OBSERVED,,MISSING,,MISSING,,PENDING_EXECUTION,,STRUCTURAL_MISSING,,STRUCTURAL_MISSING,,STRUCTURAL_MISSING,,PENDING_EXECUTION
15,HI,Hawaii,2003,,PENDING_EXECUTION,,PENDING_EXECUTION,,PENDING_EXECUTION,,PENDING_EXECUTION,,MISSING,,MISSING,,MISSING,3.93396816059414,OBSERVED,,MISSING,,MISSING,,PENDING_EXECUTION,,STRUCTURAL_MISSING,,STRUCTURAL_MISSING,,STRUCTURAL_MISSING,,PENDING_EXECUTION
15,HI,Hawaii,2004,,PENDING_EXECUTION,,PENDING_EXECUTION,,PENDING_EXECUTION,,PENDING_EXECUTION,,MISSING,48,OBSERVED,,MISSING,3.985649776337206,OBSERVED,,MISSING,,MISSING,,PENDING_EXECUTION,,STRUCTURAL_MISSING,,STRUCTURAL_MISSING,,STRUCTURAL_MISSING,,PENDING_EXECUTION
15,HI,Hawaii,2005,,PENDING_EXECUTION,,PENDING_EXECUTION,,PENDING_EXECUTION,,PENDING_EXECUTION,,MISSING,,MISSING,,MISSING,4.0147625681794095,OBSERVED,,MISSING,,MISSING,,PENDING_EXECUTION,,STRUCTURAL_MISSING,,STRUCTURAL_MISSING,,STRUCTURAL_MISSING,,PENDING_EXECUTION
15,HI,Hawaii,2006,,PENDING_EXECUTION,,PENDING_EXECUTION,,PENDING_EXECUTION,,PENDING_EXECUTION,,MISSING,,MISSING,,MISSING,4.128328641530207,OBSERVED,,MISSING,,MISSING,,PENDING_EXECUTION,,STRUCTURAL_MISSING,,STRUCTURAL_MISSING,,STRUCTURAL_MISSING,,PENDING_EXECUTION
15,HI,Hawaii,2007,,PENDING_EXECUTION,,PENDING_EXECUTION,,PENDING_EXECUTION,,PENDING_EXECUTION,,MISSING,,MISSING,,MISSING,4.244969312330173,OBSERVED,,MISSING,,MISSING,,PENDING_EXECUTION,,STRUCTURAL_MISSING,,STRUCTURAL_MISSING,,STRUCTURAL_MISSING,,PENDING_EXECUTION
15,HI,Hawaii,2008,,PENDING_EXECUTION,,PENDING_EXECUTION,,PENDING_EXECUTION,,PENDING_EXECUTION,,MISSING,49.06,OBSERVED,,MISSING,4.337144285485879,OBSERVED,,MISSING,,MISSING,,PENDING_EXECUTION,,STRUCTURAL_MISSING,,STRUCTURAL_MISSING,,STRUCTURAL_MISSING,,PENDING_EXECUTION
15,HI,Hawaii,2009,,PENDING_EXECUTION,,PENDING_EXECUTION,,PENDING_EXECUTION,,PENDING_EXECUTION,,MISSING,,MISSING,,MISSING,4.4708724995674665,OBSERVED,,MISSING,,MISSING,,PENDING_EXECUTION,,STRUCTURAL_MISSING,,STRUCTURAL_MISSING,,STRUCTURAL_MISSING,,PENDING_EXECUTION
15,HI,Hawaii,2010,,PENDING_EXECUTION,,PENDING_EXECUTION,,PENDING_EXECUTION,,PENDING_EXECUTION,,MISSING,,MISSING,8.087295358043976,OBSERVED,4.546907487074818,OBSERVED,7.272236938214291,OBSERVED,22.48128798269935,OBSERVED,,PENDING_EXECUTION,,STRUCTURAL_MISSING,,STRUCTURAL_MISSING,,STRUCTURAL_MISSING,,PENDING_EXECUTION
15,HI,Hawaii,2011,,PENDING_EXECUTION,,PENDING_EXECUTION,,PENDING_EXECUTION,,PENDING_EXECUTION,,MISSING,,MISSING,7.404170745548718,OBSERVED,4.144793782374405,OBSERVED,6.838940446603067,OBSERVED,20.79868847936315,OBSERVED,,PENDING_EXECUTION,,STRUCTURAL_MISSING,,STRUCTURAL_MISSING,,STRUCTURAL_MISSING,,PENDING_EXECUTION
15,HI,Hawaii,2012,,PENDING_EXECUTION,,PENDING_EXECUTION,,PENDING_EXECUTION,,PENDING_EXECUTION,,MISSING,44.36,OBSERVED,6.728553646377613,OBSERVED,4.108374504282185,OBSERVED,8.853329277644908,OBSERVED,25.10724251172464,OBSERVED,,PENDING_EXECUTION,,STRUCTURAL_MISSING,,STRUCTURAL_MISSING,,STRUCTURAL_MISSING,,PENDING_EXECUTION
15,HI,Hawaii,2013,,PENDING_EXECUTION,,PENDING_EXECUTION,,PENDING_EXECUTION,,PENDING_EXECUTION,,MISSING,,MISSING,6.314042413650321,OBSERVED,3.9039708352084226,OBSERVED,7.178859669543598,OBSERVED,21.77015829100248,OBSERVED,,PENDING_EXECUTION,,STRUCTURAL_MISSING,,STRUCTURAL_MISSING,,STRUCTURAL_MISSING,,PENDING_EXECUTION
15,HI,Hawaii,2014,,PENDING_EXECUTION,,PENDING_EXECUTION,,PENDING_EXECUTION,,PENDING_EXECUTION,,MISSING,,MISSING,6.3287810018906,OBSERVED,4.1234054128527875,OBSERVED,7.151065738464453,OBSERVED,23.44515261137299,OBSERVED,,PENDING_EXECUTION,,STRUCTURAL_MISSING,,STRUCTURAL_MISSING,,STRUCTURAL_MISSING,,PENDING_EXECUTION
15,HI,Hawaii,2015,,PENDING_EXECUTION,,PENDING_EXECUTION,,PENDING_EXECUTION,,PENDING_EXECUTION,,MISSING,,MISSING,7.740675955688636,OBSERVED,4.238934813025167,OBSERVED,7.213343681804747,OBSERVED,20.93724804133127,OBSERVED,,PENDING_EXECUTION,,STRUCTURAL_MISSING,,STRUCTURAL_MISSING,,STRUCTURAL_MISSING,,PENDING_EXECUTION
15,HI,Hawaii,2016,,PENDING_EXECUTION,,PENDING_EXECUTION,,PENDING_EXECUTION,,PENDING_EXECUTION,,MISSING,43.19,OBSERVED,,MISSING,4.317352341161115,OBSERVED,,MISSING,,MISSING,,PENDING_EXECUTION,,STRUCTURAL_MISSING,,STRUCTURAL_MISSING,,STRUCTURAL_MISSING,,PENDING_EXECUTION
15,HI,Hawaii,2017,,PENDING_EXECUTION,,PENDING_EXECUTION,,PENDING_EXECUTION,,PENDING_EXECUTION,24.36498846865288,OBSERVED,,MISSING,9.975932990330897,OBSERVED,,MISSING,19.71287183061072,OBSERVED,27.98977824673779,OBSERVED,,PENDING_EXECUTION,,STRUCTURAL_MISSING,,STRUCTURAL_MISSING,,STRUCTURAL_MISSING,,PENDING_EXECUTION
15,HI,Hawaii,2018,,PENDING_EXECUTION,,PENDING_EXECUTION,,PENDING_EXECUTION,,PENDING_EXECUTION,,MISSING,,MISSING,,MISSING,4.100900708452381,OBSERVED,,MISSING,,MISSING,,PENDING_EXECUTION,,STRUCTURAL_MISSING,,STRUCTURAL_MISSING,,STRUCTURAL_MISSING,,PENDING_EXECUTION
15,HI,Hawaii,2019,,PENDING_EXECUTION,,PENDING_EXECUTION,,PENDING_EXECUTION,,PENDING_EXECUTION,27.09225820064584,OBSERVED,,MISSING,10.82788580587745,OBSERVED,4.862197702058822,OBSERVED,17.59007994043099,OBSERVED,32.09625299478643,OBSERVED,,PENDING_EXECUTION,,STRUCTURAL_MISSING,,STRUCTURAL_MISSING,,STRUCTURAL_MISSING,,PENDING_EXECUTION
15,HI,Hawaii,2020,,PENDING_EXECUTION,,PENDING_EXECUTION,,PENDING_EXECUTION,,PENDING_EXECUTION,,MISSING,55.35,OBSERVED,,MISSING,4.811253730582195,OBSERVED,,MISSING,,MISSING,,PENDING_EXECUTION,,STRUCTURAL_MISSING,,STRUCTURAL_MISSING,,STRUCTURAL_MISSING,,PENDING_EXECUTION
15,HI,Hawaii,2021,,PENDING_EXECUTION,,PENDING_EXECUTION,,PENDING_EXECUTION,,PENDING_EXECUTION,22.81267529133422,OBSERVED,,MISSING,6.824230667670273,OBSERVED,,MISSING,12.54750455365727,OBSERVED,19.74295431990853,OBSERVED,,PENDING_EXECUTION,,STRUCTURAL_MISSING,,STRUCTURAL_MISSING,,STRUCTURAL_MISSING,,PENDING_EXECUTION
15,HI,Hawaii,2022,,PENDING_EXECUTION,,PENDING_EXECUTION,,PENDING_EXECUTION,,PENDING_EXECUTION,,MISSING,,MISSING,,MISSING,5.089624211215931,OBSERVED,,MISSING,,MISSING,,PENDING_EXECUTION,,STRUCTURAL_MISSING,,STRUCTURAL_MISSING,,STRUCTURAL_MISSING,,PENDING_EXECUTION
15,HI,Hawaii,2023,,PENDING_EXECUTION,,PENDING_EXECUTION,,PENDING_EXECUTION,,PENDING_EXECUTION,23.99287965338483,OBSERVED,,MISSING,10.03458382947999,OBSERVED,5.317955485813908,OBSERVED,15.32963459494929,OBSERVED,25.34980533697296,OBSERVED,,PENDING_EXECUTION,,STRUCTURAL_MISSING,,STRUCTURAL_MISSING,,STRUCTURAL_MISSING,,PENDING_EXECUTION
16,ID,Idaho,2000,,PENDING_EXECUTION,,PENDING_EXECUTION,,PENDING_EXECUTION,,PENDING_EXECUTION,,MISSING,59.02,OBSERVED,,MISSING,2.5495794309812765,OBSERVED,,MISSING,,MISSING,,PENDING_EXECUTION,,STRUCTURAL_MISSING,,STRUCTURAL_MISSING,,STRUCTURAL_MISSING,,PENDING_EXECUTION
16,ID,Idaho,2001,,PENDING_EXECUTION,,PENDING_EXECUTION,,PENDING_EXECUTION,,PENDING_EXECUTION,,MISSING,,MISSING,,MISSING,2.7175024735560567,OBSERVED,,MISSING,,MISSING,,PENDING_EXECUTION,,STRUCTURAL_MISSING,,STRUCTURAL_MISSING,,STRUCTURAL_MISSING,,PENDING_EXECUTION
16,ID,Idaho,2002,,PENDING_EXECUTION,,PENDING_EXECUTION,,PENDING_EXECUTION,,PENDING_EXECUTION,,MISSING,,MISSING,,MISSING,2.8230968716147458,OBSERVED,,MISSING,,MISSING,,PENDING_EXECUTION,,STRUCTURAL_MISSING,,STRUCTURAL_MISSING,,STRUCTURAL_MISSING,,PENDING_EXECUTION
16,ID,Idaho,2003,,PENDING_EXECUTION,,PENDING_EXECUTION,,PENDING_EXECUTION,,PENDING_EXECUTION,,MISSING,,MISSING,,MISSING,3.032903519194942,OBSERVED,,MISSING,,MISSING,,PENDING_EXECUTION,,STRUCTURAL_MISSING,,STRUCTURAL_MISSING,,STRUCTURAL_MISSING,,PENDING_EXECUTION
16,ID,Idaho,2004,,PENDING_EXECUTION,,PENDING_EXECUTION,,PENDING_EXECUTION,,PENDING_EXECUTION,,MISSING,64.94,OBSERVED,,MISSING,3.059343211175153,OBSERVED,,MISSING,,MISSING,,PENDING_EXECUTION,,STRUCTURAL_MISSING,,STRUCTURAL_MISSING,,STRUCTURAL_MISSING,,PENDING_EXECUTION
16,ID,Idaho,2005,,PENDING_EXECUTION,,PENDING_EXECUTION,,PENDING_EXECUTION,,PENDING_EXECUTION,,MISSING,,MISSING,,MISSING,3.0702101396052908,OBSERVED,,MISSING,,MISSING,,PENDING_EXECUTION,,STRUCTURAL_MISSING,,STRUCTURAL_MISSING,,STRUCTURAL_MISSING,,PENDING_EXECUTION
16,ID,Idaho,2006,,PENDING_EXECUTION,,PENDING_EXECUTION,,PENDING_EXECUTION,,PENDING_EXECUTION,,MISSING,,MISSING,,MISSING,3.104852080353027,OBSERVED,,MISSING,,MISSING,,PENDING_EXECUTION,,STRUCTURAL_MISSING,,STRUCTURAL_MISSING,,STRUCTURAL_MISSING,,PENDING_EXECUTION
16,ID,Idaho,2007,,PENDING_EXECUTION,,PENDING_EXECUTION,,PENDING_EXECUTION,,PENDING_EXECUTION,,MISSING,,MISSING,,MISSING,3.168549702512449,OBSERVED,,MISSING,,MISSING,,PENDING_EXECUTION,,STRUCTURAL_MISSING,,STRUCTURAL_MISSING,,STRUCTURAL_MISSING,,PENDING_EXECUTION
16,ID,Idaho,2008,,PENDING_EXECUTION,,PENDING_EXECUTION,,PENDING_EXECUTION,,PENDING_EXECUTION,,MISSING,64.85,OBSERVED,,MISSING,3.241175243756192,OBSERVED,,MISSING,,MISSING,,PENDING_EXECUTION,,STRUCTURAL_MISSING,,STRUCTURAL_MISSING,,STRUCTURAL_MISSING,,PENDING_EXECUTION
16,ID,Idaho,2009,,PENDING_EXECUTION,,PENDING_EXECUTION,,PENDING_EXECUTION,,PENDING_EXECUTION,,MISSING,,MISSING,,MISSING,3.3645578887302747,OBSERVED,,MISSING,,MISSING,,PENDING_EXECUTION,,STRUCTURAL_MISSING,,STRUCTURAL_MISSING,,STRUCTURAL_MISSING,,PENDING_EXECUTION
16,ID,Idaho,2010,,PENDING_EXECUTION,,PENDING_EXECUTION,,PENDING_EXECUTION,,PENDING_EXECUTION,,MISSING,,MISSING,12.17420962248477,OBSERVED,3.4338774868396675,OBSERVED,13.968217221613,OBSERVED,35.0242218019613,OBSERVED,,PENDING_EXECUTION,,STRUCTURAL_MISSING,,STRUCTURAL_MISSING,,STRUCTURAL_MISSING,,PENDING_EXECUTION
16,ID,Idaho,2011,,PENDING_EXECUTION,,PENDING_EXECUTION,,PENDING_EXECUTION,,PENDING_EXECUTION,,MISSING,,MISSING,15.29881961536652,OBSERVED,3.208413706737227,OBSERVED,15.3343905945619,OBSERVED,38.98880783662841,OBSERVED,,PENDING_EXECUTION,,STRUCTURAL_MISSING,,STRUCTURAL_MISSING,,STRUCTURAL_MISSING,,PENDING_EXECUTION
16,ID,Idaho,2012,,PENDING_EXECUTION,,PENDING_EXECUTION,,PENDING_EXECUTION,,PENDING_EXECUTION,,MISSING,61.13,OBSERVED,12.85770933440459,OBSERVED,3.175617672675777,OBSERVED,11.36995107868493,OBSERVED,35.3451859891316,OBSERVED,,PENDING_EXECUTION,,STRUCTURAL_MISSING,,STRUCTURAL_MISSING,,STRUCTURAL_MISSING,,PENDING_EXECUTION
16,ID,Idaho,2013,,PENDING_EXECUTION,,PENDING_EXECUTION,,PENDING_EXECUTION,,PENDING_EXECUTION,,MISSING,,MISSING,9.896798742415454,OBSERVED,3.0482868739427302,OBSERVED,10.20845534376562,OBSERVED,34.76910563865096,OBSERVED,,PENDING_EXECUTION,,STRUCTURAL_MISSING,,STRUCTURAL_MISSING,,STRUCTURAL_MISSING,,PENDING_EXECUTION
16,ID,Idaho,2014,,PENDING_EXECUTION,,PENDING_EXECUTION,,PENDING_EXECUTION,,PENDING_EXECUTION,,MISSING,,MISSING,9.820767599404483,OBSERVED,3.254407418480525,OBSERVED,9.22283037088272,OBSERVED,36.6387115115138,OBSERVED,,PENDING_EXECUTION,,STRUCTURAL_MISSING,,STRUCTURAL_MISSING,,STRUCTURAL_MISSING,,PENDING_EXECUTION
16,ID,Idaho,2015,,PENDING_EXECUTION,,PENDING_EXECUTION,,PENDING_EXECUTION,,PENDING_EXECUTION,,MISSING,,MISSING,7.841923909256971,OBSERVED,3.3646092726453034,OBSERVED,8.871362400738244,OBSERVED,30.59274183621307,OBSERVED,,PENDING_EXECUTION,,STRUCTURAL_MISSING,,STRUCTURAL_MISSING,,STRUCTURAL_MISSING,,PENDING_EXECUTION
16,ID,Idaho,2016,,PENDING_EXECUTION,,PENDING_EXECUTION,,PENDING_EXECUTION,,PENDING_EXECUTION,,MISSING,60.76,OBSERVED,,MISSING,3.3882886114073574,OBSERVED,,MISSING,,MISSING,,PENDING_EXECUTION,,STRUCTURAL_MISSING,,STRUCTURAL_MISSING,,STRUCTURAL_MISSING,,PENDING_EXECUTION
16,ID,Idaho,2017,,PENDING_EXECUTION,,PENDING_EXECUTION,,PENDING_EXECUTION,,PENDING_EXECUTION,34.11602806304595,OBSERVED,,MISSING,12.75453990296579,OBSERVED,,MISSING,29.82488082052658,OBSERVED,37.87081665152086,OBSERVED,,PENDING_EXECUTION,,STRUCTURAL_MISSING,,STRUCTURAL_MISSING,,STRUCTURAL_MISSING,,PENDING_EXECUTION
16,ID,Idaho,2018,,PENDING_EXECUTION,,PENDING_EXECUTION,,PENDING_EXECUTION,,PENDING_EXECUTION,,MISSING,,MISSING,,MISSING,3.083773858866692,OBSERVED,,MISSING,,MISSING,,PENDING_EXECUTION,,STRUCTURAL_MISSING,,STRUCTURAL_MISSING,,STRUCTURAL_MISSING,,PENDING_EXECUTION
16,ID,Idaho,2019,,PENDING_EXECUTION,,PENDING_EXECUTION,,PENDING_EXECUTION,,PENDING_EXECUTION,32.41762949427853,OBSERVED,,MISSING,11.44574849653238,OBSERVED,3.915463986674567,OBSERVED,23.43127751006008,OBSERVED,34.46885336416946,OBSERVED,,PENDING_EXECUTION,,STRUCTURAL_MISSING,,STRUCTURAL_MISSING,,STRUCTURAL_MISSING,,PENDING_EXECUTION
16,ID,Idaho,2020,,PENDING_EXECUTION,,PENDING_EXECUTION,,PENDING_EXECUTION,,PENDING_EXECUTION,,MISSING,64.94,OBSERVED,,MISSING,3.8197431622866334,OBSERVED,,MISSING,,MISSING,,PENDING_EXECUTION,,STRUCTURAL_MISSING,,STRUCTURAL_MISSING,,STRUCTURAL_MISSING,,PENDING_EXECUTION
16,ID,Idaho,2021,,PENDING_EXECUTION,,PENDING_EXECUTION,,PENDING_EXECUTION,,PENDING_EXECUTION,27.43757491687278,OBSERVED,,MISSING,13.14635435392546,OBSERVED,,MISSING,21.2521802989525,OBSERVED,28.15912560281142,OBSERVED,,PENDING_EXECUTION,,STRUCTURAL_MISSING,,STRUCTURAL_MISSING,,STRUCTURAL_MISSING,,PENDING_EXECUTION
16,ID,Idaho,2022,,PENDING_EXECUTION,,PENDING_EXECUTION,,PENDING_EXECUTION,,PENDING_EXECUTION,,MISSING,,MISSING,,MISSING,3.7215136080734568,OBSERVED,,MISSING,,MISSING,,PENDING_EXECUTION,,STRUCTURAL_MISSING,,STRUCTURAL_MISSING,,STRUCTURAL_MISSING,,PENDING_EXECUTION
16,ID,Idaho,2023,,PENDING_EXECUTION,,PENDING_EXECUTION,,PENDING_EXECUTION,,PENDING_EXECUTION,30.66973677342156,OBSERVED,,MISSING,11.57762246933373,OBSERVED,4.130346928782945,OBSERVED,22.89621207728711,OBSERVED,31.05975953875476,OBSERVED,,PENDING_EXECUTION,,STRUCTURAL_MISSING,,STRUCTURAL_MISSING,,STRUCTURAL_MISSING,,PENDING_EXECUTION
17,IL,Illinois,2000,,PENDING_EXECUTION,,PENDING_EXECUTION,,PENDING_EXECUTION,,PENDING_EXECUTION,,MISSING,58.98,OBSERVED,,MISSING,2.3614781889988397,OBSERVED,,MISSING,,MISSING,,PENDING_EXECUTION,,STRUCTURAL_MISSING,,STRUCTURAL_MISSING,,STRUCTURAL_MISSING,,PENDING_EXECUTION
17,IL,Illinois,2001,,PENDING_EXECUTION,,PENDING_EXECUTION,,PENDING_EXECUTION,,PENDING_EXECUTION,,MISSING,,MISSING,,MISSING,2.5020729162037387,OBSERVED,,MISSING,,MISSING,,PENDING_EXECUTION,,STRUCTURAL_MISSING,,STRUCTURAL_MISSING,,STRUCTURAL_MISSING,,PENDING_EXECUTION
17,IL,Illinois,2002,,PENDING_EXECUTION,,PENDING_EXECUTION,,PENDING_EXECUTION,,PENDING_EXECUTION,,MISSING,,MISSING,,MISSING,2.5871905406833835,OBSERVED,,MISSING,,MISSING,,PENDING_EXECUTION,,STRUCTURAL_MISSING,,STRUCTURAL_MISSING,,STRUCTURAL_MISSING,,PENDING_EXECUTION
17,IL,Illinois,2003,,PENDING_EXECUTION,,PENDING_EXECUTION,,PENDING_EXECUTION,,PENDING_EXECUTION,,MISSING,,MISSING,,MISSING,2.7712634097180264,OBSERVED,,MISSING,,MISSING,,PENDING_EXECUTION,,STRUCTURAL_MISSING,,STRUCTURAL_MISSING,,STRUCTURAL_MISSING,,PENDING_EXECUTION
17,IL,Illinois,2004,,PENDING_EXECUTION,,PENDING_EXECUTION,,PENDING_EXECUTION,,PENDING_EXECUTION,,MISSING,62.93,OBSERVED,,MISSING,2.917844507601527,OBSERVED,,MISSING,,MISSING,,PENDING_EXECUTION,,STRUCTURAL_MISSING,,STRUCTURAL_MISSING,,STRUCTURAL_MISSING,,PENDING_EXECUTION
17,IL,Illinois,2005,,PENDING_EXECUTION,,PENDING_EXECUTION,,PENDING_EXECUTION,,PENDING_EXECUTION,,MISSING,,MISSING,,MISSING,3.0116805815239025,OBSERVED,,MISSING,,MISSING,,PENDING_EXECUTION,,STRUCTURAL_MISSING,,STRUCTURAL_MISSING,,STRUCTURAL_MISSING,,PENDING_EXECUTION
17,IL,Illinois,2006,,PENDING_EXECUTION,,PENDING_EXECUTION,,PENDING_EXECUTION,,PENDING_EXECUTION,,MISSING,,MISSING,,MISSING,3.114215449200824,OBSERVED,,MISSING,,MISSING,,PENDING_EXECUTION,,STRUCTURAL_MISSING,,STRUCTURAL_MISSING,,STRUCTURAL_MISSING,,PENDING_EXECUTION
17,IL,Illinois,2007,,PENDING_EXECUTION,,PENDING_EXECUTION,,PENDING_EXECUTION,,PENDING_EXECUTION,,MISSING,,MISSING,,MISSING,3.2445994625337096,OBSERVED,,MISSING,,MISSING,,PENDING_EXECUTION,,STRUCTURAL_MISSING,,STRUCTURAL_MISSING,,STRUCTURAL_MISSING,,PENDING_EXECUTION
17,IL,Illinois,2008,,PENDING_EXECUTION,,PENDING_EXECUTION,,PENDING_EXECUTION,,PENDING_EXECUTION,,MISSING,64.22,OBSERVED,,MISSING,3.359760910730791,OBSERVED,,MISSING,,MISSING,,PENDING_EXECUTION,,STRUCTURAL_MISSING,,STRUCTURAL_MISSING,,STRUCTURAL_MISSING,,PENDING_EXECUTION
17,IL,Illinois,2009,,PENDING_EXECUTION,,PENDING_EXECUTION,,PENDING_EXECUTION,,PENDING_EXECUTION,,MISSING,,MISSING,,MISSING,3.472436577394716,OBSERVED,,MISSING,,MISSING,,PENDING_EXECUTION,,STRUCTURAL_MISSING,,STRUCTURAL_MISSING,,STRUCTURAL_MISSING,,PENDING_EXECUTION
17,IL,Illinois,2010,,PENDING_EXECUTION,,PENDING_EXECUTION,,PENDING_EXECUTION,,PENDING_EXECUTION,,MISSING,,MISSING,7.816055524178804,OBSERVED,3.5931496677127024,OBSERVED,6.859975591270453,OBSERVED,27.69728516949599,OBSERVED,,PENDING_EXECUTION,,STRUCTURAL_MISSING,,STRUCTURAL_MISSING,,STRUCTURAL_MISSING,,PENDING_EXECUTION
17,IL,Illinois,2011,,PENDING_EXECUTION,,PENDING_EXECUTION,,PENDING_EXECUTION,,PENDING_EXECUTION,,MISSING,,MISSING,8.9431230107941,OBSERVED,3.291631511038071,OBSERVED,6.932358409382961,OBSERVED,27.27743274127277,OBSERVED,,PENDING_EXECUTION,,STRUCTURAL_MISSING,,STRUCTURAL_MISSING,,STRUCTURAL_MISSING,,PENDING_EXECUTION
17,IL,Illinois,2012,,PENDING_EXECUTION,,PENDING_EXECUTION,,PENDING_EXECUTION,,PENDING_EXECUTION,,MISSING,59.23,OBSERVED,8.699171868090215,OBSERVED,3.334697143039886,OBSERVED,7.072950758305544,OBSERVED,27.27210338325534,OBSERVED,,PENDING_EXECUTION,,STRUCTURAL_MISSING,,STRUCTURAL_MISSING,,STRUCTURAL_MISSING,,PENDING_EXECUTION
17,IL,Illinois,2013,,PENDING_EXECUTION,,PENDING_EXECUTION,,PENDING_EXECUTION,,PENDING_EXECUTION,,MISSING,,MISSING,7.925607911098621,OBSERVED,3.2901465890619392,OBSERVED,6.707652707206186,OBSERVED,25.78983053731231,OBSERVED,,PENDING_EXECUTION,,STRUCTURAL_MISSING,,STRUCTURAL_MISSING,,STRUCTURAL_MISSING,,PENDING_EXECUTION
17,IL,Illinois,2014,,PENDING_EXECUTION,,PENDING_EXECUTION,,PENDING_EXECUTION,,PENDING_EXECUTION,,MISSING,,MISSING,7.323883972897629,OBSERVED,3.5202697815428867,OBSERVED,6.769184071903742,OBSERVED,24.89526697360577,OBSERVED,,PENDING_EXECUTION,,STRUCTURAL_MISSING,,STRUCTURAL_MISSING,,STRUCTURAL_MISSING,,PENDING_EXECUTION
17,IL,Illinois,2015,,PENDING_EXECUTION,,PENDING_EXECUTION,,PENDING_EXECUTION,,PENDING_EXECUTION,,MISSING,,MISSING,7.406642898687475,OBSERVED,3.635498346175246,OBSERVED,7.097544580373468,OBSERVED,24.1912729063549,OBSERVED,,PENDING_EXECUTION,,STRUCTURAL_MISSING,,STRUCTURAL_MISSING,,STRUCTURAL_MISSING,,PENDING_EXECUTION
17,IL,Illinois,2016,,PENDING_EXECUTION,,PENDING_EXECUTION,,PENDING_EXECUTION,,PENDING_EXECUTION,,MISSING,62.92,OBSERVED,,MISSING,3.7269602671531543,OBSERVED,,MISSING,,MISSING,,PENDING_EXECUTION,,STRUCTURAL_MISSING,,STRUCTURAL_MISSING,,STRUCTURAL_MISSING,,PENDING_EXECUTION
17,IL,Illinois,2017,,PENDING_EXECUTION,,PENDING_EXECUTION,,PENDING_EXECUTION,,PENDING_EXECUTION,26.75373103201419,OBSERVED,,MISSING,12.83496396271383,OBSERVED,,MISSING,21.68194659444613,OBSERVED,28.13787963872868,OBSERVED,,PENDING_EXECUTION,,STRUCTURAL_MISSING,,STRUCTURAL_MISSING,,STRUCTURAL_MISSING,,PENDING_EXECUTION
17,IL,Illinois,2018,,PENDING_EXECUTION,,PENDING_EXECUTION,,PENDING_EXECUTION,,PENDING_EXECUTION,,MISSING,,MISSING,,MISSING,3.5123855718235855,OBSERVED,,MISSING,,MISSING,,PENDING_EXECUTION,,STRUCTURAL_MISSING,,STRUCTURAL_MISSING,,STRUCTURAL_MISSING,,PENDING_EXECUTION
17,IL,Illinois,2019,,PENDING_EXECUTION,,PENDING_EXECUTION,,PENDING_EXECUTION,,PENDING_EXECUTION,31.72440217115218,OBSERVED,,MISSING,13.09266440125337,OBSERVED,4.157174494989626,OBSERVED,24.21805266990644,OBSERVED,33.03583273147488,OBSERVED,,PENDING_EXECUTION,,STRUCTURAL_MISSING,,STRUCTURAL_MISSING,,STRUCTURAL_MISSING,,PENDING_EXECUTION
17,IL,Illinois,2020,,PENDING_EXECUTION,,PENDING_EXECUTION,,PENDING_EXECUTION,,PENDING_EXECUTION,,MISSING,66.52,OBSERVED,,MISSING,4.163918176795222,OBSERVED,,MISSING,,MISSING,,PENDING_EXECUTION,,STRUCTURAL_MISSING,,STRUCTURAL_MISSING,,STRUCTURAL_MISSING,,PENDING_EXECUTION
17,IL,Illinois,2021,,PENDING_EXECUTION,,PENDING_EXECUTION,,PENDING_EXECUTION,,PENDING_EXECUTION,29.58520615477982,OBSERVED,,MISSING,9.287338960389999,OBSERVED,,MISSING,20.32690588939877,OBSERVED,28.28819923635964,OBSERVED,,PENDING_EXECUTION,,STRUCTURAL_MISSING,,STRUCTURAL_MISSING,,STRUCTURAL_MISSING,,PENDING_EXECUTION
17,IL,Illinois,2022,,PENDING_EXECUTION,,PENDING_EXECUTION,,PENDING_EXECUTION,,PENDING_EXECUTION,,MISSING,,MISSING,,MISSING,4.351594255997311,OBSERVED,,MISSING,,MISSING,,PENDING_EXECUTION,,STRUCTURAL_MISSING,,STRUCTURAL_MISSING,,STRUCTURAL_MISSING,,PENDING_EXECUTION
17,IL,Illinois,2023,,PENDING_EXECUTION,,PENDING_EXECUTION,,PENDING_EXECUTION,,PENDING_EXECUTION,27.9127876429036,OBSERVED,,MISSING,12.45903746621922,OBSERVED,4.430548039875729,OBSERVED,22.84436694759459,OBSERVED,27.22382447612906,OBSERVED,,PENDING_EXECUTION,,STRUCTURAL_MISSING,,STRUCTURAL_MISSING,,STRUCTURAL_MISSING,,PENDING_EXECUTION
18,IN,Indiana,2000,,PENDING_EXECUTION,,PENDING_EXECUTION,,PENDING_EXECUTION,,PENDING_EXECUTION,,MISSING,51.02,OBSERVED,,MISSING,2.6093810993216198,OBSERVED,,MISSING,,MISSING,,PENDING_EXECUTION,,STRUCTURAL_MISSING,,STRUCTURAL_MISSING,,STRUCTURAL_MISSING,,PENDING_EXECUTION
18,IN,Indiana,2001,,PENDING_EXECUTION,,PENDING_EXECUTION,,PENDING_EXECUTION,,PENDING_EXECUTION,,MISSING,,MISSING,,MISSING,2.7633262399310676,OBSERVED,,MISSING,,MISSING,,PENDING_EXECUTION,,STRUCTURAL_MISSING,,STRUCTURAL_MISSING,,STRUCTURAL_MISSING,,PENDING_EXECUTION
18,IN,Indiana,2002,,PENDING_EXECUTION,,PENDING_EXECUTION,,PENDING_EXECUTION,,PENDING_EXECUTION,,MISSING,,MISSING,,MISSING,2.8664871010517112,OBSERVED,,MISSING,,MISSING,,PENDING_EXECUTION,,STRUCTURAL_MISSING,,STRUCTURAL_MISSING,,STRUCTURAL_MISSING,,PENDING_EXECUTION
18,IN,Indiana,2003,,PENDING_EXECUTION,,PENDING_EXECUTION,,PENDING_EXECUTION,,PENDING_EXECUTION,,MISSING,,MISSING,,MISSING,3.0364852683019405,OBSERVED,,MISSING,,MISSING,,PENDING_EXECUTION,,STRUCTURAL_MISSING,,STRUCTURAL_MISSING,,STRUCTURAL_MISSING,,PENDING_EXECUTION
18,IN,Indiana,2004,,PENDING_EXECUTION,,PENDING_EXECUTION,,PENDING_EXECUTION,,PENDING_EXECUTION,,MISSING,55.69,OBSERVED,,MISSING,3.124655563518539,OBSERVED,,MISSING,,MISSING,,PENDING_EXECUTION,,STRUCTURAL_MISSING,,STRUCTURAL_MISSING,,STRUCTURAL_MISSING,,PENDING_EXECUTION
18,IN,Indiana,2005,,PENDING_EXECUTION,,PENDING_EXECUTION,,PENDING_EXECUTION,,PENDING_EXECUTION,,MISSING,,MISSING,,MISSING,3.1505350860762946,OBSERVED,,MISSING,,MISSING,,PENDING_EXECUTION,,STRUCTURAL_MISSING,,STRUCTURAL_MISSING,,STRUCTURAL_MISSING,,PENDING_EXECUTION
18,IN,Indiana,2006,,PENDING_EXECUTION,,PENDING_EXECUTION,,PENDING_EXECUTION,,PENDING_EXECUTION,,MISSING,,MISSING,,MISSING,3.2281807244307257,OBSERVED,,MISSING,,MISSING,,PENDING_EXECUTION,,STRUCTURAL_MISSING,,STRUCTURAL_MISSING,,STRUCTURAL_MISSING,,PENDING_EXECUTION
18,IN,Indiana,2007,,PENDING_EXECUTION,,PENDING_EXECUTION,,PENDING_EXECUTION,,PENDING_EXECUTION,,MISSING,,MISSING,,MISSING,3.3158823932350607,OBSERVED,,MISSING,,MISSING,,PENDING_EXECUTION,,STRUCTURAL_MISSING,,STRUCTURAL_MISSING,,STRUCTURAL_MISSING,,PENDING_EXECUTION
18,IN,Indiana,2008,,PENDING_EXECUTION,,PENDING_EXECUTION,,PENDING_EXECUTION,,PENDING_EXECUTION,,MISSING,60.3,OBSERVED,,MISSING,3.5490565785177015,OBSERVED,,MISSING,,MISSING,,PENDING_EXECUTION,,STRUCTURAL_MISSING,,STRUCTURAL_MISSING,,STRUCTURAL_MISSING,,PENDING_EXECUTION
18,IN,Indiana,2009,,PENDING_EXECUTION,,PENDING_EXECUTION,,PENDING_EXECUTION,,PENDING_EXECUTION,,MISSING,,MISSING,,MISSING,3.6601347664036106,OBSERVED,,MISSING,,MISSING,,PENDING_EXECUTION,,STRUCTURAL_MISSING,,STRUCTURAL_MISSING,,STRUCTURAL_MISSING,,PENDING_EXECUTION
18,IN,Indiana,2010,,PENDING_EXECUTION,,PENDING_EXECUTION,,PENDING_EXECUTION,,PENDING_EXECUTION,,MISSING,,MISSING,7.334500865688093,OBSERVED,3.775640141713613,OBSERVED,6.512932296309032,OBSERVED,26.08012314220101,OBSERVED,,PENDING_EXECUTION,,STRUCTURAL_MISSING,,STRUCTURAL_MISSING,,STRUCTURAL_MISSING,,PENDING_EXECUTION
18,IN,Indiana,2011,,PENDING_EXECUTION,,PENDING_EXECUTION,,PENDING_EXECUTION,,PENDING_EXECUTION,,MISSING,,MISSING,7.157850853832639,OBSERVED,3.595381487590625,OBSERVED,6.559222151083226,OBSERVED,27.13607408194992,OBSERVED,,PENDING_EXECUTION,,STRUCTURAL_MISSING,,STRUCTURAL_MISSING,,STRUCTURAL_MISSING,,PENDING_EXECUTION
18,IN,Indiana,2012,,PENDING_EXECUTION,,PENDING_EXECUTION,,PENDING_EXECUTION,,PENDING_EXECUTION,,MISSING,56.04,OBSERVED,8.2456179299412,OBSERVED,3.5456551463842496,OBSERVED,7.67329072213813,OBSERVED,30.49918392784468,OBSERVED,,PENDING_EXECUTION,,STRUCTURAL_MISSING,,STRUCTURAL_MISSING,,STRUCTURAL_MISSING,,PENDING_EXECUTION
18,IN,Indiana,2013,,PENDING_EXECUTION,,PENDING_EXECUTION,,PENDING_EXECUTION,,PENDING_EXECUTION,,MISSING,,MISSING,6.141447485395837,OBSERVED,3.4281626798263467,OBSERVED,5.233376332998109,OBSERVED,26.76124409743084,OBSERVED,,PENDING_EXECUTION,,STRUCTURAL_MISSING,,STRUCTURAL_MISSING,,STRUCTURAL_MISSING,,PENDING_EXECUTION
18,IN,Indiana,2014,,PENDING_EXECUTION,,PENDING_EXECUTION,,PENDING_EXECUTION,,PENDING_EXECUTION,,MISSING,,MISSING,5.761145995850629,OBSERVED,3.7478667056598836,OBSERVED,6.050929533112468,OBSERVED,25.00895308250614,OBSERVED,,PENDING_EXECUTION,,STRUCTURAL_MISSING,,STRUCTURAL_MISSING,,STRUCTURAL_MISSING,,PENDING_EXECUTION
18,IN,Indiana,2015,,PENDING_EXECUTION,,PENDING_EXECUTION,,PENDING_EXECUTION,,PENDING_EXECUTION,,MISSING,,MISSING,8.035865897329991,OBSERVED,3.8629999325411917,OBSERVED,7.329107855322158,OBSERVED,28.75690286381943,OBSERVED,,PENDING_EXECUTION,,STRUCTURAL_MISSING,,STRUCTURAL_MISSING,,STRUCTURAL_MISSING,,PENDING_EXECUTION
18,IN,Indiana,2016,,PENDING_EXECUTION,,PENDING_EXECUTION,,PENDING_EXECUTION,,PENDING_EXECUTION,,MISSING,57.77,OBSERVED,,MISSING,3.938596224286664,OBSERVED,,MISSING,,MISSING,,PENDING_EXECUTION,,STRUCTURAL_MISSING,,STRUCTURAL_MISSING,,STRUCTURAL_MISSING,,PENDING_EXECUTION
18,IN,Indiana,2017,,PENDING_EXECUTION,,PENDING_EXECUTION,,PENDING_EXECUTION,,PENDING_EXECUTION,34.31358117800961,OBSERVED,,MISSING,11.46068317937138,OBSERVED,,MISSING,18.47070206856061,OBSERVED,34.93511830566192,OBSERVED,,PENDING_EXECUTION,,STRUCTURAL_MISSING,,STRUCTURAL_MISSING,,STRUCTURAL_MISSING,,PENDING_EXECUTION
18,IN,Indiana,2018,,PENDING_EXECUTION,,PENDING_EXECUTION,,PENDING_EXECUTION,,PENDING_EXECUTION,,MISSING,,MISSING,,MISSING,3.6997940279296158,OBSERVED,,MISSING,,MISSING,,PENDING_EXECUTION,,STRUCTURAL_MISSING,,STRUCTURAL_MISSING,,STRUCTURAL_MISSING,,PENDING_EXECUTION
18,IN,Indiana,2019,,PENDING_EXECUTION,,PENDING_EXECUTION,,PENDING_EXECUTION,,PENDING_EXECUTION,32.73102843901221,OBSERVED,,MISSING,9.599642155776857,OBSERVED,4.312428595411387,OBSERVED,18.33610114211421,OBSERVED,34.02208501967174,OBSERVED,,PENDING_EXECUTION,,STRUCTURAL_MISSING,,STRUCTURAL_MISSING,,STRUCTURAL_MISSING,,PENDING_EXECUTION
18,IN,Indiana,2020,,PENDING_EXECUTION,,PENDING_EXECUTION,,PENDING_EXECUTION,,PENDING_EXECUTION,,MISSING,61.06,OBSERVED,,MISSING,4.330472177600028,OBSERVED,,MISSING,,MISSING,,PENDING_EXECUTION,,STRUCTURAL_MISSING,,STRUCTURAL_MISSING,,STRUCTURAL_MISSING,,PENDING_EXECUTION
18,IN,Indiana,2021,,PENDING_EXECUTION,,PENDING_EXECUTION,,PENDING_EXECUTION,,PENDING_EXECUTION,29.41551100178322,OBSERVED,,MISSING,8.309130338491364,OBSERVED,,MISSING,17.28152046136365,OBSERVED,27.57793281296059,OBSERVED,,PENDING_EXECUTION,,STRUCTURAL_MISSING,,STRUCTURAL_MISSING,,STRUCTURAL_MISSING,,PENDING_EXECUTION
18,IN,Indiana,2022,,PENDING_EXECUTION,,PENDING_EXECUTION,,PENDING_EXECUTION,,PENDING_EXECUTION,,MISSING,,MISSING,,MISSING,4.510796844505943,OBSERVED,,MISSING,,MISSING,,PENDING_EXECUTION,,STRUCTURAL_MISSING,,STRUCTURAL_MISSING,,STRUCTURAL_MISSING,,PENDING_EXECUTION
18,IN,Indiana,2023,,PENDING_EXECUTION,,PENDING_EXECUTION,,PENDING_EXECUTION,,PENDING_EXECUTION,27.47553126348013,OBSERVED,,MISSING,7.639245492413655,OBSERVED,4.64778127244634,OBSERVED,22.62169584118855,OBSERVED,28.45509881211672,OBSERVED,,PENDING_EXECUTION,,STRUCTURAL_MISSING,,STRUCTURAL_MISSING,,STRUCTURAL_MISSING,,PENDING_EXECUTION
19,IA,Iowa,2000,,PENDING_EXECUTION,,PENDING_EXECUTION,,PENDING_EXECUTION,,PENDING_EXECUTION,,MISSING,,MISSING,,MISSING,3.4792648990275743,OBSERVED,,MISSING,,MISSING,,PENDING_EXECUTION,,STRUCTURAL_MISSING,,STRUCTURAL_MISSING,,STRUCTURAL_MISSING,,PENDING_EXECUTION
19,IA,Iowa,2001,,PENDING_EXECUTION,,PENDING_EXECUTION,,PENDING_EXECUTION,,PENDING_EXECUTION,,MISSING,,MISSING,,MISSING,3.6889532970190624,OBSERVED,,MISSING,,MISSING,,PENDING_EXECUTION,,STRUCTURAL_MISSING,,STRUCTURAL_MISSING,,STRUCTURAL_MISSING,,PENDING_EXECUTION
19,IA,Iowa,2002,,PENDING_EXECUTION,,PENDING_EXECUTION,,PENDING_EXECUTION,,PENDING_EXECUTION,,MISSING,,MISSING,,MISSING,3.796561555758675,OBSERVED,,MISSING,,MISSING,,PENDING_EXECUTION,,STRUCTURAL_MISSING,,STRUCTURAL_MISSING,,STRUCTURAL_MISSING,,PENDING_EXECUTION
19,IA,Iowa,2003,,PENDING_EXECUTION,,PENDING_EXECUTION,,PENDING_EXECUTION,,PENDING_EXECUTION,,MISSING,,MISSING,,MISSING,4.009178793058733,OBSERVED,,MISSING,,MISSING,,PENDING_EXECUTION,,STRUCTURAL_MISSING,,STRUCTURAL_MISSING,,STRUCTURAL_MISSING,,PENDING_EXECUTION
19,IA,Iowa,2004,,PENDING_EXECUTION,,PENDING_EXECUTION,,PENDING_EXECUTION,,PENDING_EXECUTION,,MISSING,70.51,OBSERVED,,MISSING,4.100709803344015,OBSERVED,,MISSING,,MISSING,,PENDING_EXECUTION,,STRUCTURAL_MISSING,,STRUCTURAL_MISSING,,STRUCTURAL_MISSING,,PENDING_EXECUTION
19,IA,Iowa,2005,,PENDING_EXECUTION,,PENDING_EXECUTION,,PENDING_EXECUTION,,PENDING_EXECUTION,,MISSING,,MISSING,,MISSING,4.191328318806769,OBSERVED,,MISSING,,MISSING,,PENDING_EXECUTION,,STRUCTURAL_MISSING,,STRUCTURAL_MISSING,,STRUCTURAL_MISSING,,PENDING_EXECUTION
19,IA,Iowa,2006,,PENDING_EXECUTION,,PENDING_EXECUTION,,PENDING_EXECUTION,,PENDING_EXECUTION,,MISSING,,MISSING,,MISSING,4.281100929242645,OBSERVED,,MISSING,,MISSING,,PENDING_EXECUTION,,STRUCTURAL_MISSING,,STRUCTURAL_MISSING,,STRUCTURAL_MISSING,,PENDING_EXECUTION
19,IA,Iowa,2007,,PENDING_EXECUTION,,PENDING_EXECUTION,,PENDING_EXECUTION,,PENDING_EXECUTION,,MISSING,,MISSING,,MISSING,4.339139747373643,OBSERVED,,MISSING,,MISSING,,PENDING_EXECUTION,,STRUCTURAL_MISSING,,STRUCTURAL_MISSING,,STRUCTURAL_MISSING,,PENDING_EXECUTION
19,IA,Iowa,2008,,PENDING_EXECUTION,,PENDING_EXECUTION,,PENDING_EXECUTION,,PENDING_EXECUTION,,MISSING,69.63,OBSERVED,,MISSING,4.656028672067209,OBSERVED,,MISSING,,MISSING,,PENDING_EXECUTION,,STRUCTURAL_MISSING,,STRUCTURAL_MISSING,,STRUCTURAL_MISSING,,PENDING_EXECUTION
19,IA,Iowa,2009,,PENDING_EXECUTION,,PENDING_EXECUTION,,PENDING_EXECUTION,,PENDING_EXECUTION,,MISSING,,MISSING,,MISSING,4.765123463913719,OBSERVED,,MISSING,,MISSING,,PENDING_EXECUTION,,STRUCTURAL_MISSING,,STRUCTURAL_MISSING,,STRUCTURAL_MISSING,,PENDING_EXECUTION
19,IA,Iowa,2010,,PENDING_EXECUTION,,PENDING_EXECUTION,,PENDING_EXECUTION,,PENDING_EXECUTION,,MISSING,,MISSING,11.94046895658499,OBSERVED,4.904912418599727,OBSERVED,10.39502143489895,OBSERVED,37.02587222689675,OBSERVED,,PENDING_EXECUTION,,STRUCTURAL_MISSING,,STRUCTURAL_MISSING,,STRUCTURAL_MISSING,,PENDING_EXECUTION
19,IA,Iowa,2011,,PENDING_EXECUTION,,PENDING_EXECUTION,,PENDING_EXECUTION,,PENDING_EXECUTION,,MISSING,,MISSING,13.2694199817143,OBSERVED,4.599624621589085,OBSERVED,11.49591738148752,OBSERVED,38.3139662387008,OBSERVED,,PENDING_EXECUTION,,STRUCTURAL_MISSING,,STRUCTURAL_MISSING,,STRUCTURAL_MISSING,,PENDING_EXECUTION
19,IA,Iowa,2012,,PENDING_EXECUTION,,PENDING_EXECUTION,,PENDING_EXECUTION,,PENDING_EXECUTION,,MISSING,70.6,OBSERVED,10.45188811712125,OBSERVED,4.203333025658759,OBSERVED,9.666022223005184,OBSERVED,32.50268708389381,OBSERVED,,PENDING_EXECUTION,,STRUCTURAL_MISSING,,STRUCTURAL_MISSING,,STRUCTURAL_MISSING,,PENDING_EXECUTION
19,IA,Iowa,2013,,PENDING_EXECUTION,,PENDING_EXECUTION,,PENDING_EXECUTION,,PENDING_EXECUTION,,MISSING,,MISSING,12.67372297701407,OBSERVED,4.061817717566788,OBSERVED,10.8959837892442,OBSERVED,32.97390442155901,OBSERVED,,PENDING_EXECUTION,,STRUCTURAL_MISSING,,STRUCTURAL_MISSING,,STRUCTURAL_MISSING,,PENDING_EXECUTION
19,IA,Iowa,2014,,PENDING_EXECUTION,,PENDING_EXECUTION,,PENDING_EXECUTION,,PENDING_EXECUTION,,MISSING,,MISSING,11.26202862194144,OBSERVED,4.275643331619861,OBSERVED,8.085041264514654,OBSERVED,33.17594843515118,OBSERVED,,PENDING_EXECUTION,,STRUCTURAL_MISSING,,STRUCTURAL_MISSING,,STRUCTURAL_MISSING,,PENDING_EXECUTION
19,IA,Iowa,2015,,PENDING_EXECUTION,,PENDING_EXECUTION,,PENDING_EXECUTION,,PENDING_EXECUTION,,MISSING,,MISSING,8.330067005047853,OBSERVED,4.424601630531032,OBSERVED,7.134170706183844,OBSERVED,31.46950950080273,OBSERVED,,PENDING_EXECUTION,,STRUCTURAL_MISSING,,STRUCTURAL_MISSING,,STRUCTURAL_MISSING,,PENDING_EXECUTION
19,IA,Iowa,2016,,PENDING_EXECUTION,,PENDING_EXECUTION,,PENDING_EXECUTION,,PENDING_EXECUTION,,MISSING,69.18,OBSERVED,,MISSING,4.549008843965135,OBSERVED,,MISSING,,MISSING,,PENDING_EXECUTION,,STRUCTURAL_MISSING,,STRUCTURAL_MISSING,,STRUCTURAL_MISSING,,PENDING_EXECUTION
19,IA,Iowa,2017,,PENDING_EXECUTION,,PENDING_EXECUTION,,PENDING_EXECUTION,,PENDING_EXECUTION,36.33766555558249,OBSERVED,,MISSING,13.41312224533047,OBSERVED,,MISSING,24.87874886761662,OBSERVED,41.5301432997265,OBSERVED,,PENDING_EXECUTION,,STRUCTURAL_MISSING,,STRUCTURAL_MISSING,,STRUCTURAL_MISSING,,PENDING_EXECUTION
19,IA,Iowa,2018,,PENDING_EXECUTION,,PENDING_EXECUTION,,PENDING_EXECUTION,,PENDING_EXECUTION,,MISSING,,MISSING,,MISSING,4.322359439982221,OBSERVED,,MISSING,,MISSING,,PENDING_EXECUTION,,STRUCTURAL_MISSING,,STRUCTURAL_MISSING,,STRUCTURAL_MISSING,,PENDING_EXECUTION
19,IA,Iowa,2019,,PENDING_EXECUTION,,PENDING_EXECUTION,,PENDING_EXECUTION,,PENDING_EXECUTION,31.78585558797418,OBSERVED,,MISSING,11.64171036007223,OBSERVED,4.946834975104412,OBSERVED,22.415909114276,OBSERVED,33.12275825291853,OBSERVED,,PENDING_EXECUTION,,STRUCTURAL_MISSING,,STRUCTURAL_MISSING,,STRUCTURAL_MISSING,,PENDING_EXECUTION
19,IA,Iowa,2020,,PENDING_EXECUTION,,PENDING_EXECUTION,,PENDING_EXECUTION,,PENDING_EXECUTION,,MISSING,72.04,OBSERVED,,MISSING,4.956902495343012,OBSERVED,,MISSING,,MISSING,,PENDING_EXECUTION,,STRUCTURAL_MISSING,,STRUCTURAL_MISSING,,STRUCTURAL_MISSING,,PENDING_EXECUTION
19,IA,Iowa,2021,,PENDING_EXECUTION,,PENDING_EXECUTION,,PENDING_EXECUTION,,PENDING_EXECUTION,28.69234420552218,OBSERVED,,MISSING,11.4885305440614,OBSERVED,,MISSING,19.97088291294325,OBSERVED,29.92742290992129,OBSERVED,,PENDING_EXECUTION,,STRUCTURAL_MISSING,,STRUCTURAL_MISSING,,STRUCTURAL_MISSING,,PENDING_EXECUTION
19,IA,Iowa,2022,,PENDING_EXECUTION,,PENDING_EXECUTION,,PENDING_EXECUTION,,PENDING_EXECUTION,,MISSING,,MISSING,,MISSING,5.074236809593921,OBSERVED,,MISSING,,MISSING,,PENDING_EXECUTION,,STRUCTURAL_MISSING,,STRUCTURAL_MISSING,,STRUCTURAL_MISSING,,PENDING_EXECUTION
19,IA,Iowa,2023,,PENDING_EXECUTION,,PENDING_EXECUTION,,PENDING_EXECUTION,,PENDING_EXECUTION,26.19835609577609,OBSERVED,,MISSING,10.27764058030743,OBSERVED,5.310875820547776,OBSERVED,19.43747571126458,OBSERVED,30.21277089242655,OBSERVED,,PENDING_EXECUTION,,STRUCTURAL_MISSING,,STRUCTURAL_MISSING,,STRUCTURAL_MISSING,,PENDING_EXECUTION
20,KS,Kansas,2000,,PENDING_EXECUTION,,PENDING_EXECUTION,,PENDING_EXECUTION,,PENDING_EXECUTION,,MISSING,57.68,OBSERVED,,MISSING,3.1076434069216066,OBSERVED,,MISSING,,MISSING,,PENDING_EXECUTION,,STRUCTURAL_MISSING,,STRUCTURAL_MISSING,,STRUCTURAL_MISSING,,PENDING_EXECUTION
20,KS,Kansas,2001,,PENDING_EXECUTION,,PENDING_EXECUTION,,PENDING_EXECUTION,,PENDING_EXECUTION,,MISSING,,MISSING,,MISSING,3.3325167032916605,OBSERVED,,MISSING,,MISSING,,PENDING_EXECUTION,,STRUCTURAL_MISSING,,STRUCTURAL_MISSING,,STRUCTURAL_MISSING,,PENDING_EXECUTION
20,KS,Kansas,2002,,PENDING_EXECUTION,,PENDING_EXECUTION,,PENDING_EXECUTION,,PENDING_EXECUTION,,MISSING,,MISSING,,MISSING,3.426158129524771,OBSERVED,,MISSING,,MISSING,,PENDING_EXECUTION,,STRUCTURAL_MISSING,,STRUCTURAL_MISSING,,STRUCTURAL_MISSING,,PENDING_EXECUTION
20,KS,Kansas,2003,,PENDING_EXECUTION,,PENDING_EXECUTION,,PENDING_EXECUTION,,PENDING_EXECUTION,,MISSING,,MISSING,,MISSING,3.636057824373376,OBSERVED,,MISSING,,MISSING,,PENDING_EXECUTION,,STRUCTURAL_MISSING,,STRUCTURAL_MISSING,,STRUCTURAL_MISSING,,PENDING_EXECUTION
20,KS,Kansas,2004,,PENDING_EXECUTION,,PENDING_EXECUTION,,PENDING_EXECUTION,,PENDING_EXECUTION,,MISSING,63.03,OBSERVED,,MISSING,3.7171227188097604,OBSERVED,,MISSING,,MISSING,,PENDING_EXECUTION,,STRUCTURAL_MISSING,,STRUCTURAL_MISSING,,STRUCTURAL_MISSING,,PENDING_EXECUTION
20,KS,Kansas,2005,,PENDING_EXECUTION,,PENDING_EXECUTION,,PENDING_EXECUTION,,PENDING_EXECUTION,,MISSING,,MISSING,,MISSING,3.7627959650296745,OBSERVED,,MISSING,,MISSING,,PENDING_EXECUTION,,STRUCTURAL_MISSING,,STRUCTURAL_MISSING,,STRUCTURAL_MISSING,,PENDING_EXECUTION
20,KS,Kansas,2006,,PENDING_EXECUTION,,PENDING_EXECUTION,,PENDING_EXECUTION,,PENDING_EXECUTION,,MISSING,,MISSING,,MISSING,3.8480874115205914,OBSERVED,,MISSING,,MISSING,,PENDING_EXECUTION,,STRUCTURAL_MISSING,,STRUCTURAL_MISSING,,STRUCTURAL_MISSING,,PENDING_EXECUTION
20,KS,Kansas,2007,,PENDING_EXECUTION,,PENDING_EXECUTION,,PENDING_EXECUTION,,PENDING_EXECUTION,,MISSING,,MISSING,,MISSING,3.9485807991637283,OBSERVED,,MISSING,,MISSING,,PENDING_EXECUTION,,STRUCTURAL_MISSING,,STRUCTURAL_MISSING,,STRUCTURAL_MISSING,,PENDING_EXECUTION
20,KS,Kansas,2008,,PENDING_EXECUTION,,PENDING_EXECUTION,,PENDING_EXECUTION,,PENDING_EXECUTION,,MISSING,63.44,OBSERVED,,MISSING,4.217834560033275,OBSERVED,,MISSING,,MISSING,,PENDING_EXECUTION,,STRUCTURAL_MISSING,,STRUCTURAL_MISSING,,STRUCTURAL_MISSING,,PENDING_EXECUTION
20,KS,Kansas,2009,,PENDING_EXECUTION,,PENDING_EXECUTION,,PENDING_EXECUTION,,PENDING_EXECUTION,,MISSING,,MISSING,,MISSING,4.2930712139355185,OBSERVED,,MISSING,,MISSING,,PENDING_EXECUTION,,STRUCTURAL_MISSING,,STRUCTURAL_MISSING,,STRUCTURAL_MISSING,,PENDING_EXECUTION
20,KS,Kansas,2010,,PENDING_EXECUTION,,PENDING_EXECUTION,,PENDING_EXECUTION,,PENDING_EXECUTION,,MISSING,,MISSING,11.14146165741679,OBSERVED,4.348440627989137,OBSERVED,10.69942072906432,OBSERVED,35.94532619947969,OBSERVED,,PENDING_EXECUTION,,STRUCTURAL_MISSING,,STRUCTURAL_MISSING,,STRUCTURAL_MISSING,,PENDING_EXECUTION
20,KS,Kansas,2011,,PENDING_EXECUTION,,PENDING_EXECUTION,,PENDING_EXECUTION,,PENDING_EXECUTION,,MISSING,,MISSING,11.16879299840047,OBSERVED,3.742581482166808,OBSERVED,9.785961775461201,OBSERVED,36.38323158510086,OBSERVED,,PENDING_EXECUTION,,STRUCTURAL_MISSING,,STRUCTURAL_MISSING,,STRUCTURAL_MISSING,,PENDING_EXECUTION
20,KS,Kansas,2012,,PENDING_EXECUTION,,PENDING_EXECUTION,,PENDING_EXECUTION,,PENDING_EXECUTION,,MISSING,58.25,OBSERVED,12.26492669000606,OBSERVED,3.698860439137027,OBSERVED,11.07407421985831,OBSERVED,37.16918204557162,OBSERVED,,PENDING_EXECUTION,,STRUCTURAL_MISSING,,STRUCTURAL_MISSING,,STRUCTURAL_MISSING,,PENDING_EXECUTION
20,KS,Kansas,2013,,PENDING_EXECUTION,,PENDING_EXECUTION,,PENDING_EXECUTION,,PENDING_EXECUTION,,MISSING,,MISSING,10.82968402116323,OBSERVED,3.5963716345127295,OBSERVED,10.35022209656991,OBSERVED,35.07166259589507,OBSERVED,,PENDING_EXECUTION,,STRUCTURAL_MISSING,,STRUCTURAL_MISSING,,STRUCTURAL_MISSING,,PENDING_EXECUTION
20,KS,Kansas,2014,,PENDING_EXECUTION,,PENDING_EXECUTION,,PENDING_EXECUTION,,PENDING_EXECUTION,,MISSING,,MISSING,7.123239368670033,OBSERVED,3.7699944966350905,OBSERVED,7.723246955848897,OBSERVED,33.51704069420001,OBSERVED,,PENDING_EXECUTION,,STRUCTURAL_MISSING,,STRUCTURAL_MISSING,,STRUCTURAL_MISSING,,PENDING_EXECUTION
20,KS,Kansas,2015,,PENDING_EXECUTION,,PENDING_EXECUTION,,PENDING_EXECUTION,,PENDING_EXECUTION,,MISSING,,MISSING,8.379667069969134,OBSERVED,3.9055669101461943,OBSERVED,8.487419518661158,OBSERVED,31.24403016017517,OBSERVED,,PENDING_EXECUTION,,STRUCTURAL_MISSING,,STRUCTURAL_MISSING,,STRUCTURAL_MISSING,,PENDING_EXECUTION
20,KS,Kansas,2016,,PENDING_EXECUTION,,PENDING_EXECUTION,,PENDING_EXECUTION,,PENDING_EXECUTION,,MISSING,59.54,OBSERVED,,MISSING,3.9845834690764805,OBSERVED,,MISSING,,MISSING,,PENDING_EXECUTION,,STRUCTURAL_MISSING,,STRUCTURAL_MISSING,,STRUCTURAL_MISSING,,PENDING_EXECUTION
20,KS,Kansas,2017,,PENDING_EXECUTION,,PENDING_EXECUTION,,PENDING_EXECUTION,,PENDING_EXECUTION,32.46440692473034,OBSERVED,,MISSING,11.88653516352919,OBSERVED,,MISSING,24.51161182538419,OBSERVED,36.54618064001166,OBSERVED,,PENDING_EXECUTION,,STRUCTURAL_MISSING,,STRUCTURAL_MISSING,,STRUCTURAL_MISSING,,PENDING_EXECUTION
20,KS,Kansas,2018,,PENDING_EXECUTION,,PENDING_EXECUTION,,PENDING_EXECUTION,,PENDING_EXECUTION,,MISSING,,MISSING,,MISSING,3.798131523908007,OBSERVED,,MISSING,,MISSING,,PENDING_EXECUTION,,STRUCTURAL_MISSING,,STRUCTURAL_MISSING,,STRUCTURAL_MISSING,,PENDING_EXECUTION
20,KS,Kansas,2019,,PENDING_EXECUTION,,PENDING_EXECUTION,,PENDING_EXECUTION,,PENDING_EXECUTION,35.30993866424504,OBSERVED,,MISSING,11.40048637850145,OBSERVED,4.39636274370115,OBSERVED,20.68038525480871,OBSERVED,33.98669264652776,OBSERVED,,PENDING_EXECUTION,,STRUCTURAL_MISSING,,STRUCTURAL_MISSING,,STRUCTURAL_MISSING,,PENDING_EXECUTION
20,KS,Kansas,2020,,PENDING_EXECUTION,,PENDING_EXECUTION,,PENDING_EXECUTION,,PENDING_EXECUTION,,MISSING,65.1,OBSERVED,,MISSING,4.412339302221418,OBSERVED,,MISSING,,MISSING,,PENDING_EXECUTION,,STRUCTURAL_MISSING,,STRUCTURAL_MISSING,,STRUCTURAL_MISSING,,PENDING_EXECUTION
20,KS,Kansas,2021,,PENDING_EXECUTION,,PENDING_EXECUTION,,PENDING_EXECUTION,,PENDING_EXECUTION,33.4116789086,OBSERVED,,MISSING,8.352136593232967,OBSERVED,,MISSING,15.46915815336955,OBSERVED,31.53889600055035,OBSERVED,,PENDING_EXECUTION,,STRUCTURAL_MISSING,,STRUCTURAL_MISSING,,STRUCTURAL_MISSING,,PENDING_EXECUTION
20,KS,Kansas,2022,,PENDING_EXECUTION,,PENDING_EXECUTION,,PENDING_EXECUTION,,PENDING_EXECUTION,,MISSING,,MISSING,,MISSING,4.562238909039894,OBSERVED,,MISSING,,MISSING,,PENDING_EXECUTION,,STRUCTURAL_MISSING,,STRUCTURAL_MISSING,,STRUCTURAL_MISSING,,PENDING_EXECUTION
20,KS,Kansas,2023,,PENDING_EXECUTION,,PENDING_EXECUTION,,PENDING_EXECUTION,,PENDING_EXECUTION,34.47053590776593,OBSERVED,,MISSING,11.97777033973254,OBSERVED,4.680423295537631,OBSERVED,20.5605031327726,OBSERVED,35.42113122296962,OBSERVED,,PENDING_EXECUTION,,STRUCTURAL_MISSING,,STRUCTURAL_MISSING,,STRUCTURAL_MISSING,,PENDING_EXECUTION
21,KY,Kentucky,2000,,PENDING_EXECUTION,,PENDING_EXECUTION,,PENDING_EXECUTION,,PENDING_EXECUTION,,MISSING,52.54,OBSERVED,,MISSING,2.154841874122164,OBSERVED,,MISSING,,MISSING,,PENDING_EXECUTION,,STRUCTURAL_MISSING,,STRUCTURAL_MISSING,,STRUCTURAL_MISSING,,PENDING_EXECUTION
21,KY,Kentucky,2001,,PENDING_EXECUTION,,PENDING_EXECUTION,,PENDING_EXECUTION,,PENDING_EXECUTION,,MISSING,,MISSING,,MISSING,2.275983178520264,OBSERVED,,MISSING,,MISSING,,PENDING_EXECUTION,,STRUCTURAL_MISSING,,STRUCTURAL_MISSING,,STRUCTURAL_MISSING,,PENDING_EXECUTION
21,KY,Kentucky,2002,,PENDING_EXECUTION,,PENDING_EXECUTION,,PENDING_EXECUTION,,PENDING_EXECUTION,,MISSING,,MISSING,,MISSING,2.360952351844494,OBSERVED,,MISSING,,MISSING,,PENDING_EXECUTION,,STRUCTURAL_MISSING,,STRUCTURAL_MISSING,,STRUCTURAL_MISSING,,PENDING_EXECUTION
21,KY,Kentucky,2003,,PENDING_EXECUTION,,PENDING_EXECUTION,,PENDING_EXECUTION,,PENDING_EXECUTION,,MISSING,,MISSING,,MISSING,2.490545690364984,OBSERVED,,MISSING,,MISSING,,PENDING_EXECUTION,,STRUCTURAL_MISSING,,STRUCTURAL_MISSING,,STRUCTURAL_MISSING,,PENDING_EXECUTION
21,KY,Kentucky,2004,,PENDING_EXECUTION,,PENDING_EXECUTION,,PENDING_EXECUTION,,PENDING_EXECUTION,,MISSING,59.35,OBSERVED,,MISSING,2.5713314750412493,OBSERVED,,MISSING,,MISSING,,PENDING_EXECUTION,,STRUCTURAL_MISSING,,STRUCTURAL_MISSING,,STRUCTURAL_MISSING,,PENDING_EXECUTION
21,KY,Kentucky,2005,,PENDING_EXECUTION,,PENDING_EXECUTION,,PENDING_EXECUTION,,PENDING_EXECUTION,,MISSING,,MISSING,,MISSING,2.621007941680362,OBSERVED,,MISSING,,MISSING,,PENDING_EXECUTION,,STRUCTURAL_MISSING,,STRUCTURAL_MISSING,,STRUCTURAL_MISSING,,PENDING_EXECUTION
21,KY,Kentucky,2006,,PENDING_EXECUTION,,PENDING_EXECUTION,,PENDING_EXECUTION,,PENDING_EXECUTION,,MISSING,,MISSING,,MISSING,2.6692017209738537,OBSERVED,,MISSING,,MISSING,,PENDING_EXECUTION,,STRUCTURAL_MISSING,,STRUCTURAL_MISSING,,STRUCTURAL_MISSING,,PENDING_EXECUTION
21,KY,Kentucky,2007,,PENDING_EXECUTION,,PENDING_EXECUTION,,PENDING_EXECUTION,,PENDING_EXECUTION,,MISSING,,MISSING,,MISSING,2.7963159952187997,OBSERVED,,MISSING,,MISSING,,PENDING_EXECUTION,,STRUCTURAL_MISSING,,STRUCTURAL_MISSING,,STRUCTURAL_MISSING,,PENDING_EXECUTION
21,KY,Kentucky,2008,,PENDING_EXECUTION,,PENDING_EXECUTION,,PENDING_EXECUTION,,PENDING_EXECUTION,,MISSING,58.96,OBSERVED,,MISSING,2.9026466486925737,OBSERVED,,MISSING,,MISSING,,PENDING_EXECUTION,,STRUCTURAL_MISSING,,STRUCTURAL_MISSING,,STRUCTURAL_MISSING,,PENDING_EXECUTION
21,KY,Kentucky,2009,,PENDING_EXECUTION,,PENDING_EXECUTION,,PENDING_EXECUTION,,PENDING_EXECUTION,,MISSING,,MISSING,,MISSING,3.0101406647187425,OBSERVED,,MISSING,,MISSING,,PENDING_EXECUTION,,STRUCTURAL_MISSING,,STRUCTURAL_MISSING,,STRUCTURAL_MISSING,,PENDING_EXECUTION
21,KY,Kentucky,2010,,PENDING_EXECUTION,,PENDING_EXECUTION,,PENDING_EXECUTION,,PENDING_EXECUTION,,MISSING,,MISSING,7.086580021584068,OBSERVED,3.0898266606323523,OBSERVED,6.359913637220136,OBSERVED,22.81399072293001,OBSERVED,,PENDING_EXECUTION,,STRUCTURAL_MISSING,,STRUCTURAL_MISSING,,STRUCTURAL_MISSING,,PENDING_EXECUTION
21,KY,Kentucky,2011,,PENDING_EXECUTION,,PENDING_EXECUTION,,PENDING_EXECUTION,,PENDING_EXECUTION,,MISSING,,MISSING,6.123933207196727,OBSERVED,2.791468963353991,OBSERVED,6.495612871148781,OBSERVED,25.27053319296084,OBSERVED,,PENDING_EXECUTION,,STRUCTURAL_MISSING,,STRUCTURAL_MISSING,,STRUCTURAL_MISSING,,PENDING_EXECUTION
21,KY,Kentucky,2012,,PENDING_EXECUTION,,PENDING_EXECUTION,,PENDING_EXECUTION,,PENDING_EXECUTION,,MISSING,56.13,OBSERVED,7.656844737358067,OBSERVED,2.790878935427594,OBSERVED,7.324686460455383,OBSERVED,22.96935411524265,OBSERVED,,PENDING_EXECUTION,,STRUCTURAL_MISSING,,STRUCTURAL_MISSING,,STRUCTURAL_MISSING,,PENDING_EXECUTION
21,KY,Kentucky,2013,,PENDING_EXECUTION,,PENDING_EXECUTION,,PENDING_EXECUTION,,PENDING_EXECUTION,,MISSING,,MISSING,7.151920420304099,OBSERVED,2.7066608636535476,OBSERVED,6.94558933621938,OBSERVED,23.74923033657637,OBSERVED,,PENDING_EXECUTION,,STRUCTURAL_MISSING,,STRUCTURAL_MISSING,,STRUCTURAL_MISSING,,PENDING_EXECUTION
21,KY,Kentucky,2014,,PENDING_EXECUTION,,PENDING_EXECUTION,,PENDING_EXECUTION,,PENDING_EXECUTION,,MISSING,,MISSING,6.079896250100297,OBSERVED,2.8915605914613383,OBSERVED,7.253318414798787,OBSERVED,24.93410231962672,OBSERVED,,PENDING_EXECUTION,,STRUCTURAL_MISSING,,STRUCTURAL_MISSING,,STRUCTURAL_MISSING,,PENDING_EXECUTION
21,KY,Kentucky,2015,,PENDING_EXECUTION,,PENDING_EXECUTION,,PENDING_EXECUTION,,PENDING_EXECUTION,,MISSING,,MISSING,6.944496328038474,OBSERVED,3.021815139149349,OBSERVED,7.320794078483821,OBSERVED,21.98779558086677,OBSERVED,,PENDING_EXECUTION,,STRUCTURAL_MISSING,,STRUCTURAL_MISSING,,STRUCTURAL_MISSING,,PENDING_EXECUTION
21,KY,Kentucky,2016,,PENDING_EXECUTION,,PENDING_EXECUTION,,PENDING_EXECUTION,,PENDING_EXECUTION,,MISSING,59.56,OBSERVED,,MISSING,3.017134404700937,OBSERVED,,MISSING,,MISSING,,PENDING_EXECUTION,,STRUCTURAL_MISSING,,STRUCTURAL_MISSING,,STRUCTURAL_MISSING,,PENDING_EXECUTION
21,KY,Kentucky,2017,,PENDING_EXECUTION,,PENDING_EXECUTION,,PENDING_EXECUTION,,PENDING_EXECUTION,25.79204895780217,OBSERVED,,MISSING,9.215993601873668,OBSERVED,,MISSING,15.89613565632974,OBSERVED,28.12429408319469,OBSERVED,,PENDING_EXECUTION,,STRUCTURAL_MISSING,,STRUCTURAL_MISSING,,STRUCTURAL_MISSING,,PENDING_EXECUTION
21,KY,Kentucky,2018,,PENDING_EXECUTION,,PENDING_EXECUTION,,PENDING_EXECUTION,,PENDING_EXECUTION,,MISSING,,MISSING,,MISSING,2.925000330400941,OBSERVED,,MISSING,,MISSING,,PENDING_EXECUTION,,STRUCTURAL_MISSING,,STRUCTURAL_MISSING,,STRUCTURAL_MISSING,,PENDING_EXECUTION
21,KY,Kentucky,2019,,PENDING_EXECUTION,,PENDING_EXECUTION,,PENDING_EXECUTION,,PENDING_EXECUTION,22.2924739195854,OBSERVED,,MISSING,7.358862055539256,OBSERVED,3.4724512532016205,OBSERVED,17.68184906434795,OBSERVED,26.21656971667086,OBSERVED,,PENDING_EXECUTION,,STRUCTURAL_MISSING,,STRUCTURAL_MISSING,,STRUCTURAL_MISSING,,PENDING_EXECUTION
21,KY,Kentucky,2020,,PENDING_EXECUTION,,PENDING_EXECUTION,,PENDING_EXECUTION,,PENDING_EXECUTION,,MISSING,64.41,OBSERVED,,MISSING,3.5120797754291946,OBSERVED,,MISSING,,MISSING,,PENDING_EXECUTION,,STRUCTURAL_MISSING,,STRUCTURAL_MISSING,,STRUCTURAL_MISSING,,PENDING_EXECUTION
21,KY,Kentucky,2021,,PENDING_EXECUTION,,PENDING_EXECUTION,,PENDING_EXECUTION,,PENDING_EXECUTION,20.14930362863984,OBSERVED,,MISSING,5.942972717193118,OBSERVED,,MISSING,12.66117085684041,OBSERVED,22.61779152236113,OBSERVED,,PENDING_EXECUTION,,STRUCTURAL_MISSING,,STRUCTURAL_MISSING,,STRUCTURAL_MISSING,,PENDING_EXECUTION
21,KY,Kentucky,2022,,PENDING_EXECUTION,,PENDING_EXECUTION,,PENDING_EXECUTION,,PENDING_EXECUTION,,MISSING,,MISSING,,MISSING,3.6096137857323507,OBSERVED,,MISSING,,MISSING,,PENDING_EXECUTION,,STRUCTURAL_MISSING,,STRUCTURAL_MISSING,,STRUCTURAL_MISSING,,PENDING_EXECUTION
21,KY,Kentucky,2023,,PENDING_EXECUTION,,PENDING_EXECUTION,,PENDING_EXECUTION,,PENDING_EXECUTION,22.86844934449345,OBSERVED,,MISSING,6.002704132209615,OBSERVED,3.7336334556888695,OBSERVED,15.97311094065664,OBSERVED,23.28167937563726,OBSERVED,,PENDING_EXECUTION,,STRUCTURAL_MISSING,,STRUCTURAL_MISSING,,STRUCTURAL_MISSING,,PENDING_EXECUTION
22,LA,Louisiana,2000,,PENDING_EXECUTION,,PENDING_EXECUTION,,PENDING_EXECUTION,,PENDING_EXECUTION,,MISSING,56.71,OBSERVED,,MISSING,1.9041187329280604,OBSERVED,,MISSING,,MISSING,,PENDING_EXECUTION,,STRUCTURAL_MISSING,,STRUCTURAL_MISSING,,STRUCTURAL_MISSING,,PENDING_EXECUTION
22,LA,Louisiana,2001,,PENDING_EXECUTION,,PENDING_EXECUTION,,PENDING_EXECUTION,,PENDING_EXECUTION,,MISSING,,MISSING,,MISSING,2.062362169555872,OBSERVED,,MISSING,,MISSING,,PENDING_EXECUTION,,STRUCTURAL_MISSING,,STRUCTURAL_MISSING,,STRUCTURAL_MISSING,,PENDING_EXECUTION
22,LA,Louisiana,2002,,PENDING_EXECUTION,,PENDING_EXECUTION,,PENDING_EXECUTION,,PENDING_EXECUTION,,MISSING,,MISSING,,MISSING,2.1928873691510864,OBSERVED,,MISSING,,MISSING,,PENDING_EXECUTION,,STRUCTURAL_MISSING,,STRUCTURAL_MISSING,,STRUCTURAL_MISSING,,PENDING_EXECUTION
22,LA,Louisiana,2003,,PENDING_EXECUTION,,PENDING_EXECUTION,,PENDING_EXECUTION,,PENDING_EXECUTION,,MISSING,,MISSING,,MISSING,2.4507624569734143,OBSERVED,,MISSING,,MISSING,,PENDING_EXECUTION,,STRUCTURAL_MISSING,,STRUCTURAL_MISSING,,STRUCTURAL_MISSING,,PENDING_EXECUTION
22,LA,Louisiana,2004,,PENDING_EXECUTION,,PENDING_EXECUTION,,PENDING_EXECUTION,,PENDING_EXECUTION,,MISSING,60.41,OBSERVED,,MISSING,2.5402889743462445,OBSERVED,,MISSING,,MISSING,,PENDING_EXECUTION,,STRUCTURAL_MISSING,,STRUCTURAL_MISSING,,STRUCTURAL_MISSING,,PENDING_EXECUTION
22,LA,Louisiana,2005,,PENDING_EXECUTION,,PENDING_EXECUTION,,PENDING_EXECUTION,,PENDING_EXECUTION,,MISSING,,MISSING,,MISSING,2.5802839994860847,OBSERVED,,MISSING,,MISSING,,PENDING_EXECUTION,,STRUCTURAL_MISSING,,STRUCTURAL_MISSING,,STRUCTURAL_MISSING,,PENDING_EXECUTION
22,LA,Louisiana,2006,,PENDING_EXECUTION,,PENDING_EXECUTION,,PENDING_EXECUTION,,PENDING_EXECUTION,,MISSING,,MISSING,,MISSING,2.824993347146478,OBSERVED,,MISSING,,MISSING,,PENDING_EXECUTION,,STRUCTURAL_MISSING,,STRUCTURAL_MISSING,,STRUCTURAL_MISSING,,PENDING_EXECUTION
22,LA,Louisiana,2007,,PENDING_EXECUTION,,PENDING_EXECUTION,,PENDING_EXECUTION,,PENDING_EXECUTION,,MISSING,,MISSING,,MISSING,2.889444853152073,OBSERVED,,MISSING,,MISSING,,PENDING_EXECUTION,,STRUCTURAL_MISSING,,STRUCTURAL_MISSING,,STRUCTURAL_MISSING,,PENDING_EXECUTION
22,LA,Louisiana,2008,,PENDING_EXECUTION,,PENDING_EXECUTION,,PENDING_EXECUTION,,PENDING_EXECUTION,,MISSING,61.78,OBSERVED,,MISSING,2.8956715076655035,OBSERVED,,MISSING,,MISSING,,PENDING_EXECUTION,,STRUCTURAL_MISSING,,STRUCTURAL_MISSING,,STRUCTURAL_MISSING,,PENDING_EXECUTION
22,LA,Louisiana,2009,,PENDING_EXECUTION,,PENDING_EXECUTION,,PENDING_EXECUTION,,PENDING_EXECUTION,,MISSING,,MISSING,,MISSING,2.9924428628423243,OBSERVED,,MISSING,,MISSING,,PENDING_EXECUTION,,STRUCTURAL_MISSING,,STRUCTURAL_MISSING,,STRUCTURAL_MISSING,,PENDING_EXECUTION
22,LA,Louisiana,2010,,PENDING_EXECUTION,,PENDING_EXECUTION,,PENDING_EXECUTION,,PENDING_EXECUTION,,MISSING,,MISSING,8.493176491310109,OBSERVED,3.092877645839545,OBSERVED,9.136792067812008,OBSERVED,24.47013880788937,OBSERVED,,PENDING_EXECUTION,,STRUCTURAL_MISSING,,STRUCTURAL_MISSING,,STRUCTURAL_MISSING,,PENDING_EXECUTION
22,LA,Louisiana,2011,,PENDING_EXECUTION,,PENDING_EXECUTION,,PENDING_EXECUTION,,PENDING_EXECUTION,,MISSING,,MISSING,9.078103678231356,OBSERVED,2.6897604236137758,OBSERVED,7.606385874626502,OBSERVED,19.20430908654408,OBSERVED,,PENDING_EXECUTION,,STRUCTURAL_MISSING,,STRUCTURAL_MISSING,,STRUCTURAL_MISSING,,PENDING_EXECUTION
22,LA,Louisiana,2012,,PENDING_EXECUTION,,PENDING_EXECUTION,,PENDING_EXECUTION,,PENDING_EXECUTION,,MISSING,60.86,OBSERVED,6.625221536275512,OBSERVED,2.68553239229242,OBSERVED,9.421527466395014,OBSERVED,17.42157417520347,OBSERVED,,PENDING_EXECUTION,,STRUCTURAL_MISSING,,STRUCTURAL_MISSING,,STRUCTURAL_MISSING,,PENDING_EXECUTION
22,LA,Louisiana,2013,,PENDING_EXECUTION,,PENDING_EXECUTION,,PENDING_EXECUTION,,PENDING_EXECUTION,,MISSING,,MISSING,4.916962852895677,OBSERVED,2.5458059160750883,OBSERVED,5.332789091418135,OBSERVED,16.66271736480195,OBSERVED,,PENDING_EXECUTION,,STRUCTURAL_MISSING,,STRUCTURAL_MISSING,,STRUCTURAL_MISSING,,PENDING_EXECUTION
22,LA,Louisiana,2014,,PENDING_EXECUTION,,PENDING_EXECUTION,,PENDING_EXECUTION,,PENDING_EXECUTION,,MISSING,,MISSING,5.889827187237112,OBSERVED,2.740888922753597,OBSERVED,5.857738332625143,OBSERVED,18.18814902609304,OBSERVED,,PENDING_EXECUTION,,STRUCTURAL_MISSING,,STRUCTURAL_MISSING,,STRUCTURAL_MISSING,,PENDING_EXECUTION
22,LA,Louisiana,2015,,PENDING_EXECUTION,,PENDING_EXECUTION,,PENDING_EXECUTION,,PENDING_EXECUTION,,MISSING,,MISSING,6.996662202015881,OBSERVED,2.9093648636661085,OBSERVED,7.076460512236044,OBSERVED,20.11087937330952,OBSERVED,,PENDING_EXECUTION,,STRUCTURAL_MISSING,,STRUCTURAL_MISSING,,STRUCTURAL_MISSING,,PENDING_EXECUTION
22,LA,Louisiana,2016,,PENDING_EXECUTION,,PENDING_EXECUTION,,PENDING_EXECUTION,,PENDING_EXECUTION,,MISSING,60.67,OBSERVED,,MISSING,2.9910201040469984,OBSERVED,,MISSING,,MISSING,,PENDING_EXECUTION,,STRUCTURAL_MISSING,,STRUCTURAL_MISSING,,STRUCTURAL_MISSING,,PENDING_EXECUTION
22,LA,Louisiana,2017,,PENDING_EXECUTION,,PENDING_EXECUTION,,PENDING_EXECUTION,,PENDING_EXECUTION,21.89921888225253,OBSERVED,,MISSING,7.733286292866,OBSERVED,,MISSING,18.58504334839399,OBSERVED,25.78047473396005,OBSERVED,,PENDING_EXECUTION,,STRUCTURAL_MISSING,,STRUCTURAL_MISSING,,STRUCTURAL_MISSING,,PENDING_EXECUTION
22,LA,Louisiana,2018,,PENDING_EXECUTION,,PENDING_EXECUTION,,PENDING_EXECUTION,,PENDING_EXECUTION,,MISSING,,MISSING,,MISSING,2.8123358595332784,OBSERVED,,MISSING,,MISSING,,PENDING_EXECUTION,,STRUCTURAL_MISSING,,STRUCTURAL_MISSING,,STRUCTURAL_MISSING,,PENDING_EXECUTION
22,LA,Louisiana,2019,,PENDING_EXECUTION,,PENDING_EXECUTION,,PENDING_EXECUTION,,PENDING_EXECUTION,24.09216732297826,OBSERVED,,MISSING,8.154800424036496,OBSERVED,3.4484794296613455,OBSERVED,19.95399495242615,OBSERVED,27.77841902658259,OBSERVED,,PENDING_EXECUTION,,STRUCTURAL_MISSING,,STRUCTURAL_MISSING,,STRUCTURAL_MISSING,,PENDING_EXECUTION
22,LA,Louisiana,2020,,PENDING_EXECUTION,,PENDING_EXECUTION,,PENDING_EXECUTION,,PENDING_EXECUTION,,MISSING,64.14,OBSERVED,,MISSING,3.5019180906711105,OBSERVED,,MISSING,,MISSING,,PENDING_EXECUTION,,STRUCTURAL_MISSING,,STRUCTURAL_MISSING,,STRUCTURAL_MISSING,,PENDING_EXECUTION
22,LA,Louisiana,2021,,PENDING_EXECUTION,,PENDING_EXECUTION,,PENDING_EXECUTION,,PENDING_EXECUTION,19.59465340821404,OBSERVED,,MISSING,5.66444653293134,OBSERVED,,MISSING,20.13950377195656,OBSERVED,21.90357965270543,OBSERVED,,PENDING_EXECUTION,,STRUCTURAL_MISSING,,STRUCTURAL_MISSING,,STRUCTURAL_MISSING,,PENDING_EXECUTION
22,LA,Louisiana,2022,,PENDING_EXECUTION,,PENDING_EXECUTION,,PENDING_EXECUTION,,PENDING_EXECUTION,,MISSING,,MISSING,,MISSING,3.746711819012241,OBSERVED,,MISSING,,MISSING,,PENDING_EXECUTION,,STRUCTURAL_MISSING,,STRUCTURAL_MISSING,,STRUCTURAL_MISSING,,PENDING_EXECUTION
22,LA,Louisiana,2023,,PENDING_EXECUTION,,PENDING_EXECUTION,,PENDING_EXECUTION,,PENDING_EXECUTION,18.09528917459619,OBSERVED,,MISSING,5.714350853437842,OBSERVED,3.898552369183355,OBSERVED,22.09960034850513,OBSERVED,19.82977648822202,OBSERVED,,PENDING_EXECUTION,,STRUCTURAL_MISSING,,STRUCTURAL_MISSING,,STRUCTURAL_MISSING,,PENDING_EXECUTION
23,ME,Maine,2000,,PENDING_EXECUTION,,PENDING_EXECUTION,,PENDING_EXECUTION,,PENDING_EXECUTION,,MISSING,,MISSING,,MISSING,3.2762444090857836,OBSERVED,,MISSING,,MISSING,,PENDING_EXECUTION,,STRUCTURAL_MISSING,,STRUCTURAL_MISSING,,STRUCTURAL_MISSING,,PENDING_EXECUTION
23,ME,Maine,2001,,PENDING_EXECUTION,,PENDING_EXECUTION,,PENDING_EXECUTION,,PENDING_EXECUTION,,MISSING,,MISSING,,MISSING,3.5933956188573934,OBSERVED,,MISSING,,MISSING,,PENDING_EXECUTION,,STRUCTURAL_MISSING,,STRUCTURAL_MISSING,,STRUCTURAL_MISSING,,PENDING_EXECUTION
23,ME,Maine,2002,,PENDING_EXECUTION,,PENDING_EXECUTION,,PENDING_EXECUTION,,PENDING_EXECUTION,,MISSING,,MISSING,,MISSING,3.7231087379240098,OBSERVED,,MISSING,,MISSING,,PENDING_EXECUTION,,STRUCTURAL_MISSING,,STRUCTURAL_MISSING,,STRUCTURAL_MISSING,,PENDING_EXECUTION
23,ME,Maine,2003,,PENDING_EXECUTION,,PENDING_EXECUTION,,PENDING_EXECUTION,,PENDING_EXECUTION,,MISSING,,MISSING,,MISSING,3.986183068978265,OBSERVED,,MISSING,,MISSING,,PENDING_EXECUTION,,STRUCTURAL_MISSING,,STRUCTURAL_MISSING,,STRUCTURAL_MISSING,,PENDING_EXECUTION
23,ME,Maine,2004,,PENDING_EXECUTION,,PENDING_EXECUTION,,PENDING_EXECUTION,,PENDING_EXECUTION,,MISSING,74.73,OBSERVED,,MISSING,4.096863182125436,OBSERVED,,MISSING,,MISSING,,PENDING_EXECUTION,,STRUCTURAL_MISSING,,STRUCTURAL_MISSING,,STRUCTURAL_MISSING,,PENDING_EXECUTION
23,ME,Maine,2005,,PENDING_EXECUTION,,PENDING_EXECUTION,,PENDING_EXECUTION,,PENDING_EXECUTION,,MISSING,,MISSING,,MISSING,4.147750925661233,OBSERVED,,MISSING,,MISSING,,PENDING_EXECUTION,,STRUCTURAL_MISSING,,STRUCTURAL_MISSING,,STRUCTURAL_MISSING,,PENDING_EXECUTION
23,ME,Maine,2006,,PENDING_EXECUTION,,PENDING_EXECUTION,,PENDING_EXECUTION,,PENDING_EXECUTION,,MISSING,,MISSING,,MISSING,4.255000872607601,OBSERVED,,MISSING,,MISSING,,PENDING_EXECUTION,,STRUCTURAL_MISSING,,STRUCTURAL_MISSING,,STRUCTURAL_MISSING,,PENDING_EXECUTION
23,ME,Maine,2007,,PENDING_EXECUTION,,PENDING_EXECUTION,,PENDING_EXECUTION,,PENDING_EXECUTION,,MISSING,,MISSING,,MISSING,4.428653243308415,OBSERVED,,MISSING,,MISSING,,PENDING_EXECUTION,,STRUCTURAL_MISSING,,STRUCTURAL_MISSING,,STRUCTURAL_MISSING,,PENDING_EXECUTION
23,ME,Maine,2008,,PENDING_EXECUTION,,PENDING_EXECUTION,,PENDING_EXECUTION,,PENDING_EXECUTION,,MISSING,71.85,OBSERVED,,MISSING,4.595233854111472,OBSERVED,,MISSING,,MISSING,,PENDING_EXECUTION,,STRUCTURAL_MISSING,,STRUCTURAL_MISSING,,STRUCTURAL_MISSING,,PENDING_EXECUTION
23,ME,Maine,2009,,PENDING_EXECUTION,,PENDING_EXECUTION,,PENDING_EXECUTION,,PENDING_EXECUTION,,MISSING,,MISSING,,MISSING,4.749584458366865,OBSERVED,,MISSING,,MISSING,,PENDING_EXECUTION,,STRUCTURAL_MISSING,,STRUCTURAL_MISSING,,STRUCTURAL_MISSING,,PENDING_EXECUTION
23,ME,Maine,2010,,PENDING_EXECUTION,,PENDING_EXECUTION,,PENDING_EXECUTION,,PENDING_EXECUTION,,MISSING,,MISSING,16.7585660950655,OBSERVED,4.896618162453838,OBSERVED,12.22869316608367,OBSERVED,32.54059456622859,OBSERVED,,PENDING_EXECUTION,,STRUCTURAL_MISSING,,STRUCTURAL_MISSING,,STRUCTURAL_MISSING,,PENDING_EXECUTION
23,ME,Maine,2011,,PENDING_EXECUTION,,PENDING_EXECUTION,,PENDING_EXECUTION,,PENDING_EXECUTION,,MISSING,,MISSING,16.42035883195949,OBSERVED,4.566144739110242,OBSERVED,13.41500529510827,OBSERVED,32.91925065510859,OBSERVED,,PENDING_EXECUTION,,STRUCTURAL_MISSING,,STRUCTURAL_MISSING,,STRUCTURAL_MISSING,,PENDING_EXECUTION
23,ME,Maine,2012,,PENDING_EXECUTION,,PENDING_EXECUTION,,PENDING_EXECUTION,,PENDING_EXECUTION,,MISSING,69.38,OBSERVED,18.71942138953479,OBSERVED,4.582506961103657,OBSERVED,12.33184672775106,OBSERVED,32.57876354493292,OBSERVED,,PENDING_EXECUTION,,STRUCTURAL_MISSING,,STRUCTURAL_MISSING,,STRUCTURAL_MISSING,,PENDING_EXECUTION
23,ME,Maine,2013,,PENDING_EXECUTION,,PENDING_EXECUTION,,PENDING_EXECUTION,,PENDING_EXECUTION,,MISSING,,MISSING,15.43835942525631,OBSERVED,4.438697129110612,OBSERVED,11.9728340110796,OBSERVED,32.35170647501704,OBSERVED,,PENDING_EXECUTION,,STRUCTURAL_MISSING,,STRUCTURAL_MISSING,,STRUCTURAL_MISSING,,PENDING_EXECUTION
23,ME,Maine,2014,,PENDING_EXECUTION,,PENDING_EXECUTION,,PENDING_EXECUTION,,PENDING_EXECUTION,,MISSING,,MISSING,14.93540005399213,OBSERVED,4.6919472933413555,OBSERVED,12.03809526968937,OBSERVED,30.92171215491891,OBSERVED,,PENDING_EXECUTION,,STRUCTURAL_MISSING,,STRUCTURAL_MISSING,,STRUCTURAL_MISSING,,PENDING_EXECUTION
23,ME,Maine,2015,,PENDING_EXECUTION,,PENDING_EXECUTION,,PENDING_EXECUTION,,PENDING_EXECUTION,,MISSING,,MISSING,14.84674046590013,OBSERVED,4.867210694771943,OBSERVED,10.7876365398983,OBSERVED,31.59435482519833,OBSERVED,,PENDING_EXECUTION,,STRUCTURAL_MISSING,,STRUCTURAL_MISSING,,STRUCTURAL_MISSING,,PENDING_EXECUTION
23,ME,Maine,2016,,PENDING_EXECUTION,,PENDING_EXECUTION,,PENDING_EXECUTION,,PENDING_EXECUTION,,MISSING,72.84,OBSERVED,,MISSING,4.955912419277847,OBSERVED,,MISSING,,MISSING,,PENDING_EXECUTION,,STRUCTURAL_MISSING,,STRUCTURAL_MISSING,,STRUCTURAL_MISSING,,PENDING_EXECUTION
23,ME,Maine,2017,,PENDING_EXECUTION,,PENDING_EXECUTION,,PENDING_EXECUTION,,PENDING_EXECUTION,34.23338701474427,OBSERVED,,MISSING,19.11994783985874,OBSERVED,,MISSING,27.17165106023351,OBSERVED,38.68900151396429,OBSERVED,,PENDING_EXECUTION,,STRUCTURAL_MISSING,,STRUCTURAL_MISSING,,STRUCTURAL_MISSING,,PENDING_EXECUTION
23,ME,Maine,2018,,PENDING_EXECUTION,,PENDING_EXECUTION,,PENDING_EXECUTION,,PENDING_EXECUTION,,MISSING,,MISSING,,MISSING,4.710015423957353,OBSERVED,,MISSING,,MISSING,,PENDING_EXECUTION,,STRUCTURAL_MISSING,,STRUCTURAL_MISSING,,STRUCTURAL_MISSING,,PENDING_EXECUTION
23,ME,Maine,2019,,PENDING_EXECUTION,,PENDING_EXECUTION,,PENDING_EXECUTION,,PENDING_EXECUTION,32.97269517255598,OBSERVED,,MISSING,18.44251119433986,OBSERVED,5.331520244915549,OBSERVED,24.49343278495871,OBSERVED,35.69562751732879,OBSERVED,,PENDING_EXECUTION,,STRUCTURAL_MISSING,,STRUCTURAL_MISSING,,STRUCTURAL_MISSING,,PENDING_EXECUTION
23,ME,Maine,2020,,PENDING_EXECUTION,,PENDING_EXECUTION,,PENDING_EXECUTION,,PENDING_EXECUTION,,MISSING,74.87,OBSERVED,,MISSING,5.286852417375526,OBSERVED,,MISSING,,MISSING,,PENDING_EXECUTION,,STRUCTURAL_MISSING,,STRUCTURAL_MISSING,,STRUCTURAL_MISSING,,PENDING_EXECUTION
23,ME,Maine,2021,,PENDING_EXECUTION,,PENDING_EXECUTION,,PENDING_EXECUTION,,PENDING_EXECUTION,38.69868634637758,OBSERVED,,MISSING,19.06672944105074,OBSERVED,,MISSING,23.27929412526688,OBSERVED,34.88406229546912,OBSERVED,,PENDING_EXECUTION,,STRUCTURAL_MISSING,,STRUCTURAL_MISSING,,STRUCTURAL_MISSING,,PENDING_EXECUTION
23,ME,Maine,2022,,PENDING_EXECUTION,,PENDING_EXECUTION,,PENDING_EXECUTION,,PENDING_EXECUTION,,MISSING,,MISSING,,MISSING,5.4076113947793845,OBSERVED,,MISSING,,MISSING,,PENDING_EXECUTION,,STRUCTURAL_MISSING,,STRUCTURAL_MISSING,,STRUCTURAL_MISSING,,PENDING_EXECUTION
23,ME,Maine,2023,,PENDING_EXECUTION,,PENDING_EXECUTION,,PENDING_EXECUTION,,PENDING_EXECUTION,31.15402686885537,OBSERVED,,MISSING,17.35775197985076,OBSERVED,5.521156791968601,OBSERVED,27.86909898192794,OBSERVED,30.41839375350096,OBSERVED,,PENDING_EXECUTION,,STRUCTURAL_MISSING,,STRUCTURAL_MISSING,,STRUCTURAL_MISSING,,PENDING_EXECUTION
24,MD,Maryland,2000,,PENDING_EXECUTION,,PENDING_EXECUTION,,PENDING_EXECUTION,,PENDING_EXECUTION,,MISSING,55.95,OBSERVED,,MISSING,2.940105448392912,OBSERVED,,MISSING,,MISSING,,PENDING_EXECUTION,,STRUCTURAL_MISSING,,STRUCTURAL_MISSING,,STRUCTURAL_MISSING,,PENDING_EXECUTION
24,MD,Maryland,2001,,PENDING_EXECUTION,,PENDING_EXECUTION,,PENDING_EXECUTION,,PENDING_EXECUTION,,MISSING,,MISSING,,MISSING,3.1144116005924807,OBSERVED,,MISSING,,MISSING,,PENDING_EXECUTION,,STRUCTURAL_MISSING,,STRUCTURAL_MISSING,,STRUCTURAL_MISSING,,PENDING_EXECUTION
24,MD,Maryland,2002,,PENDING_EXECUTION,,PENDING_EXECUTION,,PENDING_EXECUTION,,PENDING_EXECUTION,,MISSING,,MISSING,,MISSING,3.263185775870071,OBSERVED,,MISSING,,MISSING,,PENDING_EXECUTION,,STRUCTURAL_MISSING,,STRUCTURAL_MISSING,,STRUCTURAL_MISSING,,PENDING_EXECUTION
24,MD,Maryland,2003,,PENDING_EXECUTION,,PENDING_EXECUTION,,PENDING_EXECUTION,,PENDING_EXECUTION,,MISSING,,MISSING,,MISSING,3.5656915627673973,OBSERVED,,MISSING,,MISSING,,PENDING_EXECUTION,,STRUCTURAL_MISSING,,STRUCTURAL_MISSING,,STRUCTURAL_MISSING,,PENDING_EXECUTION
24,MD,Maryland,2004,,PENDING_EXECUTION,,PENDING_EXECUTION,,PENDING_EXECUTION,,PENDING_EXECUTION,,MISSING,63.01,OBSERVED,,MISSING,3.7016839029121487,OBSERVED,,MISSING,,MISSING,,PENDING_EXECUTION,,STRUCTURAL_MISSING,,STRUCTURAL_MISSING,,STRUCTURAL_MISSING,,PENDING_EXECUTION
24,MD,Maryland,2005,,PENDING_EXECUTION,,PENDING_EXECUTION,,PENDING_EXECUTION,,PENDING_EXECUTION,,MISSING,,MISSING,,MISSING,3.745633119643715,OBSERVED,,MISSING,,MISSING,,PENDING_EXECUTION,,STRUCTURAL_MISSING,,STRUCTURAL_MISSING,,STRUCTURAL_MISSING,,PENDING_EXECUTION
24,MD,Maryland,2006,,PENDING_EXECUTION,,PENDING_EXECUTION,,PENDING_EXECUTION,,PENDING_EXECUTION,,MISSING,,MISSING,,MISSING,3.8931173317823413,OBSERVED,,MISSING,,MISSING,,PENDING_EXECUTION,,STRUCTURAL_MISSING,,STRUCTURAL_MISSING,,STRUCTURAL_MISSING,,PENDING_EXECUTION
24,MD,Maryland,2007,,PENDING_EXECUTION,,PENDING_EXECUTION,,PENDING_EXECUTION,,PENDING_EXECUTION,,MISSING,,MISSING,,MISSING,4.101419886907154,OBSERVED,,MISSING,,MISSING,,PENDING_EXECUTION,,STRUCTURAL_MISSING,,STRUCTURAL_MISSING,,STRUCTURAL_MISSING,,PENDING_EXECUTION
24,MD,Maryland,2008,,PENDING_EXECUTION,,PENDING_EXECUTION,,PENDING_EXECUTION,,PENDING_EXECUTION,,MISSING,67.8,OBSERVED,,MISSING,4.2067101556473965,OBSERVED,,MISSING,,MISSING,,PENDING_EXECUTION,,STRUCTURAL_MISSING,,STRUCTURAL_MISSING,,STRUCTURAL_MISSING,,PENDING_EXECUTION
24,MD,Maryland,2009,,PENDING_EXECUTION,,PENDING_EXECUTION,,PENDING_EXECUTION,,PENDING_EXECUTION,,MISSING,,MISSING,,MISSING,4.3560750162118165,OBSERVED,,MISSING,,MISSING,,PENDING_EXECUTION,,STRUCTURAL_MISSING,,STRUCTURAL_MISSING,,STRUCTURAL_MISSING,,PENDING_EXECUTION
24,MD,Maryland,2010,,PENDING_EXECUTION,,PENDING_EXECUTION,,PENDING_EXECUTION,,PENDING_EXECUTION,,MISSING,,MISSING,10.88423095104106,OBSERVED,4.502672754761622,OBSERVED,9.53034773782762,OBSERVED,28.2888980555163,OBSERVED,,PENDING_EXECUTION,,STRUCTURAL_MISSING,,STRUCTURAL_MISSING,,STRUCTURAL_MISSING,,PENDING_EXECUTION
24,MD,Maryland,2011,,PENDING_EXECUTION,,PENDING_EXECUTION,,PENDING_EXECUTION,,PENDING_EXECUTION,,MISSING,,MISSING,9.43786196120176,OBSERVED,4.058051713961804,OBSERVED,8.323080016889104,OBSERVED,27.58502161079523,OBSERVED,,PENDING_EXECUTION,,STRUCTURAL_MISSING,,STRUCTURAL_MISSING,,STRUCTURAL_MISSING,,PENDING_EXECUTION
24,MD,Maryland,2012,,PENDING_EXECUTION,,PENDING_EXECUTION,,PENDING_EXECUTION,,PENDING_EXECUTION,,MISSING,67.3,OBSERVED,11.36126143524248,OBSERVED,4.058505105398348,OBSERVED,10.74244301971678,OBSERVED,30.22278668496615,OBSERVED,,PENDING_EXECUTION,,STRUCTURAL_MISSING,,STRUCTURAL_MISSING,,STRUCTURAL_MISSING,,PENDING_EXECUTION
24,MD,Maryland,2013,,PENDING_EXECUTION,,PENDING_EXECUTION,,PENDING_EXECUTION,,PENDING_EXECUTION,,MISSING,,MISSING,9.277402774004745,OBSERVED,3.9360716614148017,OBSERVED,8.986929121021245,OBSERVED,28.27531031049731,OBSERVED,,PENDING_EXECUTION,,STRUCTURAL_MISSING,,STRUCTURAL_MISSING,,STRUCTURAL_MISSING,,PENDING_EXECUTION
24,MD,Maryland,2014,,PENDING_EXECUTION,,PENDING_EXECUTION,,PENDING_EXECUTION,,PENDING_EXECUTION,,MISSING,,MISSING,10.1511918827151,OBSERVED,4.221095612396109,OBSERVED,9.349051372528358,OBSERVED,26.29685854148872,OBSERVED,,PENDING_EXECUTION,,STRUCTURAL_MISSING,,STRUCTURAL_MISSING,,STRUCTURAL_MISSING,,PENDING_EXECUTION
24,MD,Maryland,2015,,PENDING_EXECUTION,,PENDING_EXECUTION,,PENDING_EXECUTION,,PENDING_EXECUTION,,MISSING,,MISSING,10.73138830374253,OBSERVED,4.393901138977726,OBSERVED,9.365511409143831,OBSERVED,29.21635374444118,OBSERVED,,PENDING_EXECUTION,,STRUCTURAL_MISSING,,STRUCTURAL_MISSING,,STRUCTURAL_MISSING,,PENDING_EXECUTION
24,MD,Maryland,2016,,PENDING_EXECUTION,,PENDING_EXECUTION,,PENDING_EXECUTION,,PENDING_EXECUTION,,MISSING,67.12,OBSERVED,,MISSING,4.528872414813749,OBSERVED,,MISSING,,MISSING,,PENDING_EXECUTION,,STRUCTURAL_MISSING,,STRUCTURAL_MISSING,,STRUCTURAL_MISSING,,PENDING_EXECUTION
24,MD,Maryland,2017,,PENDING_EXECUTION,,PENDING_EXECUTION,,PENDING_EXECUTION,,PENDING_EXECUTION,32.81412748611946,OBSERVED,,MISSING,12.27328644480367,OBSERVED,,MISSING,24.52265635688935,OBSERVED,36.29287432921286,OBSERVED,,PENDING_EXECUTION,,STRUCTURAL_MISSING,,STRUCTURAL_MISSING,,STRUCTURAL_MISSING,,PENDING_EXECUTION
24,MD,Maryland,2018,,PENDING_EXECUTION,,PENDING_EXECUTION,,PENDING_EXECUTION,,PENDING_EXECUTION,,MISSING,,MISSING,,MISSING,4.2590778485748375,OBSERVED,,MISSING,,MISSING,,PENDING_EXECUTION,,STRUCTURAL_MISSING,,STRUCTURAL_MISSING,,STRUCTURAL_MISSING,,PENDING_EXECUTION
24,MD,Maryland,2019,,PENDING_EXECUTION,,PENDING_EXECUTION,,PENDING_EXECUTION,,PENDING_EXECUTION,31.57520462986692,OBSERVED,,MISSING,14.05728155717338,OBSERVED,5.110030563403124,OBSERVED,28.67201272497623,OBSERVED,34.00992429953708,OBSERVED,,PENDING_EXECUTION,,STRUCTURAL_MISSING,,STRUCTURAL_MISSING,,STRUCTURAL_MISSING,,PENDING_EXECUTION
24,MD,Maryland,2020,,PENDING_EXECUTION,,PENDING_EXECUTION,,PENDING_EXECUTION,,PENDING_EXECUTION,,MISSING,69.45,OBSERVED,,MISSING,5.081402707522196,OBSERVED,,MISSING,,MISSING,,PENDING_EXECUTION,,STRUCTURAL_MISSING,,STRUCTURAL_MISSING,,STRUCTURAL_MISSING,,PENDING_EXECUTION
24,MD,Maryland,2021,,PENDING_EXECUTION,,PENDING_EXECUTION,,PENDING_EXECUTION,,PENDING_EXECUTION,25.22827529069828,OBSERVED,,MISSING,7.481675712534703,OBSERVED,,MISSING,19.29778303051369,OBSERVED,23.65420774233841,OBSERVED,,PENDING_EXECUTION,,STRUCTURAL_MISSING,,STRUCTURAL_MISSING,,STRUCTURAL_MISSING,,PENDING_EXECUTION
24,MD,Maryland,2022,,PENDING_EXECUTION,,PENDING_EXECUTION,,PENDING_EXECUTION,,PENDING_EXECUTION,,MISSING,,MISSING,,MISSING,5.341028792918083,OBSERVED,,MISSING,,MISSING,,PENDING_EXECUTION,,STRUCTURAL_MISSING,,STRUCTURAL_MISSING,,STRUCTURAL_MISSING,,PENDING_EXECUTION
24,MD,Maryland,2023,,PENDING_EXECUTION,,PENDING_EXECUTION,,PENDING_EXECUTION,,PENDING_EXECUTION,30.95642787538259,OBSERVED,,MISSING,10.48329090158494,OBSERVED,5.555597804814787,OBSERVED,27.7765110391216,OBSERVED,29.70613431182819,OBSERVED,,PENDING_EXECUTION,,STRUCTURAL_MISSING,,STRUCTURAL_MISSING,,STRUCTURAL_MISSING,,PENDING_EXECUTION
25,MA,Massachusetts,2000,,PENDING_EXECUTION,,PENDING_EXECUTION,,PENDING_EXECUTION,,PENDING_EXECUTION,,MISSING,61.06,OBSERVED,,MISSING,3.1827808506196407,OBSERVED,,MISSING,,MISSING,,PENDING_EXECUTION,,STRUCTURAL_MISSING,,STRUCTURAL_MISSING,,STRUCTURAL_MISSING,,PENDING_EXECUTION
25,MA,Massachusetts,2001,,PENDING_EXECUTION,,PENDING_EXECUTION,,PENDING_EXECUTION,,PENDING_EXECUTION,,MISSING,,MISSING,,MISSING,3.381875237001679,OBSERVED,,MISSING,,MISSING,,PENDING_EXECUTION,,STRUCTURAL_MISSING,,STRUCTURAL_MISSING,,STRUCTURAL_MISSING,,PENDING_EXECUTION
25,MA,Massachusetts,2002,,PENDING_EXECUTION,,PENDING_EXECUTION,,PENDING_EXECUTION,,PENDING_EXECUTION,,MISSING,,MISSING,,MISSING,3.498563081814734,OBSERVED,,MISSING,,MISSING,,PENDING_EXECUTION,,STRUCTURAL_MISSING,,STRUCTURAL_MISSING,,STRUCTURAL_MISSING,,PENDING_EXECUTION
25,MA,Massachusetts,2003,,PENDING_EXECUTION,,PENDING_EXECUTION,,PENDING_EXECUTION,,PENDING_EXECUTION,,MISSING,,MISSING,,MISSING,3.743052814568634,OBSERVED,,MISSING,,MISSING,,PENDING_EXECUTION,,STRUCTURAL_MISSING,,STRUCTURAL_MISSING,,STRUCTURAL_MISSING,,PENDING_EXECUTION
25,MA,Massachusetts,2004,,PENDING_EXECUTION,,PENDING_EXECUTION,,PENDING_EXECUTION,,PENDING_EXECUTION,,MISSING,64.9,OBSERVED,,MISSING,3.8926865494509677,OBSERVED,,MISSING,,MISSING,,PENDING_EXECUTION,,STRUCTURAL_MISSING,,STRUCTURAL_MISSING,,STRUCTURAL_MISSING,,PENDING_EXECUTION
25,MA,Massachusetts,2005,,PENDING_EXECUTION,,PENDING_EXECUTION,,PENDING_EXECUTION,,PENDING_EXECUTION,,MISSING,,MISSING,,MISSING,3.9332905428303264,OBSERVED,,MISSING,,MISSING,,PENDING_EXECUTION,,STRUCTURAL_MISSING,,STRUCTURAL_MISSING,,STRUCTURAL_MISSING,,PENDING_EXECUTION
25,MA,Massachusetts,2006,,PENDING_EXECUTION,,PENDING_EXECUTION,,PENDING_EXECUTION,,PENDING_EXECUTION,,MISSING,,MISSING,,MISSING,4.0957341588659375,OBSERVED,,MISSING,,MISSING,,PENDING_EXECUTION,,STRUCTURAL_MISSING,,STRUCTURAL_MISSING,,STRUCTURAL_MISSING,,PENDING_EXECUTION
25,MA,Massachusetts,2007,,PENDING_EXECUTION,,PENDING_EXECUTION,,PENDING_EXECUTION,,PENDING_EXECUTION,,MISSING,,MISSING,,MISSING,4.183744563332157,OBSERVED,,MISSING,,MISSING,,PENDING_EXECUTION,,STRUCTURAL_MISSING,,STRUCTURAL_MISSING,,STRUCTURAL_MISSING,,PENDING_EXECUTION
25,MA,Massachusetts,2008,,PENDING_EXECUTION,,PENDING_EXECUTION,,PENDING_EXECUTION,,PENDING_EXECUTION,,MISSING,67.29,OBSERVED,,MISSING,4.24039881483396,OBSERVED,,MISSING,,MISSING,,PENDING_EXECUTION,,STRUCTURAL_MISSING,,STRUCTURAL_MISSING,,STRUCTURAL_MISSING,,PENDING_EXECUTION
25,MA,Massachusetts,2009,,PENDING_EXECUTION,,PENDING_EXECUTION,,PENDING_EXECUTION,,PENDING_EXECUTION,,MISSING,,MISSING,,MISSING,4.348677959246737,OBSERVED,,MISSING,,MISSING,,PENDING_EXECUTION,,STRUCTURAL_MISSING,,STRUCTURAL_MISSING,,STRUCTURAL_MISSING,,PENDING_EXECUTION
25,MA,Massachusetts,2010,,PENDING_EXECUTION,,PENDING_EXECUTION,,PENDING_EXECUTION,,PENDING_EXECUTION,,MISSING,,MISSING,10.9224199283799,OBSERVED,4.406649569629815,OBSERVED,7.771711166185828,OBSERVED,28.39146184905178,OBSERVED,,PENDING_EXECUTION,,STRUCTURAL_MISSING,,STRUCTURAL_MISSING,,STRUCTURAL_MISSING,,PENDING_EXECUTION
25,MA,Massachusetts,2011,,PENDING_EXECUTION,,PENDING_EXECUTION,,PENDING_EXECUTION,,PENDING_EXECUTION,,MISSING,,MISSING,12.19342956505385,OBSERVED,4.018010897130998,OBSERVED,10.90353790303946,OBSERVED,25.76273730807014,OBSERVED,,PENDING_EXECUTION,,STRUCTURAL_MISSING,,STRUCTURAL_MISSING,,STRUCTURAL_MISSING,,PENDING_EXECUTION
25,MA,Massachusetts,2012,,PENDING_EXECUTION,,PENDING_EXECUTION,,PENDING_EXECUTION,,PENDING_EXECUTION,,MISSING,66,OBSERVED,10.5248489075623,OBSERVED,4.0058407006079735,OBSERVED,7.759510432148387,OBSERVED,25.67518548587317,OBSERVED,,PENDING_EXECUTION,,STRUCTURAL_MISSING,,STRUCTURAL_MISSING,,STRUCTURAL_MISSING,,PENDING_EXECUTION
25,MA,Massachusetts,2013,,PENDING_EXECUTION,,PENDING_EXECUTION,,PENDING_EXECUTION,,PENDING_EXECUTION,,MISSING,,MISSING,11.41153436258343,OBSERVED,3.914278710940234,OBSERVED,7.441350797239491,OBSERVED,26.51729687135783,OBSERVED,,PENDING_EXECUTION,,STRUCTURAL_MISSING,,STRUCTURAL_MISSING,,STRUCTURAL_MISSING,,PENDING_EXECUTION
25,MA,Massachusetts,2014,,PENDING_EXECUTION,,PENDING_EXECUTION,,PENDING_EXECUTION,,PENDING_EXECUTION,,MISSING,,MISSING,9.718072085159058,OBSERVED,4.119668924608092,OBSERVED,5.455954406051648,OBSERVED,23.98618119218392,OBSERVED,,PENDING_EXECUTION,,STRUCTURAL_MISSING,,STRUCTURAL_MISSING,,STRUCTURAL_MISSING,,PENDING_EXECUTION
25,MA,Massachusetts,2015,,PENDING_EXECUTION,,PENDING_EXECUTION,,PENDING_EXECUTION,,PENDING_EXECUTION,,MISSING,,MISSING,9.720704369964581,OBSERVED,4.287910056132533,OBSERVED,7.042818934285422,OBSERVED,24.31638768779958,OBSERVED,,PENDING_EXECUTION,,STRUCTURAL_MISSING,,STRUCTURAL_MISSING,,STRUCTURAL_MISSING,,PENDING_EXECUTION
25,MA,Massachusetts,2016,,PENDING_EXECUTION,,PENDING_EXECUTION,,PENDING_EXECUTION,,PENDING_EXECUTION,,MISSING,68.12,OBSERVED,,MISSING,4.3679181167317,OBSERVED,,MISSING,,MISSING,,PENDING_EXECUTION,,STRUCTURAL_MISSING,,STRUCTURAL_MISSING,,STRUCTURAL_MISSING,,PENDING_EXECUTION
25,MA,Massachusetts,2017,,PENDING_EXECUTION,,PENDING_EXECUTION,,PENDING_EXECUTION,,PENDING_EXECUTION,30.47448080479203,OBSERVED,,MISSING,15.62453459995461,OBSERVED,,MISSING,22.34619976322496,OBSERVED,32.56401346506799,OBSERVED,,PENDING_EXECUTION,,STRUCTURAL_MISSING,,STRUCTURAL_MISSING,,STRUCTURAL_MISSING,,PENDING_EXECUTION
25,MA,Massachusetts,2018,,PENDING_EXECUTION,,PENDING_EXECUTION,,PENDING_EXECUTION,,PENDING_EXECUTION,,MISSING,,MISSING,,MISSING,4.081926073090396,OBSERVED,,MISSING,,MISSING,,PENDING_EXECUTION,,STRUCTURAL_MISSING,,STRUCTURAL_MISSING,,STRUCTURAL_MISSING,,PENDING_EXECUTION
25,MA,Massachusetts,2019,,PENDING_EXECUTION,,PENDING_EXECUTION,,PENDING_EXECUTION,,PENDING_EXECUTION,27.85688846657272,OBSERVED,,MISSING,12.44876859366236,OBSERVED,4.714655781686216,OBSERVED,22.62361463633555,OBSERVED,30.67577202520477,OBSERVED,,PENDING_EXECUTION,,STRUCTURAL_MISSING,,STRUCTURAL_MISSING,,STRUCTURAL_MISSING,,PENDING_EXECUTION
25,MA,Massachusetts,2020,,PENDING_EXECUTION,,PENDING_EXECUTION,,PENDING_EXECUTION,,PENDING_EXECUTION,,MISSING,71.31,OBSERVED,,MISSING,4.71068190421642,OBSERVED,,MISSING,,MISSING,,PENDING_EXECUTION,,STRUCTURAL_MISSING,,STRUCTURAL_MISSING,,STRUCTURAL_MISSING,,PENDING_EXECUTION
25,MA,Massachusetts,2021,,PENDING_EXECUTION,,PENDING_EXECUTION,,PENDING_EXECUTION,,PENDING_EXECUTION,25.20008221124168,OBSERVED,,MISSING,10.89865767350393,OBSERVED,,MISSING,19.6104511190849,OBSERVED,23.08115498152072,OBSERVED,,PENDING_EXECUTION,,STRUCTURAL_MISSING,,STRUCTURAL_MISSING,,STRUCTURAL_MISSING,,PENDING_EXECUTION
25,MA,Massachusetts,2022,,PENDING_EXECUTION,,PENDING_EXECUTION,,PENDING_EXECUTION,,PENDING_EXECUTION,,MISSING,,MISSING,,MISSING,4.883326602451186,OBSERVED,,MISSING,,MISSING,,PENDING_EXECUTION,,STRUCTURAL_MISSING,,STRUCTURAL_MISSING,,STRUCTURAL_MISSING,,PENDING_EXECUTION
25,MA,Massachusetts,2023,,PENDING_EXECUTION,,PENDING_EXECUTION,,PENDING_EXECUTION,,PENDING_EXECUTION,30.92543191833021,OBSERVED,,MISSING,14.04695845034285,OBSERVED,4.973720252195312,OBSERVED,21.89511296502408,OBSERVED,31.26918656938025,OBSERVED,,PENDING_EXECUTION,,STRUCTURAL_MISSING,,STRUCTURAL_MISSING,,STRUCTURAL_MISSING,,PENDING_EXECUTION
26,MI,Michigan,2000,,PENDING_EXECUTION,,PENDING_EXECUTION,,PENDING_EXECUTION,,PENDING_EXECUTION,,MISSING,60.45,OBSERVED,,MISSING,2.235529944887942,OBSERVED,,MISSING,,MISSING,,PENDING_EXECUTION,,STRUCTURAL_MISSING,,STRUCTURAL_MISSING,,STRUCTURAL_MISSING,,PENDING_EXECUTION
26,MI,Michigan,2001,,PENDING_EXECUTION,,PENDING_EXECUTION,,PENDING_EXECUTION,,PENDING_EXECUTION,,MISSING,,MISSING,,MISSING,2.371205630599973,OBSERVED,,MISSING,,MISSING,,PENDING_EXECUTION,,STRUCTURAL_MISSING,,STRUCTURAL_MISSING,,STRUCTURAL_MISSING,,PENDING_EXECUTION
26,MI,Michigan,2002,,PENDING_EXECUTION,,PENDING_EXECUTION,,PENDING_EXECUTION,,PENDING_EXECUTION,,MISSING,,MISSING,,MISSING,2.4639291672782058,OBSERVED,,MISSING,,MISSING,,PENDING_EXECUTION,,STRUCTURAL_MISSING,,STRUCTURAL_MISSING,,STRUCTURAL_MISSING,,PENDING_EXECUTION
26,MI,Michigan,2003,,PENDING_EXECUTION,,PENDING_EXECUTION,,PENDING_EXECUTION,,PENDING_EXECUTION,,MISSING,,MISSING,,MISSING,2.7070599070704238,OBSERVED,,MISSING,,MISSING,,PENDING_EXECUTION,,STRUCTURAL_MISSING,,STRUCTURAL_MISSING,,STRUCTURAL_MISSING,,PENDING_EXECUTION
26,MI,Michigan,2004,,PENDING_EXECUTION,,PENDING_EXECUTION,,PENDING_EXECUTION,,PENDING_EXECUTION,,MISSING,67.67,OBSERVED,,MISSING,2.8580904725510834,OBSERVED,,MISSING,,MISSING,,PENDING_EXECUTION,,STRUCTURAL_MISSING,,STRUCTURAL_MISSING,,STRUCTURAL_MISSING,,PENDING_EXECUTION
26,MI,Michigan,2005,,PENDING_EXECUTION,,PENDING_EXECUTION,,PENDING_EXECUTION,,PENDING_EXECUTION,,MISSING,,MISSING,,MISSING,2.922355948386735,OBSERVED,,MISSING,,MISSING,,PENDING_EXECUTION,,STRUCTURAL_MISSING,,STRUCTURAL_MISSING,,STRUCTURAL_MISSING,,PENDING_EXECUTION
26,MI,Michigan,2006,,PENDING_EXECUTION,,PENDING_EXECUTION,,PENDING_EXECUTION,,PENDING_EXECUTION,,MISSING,,MISSING,,MISSING,3.028672247663206,OBSERVED,,MISSING,,MISSING,,PENDING_EXECUTION,,STRUCTURAL_MISSING,,STRUCTURAL_MISSING,,STRUCTURAL_MISSING,,PENDING_EXECUTION
26,MI,Michigan,2007,,PENDING_EXECUTION,,PENDING_EXECUTION,,PENDING_EXECUTION,,PENDING_EXECUTION,,MISSING,,MISSING,,MISSING,3.1614940641621616,OBSERVED,,MISSING,,MISSING,,PENDING_EXECUTION,,STRUCTURAL_MISSING,,STRUCTURAL_MISSING,,STRUCTURAL_MISSING,,PENDING_EXECUTION
26,MI,Michigan,2008,,PENDING_EXECUTION,,PENDING_EXECUTION,,PENDING_EXECUTION,,PENDING_EXECUTION,,MISSING,69.68,OBSERVED,,MISSING,3.320133561357727,OBSERVED,,MISSING,,MISSING,,PENDING_EXECUTION,,STRUCTURAL_MISSING,,STRUCTURAL_MISSING,,STRUCTURAL_MISSING,,PENDING_EXECUTION
26,MI,Michigan,2009,,PENDING_EXECUTION,,PENDING_EXECUTION,,PENDING_EXECUTION,,PENDING_EXECUTION,,MISSING,,MISSING,,MISSING,3.4489406803411695,OBSERVED,,MISSING,,MISSING,,PENDING_EXECUTION,,STRUCTURAL_MISSING,,STRUCTURAL_MISSING,,STRUCTURAL_MISSING,,PENDING_EXECUTION
26,MI,Michigan,2010,,PENDING_EXECUTION,,PENDING_EXECUTION,,PENDING_EXECUTION,,PENDING_EXECUTION,,MISSING,,MISSING,9.757889096844007,OBSERVED,3.6323611906823086,OBSERVED,8.876901592847327,OBSERVED,28.13181433280774,OBSERVED,,PENDING_EXECUTION,,STRUCTURAL_MISSING,,STRUCTURAL_MISSING,,STRUCTURAL_MISSING,,PENDING_EXECUTION
26,MI,Michigan,2011,,PENDING_EXECUTION,,PENDING_EXECUTION,,PENDING_EXECUTION,,PENDING_EXECUTION,,MISSING,,MISSING,9.560512756744098,OBSERVED,3.2761131605790235,OBSERVED,8.347629542404055,OBSERVED,26.29346971636996,OBSERVED,,PENDING_EXECUTION,,STRUCTURAL_MISSING,,STRUCTURAL_MISSING,,STRUCTURAL_MISSING,,PENDING_EXECUTION
26,MI,Michigan,2012,,PENDING_EXECUTION,,PENDING_EXECUTION,,PENDING_EXECUTION,,PENDING_EXECUTION,,MISSING,65.25,OBSERVED,9.40045035795696,OBSERVED,3.2548049465922846,OBSERVED,9.318236241580367,OBSERVED,29.11621220628852,OBSERVED,,PENDING_EXECUTION,,STRUCTURAL_MISSING,,STRUCTURAL_MISSING,,STRUCTURAL_MISSING,,PENDING_EXECUTION
26,MI,Michigan,2013,,PENDING_EXECUTION,,PENDING_EXECUTION,,PENDING_EXECUTION,,PENDING_EXECUTION,,MISSING,,MISSING,6.90664241571857,OBSERVED,3.1161489659601878,OBSERVED,7.127219509174464,OBSERVED,28.38431353734694,OBSERVED,,PENDING_EXECUTION,,STRUCTURAL_MISSING,,STRUCTURAL_MISSING,,STRUCTURAL_MISSING,,PENDING_EXECUTION
26,MI,Michigan,2014,,PENDING_EXECUTION,,PENDING_EXECUTION,,PENDING_EXECUTION,,PENDING_EXECUTION,,MISSING,,MISSING,8.580515246463621,OBSERVED,3.405949215029793,OBSERVED,9.037446442977753,OBSERVED,24.87999252521477,OBSERVED,,PENDING_EXECUTION,,STRUCTURAL_MISSING,,STRUCTURAL_MISSING,,STRUCTURAL_MISSING,,PENDING_EXECUTION
26,MI,Michigan,2015,,PENDING_EXECUTION,,PENDING_EXECUTION,,PENDING_EXECUTION,,PENDING_EXECUTION,,MISSING,,MISSING,9.18275825741703,OBSERVED,3.5399929719543533,OBSERVED,9.361968230348108,OBSERVED,26.46992975991119,OBSERVED,,PENDING_EXECUTION,,STRUCTURAL_MISSING,,STRUCTURAL_MISSING,,STRUCTURAL_MISSING,,PENDING_EXECUTION
26,MI,Michigan,2016,,PENDING_EXECUTION,,PENDING_EXECUTION,,PENDING_EXECUTION,,PENDING_EXECUTION,,MISSING,65.54,OBSERVED,,MISSING,3.618502776288444,OBSERVED,,MISSING,,MISSING,,PENDING_EXECUTION,,STRUCTURAL_MISSING,,STRUCTURAL_MISSING,,STRUCTURAL_MISSING,,PENDING_EXECUTION
26,MI,Michigan,2017,,PENDING_EXECUTION,,PENDING_EXECUTION,,PENDING_EXECUTION,,PENDING_EXECUTION,28.73322764439695,OBSERVED,,MISSING,10.48762790255534,OBSERVED,,MISSING,19.57774448755729,OBSERVED,29.40332281319821,OBSERVED,,PENDING_EXECUTION,,STRUCTURAL_MISSING,,STRUCTURAL_MISSING,,STRUCTURAL_MISSING,,PENDING_EXECUTION
26,MI,Michigan,2018,,PENDING_EXECUTION,,PENDING_EXECUTION,,PENDING_EXECUTION,,PENDING_EXECUTION,,MISSING,,MISSING,,MISSING,3.3921127321276274,OBSERVED,,MISSING,,MISSING,,PENDING_EXECUTION,,STRUCTURAL_MISSING,,STRUCTURAL_MISSING,,STRUCTURAL_MISSING,,PENDING_EXECUTION
26,MI,Michigan,2019,,PENDING_EXECUTION,,PENDING_EXECUTION,,PENDING_EXECUTION,,PENDING_EXECUTION,30.97145599745977,OBSERVED,,MISSING,11.65614634096918,OBSERVED,4.016406946762552,OBSERVED,20.204933696346,OBSERVED,30.16972406642147,OBSERVED,,PENDING_EXECUTION,,STRUCTURAL_MISSING,,STRUCTURAL_MISSING,,STRUCTURAL_MISSING,,PENDING_EXECUTION
26,MI,Michigan,2020,,PENDING_EXECUTION,,PENDING_EXECUTION,,PENDING_EXECUTION,,PENDING_EXECUTION,,MISSING,73.27,OBSERVED,,MISSING,4.036888666415705,OBSERVED,,MISSING,,MISSING,,PENDING_EXECUTION,,STRUCTURAL_MISSING,,STRUCTURAL_MISSING,,STRUCTURAL_MISSING,,PENDING_EXECUTION
26,MI,Michigan,2021,,PENDING_EXECUTION,,PENDING_EXECUTION,,PENDING_EXECUTION,,PENDING_EXECUTION,27.36241557442447,OBSERVED,,MISSING,9.588631603409208,OBSERVED,,MISSING,19.23783136534009,OBSERVED,24.39865949710624,OBSERVED,,PENDING_EXECUTION,,STRUCTURAL_MISSING,,STRUCTURAL_MISSING,,STRUCTURAL_MISSING,,PENDING_EXECUTION
26,MI,Michigan,2022,,PENDING_EXECUTION,,PENDING_EXECUTION,,PENDING_EXECUTION,,PENDING_EXECUTION,,MISSING,,MISSING,,MISSING,4.188161380110853,OBSERVED,,MISSING,,MISSING,,PENDING_EXECUTION,,STRUCTURAL_MISSING,,STRUCTURAL_MISSING,,STRUCTURAL_MISSING,,PENDING_EXECUTION
26,MI,Michigan,2023,,PENDING_EXECUTION,,PENDING_EXECUTION,,PENDING_EXECUTION,,PENDING_EXECUTION,23.5504625721912,OBSERVED,,MISSING,8.814036560335724,OBSERVED,4.2952953001819925,OBSERVED,18.61855037983266,OBSERVED,24.41114312865311,OBSERVED,,PENDING_EXECUTION,,STRUCTURAL_MISSING,,STRUCTURAL_MISSING,,STRUCTURAL_MISSING,,PENDING_EXECUTION
27,MN,Minnesota,2000,,PENDING_EXECUTION,,PENDING_EXECUTION,,PENDING_EXECUTION,,PENDING_EXECUTION,,MISSING,71.06,OBSERVED,,MISSING,3.202672562454243,OBSERVED,,MISSING,,MISSING,,PENDING_EXECUTION,,STRUCTURAL_MISSING,,STRUCTURAL_MISSING,,STRUCTURAL_MISSING,,PENDING_EXECUTION
27,MN,Minnesota,2001,,PENDING_EXECUTION,,PENDING_EXECUTION,,PENDING_EXECUTION,,PENDING_EXECUTION,,MISSING,,MISSING,,MISSING,3.3754141249210283,OBSERVED,,MISSING,,MISSING,,PENDING_EXECUTION,,STRUCTURAL_MISSING,,STRUCTURAL_MISSING,,STRUCTURAL_MISSING,,PENDING_EXECUTION
27,MN,Minnesota,2002,,PENDING_EXECUTION,,PENDING_EXECUTION,,PENDING_EXECUTION,,PENDING_EXECUTION,,MISSING,,MISSING,,MISSING,3.516682324038865,OBSERVED,,MISSING,,MISSING,,PENDING_EXECUTION,,STRUCTURAL_MISSING,,STRUCTURAL_MISSING,,STRUCTURAL_MISSING,,PENDING_EXECUTION
27,MN,Minnesota,2003,,PENDING_EXECUTION,,PENDING_EXECUTION,,PENDING_EXECUTION,,PENDING_EXECUTION,,MISSING,,MISSING,,MISSING,3.7365649485156243,OBSERVED,,MISSING,,MISSING,,PENDING_EXECUTION,,STRUCTURAL_MISSING,,STRUCTURAL_MISSING,,STRUCTURAL_MISSING,,PENDING_EXECUTION
27,MN,Minnesota,2004,,PENDING_EXECUTION,,PENDING_EXECUTION,,PENDING_EXECUTION,,PENDING_EXECUTION,,MISSING,78.96,OBSERVED,,MISSING,3.881901357250301,OBSERVED,,MISSING,,MISSING,,PENDING_EXECUTION,,STRUCTURAL_MISSING,,STRUCTURAL_MISSING,,STRUCTURAL_MISSING,,PENDING_EXECUTION
27,MN,Minnesota,2005,,PENDING_EXECUTION,,PENDING_EXECUTION,,PENDING_EXECUTION,,PENDING_EXECUTION,,MISSING,,MISSING,,MISSING,3.9438643424737645,OBSERVED,,MISSING,,MISSING,,PENDING_EXECUTION,,STRUCTURAL_MISSING,,STRUCTURAL_MISSING,,STRUCTURAL_MISSING,,PENDING_EXECUTION
27,MN,Minnesota,2006,,PENDING_EXECUTION,,PENDING_EXECUTION,,PENDING_EXECUTION,,PENDING_EXECUTION,,MISSING,,MISSING,,MISSING,4.041014378659663,OBSERVED,,MISSING,,MISSING,,PENDING_EXECUTION,,STRUCTURAL_MISSING,,STRUCTURAL_MISSING,,STRUCTURAL_MISSING,,PENDING_EXECUTION
27,MN,Minnesota,2007,,PENDING_EXECUTION,,PENDING_EXECUTION,,PENDING_EXECUTION,,PENDING_EXECUTION,,MISSING,,MISSING,,MISSING,4.14675594556233,OBSERVED,,MISSING,,MISSING,,PENDING_EXECUTION,,STRUCTURAL_MISSING,,STRUCTURAL_MISSING,,STRUCTURAL_MISSING,,PENDING_EXECUTION
27,MN,Minnesota,2008,,PENDING_EXECUTION,,PENDING_EXECUTION,,PENDING_EXECUTION,,PENDING_EXECUTION,,MISSING,78.09,OBSERVED,,MISSING,4.334271389959021,OBSERVED,,MISSING,,MISSING,,PENDING_EXECUTION,,STRUCTURAL_MISSING,,STRUCTURAL_MISSING,,STRUCTURAL_MISSING,,PENDING_EXECUTION
27,MN,Minnesota,2009,,PENDING_EXECUTION,,PENDING_EXECUTION,,PENDING_EXECUTION,,PENDING_EXECUTION,,MISSING,,MISSING,,MISSING,4.467353366269011,OBSERVED,,MISSING,,MISSING,,PENDING_EXECUTION,,STRUCTURAL_MISSING,,STRUCTURAL_MISSING,,STRUCTURAL_MISSING,,PENDING_EXECUTION
27,MN,Minnesota,2010,,PENDING_EXECUTION,,PENDING_EXECUTION,,PENDING_EXECUTION,,PENDING_EXECUTION,,MISSING,,MISSING,12.84417055195133,OBSERVED,4.594295466673094,OBSERVED,11.4512584832539,OBSERVED,39.01287663658582,OBSERVED,,PENDING_EXECUTION,,STRUCTURAL_MISSING,,STRUCTURAL_MISSING,,STRUCTURAL_MISSING,,PENDING_EXECUTION
27,MN,Minnesota,2011,,PENDING_EXECUTION,,PENDING_EXECUTION,,PENDING_EXECUTION,,PENDING_EXECUTION,,MISSING,,MISSING,13.2787659559157,OBSERVED,4.3133792938342355,OBSERVED,11.92675515519227,OBSERVED,38.07621357981227,OBSERVED,,PENDING_EXECUTION,,STRUCTURAL_MISSING,,STRUCTURAL_MISSING,,STRUCTURAL_MISSING,,PENDING_EXECUTION
27,MN,Minnesota,2012,,PENDING_EXECUTION,,PENDING_EXECUTION,,PENDING_EXECUTION,,PENDING_EXECUTION,,MISSING,76.5,OBSERVED,11.6045827645628,OBSERVED,4.301999070199908,OBSERVED,11.08052334198064,OBSERVED,35.96179695336751,OBSERVED,,PENDING_EXECUTION,,STRUCTURAL_MISSING,,STRUCTURAL_MISSING,,STRUCTURAL_MISSING,,PENDING_EXECUTION
27,MN,Minnesota,2013,,PENDING_EXECUTION,,PENDING_EXECUTION,,PENDING_EXECUTION,,PENDING_EXECUTION,,MISSING,,MISSING,12.01546838229354,OBSERVED,4.125973595689677,OBSERVED,9.837431134703802,OBSERVED,34.96086033656084,OBSERVED,,PENDING_EXECUTION,,STRUCTURAL_MISSING,,STRUCTURAL_MISSING,,STRUCTURAL_MISSING,,PENDING_EXECUTION
27,MN,Minnesota,2014,,PENDING_EXECUTION,,PENDING_EXECUTION,,PENDING_EXECUTION,,PENDING_EXECUTION,,MISSING,,MISSING,11.92892113049908,OBSERVED,4.3255912475826035,OBSERVED,9.941973087250558,OBSERVED,34.96247409324755,OBSERVED,,PENDING_EXECUTION,,STRUCTURAL_MISSING,,STRUCTURAL_MISSING,,STRUCTURAL_MISSING,,PENDING_EXECUTION
27,MN,Minnesota,2015,,PENDING_EXECUTION,,PENDING_EXECUTION,,PENDING_EXECUTION,,PENDING_EXECUTION,,MISSING,,MISSING,13.05321920508878,OBSERVED,4.419217936098492,OBSERVED,11.33980061756756,OBSERVED,36.38269340308582,OBSERVED,,PENDING_EXECUTION,,STRUCTURAL_MISSING,,STRUCTURAL_MISSING,,STRUCTURAL_MISSING,,PENDING_EXECUTION
27,MN,Minnesota,2016,,PENDING_EXECUTION,,PENDING_EXECUTION,,PENDING_EXECUTION,,PENDING_EXECUTION,,MISSING,74.67,OBSERVED,,MISSING,4.491653032562585,OBSERVED,,MISSING,,MISSING,,PENDING_EXECUTION,,STRUCTURAL_MISSING,,STRUCTURAL_MISSING,,STRUCTURAL_MISSING,,PENDING_EXECUTION
27,MN,Minnesota,2017,,PENDING_EXECUTION,,PENDING_EXECUTION,,PENDING_EXECUTION,,PENDING_EXECUTION,35.87058320282548,OBSERVED,,MISSING,12.8671342427494,OBSERVED,,MISSING,24.0891783627866,OBSERVED,45.11665662593676,OBSERVED,,PENDING_EXECUTION,,STRUCTURAL_MISSING,,STRUCTURAL_MISSING,,STRUCTURAL_MISSING,,PENDING_EXECUTION
27,MN,Minnesota,2018,,PENDING_EXECUTION,,PENDING_EXECUTION,,PENDING_EXECUTION,,PENDING_EXECUTION,,MISSING,,MISSING,,MISSING,4.2235701924952425,OBSERVED,,MISSING,,MISSING,,PENDING_EXECUTION,,STRUCTURAL_MISSING,,STRUCTURAL_MISSING,,STRUCTURAL_MISSING,,PENDING_EXECUTION
27,MN,Minnesota,2019,,PENDING_EXECUTION,,PENDING_EXECUTION,,PENDING_EXECUTION,,PENDING_EXECUTION,34.06903934163638,OBSERVED,,MISSING,13.4881367707149,OBSERVED,4.83045106136414,OBSERVED,29.69285178432158,OBSERVED,40.09376504295133,OBSERVED,,PENDING_EXECUTION,,STRUCTURAL_MISSING,,STRUCTURAL_MISSING,,STRUCTURAL_MISSING,,PENDING_EXECUTION
27,MN,Minnesota,2020,,PENDING_EXECUTION,,PENDING_EXECUTION,,PENDING_EXECUTION,,PENDING_EXECUTION,,MISSING,79.21,OBSERVED,,MISSING,4.822103822064947,OBSERVED,,MISSING,,MISSING,,PENDING_EXECUTION,,STRUCTURAL_MISSING,,STRUCTURAL_MISSING,,STRUCTURAL_MISSING,,PENDING_EXECUTION
27,MN,Minnesota,2021,,PENDING_EXECUTION,,PENDING_EXECUTION,,PENDING_EXECUTION,,PENDING_EXECUTION,33.5342497073812,OBSERVED,,MISSING,9.736517572921324,OBSERVED,,MISSING,26.05890371816922,OBSERVED,35.48925396750596,OBSERVED,,PENDING_EXECUTION,,STRUCTURAL_MISSING,,STRUCTURAL_MISSING,,STRUCTURAL_MISSING,,PENDING_EXECUTION
27,MN,Minnesota,2022,,PENDING_EXECUTION,,PENDING_EXECUTION,,PENDING_EXECUTION,,PENDING_EXECUTION,,MISSING,,MISSING,,MISSING,5.090212274469314,OBSERVED,,MISSING,,MISSING,,PENDING_EXECUTION,,STRUCTURAL_MISSING,,STRUCTURAL_MISSING,,STRUCTURAL_MISSING,,PENDING_EXECUTION
27,MN,Minnesota,2023,,PENDING_EXECUTION,,PENDING_EXECUTION,,PENDING_EXECUTION,,PENDING_EXECUTION,35.08035577653283,OBSERVED,,MISSING,11.31333070026364,OBSERVED,5.226114363841221,OBSERVED,30.11619014006744,OBSERVED,36.40687071831559,OBSERVED,,PENDING_EXECUTION,,STRUCTURAL_MISSING,,STRUCTURAL_MISSING,,STRUCTURAL_MISSING,,PENDING_EXECUTION
28,MS,Mississippi,2000,,PENDING_EXECUTION,,PENDING_EXECUTION,,PENDING_EXECUTION,,PENDING_EXECUTION,,MISSING,,MISSING,,MISSING,1.7483787999591343,OBSERVED,,MISSING,,MISSING,,PENDING_EXECUTION,,STRUCTURAL_MISSING,,STRUCTURAL_MISSING,,STRUCTURAL_MISSING,,PENDING_EXECUTION
28,MS,Mississippi,2001,,PENDING_EXECUTION,,PENDING_EXECUTION,,PENDING_EXECUTION,,PENDING_EXECUTION,,MISSING,,MISSING,,MISSING,1.939015644617549,OBSERVED,,MISSING,,MISSING,,PENDING_EXECUTION,,STRUCTURAL_MISSING,,STRUCTURAL_MISSING,,STRUCTURAL_MISSING,,PENDING_EXECUTION
28,MS,Mississippi,2002,,PENDING_EXECUTION,,PENDING_EXECUTION,,PENDING_EXECUTION,,PENDING_EXECUTION,,MISSING,,MISSING,,MISSING,1.8966789229018557,OBSERVED,,MISSING,,MISSING,,PENDING_EXECUTION,,STRUCTURAL_MISSING,,STRUCTURAL_MISSING,,STRUCTURAL_MISSING,,PENDING_EXECUTION
28,MS,Mississippi,2003,,PENDING_EXECUTION,,PENDING_EXECUTION,,PENDING_EXECUTION,,PENDING_EXECUTION,,MISSING,,MISSING,,MISSING,2.134356374062515,OBSERVED,,MISSING,,MISSING,,PENDING_EXECUTION,,STRUCTURAL_MISSING,,STRUCTURAL_MISSING,,STRUCTURAL_MISSING,,PENDING_EXECUTION
28,MS,Mississippi,2004,,PENDING_EXECUTION,,PENDING_EXECUTION,,PENDING_EXECUTION,,PENDING_EXECUTION,,MISSING,,MISSING,,MISSING,2.252674791710655,OBSERVED,,MISSING,,MISSING,,PENDING_EXECUTION,,STRUCTURAL_MISSING,,STRUCTURAL_MISSING,,STRUCTURAL_MISSING,,PENDING_EXECUTION
28,MS,Mississippi,2005,,PENDING_EXECUTION,,PENDING_EXECUTION,,PENDING_EXECUTION,,PENDING_EXECUTION,,MISSING,,MISSING,,MISSING,2.319728914159706,OBSERVED,,MISSING,,MISSING,,PENDING_EXECUTION,,STRUCTURAL_MISSING,,STRUCTURAL_MISSING,,STRUCTURAL_MISSING,,PENDING_EXECUTION
28,MS,Mississippi,2006,,PENDING_EXECUTION,,PENDING_EXECUTION,,PENDING_EXECUTION,,PENDING_EXECUTION,,MISSING,,MISSING,,MISSING,2.4161972999451287,OBSERVED,,MISSING,,MISSING,,PENDING_EXECUTION,,STRUCTURAL_MISSING,,STRUCTURAL_MISSING,,STRUCTURAL_MISSING,,PENDING_EXECUTION
28,MS,Mississippi,2007,,PENDING_EXECUTION,,PENDING_EXECUTION,,PENDING_EXECUTION,,PENDING_EXECUTION,,MISSING,,MISSING,,MISSING,2.551266071337101,OBSERVED,,MISSING,,MISSING,,PENDING_EXECUTION,,STRUCTURAL_MISSING,,STRUCTURAL_MISSING,,STRUCTURAL_MISSING,,PENDING_EXECUTION
28,MS,Mississippi,2008,,PENDING_EXECUTION,,PENDING_EXECUTION,,PENDING_EXECUTION,,PENDING_EXECUTION,,MISSING,,MISSING,,MISSING,2.788853811953704,OBSERVED,,MISSING,,MISSING,,PENDING_EXECUTION,,STRUCTURAL_MISSING,,STRUCTURAL_MISSING,,STRUCTURAL_MISSING,,PENDING_EXECUTION
28,MS,Mississippi,2009,,PENDING_EXECUTION,,PENDING_EXECUTION,,PENDING_EXECUTION,,PENDING_EXECUTION,,MISSING,,MISSING,,MISSING,2.941758985309456,OBSERVED,,MISSING,,MISSING,,PENDING_EXECUTION,,STRUCTURAL_MISSING,,STRUCTURAL_MISSING,,STRUCTURAL_MISSING,,PENDING_EXECUTION
28,MS,Mississippi,2010,,PENDING_EXECUTION,,PENDING_EXECUTION,,PENDING_EXECUTION,,PENDING_EXECUTION,,MISSING,,MISSING,9.643140597675561,OBSERVED,3.2525251505159707,OBSERVED,7.993045798943822,OBSERVED,26.16083651461678,OBSERVED,,PENDING_EXECUTION,,STRUCTURAL_MISSING,,STRUCTURAL_MISSING,,STRUCTURAL_MISSING,,PENDING_EXECUTION
28,MS,Mississippi,2011,,PENDING_EXECUTION,,PENDING_EXECUTION,,PENDING_EXECUTION,,PENDING_EXECUTION,,MISSING,,MISSING,9.279126674247413,OBSERVED,2.933725660398765,OBSERVED,9.447343079456521,OBSERVED,25.63199140085162,OBSERVED,,PENDING_EXECUTION,,STRUCTURAL_MISSING,,STRUCTURAL_MISSING,,STRUCTURAL_MISSING,,PENDING_EXECUTION
28,MS,Mississippi,2012,,PENDING_EXECUTION,,PENDING_EXECUTION,,PENDING_EXECUTION,,PENDING_EXECUTION,,MISSING,59.34,OBSERVED,8.632178540937483,OBSERVED,2.910608761847069,OBSERVED,9.48614624184178,OBSERVED,25.73086162672992,OBSERVED,,PENDING_EXECUTION,,STRUCTURAL_MISSING,,STRUCTURAL_MISSING,,STRUCTURAL_MISSING,,PENDING_EXECUTION
28,MS,Mississippi,2013,,PENDING_EXECUTION,,PENDING_EXECUTION,,PENDING_EXECUTION,,PENDING_EXECUTION,,MISSING,,MISSING,7.466249173306836,OBSERVED,2.7737279498996434,OBSERVED,7.784823388776089,OBSERVED,27.50526072290628,OBSERVED,,PENDING_EXECUTION,,STRUCTURAL_MISSING,,STRUCTURAL_MISSING,,STRUCTURAL_MISSING,,PENDING_EXECUTION
28,MS,Mississippi,2014,,PENDING_EXECUTION,,PENDING_EXECUTION,,PENDING_EXECUTION,,PENDING_EXECUTION,,MISSING,,MISSING,6.92170896630136,OBSERVED,2.954652106426302,OBSERVED,6.424945543727715,OBSERVED,21.11153535427905,OBSERVED,,PENDING_EXECUTION,,STRUCTURAL_MISSING,,STRUCTURAL_MISSING,,STRUCTURAL_MISSING,,PENDING_EXECUTION
28,MS,Mississippi,2015,,PENDING_EXECUTION,,PENDING_EXECUTION,,PENDING_EXECUTION,,PENDING_EXECUTION,,MISSING,,MISSING,5.993085414164395,OBSERVED,3.110127612214575,OBSERVED,6.682382018517235,OBSERVED,18.3335908058925,OBSERVED,,PENDING_EXECUTION,,STRUCTURAL_MISSING,,STRUCTURAL_MISSING,,STRUCTURAL_MISSING,,PENDING_EXECUTION
28,MS,Mississippi,2016,,PENDING_EXECUTION,,PENDING_EXECUTION,,PENDING_EXECUTION,,PENDING_EXECUTION,,MISSING,55.17,OBSERVED,,MISSING,3.1585687797913122,OBSERVED,,MISSING,,MISSING,,PENDING_EXECUTION,,STRUCTURAL_MISSING,,STRUCTURAL_MISSING,,STRUCTURAL_MISSING,,PENDING_EXECUTION
28,MS,Mississippi,2017,,PENDING_EXECUTION,,PENDING_EXECUTION,,PENDING_EXECUTION,,PENDING_EXECUTION,19.5648791139943,OBSERVED,,MISSING,8.437619876646432,OBSERVED,,MISSING,18.40932384620839,OBSERVED,23.83309792280179,OBSERVED,,PENDING_EXECUTION,,STRUCTURAL_MISSING,,STRUCTURAL_MISSING,,STRUCTURAL_MISSING,,PENDING_EXECUTION
28,MS,Mississippi,2018,,PENDING_EXECUTION,,PENDING_EXECUTION,,PENDING_EXECUTION,,PENDING_EXECUTION,,MISSING,,MISSING,,MISSING,3.0038094069521426,OBSERVED,,MISSING,,MISSING,,PENDING_EXECUTION,,STRUCTURAL_MISSING,,STRUCTURAL_MISSING,,STRUCTURAL_MISSING,,PENDING_EXECUTION
28,MS,Mississippi,2019,,PENDING_EXECUTION,,PENDING_EXECUTION,,PENDING_EXECUTION,,PENDING_EXECUTION,21.59478405749103,OBSERVED,,MISSING,7.780164073155977,OBSERVED,3.5772961564044645,OBSERVED,20.1211923739506,OBSERVED,26.0326151328982,OBSERVED,,PENDING_EXECUTION,,STRUCTURAL_MISSING,,STRUCTURAL_MISSING,,STRUCTURAL_MISSING,,PENDING_EXECUTION
28,MS,Mississippi,2020,,PENDING_EXECUTION,,PENDING_EXECUTION,,PENDING_EXECUTION,,PENDING_EXECUTION,,MISSING,60.63,OBSERVED,,MISSING,3.632357797721681,OBSERVED,,MISSING,,MISSING,,PENDING_EXECUTION,,STRUCTURAL_MISSING,,STRUCTURAL_MISSING,,STRUCTURAL_MISSING,,PENDING_EXECUTION
28,MS,Mississippi,2021,,PENDING_EXECUTION,,PENDING_EXECUTION,,PENDING_EXECUTION,,PENDING_EXECUTION,20.85626321637698,OBSERVED,,MISSING,7.70022357818485,OBSERVED,,MISSING,18.09931337332,OBSERVED,21.19524749369322,OBSERVED,,PENDING_EXECUTION,,STRUCTURAL_MISSING,,STRUCTURAL_MISSING,,STRUCTURAL_MISSING,,PENDING_EXECUTION
28,MS,Mississippi,2022,,PENDING_EXECUTION,,PENDING_EXECUTION,,PENDING_EXECUTION,,PENDING_EXECUTION,,MISSING,,MISSING,,MISSING,3.8459601596228286,OBSERVED,,MISSING,,MISSING,,PENDING_EXECUTION,,STRUCTURAL_MISSING,,STRUCTURAL_MISSING,,STRUCTURAL_MISSING,,PENDING_EXECUTION
28,MS,Mississippi,2023,,PENDING_EXECUTION,,PENDING_EXECUTION,,PENDING_EXECUTION,,PENDING_EXECUTION,17.78671890188034,OBSERVED,,MISSING,9.00227037693029,OBSERVED,4.009946627025299,OBSERVED,20.87050878892751,OBSERVED,16.23924761509359,OBSERVED,,PENDING_EXECUTION,,STRUCTURAL_MISSING,,STRUCTURAL_MISSING,,STRUCTURAL_MISSING,,PENDING_EXECUTION
29,MO,Missouri,2000,,PENDING_EXECUTION,,PENDING_EXECUTION,,PENDING_EXECUTION,,PENDING_EXECUTION,,MISSING,,MISSING,,MISSING,3.1475125662419514,OBSERVED,,MISSING,,MISSING,,PENDING_EXECUTION,,STRUCTURAL_MISSING,,STRUCTURAL_MISSING,,STRUCTURAL_MISSING,,PENDING_EXECUTION
29,MO,Missouri,2001,,PENDING_EXECUTION,,PENDING_EXECUTION,,PENDING_EXECUTION,,PENDING_EXECUTION,,MISSING,,MISSING,,MISSING,3.3179451962031803,OBSERVED,,MISSING,,MISSING,,PENDING_EXECUTION,,STRUCTURAL_MISSING,,STRUCTURAL_MISSING,,STRUCTURAL_MISSING,,PENDING_EXECUTION
29,MO,Missouri,2002,,PENDING_EXECUTION,,PENDING_EXECUTION,,PENDING_EXECUTION,,PENDING_EXECUTION,,MISSING,,MISSING,,MISSING,3.3972853788442814,OBSERVED,,MISSING,,MISSING,,PENDING_EXECUTION,,STRUCTURAL_MISSING,,STRUCTURAL_MISSING,,STRUCTURAL_MISSING,,PENDING_EXECUTION
29,MO,Missouri,2003,,PENDING_EXECUTION,,PENDING_EXECUTION,,PENDING_EXECUTION,,PENDING_EXECUTION,,MISSING,,MISSING,,MISSING,3.58321176487279,OBSERVED,,MISSING,,MISSING,,PENDING_EXECUTION,,STRUCTURAL_MISSING,,STRUCTURAL_MISSING,,STRUCTURAL_MISSING,,PENDING_EXECUTION
29,MO,Missouri,2004,,PENDING_EXECUTION,,PENDING_EXECUTION,,PENDING_EXECUTION,,PENDING_EXECUTION,,MISSING,66.11,OBSERVED,,MISSING,3.675704942167714,OBSERVED,,MISSING,,MISSING,,PENDING_EXECUTION,,STRUCTURAL_MISSING,,STRUCTURAL_MISSING,,STRUCTURAL_MISSING,,PENDING_EXECUTION
29,MO,Missouri,2005,,PENDING_EXECUTION,,PENDING_EXECUTION,,PENDING_EXECUTION,,PENDING_EXECUTION,,MISSING,,MISSING,,MISSING,3.775452049116626,OBSERVED,,MISSING,,MISSING,,PENDING_EXECUTION,,STRUCTURAL_MISSING,,STRUCTURAL_MISSING,,STRUCTURAL_MISSING,,PENDING_EXECUTION
29,MO,Missouri,2006,,PENDING_EXECUTION,,PENDING_EXECUTION,,PENDING_EXECUTION,,PENDING_EXECUTION,,MISSING,,MISSING,,MISSING,3.833841317307877,OBSERVED,,MISSING,,MISSING,,PENDING_EXECUTION,,STRUCTURAL_MISSING,,STRUCTURAL_MISSING,,STRUCTURAL_MISSING,,PENDING_EXECUTION
29,MO,Missouri,2007,,PENDING_EXECUTION,,PENDING_EXECUTION,,PENDING_EXECUTION,,PENDING_EXECUTION,,MISSING,,MISSING,,MISSING,3.9370800929137313,OBSERVED,,MISSING,,MISSING,,PENDING_EXECUTION,,STRUCTURAL_MISSING,,STRUCTURAL_MISSING,,STRUCTURAL_MISSING,,PENDING_EXECUTION
29,MO,Missouri,2008,,PENDING_EXECUTION,,PENDING_EXECUTION,,PENDING_EXECUTION,,PENDING_EXECUTION,,MISSING,68.21,OBSERVED,,MISSING,4.026053036538668,OBSERVED,,MISSING,,MISSING,,PENDING_EXECUTION,,STRUCTURAL_MISSING,,STRUCTURAL_MISSING,,STRUCTURAL_MISSING,,PENDING_EXECUTION
29,MO,Missouri,2009,,PENDING_EXECUTION,,PENDING_EXECUTION,,PENDING_EXECUTION,,PENDING_EXECUTION,,MISSING,,MISSING,,MISSING,4.145551952932082,OBSERVED,,MISSING,,MISSING,,PENDING_EXECUTION,,STRUCTURAL_MISSING,,STRUCTURAL_MISSING,,STRUCTURAL_MISSING,,PENDING_EXECUTION
29,MO,Missouri,2010,,PENDING_EXECUTION,,PENDING_EXECUTION,,PENDING_EXECUTION,,PENDING_EXECUTION,,MISSING,,MISSING,9.611896071171731,OBSERVED,4.2210847770938695,OBSERVED,10.24731564311939,OBSERVED,29.62652709178666,OBSERVED,,PENDING_EXECUTION,,STRUCTURAL_MISSING,,STRUCTURAL_MISSING,,STRUCTURAL_MISSING,,PENDING_EXECUTION
29,MO,Missouri,2011,,PENDING_EXECUTION,,PENDING_EXECUTION,,PENDING_EXECUTION,,PENDING_EXECUTION,,MISSING,,MISSING,7.307012942051963,OBSERVED,3.887089094956699,OBSERVED,9.964465386413899,OBSERVED,31.99267379630334,OBSERVED,,PENDING_EXECUTION,,STRUCTURAL_MISSING,,STRUCTURAL_MISSING,,STRUCTURAL_MISSING,,PENDING_EXECUTION
29,MO,Missouri,2012,,PENDING_EXECUTION,,PENDING_EXECUTION,,PENDING_EXECUTION,,PENDING_EXECUTION,,MISSING,64.11,OBSERVED,8.24223174640668,OBSERVED,3.861416485521887,OBSERVED,9.198631370671345,OBSERVED,31.31136546485217,OBSERVED,,PENDING_EXECUTION,,STRUCTURAL_MISSING,,STRUCTURAL_MISSING,,STRUCTURAL_MISSING,,PENDING_EXECUTION
29,MO,Missouri,2013,,PENDING_EXECUTION,,PENDING_EXECUTION,,PENDING_EXECUTION,,PENDING_EXECUTION,,MISSING,,MISSING,9.644170558409968,OBSERVED,3.688902958453176,OBSERVED,10.73613570167532,OBSERVED,31.92972068887669,OBSERVED,,PENDING_EXECUTION,,STRUCTURAL_MISSING,,STRUCTURAL_MISSING,,STRUCTURAL_MISSING,,PENDING_EXECUTION
29,MO,Missouri,2014,,PENDING_EXECUTION,,PENDING_EXECUTION,,PENDING_EXECUTION,,PENDING_EXECUTION,,MISSING,,MISSING,7.883004268402469,OBSERVED,3.8716779471640317,OBSERVED,7.57628394975199,OBSERVED,27.45305434783678,OBSERVED,,PENDING_EXECUTION,,STRUCTURAL_MISSING,,STRUCTURAL_MISSING,,STRUCTURAL_MISSING,,PENDING_EXECUTION
29,MO,Missouri,2015,,PENDING_EXECUTION,,PENDING_EXECUTION,,PENDING_EXECUTION,,PENDING_EXECUTION,,MISSING,,MISSING,6.515597207909862,OBSERVED,4.008617688581069,OBSERVED,8.147434308772176,OBSERVED,22.8418237223136,OBSERVED,,PENDING_EXECUTION,,STRUCTURAL_MISSING,,STRUCTURAL_MISSING,,STRUCTURAL_MISSING,,PENDING_EXECUTION
29,MO,Missouri,2016,,PENDING_EXECUTION,,PENDING_EXECUTION,,PENDING_EXECUTION,,PENDING_EXECUTION,,MISSING,62.25,OBSERVED,,MISSING,4.089710975371115,OBSERVED,,MISSING,,MISSING,,PENDING_EXECUTION,,STRUCTURAL_MISSING,,STRUCTURAL_MISSING,,STRUCTURAL_MISSING,,PENDING_EXECUTION
29,MO,Missouri,2017,,PENDING_EXECUTION,,PENDING_EXECUTION,,PENDING_EXECUTION,,PENDING_EXECUTION,29.28388063700576,OBSERVED,,MISSING,12.07929476413788,OBSERVED,,MISSING,22.19311992875596,OBSERVED,31.9387736256129,OBSERVED,,PENDING_EXECUTION,,STRUCTURAL_MISSING,,STRUCTURAL_MISSING,,STRUCTURAL_MISSING,,PENDING_EXECUTION
29,MO,Missouri,2018,,PENDING_EXECUTION,,PENDING_EXECUTION,,PENDING_EXECUTION,,PENDING_EXECUTION,,MISSING,,MISSING,,MISSING,3.8054282200449037,OBSERVED,,MISSING,,MISSING,,PENDING_EXECUTION,,STRUCTURAL_MISSING,,STRUCTURAL_MISSING,,STRUCTURAL_MISSING,,PENDING_EXECUTION
29,MO,Missouri,2019,,PENDING_EXECUTION,,PENDING_EXECUTION,,PENDING_EXECUTION,,PENDING_EXECUTION,30.64080853367188,OBSERVED,,MISSING,12.19266612456452,OBSERVED,4.470663914436587,OBSERVED,22.13385569054277,OBSERVED,36.50888127235671,OBSERVED,,PENDING_EXECUTION,,STRUCTURAL_MISSING,,STRUCTURAL_MISSING,,STRUCTURAL_MISSING,,PENDING_EXECUTION
29,MO,Missouri,2020,,PENDING_EXECUTION,,PENDING_EXECUTION,,PENDING_EXECUTION,,PENDING_EXECUTION,,MISSING,65.49,OBSERVED,,MISSING,4.489614466076934,OBSERVED,,MISSING,,MISSING,,PENDING_EXECUTION,,STRUCTURAL_MISSING,,STRUCTURAL_MISSING,,STRUCTURAL_MISSING,,PENDING_EXECUTION
29,MO,Missouri,2021,,PENDING_EXECUTION,,PENDING_EXECUTION,,PENDING_EXECUTION,,PENDING_EXECUTION,28.28399534197959,OBSERVED,,MISSING,6.966071596633306,OBSERVED,,MISSING,16.29747402372658,OBSERVED,30.45626073493834,OBSERVED,,PENDING_EXECUTION,,STRUCTURAL_MISSING,,STRUCTURAL_MISSING,,STRUCTURAL_MISSING,,PENDING_EXECUTION
29,MO,Missouri,2022,,PENDING_EXECUTION,,PENDING_EXECUTION,,PENDING_EXECUTION,,PENDING_EXECUTION,,MISSING,,MISSING,,MISSING,4.679814439238175,OBSERVED,,MISSING,,MISSING,,PENDING_EXECUTION,,STRUCTURAL_MISSING,,STRUCTURAL_MISSING,,STRUCTURAL_MISSING,,PENDING_EXECUTION
29,MO,Missouri,2023,,PENDING_EXECUTION,,PENDING_EXECUTION,,PENDING_EXECUTION,,PENDING_EXECUTION,26.1778047233472,OBSERVED,,MISSING,10.54940922300453,OBSERVED,4.895293146266815,OBSERVED,20.37653923534367,OBSERVED,26.60903666556895,OBSERVED,,PENDING_EXECUTION,,STRUCTURAL_MISSING,,STRUCTURAL_MISSING,,STRUCTURAL_MISSING,,PENDING_EXECUTION
30,MT,Montana,2000,,PENDING_EXECUTION,,PENDING_EXECUTION,,PENDING_EXECUTION,,PENDING_EXECUTION,,MISSING,62.67,OBSERVED,,MISSING,4.610671042396708,OBSERVED,,MISSING,,MISSING,,PENDING_EXECUTION,,STRUCTURAL_MISSING,,STRUCTURAL_MISSING,,STRUCTURAL_MISSING,,PENDING_EXECUTION
30,MT,Montana,2001,,PENDING_EXECUTION,,PENDING_EXECUTION,,PENDING_EXECUTION,,PENDING_EXECUTION,,MISSING,,MISSING,,MISSING,4.897674762200359,OBSERVED,,MISSING,,MISSING,,PENDING_EXECUTION,,STRUCTURAL_MISSING,,STRUCTURAL_MISSING,,STRUCTURAL_MISSING,,PENDING_EXECUTION
30,MT,Montana,2002,,PENDING_EXECUTION,,PENDING_EXECUTION,,PENDING_EXECUTION,,PENDING_EXECUTION,,MISSING,,MISSING,,MISSING,5.568919353228756,OBSERVED,,MISSING,,MISSING,,PENDING_EXECUTION,,STRUCTURAL_MISSING,,STRUCTURAL_MISSING,,STRUCTURAL_MISSING,,PENDING_EXECUTION
30,MT,Montana,2003,,PENDING_EXECUTION,,PENDING_EXECUTION,,PENDING_EXECUTION,,PENDING_EXECUTION,,MISSING,,MISSING,,MISSING,6.048084555745246,OBSERVED,,MISSING,,MISSING,,PENDING_EXECUTION,,STRUCTURAL_MISSING,,STRUCTURAL_MISSING,,STRUCTURAL_MISSING,,PENDING_EXECUTION
30,MT,Montana,2004,,PENDING_EXECUTION,,PENDING_EXECUTION,,PENDING_EXECUTION,,PENDING_EXECUTION,,MISSING,65.07,OBSERVED,,MISSING,6.19994000058064,OBSERVED,,MISSING,,MISSING,,PENDING_EXECUTION,,STRUCTURAL_MISSING,,STRUCTURAL_MISSING,,STRUCTURAL_MISSING,,PENDING_EXECUTION
30,MT,Montana,2005,,PENDING_EXECUTION,,PENDING_EXECUTION,,PENDING_EXECUTION,,PENDING_EXECUTION,,MISSING,,MISSING,,MISSING,6.28655188479548,OBSERVED,,MISSING,,MISSING,,PENDING_EXECUTION,,STRUCTURAL_MISSING,,STRUCTURAL_MISSING,,STRUCTURAL_MISSING,,PENDING_EXECUTION
30,MT,Montana,2006,,PENDING_EXECUTION,,PENDING_EXECUTION,,PENDING_EXECUTION,,PENDING_EXECUTION,,MISSING,,MISSING,,MISSING,6.403958467164625,OBSERVED,,MISSING,,MISSING,,PENDING_EXECUTION,,STRUCTURAL_MISSING,,STRUCTURAL_MISSING,,STRUCTURAL_MISSING,,PENDING_EXECUTION
30,MT,Montana,2007,,PENDING_EXECUTION,,PENDING_EXECUTION,,PENDING_EXECUTION,,PENDING_EXECUTION,,MISSING,,MISSING,,MISSING,6.507682133209496,OBSERVED,,MISSING,,MISSING,,PENDING_EXECUTION,,STRUCTURAL_MISSING,,STRUCTURAL_MISSING,,STRUCTURAL_MISSING,,PENDING_EXECUTION
30,MT,Montana,2008,,PENDING_EXECUTION,,PENDING_EXECUTION,,PENDING_EXECUTION,,PENDING_EXECUTION,,MISSING,67.06,OBSERVED,,MISSING,6.758396788250898,OBSERVED,,MISSING,,MISSING,,PENDING_EXECUTION,,STRUCTURAL_MISSING,,STRUCTURAL_MISSING,,STRUCTURAL_MISSING,,PENDING_EXECUTION
30,MT,Montana,2009,,PENDING_EXECUTION,,PENDING_EXECUTION,,PENDING_EXECUTION,,PENDING_EXECUTION,,MISSING,,MISSING,,MISSING,6.9147606358652896,OBSERVED,,MISSING,,MISSING,,PENDING_EXECUTION,,STRUCTURAL_MISSING,,STRUCTURAL_MISSING,,STRUCTURAL_MISSING,,PENDING_EXECUTION
30,MT,Montana,2010,,PENDING_EXECUTION,,PENDING_EXECUTION,,PENDING_EXECUTION,,PENDING_EXECUTION,,MISSING,,MISSING,21.1866002919327,OBSERVED,7.123030492667024,OBSERVED,14.08455922863526,OBSERVED,30.47818263985089,OBSERVED,,PENDING_EXECUTION,,STRUCTURAL_MISSING,,STRUCTURAL_MISSING,,STRUCTURAL_MISSING,,PENDING_EXECUTION
30,MT,Montana,2011,,PENDING_EXECUTION,,PENDING_EXECUTION,,PENDING_EXECUTION,,PENDING_EXECUTION,,MISSING,,MISSING,15.29408063145378,OBSERVED,6.802884759974256,OBSERVED,13.12364530304588,OBSERVED,29.66660273560233,OBSERVED,,PENDING_EXECUTION,,STRUCTURAL_MISSING,,STRUCTURAL_MISSING,,STRUCTURAL_MISSING,,PENDING_EXECUTION
30,MT,Montana,2012,,PENDING_EXECUTION,,PENDING_EXECUTION,,PENDING_EXECUTION,,PENDING_EXECUTION,,MISSING,63.64,OBSERVED,17.03285414401958,OBSERVED,6.734928816692028,OBSERVED,10.2035746654617,OBSERVED,29.21080708627962,OBSERVED,,PENDING_EXECUTION,,STRUCTURAL_MISSING,,STRUCTURAL_MISSING,,STRUCTURAL_MISSING,,PENDING_EXECUTION
30,MT,Montana,2013,,PENDING_EXECUTION,,PENDING_EXECUTION,,PENDING_EXECUTION,,PENDING_EXECUTION,,MISSING,,MISSING,11.83155705497303,OBSERVED,6.3836206981555135,OBSERVED,9.348348796794308,OBSERVED,32.80815108013356,OBSERVED,,PENDING_EXECUTION,,STRUCTURAL_MISSING,,STRUCTURAL_MISSING,,STRUCTURAL_MISSING,,PENDING_EXECUTION
30,MT,Montana,2014,,PENDING_EXECUTION,,PENDING_EXECUTION,,PENDING_EXECUTION,,PENDING_EXECUTION,,MISSING,,MISSING,13.54665801856179,OBSERVED,6.872294425208061,OBSERVED,11.81961429262502,OBSERVED,29.34441223767235,OBSERVED,,PENDING_EXECUTION,,STRUCTURAL_MISSING,,STRUCTURAL_MISSING,,STRUCTURAL_MISSING,,PENDING_EXECUTION
30,MT,Montana,2015,,PENDING_EXECUTION,,PENDING_EXECUTION,,PENDING_EXECUTION,,PENDING_EXECUTION,,MISSING,,MISSING,12.60044149173589,OBSERVED,7.043175197165279,OBSERVED,13.00660255594888,OBSERVED,32.14504941325571,OBSERVED,,PENDING_EXECUTION,,STRUCTURAL_MISSING,,STRUCTURAL_MISSING,,STRUCTURAL_MISSING,,PENDING_EXECUTION
30,MT,Montana,2016,,PENDING_EXECUTION,,PENDING_EXECUTION,,PENDING_EXECUTION,,PENDING_EXECUTION,,MISSING,64.42,OBSERVED,,MISSING,7.101753416297473,OBSERVED,,MISSING,,MISSING,,PENDING_EXECUTION,,STRUCTURAL_MISSING,,STRUCTURAL_MISSING,,STRUCTURAL_MISSING,,PENDING_EXECUTION
30,MT,Montana,2017,,PENDING_EXECUTION,,PENDING_EXECUTION,,PENDING_EXECUTION,,PENDING_EXECUTION,35.72527675741182,OBSERVED,,MISSING,15.92748501398853,OBSERVED,,MISSING,28.06984664573436,OBSERVED,38.83643571664621,OBSERVED,,PENDING_EXECUTION,,STRUCTURAL_MISSING,,STRUCTURAL_MISSING,,STRUCTURAL_MISSING,,PENDING_EXECUTION
30,MT,Montana,2018,,PENDING_EXECUTION,,PENDING_EXECUTION,,PENDING_EXECUTION,,PENDING_EXECUTION,,MISSING,,MISSING,,MISSING,6.761045678261246,OBSERVED,,MISSING,,MISSING,,PENDING_EXECUTION,,STRUCTURAL_MISSING,,STRUCTURAL_MISSING,,STRUCTURAL_MISSING,,PENDING_EXECUTION
30,MT,Montana,2019,,PENDING_EXECUTION,,PENDING_EXECUTION,,PENDING_EXECUTION,,PENDING_EXECUTION,35.21444815278647,OBSERVED,,MISSING,13.05282226005655,OBSERVED,7.675753161085221,OBSERVED,24.86574855964886,OBSERVED,37.4362061881178,OBSERVED,,PENDING_EXECUTION,,STRUCTURAL_MISSING,,STRUCTURAL_MISSING,,STRUCTURAL_MISSING,,PENDING_EXECUTION
30,MT,Montana,2020,,PENDING_EXECUTION,,PENDING_EXECUTION,,PENDING_EXECUTION,,PENDING_EXECUTION,,MISSING,71.34,OBSERVED,,MISSING,7.658127079288198,OBSERVED,,MISSING,,MISSING,,PENDING_EXECUTION,,STRUCTURAL_MISSING,,STRUCTURAL_MISSING,,STRUCTURAL_MISSING,,PENDING_EXECUTION
30,MT,Montana,2021,,PENDING_EXECUTION,,PENDING_EXECUTION,,PENDING_EXECUTION,,PENDING_EXECUTION,28.98895771476569,OBSERVED,,MISSING,12.40050400716145,OBSERVED,,MISSING,22.47842362525109,OBSERVED,31.05863763988427,OBSERVED,,PENDING_EXECUTION,,STRUCTURAL_MISSING,,STRUCTURAL_MISSING,,STRUCTURAL_MISSING,,PENDING_EXECUTION
30,MT,Montana,2022,,PENDING_EXECUTION,,PENDING_EXECUTION,,PENDING_EXECUTION,,PENDING_EXECUTION,,MISSING,,MISSING,,MISSING,7.717668348654083,OBSERVED,,MISSING,,MISSING,,PENDING_EXECUTION,,STRUCTURAL_MISSING,,STRUCTURAL_MISSING,,STRUCTURAL_MISSING,,PENDING_EXECUTION
30,MT,Montana,2023,,PENDING_EXECUTION,,PENDING_EXECUTION,,PENDING_EXECUTION,,PENDING_EXECUTION,29.91182878684369,OBSERVED,,MISSING,13.59065377115417,OBSERVED,8.009272500644414,OBSERVED,28.14831739654353,OBSERVED,34.45985447089777,OBSERVED,,PENDING_EXECUTION,,STRUCTURAL_MISSING,,STRUCTURAL_MISSING,,STRUCTURAL_MISSING,,PENDING_EXECUTION
31,NE,Nebraska,2000,,PENDING_EXECUTION,,PENDING_EXECUTION,,PENDING_EXECUTION,,PENDING_EXECUTION,,MISSING,58.53,OBSERVED,,MISSING,3.5540488499375664,OBSERVED,,MISSING,,MISSING,,PENDING_EXECUTION,,STRUCTURAL_MISSING,,STRUCTURAL_MISSING,,STRUCTURAL_MISSING,,PENDING_EXECUTION
31,NE,Nebraska,2001,,PENDING_EXECUTION,,PENDING_EXECUTION,,PENDING_EXECUTION,,PENDING_EXECUTION,,MISSING,,MISSING,,MISSING,3.7509390430250327,OBSERVED,,MISSING,,MISSING,,PENDING_EXECUTION,,STRUCTURAL_MISSING,,STRUCTURAL_MISSING,,STRUCTURAL_MISSING,,PENDING_EXECUTION
31,NE,Nebraska,2002,,PENDING_EXECUTION,,PENDING_EXECUTION,,PENDING_EXECUTION,,PENDING_EXECUTION,,MISSING,,MISSING,,MISSING,3.862194582859841,OBSERVED,,MISSING,,MISSING,,PENDING_EXECUTION,,STRUCTURAL_MISSING,,STRUCTURAL_MISSING,,STRUCTURAL_MISSING,,PENDING_EXECUTION
31,NE,Nebraska,2003,,PENDING_EXECUTION,,PENDING_EXECUTION,,PENDING_EXECUTION,,PENDING_EXECUTION,,MISSING,,MISSING,,MISSING,4.098598734760385,OBSERVED,,MISSING,,MISSING,,PENDING_EXECUTION,,STRUCTURAL_MISSING,,STRUCTURAL_MISSING,,STRUCTURAL_MISSING,,PENDING_EXECUTION
31,NE,Nebraska,2004,,PENDING_EXECUTION,,PENDING_EXECUTION,,PENDING_EXECUTION,,PENDING_EXECUTION,,MISSING,63.98,OBSERVED,,MISSING,4.224377918907949,OBSERVED,,MISSING,,MISSING,,PENDING_EXECUTION,,STRUCTURAL_MISSING,,STRUCTURAL_MISSING,,STRUCTURAL_MISSING,,PENDING_EXECUTION
31,NE,Nebraska,2005,,PENDING_EXECUTION,,PENDING_EXECUTION,,PENDING_EXECUTION,,PENDING_EXECUTION,,MISSING,,MISSING,,MISSING,4.241846565733578,OBSERVED,,MISSING,,MISSING,,PENDING_EXECUTION,,STRUCTURAL_MISSING,,STRUCTURAL_MISSING,,STRUCTURAL_MISSING,,PENDING_EXECUTION
31,NE,Nebraska,2006,,PENDING_EXECUTION,,PENDING_EXECUTION,,PENDING_EXECUTION,,PENDING_EXECUTION,,MISSING,,MISSING,,MISSING,4.332391451875762,OBSERVED,,MISSING,,MISSING,,PENDING_EXECUTION,,STRUCTURAL_MISSING,,STRUCTURAL_MISSING,,STRUCTURAL_MISSING,,PENDING_EXECUTION
31,NE,Nebraska,2007,,PENDING_EXECUTION,,PENDING_EXECUTION,,PENDING_EXECUTION,,PENDING_EXECUTION,,MISSING,,MISSING,,MISSING,4.385905889741174,OBSERVED,,MISSING,,MISSING,,PENDING_EXECUTION,,STRUCTURAL_MISSING,,STRUCTURAL_MISSING,,STRUCTURAL_MISSING,,PENDING_EXECUTION
31,NE,Nebraska,2008,,PENDING_EXECUTION,,PENDING_EXECUTION,,PENDING_EXECUTION,,PENDING_EXECUTION,,MISSING,63.66,OBSERVED,,MISSING,4.42891195505623,OBSERVED,,MISSING,,MISSING,,PENDING_EXECUTION,,STRUCTURAL_MISSING,,STRUCTURAL_MISSING,,STRUCTURAL_MISSING,,PENDING_EXECUTION
31,NE,Nebraska,2009,,PENDING_EXECUTION,,PENDING_EXECUTION,,PENDING_EXECUTION,,PENDING_EXECUTION,,MISSING,,MISSING,,MISSING,4.518164510838354,OBSERVED,,MISSING,,MISSING,,PENDING_EXECUTION,,STRUCTURAL_MISSING,,STRUCTURAL_MISSING,,STRUCTURAL_MISSING,,PENDING_EXECUTION
31,NE,Nebraska,2010,,PENDING_EXECUTION,,PENDING_EXECUTION,,PENDING_EXECUTION,,PENDING_EXECUTION,,MISSING,,MISSING,11.84347490615468,OBSERVED,4.615239143611879,OBSERVED,9.865484636831424,OBSERVED,36.80685626575184,OBSERVED,,PENDING_EXECUTION,,STRUCTURAL_MISSING,,STRUCTURAL_MISSING,,STRUCTURAL_MISSING,,PENDING_EXECUTION
31,NE,Nebraska,2011,,PENDING_EXECUTION,,PENDING_EXECUTION,,PENDING_EXECUTION,,PENDING_EXECUTION,,MISSING,,MISSING,11.36499382925221,OBSERVED,4.306556417084122,OBSERVED,9.66805311197612,OBSERVED,36.69779060553495,OBSERVED,,PENDING_EXECUTION,,STRUCTURAL_MISSING,,STRUCTURAL_MISSING,,STRUCTURAL_MISSING,,PENDING_EXECUTION
31,NE,Nebraska,2012,,PENDING_EXECUTION,,PENDING_EXECUTION,,PENDING_EXECUTION,,PENDING_EXECUTION,,MISSING,61.15,OBSERVED,11.01510984629117,OBSERVED,4.184084618202279,OBSERVED,10.53245503919155,OBSERVED,34.70317206343297,OBSERVED,,PENDING_EXECUTION,,STRUCTURAL_MISSING,,STRUCTURAL_MISSING,,STRUCTURAL_MISSING,,PENDING_EXECUTION
31,NE,Nebraska,2013,,PENDING_EXECUTION,,PENDING_EXECUTION,,PENDING_EXECUTION,,PENDING_EXECUTION,,MISSING,,MISSING,10.18632596278524,OBSERVED,4.065251983987678,OBSERVED,10.20792165706601,OBSERVED,32.72519175253736,OBSERVED,,PENDING_EXECUTION,,STRUCTURAL_MISSING,,STRUCTURAL_MISSING,,STRUCTURAL_MISSING,,PENDING_EXECUTION
31,NE,Nebraska,2014,,PENDING_EXECUTION,,PENDING_EXECUTION,,PENDING_EXECUTION,,PENDING_EXECUTION,,MISSING,,MISSING,9.432498285865282,OBSERVED,4.259144500799221,OBSERVED,9.013491658400866,OBSERVED,36.23472119353701,OBSERVED,,PENDING_EXECUTION,,STRUCTURAL_MISSING,,STRUCTURAL_MISSING,,STRUCTURAL_MISSING,,PENDING_EXECUTION
31,NE,Nebraska,2015,,PENDING_EXECUTION,,PENDING_EXECUTION,,PENDING_EXECUTION,,PENDING_EXECUTION,,MISSING,,MISSING,9.935162903070124,OBSERVED,4.78579156358232,OBSERVED,8.240170935779291,OBSERVED,32.23906177074255,OBSERVED,,PENDING_EXECUTION,,STRUCTURAL_MISSING,,STRUCTURAL_MISSING,,STRUCTURAL_MISSING,,PENDING_EXECUTION
31,NE,Nebraska,2016,,PENDING_EXECUTION,,PENDING_EXECUTION,,PENDING_EXECUTION,,PENDING_EXECUTION,,MISSING,64.11,OBSERVED,,MISSING,4.846096188636353,OBSERVED,,MISSING,,MISSING,,PENDING_EXECUTION,,STRUCTURAL_MISSING,,STRUCTURAL_MISSING,,STRUCTURAL_MISSING,,PENDING_EXECUTION
31,NE,Nebraska,2017,,PENDING_EXECUTION,,PENDING_EXECUTION,,PENDING_EXECUTION,,PENDING_EXECUTION,36.4589009812086,OBSERVED,,MISSING,13.75539305585767,OBSERVED,,MISSING,29.52576258607336,OBSERVED,40.15334259250098,OBSERVED,,PENDING_EXECUTION,,STRUCTURAL_MISSING,,STRUCTURAL_MISSING,,STRUCTURAL_MISSING,,PENDING_EXECUTION
31,NE,Nebraska,2018,,PENDING_EXECUTION,,PENDING_EXECUTION,,PENDING_EXECUTION,,PENDING_EXECUTION,,MISSING,,MISSING,,MISSING,4.5712516982496085,OBSERVED,,MISSING,,MISSING,,PENDING_EXECUTION,,STRUCTURAL_MISSING,,STRUCTURAL_MISSING,,STRUCTURAL_MISSING,,PENDING_EXECUTION
31,NE,Nebraska,2019,,PENDING_EXECUTION,,PENDING_EXECUTION,,PENDING_EXECUTION,,PENDING_EXECUTION,39.51861062853872,OBSERVED,,MISSING,10.55776830255558,OBSERVED,5.129436382932374,OBSERVED,22.42891395709512,OBSERVED,43.54386628197818,OBSERVED,,PENDING_EXECUTION,,STRUCTURAL_MISSING,,STRUCTURAL_MISSING,,STRUCTURAL_MISSING,,PENDING_EXECUTION
31,NE,Nebraska,2020,,PENDING_EXECUTION,,PENDING_EXECUTION,,PENDING_EXECUTION,,PENDING_EXECUTION,,MISSING,69.06,OBSERVED,,MISSING,5.040562367026898,OBSERVED,,MISSING,,MISSING,,PENDING_EXECUTION,,STRUCTURAL_MISSING,,STRUCTURAL_MISSING,,STRUCTURAL_MISSING,,PENDING_EXECUTION
31,NE,Nebraska,2021,,PENDING_EXECUTION,,PENDING_EXECUTION,,PENDING_EXECUTION,,PENDING_EXECUTION,32.15311254386818,OBSERVED,,MISSING,10.89804867399861,OBSERVED,,MISSING,23.54023996434133,OBSERVED,33.90254244079626,OBSERVED,,PENDING_EXECUTION,,STRUCTURAL_MISSING,,STRUCTURAL_MISSING,,STRUCTURAL_MISSING,,PENDING_EXECUTION
31,NE,Nebraska,2022,,PENDING_EXECUTION,,PENDING_EXECUTION,,PENDING_EXECUTION,,PENDING_EXECUTION,,MISSING,,MISSING,,MISSING,5.214271922603986,OBSERVED,,MISSING,,MISSING,,PENDING_EXECUTION,,STRUCTURAL_MISSING,,STRUCTURAL_MISSING,,STRUCTURAL_MISSING,,PENDING_EXECUTION
31,NE,Nebraska,2023,,PENDING_EXECUTION,,PENDING_EXECUTION,,PENDING_EXECUTION,,PENDING_EXECUTION,34.2959779893656,OBSERVED,,MISSING,11.06478024471513,OBSERVED,5.338714169529701,OBSERVED,24.62333284854237,OBSERVED,35.80851786288051,OBSERVED,,PENDING_EXECUTION,,STRUCTURAL_MISSING,,STRUCTURAL_MISSING,,STRUCTURAL_MISSING,,PENDING_EXECUTION
32,NV,Nevada,2000,,PENDING_EXECUTION,,PENDING_EXECUTION,,PENDING_EXECUTION,,PENDING_EXECUTION,,MISSING,46.35,OBSERVED,,MISSING,1.723846694548731,OBSERVED,,MISSING,,MISSING,,PENDING_EXECUTION,,STRUCTURAL_MISSING,,STRUCTURAL_MISSING,,STRUCTURAL_MISSING,,PENDING_EXECUTION
32,NV,Nevada,2001,,PENDING_EXECUTION,,PENDING_EXECUTION,,PENDING_EXECUTION,,PENDING_EXECUTION,,MISSING,,MISSING,,MISSING,1.8299665602204347,OBSERVED,,MISSING,,MISSING,,PENDING_EXECUTION,,STRUCTURAL_MISSING,,STRUCTURAL_MISSING,,STRUCTURAL_MISSING,,PENDING_EXECUTION
32,NV,Nevada,2002,,PENDING_EXECUTION,,PENDING_EXECUTION,,PENDING_EXECUTION,,PENDING_EXECUTION,,MISSING,,MISSING,,MISSING,1.880125550248391,OBSERVED,,MISSING,,MISSING,,PENDING_EXECUTION,,STRUCTURAL_MISSING,,STRUCTURAL_MISSING,,STRUCTURAL_MISSING,,PENDING_EXECUTION
32,NV,Nevada,2003,,PENDING_EXECUTION,,PENDING_EXECUTION,,PENDING_EXECUTION,,PENDING_EXECUTION,,MISSING,,MISSING,,MISSING,2.0695021900082264,OBSERVED,,MISSING,,MISSING,,PENDING_EXECUTION,,STRUCTURAL_MISSING,,STRUCTURAL_MISSING,,STRUCTURAL_MISSING,,PENDING_EXECUTION
32,NV,Nevada,2004,,PENDING_EXECUTION,,PENDING_EXECUTION,,PENDING_EXECUTION,,PENDING_EXECUTION,,MISSING,54.65,OBSERVED,,MISSING,2.087611487744979,OBSERVED,,MISSING,,MISSING,,PENDING_EXECUTION,,STRUCTURAL_MISSING,,STRUCTURAL_MISSING,,STRUCTURAL_MISSING,,PENDING_EXECUTION
32,NV,Nevada,2005,,PENDING_EXECUTION,,PENDING_EXECUTION,,PENDING_EXECUTION,,PENDING_EXECUTION,,MISSING,,MISSING,,MISSING,2.0537443727609768,OBSERVED,,MISSING,,MISSING,,PENDING_EXECUTION,,STRUCTURAL_MISSING,,STRUCTURAL_MISSING,,STRUCTURAL_MISSING,,PENDING_EXECUTION
32,NV,Nevada,2006,,PENDING_EXECUTION,,PENDING_EXECUTION,,PENDING_EXECUTION,,PENDING_EXECUTION,,MISSING,,MISSING,,MISSING,2.085102300827143,OBSERVED,,MISSING,,MISSING,,PENDING_EXECUTION,,STRUCTURAL_MISSING,,STRUCTURAL_MISSING,,STRUCTURAL_MISSING,,PENDING_EXECUTION
32,NV,Nevada,2007,,PENDING_EXECUTION,,PENDING_EXECUTION,,PENDING_EXECUTION,,PENDING_EXECUTION,,MISSING,,MISSING,,MISSING,2.1095148461864954,OBSERVED,,MISSING,,MISSING,,PENDING_EXECUTION,,STRUCTURAL_MISSING,,STRUCTURAL_MISSING,,STRUCTURAL_MISSING,,PENDING_EXECUTION
32,NV,Nevada,2008,,PENDING_EXECUTION,,PENDING_EXECUTION,,PENDING_EXECUTION,,PENDING_EXECUTION,,MISSING,57.17,OBSERVED,,MISSING,2.177394738527979,OBSERVED,,MISSING,,MISSING,,PENDING_EXECUTION,,STRUCTURAL_MISSING,,STRUCTURAL_MISSING,,STRUCTURAL_MISSING,,PENDING_EXECUTION
32,NV,Nevada,2009,,PENDING_EXECUTION,,PENDING_EXECUTION,,PENDING_EXECUTION,,PENDING_EXECUTION,,MISSING,,MISSING,,MISSING,2.258009844803728,OBSERVED,,MISSING,,MISSING,,PENDING_EXECUTION,,STRUCTURAL_MISSING,,STRUCTURAL_MISSING,,STRUCTURAL_MISSING,,PENDING_EXECUTION
32,NV,Nevada,2010,,PENDING_EXECUTION,,PENDING_EXECUTION,,PENDING_EXECUTION,,PENDING_EXECUTION,,MISSING,,MISSING,7.29443837445184,OBSERVED,3.1607969411833485,OBSERVED,7.032979715112371,OBSERVED,20.745235102962,OBSERVED,,PENDING_EXECUTION,,STRUCTURAL_MISSING,,STRUCTURAL_MISSING,,STRUCTURAL_MISSING,,PENDING_EXECUTION
32,NV,Nevada,2011,,PENDING_EXECUTION,,PENDING_EXECUTION,,PENDING_EXECUTION,,PENDING_EXECUTION,,MISSING,,MISSING,7.982370629867048,OBSERVED,2.118598776166427,OBSERVED,6.438820538675093,OBSERVED,22.44537267183538,OBSERVED,,PENDING_EXECUTION,,STRUCTURAL_MISSING,,STRUCTURAL_MISSING,,STRUCTURAL_MISSING,,PENDING_EXECUTION
32,NV,Nevada,2012,,PENDING_EXECUTION,,PENDING_EXECUTION,,PENDING_EXECUTION,,PENDING_EXECUTION,,MISSING,56.62,OBSERVED,8.46633317638443,OBSERVED,2.081488849297001,OBSERVED,9.60817436966004,OBSERVED,19.26996167575033,OBSERVED,,PENDING_EXECUTION,,STRUCTURAL_MISSING,,STRUCTURAL_MISSING,,STRUCTURAL_MISSING,,PENDING_EXECUTION
32,NV,Nevada,2013,,PENDING_EXECUTION,,PENDING_EXECUTION,,PENDING_EXECUTION,,PENDING_EXECUTION,,MISSING,,MISSING,7.113510325450829,OBSERVED,2.0101146723246606,OBSERVED,6.272868727487151,OBSERVED,19.67249909500998,OBSERVED,,PENDING_EXECUTION,,STRUCTURAL_MISSING,,STRUCTURAL_MISSING,,STRUCTURAL_MISSING,,PENDING_EXECUTION
32,NV,Nevada,2014,,PENDING_EXECUTION,,PENDING_EXECUTION,,PENDING_EXECUTION,,PENDING_EXECUTION,,MISSING,,MISSING,7.032251380846242,OBSERVED,2.2228252868547873,OBSERVED,6.899459081568591,OBSERVED,19.50992256493633,OBSERVED,,PENDING_EXECUTION,,STRUCTURAL_MISSING,,STRUCTURAL_MISSING,,STRUCTURAL_MISSING,,PENDING_EXECUTION
32,NV,Nevada,2015,,PENDING_EXECUTION,,PENDING_EXECUTION,,PENDING_EXECUTION,,PENDING_EXECUTION,,MISSING,,MISSING,7.264254031602302,OBSERVED,2.3391763937708885,OBSERVED,5.626371497956667,OBSERVED,19.93213033694539,OBSERVED,,PENDING_EXECUTION,,STRUCTURAL_MISSING,,STRUCTURAL_MISSING,,STRUCTURAL_MISSING,,PENDING_EXECUTION
32,NV,Nevada,2016,,PENDING_EXECUTION,,PENDING_EXECUTION,,PENDING_EXECUTION,,PENDING_EXECUTION,,MISSING,57.75,OBSERVED,,MISSING,2.4229719940196364,OBSERVED,,MISSING,,MISSING,,PENDING_EXECUTION,,STRUCTURAL_MISSING,,STRUCTURAL_MISSING,,STRUCTURAL_MISSING,,PENDING_EXECUTION
32,NV,Nevada,2017,,PENDING_EXECUTION,,PENDING_EXECUTION,,PENDING_EXECUTION,,PENDING_EXECUTION,22.91663518603519,OBSERVED,,MISSING,9.040632814608747,OBSERVED,,MISSING,13.43759093802539,OBSERVED,24.35477405242024,OBSERVED,,PENDING_EXECUTION,,STRUCTURAL_MISSING,,STRUCTURAL_MISSING,,STRUCTURAL_MISSING,,PENDING_EXECUTION
32,NV,Nevada,2018,,PENDING_EXECUTION,,PENDING_EXECUTION,,PENDING_EXECUTION,,PENDING_EXECUTION,,MISSING,,MISSING,,MISSING,2.758415890587236,OBSERVED,,MISSING,,MISSING,,PENDING_EXECUTION,,STRUCTURAL_MISSING,,STRUCTURAL_MISSING,,STRUCTURAL_MISSING,,PENDING_EXECUTION
32,NV,Nevada,2019,,PENDING_EXECUTION,,PENDING_EXECUTION,,PENDING_EXECUTION,,PENDING_EXECUTION,17.38279136687372,OBSERVED,,MISSING,7.672030049363703,OBSERVED,3.513686390871404,OBSERVED,16.49362420800849,OBSERVED,21.78238779342106,OBSERVED,,PENDING_EXECUTION,,STRUCTURAL_MISSING,,STRUCTURAL_MISSING,,STRUCTURAL_MISSING,,PENDING_EXECUTION
32,NV,Nevada,2020,,PENDING_EXECUTION,,PENDING_EXECUTION,,PENDING_EXECUTION,,PENDING_EXECUTION,,MISSING,64.25,OBSERVED,,MISSING,3.5380507343124163,OBSERVED,,MISSING,,MISSING,,PENDING_EXECUTION,,STRUCTURAL_MISSING,,STRUCTURAL_MISSING,,STRUCTURAL_MISSING,,PENDING_EXECUTION
32,NV,Nevada,2021,,PENDING_EXECUTION,,PENDING_EXECUTION,,PENDING_EXECUTION,,PENDING_EXECUTION,20.98616820370441,OBSERVED,,MISSING,6.508234221345434,OBSERVED,,MISSING,13.00175732525904,OBSERVED,16.82992771222223,OBSERVED,,PENDING_EXECUTION,,STRUCTURAL_MISSING,,STRUCTURAL_MISSING,,STRUCTURAL_MISSING,,PENDING_EXECUTION
32,NV,Nevada,2022,,PENDING_EXECUTION,,PENDING_EXECUTION,,PENDING_EXECUTION,,PENDING_EXECUTION,,MISSING,,MISSING,,MISSING,3.7741300255773473,OBSERVED,,MISSING,,MISSING,,PENDING_EXECUTION,,STRUCTURAL_MISSING,,STRUCTURAL_MISSING,,STRUCTURAL_MISSING,,PENDING_EXECUTION
32,NV,Nevada,2023,,PENDING_EXECUTION,,PENDING_EXECUTION,,PENDING_EXECUTION,,PENDING_EXECUTION,17.29108095453817,OBSERVED,,MISSING,7.590955239771315,OBSERVED,3.940609409124607,OBSERVED,16.91719188985623,OBSERVED,17.56514082498252,OBSERVED,,PENDING_EXECUTION,,STRUCTURAL_MISSING,,STRUCTURAL_MISSING,,STRUCTURAL_MISSING,,PENDING_EXECUTION
33,NH,New Hampshire,2000,,PENDING_EXECUTION,,PENDING_EXECUTION,,PENDING_EXECUTION,,PENDING_EXECUTION,,MISSING,63.82,OBSERVED,,MISSING,3.093036272806606,OBSERVED,,MISSING,,MISSING,,PENDING_EXECUTION,,STRUCTURAL_MISSING,,STRUCTURAL_MISSING,,STRUCTURAL_MISSING,,PENDING_EXECUTION
33,NH,New Hampshire,2001,,PENDING_EXECUTION,,PENDING_EXECUTION,,PENDING_EXECUTION,,PENDING_EXECUTION,,MISSING,,MISSING,,MISSING,3.275941305454247,OBSERVED,,MISSING,,MISSING,,PENDING_EXECUTION,,STRUCTURAL_MISSING,,STRUCTURAL_MISSING,,STRUCTURAL_MISSING,,PENDING_EXECUTION
33,NH,New Hampshire,2002,,PENDING_EXECUTION,,PENDING_EXECUTION,,PENDING_EXECUTION,,PENDING_EXECUTION,,MISSING,,MISSING,,MISSING,3.359102474294553,OBSERVED,,MISSING,,MISSING,,PENDING_EXECUTION,,STRUCTURAL_MISSING,,STRUCTURAL_MISSING,,STRUCTURAL_MISSING,,PENDING_EXECUTION
33,NH,New Hampshire,2003,,PENDING_EXECUTION,,PENDING_EXECUTION,,PENDING_EXECUTION,,PENDING_EXECUTION,,MISSING,,MISSING,,MISSING,3.6051381422677835,OBSERVED,,MISSING,,MISSING,,PENDING_EXECUTION,,STRUCTURAL_MISSING,,STRUCTURAL_MISSING,,STRUCTURAL_MISSING,,PENDING_EXECUTION
33,NH,New Hampshire,2004,,PENDING_EXECUTION,,PENDING_EXECUTION,,PENDING_EXECUTION,,PENDING_EXECUTION,,MISSING,71.93,OBSERVED,,MISSING,3.676399345487749,OBSERVED,,MISSING,,MISSING,,PENDING_EXECUTION,,STRUCTURAL_MISSING,,STRUCTURAL_MISSING,,STRUCTURAL_MISSING,,PENDING_EXECUTION
33,NH,New Hampshire,2005,,PENDING_EXECUTION,,PENDING_EXECUTION,,PENDING_EXECUTION,,PENDING_EXECUTION,,MISSING,,MISSING,,MISSING,3.708917729181235,OBSERVED,,MISSING,,MISSING,,PENDING_EXECUTION,,STRUCTURAL_MISSING,,STRUCTURAL_MISSING,,STRUCTURAL_MISSING,,PENDING_EXECUTION
33,NH,New Hampshire,2006,,PENDING_EXECUTION,,PENDING_EXECUTION,,PENDING_EXECUTION,,PENDING_EXECUTION,,MISSING,,MISSING,,MISSING,3.7832785203788784,OBSERVED,,MISSING,,MISSING,,PENDING_EXECUTION,,STRUCTURAL_MISSING,,STRUCTURAL_MISSING,,STRUCTURAL_MISSING,,PENDING_EXECUTION
33,NH,New Hampshire,2007,,PENDING_EXECUTION,,PENDING_EXECUTION,,PENDING_EXECUTION,,PENDING_EXECUTION,,MISSING,,MISSING,,MISSING,3.9480701540524477,OBSERVED,,MISSING,,MISSING,,PENDING_EXECUTION,,STRUCTURAL_MISSING,,STRUCTURAL_MISSING,,STRUCTURAL_MISSING,,PENDING_EXECUTION
33,NH,New Hampshire,2008,,PENDING_EXECUTION,,PENDING_EXECUTION,,PENDING_EXECUTION,,PENDING_EXECUTION,,MISSING,72.51,OBSERVED,,MISSING,4.170510659575988,OBSERVED,,MISSING,,MISSING,,PENDING_EXECUTION,,STRUCTURAL_MISSING,,STRUCTURAL_MISSING,,STRUCTURAL_MISSING,,PENDING_EXECUTION
33,NH,New Hampshire,2009,,PENDING_EXECUTION,,PENDING_EXECUTION,,PENDING_EXECUTION,,PENDING_EXECUTION,,MISSING,,MISSING,,MISSING,4.356045352107967,OBSERVED,,MISSING,,MISSING,,PENDING_EXECUTION,,STRUCTURAL_MISSING,,STRUCTURAL_MISSING,,STRUCTURAL_MISSING,,PENDING_EXECUTION
33,NH,New Hampshire,2010,,PENDING_EXECUTION,,PENDING_EXECUTION,,PENDING_EXECUTION,,PENDING_EXECUTION,,MISSING,,MISSING,14.99370487522132,OBSERVED,4.515468098210293,OBSERVED,10.15258575306655,OBSERVED,27.56850532791053,OBSERVED,,PENDING_EXECUTION,,STRUCTURAL_MISSING,,STRUCTURAL_MISSING,,STRUCTURAL_MISSING,,PENDING_EXECUTION
33,NH,New Hampshire,2011,,PENDING_EXECUTION,,PENDING_EXECUTION,,PENDING_EXECUTION,,PENDING_EXECUTION,,MISSING,,MISSING,16.08931488768635,OBSERVED,4.26296003465501,OBSERVED,10.3576611992344,OBSERVED,29.61986426926607,OBSERVED,,PENDING_EXECUTION,,STRUCTURAL_MISSING,,STRUCTURAL_MISSING,,STRUCTURAL_MISSING,,PENDING_EXECUTION
33,NH,New Hampshire,2012,,PENDING_EXECUTION,,PENDING_EXECUTION,,PENDING_EXECUTION,,PENDING_EXECUTION,,MISSING,70.74,OBSERVED,15.10992106415312,OBSERVED,4.255376971140889,OBSERVED,10.59664272911296,OBSERVED,27.85562174481445,OBSERVED,,PENDING_EXECUTION,,STRUCTURAL_MISSING,,STRUCTURAL_MISSING,,STRUCTURAL_MISSING,,PENDING_EXECUTION
33,NH,New Hampshire,2013,,PENDING_EXECUTION,,PENDING_EXECUTION,,PENDING_EXECUTION,,PENDING_EXECUTION,,MISSING,,MISSING,13.93559570042271,OBSERVED,4.079043330982647,OBSERVED,8.467536303351087,OBSERVED,26.83587195343404,OBSERVED,,PENDING_EXECUTION,,STRUCTURAL_MISSING,,STRUCTURAL_MISSING,,STRUCTURAL_MISSING,,PENDING_EXECUTION
33,NH,New Hampshire,2014,,PENDING_EXECUTION,,PENDING_EXECUTION,,PENDING_EXECUTION,,PENDING_EXECUTION,,MISSING,,MISSING,14.05510802146503,OBSERVED,4.2900280830454705,OBSERVED,9.702177120742766,OBSERVED,28.68303297412435,OBSERVED,,PENDING_EXECUTION,,STRUCTURAL_MISSING,,STRUCTURAL_MISSING,,STRUCTURAL_MISSING,,PENDING_EXECUTION
33,NH,New Hampshire,2015,,PENDING_EXECUTION,,PENDING_EXECUTION,,PENDING_EXECUTION,,PENDING_EXECUTION,,MISSING,,MISSING,16.12373095179391,OBSERVED,4.459132099171576,OBSERVED,12.98936635018706,OBSERVED,30.33745371562987,OBSERVED,,PENDING_EXECUTION,,STRUCTURAL_MISSING,,STRUCTURAL_MISSING,,STRUCTURAL_MISSING,,PENDING_EXECUTION
33,NH,New Hampshire,2016,,PENDING_EXECUTION,,PENDING_EXECUTION,,PENDING_EXECUTION,,PENDING_EXECUTION,,MISSING,72.07,OBSERVED,,MISSING,4.531537686407769,OBSERVED,,MISSING,,MISSING,,PENDING_EXECUTION,,STRUCTURAL_MISSING,,STRUCTURAL_MISSING,,STRUCTURAL_MISSING,,PENDING_EXECUTION
33,NH,New Hampshire,2017,,PENDING_EXECUTION,,PENDING_EXECUTION,,PENDING_EXECUTION,,PENDING_EXECUTION,31.49960546144867,OBSERVED,,MISSING,16.09350960279156,OBSERVED,,MISSING,23.09314569509825,OBSERVED,35.69871140993656,OBSERVED,,PENDING_EXECUTION,,STRUCTURAL_MISSING,,STRUCTURAL_MISSING,,STRUCTURAL_MISSING,,PENDING_EXECUTION
33,NH,New Hampshire,2018,,PENDING_EXECUTION,,PENDING_EXECUTION,,PENDING_EXECUTION,,PENDING_EXECUTION,,MISSING,,MISSING,,MISSING,4.328208852128017,OBSERVED,,MISSING,,MISSING,,PENDING_EXECUTION,,STRUCTURAL_MISSING,,STRUCTURAL_MISSING,,STRUCTURAL_MISSING,,PENDING_EXECUTION
33,NH,New Hampshire,2019,,PENDING_EXECUTION,,PENDING_EXECUTION,,PENDING_EXECUTION,,PENDING_EXECUTION,33.16878063331053,OBSERVED,,MISSING,18.49415424050036,OBSERVED,4.915552295994292,OBSERVED,27.43088091567342,OBSERVED,32.21093760258704,OBSERVED,,PENDING_EXECUTION,,STRUCTURAL_MISSING,,STRUCTURAL_MISSING,,STRUCTURAL_MISSING,,PENDING_EXECUTION
33,NH,New Hampshire,2020,,PENDING_EXECUTION,,PENDING_EXECUTION,,PENDING_EXECUTION,,PENDING_EXECUTION,,MISSING,73.96,OBSERVED,,MISSING,4.875600383549164,OBSERVED,,MISSING,,MISSING,,PENDING_EXECUTION,,STRUCTURAL_MISSING,,STRUCTURAL_MISSING,,STRUCTURAL_MISSING,,PENDING_EXECUTION
33,NH,New Hampshire,2021,,PENDING_EXECUTION,,PENDING_EXECUTION,,PENDING_EXECUTION,,PENDING_EXECUTION,29.42177035333874,OBSERVED,,MISSING,11.90357401515802,OBSERVED,,MISSING,21.24952082777743,OBSERVED,27.91510309132529,OBSERVED,,PENDING_EXECUTION,,STRUCTURAL_MISSING,,STRUCTURAL_MISSING,,STRUCTURAL_MISSING,,PENDING_EXECUTION
33,NH,New Hampshire,2022,,PENDING_EXECUTION,,PENDING_EXECUTION,,PENDING_EXECUTION,,PENDING_EXECUTION,,MISSING,,MISSING,,MISSING,4.921361855549988,OBSERVED,,MISSING,,MISSING,,PENDING_EXECUTION,,STRUCTURAL_MISSING,,STRUCTURAL_MISSING,,STRUCTURAL_MISSING,,PENDING_EXECUTION
33,NH,New Hampshire,2023,,PENDING_EXECUTION,,PENDING_EXECUTION,,PENDING_EXECUTION,,PENDING_EXECUTION,29.66553526598741,OBSERVED,,MISSING,16.45189811289786,OBSERVED,5.019064886231201,OBSERVED,22.83486451261799,OBSERVED,27.43734511602223,OBSERVED,,PENDING_EXECUTION,,STRUCTURAL_MISSING,,STRUCTURAL_MISSING,,STRUCTURAL_MISSING,,PENDING_EXECUTION
34,NJ,New Jersey,2000,,PENDING_EXECUTION,,PENDING_EXECUTION,,PENDING_EXECUTION,,PENDING_EXECUTION,,MISSING,59.33,OBSERVED,,MISSING,2.354512200228192,OBSERVED,,MISSING,,MISSING,,PENDING_EXECUTION,,STRUCTURAL_MISSING,,STRUCTURAL_MISSING,,STRUCTURAL_MISSING,,PENDING_EXECUTION
34,NJ,New Jersey,2001,,PENDING_EXECUTION,,PENDING_EXECUTION,,PENDING_EXECUTION,,PENDING_EXECUTION,,MISSING,,MISSING,,MISSING,2.5524360946043947,OBSERVED,,MISSING,,MISSING,,PENDING_EXECUTION,,STRUCTURAL_MISSING,,STRUCTURAL_MISSING,,STRUCTURAL_MISSING,,PENDING_EXECUTION
34,NJ,New Jersey,2002,,PENDING_EXECUTION,,PENDING_EXECUTION,,PENDING_EXECUTION,,PENDING_EXECUTION,,MISSING,,MISSING,,MISSING,2.684316415405156,OBSERVED,,MISSING,,MISSING,,PENDING_EXECUTION,,STRUCTURAL_MISSING,,STRUCTURAL_MISSING,,STRUCTURAL_MISSING,,PENDING_EXECUTION
34,NJ,New Jersey,2003,,PENDING_EXECUTION,,PENDING_EXECUTION,,PENDING_EXECUTION,,PENDING_EXECUTION,,MISSING,,MISSING,,MISSING,2.9255695757505578,OBSERVED,,MISSING,,MISSING,,PENDING_EXECUTION,,STRUCTURAL_MISSING,,STRUCTURAL_MISSING,,STRUCTURAL_MISSING,,PENDING_EXECUTION
34,NJ,New Jersey,2004,,PENDING_EXECUTION,,PENDING_EXECUTION,,PENDING_EXECUTION,,PENDING_EXECUTION,,MISSING,64.54,OBSERVED,,MISSING,3.0362863844496553,OBSERVED,,MISSING,,MISSING,,PENDING_EXECUTION,,STRUCTURAL_MISSING,,STRUCTURAL_MISSING,,STRUCTURAL_MISSING,,PENDING_EXECUTION
34,NJ,New Jersey,2005,,PENDING_EXECUTION,,PENDING_EXECUTION,,PENDING_EXECUTION,,PENDING_EXECUTION,,MISSING,,MISSING,,MISSING,3.0975590079211983,OBSERVED,,MISSING,,MISSING,,PENDING_EXECUTION,,STRUCTURAL_MISSING,,STRUCTURAL_MISSING,,STRUCTURAL_MISSING,,PENDING_EXECUTION
34,NJ,New Jersey,2006,,PENDING_EXECUTION,,PENDING_EXECUTION,,PENDING_EXECUTION,,PENDING_EXECUTION,,MISSING,,MISSING,,MISSING,3.2097702997305717,OBSERVED,,MISSING,,MISSING,,PENDING_EXECUTION,,STRUCTURAL_MISSING,,STRUCTURAL_MISSING,,STRUCTURAL_MISSING,,PENDING_EXECUTION
34,NJ,New Jersey,2007,,PENDING_EXECUTION,,PENDING_EXECUTION,,PENDING_EXECUTION,,PENDING_EXECUTION,,MISSING,,MISSING,,MISSING,3.338140572270778,OBSERVED,,MISSING,,MISSING,,PENDING_EXECUTION,,STRUCTURAL_MISSING,,STRUCTURAL_MISSING,,STRUCTURAL_MISSING,,PENDING_EXECUTION
34,NJ,New Jersey,2008,,PENDING_EXECUTION,,PENDING_EXECUTION,,PENDING_EXECUTION,,PENDING_EXECUTION,,MISSING,67.71,OBSERVED,,MISSING,3.458350217940579,OBSERVED,,MISSING,,MISSING,,PENDING_EXECUTION,,STRUCTURAL_MISSING,,STRUCTURAL_MISSING,,STRUCTURAL_MISSING,,PENDING_EXECUTION
34,NJ,New Jersey,2009,,PENDING_EXECUTION,,PENDING_EXECUTION,,PENDING_EXECUTION,,PENDING_EXECUTION,,MISSING,,MISSING,,MISSING,3.599638265878234,OBSERVED,,MISSING,,MISSING,,PENDING_EXECUTION,,STRUCTURAL_MISSING,,STRUCTURAL_MISSING,,STRUCTURAL_MISSING,,PENDING_EXECUTION
34,NJ,New Jersey,2010,,PENDING_EXECUTION,,PENDING_EXECUTION,,PENDING_EXECUTION,,PENDING_EXECUTION,,MISSING,,MISSING,7.872392456665649,OBSERVED,3.7136407714526736,OBSERVED,5.335358419418994,OBSERVED,22.03187728368391,OBSERVED,,PENDING_EXECUTION,,STRUCTURAL_MISSING,,STRUCTURAL_MISSING,,STRUCTURAL_MISSING,,PENDING_EXECUTION
34,NJ,New Jersey,2011,,PENDING_EXECUTION,,PENDING_EXECUTION,,PENDING_EXECUTION,,PENDING_EXECUTION,,MISSING,,MISSING,8.266113742816435,OBSERVED,3.399878032094051,OBSERVED,7.20638572962033,OBSERVED,22.57359711549111,OBSERVED,,PENDING_EXECUTION,,STRUCTURAL_MISSING,,STRUCTURAL_MISSING,,STRUCTURAL_MISSING,,PENDING_EXECUTION
34,NJ,New Jersey,2012,,PENDING_EXECUTION,,PENDING_EXECUTION,,PENDING_EXECUTION,,PENDING_EXECUTION,,MISSING,62.41,OBSERVED,9.273225076172098,OBSERVED,3.40064648572166,OBSERVED,7.804482057287175,OBSERVED,24.30422250373125,OBSERVED,,PENDING_EXECUTION,,STRUCTURAL_MISSING,,STRUCTURAL_MISSING,,STRUCTURAL_MISSING,,PENDING_EXECUTION
34,NJ,New Jersey,2013,,PENDING_EXECUTION,,PENDING_EXECUTION,,PENDING_EXECUTION,,PENDING_EXECUTION,,MISSING,,MISSING,7.735099471476532,OBSERVED,3.312101249280156,OBSERVED,6.168064436469952,OBSERVED,20.92277597728143,OBSERVED,,PENDING_EXECUTION,,STRUCTURAL_MISSING,,STRUCTURAL_MISSING,,STRUCTURAL_MISSING,,PENDING_EXECUTION
34,NJ,New Jersey,2014,,PENDING_EXECUTION,,PENDING_EXECUTION,,PENDING_EXECUTION,,PENDING_EXECUTION,,MISSING,,MISSING,6.797770209158173,OBSERVED,3.5640027936422873,OBSERVED,6.89446458267501,OBSERVED,22.80609318713855,OBSERVED,,PENDING_EXECUTION,,STRUCTURAL_MISSING,,STRUCTURAL_MISSING,,STRUCTURAL_MISSING,,PENDING_EXECUTION
34,NJ,New Jersey,2015,,PENDING_EXECUTION,,PENDING_EXECUTION,,PENDING_EXECUTION,,PENDING_EXECUTION,,MISSING,,MISSING,6.323256977836198,OBSERVED,3.6619906943521263,OBSERVED,6.235067979041515,OBSERVED,22.1186392028443,OBSERVED,,PENDING_EXECUTION,,STRUCTURAL_MISSING,,STRUCTURAL_MISSING,,STRUCTURAL_MISSING,,PENDING_EXECUTION
34,NJ,New Jersey,2016,,PENDING_EXECUTION,,PENDING_EXECUTION,,PENDING_EXECUTION,,PENDING_EXECUTION,,MISSING,66.38,OBSERVED,,MISSING,3.7625157997039302,OBSERVED,,MISSING,,MISSING,,PENDING_EXECUTION,,STRUCTURAL_MISSING,,STRUCTURAL_MISSING,,STRUCTURAL_MISSING,,PENDING_EXECUTION
34,NJ,New Jersey,2017,,PENDING_EXECUTION,,PENDING_EXECUTION,,PENDING_EXECUTION,,PENDING_EXECUTION,25.19327600402153,OBSERVED,,MISSING,11.70869886145335,OBSERVED,,MISSING,19.99109420948438,OBSERVED,26.13469876679049,OBSERVED,,PENDING_EXECUTION,,STRUCTURAL_MISSING,,STRUCTURAL_MISSING,,STRUCTURAL_MISSING,,PENDING_EXECUTION
34,NJ,New Jersey,2018,,PENDING_EXECUTION,,PENDING_EXECUTION,,PENDING_EXECUTION,,PENDING_EXECUTION,,MISSING,,MISSING,,MISSING,3.583891998519973,OBSERVED,,MISSING,,MISSING,,PENDING_EXECUTION,,STRUCTURAL_MISSING,,STRUCTURAL_MISSING,,STRUCTURAL_MISSING,,PENDING_EXECUTION
34,NJ,New Jersey,2019,,PENDING_EXECUTION,,PENDING_EXECUTION,,PENDING_EXECUTION,,PENDING_EXECUTION,26.50676604406062,OBSERVED,,MISSING,9.659196275189025,OBSERVED,4.251591844483649,OBSERVED,21.14538731671485,OBSERVED,26.14723569094346,OBSERVED,,PENDING_EXECUTION,,STRUCTURAL_MISSING,,STRUCTURAL_MISSING,,STRUCTURAL_MISSING,,PENDING_EXECUTION
34,NJ,New Jersey,2020,,PENDING_EXECUTION,,PENDING_EXECUTION,,PENDING_EXECUTION,,PENDING_EXECUTION,,MISSING,72.04,OBSERVED,,MISSING,4.130325810211647,OBSERVED,,MISSING,,MISSING,,PENDING_EXECUTION,,STRUCTURAL_MISSING,,STRUCTURAL_MISSING,,STRUCTURAL_MISSING,,PENDING_EXECUTION
34,NJ,New Jersey,2021,,PENDING_EXECUTION,,PENDING_EXECUTION,,PENDING_EXECUTION,,PENDING_EXECUTION,18.03337415688698,OBSERVED,,MISSING,6.298164601668694,OBSERVED,,MISSING,20.94511683262348,OBSERVED,19.90833886842016,OBSERVED,,PENDING_EXECUTION,,STRUCTURAL_MISSING,,STRUCTURAL_MISSING,,STRUCTURAL_MISSING,,PENDING_EXECUTION
34,NJ,New Jersey,2022,,PENDING_EXECUTION,,PENDING_EXECUTION,,PENDING_EXECUTION,,PENDING_EXECUTION,,MISSING,,MISSING,,MISSING,4.329963544253169,OBSERVED,,MISSING,,MISSING,,PENDING_EXECUTION,,STRUCTURAL_MISSING,,STRUCTURAL_MISSING,,STRUCTURAL_MISSING,,PENDING_EXECUTION
34,NJ,New Jersey,2023,,PENDING_EXECUTION,,PENDING_EXECUTION,,PENDING_EXECUTION,,PENDING_EXECUTION,22.79222964621581,OBSERVED,,MISSING,11.19281899540286,OBSERVED,4.4905515012042505,OBSERVED,23.26863416047337,OBSERVED,24.44026891646882,OBSERVED,,PENDING_EXECUTION,,STRUCTURAL_MISSING,,STRUCTURAL_MISSING,,STRUCTURAL_MISSING,,PENDING_EXECUTION
35,NM,New Mexico,2000,,PENDING_EXECUTION,,PENDING_EXECUTION,,PENDING_EXECUTION,,PENDING_EXECUTION,,MISSING,50.4,OBSERVED,,MISSING,2.9063191163647786,OBSERVED,,MISSING,,MISSING,,PENDING_EXECUTION,,STRUCTURAL_MISSING,,STRUCTURAL_MISSING,,STRUCTURAL_MISSING,,PENDING_EXECUTION
35,NM,New Mexico,2001,,PENDING_EXECUTION,,PENDING_EXECUTION,,PENDING_EXECUTION,,PENDING_EXECUTION,,MISSING,,MISSING,,MISSING,3.048004847981918,OBSERVED,,MISSING,,MISSING,,PENDING_EXECUTION,,STRUCTURAL_MISSING,,STRUCTURAL_MISSING,,STRUCTURAL_MISSING,,PENDING_EXECUTION
35,NM,New Mexico,2002,,PENDING_EXECUTION,,PENDING_EXECUTION,,PENDING_EXECUTION,,PENDING_EXECUTION,,MISSING,,MISSING,,MISSING,3.1514965970628075,OBSERVED,,MISSING,,MISSING,,PENDING_EXECUTION,,STRUCTURAL_MISSING,,STRUCTURAL_MISSING,,STRUCTURAL_MISSING,,PENDING_EXECUTION
35,NM,New Mexico,2003,,PENDING_EXECUTION,,PENDING_EXECUTION,,PENDING_EXECUTION,,PENDING_EXECUTION,,MISSING,,MISSING,,MISSING,3.3319592197165067,OBSERVED,,MISSING,,MISSING,,PENDING_EXECUTION,,STRUCTURAL_MISSING,,STRUCTURAL_MISSING,,STRUCTURAL_MISSING,,PENDING_EXECUTION
35,NM,New Mexico,2004,,PENDING_EXECUTION,,PENDING_EXECUTION,,PENDING_EXECUTION,,PENDING_EXECUTION,,MISSING,60.14,OBSERVED,,MISSING,3.3826940531818335,OBSERVED,,MISSING,,MISSING,,PENDING_EXECUTION,,STRUCTURAL_MISSING,,STRUCTURAL_MISSING,,STRUCTURAL_MISSING,,PENDING_EXECUTION
35,NM,New Mexico,2005,,PENDING_EXECUTION,,PENDING_EXECUTION,,PENDING_EXECUTION,,PENDING_EXECUTION,,MISSING,,MISSING,,MISSING,3.4120419774835247,OBSERVED,,MISSING,,MISSING,,PENDING_EXECUTION,,STRUCTURAL_MISSING,,STRUCTURAL_MISSING,,STRUCTURAL_MISSING,,PENDING_EXECUTION
35,NM,New Mexico,2006,,PENDING_EXECUTION,,PENDING_EXECUTION,,PENDING_EXECUTION,,PENDING_EXECUTION,,MISSING,,MISSING,,MISSING,3.4875240617755026,OBSERVED,,MISSING,,MISSING,,PENDING_EXECUTION,,STRUCTURAL_MISSING,,STRUCTURAL_MISSING,,STRUCTURAL_MISSING,,PENDING_EXECUTION
35,NM,New Mexico,2007,,PENDING_EXECUTION,,PENDING_EXECUTION,,PENDING_EXECUTION,,PENDING_EXECUTION,,MISSING,,MISSING,,MISSING,3.6059033099338214,OBSERVED,,MISSING,,MISSING,,PENDING_EXECUTION,,STRUCTURAL_MISSING,,STRUCTURAL_MISSING,,STRUCTURAL_MISSING,,PENDING_EXECUTION
35,NM,New Mexico,2008,,PENDING_EXECUTION,,PENDING_EXECUTION,,PENDING_EXECUTION,,PENDING_EXECUTION,,MISSING,61.18,OBSERVED,,MISSING,3.6550151144250003,OBSERVED,,MISSING,,MISSING,,PENDING_EXECUTION,,STRUCTURAL_MISSING,,STRUCTURAL_MISSING,,STRUCTURAL_MISSING,,PENDING_EXECUTION
35,NM,New Mexico,2009,,PENDING_EXECUTION,,PENDING_EXECUTION,,PENDING_EXECUTION,,PENDING_EXECUTION,,MISSING,,MISSING,,MISSING,3.7018816752929347,OBSERVED,,MISSING,,MISSING,,PENDING_EXECUTION,,STRUCTURAL_MISSING,,STRUCTURAL_MISSING,,STRUCTURAL_MISSING,,PENDING_EXECUTION
35,NM,New Mexico,2010,,PENDING_EXECUTION,,PENDING_EXECUTION,,PENDING_EXECUTION,,PENDING_EXECUTION,,MISSING,,MISSING,10.75175111483207,OBSERVED,3.768258860978372,OBSERVED,8.563864431358631,OBSERVED,25.51364703064725,OBSERVED,,PENDING_EXECUTION,,STRUCTURAL_MISSING,,STRUCTURAL_MISSING,,STRUCTURAL_MISSING,,PENDING_EXECUTION
35,NM,New Mexico,2011,,PENDING_EXECUTION,,PENDING_EXECUTION,,PENDING_EXECUTION,,PENDING_EXECUTION,,MISSING,,MISSING,10.63117029395963,OBSERVED,3.4151853192208224,OBSERVED,10.15812954751897,OBSERVED,26.65348581727582,OBSERVED,,PENDING_EXECUTION,,STRUCTURAL_MISSING,,STRUCTURAL_MISSING,,STRUCTURAL_MISSING,,PENDING_EXECUTION
35,NM,New Mexico,2012,,PENDING_EXECUTION,,PENDING_EXECUTION,,PENDING_EXECUTION,,PENDING_EXECUTION,,MISSING,54.66,OBSERVED,11.34331037546688,OBSERVED,3.4065952488725713,OBSERVED,7.899498771381293,OBSERVED,27.43343629556755,OBSERVED,,PENDING_EXECUTION,,STRUCTURAL_MISSING,,STRUCTURAL_MISSING,,STRUCTURAL_MISSING,,PENDING_EXECUTION
35,NM,New Mexico,2013,,PENDING_EXECUTION,,PENDING_EXECUTION,,PENDING_EXECUTION,,PENDING_EXECUTION,,MISSING,,MISSING,7.284318278241592,OBSERVED,3.301744573026132,OBSERVED,6.217077848588023,OBSERVED,23.13025278197962,OBSERVED,,PENDING_EXECUTION,,STRUCTURAL_MISSING,,STRUCTURAL_MISSING,,STRUCTURAL_MISSING,,PENDING_EXECUTION
35,NM,New Mexico,2014,,PENDING_EXECUTION,,PENDING_EXECUTION,,PENDING_EXECUTION,,PENDING_EXECUTION,,MISSING,,MISSING,9.984995567441606,OBSERVED,3.54218375341349,OBSERVED,7.812856357616753,OBSERVED,25.65064407069096,OBSERVED,,PENDING_EXECUTION,,STRUCTURAL_MISSING,,STRUCTURAL_MISSING,,STRUCTURAL_MISSING,,PENDING_EXECUTION
35,NM,New Mexico,2015,,PENDING_EXECUTION,,PENDING_EXECUTION,,PENDING_EXECUTION,,PENDING_EXECUTION,,MISSING,,MISSING,10.30049277569075,OBSERVED,3.6553782144242946,OBSERVED,7.638456124859147,OBSERVED,22.23004701307445,OBSERVED,,PENDING_EXECUTION,,STRUCTURAL_MISSING,,STRUCTURAL_MISSING,,STRUCTURAL_MISSING,,PENDING_EXECUTION
35,NM,New Mexico,2016,,PENDING_EXECUTION,,PENDING_EXECUTION,,PENDING_EXECUTION,,PENDING_EXECUTION,,MISSING,54.58,OBSERVED,,MISSING,3.745182324956811,OBSERVED,,MISSING,,MISSING,,PENDING_EXECUTION,,STRUCTURAL_MISSING,,STRUCTURAL_MISSING,,STRUCTURAL_MISSING,,PENDING_EXECUTION
35,NM,New Mexico,2017,,PENDING_EXECUTION,,PENDING_EXECUTION,,PENDING_EXECUTION,,PENDING_EXECUTION,22.01892860751109,OBSERVED,,MISSING,12.25263816163116,OBSERVED,,MISSING,15.25547250874542,OBSERVED,27.05358467666968,OBSERVED,,PENDING_EXECUTION,,STRUCTURAL_MISSING,,STRUCTURAL_MISSING,,STRUCTURAL_MISSING,,PENDING_EXECUTION
35,NM,New Mexico,2018,,PENDING_EXECUTION,,PENDING_EXECUTION,,PENDING_EXECUTION,,PENDING_EXECUTION,,MISSING,,MISSING,,MISSING,3.51951566420888,OBSERVED,,MISSING,,MISSING,,PENDING_EXECUTION,,STRUCTURAL_MISSING,,STRUCTURAL_MISSING,,STRUCTURAL_MISSING,,PENDING_EXECUTION
35,NM,New Mexico,2019,,PENDING_EXECUTION,,PENDING_EXECUTION,,PENDING_EXECUTION,,PENDING_EXECUTION,26.33874108370898,OBSERVED,,MISSING,10.69214362405669,OBSERVED,4.043561877927297,OBSERVED,19.32683739884006,OBSERVED,27.74839777795189,OBSERVED,,PENDING_EXECUTION,,STRUCTURAL_MISSING,,STRUCTURAL_MISSING,,STRUCTURAL_MISSING,,PENDING_EXECUTION
35,NM,New Mexico,2020,,PENDING_EXECUTION,,PENDING_EXECUTION,,PENDING_EXECUTION,,PENDING_EXECUTION,,MISSING,60.49,OBSERVED,,MISSING,4.04628206532206,OBSERVED,,MISSING,,MISSING,,PENDING_EXECUTION,,STRUCTURAL_MISSING,,STRUCTURAL_MISSING,,STRUCTURAL_MISSING,,PENDING_EXECUTION
35,NM,New Mexico,2021,,PENDING_EXECUTION,,PENDING_EXECUTION,,PENDING_EXECUTION,,PENDING_EXECUTION,20.31231841185643,OBSERVED,,MISSING,8.2446386872534,OBSERVED,,MISSING,13.58195813120258,OBSERVED,19.67479830450135,OBSERVED,,PENDING_EXECUTION,,STRUCTURAL_MISSING,,STRUCTURAL_MISSING,,STRUCTURAL_MISSING,,PENDING_EXECUTION
35,NM,New Mexico,2022,,PENDING_EXECUTION,,PENDING_EXECUTION,,PENDING_EXECUTION,,PENDING_EXECUTION,,MISSING,,MISSING,,MISSING,4.0719648578928735,OBSERVED,,MISSING,,MISSING,,PENDING_EXECUTION,,STRUCTURAL_MISSING,,STRUCTURAL_MISSING,,STRUCTURAL_MISSING,,PENDING_EXECUTION
35,NM,New Mexico,2023,,PENDING_EXECUTION,,PENDING_EXECUTION,,PENDING_EXECUTION,,PENDING_EXECUTION,19.08333120347374,OBSERVED,,MISSING,9.122884106332437,OBSERVED,4.152535198411253,OBSERVED,13.78475893613134,OBSERVED,17.14907598264886,OBSERVED,,PENDING_EXECUTION,,STRUCTURAL_MISSING,,STRUCTURAL_MISSING,,STRUCTURAL_MISSING,,PENDING_EXECUTION
36,NY,New York,2000,,PENDING_EXECUTION,,PENDING_EXECUTION,,PENDING_EXECUTION,,PENDING_EXECUTION,,MISSING,56.16,OBSERVED,,MISSING,2.8565218626886533,OBSERVED,,MISSING,,MISSING,,PENDING_EXECUTION,,STRUCTURAL_MISSING,,STRUCTURAL_MISSING,,STRUCTURAL_MISSING,,PENDING_EXECUTION
36,NY,New York,2001,,PENDING_EXECUTION,,PENDING_EXECUTION,,PENDING_EXECUTION,,PENDING_EXECUTION,,MISSING,,MISSING,,MISSING,3.05001803190909,OBSERVED,,MISSING,,MISSING,,PENDING_EXECUTION,,STRUCTURAL_MISSING,,STRUCTURAL_MISSING,,STRUCTURAL_MISSING,,PENDING_EXECUTION
36,NY,New York,2002,,PENDING_EXECUTION,,PENDING_EXECUTION,,PENDING_EXECUTION,,PENDING_EXECUTION,,MISSING,,MISSING,,MISSING,3.1831767496786467,OBSERVED,,MISSING,,MISSING,,PENDING_EXECUTION,,STRUCTURAL_MISSING,,STRUCTURAL_MISSING,,STRUCTURAL_MISSING,,PENDING_EXECUTION
36,NY,New York,2003,,PENDING_EXECUTION,,PENDING_EXECUTION,,PENDING_EXECUTION,,PENDING_EXECUTION,,MISSING,,MISSING,,MISSING,3.4326350328920006,OBSERVED,,MISSING,,MISSING,,PENDING_EXECUTION,,STRUCTURAL_MISSING,,STRUCTURAL_MISSING,,STRUCTURAL_MISSING,,PENDING_EXECUTION
36,NY,New York,2004,,PENDING_EXECUTION,,PENDING_EXECUTION,,PENDING_EXECUTION,,PENDING_EXECUTION,,MISSING,58.92,OBSERVED,,MISSING,3.5542217284586073,OBSERVED,,MISSING,,MISSING,,PENDING_EXECUTION,,STRUCTURAL_MISSING,,STRUCTURAL_MISSING,,STRUCTURAL_MISSING,,PENDING_EXECUTION
36,NY,New York,2005,,PENDING_EXECUTION,,PENDING_EXECUTION,,PENDING_EXECUTION,,PENDING_EXECUTION,,MISSING,,MISSING,,MISSING,3.625746827014192,OBSERVED,,MISSING,,MISSING,,PENDING_EXECUTION,,STRUCTURAL_MISSING,,STRUCTURAL_MISSING,,STRUCTURAL_MISSING,,PENDING_EXECUTION
36,NY,New York,2006,,PENDING_EXECUTION,,PENDING_EXECUTION,,PENDING_EXECUTION,,PENDING_EXECUTION,,MISSING,,MISSING,,MISSING,3.7445894662922306,OBSERVED,,MISSING,,MISSING,,PENDING_EXECUTION,,STRUCTURAL_MISSING,,STRUCTURAL_MISSING,,STRUCTURAL_MISSING,,PENDING_EXECUTION
36,NY,New York,2007,,PENDING_EXECUTION,,PENDING_EXECUTION,,PENDING_EXECUTION,,PENDING_EXECUTION,,MISSING,,MISSING,,MISSING,3.878303406249159,OBSERVED,,MISSING,,MISSING,,PENDING_EXECUTION,,STRUCTURAL_MISSING,,STRUCTURAL_MISSING,,STRUCTURAL_MISSING,,PENDING_EXECUTION
36,NY,New York,2008,,PENDING_EXECUTION,,PENDING_EXECUTION,,PENDING_EXECUTION,,PENDING_EXECUTION,,MISSING,59.65,OBSERVED,,MISSING,3.9468706623147627,OBSERVED,,MISSING,,MISSING,,PENDING_EXECUTION,,STRUCTURAL_MISSING,,STRUCTURAL_MISSING,,STRUCTURAL_MISSING,,PENDING_EXECUTION
36,NY,New York,2009,,PENDING_EXECUTION,,PENDING_EXECUTION,,PENDING_EXECUTION,,PENDING_EXECUTION,,MISSING,,MISSING,,MISSING,4.072498638581336,OBSERVED,,MISSING,,MISSING,,PENDING_EXECUTION,,STRUCTURAL_MISSING,,STRUCTURAL_MISSING,,STRUCTURAL_MISSING,,PENDING_EXECUTION
36,NY,New York,2010,,PENDING_EXECUTION,,PENDING_EXECUTION,,PENDING_EXECUTION,,PENDING_EXECUTION,,MISSING,,MISSING,8.739244424655626,OBSERVED,4.153411481964186,OBSERVED,6.293154232040616,OBSERVED,21.38312486911888,OBSERVED,,PENDING_EXECUTION,,STRUCTURAL_MISSING,,STRUCTURAL_MISSING,,STRUCTURAL_MISSING,,PENDING_EXECUTION
36,NY,New York,2011,,PENDING_EXECUTION,,PENDING_EXECUTION,,PENDING_EXECUTION,,PENDING_EXECUTION,,MISSING,,MISSING,8.485002928809953,OBSERVED,3.828989871292299,OBSERVED,7.93016245902279,OBSERVED,20.61236527829357,OBSERVED,,PENDING_EXECUTION,,STRUCTURAL_MISSING,,STRUCTURAL_MISSING,,STRUCTURAL_MISSING,,PENDING_EXECUTION
36,NY,New York,2012,,PENDING_EXECUTION,,PENDING_EXECUTION,,PENDING_EXECUTION,,PENDING_EXECUTION,,MISSING,53.51,OBSERVED,8.395048404573464,OBSERVED,3.8224489768810854,OBSERVED,6.469152528722348,OBSERVED,19.63885194442046,OBSERVED,,PENDING_EXECUTION,,STRUCTURAL_MISSING,,STRUCTURAL_MISSING,,STRUCTURAL_MISSING,,PENDING_EXECUTION
36,NY,New York,2013,,PENDING_EXECUTION,,PENDING_EXECUTION,,PENDING_EXECUTION,,PENDING_EXECUTION,,MISSING,,MISSING,8.373104088446746,OBSERVED,3.7417290347615935,OBSERVED,7.505138944813695,OBSERVED,18.7391395046114,OBSERVED,,PENDING_EXECUTION,,STRUCTURAL_MISSING,,STRUCTURAL_MISSING,,STRUCTURAL_MISSING,,PENDING_EXECUTION
36,NY,New York,2014,,PENDING_EXECUTION,,PENDING_EXECUTION,,PENDING_EXECUTION,,PENDING_EXECUTION,,MISSING,,MISSING,7.300121577309953,OBSERVED,3.9664321206816258,OBSERVED,7.03935177766518,OBSERVED,19.07891333075445,OBSERVED,,PENDING_EXECUTION,,STRUCTURAL_MISSING,,STRUCTURAL_MISSING,,STRUCTURAL_MISSING,,PENDING_EXECUTION
36,NY,New York,2015,,PENDING_EXECUTION,,PENDING_EXECUTION,,PENDING_EXECUTION,,PENDING_EXECUTION,,MISSING,,MISSING,7.47774806517969,OBSERVED,4.14446098733393,OBSERVED,6.681695727689226,OBSERVED,19.75067325982172,OBSERVED,,PENDING_EXECUTION,,STRUCTURAL_MISSING,,STRUCTURAL_MISSING,,STRUCTURAL_MISSING,,PENDING_EXECUTION
36,NY,New York,2016,,PENDING_EXECUTION,,PENDING_EXECUTION,,PENDING_EXECUTION,,PENDING_EXECUTION,,MISSING,57.57,OBSERVED,,MISSING,4.262952392830231,OBSERVED,,MISSING,,MISSING,,PENDING_EXECUTION,,STRUCTURAL_MISSING,,STRUCTURAL_MISSING,,STRUCTURAL_MISSING,,PENDING_EXECUTION
36,NY,New York,2017,,PENDING_EXECUTION,,PENDING_EXECUTION,,PENDING_EXECUTION,,PENDING_EXECUTION,25.81627053155045,OBSERVED,,MISSING,12.18111707517686,OBSERVED,,MISSING,20.97877685129234,OBSERVED,25.28168026439329,OBSERVED,,PENDING_EXECUTION,,STRUCTURAL_MISSING,,STRUCTURAL_MISSING,,STRUCTURAL_MISSING,,PENDING_EXECUTION
36,NY,New York,2018,,PENDING_EXECUTION,,PENDING_EXECUTION,,PENDING_EXECUTION,,PENDING_EXECUTION,,MISSING,,MISSING,,MISSING,4.082204254194796,OBSERVED,,MISSING,,MISSING,,PENDING_EXECUTION,,STRUCTURAL_MISSING,,STRUCTURAL_MISSING,,STRUCTURAL_MISSING,,PENDING_EXECUTION
36,NY,New York,2019,,PENDING_EXECUTION,,PENDING_EXECUTION,,PENDING_EXECUTION,,PENDING_EXECUTION,21.99009547654598,OBSERVED,,MISSING,8.809592879765054,OBSERVED,4.754682070423305,OBSERVED,18.44212513483452,OBSERVED,22.65285144212084,OBSERVED,,PENDING_EXECUTION,,STRUCTURAL_MISSING,,STRUCTURAL_MISSING,,STRUCTURAL_MISSING,,PENDING_EXECUTION
36,NY,New York,2020,,PENDING_EXECUTION,,PENDING_EXECUTION,,PENDING_EXECUTION,,PENDING_EXECUTION,,MISSING,61.71,OBSERVED,,MISSING,4.664130942450798,OBSERVED,,MISSING,,MISSING,,PENDING_EXECUTION,,STRUCTURAL_MISSING,,STRUCTURAL_MISSING,,STRUCTURAL_MISSING,,PENDING_EXECUTION
36,NY,New York,2021,,PENDING_EXECUTION,,PENDING_EXECUTION,,PENDING_EXECUTION,,PENDING_EXECUTION,24.03521576699664,OBSERVED,,MISSING,8.595311879851241,OBSERVED,,MISSING,20.37699582586536,OBSERVED,21.718865500512,OBSERVED,,PENDING_EXECUTION,,STRUCTURAL_MISSING,,STRUCTURAL_MISSING,,STRUCTURAL_MISSING,,PENDING_EXECUTION
36,NY,New York,2022,,PENDING_EXECUTION,,PENDING_EXECUTION,,PENDING_EXECUTION,,PENDING_EXECUTION,,MISSING,,MISSING,,MISSING,4.931124575564727,OBSERVED,,MISSING,,MISSING,,PENDING_EXECUTION,,STRUCTURAL_MISSING,,STRUCTURAL_MISSING,,STRUCTURAL_MISSING,,PENDING_EXECUTION
36,NY,New York,2023,,PENDING_EXECUTION,,PENDING_EXECUTION,,PENDING_EXECUTION,,PENDING_EXECUTION,23.94091113152562,OBSERVED,,MISSING,9.469307588548737,OBSERVED,5.088544319371877,OBSERVED,24.18320164438619,OBSERVED,22.47396124884783,OBSERVED,,PENDING_EXECUTION,,STRUCTURAL_MISSING,,STRUCTURAL_MISSING,,STRUCTURAL_MISSING,,PENDING_EXECUTION
37,NC,North Carolina,2000,,PENDING_EXECUTION,,PENDING_EXECUTION,,PENDING_EXECUTION,,PENDING_EXECUTION,,MISSING,52.24,OBSERVED,,MISSING,2.2959522689403378,OBSERVED,,MISSING,,MISSING,,PENDING_EXECUTION,,STRUCTURAL_MISSING,,STRUCTURAL_MISSING,,STRUCTURAL_MISSING,,PENDING_EXECUTION
37,NC,North Carolina,2001,,PENDING_EXECUTION,,PENDING_EXECUTION,,PENDING_EXECUTION,,PENDING_EXECUTION,,MISSING,,MISSING,,MISSING,2.459524961992039,OBSERVED,,MISSING,,MISSING,,PENDING_EXECUTION,,STRUCTURAL_MISSING,,STRUCTURAL_MISSING,,STRUCTURAL_MISSING,,PENDING_EXECUTION
37,NC,North Carolina,2002,,PENDING_EXECUTION,,PENDING_EXECUTION,,PENDING_EXECUTION,,PENDING_EXECUTION,,MISSING,,MISSING,,MISSING,2.631932618489513,OBSERVED,,MISSING,,MISSING,,PENDING_EXECUTION,,STRUCTURAL_MISSING,,STRUCTURAL_MISSING,,STRUCTURAL_MISSING,,PENDING_EXECUTION
37,NC,North Carolina,2003,,PENDING_EXECUTION,,PENDING_EXECUTION,,PENDING_EXECUTION,,PENDING_EXECUTION,,MISSING,,MISSING,,MISSING,2.8783611898651005,OBSERVED,,MISSING,,MISSING,,PENDING_EXECUTION,,STRUCTURAL_MISSING,,STRUCTURAL_MISSING,,STRUCTURAL_MISSING,,PENDING_EXECUTION
37,NC,North Carolina,2004,,PENDING_EXECUTION,,PENDING_EXECUTION,,PENDING_EXECUTION,,PENDING_EXECUTION,,MISSING,58.56,OBSERVED,,MISSING,2.9977252830301624,OBSERVED,,MISSING,,MISSING,,PENDING_EXECUTION,,STRUCTURAL_MISSING,,STRUCTURAL_MISSING,,STRUCTURAL_MISSING,,PENDING_EXECUTION
37,NC,North Carolina,2005,,PENDING_EXECUTION,,PENDING_EXECUTION,,PENDING_EXECUTION,,PENDING_EXECUTION,,MISSING,,MISSING,,MISSING,3.03776721754652,OBSERVED,,MISSING,,MISSING,,PENDING_EXECUTION,,STRUCTURAL_MISSING,,STRUCTURAL_MISSING,,STRUCTURAL_MISSING,,PENDING_EXECUTION
37,NC,North Carolina,2006,,PENDING_EXECUTION,,PENDING_EXECUTION,,PENDING_EXECUTION,,PENDING_EXECUTION,,MISSING,,MISSING,,MISSING,3.1073411481316593,OBSERVED,,MISSING,,MISSING,,PENDING_EXECUTION,,STRUCTURAL_MISSING,,STRUCTURAL_MISSING,,STRUCTURAL_MISSING,,PENDING_EXECUTION
37,NC,North Carolina,2007,,PENDING_EXECUTION,,PENDING_EXECUTION,,PENDING_EXECUTION,,PENDING_EXECUTION,,MISSING,,MISSING,,MISSING,3.2286554660833247,OBSERVED,,MISSING,,MISSING,,PENDING_EXECUTION,,STRUCTURAL_MISSING,,STRUCTURAL_MISSING,,STRUCTURAL_MISSING,,PENDING_EXECUTION
37,NC,North Carolina,2008,,PENDING_EXECUTION,,PENDING_EXECUTION,,PENDING_EXECUTION,,PENDING_EXECUTION,,MISSING,66.16,OBSERVED,,MISSING,3.2948244305328918,OBSERVED,,MISSING,,MISSING,,PENDING_EXECUTION,,STRUCTURAL_MISSING,,STRUCTURAL_MISSING,,STRUCTURAL_MISSING,,PENDING_EXECUTION
37,NC,North Carolina,2009,,PENDING_EXECUTION,,PENDING_EXECUTION,,PENDING_EXECUTION,,PENDING_EXECUTION,,MISSING,,MISSING,,MISSING,3.412114376469776,OBSERVED,,MISSING,,MISSING,,PENDING_EXECUTION,,STRUCTURAL_MISSING,,STRUCTURAL_MISSING,,STRUCTURAL_MISSING,,PENDING_EXECUTION
37,NC,North Carolina,2010,,PENDING_EXECUTION,,PENDING_EXECUTION,,PENDING_EXECUTION,,PENDING_EXECUTION,,MISSING,,MISSING,7.62504206189918,OBSERVED,3.5094990007923057,OBSERVED,7.75498897860783,OBSERVED,23.5471876320866,OBSERVED,,PENDING_EXECUTION,,STRUCTURAL_MISSING,,STRUCTURAL_MISSING,,STRUCTURAL_MISSING,,PENDING_EXECUTION
37,NC,North Carolina,2011,,PENDING_EXECUTION,,PENDING_EXECUTION,,PENDING_EXECUTION,,PENDING_EXECUTION,,MISSING,,MISSING,8.54027001551749,OBSERVED,3.1650559436657106,OBSERVED,9.162054947624885,OBSERVED,26.2763262263378,OBSERVED,,PENDING_EXECUTION,,STRUCTURAL_MISSING,,STRUCTURAL_MISSING,,STRUCTURAL_MISSING,,PENDING_EXECUTION
37,NC,North Carolina,2012,,PENDING_EXECUTION,,PENDING_EXECUTION,,PENDING_EXECUTION,,PENDING_EXECUTION,,MISSING,65.34,OBSERVED,9.409660799636304,OBSERVED,3.1584905776466115,OBSERVED,8.925630633271455,OBSERVED,27.48220810661972,OBSERVED,,PENDING_EXECUTION,,STRUCTURAL_MISSING,,STRUCTURAL_MISSING,,STRUCTURAL_MISSING,,PENDING_EXECUTION
37,NC,North Carolina,2013,,PENDING_EXECUTION,,PENDING_EXECUTION,,PENDING_EXECUTION,,PENDING_EXECUTION,,MISSING,,MISSING,8.919621909294692,OBSERVED,3.085698512509296,OBSERVED,8.045095663136843,OBSERVED,25.96108852584664,OBSERVED,,PENDING_EXECUTION,,STRUCTURAL_MISSING,,STRUCTURAL_MISSING,,STRUCTURAL_MISSING,,PENDING_EXECUTION
37,NC,North Carolina,2014,,PENDING_EXECUTION,,PENDING_EXECUTION,,PENDING_EXECUTION,,PENDING_EXECUTION,,MISSING,,MISSING,6.752479109662253,OBSERVED,3.4437943122348686,OBSERVED,7.736827178214506,OBSERVED,25.43435486845745,OBSERVED,,PENDING_EXECUTION,,STRUCTURAL_MISSING,,STRUCTURAL_MISSING,,STRUCTURAL_MISSING,,PENDING_EXECUTION
37,NC,North Carolina,2015,,PENDING_EXECUTION,,PENDING_EXECUTION,,PENDING_EXECUTION,,PENDING_EXECUTION,,MISSING,,MISSING,6.693170811280461,OBSERVED,3.621820309173319,OBSERVED,6.254573691187293,OBSERVED,25.73462444092725,OBSERVED,,PENDING_EXECUTION,,STRUCTURAL_MISSING,,STRUCTURAL_MISSING,,STRUCTURAL_MISSING,,PENDING_EXECUTION
37,NC,North Carolina,2016,,PENDING_EXECUTION,,PENDING_EXECUTION,,PENDING_EXECUTION,,PENDING_EXECUTION,,MISSING,64.72,OBSERVED,,MISSING,3.6994422839571173,OBSERVED,,MISSING,,MISSING,,PENDING_EXECUTION,,STRUCTURAL_MISSING,,STRUCTURAL_MISSING,,STRUCTURAL_MISSING,,PENDING_EXECUTION
37,NC,North Carolina,2017,,PENDING_EXECUTION,,PENDING_EXECUTION,,PENDING_EXECUTION,,PENDING_EXECUTION,32.22846930197934,OBSERVED,,MISSING,9.990949485089773,OBSERVED,,MISSING,24.9298050224556,OBSERVED,35.05171247244729,OBSERVED,,PENDING_EXECUTION,,STRUCTURAL_MISSING,,STRUCTURAL_MISSING,,STRUCTURAL_MISSING,,PENDING_EXECUTION
37,NC,North Carolina,2018,,PENDING_EXECUTION,,PENDING_EXECUTION,,PENDING_EXECUTION,,PENDING_EXECUTION,,MISSING,,MISSING,,MISSING,3.2683889824602326,OBSERVED,,MISSING,,MISSING,,PENDING_EXECUTION,,STRUCTURAL_MISSING,,STRUCTURAL_MISSING,,STRUCTURAL_MISSING,,PENDING_EXECUTION
37,NC,North Carolina,2019,,PENDING_EXECUTION,,PENDING_EXECUTION,,PENDING_EXECUTION,,PENDING_EXECUTION,26.07379479869771,OBSERVED,,MISSING,8.0890073663535,OBSERVED,3.8993907850622356,OBSERVED,21.9505428012979,OBSERVED,30.38212957583172,OBSERVED,,PENDING_EXECUTION,,STRUCTURAL_MISSING,,STRUCTURAL_MISSING,,STRUCTURAL_MISSING,,PENDING_EXECUTION
37,NC,North Carolina,2020,,PENDING_EXECUTION,,PENDING_EXECUTION,,PENDING_EXECUTION,,PENDING_EXECUTION,,MISSING,71,OBSERVED,,MISSING,3.9906973647507726,OBSERVED,,MISSING,,MISSING,,PENDING_EXECUTION,,STRUCTURAL_MISSING,,STRUCTURAL_MISSING,,STRUCTURAL_MISSING,,PENDING_EXECUTION
37,NC,North Carolina,2021,,PENDING_EXECUTION,,PENDING_EXECUTION,,PENDING_EXECUTION,,PENDING_EXECUTION,24.77892501748628,OBSERVED,,MISSING,6.227291692824685,OBSERVED,,MISSING,19.55574742241312,OBSERVED,22.82670964721762,OBSERVED,,PENDING_EXECUTION,,STRUCTURAL_MISSING,,STRUCTURAL_MISSING,,STRUCTURAL_MISSING,,PENDING_EXECUTION
37,NC,North Carolina,2022,,PENDING_EXECUTION,,PENDING_EXECUTION,,PENDING_EXECUTION,,PENDING_EXECUTION,,MISSING,,MISSING,,MISSING,4.214953956936097,OBSERVED,,MISSING,,MISSING,,PENDING_EXECUTION,,STRUCTURAL_MISSING,,STRUCTURAL_MISSING,,STRUCTURAL_MISSING,,PENDING_EXECUTION
37,NC,North Carolina,2023,,PENDING_EXECUTION,,PENDING_EXECUTION,,PENDING_EXECUTION,,PENDING_EXECUTION,20.75656085555372,OBSERVED,,MISSING,8.588765656050152,OBSERVED,4.333629182101669,OBSERVED,23.3095851921666,OBSERVED,21.87335075524729,OBSERVED,,PENDING_EXECUTION,,STRUCTURAL_MISSING,,STRUCTURAL_MISSING,,STRUCTURAL_MISSING,,PENDING_EXECUTION
38,ND,North Dakota,2000,,PENDING_EXECUTION,,PENDING_EXECUTION,,PENDING_EXECUTION,,PENDING_EXECUTION,,MISSING,61.5,OBSERVED,,MISSING,4.02010519872341,OBSERVED,,MISSING,,MISSING,,PENDING_EXECUTION,,STRUCTURAL_MISSING,,STRUCTURAL_MISSING,,STRUCTURAL_MISSING,,PENDING_EXECUTION
38,ND,North Dakota,2001,,PENDING_EXECUTION,,PENDING_EXECUTION,,PENDING_EXECUTION,,PENDING_EXECUTION,,MISSING,,MISSING,,MISSING,4.232766147885495,OBSERVED,,MISSING,,MISSING,,PENDING_EXECUTION,,STRUCTURAL_MISSING,,STRUCTURAL_MISSING,,STRUCTURAL_MISSING,,PENDING_EXECUTION
38,ND,North Dakota,2002,,PENDING_EXECUTION,,PENDING_EXECUTION,,PENDING_EXECUTION,,PENDING_EXECUTION,,MISSING,,MISSING,,MISSING,4.281004375023505,OBSERVED,,MISSING,,MISSING,,PENDING_EXECUTION,,STRUCTURAL_MISSING,,STRUCTURAL_MISSING,,STRUCTURAL_MISSING,,PENDING_EXECUTION
38,ND,North Dakota,2003,,PENDING_EXECUTION,,PENDING_EXECUTION,,PENDING_EXECUTION,,PENDING_EXECUTION,,MISSING,,MISSING,,MISSING,4.395625038156467,OBSERVED,,MISSING,,MISSING,,PENDING_EXECUTION,,STRUCTURAL_MISSING,,STRUCTURAL_MISSING,,STRUCTURAL_MISSING,,PENDING_EXECUTION
38,ND,North Dakota,2004,,PENDING_EXECUTION,,PENDING_EXECUTION,,PENDING_EXECUTION,,PENDING_EXECUTION,,MISSING,64.66,OBSERVED,,MISSING,4.481119271604842,OBSERVED,,MISSING,,MISSING,,PENDING_EXECUTION,,STRUCTURAL_MISSING,,STRUCTURAL_MISSING,,STRUCTURAL_MISSING,,PENDING_EXECUTION
38,ND,North Dakota,2005,,PENDING_EXECUTION,,PENDING_EXECUTION,,PENDING_EXECUTION,,PENDING_EXECUTION,,MISSING,,MISSING,,MISSING,4.5752210608755135,OBSERVED,,MISSING,,MISSING,,PENDING_EXECUTION,,STRUCTURAL_MISSING,,STRUCTURAL_MISSING,,STRUCTURAL_MISSING,,PENDING_EXECUTION
38,ND,North Dakota,2006,,PENDING_EXECUTION,,PENDING_EXECUTION,,PENDING_EXECUTION,,PENDING_EXECUTION,,MISSING,,MISSING,,MISSING,4.693404288736753,OBSERVED,,MISSING,,MISSING,,PENDING_EXECUTION,,STRUCTURAL_MISSING,,STRUCTURAL_MISSING,,STRUCTURAL_MISSING,,PENDING_EXECUTION
38,ND,North Dakota,2007,,PENDING_EXECUTION,,PENDING_EXECUTION,,PENDING_EXECUTION,,PENDING_EXECUTION,,MISSING,,MISSING,,MISSING,4.724105498895564,OBSERVED,,MISSING,,MISSING,,PENDING_EXECUTION,,STRUCTURAL_MISSING,,STRUCTURAL_MISSING,,STRUCTURAL_MISSING,,PENDING_EXECUTION
38,ND,North Dakota,2008,,PENDING_EXECUTION,,PENDING_EXECUTION,,PENDING_EXECUTION,,PENDING_EXECUTION,,MISSING,63.63,OBSERVED,,MISSING,5.1112506824378885,OBSERVED,,MISSING,,MISSING,,PENDING_EXECUTION,,STRUCTURAL_MISSING,,STRUCTURAL_MISSING,,STRUCTURAL_MISSING,,PENDING_EXECUTION
38,ND,North Dakota,2009,,PENDING_EXECUTION,,PENDING_EXECUTION,,PENDING_EXECUTION,,PENDING_EXECUTION,,MISSING,,MISSING,,MISSING,5.2453651905054075,OBSERVED,,MISSING,,MISSING,,PENDING_EXECUTION,,STRUCTURAL_MISSING,,STRUCTURAL_MISSING,,STRUCTURAL_MISSING,,PENDING_EXECUTION
38,ND,North Dakota,2010,,PENDING_EXECUTION,,PENDING_EXECUTION,,PENDING_EXECUTION,,PENDING_EXECUTION,,MISSING,,MISSING,14.94517558897983,OBSERVED,5.427179171013943,OBSERVED,14.00332196747444,OBSERVED,31.87407166216307,OBSERVED,,PENDING_EXECUTION,,STRUCTURAL_MISSING,,STRUCTURAL_MISSING,,STRUCTURAL_MISSING,,PENDING_EXECUTION
38,ND,North Dakota,2011,,PENDING_EXECUTION,,PENDING_EXECUTION,,PENDING_EXECUTION,,PENDING_EXECUTION,,MISSING,,MISSING,14.82977358656518,OBSERVED,5.181422732325251,OBSERVED,16.00195041755511,OBSERVED,30.73089221982599,OBSERVED,,PENDING_EXECUTION,,STRUCTURAL_MISSING,,STRUCTURAL_MISSING,,STRUCTURAL_MISSING,,PENDING_EXECUTION
38,ND,North Dakota,2012,,PENDING_EXECUTION,,PENDING_EXECUTION,,PENDING_EXECUTION,,PENDING_EXECUTION,,MISSING,60.52,OBSERVED,12.85834126786353,OBSERVED,4.833194964021605,OBSERVED,10.10038582469293,OBSERVED,28.74316173772645,OBSERVED,,PENDING_EXECUTION,,STRUCTURAL_MISSING,,STRUCTURAL_MISSING,,STRUCTURAL_MISSING,,PENDING_EXECUTION
38,ND,North Dakota,2013,,PENDING_EXECUTION,,PENDING_EXECUTION,,PENDING_EXECUTION,,PENDING_EXECUTION,,MISSING,,MISSING,12.66731294324722,OBSERVED,4.332440479071394,OBSERVED,9.197395488117056,OBSERVED,27.32057222911354,OBSERVED,,PENDING_EXECUTION,,STRUCTURAL_MISSING,,STRUCTURAL_MISSING,,STRUCTURAL_MISSING,,PENDING_EXECUTION
38,ND,North Dakota,2014,,PENDING_EXECUTION,,PENDING_EXECUTION,,PENDING_EXECUTION,,PENDING_EXECUTION,,MISSING,,MISSING,14.56465919974268,OBSERVED,4.5144679560763254,OBSERVED,11.33210235997039,OBSERVED,32.5783334836145,OBSERVED,,PENDING_EXECUTION,,STRUCTURAL_MISSING,,STRUCTURAL_MISSING,,STRUCTURAL_MISSING,,PENDING_EXECUTION
38,ND,North Dakota,2015,,PENDING_EXECUTION,,PENDING_EXECUTION,,PENDING_EXECUTION,,PENDING_EXECUTION,,MISSING,,MISSING,10.47294769826005,OBSERVED,4.63643739485955,OBSERVED,8.78905998267273,OBSERVED,32.05361779478682,OBSERVED,,PENDING_EXECUTION,,STRUCTURAL_MISSING,,STRUCTURAL_MISSING,,STRUCTURAL_MISSING,,PENDING_EXECUTION
38,ND,North Dakota,2016,,PENDING_EXECUTION,,PENDING_EXECUTION,,PENDING_EXECUTION,,PENDING_EXECUTION,,MISSING,61.9,OBSERVED,,MISSING,4.762509357054625,OBSERVED,,MISSING,,MISSING,,PENDING_EXECUTION,,STRUCTURAL_MISSING,,STRUCTURAL_MISSING,,STRUCTURAL_MISSING,,PENDING_EXECUTION
38,ND,North Dakota,2017,,PENDING_EXECUTION,,PENDING_EXECUTION,,PENDING_EXECUTION,,PENDING_EXECUTION,39.65537196405127,OBSERVED,,MISSING,13.96123594992981,OBSERVED,,MISSING,25.48570865012167,OBSERVED,37.44826913432199,OBSERVED,,PENDING_EXECUTION,,STRUCTURAL_MISSING,,STRUCTURAL_MISSING,,STRUCTURAL_MISSING,,PENDING_EXECUTION
38,ND,North Dakota,2018,,PENDING_EXECUTION,,PENDING_EXECUTION,,PENDING_EXECUTION,,PENDING_EXECUTION,,MISSING,,MISSING,,MISSING,4.568048396051902,OBSERVED,,MISSING,,MISSING,,PENDING_EXECUTION,,STRUCTURAL_MISSING,,STRUCTURAL_MISSING,,STRUCTURAL_MISSING,,PENDING_EXECUTION
38,ND,North Dakota,2019,,PENDING_EXECUTION,,PENDING_EXECUTION,,PENDING_EXECUTION,,PENDING_EXECUTION,30.73900521889274,OBSERVED,,MISSING,11.63510377923702,OBSERVED,5.170716122578313,OBSERVED,23.74350341459492,OBSERVED,32.88530826120138,OBSERVED,,PENDING_EXECUTION,,STRUCTURAL_MISSING,,STRUCTURAL_MISSING,,STRUCTURAL_MISSING,,PENDING_EXECUTION
38,ND,North Dakota,2020,,PENDING_EXECUTION,,PENDING_EXECUTION,,PENDING_EXECUTION,,PENDING_EXECUTION,,MISSING,63.07,OBSERVED,,MISSING,5.132362618543978,OBSERVED,,MISSING,,MISSING,,PENDING_EXECUTION,,STRUCTURAL_MISSING,,STRUCTURAL_MISSING,,STRUCTURAL_MISSING,,PENDING_EXECUTION
38,ND,North Dakota,2021,,PENDING_EXECUTION,,PENDING_EXECUTION,,PENDING_EXECUTION,,PENDING_EXECUTION,32.32403926723114,OBSERVED,,MISSING,8.3534839035462,OBSERVED,,MISSING,18.21813034025835,OBSERVED,26.92270529840561,OBSERVED,,PENDING_EXECUTION,,STRUCTURAL_MISSING,,STRUCTURAL_MISSING,,STRUCTURAL_MISSING,,PENDING_EXECUTION
38,ND,North Dakota,2022,,PENDING_EXECUTION,,PENDING_EXECUTION,,PENDING_EXECUTION,,PENDING_EXECUTION,,MISSING,,MISSING,,MISSING,5.43707119674623,OBSERVED,,MISSING,,MISSING,,PENDING_EXECUTION,,STRUCTURAL_MISSING,,STRUCTURAL_MISSING,,STRUCTURAL_MISSING,,PENDING_EXECUTION
38,ND,North Dakota,2023,,PENDING_EXECUTION,,PENDING_EXECUTION,,PENDING_EXECUTION,,PENDING_EXECUTION,28.05085603896184,OBSERVED,,MISSING,11.00569613500193,OBSERVED,5.744164627783745,OBSERVED,21.75097190727632,OBSERVED,26.93092804041252,OBSERVED,,PENDING_EXECUTION,,STRUCTURAL_MISSING,,STRUCTURAL_MISSING,,STRUCTURAL_MISSING,,PENDING_EXECUTION
39,OH,Ohio,2000,,PENDING_EXECUTION,,PENDING_EXECUTION,,PENDING_EXECUTION,,PENDING_EXECUTION,,MISSING,57.86,OBSERVED,,MISSING,2.6881580859068337,OBSERVED,,MISSING,,MISSING,,PENDING_EXECUTION,,STRUCTURAL_MISSING,,STRUCTURAL_MISSING,,STRUCTURAL_MISSING,,PENDING_EXECUTION
39,OH,Ohio,2001,,PENDING_EXECUTION,,PENDING_EXECUTION,,PENDING_EXECUTION,,PENDING_EXECUTION,,MISSING,,MISSING,,MISSING,2.8463028096658376,OBSERVED,,MISSING,,MISSING,,PENDING_EXECUTION,,STRUCTURAL_MISSING,,STRUCTURAL_MISSING,,STRUCTURAL_MISSING,,PENDING_EXECUTION
39,OH,Ohio,2002,,PENDING_EXECUTION,,PENDING_EXECUTION,,PENDING_EXECUTION,,PENDING_EXECUTION,,MISSING,,MISSING,,MISSING,2.9403336585760957,OBSERVED,,MISSING,,MISSING,,PENDING_EXECUTION,,STRUCTURAL_MISSING,,STRUCTURAL_MISSING,,STRUCTURAL_MISSING,,PENDING_EXECUTION
39,OH,Ohio,2003,,PENDING_EXECUTION,,PENDING_EXECUTION,,PENDING_EXECUTION,,PENDING_EXECUTION,,MISSING,,MISSING,,MISSING,3.12703654846946,OBSERVED,,MISSING,,MISSING,,PENDING_EXECUTION,,STRUCTURAL_MISSING,,STRUCTURAL_MISSING,,STRUCTURAL_MISSING,,PENDING_EXECUTION
39,OH,Ohio,2004,,PENDING_EXECUTION,,PENDING_EXECUTION,,PENDING_EXECUTION,,PENDING_EXECUTION,,MISSING,68.07,OBSERVED,,MISSING,3.2292341479417455,OBSERVED,,MISSING,,MISSING,,PENDING_EXECUTION,,STRUCTURAL_MISSING,,STRUCTURAL_MISSING,,STRUCTURAL_MISSING,,PENDING_EXECUTION
39,OH,Ohio,2005,,PENDING_EXECUTION,,PENDING_EXECUTION,,PENDING_EXECUTION,,PENDING_EXECUTION,,MISSING,,MISSING,,MISSING,3.3049762198036867,OBSERVED,,MISSING,,MISSING,,PENDING_EXECUTION,,STRUCTURAL_MISSING,,STRUCTURAL_MISSING,,STRUCTURAL_MISSING,,PENDING_EXECUTION
39,OH,Ohio,2006,,PENDING_EXECUTION,,PENDING_EXECUTION,,PENDING_EXECUTION,,PENDING_EXECUTION,,MISSING,,MISSING,,MISSING,3.402863443087416,OBSERVED,,MISSING,,MISSING,,PENDING_EXECUTION,,STRUCTURAL_MISSING,,STRUCTURAL_MISSING,,STRUCTURAL_MISSING,,PENDING_EXECUTION
39,OH,Ohio,2007,,PENDING_EXECUTION,,PENDING_EXECUTION,,PENDING_EXECUTION,,PENDING_EXECUTION,,MISSING,,MISSING,,MISSING,3.5195958981843174,OBSERVED,,MISSING,,MISSING,,PENDING_EXECUTION,,STRUCTURAL_MISSING,,STRUCTURAL_MISSING,,STRUCTURAL_MISSING,,PENDING_EXECUTION
39,OH,Ohio,2008,,PENDING_EXECUTION,,PENDING_EXECUTION,,PENDING_EXECUTION,,PENDING_EXECUTION,,MISSING,67.82,OBSERVED,,MISSING,3.754887697690856,OBSERVED,,MISSING,,MISSING,,PENDING_EXECUTION,,STRUCTURAL_MISSING,,STRUCTURAL_MISSING,,STRUCTURAL_MISSING,,PENDING_EXECUTION
39,OH,Ohio,2009,,PENDING_EXECUTION,,PENDING_EXECUTION,,PENDING_EXECUTION,,PENDING_EXECUTION,,MISSING,,MISSING,,MISSING,3.8861483354520674,OBSERVED,,MISSING,,MISSING,,PENDING_EXECUTION,,STRUCTURAL_MISSING,,STRUCTURAL_MISSING,,STRUCTURAL_MISSING,,PENDING_EXECUTION
39,OH,Ohio,2010,,PENDING_EXECUTION,,PENDING_EXECUTION,,PENDING_EXECUTION,,PENDING_EXECUTION,,MISSING,,MISSING,8.5007281259827,OBSERVED,3.982772487663839,OBSERVED,7.713056391727563,OBSERVED,28.38799479441639,OBSERVED,,PENDING_EXECUTION,,STRUCTURAL_MISSING,,STRUCTURAL_MISSING,,STRUCTURAL_MISSING,,PENDING_EXECUTION
39,OH,Ohio,2011,,PENDING_EXECUTION,,PENDING_EXECUTION,,PENDING_EXECUTION,,PENDING_EXECUTION,,MISSING,,MISSING,7.197432166200131,OBSERVED,3.6908001093044316,OBSERVED,7.560651226836494,OBSERVED,26.70080983067985,OBSERVED,,PENDING_EXECUTION,,STRUCTURAL_MISSING,,STRUCTURAL_MISSING,,STRUCTURAL_MISSING,,PENDING_EXECUTION
39,OH,Ohio,2012,,PENDING_EXECUTION,,PENDING_EXECUTION,,PENDING_EXECUTION,,PENDING_EXECUTION,,MISSING,65.13,OBSERVED,7.573174981374469,OBSERVED,3.6718125255443894,OBSERVED,8.3952860995615,OBSERVED,27.46032339114245,OBSERVED,,PENDING_EXECUTION,,STRUCTURAL_MISSING,,STRUCTURAL_MISSING,,STRUCTURAL_MISSING,,PENDING_EXECUTION
39,OH,Ohio,2013,,PENDING_EXECUTION,,PENDING_EXECUTION,,PENDING_EXECUTION,,PENDING_EXECUTION,,MISSING,,MISSING,6.288774917195423,OBSERVED,3.55700307054799,OBSERVED,6.514897018366911,OBSERVED,24.75683496269792,OBSERVED,,PENDING_EXECUTION,,STRUCTURAL_MISSING,,STRUCTURAL_MISSING,,STRUCTURAL_MISSING,,PENDING_EXECUTION
39,OH,Ohio,2014,,PENDING_EXECUTION,,PENDING_EXECUTION,,PENDING_EXECUTION,,PENDING_EXECUTION,,MISSING,,MISSING,8.024220827205003,OBSERVED,3.8437702498403277,OBSERVED,8.47758177211715,OBSERVED,27.54019516959208,OBSERVED,,PENDING_EXECUTION,,STRUCTURAL_MISSING,,STRUCTURAL_MISSING,,STRUCTURAL_MISSING,,PENDING_EXECUTION
39,OH,Ohio,2015,,PENDING_EXECUTION,,PENDING_EXECUTION,,PENDING_EXECUTION,,PENDING_EXECUTION,,MISSING,,MISSING,7.122347928656852,OBSERVED,3.8370152590082096,OBSERVED,7.452943042989954,OBSERVED,27.34596179265747,OBSERVED,,PENDING_EXECUTION,,STRUCTURAL_MISSING,,STRUCTURAL_MISSING,,STRUCTURAL_MISSING,,PENDING_EXECUTION
39,OH,Ohio,2016,,PENDING_EXECUTION,,PENDING_EXECUTION,,PENDING_EXECUTION,,PENDING_EXECUTION,,MISSING,64.02,OBSERVED,,MISSING,4.013810925373237,OBSERVED,,MISSING,,MISSING,,PENDING_EXECUTION,,STRUCTURAL_MISSING,,STRUCTURAL_MISSING,,STRUCTURAL_MISSING,,PENDING_EXECUTION
39,OH,Ohio,2017,,PENDING_EXECUTION,,PENDING_EXECUTION,,PENDING_EXECUTION,,PENDING_EXECUTION,32.19531667676283,OBSERVED,,MISSING,9.302372647847132,OBSERVED,,MISSING,20.80477831407165,OBSERVED,33.24148397688476,OBSERVED,,PENDING_EXECUTION,,STRUCTURAL_MISSING,,STRUCTURAL_MISSING,,STRUCTURAL_MISSING,,PENDING_EXECUTION
39,OH,Ohio,2018,,PENDING_EXECUTION,,PENDING_EXECUTION,,PENDING_EXECUTION,,PENDING_EXECUTION,,MISSING,,MISSING,,MISSING,3.7531380308969555,OBSERVED,,MISSING,,MISSING,,PENDING_EXECUTION,,STRUCTURAL_MISSING,,STRUCTURAL_MISSING,,STRUCTURAL_MISSING,,PENDING_EXECUTION
39,OH,Ohio,2019,,PENDING_EXECUTION,,PENDING_EXECUTION,,PENDING_EXECUTION,,PENDING_EXECUTION,29.25562355314123,OBSERVED,,MISSING,10.09710332829301,OBSERVED,4.471676886099415,OBSERVED,21.69854400209057,OBSERVED,37.10996056909757,OBSERVED,,PENDING_EXECUTION,,STRUCTURAL_MISSING,,STRUCTURAL_MISSING,,STRUCTURAL_MISSING,,PENDING_EXECUTION
39,OH,Ohio,2020,,PENDING_EXECUTION,,PENDING_EXECUTION,,PENDING_EXECUTION,,PENDING_EXECUTION,,MISSING,67.08,OBSERVED,,MISSING,4.477003959556179,OBSERVED,,MISSING,,MISSING,,PENDING_EXECUTION,,STRUCTURAL_MISSING,,STRUCTURAL_MISSING,,STRUCTURAL_MISSING,,PENDING_EXECUTION
39,OH,Ohio,2021,,PENDING_EXECUTION,,PENDING_EXECUTION,,PENDING_EXECUTION,,PENDING_EXECUTION,26.6564273098717,OBSERVED,,MISSING,7.021940939776562,OBSERVED,,MISSING,16.83084433849191,OBSERVED,24.33195067965947,OBSERVED,,PENDING_EXECUTION,,STRUCTURAL_MISSING,,STRUCTURAL_MISSING,,STRUCTURAL_MISSING,,PENDING_EXECUTION
39,OH,Ohio,2022,,PENDING_EXECUTION,,PENDING_EXECUTION,,PENDING_EXECUTION,,PENDING_EXECUTION,,MISSING,,MISSING,,MISSING,4.6827737143227415,OBSERVED,,MISSING,,MISSING,,PENDING_EXECUTION,,STRUCTURAL_MISSING,,STRUCTURAL_MISSING,,STRUCTURAL_MISSING,,PENDING_EXECUTION
39,OH,Ohio,2023,,PENDING_EXECUTION,,PENDING_EXECUTION,,PENDING_EXECUTION,,PENDING_EXECUTION,27.20968965308832,OBSERVED,,MISSING,8.402110640845613,OBSERVED,4.838054850972791,OBSERVED,21.56259253263309,OBSERVED,27.51309592164406,OBSERVED,,PENDING_EXECUTION,,STRUCTURAL_MISSING,,STRUCTURAL_MISSING,,STRUCTURAL_MISSING,,PENDING_EXECUTION
40,OK,Oklahoma,2000,,PENDING_EXECUTION,,PENDING_EXECUTION,,PENDING_EXECUTION,,PENDING_EXECUTION,,MISSING,,MISSING,,MISSING,2.872886912645305,OBSERVED,,MISSING,,MISSING,,PENDING_EXECUTION,,STRUCTURAL_MISSING,,STRUCTURAL_MISSING,,STRUCTURAL_MISSING,,PENDING_EXECUTION
40,OK,Oklahoma,2001,,PENDING_EXECUTION,,PENDING_EXECUTION,,PENDING_EXECUTION,,PENDING_EXECUTION,,MISSING,,MISSING,,MISSING,3.0518300597040757,OBSERVED,,MISSING,,MISSING,,PENDING_EXECUTION,,STRUCTURAL_MISSING,,STRUCTURAL_MISSING,,STRUCTURAL_MISSING,,PENDING_EXECUTION
40,OK,Oklahoma,2002,,PENDING_EXECUTION,,PENDING_EXECUTION,,PENDING_EXECUTION,,PENDING_EXECUTION,,MISSING,,MISSING,,MISSING,3.160431976337602,OBSERVED,,MISSING,,MISSING,,PENDING_EXECUTION,,STRUCTURAL_MISSING,,STRUCTURAL_MISSING,,STRUCTURAL_MISSING,,PENDING_EXECUTION
40,OK,Oklahoma,2003,,PENDING_EXECUTION,,PENDING_EXECUTION,,PENDING_EXECUTION,,PENDING_EXECUTION,,MISSING,,MISSING,,MISSING,3.3470360855626935,OBSERVED,,MISSING,,MISSING,,PENDING_EXECUTION,,STRUCTURAL_MISSING,,STRUCTURAL_MISSING,,STRUCTURAL_MISSING,,PENDING_EXECUTION
40,OK,Oklahoma,2004,,PENDING_EXECUTION,,PENDING_EXECUTION,,PENDING_EXECUTION,,PENDING_EXECUTION,,MISSING,,MISSING,,MISSING,3.4397726334684826,OBSERVED,,MISSING,,MISSING,,PENDING_EXECUTION,,STRUCTURAL_MISSING,,STRUCTURAL_MISSING,,STRUCTURAL_MISSING,,PENDING_EXECUTION
40,OK,Oklahoma,2005,,PENDING_EXECUTION,,PENDING_EXECUTION,,PENDING_EXECUTION,,PENDING_EXECUTION,,MISSING,,MISSING,,MISSING,3.513501251339614,OBSERVED,,MISSING,,MISSING,,PENDING_EXECUTION,,STRUCTURAL_MISSING,,STRUCTURAL_MISSING,,STRUCTURAL_MISSING,,PENDING_EXECUTION
40,OK,Oklahoma,2006,,PENDING_EXECUTION,,PENDING_EXECUTION,,PENDING_EXECUTION,,PENDING_EXECUTION,,MISSING,,MISSING,,MISSING,3.583939189057592,OBSERVED,,MISSING,,MISSING,,PENDING_EXECUTION,,STRUCTURAL_MISSING,,STRUCTURAL_MISSING,,STRUCTURAL_MISSING,,PENDING_EXECUTION
40,OK,Oklahoma,2007,,PENDING_EXECUTION,,PENDING_EXECUTION,,PENDING_EXECUTION,,PENDING_EXECUTION,,MISSING,,MISSING,,MISSING,3.624858262098659,OBSERVED,,MISSING,,MISSING,,PENDING_EXECUTION,,STRUCTURAL_MISSING,,STRUCTURAL_MISSING,,STRUCTURAL_MISSING,,PENDING_EXECUTION
40,OK,Oklahoma,2008,,PENDING_EXECUTION,,PENDING_EXECUTION,,PENDING_EXECUTION,,PENDING_EXECUTION,,MISSING,56.33,OBSERVED,,MISSING,3.786070009724784,OBSERVED,,MISSING,,MISSING,,PENDING_EXECUTION,,STRUCTURAL_MISSING,,STRUCTURAL_MISSING,,STRUCTURAL_MISSING,,PENDING_EXECUTION
40,OK,Oklahoma,2009,,PENDING_EXECUTION,,PENDING_EXECUTION,,PENDING_EXECUTION,,PENDING_EXECUTION,,MISSING,,MISSING,,MISSING,3.8584323316401137,OBSERVED,,MISSING,,MISSING,,PENDING_EXECUTION,,STRUCTURAL_MISSING,,STRUCTURAL_MISSING,,STRUCTURAL_MISSING,,PENDING_EXECUTION
40,OK,Oklahoma,2010,,PENDING_EXECUTION,,PENDING_EXECUTION,,PENDING_EXECUTION,,PENDING_EXECUTION,,MISSING,,MISSING,8.171038310357254,OBSERVED,3.9417406424550543,OBSERVED,7.094003520259313,OBSERVED,28.11412021760118,OBSERVED,,PENDING_EXECUTION,,STRUCTURAL_MISSING,,STRUCTURAL_MISSING,,STRUCTURAL_MISSING,,PENDING_EXECUTION
40,OK,Oklahoma,2011,,PENDING_EXECUTION,,PENDING_EXECUTION,,PENDING_EXECUTION,,PENDING_EXECUTION,,MISSING,,MISSING,7.901377827262269,OBSERVED,3.573404306982853,OBSERVED,7.779460178589309,OBSERVED,29.45172743182164,OBSERVED,,PENDING_EXECUTION,,STRUCTURAL_MISSING,,STRUCTURAL_MISSING,,STRUCTURAL_MISSING,,PENDING_EXECUTION
40,OK,Oklahoma,2012,,PENDING_EXECUTION,,PENDING_EXECUTION,,PENDING_EXECUTION,,PENDING_EXECUTION,,MISSING,49.47,OBSERVED,8.561150223605466,OBSERVED,3.5045505482651365,OBSERVED,6.769653056130867,OBSERVED,25.07738954217886,OBSERVED,,PENDING_EXECUTION,,STRUCTURAL_MISSING,,STRUCTURAL_MISSING,,STRUCTURAL_MISSING,,PENDING_EXECUTION
40,OK,Oklahoma,2013,,PENDING_EXECUTION,,PENDING_EXECUTION,,PENDING_EXECUTION,,PENDING_EXECUTION,,MISSING,,MISSING,6.974100991247044,OBSERVED,3.3545318225139216,OBSERVED,7.376787237369587,OBSERVED,25.09843612140833,OBSERVED,,PENDING_EXECUTION,,STRUCTURAL_MISSING,,STRUCTURAL_MISSING,,STRUCTURAL_MISSING,,PENDING_EXECUTION
40,OK,Oklahoma,2014,,PENDING_EXECUTION,,PENDING_EXECUTION,,PENDING_EXECUTION,,PENDING_EXECUTION,,MISSING,,MISSING,7.064753589674974,OBSERVED,3.527027699360717,OBSERVED,6.895990818619256,OBSERVED,26.5464901917668,OBSERVED,,PENDING_EXECUTION,,STRUCTURAL_MISSING,,STRUCTURAL_MISSING,,STRUCTURAL_MISSING,,PENDING_EXECUTION
40,OK,Oklahoma,2015,,PENDING_EXECUTION,,PENDING_EXECUTION,,PENDING_EXECUTION,,PENDING_EXECUTION,,MISSING,,MISSING,9.18734659876373,OBSERVED,3.6908153855831887,OBSERVED,8.087231486083088,OBSERVED,24.07234178543243,OBSERVED,,PENDING_EXECUTION,,STRUCTURAL_MISSING,,STRUCTURAL_MISSING,,STRUCTURAL_MISSING,,PENDING_EXECUTION
40,OK,Oklahoma,2016,,PENDING_EXECUTION,,PENDING_EXECUTION,,PENDING_EXECUTION,,PENDING_EXECUTION,,MISSING,52.63,OBSERVED,,MISSING,3.7572461084028763,OBSERVED,,MISSING,,MISSING,,PENDING_EXECUTION,,STRUCTURAL_MISSING,,STRUCTURAL_MISSING,,STRUCTURAL_MISSING,,PENDING_EXECUTION
40,OK,Oklahoma,2017,,PENDING_EXECUTION,,PENDING_EXECUTION,,PENDING_EXECUTION,,PENDING_EXECUTION,29.39604657476521,OBSERVED,,MISSING,10.89680588852575,OBSERVED,,MISSING,19.06714232384306,OBSERVED,32.03731893565919,OBSERVED,,PENDING_EXECUTION,,STRUCTURAL_MISSING,,STRUCTURAL_MISSING,,STRUCTURAL_MISSING,,PENDING_EXECUTION
40,OK,Oklahoma,2018,,PENDING_EXECUTION,,PENDING_EXECUTION,,PENDING_EXECUTION,,PENDING_EXECUTION,,MISSING,,MISSING,,MISSING,3.511865637729847,OBSERVED,,MISSING,,MISSING,,PENDING_EXECUTION,,STRUCTURAL_MISSING,,STRUCTURAL_MISSING,,STRUCTURAL_MISSING,,PENDING_EXECUTION
40,OK,Oklahoma,2019,,PENDING_EXECUTION,,PENDING_EXECUTION,,PENDING_EXECUTION,,PENDING_EXECUTION,25.8288014011611,OBSERVED,,MISSING,7.79785842406297,OBSERVED,4.110914399461103,OBSERVED,18.17276298257899,OBSERVED,27.60639264586695,OBSERVED,,PENDING_EXECUTION,,STRUCTURAL_MISSING,,STRUCTURAL_MISSING,,STRUCTURAL_MISSING,,PENDING_EXECUTION
40,OK,Oklahoma,2020,,PENDING_EXECUTION,,PENDING_EXECUTION,,PENDING_EXECUTION,,PENDING_EXECUTION,,MISSING,54.43,OBSERVED,,MISSING,4.1462874574363076,OBSERVED,,MISSING,,MISSING,,PENDING_EXECUTION,,STRUCTURAL_MISSING,,STRUCTURAL_MISSING,,STRUCTURAL_MISSING,,PENDING_EXECUTION
40,OK,Oklahoma,2021,,PENDING_EXECUTION,,PENDING_EXECUTION,,PENDING_EXECUTION,,PENDING_EXECUTION,20.98696276240393,OBSERVED,,MISSING,7.05264397434697,OBSERVED,,MISSING,16.53579818631244,OBSERVED,23.62198583698172,OBSERVED,,PENDING_EXECUTION,,STRUCTURAL_MISSING,,STRUCTURAL_MISSING,,STRUCTURAL_MISSING,,PENDING_EXECUTION
40,OK,Oklahoma,2022,,PENDING_EXECUTION,,PENDING_EXECUTION,,PENDING_EXECUTION,,PENDING_EXECUTION,,MISSING,,MISSING,,MISSING,4.18359448765709,OBSERVED,,MISSING,,MISSING,,PENDING_EXECUTION,,STRUCTURAL_MISSING,,STRUCTURAL_MISSING,,STRUCTURAL_MISSING,,PENDING_EXECUTION
40,OK,Oklahoma,2023,,PENDING_EXECUTION,,PENDING_EXECUTION,,PENDING_EXECUTION,,PENDING_EXECUTION,24.52795654518937,OBSERVED,,MISSING,8.204929992657233,OBSERVED,4.287063276550733,OBSERVED,15.73977795700224,OBSERVED,26.58958074237889,OBSERVED,,PENDING_EXECUTION,,STRUCTURAL_MISSING,,STRUCTURAL_MISSING,,STRUCTURAL_MISSING,,PENDING_EXECUTION
41,OR,Oregon,2000,,PENDING_EXECUTION,,PENDING_EXECUTION,,PENDING_EXECUTION,,PENDING_EXECUTION,,MISSING,64.47,OBSERVED,,MISSING,3.220099203780613,OBSERVED,,MISSING,,MISSING,,PENDING_EXECUTION,,STRUCTURAL_MISSING,,STRUCTURAL_MISSING,,STRUCTURAL_MISSING,,PENDING_EXECUTION
41,OR,Oregon,2001,,PENDING_EXECUTION,,PENDING_EXECUTION,,PENDING_EXECUTION,,PENDING_EXECUTION,,MISSING,,MISSING,,MISSING,3.3754938454764316,OBSERVED,,MISSING,,MISSING,,PENDING_EXECUTION,,STRUCTURAL_MISSING,,STRUCTURAL_MISSING,,STRUCTURAL_MISSING,,PENDING_EXECUTION
41,OR,Oregon,2002,,PENDING_EXECUTION,,PENDING_EXECUTION,,PENDING_EXECUTION,,PENDING_EXECUTION,,MISSING,,MISSING,,MISSING,3.4820733278989384,OBSERVED,,MISSING,,MISSING,,PENDING_EXECUTION,,STRUCTURAL_MISSING,,STRUCTURAL_MISSING,,STRUCTURAL_MISSING,,PENDING_EXECUTION
41,OR,Oregon,2003,,PENDING_EXECUTION,,PENDING_EXECUTION,,PENDING_EXECUTION,,PENDING_EXECUTION,,MISSING,,MISSING,,MISSING,3.798582388785401,OBSERVED,,MISSING,,MISSING,,PENDING_EXECUTION,,STRUCTURAL_MISSING,,STRUCTURAL_MISSING,,STRUCTURAL_MISSING,,PENDING_EXECUTION
41,OR,Oregon,2004,,PENDING_EXECUTION,,PENDING_EXECUTION,,PENDING_EXECUTION,,PENDING_EXECUTION,,MISSING,72.98,OBSERVED,,MISSING,3.9089913524807516,OBSERVED,,MISSING,,MISSING,,PENDING_EXECUTION,,STRUCTURAL_MISSING,,STRUCTURAL_MISSING,,STRUCTURAL_MISSING,,PENDING_EXECUTION
41,OR,Oregon,2005,,PENDING_EXECUTION,,PENDING_EXECUTION,,PENDING_EXECUTION,,PENDING_EXECUTION,,MISSING,,MISSING,,MISSING,3.920068681463145,OBSERVED,,MISSING,,MISSING,,PENDING_EXECUTION,,STRUCTURAL_MISSING,,STRUCTURAL_MISSING,,STRUCTURAL_MISSING,,PENDING_EXECUTION
41,OR,Oregon,2006,,PENDING_EXECUTION,,PENDING_EXECUTION,,PENDING_EXECUTION,,PENDING_EXECUTION,,MISSING,,MISSING,,MISSING,3.98187575033037,OBSERVED,,MISSING,,MISSING,,PENDING_EXECUTION,,STRUCTURAL_MISSING,,STRUCTURAL_MISSING,,STRUCTURAL_MISSING,,PENDING_EXECUTION
41,OR,Oregon,2007,,PENDING_EXECUTION,,PENDING_EXECUTION,,PENDING_EXECUTION,,PENDING_EXECUTION,,MISSING,,MISSING,,MISSING,4.100830186408454,OBSERVED,,MISSING,,MISSING,,PENDING_EXECUTION,,STRUCTURAL_MISSING,,STRUCTURAL_MISSING,,STRUCTURAL_MISSING,,PENDING_EXECUTION
41,OR,Oregon,2008,,PENDING_EXECUTION,,PENDING_EXECUTION,,PENDING_EXECUTION,,PENDING_EXECUTION,,MISSING,68.32,OBSERVED,,MISSING,4.162124928490841,OBSERVED,,MISSING,,MISSING,,PENDING_EXECUTION,,STRUCTURAL_MISSING,,STRUCTURAL_MISSING,,STRUCTURAL_MISSING,,PENDING_EXECUTION
41,OR,Oregon,2009,,PENDING_EXECUTION,,PENDING_EXECUTION,,PENDING_EXECUTION,,PENDING_EXECUTION,,MISSING,,MISSING,,MISSING,4.288715013390747,OBSERVED,,MISSING,,MISSING,,PENDING_EXECUTION,,STRUCTURAL_MISSING,,STRUCTURAL_MISSING,,STRUCTURAL_MISSING,,PENDING_EXECUTION
41,OR,Oregon,2010,,PENDING_EXECUTION,,PENDING_EXECUTION,,PENDING_EXECUTION,,PENDING_EXECUTION,,MISSING,,MISSING,10.46142020538395,OBSERVED,4.383713421933525,OBSERVED,10.6687161174675,OBSERVED,30.80534575575161,OBSERVED,,PENDING_EXECUTION,,STRUCTURAL_MISSING,,STRUCTURAL_MISSING,,STRUCTURAL_MISSING,,PENDING_EXECUTION
41,OR,Oregon,2011,,PENDING_EXECUTION,,PENDING_EXECUTION,,PENDING_EXECUTION,,PENDING_EXECUTION,,MISSING,,MISSING,12.94634645188203,OBSERVED,4.125317093727535,OBSERVED,13.11552010866328,OBSERVED,36.20828754316013,OBSERVED,,PENDING_EXECUTION,,STRUCTURAL_MISSING,,STRUCTURAL_MISSING,,STRUCTURAL_MISSING,,PENDING_EXECUTION
41,OR,Oregon,2012,,PENDING_EXECUTION,,PENDING_EXECUTION,,PENDING_EXECUTION,,PENDING_EXECUTION,,MISSING,64.28,OBSERVED,13.6715480859671,OBSERVED,4.107072071448388,OBSERVED,12.5667123026155,OBSERVED,35.89310678859753,OBSERVED,,PENDING_EXECUTION,,STRUCTURAL_MISSING,,STRUCTURAL_MISSING,,STRUCTURAL_MISSING,,PENDING_EXECUTION
41,OR,Oregon,2013,,PENDING_EXECUTION,,PENDING_EXECUTION,,PENDING_EXECUTION,,PENDING_EXECUTION,,MISSING,,MISSING,11.44247759797928,OBSERVED,4.031997064302479,OBSERVED,11.83352235376933,OBSERVED,31.10243308774723,OBSERVED,,PENDING_EXECUTION,,STRUCTURAL_MISSING,,STRUCTURAL_MISSING,,STRUCTURAL_MISSING,,PENDING_EXECUTION
41,OR,Oregon,2014,,PENDING_EXECUTION,,PENDING_EXECUTION,,PENDING_EXECUTION,,PENDING_EXECUTION,,MISSING,,MISSING,10.70713715566494,OBSERVED,4.235335890253987,OBSERVED,12.20489314532718,OBSERVED,31.8451340094129,OBSERVED,,PENDING_EXECUTION,,STRUCTURAL_MISSING,,STRUCTURAL_MISSING,,STRUCTURAL_MISSING,,PENDING_EXECUTION
41,OR,Oregon,2015,,PENDING_EXECUTION,,PENDING_EXECUTION,,PENDING_EXECUTION,,PENDING_EXECUTION,,MISSING,,MISSING,11.91541664271452,OBSERVED,4.307034740460595,OBSERVED,13.9342920091742,OBSERVED,31.13345791182201,OBSERVED,,PENDING_EXECUTION,,STRUCTURAL_MISSING,,STRUCTURAL_MISSING,,STRUCTURAL_MISSING,,PENDING_EXECUTION
41,OR,Oregon,2016,,PENDING_EXECUTION,,PENDING_EXECUTION,,PENDING_EXECUTION,,PENDING_EXECUTION,,MISSING,68.2,OBSERVED,,MISSING,4.349333332681857,OBSERVED,,MISSING,,MISSING,,PENDING_EXECUTION,,STRUCTURAL_MISSING,,STRUCTURAL_MISSING,,STRUCTURAL_MISSING,,PENDING_EXECUTION
41,OR,Oregon,2017,,PENDING_EXECUTION,,PENDING_EXECUTION,,PENDING_EXECUTION,,PENDING_EXECUTION,43.07710401447384,OBSERVED,,MISSING,17.49000426129285,OBSERVED,,MISSING,32.69492338282662,OBSERVED,43.22076984150239,OBSERVED,,PENDING_EXECUTION,,STRUCTURAL_MISSING,,STRUCTURAL_MISSING,,STRUCTURAL_MISSING,,PENDING_EXECUTION
41,OR,Oregon,2018,,PENDING_EXECUTION,,PENDING_EXECUTION,,PENDING_EXECUTION,,PENDING_EXECUTION,,MISSING,,MISSING,,MISSING,4.026018169310282,OBSERVED,,MISSING,,MISSING,,PENDING_EXECUTION,,STRUCTURAL_MISSING,,STRUCTURAL_MISSING,,STRUCTURAL_MISSING,,PENDING_EXECUTION
41,OR,Oregon,2019,,PENDING_EXECUTION,,PENDING_EXECUTION,,PENDING_EXECUTION,,PENDING_EXECUTION,35.18301730411771,OBSERVED,,MISSING,10.73205697150559,OBSERVED,4.641001338672845,OBSERVED,24.48357410113789,OBSERVED,37.03124814403373,OBSERVED,,PENDING_EXECUTION,,STRUCTURAL_MISSING,,STRUCTURAL_MISSING,,STRUCTURAL_MISSING,,PENDING_EXECUTION
41,OR,Oregon,2020,,PENDING_EXECUTION,,PENDING_EXECUTION,,PENDING_EXECUTION,,PENDING_EXECUTION,,MISSING,75.33,OBSERVED,,MISSING,4.652719736238305,OBSERVED,,MISSING,,MISSING,,PENDING_EXECUTION,,STRUCTURAL_MISSING,,STRUCTURAL_MISSING,,STRUCTURAL_MISSING,,PENDING_EXECUTION
41,OR,Oregon,2021,,PENDING_EXECUTION,,PENDING_EXECUTION,,PENDING_EXECUTION,,PENDING_EXECUTION,32.74688622247889,OBSERVED,,MISSING,10.23618017414012,OBSERVED,,MISSING,20.32834017802493,OBSERVED,28.01614590956446,OBSERVED,,PENDING_EXECUTION,,STRUCTURAL_MISSING,,STRUCTURAL_MISSING,,STRUCTURAL_MISSING,,PENDING_EXECUTION
41,OR,Oregon,2022,,PENDING_EXECUTION,,PENDING_EXECUTION,,PENDING_EXECUTION,,PENDING_EXECUTION,,MISSING,,MISSING,,MISSING,4.814148487313826,OBSERVED,,MISSING,,MISSING,,PENDING_EXECUTION,,STRUCTURAL_MISSING,,STRUCTURAL_MISSING,,STRUCTURAL_MISSING,,PENDING_EXECUTION
41,OR,Oregon,2023,,PENDING_EXECUTION,,PENDING_EXECUTION,,PENDING_EXECUTION,,PENDING_EXECUTION,33.31851886598201,OBSERVED,,MISSING,8.779894592520952,OBSERVED,4.9558766350495285,OBSERVED,28.55175681593101,OBSERVED,31.93583588895888,OBSERVED,,PENDING_EXECUTION,,STRUCTURAL_MISSING,,STRUCTURAL_MISSING,,STRUCTURAL_MISSING,,PENDING_EXECUTION
42,PA,Pennsylvania,2000,,PENDING_EXECUTION,,PENDING_EXECUTION,,PENDING_EXECUTION,,PENDING_EXECUTION,,MISSING,,MISSING,,MISSING,2.503546636798424,OBSERVED,,MISSING,,MISSING,,PENDING_EXECUTION,,STRUCTURAL_MISSING,,STRUCTURAL_MISSING,,STRUCTURAL_MISSING,,PENDING_EXECUTION
42,PA,Pennsylvania,2001,,PENDING_EXECUTION,,PENDING_EXECUTION,,PENDING_EXECUTION,,PENDING_EXECUTION,,MISSING,,MISSING,,MISSING,2.639326707846267,OBSERVED,,MISSING,,MISSING,,PENDING_EXECUTION,,STRUCTURAL_MISSING,,STRUCTURAL_MISSING,,STRUCTURAL_MISSING,,PENDING_EXECUTION
42,PA,Pennsylvania,2002,,PENDING_EXECUTION,,PENDING_EXECUTION,,PENDING_EXECUTION,,PENDING_EXECUTION,,MISSING,,MISSING,,MISSING,2.7145337644516503,OBSERVED,,MISSING,,MISSING,,PENDING_EXECUTION,,STRUCTURAL_MISSING,,STRUCTURAL_MISSING,,STRUCTURAL_MISSING,,PENDING_EXECUTION
42,PA,Pennsylvania,2003,,PENDING_EXECUTION,,PENDING_EXECUTION,,PENDING_EXECUTION,,PENDING_EXECUTION,,MISSING,,MISSING,,MISSING,2.931070903131222,OBSERVED,,MISSING,,MISSING,,PENDING_EXECUTION,,STRUCTURAL_MISSING,,STRUCTURAL_MISSING,,STRUCTURAL_MISSING,,PENDING_EXECUTION
42,PA,Pennsylvania,2004,,PENDING_EXECUTION,,PENDING_EXECUTION,,PENDING_EXECUTION,,PENDING_EXECUTION,,MISSING,,MISSING,,MISSING,3.0457535024956646,OBSERVED,,MISSING,,MISSING,,PENDING_EXECUTION,,STRUCTURAL_MISSING,,STRUCTURAL_MISSING,,STRUCTURAL_MISSING,,PENDING_EXECUTION
42,PA,Pennsylvania,2005,,PENDING_EXECUTION,,PENDING_EXECUTION,,PENDING_EXECUTION,,PENDING_EXECUTION,,MISSING,,MISSING,,MISSING,3.0996812045632165,OBSERVED,,MISSING,,MISSING,,PENDING_EXECUTION,,STRUCTURAL_MISSING,,STRUCTURAL_MISSING,,STRUCTURAL_MISSING,,PENDING_EXECUTION
42,PA,Pennsylvania,2006,,PENDING_EXECUTION,,PENDING_EXECUTION,,PENDING_EXECUTION,,PENDING_EXECUTION,,MISSING,,MISSING,,MISSING,3.18908233672179,OBSERVED,,MISSING,,MISSING,,PENDING_EXECUTION,,STRUCTURAL_MISSING,,STRUCTURAL_MISSING,,STRUCTURAL_MISSING,,PENDING_EXECUTION
42,PA,Pennsylvania,2007,,PENDING_EXECUTION,,PENDING_EXECUTION,,PENDING_EXECUTION,,PENDING_EXECUTION,,MISSING,,MISSING,,MISSING,3.30485579480381,OBSERVED,,MISSING,,MISSING,,PENDING_EXECUTION,,STRUCTURAL_MISSING,,STRUCTURAL_MISSING,,STRUCTURAL_MISSING,,PENDING_EXECUTION
42,PA,Pennsylvania,2008,,PENDING_EXECUTION,,PENDING_EXECUTION,,PENDING_EXECUTION,,PENDING_EXECUTION,,MISSING,64.18,OBSERVED,,MISSING,3.486521276675876,OBSERVED,,MISSING,,MISSING,,PENDING_EXECUTION,,STRUCTURAL_MISSING,,STRUCTURAL_MISSING,,STRUCTURAL_MISSING,,PENDING_EXECUTION
42,PA,Pennsylvania,2009,,PENDING_EXECUTION,,PENDING_EXECUTION,,PENDING_EXECUTION,,PENDING_EXECUTION,,MISSING,,MISSING,,MISSING,3.586603718143836,OBSERVED,,MISSING,,MISSING,,PENDING_EXECUTION,,STRUCTURAL_MISSING,,STRUCTURAL_MISSING,,STRUCTURAL_MISSING,,PENDING_EXECUTION
42,PA,Pennsylvania,2010,,PENDING_EXECUTION,,PENDING_EXECUTION,,PENDING_EXECUTION,,PENDING_EXECUTION,,MISSING,,MISSING,9.27773083876856,OBSERVED,3.6845648703219767,OBSERVED,8.206228796667752,OBSERVED,26.80668096891969,OBSERVED,,PENDING_EXECUTION,,STRUCTURAL_MISSING,,STRUCTURAL_MISSING,,STRUCTURAL_MISSING,,PENDING_EXECUTION
42,PA,Pennsylvania,2011,,PENDING_EXECUTION,,PENDING_EXECUTION,,PENDING_EXECUTION,,PENDING_EXECUTION,,MISSING,,MISSING,9.035995184367358,OBSERVED,3.4218892336832076,OBSERVED,9.88508118153862,OBSERVED,26.48245407064349,OBSERVED,,PENDING_EXECUTION,,STRUCTURAL_MISSING,,STRUCTURAL_MISSING,,STRUCTURAL_MISSING,,PENDING_EXECUTION
42,PA,Pennsylvania,2012,,PENDING_EXECUTION,,PENDING_EXECUTION,,PENDING_EXECUTION,,PENDING_EXECUTION,,MISSING,59.9,OBSERVED,8.406429787424031,OBSERVED,3.443541110849978,OBSERVED,8.395765845215843,OBSERVED,26.59060432253204,OBSERVED,,PENDING_EXECUTION,,STRUCTURAL_MISSING,,STRUCTURAL_MISSING,,STRUCTURAL_MISSING,,PENDING_EXECUTION
42,PA,Pennsylvania,2013,,PENDING_EXECUTION,,PENDING_EXECUTION,,PENDING_EXECUTION,,PENDING_EXECUTION,,MISSING,,MISSING,7.417450841255041,OBSERVED,3.4325967026351027,OBSERVED,7.408133964236034,OBSERVED,26.95088717365883,OBSERVED,,PENDING_EXECUTION,,STRUCTURAL_MISSING,,STRUCTURAL_MISSING,,STRUCTURAL_MISSING,,PENDING_EXECUTION
42,PA,Pennsylvania,2014,,PENDING_EXECUTION,,PENDING_EXECUTION,,PENDING_EXECUTION,,PENDING_EXECUTION,,MISSING,,MISSING,8.141562363891158,OBSERVED,3.5521112861457027,OBSERVED,7.863689164866261,OBSERVED,27.4804926223078,OBSERVED,,PENDING_EXECUTION,,STRUCTURAL_MISSING,,STRUCTURAL_MISSING,,STRUCTURAL_MISSING,,PENDING_EXECUTION
42,PA,Pennsylvania,2015,,PENDING_EXECUTION,,PENDING_EXECUTION,,PENDING_EXECUTION,,PENDING_EXECUTION,,MISSING,,MISSING,7.518851891627826,OBSERVED,3.7228774907078575,OBSERVED,8.506668561932127,OBSERVED,29.5638194381413,OBSERVED,,PENDING_EXECUTION,,STRUCTURAL_MISSING,,STRUCTURAL_MISSING,,STRUCTURAL_MISSING,,PENDING_EXECUTION
42,PA,Pennsylvania,2016,,PENDING_EXECUTION,,PENDING_EXECUTION,,PENDING_EXECUTION,,PENDING_EXECUTION,,MISSING,64.21,OBSERVED,,MISSING,3.8291529524881325,OBSERVED,,MISSING,,MISSING,,PENDING_EXECUTION,,STRUCTURAL_MISSING,,STRUCTURAL_MISSING,,STRUCTURAL_MISSING,,PENDING_EXECUTION
42,PA,Pennsylvania,2017,,PENDING_EXECUTION,,PENDING_EXECUTION,,PENDING_EXECUTION,,PENDING_EXECUTION,33.41889073349776,OBSERVED,,MISSING,9.871264552814523,OBSERVED,,MISSING,22.08828730717826,OBSERVED,34.17313335925548,OBSERVED,,PENDING_EXECUTION,,STRUCTURAL_MISSING,,STRUCTURAL_MISSING,,STRUCTURAL_MISSING,,PENDING_EXECUTION
42,PA,Pennsylvania,2018,,PENDING_EXECUTION,,PENDING_EXECUTION,,PENDING_EXECUTION,,PENDING_EXECUTION,,MISSING,,MISSING,,MISSING,3.6750415153843274,OBSERVED,,MISSING,,MISSING,,PENDING_EXECUTION,,STRUCTURAL_MISSING,,STRUCTURAL_MISSING,,STRUCTURAL_MISSING,,PENDING_EXECUTION
42,PA,Pennsylvania,2019,,PENDING_EXECUTION,,PENDING_EXECUTION,,PENDING_EXECUTION,,PENDING_EXECUTION,36.15782226182177,OBSERVED,,MISSING,10.81511390885264,OBSERVED,4.259277938551356,OBSERVED,22.70006975514256,OBSERVED,35.81269090378185,OBSERVED,,PENDING_EXECUTION,,STRUCTURAL_MISSING,,STRUCTURAL_MISSING,,STRUCTURAL_MISSING,,PENDING_EXECUTION
42,PA,Pennsylvania,2020,,PENDING_EXECUTION,,PENDING_EXECUTION,,PENDING_EXECUTION,,PENDING_EXECUTION,,MISSING,69.93,OBSERVED,,MISSING,4.270947499656996,OBSERVED,,MISSING,,MISSING,,PENDING_EXECUTION,,STRUCTURAL_MISSING,,STRUCTURAL_MISSING,,STRUCTURAL_MISSING,,PENDING_EXECUTION
42,PA,Pennsylvania,2021,,PENDING_EXECUTION,,PENDING_EXECUTION,,PENDING_EXECUTION,,PENDING_EXECUTION,30.22888878759186,OBSERVED,,MISSING,8.291058363746746,OBSERVED,,MISSING,20.04499907378202,OBSERVED,25.64971752969727,OBSERVED,,PENDING_EXECUTION,,STRUCTURAL_MISSING,,STRUCTURAL_MISSING,,STRUCTURAL_MISSING,,PENDING_EXECUTION
42,PA,Pennsylvania,2022,,PENDING_EXECUTION,,PENDING_EXECUTION,,PENDING_EXECUTION,,PENDING_EXECUTION,,MISSING,,MISSING,,MISSING,4.501741469436192,OBSERVED,,MISSING,,MISSING,,PENDING_EXECUTION,,STRUCTURAL_MISSING,,STRUCTURAL_MISSING,,STRUCTURAL_MISSING,,PENDING_EXECUTION
42,PA,Pennsylvania,2023,,PENDING_EXECUTION,,PENDING_EXECUTION,,PENDING_EXECUTION,,PENDING_EXECUTION,29.50255565146828,OBSERVED,,MISSING,9.344043433393765,OBSERVED,4.647698913790747,OBSERVED,23.40938369778818,OBSERVED,27.18997938601721,OBSERVED,,PENDING_EXECUTION,,STRUCTURAL_MISSING,,STRUCTURAL_MISSING,,STRUCTURAL_MISSING,,PENDING_EXECUTION
44,RI,Rhode Island,2000,,PENDING_EXECUTION,,PENDING_EXECUTION,,PENDING_EXECUTION,,PENDING_EXECUTION,,MISSING,56.08,OBSERVED,,MISSING,3.329626342990551,OBSERVED,,MISSING,,MISSING,,PENDING_EXECUTION,,STRUCTURAL_MISSING,,STRUCTURAL_MISSING,,STRUCTURAL_MISSING,,PENDING_EXECUTION
44,RI,Rhode Island,2001,,PENDING_EXECUTION,,PENDING_EXECUTION,,PENDING_EXECUTION,,PENDING_EXECUTION,,MISSING,,MISSING,,MISSING,3.6343272710761654,OBSERVED,,MISSING,,MISSING,,PENDING_EXECUTION,,STRUCTURAL_MISSING,,STRUCTURAL_MISSING,,STRUCTURAL_MISSING,,PENDING_EXECUTION
44,RI,Rhode Island,2002,,PENDING_EXECUTION,,PENDING_EXECUTION,,PENDING_EXECUTION,,PENDING_EXECUTION,,MISSING,,MISSING,,MISSING,3.8987049657831414,OBSERVED,,MISSING,,MISSING,,PENDING_EXECUTION,,STRUCTURAL_MISSING,,STRUCTURAL_MISSING,,STRUCTURAL_MISSING,,PENDING_EXECUTION
44,RI,Rhode Island,2003,,PENDING_EXECUTION,,PENDING_EXECUTION,,PENDING_EXECUTION,,PENDING_EXECUTION,,MISSING,,MISSING,,MISSING,4.136867592234786,OBSERVED,,MISSING,,MISSING,,PENDING_EXECUTION,,STRUCTURAL_MISSING,,STRUCTURAL_MISSING,,STRUCTURAL_MISSING,,PENDING_EXECUTION
44,RI,Rhode Island,2004,,PENDING_EXECUTION,,PENDING_EXECUTION,,PENDING_EXECUTION,,PENDING_EXECUTION,,MISSING,58.89,OBSERVED,,MISSING,4.238869361861715,OBSERVED,,MISSING,,MISSING,,PENDING_EXECUTION,,STRUCTURAL_MISSING,,STRUCTURAL_MISSING,,STRUCTURAL_MISSING,,PENDING_EXECUTION
44,RI,Rhode Island,2005,,PENDING_EXECUTION,,PENDING_EXECUTION,,PENDING_EXECUTION,,PENDING_EXECUTION,,MISSING,,MISSING,,MISSING,4.319628135546242,OBSERVED,,MISSING,,MISSING,,PENDING_EXECUTION,,STRUCTURAL_MISSING,,STRUCTURAL_MISSING,,STRUCTURAL_MISSING,,PENDING_EXECUTION
44,RI,Rhode Island,2006,,PENDING_EXECUTION,,PENDING_EXECUTION,,PENDING_EXECUTION,,PENDING_EXECUTION,,MISSING,,MISSING,,MISSING,3.9573095938654648,OBSERVED,,MISSING,,MISSING,,PENDING_EXECUTION,,STRUCTURAL_MISSING,,STRUCTURAL_MISSING,,STRUCTURAL_MISSING,,PENDING_EXECUTION
44,RI,Rhode Island,2007,,PENDING_EXECUTION,,PENDING_EXECUTION,,PENDING_EXECUTION,,PENDING_EXECUTION,,MISSING,,MISSING,,MISSING,4.445222095591191,OBSERVED,,MISSING,,MISSING,,PENDING_EXECUTION,,STRUCTURAL_MISSING,,STRUCTURAL_MISSING,,STRUCTURAL_MISSING,,PENDING_EXECUTION
44,RI,Rhode Island,2008,,PENDING_EXECUTION,,PENDING_EXECUTION,,PENDING_EXECUTION,,PENDING_EXECUTION,,MISSING,62.23,OBSERVED,,MISSING,4.700460567410709,OBSERVED,,MISSING,,MISSING,,PENDING_EXECUTION,,STRUCTURAL_MISSING,,STRUCTURAL_MISSING,,STRUCTURAL_MISSING,,PENDING_EXECUTION
44,RI,Rhode Island,2009,,PENDING_EXECUTION,,PENDING_EXECUTION,,PENDING_EXECUTION,,PENDING_EXECUTION,,MISSING,,MISSING,,MISSING,4.978901832304208,OBSERVED,,MISSING,,MISSING,,PENDING_EXECUTION,,STRUCTURAL_MISSING,,STRUCTURAL_MISSING,,STRUCTURAL_MISSING,,PENDING_EXECUTION
44,RI,Rhode Island,2010,,PENDING_EXECUTION,,PENDING_EXECUTION,,PENDING_EXECUTION,,PENDING_EXECUTION,,MISSING,,MISSING,10.85291760998926,OBSERVED,5.124317595735839,OBSERVED,7.721773112648596,OBSERVED,25.10698875041274,OBSERVED,,PENDING_EXECUTION,,STRUCTURAL_MISSING,,STRUCTURAL_MISSING,,STRUCTURAL_MISSING,,PENDING_EXECUTION
44,RI,Rhode Island,2011,,PENDING_EXECUTION,,PENDING_EXECUTION,,PENDING_EXECUTION,,PENDING_EXECUTION,,MISSING,,MISSING,11.92960923397725,OBSERVED,4.835699150431426,OBSERVED,9.422761134159071,OBSERVED,25.27942938659722,OBSERVED,,PENDING_EXECUTION,,STRUCTURAL_MISSING,,STRUCTURAL_MISSING,,STRUCTURAL_MISSING,,PENDING_EXECUTION
44,RI,Rhode Island,2012,,PENDING_EXECUTION,,PENDING_EXECUTION,,PENDING_EXECUTION,,PENDING_EXECUTION,,MISSING,58.49,OBSERVED,11.60159032082977,OBSERVED,4.8232379966498975,OBSERVED,7.718855098120543,OBSERVED,23.15675098385619,OBSERVED,,PENDING_EXECUTION,,STRUCTURAL_MISSING,,STRUCTURAL_MISSING,,STRUCTURAL_MISSING,,PENDING_EXECUTION
44,RI,Rhode Island,2013,,PENDING_EXECUTION,,PENDING_EXECUTION,,PENDING_EXECUTION,,PENDING_EXECUTION,,MISSING,,MISSING,8.08322279914872,OBSERVED,4.855242714767517,OBSERVED,6.780452417995082,OBSERVED,23.08007862197843,OBSERVED,,PENDING_EXECUTION,,STRUCTURAL_MISSING,,STRUCTURAL_MISSING,,STRUCTURAL_MISSING,,PENDING_EXECUTION
44,RI,Rhode Island,2014,,PENDING_EXECUTION,,PENDING_EXECUTION,,PENDING_EXECUTION,,PENDING_EXECUTION,,MISSING,,MISSING,9.206398961094898,OBSERVED,5.122521204227878,OBSERVED,8.188887112547325,OBSERVED,24.87469685239919,OBSERVED,,PENDING_EXECUTION,,STRUCTURAL_MISSING,,STRUCTURAL_MISSING,,STRUCTURAL_MISSING,,PENDING_EXECUTION
44,RI,Rhode Island,2015,,PENDING_EXECUTION,,PENDING_EXECUTION,,PENDING_EXECUTION,,PENDING_EXECUTION,,MISSING,,MISSING,9.39667488927133,OBSERVED,5.1727433233101765,OBSERVED,7.391056435706386,OBSERVED,21.04962750802533,OBSERVED,,PENDING_EXECUTION,,STRUCTURAL_MISSING,,STRUCTURAL_MISSING,,STRUCTURAL_MISSING,,PENDING_EXECUTION
44,RI,Rhode Island,2016,,PENDING_EXECUTION,,PENDING_EXECUTION,,PENDING_EXECUTION,,PENDING_EXECUTION,,MISSING,59.78,OBSERVED,,MISSING,5.320395985691274,OBSERVED,,MISSING,,MISSING,,PENDING_EXECUTION,,STRUCTURAL_MISSING,,STRUCTURAL_MISSING,,STRUCTURAL_MISSING,,PENDING_EXECUTION
44,RI,Rhode Island,2017,,PENDING_EXECUTION,,PENDING_EXECUTION,,PENDING_EXECUTION,,PENDING_EXECUTION,28.68765433553855,OBSERVED,,MISSING,15.65902197350008,OBSERVED,,MISSING,16.25853215969679,OBSERVED,30.70928257145286,OBSERVED,,PENDING_EXECUTION,,STRUCTURAL_MISSING,,STRUCTURAL_MISSING,,STRUCTURAL_MISSING,,PENDING_EXECUTION
44,RI,Rhode Island,2018,,PENDING_EXECUTION,,PENDING_EXECUTION,,PENDING_EXECUTION,,PENDING_EXECUTION,,MISSING,,MISSING,,MISSING,5.1551063022378125,OBSERVED,,MISSING,,MISSING,,PENDING_EXECUTION,,STRUCTURAL_MISSING,,STRUCTURAL_MISSING,,STRUCTURAL_MISSING,,PENDING_EXECUTION
44,RI,Rhode Island,2019,,PENDING_EXECUTION,,PENDING_EXECUTION,,PENDING_EXECUTION,,PENDING_EXECUTION,25.78654017675144,OBSERVED,,MISSING,15.70376884268701,OBSERVED,5.7609544132350745,OBSERVED,20.42866139865362,OBSERVED,25.60845277350879,OBSERVED,,PENDING_EXECUTION,,STRUCTURAL_MISSING,,STRUCTURAL_MISSING,,STRUCTURAL_MISSING,,PENDING_EXECUTION
44,RI,Rhode Island,2020,,PENDING_EXECUTION,,PENDING_EXECUTION,,PENDING_EXECUTION,,PENDING_EXECUTION,,MISSING,63.09,OBSERVED,,MISSING,5.61542586762297,OBSERVED,,MISSING,,MISSING,,PENDING_EXECUTION,,STRUCTURAL_MISSING,,STRUCTURAL_MISSING,,STRUCTURAL_MISSING,,PENDING_EXECUTION
44,RI,Rhode Island,2021,,PENDING_EXECUTION,,PENDING_EXECUTION,,PENDING_EXECUTION,,PENDING_EXECUTION,27.00125390029789,OBSERVED,,MISSING,9.571853931406189,OBSERVED,,MISSING,15.13157041712269,OBSERVED,20.14213416376725,OBSERVED,,PENDING_EXECUTION,,STRUCTURAL_MISSING,,STRUCTURAL_MISSING,,STRUCTURAL_MISSING,,PENDING_EXECUTION
44,RI,Rhode Island,2022,,PENDING_EXECUTION,,PENDING_EXECUTION,,PENDING_EXECUTION,,PENDING_EXECUTION,,MISSING,,MISSING,,MISSING,4.917529222684812,OBSERVED,,MISSING,,MISSING,,PENDING_EXECUTION,,STRUCTURAL_MISSING,,STRUCTURAL_MISSING,,STRUCTURAL_MISSING,,PENDING_EXECUTION
44,RI,Rhode Island,2023,,PENDING_EXECUTION,,PENDING_EXECUTION,,PENDING_EXECUTION,,PENDING_EXECUTION,22.64466952479258,OBSERVED,,MISSING,8.508678268072003,OBSERVED,4.587750305211312,OBSERVED,13.31524300201081,OBSERVED,18.08532279125628,OBSERVED,,PENDING_EXECUTION,,STRUCTURAL_MISSING,,STRUCTURAL_MISSING,,STRUCTURAL_MISSING,,PENDING_EXECUTION
45,SC,South Carolina,2000,,PENDING_EXECUTION,,PENDING_EXECUTION,,PENDING_EXECUTION,,PENDING_EXECUTION,,MISSING,49.26,OBSERVED,,MISSING,2.273233864027913,OBSERVED,,MISSING,,MISSING,,PENDING_EXECUTION,,STRUCTURAL_MISSING,,STRUCTURAL_MISSING,,STRUCTURAL_MISSING,,PENDING_EXECUTION
45,SC,South Carolina,2001,,PENDING_EXECUTION,,PENDING_EXECUTION,,PENDING_EXECUTION,,PENDING_EXECUTION,,MISSING,,MISSING,,MISSING,2.611811330641243,OBSERVED,,MISSING,,MISSING,,PENDING_EXECUTION,,STRUCTURAL_MISSING,,STRUCTURAL_MISSING,,STRUCTURAL_MISSING,,PENDING_EXECUTION
45,SC,South Carolina,2002,,PENDING_EXECUTION,,PENDING_EXECUTION,,PENDING_EXECUTION,,PENDING_EXECUTION,,MISSING,,MISSING,,MISSING,2.7330964665958257,OBSERVED,,MISSING,,MISSING,,PENDING_EXECUTION,,STRUCTURAL_MISSING,,STRUCTURAL_MISSING,,STRUCTURAL_MISSING,,PENDING_EXECUTION
45,SC,South Carolina,2003,,PENDING_EXECUTION,,PENDING_EXECUTION,,PENDING_EXECUTION,,PENDING_EXECUTION,,MISSING,,MISSING,,MISSING,2.994002597886368,OBSERVED,,MISSING,,MISSING,,PENDING_EXECUTION,,STRUCTURAL_MISSING,,STRUCTURAL_MISSING,,STRUCTURAL_MISSING,,PENDING_EXECUTION
45,SC,South Carolina,2004,,PENDING_EXECUTION,,PENDING_EXECUTION,,PENDING_EXECUTION,,PENDING_EXECUTION,,MISSING,53.05,OBSERVED,,MISSING,3.135893549178434,OBSERVED,,MISSING,,MISSING,,PENDING_EXECUTION,,STRUCTURAL_MISSING,,STRUCTURAL_MISSING,,STRUCTURAL_MISSING,,PENDING_EXECUTION
45,SC,South Carolina,2005,,PENDING_EXECUTION,,PENDING_EXECUTION,,PENDING_EXECUTION,,PENDING_EXECUTION,,MISSING,,MISSING,,MISSING,3.2572626254347035,OBSERVED,,MISSING,,MISSING,,PENDING_EXECUTION,,STRUCTURAL_MISSING,,STRUCTURAL_MISSING,,STRUCTURAL_MISSING,,PENDING_EXECUTION
45,SC,South Carolina,2006,,PENDING_EXECUTION,,PENDING_EXECUTION,,PENDING_EXECUTION,,PENDING_EXECUTION,,MISSING,,MISSING,,MISSING,3.344311996267882,OBSERVED,,MISSING,,MISSING,,PENDING_EXECUTION,,STRUCTURAL_MISSING,,STRUCTURAL_MISSING,,STRUCTURAL_MISSING,,PENDING_EXECUTION
45,SC,South Carolina,2007,,PENDING_EXECUTION,,PENDING_EXECUTION,,PENDING_EXECUTION,,PENDING_EXECUTION,,MISSING,,MISSING,,MISSING,3.4949629959654462,OBSERVED,,MISSING,,MISSING,,PENDING_EXECUTION,,STRUCTURAL_MISSING,,STRUCTURAL_MISSING,,STRUCTURAL_MISSING,,PENDING_EXECUTION
45,SC,South Carolina,2008,,PENDING_EXECUTION,,PENDING_EXECUTION,,PENDING_EXECUTION,,PENDING_EXECUTION,,MISSING,58.23,OBSERVED,,MISSING,3.597265265855832,OBSERVED,,MISSING,,MISSING,,PENDING_EXECUTION,,STRUCTURAL_MISSING,,STRUCTURAL_MISSING,,STRUCTURAL_MISSING,,PENDING_EXECUTION
45,SC,South Carolina,2009,,PENDING_EXECUTION,,PENDING_EXECUTION,,PENDING_EXECUTION,,PENDING_EXECUTION,,MISSING,,MISSING,,MISSING,3.6794054387573336,OBSERVED,,MISSING,,MISSING,,PENDING_EXECUTION,,STRUCTURAL_MISSING,,STRUCTURAL_MISSING,,STRUCTURAL_MISSING,,PENDING_EXECUTION
45,SC,South Carolina,2010,,PENDING_EXECUTION,,PENDING_EXECUTION,,PENDING_EXECUTION,,PENDING_EXECUTION,,MISSING,,MISSING,9.02933903622811,OBSERVED,3.750771703805519,OBSERVED,9.26843413995647,OBSERVED,24.67773597557273,OBSERVED,,PENDING_EXECUTION,,STRUCTURAL_MISSING,,STRUCTURAL_MISSING,,STRUCTURAL_MISSING,,PENDING_EXECUTION
45,SC,South Carolina,2011,,PENDING_EXECUTION,,PENDING_EXECUTION,,PENDING_EXECUTION,,PENDING_EXECUTION,,MISSING,,MISSING,7.775697798494863,OBSERVED,3.5057157012447955,OBSERVED,8.783894221973764,OBSERVED,26.66542199702377,OBSERVED,,PENDING_EXECUTION,,STRUCTURAL_MISSING,,STRUCTURAL_MISSING,,STRUCTURAL_MISSING,,PENDING_EXECUTION
45,SC,South Carolina,2012,,PENDING_EXECUTION,,PENDING_EXECUTION,,PENDING_EXECUTION,,PENDING_EXECUTION,,MISSING,56.91,OBSERVED,7.408176643393988,OBSERVED,3.539924649721224,OBSERVED,9.327188340093304,OBSERVED,24.94617891552381,OBSERVED,,PENDING_EXECUTION,,STRUCTURAL_MISSING,,STRUCTURAL_MISSING,,STRUCTURAL_MISSING,,PENDING_EXECUTION
45,SC,South Carolina,2013,,PENDING_EXECUTION,,PENDING_EXECUTION,,PENDING_EXECUTION,,PENDING_EXECUTION,,MISSING,,MISSING,7.473290505423009,OBSERVED,3.7262384377198297,OBSERVED,7.613762878636285,OBSERVED,20.80585189563033,OBSERVED,,PENDING_EXECUTION,,STRUCTURAL_MISSING,,STRUCTURAL_MISSING,,STRUCTURAL_MISSING,,PENDING_EXECUTION
45,SC,South Carolina,2014,,PENDING_EXECUTION,,PENDING_EXECUTION,,PENDING_EXECUTION,,PENDING_EXECUTION,,MISSING,,MISSING,9.290512319910519,OBSERVED,3.903574540622492,OBSERVED,10.29195596420772,OBSERVED,23.27672063086659,OBSERVED,,PENDING_EXECUTION,,STRUCTURAL_MISSING,,STRUCTURAL_MISSING,,STRUCTURAL_MISSING,,PENDING_EXECUTION
45,SC,South Carolina,2015,,PENDING_EXECUTION,,PENDING_EXECUTION,,PENDING_EXECUTION,,PENDING_EXECUTION,,MISSING,,MISSING,9.068513737704373,OBSERVED,4.03369603713721,OBSERVED,8.166518432781288,OBSERVED,23.50617376331954,OBSERVED,,PENDING_EXECUTION,,STRUCTURAL_MISSING,,STRUCTURAL_MISSING,,STRUCTURAL_MISSING,,PENDING_EXECUTION
45,SC,South Carolina,2016,,PENDING_EXECUTION,,PENDING_EXECUTION,,PENDING_EXECUTION,,PENDING_EXECUTION,,MISSING,57.3,OBSERVED,,MISSING,4.116234615500085,OBSERVED,,MISSING,,MISSING,,PENDING_EXECUTION,,STRUCTURAL_MISSING,,STRUCTURAL_MISSING,,STRUCTURAL_MISSING,,PENDING_EXECUTION
45,SC,South Carolina,2017,,PENDING_EXECUTION,,PENDING_EXECUTION,,PENDING_EXECUTION,,PENDING_EXECUTION,26.61299560182246,OBSERVED,,MISSING,9.913724360868269,OBSERVED,,MISSING,24.67985302604747,OBSERVED,30.80472253290429,OBSERVED,,PENDING_EXECUTION,,STRUCTURAL_MISSING,,STRUCTURAL_MISSING,,STRUCTURAL_MISSING,,PENDING_EXECUTION
45,SC,South Carolina,2018,,PENDING_EXECUTION,,PENDING_EXECUTION,,PENDING_EXECUTION,,PENDING_EXECUTION,,MISSING,,MISSING,,MISSING,3.867272672281292,OBSERVED,,MISSING,,MISSING,,PENDING_EXECUTION,,STRUCTURAL_MISSING,,STRUCTURAL_MISSING,,STRUCTURAL_MISSING,,PENDING_EXECUTION
45,SC,South Carolina,2019,,PENDING_EXECUTION,,PENDING_EXECUTION,,PENDING_EXECUTION,,PENDING_EXECUTION,34.31520193196179,OBSERVED,,MISSING,11.80722792968042,OBSERVED,4.508790930534567,OBSERVED,22.81237814839675,OBSERVED,31.31519482562159,OBSERVED,,PENDING_EXECUTION,,STRUCTURAL_MISSING,,STRUCTURAL_MISSING,,STRUCTURAL_MISSING,,PENDING_EXECUTION
45,SC,South Carolina,2020,,PENDING_EXECUTION,,PENDING_EXECUTION,,PENDING_EXECUTION,,PENDING_EXECUTION,,MISSING,64.71,OBSERVED,,MISSING,4.593980184916616,OBSERVED,,MISSING,,MISSING,,PENDING_EXECUTION,,STRUCTURAL_MISSING,,STRUCTURAL_MISSING,,STRUCTURAL_MISSING,,PENDING_EXECUTION
45,SC,South Carolina,2021,,PENDING_EXECUTION,,PENDING_EXECUTION,,PENDING_EXECUTION,,PENDING_EXECUTION,22.24055917889097,OBSERVED,,MISSING,9.083204303048047,OBSERVED,,MISSING,23.22972706565618,OBSERVED,21.8271063263173,OBSERVED,,PENDING_EXECUTION,,STRUCTURAL_MISSING,,STRUCTURAL_MISSING,,STRUCTURAL_MISSING,,PENDING_EXECUTION
45,SC,South Carolina,2022,,PENDING_EXECUTION,,PENDING_EXECUTION,,PENDING_EXECUTION,,PENDING_EXECUTION,,MISSING,,MISSING,,MISSING,4.71970705788711,OBSERVED,,MISSING,,MISSING,,PENDING_EXECUTION,,STRUCTURAL_MISSING,,STRUCTURAL_MISSING,,STRUCTURAL_MISSING,,PENDING_EXECUTION
45,SC,South Carolina,2023,,PENDING_EXECUTION,,PENDING_EXECUTION,,PENDING_EXECUTION,,PENDING_EXECUTION,23.49641753609197,OBSERVED,,MISSING,9.528538345845758,OBSERVED,4.882428857618467,OBSERVED,21.31285997281006,OBSERVED,24.87722247130792,OBSERVED,,PENDING_EXECUTION,,STRUCTURAL_MISSING,,STRUCTURAL_MISSING,,STRUCTURAL_MISSING,,PENDING_EXECUTION
46,SD,South Dakota,2000,,PENDING_EXECUTION,,PENDING_EXECUTION,,PENDING_EXECUTION,,PENDING_EXECUTION,,MISSING,59.05,OBSERVED,,MISSING,3.7282825556596335,OBSERVED,,MISSING,,MISSING,,PENDING_EXECUTION,,STRUCTURAL_MISSING,,STRUCTURAL_MISSING,,STRUCTURAL_MISSING,,PENDING_EXECUTION
46,SD,South Dakota,2001,,PENDING_EXECUTION,,PENDING_EXECUTION,,PENDING_EXECUTION,,PENDING_EXECUTION,,MISSING,,MISSING,,MISSING,3.955291224477949,OBSERVED,,MISSING,,MISSING,,PENDING_EXECUTION,,STRUCTURAL_MISSING,,STRUCTURAL_MISSING,,STRUCTURAL_MISSING,,PENDING_EXECUTION
46,SD,South Dakota,2002,,PENDING_EXECUTION,,PENDING_EXECUTION,,PENDING_EXECUTION,,PENDING_EXECUTION,,MISSING,,MISSING,,MISSING,4.038051630220257,OBSERVED,,MISSING,,MISSING,,PENDING_EXECUTION,,STRUCTURAL_MISSING,,STRUCTURAL_MISSING,,STRUCTURAL_MISSING,,PENDING_EXECUTION
46,SD,South Dakota,2003,,PENDING_EXECUTION,,PENDING_EXECUTION,,PENDING_EXECUTION,,PENDING_EXECUTION,,MISSING,,MISSING,,MISSING,4.218773936828377,OBSERVED,,MISSING,,MISSING,,PENDING_EXECUTION,,STRUCTURAL_MISSING,,STRUCTURAL_MISSING,,STRUCTURAL_MISSING,,PENDING_EXECUTION
46,SD,South Dakota,2004,,PENDING_EXECUTION,,PENDING_EXECUTION,,PENDING_EXECUTION,,PENDING_EXECUTION,,MISSING,69.86,OBSERVED,,MISSING,4.3198562817044746,OBSERVED,,MISSING,,MISSING,,PENDING_EXECUTION,,STRUCTURAL_MISSING,,STRUCTURAL_MISSING,,STRUCTURAL_MISSING,,PENDING_EXECUTION
46,SD,South Dakota,2005,,PENDING_EXECUTION,,PENDING_EXECUTION,,PENDING_EXECUTION,,PENDING_EXECUTION,,MISSING,,MISSING,,MISSING,4.366254756651576,OBSERVED,,MISSING,,MISSING,,PENDING_EXECUTION,,STRUCTURAL_MISSING,,STRUCTURAL_MISSING,,STRUCTURAL_MISSING,,PENDING_EXECUTION
46,SD,South Dakota,2006,,PENDING_EXECUTION,,PENDING_EXECUTION,,PENDING_EXECUTION,,PENDING_EXECUTION,,MISSING,,MISSING,,MISSING,4.476184273204322,OBSERVED,,MISSING,,MISSING,,PENDING_EXECUTION,,STRUCTURAL_MISSING,,STRUCTURAL_MISSING,,STRUCTURAL_MISSING,,PENDING_EXECUTION
46,SD,South Dakota,2007,,PENDING_EXECUTION,,PENDING_EXECUTION,,PENDING_EXECUTION,,PENDING_EXECUTION,,MISSING,,MISSING,,MISSING,4.502143065575407,OBSERVED,,MISSING,,MISSING,,PENDING_EXECUTION,,STRUCTURAL_MISSING,,STRUCTURAL_MISSING,,STRUCTURAL_MISSING,,PENDING_EXECUTION
46,SD,South Dakota,2008,,PENDING_EXECUTION,,PENDING_EXECUTION,,PENDING_EXECUTION,,PENDING_EXECUTION,,MISSING,65.6,OBSERVED,,MISSING,5.071803624969341,OBSERVED,,MISSING,,MISSING,,PENDING_EXECUTION,,STRUCTURAL_MISSING,,STRUCTURAL_MISSING,,STRUCTURAL_MISSING,,PENDING_EXECUTION
46,SD,South Dakota,2009,,PENDING_EXECUTION,,PENDING_EXECUTION,,PENDING_EXECUTION,,PENDING_EXECUTION,,MISSING,,MISSING,,MISSING,5.151988620523451,OBSERVED,,MISSING,,MISSING,,PENDING_EXECUTION,,STRUCTURAL_MISSING,,STRUCTURAL_MISSING,,STRUCTURAL_MISSING,,PENDING_EXECUTION
46,SD,South Dakota,2010,,PENDING_EXECUTION,,PENDING_EXECUTION,,PENDING_EXECUTION,,PENDING_EXECUTION,,MISSING,,MISSING,14.7452420760138,OBSERVED,5.289190179283577,OBSERVED,16.27073014299695,OBSERVED,37.27795512921893,OBSERVED,,PENDING_EXECUTION,,STRUCTURAL_MISSING,,STRUCTURAL_MISSING,,STRUCTURAL_MISSING,,PENDING_EXECUTION
46,SD,South Dakota,2011,,PENDING_EXECUTION,,PENDING_EXECUTION,,PENDING_EXECUTION,,PENDING_EXECUTION,,MISSING,,MISSING,15.81232696642712,OBSERVED,5.044067302789715,OBSERVED,15.30201404018727,OBSERVED,36.72332064479589,OBSERVED,,PENDING_EXECUTION,,STRUCTURAL_MISSING,,STRUCTURAL_MISSING,,STRUCTURAL_MISSING,,PENDING_EXECUTION
46,SD,South Dakota,2012,,PENDING_EXECUTION,,PENDING_EXECUTION,,PENDING_EXECUTION,,PENDING_EXECUTION,,MISSING,60.19,OBSERVED,15.02621534976393,OBSERVED,4.73701189289796,OBSERVED,16.47767106340037,OBSERVED,33.0993295202063,OBSERVED,,PENDING_EXECUTION,,STRUCTURAL_MISSING,,STRUCTURAL_MISSING,,STRUCTURAL_MISSING,,PENDING_EXECUTION
46,SD,South Dakota,2013,,PENDING_EXECUTION,,PENDING_EXECUTION,,PENDING_EXECUTION,,PENDING_EXECUTION,,MISSING,,MISSING,11.26591915768806,OBSERVED,4.425981102365942,OBSERVED,11.99627485212087,OBSERVED,33.86179107659034,OBSERVED,,PENDING_EXECUTION,,STRUCTURAL_MISSING,,STRUCTURAL_MISSING,,STRUCTURAL_MISSING,,PENDING_EXECUTION
46,SD,South Dakota,2014,,PENDING_EXECUTION,,PENDING_EXECUTION,,PENDING_EXECUTION,,PENDING_EXECUTION,,MISSING,,MISSING,14.59424639275093,OBSERVED,4.667694516694716,OBSERVED,13.58356941317583,OBSERVED,35.11298944246368,OBSERVED,,PENDING_EXECUTION,,STRUCTURAL_MISSING,,STRUCTURAL_MISSING,,STRUCTURAL_MISSING,,PENDING_EXECUTION
46,SD,South Dakota,2015,,PENDING_EXECUTION,,PENDING_EXECUTION,,PENDING_EXECUTION,,PENDING_EXECUTION,,MISSING,,MISSING,11.74686424315997,OBSERVED,4.683717441845499,OBSERVED,10.93215095993914,OBSERVED,36.65322475618045,OBSERVED,,PENDING_EXECUTION,,STRUCTURAL_MISSING,,STRUCTURAL_MISSING,,STRUCTURAL_MISSING,,PENDING_EXECUTION
46,SD,South Dakota,2016,,PENDING_EXECUTION,,PENDING_EXECUTION,,PENDING_EXECUTION,,PENDING_EXECUTION,,MISSING,60.3,OBSERVED,,MISSING,4.778318221868187,OBSERVED,,MISSING,,MISSING,,PENDING_EXECUTION,,STRUCTURAL_MISSING,,STRUCTURAL_MISSING,,STRUCTURAL_MISSING,,PENDING_EXECUTION
46,SD,South Dakota,2017,,PENDING_EXECUTION,,PENDING_EXECUTION,,PENDING_EXECUTION,,PENDING_EXECUTION,33.18460422776343,OBSERVED,,MISSING,12.93024015330383,OBSERVED,,MISSING,24.70284590016717,OBSERVED,36.26745322543838,OBSERVED,,PENDING_EXECUTION,,STRUCTURAL_MISSING,,STRUCTURAL_MISSING,,STRUCTURAL_MISSING,,PENDING_EXECUTION
46,SD,South Dakota,2018,,PENDING_EXECUTION,,PENDING_EXECUTION,,PENDING_EXECUTION,,PENDING_EXECUTION,,MISSING,,MISSING,,MISSING,4.5042791220237755,OBSERVED,,MISSING,,MISSING,,PENDING_EXECUTION,,STRUCTURAL_MISSING,,STRUCTURAL_MISSING,,STRUCTURAL_MISSING,,PENDING_EXECUTION
46,SD,South Dakota,2019,,PENDING_EXECUTION,,PENDING_EXECUTION,,PENDING_EXECUTION,,PENDING_EXECUTION,40.10539476657839,OBSERVED,,MISSING,17.6663477030054,OBSERVED,5.167242119786682,OBSERVED,31.37183266195043,OBSERVED,46.85453131944544,OBSERVED,,PENDING_EXECUTION,,STRUCTURAL_MISSING,,STRUCTURAL_MISSING,,STRUCTURAL_MISSING,,PENDING_EXECUTION
46,SD,South Dakota,2020,,PENDING_EXECUTION,,PENDING_EXECUTION,,PENDING_EXECUTION,,PENDING_EXECUTION,,MISSING,65.62,OBSERVED,,MISSING,5.120222739826007,OBSERVED,,MISSING,,MISSING,,PENDING_EXECUTION,,STRUCTURAL_MISSING,,STRUCTURAL_MISSING,,STRUCTURAL_MISSING,,PENDING_EXECUTION
46,SD,South Dakota,2021,,PENDING_EXECUTION,,PENDING_EXECUTION,,PENDING_EXECUTION,,PENDING_EXECUTION,34.7302619671124,OBSERVED,,MISSING,11.33705733121591,OBSERVED,,MISSING,28.05229084165369,OBSERVED,34.22854921261391,OBSERVED,,PENDING_EXECUTION,,STRUCTURAL_MISSING,,STRUCTURAL_MISSING,,STRUCTURAL_MISSING,,PENDING_EXECUTION
46,SD,South Dakota,2022,,PENDING_EXECUTION,,PENDING_EXECUTION,,PENDING_EXECUTION,,PENDING_EXECUTION,,MISSING,,MISSING,,MISSING,5.334833915651593,OBSERVED,,MISSING,,MISSING,,PENDING_EXECUTION,,STRUCTURAL_MISSING,,STRUCTURAL_MISSING,,STRUCTURAL_MISSING,,PENDING_EXECUTION
46,SD,South Dakota,2023,,PENDING_EXECUTION,,PENDING_EXECUTION,,PENDING_EXECUTION,,PENDING_EXECUTION,30.16257840360327,OBSERVED,,MISSING,11.16610051161974,OBSERVED,5.3920406214171805,OBSERVED,25.73572086058111,OBSERVED,36.5208933569679,OBSERVED,,PENDING_EXECUTION,,STRUCTURAL_MISSING,,STRUCTURAL_MISSING,,STRUCTURAL_MISSING,,PENDING_EXECUTION
47,TN,Tennessee,2000,,PENDING_EXECUTION,,PENDING_EXECUTION,,PENDING_EXECUTION,,PENDING_EXECUTION,,MISSING,50.36,OBSERVED,,MISSING,2.7946678298843266,OBSERVED,,MISSING,,MISSING,,PENDING_EXECUTION,,STRUCTURAL_MISSING,,STRUCTURAL_MISSING,,STRUCTURAL_MISSING,,PENDING_EXECUTION
47,TN,Tennessee,2001,,PENDING_EXECUTION,,PENDING_EXECUTION,,PENDING_EXECUTION,,PENDING_EXECUTION,,MISSING,,MISSING,,MISSING,2.8903859974692168,OBSERVED,,MISSING,,MISSING,,PENDING_EXECUTION,,STRUCTURAL_MISSING,,STRUCTURAL_MISSING,,STRUCTURAL_MISSING,,PENDING_EXECUTION
47,TN,Tennessee,2002,,PENDING_EXECUTION,,PENDING_EXECUTION,,PENDING_EXECUTION,,PENDING_EXECUTION,,MISSING,,MISSING,,MISSING,3.029545966661364,OBSERVED,,MISSING,,MISSING,,PENDING_EXECUTION,,STRUCTURAL_MISSING,,STRUCTURAL_MISSING,,STRUCTURAL_MISSING,,PENDING_EXECUTION
47,TN,Tennessee,2003,,PENDING_EXECUTION,,PENDING_EXECUTION,,PENDING_EXECUTION,,PENDING_EXECUTION,,MISSING,,MISSING,,MISSING,3.24924946287603,OBSERVED,,MISSING,,MISSING,,PENDING_EXECUTION,,STRUCTURAL_MISSING,,STRUCTURAL_MISSING,,STRUCTURAL_MISSING,,PENDING_EXECUTION
47,TN,Tennessee,2004,,PENDING_EXECUTION,,PENDING_EXECUTION,,PENDING_EXECUTION,,PENDING_EXECUTION,,MISSING,56.84,OBSERVED,,MISSING,3.331354472797209,OBSERVED,,MISSING,,MISSING,,PENDING_EXECUTION,,STRUCTURAL_MISSING,,STRUCTURAL_MISSING,,STRUCTURAL_MISSING,,PENDING_EXECUTION
47,TN,Tennessee,2005,,PENDING_EXECUTION,,PENDING_EXECUTION,,PENDING_EXECUTION,,PENDING_EXECUTION,,MISSING,,MISSING,,MISSING,3.35266381207857,OBSERVED,,MISSING,,MISSING,,PENDING_EXECUTION,,STRUCTURAL_MISSING,,STRUCTURAL_MISSING,,STRUCTURAL_MISSING,,PENDING_EXECUTION
47,TN,Tennessee,2006,,PENDING_EXECUTION,,PENDING_EXECUTION,,PENDING_EXECUTION,,PENDING_EXECUTION,,MISSING,,MISSING,,MISSING,3.4029883887802552,OBSERVED,,MISSING,,MISSING,,PENDING_EXECUTION,,STRUCTURAL_MISSING,,STRUCTURAL_MISSING,,STRUCTURAL_MISSING,,PENDING_EXECUTION
47,TN,Tennessee,2007,,PENDING_EXECUTION,,PENDING_EXECUTION,,PENDING_EXECUTION,,PENDING_EXECUTION,,MISSING,,MISSING,,MISSING,3.4831526717421286,OBSERVED,,MISSING,,MISSING,,PENDING_EXECUTION,,STRUCTURAL_MISSING,,STRUCTURAL_MISSING,,STRUCTURAL_MISSING,,PENDING_EXECUTION
47,TN,Tennessee,2008,,PENDING_EXECUTION,,PENDING_EXECUTION,,PENDING_EXECUTION,,PENDING_EXECUTION,,MISSING,57.39,OBSERVED,,MISSING,3.563236034895095,OBSERVED,,MISSING,,MISSING,,PENDING_EXECUTION,,STRUCTURAL_MISSING,,STRUCTURAL_MISSING,,STRUCTURAL_MISSING,,PENDING_EXECUTION
47,TN,Tennessee,2009,,PENDING_EXECUTION,,PENDING_EXECUTION,,PENDING_EXECUTION,,PENDING_EXECUTION,,MISSING,,MISSING,,MISSING,3.6569823211760064,OBSERVED,,MISSING,,MISSING,,PENDING_EXECUTION,,STRUCTURAL_MISSING,,STRUCTURAL_MISSING,,STRUCTURAL_MISSING,,PENDING_EXECUTION
47,TN,Tennessee,2010,,PENDING_EXECUTION,,PENDING_EXECUTION,,PENDING_EXECUTION,,PENDING_EXECUTION,,MISSING,,MISSING,7.06057192901521,OBSERVED,3.7421025320044725,OBSERVED,6.152328165803264,OBSERVED,24.52626254743804,OBSERVED,,PENDING_EXECUTION,,STRUCTURAL_MISSING,,STRUCTURAL_MISSING,,STRUCTURAL_MISSING,,PENDING_EXECUTION
47,TN,Tennessee,2011,,PENDING_EXECUTION,,PENDING_EXECUTION,,PENDING_EXECUTION,,PENDING_EXECUTION,,MISSING,,MISSING,8.052550338241044,OBSERVED,3.4703071638226843,OBSERVED,7.902254361854417,OBSERVED,24.72942285116239,OBSERVED,,PENDING_EXECUTION,,STRUCTURAL_MISSING,,STRUCTURAL_MISSING,,STRUCTURAL_MISSING,,PENDING_EXECUTION
47,TN,Tennessee,2012,,PENDING_EXECUTION,,PENDING_EXECUTION,,PENDING_EXECUTION,,PENDING_EXECUTION,,MISSING,52.36,OBSERVED,6.099323729955898,OBSERVED,3.4875875033613433,OBSERVED,6.656902678423375,OBSERVED,25.47163365833568,OBSERVED,,PENDING_EXECUTION,,STRUCTURAL_MISSING,,STRUCTURAL_MISSING,,STRUCTURAL_MISSING,,PENDING_EXECUTION
47,TN,Tennessee,2013,,PENDING_EXECUTION,,PENDING_EXECUTION,,PENDING_EXECUTION,,PENDING_EXECUTION,,MISSING,,MISSING,6.974849045138303,OBSERVED,3.3303355131790444,OBSERVED,7.012516093832715,OBSERVED,24.99655696259862,OBSERVED,,PENDING_EXECUTION,,STRUCTURAL_MISSING,,STRUCTURAL_MISSING,,STRUCTURAL_MISSING,,PENDING_EXECUTION
47,TN,Tennessee,2014,,PENDING_EXECUTION,,PENDING_EXECUTION,,PENDING_EXECUTION,,PENDING_EXECUTION,,MISSING,,MISSING,5.826149479056307,OBSERVED,3.5381749611932984,OBSERVED,5.059798982298481,OBSERVED,24.55907829713114,OBSERVED,,PENDING_EXECUTION,,STRUCTURAL_MISSING,,STRUCTURAL_MISSING,,STRUCTURAL_MISSING,,PENDING_EXECUTION
47,TN,Tennessee,2015,,PENDING_EXECUTION,,PENDING_EXECUTION,,PENDING_EXECUTION,,PENDING_EXECUTION,,MISSING,,MISSING,6.165265239979262,OBSERVED,3.697299644567979,OBSERVED,5.502799967800886,OBSERVED,22.74495661159026,OBSERVED,,PENDING_EXECUTION,,STRUCTURAL_MISSING,,STRUCTURAL_MISSING,,STRUCTURAL_MISSING,,PENDING_EXECUTION
47,TN,Tennessee,2016,,PENDING_EXECUTION,,PENDING_EXECUTION,,PENDING_EXECUTION,,PENDING_EXECUTION,,MISSING,51.87,OBSERVED,,MISSING,3.7846867601514713,OBSERVED,,MISSING,,MISSING,,PENDING_EXECUTION,,STRUCTURAL_MISSING,,STRUCTURAL_MISSING,,STRUCTURAL_MISSING,,PENDING_EXECUTION
47,TN,Tennessee,2017,,PENDING_EXECUTION,,PENDING_EXECUTION,,PENDING_EXECUTION,,PENDING_EXECUTION,27.39127842648543,OBSERVED,,MISSING,7.330926095919205,OBSERVED,,MISSING,19.14338599199765,OBSERVED,31.2676659626707,OBSERVED,,PENDING_EXECUTION,,STRUCTURAL_MISSING,,STRUCTURAL_MISSING,,STRUCTURAL_MISSING,,PENDING_EXECUTION
47,TN,Tennessee,2018,,PENDING_EXECUTION,,PENDING_EXECUTION,,PENDING_EXECUTION,,PENDING_EXECUTION,,MISSING,,MISSING,,MISSING,3.5407734819671357,OBSERVED,,MISSING,,MISSING,,PENDING_EXECUTION,,STRUCTURAL_MISSING,,STRUCTURAL_MISSING,,STRUCTURAL_MISSING,,PENDING_EXECUTION
47,TN,Tennessee,2019,,PENDING_EXECUTION,,PENDING_EXECUTION,,PENDING_EXECUTION,,PENDING_EXECUTION,28.40618707356548,OBSERVED,,MISSING,9.465612159626609,OBSERVED,4.165394765256411,OBSERVED,19.42597632441021,OBSERVED,31.65061703756092,OBSERVED,,PENDING_EXECUTION,,STRUCTURAL_MISSING,,STRUCTURAL_MISSING,,STRUCTURAL_MISSING,,PENDING_EXECUTION
47,TN,Tennessee,2020,,PENDING_EXECUTION,,PENDING_EXECUTION,,PENDING_EXECUTION,,PENDING_EXECUTION,,MISSING,59.24,OBSERVED,,MISSING,4.178258703213689,OBSERVED,,MISSING,,MISSING,,PENDING_EXECUTION,,STRUCTURAL_MISSING,,STRUCTURAL_MISSING,,STRUCTURAL_MISSING,,PENDING_EXECUTION
47,TN,Tennessee,2021,,PENDING_EXECUTION,,PENDING_EXECUTION,,PENDING_EXECUTION,,PENDING_EXECUTION,20.26275125220155,OBSERVED,,MISSING,7.312078582530313,OBSERVED,,MISSING,16.76458626670286,OBSERVED,23.77560820920041,OBSERVED,,PENDING_EXECUTION,,STRUCTURAL_MISSING,,STRUCTURAL_MISSING,,STRUCTURAL_MISSING,,PENDING_EXECUTION
47,TN,Tennessee,2022,,PENDING_EXECUTION,,PENDING_EXECUTION,,PENDING_EXECUTION,,PENDING_EXECUTION,,MISSING,,MISSING,,MISSING,4.346588781122251,OBSERVED,,MISSING,,MISSING,,PENDING_EXECUTION,,STRUCTURAL_MISSING,,STRUCTURAL_MISSING,,STRUCTURAL_MISSING,,PENDING_EXECUTION
47,TN,Tennessee,2023,,PENDING_EXECUTION,,PENDING_EXECUTION,,PENDING_EXECUTION,,PENDING_EXECUTION,28.43469696961454,OBSERVED,,MISSING,10.14407659446127,OBSERVED,4.457033470478941,OBSERVED,26.02341748960981,OBSERVED,28.24102172975766,OBSERVED,,PENDING_EXECUTION,,STRUCTURAL_MISSING,,STRUCTURAL_MISSING,,STRUCTURAL_MISSING,,PENDING_EXECUTION
48,TX,Texas,2000,,PENDING_EXECUTION,,PENDING_EXECUTION,,PENDING_EXECUTION,,PENDING_EXECUTION,,MISSING,49.62,OBSERVED,,MISSING,2.2058775433110145,OBSERVED,,MISSING,,MISSING,,PENDING_EXECUTION,,STRUCTURAL_MISSING,,STRUCTURAL_MISSING,,STRUCTURAL_MISSING,,PENDING_EXECUTION
48,TX,Texas,2001,,PENDING_EXECUTION,,PENDING_EXECUTION,,PENDING_EXECUTION,,PENDING_EXECUTION,,MISSING,,MISSING,,MISSING,2.3400039644230093,OBSERVED,,MISSING,,MISSING,,PENDING_EXECUTION,,STRUCTURAL_MISSING,,STRUCTURAL_MISSING,,STRUCTURAL_MISSING,,PENDING_EXECUTION
48,TX,Texas,2002,,PENDING_EXECUTION,,PENDING_EXECUTION,,PENDING_EXECUTION,,PENDING_EXECUTION,,MISSING,,MISSING,,MISSING,2.4389215007151805,OBSERVED,,MISSING,,MISSING,,PENDING_EXECUTION,,STRUCTURAL_MISSING,,STRUCTURAL_MISSING,,STRUCTURAL_MISSING,,PENDING_EXECUTION
48,TX,Texas,2003,,PENDING_EXECUTION,,PENDING_EXECUTION,,PENDING_EXECUTION,,PENDING_EXECUTION,,MISSING,,MISSING,,MISSING,2.6450992924447903,OBSERVED,,MISSING,,MISSING,,PENDING_EXECUTION,,STRUCTURAL_MISSING,,STRUCTURAL_MISSING,,STRUCTURAL_MISSING,,PENDING_EXECUTION
48,TX,Texas,2004,,PENDING_EXECUTION,,PENDING_EXECUTION,,PENDING_EXECUTION,,PENDING_EXECUTION,,MISSING,,MISSING,,MISSING,2.7330506894629876,OBSERVED,,MISSING,,MISSING,,PENDING_EXECUTION,,STRUCTURAL_MISSING,,STRUCTURAL_MISSING,,STRUCTURAL_MISSING,,PENDING_EXECUTION
48,TX,Texas,2005,,PENDING_EXECUTION,,PENDING_EXECUTION,,PENDING_EXECUTION,,PENDING_EXECUTION,,MISSING,,MISSING,,MISSING,2.7640556686782314,OBSERVED,,MISSING,,MISSING,,PENDING_EXECUTION,,STRUCTURAL_MISSING,,STRUCTURAL_MISSING,,STRUCTURAL_MISSING,,PENDING_EXECUTION
48,TX,Texas,2006,,PENDING_EXECUTION,,PENDING_EXECUTION,,PENDING_EXECUTION,,PENDING_EXECUTION,,MISSING,,MISSING,,MISSING,2.8098536018198956,OBSERVED,,MISSING,,MISSING,,PENDING_EXECUTION,,STRUCTURAL_MISSING,,STRUCTURAL_MISSING,,STRUCTURAL_MISSING,,PENDING_EXECUTION
48,TX,Texas,2007,,PENDING_EXECUTION,,PENDING_EXECUTION,,PENDING_EXECUTION,,PENDING_EXECUTION,,MISSING,,MISSING,,MISSING,2.9112978135306657,OBSERVED,,MISSING,,MISSING,,PENDING_EXECUTION,,STRUCTURAL_MISSING,,STRUCTURAL_MISSING,,STRUCTURAL_MISSING,,PENDING_EXECUTION
48,TX,Texas,2008,,PENDING_EXECUTION,,PENDING_EXECUTION,,PENDING_EXECUTION,,PENDING_EXECUTION,,MISSING,,MISSING,,MISSING,2.955032488120983,OBSERVED,,MISSING,,MISSING,,PENDING_EXECUTION,,STRUCTURAL_MISSING,,STRUCTURAL_MISSING,,STRUCTURAL_MISSING,,PENDING_EXECUTION
48,TX,Texas,2009,,PENDING_EXECUTION,,PENDING_EXECUTION,,PENDING_EXECUTION,,PENDING_EXECUTION,,MISSING,,MISSING,,MISSING,3.0445821972076903,OBSERVED,,MISSING,,MISSING,,PENDING_EXECUTION,,STRUCTURAL_MISSING,,STRUCTURAL_MISSING,,STRUCTURAL_MISSING,,PENDING_EXECUTION
48,TX,Texas,2010,,PENDING_EXECUTION,,PENDING_EXECUTION,,PENDING_EXECUTION,,PENDING_EXECUTION,,MISSING,,MISSING,8.051692745499544,OBSERVED,3.1397798667825954,OBSERVED,7.017251218641222,OBSERVED,23.99856547113563,OBSERVED,,PENDING_EXECUTION,,STRUCTURAL_MISSING,,STRUCTURAL_MISSING,,STRUCTURAL_MISSING,,PENDING_EXECUTION
48,TX,Texas,2011,,PENDING_EXECUTION,,PENDING_EXECUTION,,PENDING_EXECUTION,,PENDING_EXECUTION,,MISSING,,MISSING,7.812254219544693,OBSERVED,2.8007248366029383,OBSERVED,6.863779971018711,OBSERVED,24.59367459283389,OBSERVED,,PENDING_EXECUTION,,STRUCTURAL_MISSING,,STRUCTURAL_MISSING,,STRUCTURAL_MISSING,,PENDING_EXECUTION
48,TX,Texas,2012,,PENDING_EXECUTION,,PENDING_EXECUTION,,PENDING_EXECUTION,,PENDING_EXECUTION,,MISSING,49.57,OBSERVED,6.499317113651933,OBSERVED,2.789091600560034,OBSERVED,5.922657800775555,OBSERVED,23.12545676029956,OBSERVED,,PENDING_EXECUTION,,STRUCTURAL_MISSING,,STRUCTURAL_MISSING,,STRUCTURAL_MISSING,,PENDING_EXECUTION
48,TX,Texas,2013,,PENDING_EXECUTION,,PENDING_EXECUTION,,PENDING_EXECUTION,,PENDING_EXECUTION,,MISSING,,MISSING,6.492417598057033,OBSERVED,2.688215695934908,OBSERVED,5.783990548622501,OBSERVED,23.14173468233568,OBSERVED,,PENDING_EXECUTION,,STRUCTURAL_MISSING,,STRUCTURAL_MISSING,,STRUCTURAL_MISSING,,PENDING_EXECUTION
48,TX,Texas,2014,,PENDING_EXECUTION,,PENDING_EXECUTION,,PENDING_EXECUTION,,PENDING_EXECUTION,,MISSING,,MISSING,6.396643202713912,OBSERVED,2.9369406149710127,OBSERVED,5.209975285407924,OBSERVED,23.01919685645435,OBSERVED,,PENDING_EXECUTION,,STRUCTURAL_MISSING,,STRUCTURAL_MISSING,,STRUCTURAL_MISSING,,PENDING_EXECUTION
48,TX,Texas,2015,,PENDING_EXECUTION,,PENDING_EXECUTION,,PENDING_EXECUTION,,PENDING_EXECUTION,,MISSING,,MISSING,7.614571240770808,OBSERVED,3.06590840260078,OBSERVED,5.705812862995729,OBSERVED,22.55959250709538,OBSERVED,,PENDING_EXECUTION,,STRUCTURAL_MISSING,,STRUCTURAL_MISSING,,STRUCTURAL_MISSING,,PENDING_EXECUTION
48,TX,Texas,2016,,PENDING_EXECUTION,,PENDING_EXECUTION,,PENDING_EXECUTION,,PENDING_EXECUTION,,MISSING,51.34,OBSERVED,,MISSING,3.127993114868548,OBSERVED,,MISSING,,MISSING,,PENDING_EXECUTION,,STRUCTURAL_MISSING,,STRUCTURAL_MISSING,,STRUCTURAL_MISSING,,PENDING_EXECUTION
48,TX,Texas,2017,,PENDING_EXECUTION,,PENDING_EXECUTION,,PENDING_EXECUTION,,PENDING_EXECUTION,22.93126200508416,OBSERVED,,MISSING,8.573376105559415,OBSERVED,,MISSING,19.21837411777475,OBSERVED,28.35507885820164,OBSERVED,,PENDING_EXECUTION,,STRUCTURAL_MISSING,,STRUCTURAL_MISSING,,STRUCTURAL_MISSING,,PENDING_EXECUTION
48,TX,Texas,2018,,PENDING_EXECUTION,,PENDING_EXECUTION,,PENDING_EXECUTION,,PENDING_EXECUTION,,MISSING,,MISSING,,MISSING,2.863519598062699,OBSERVED,,MISSING,,MISSING,,PENDING_EXECUTION,,STRUCTURAL_MISSING,,STRUCTURAL_MISSING,,STRUCTURAL_MISSING,,PENDING_EXECUTION
48,TX,Texas,2019,,PENDING_EXECUTION,,PENDING_EXECUTION,,PENDING_EXECUTION,,PENDING_EXECUTION,20.74499123984283,OBSERVED,,MISSING,7.871978447110512,OBSERVED,3.521327677700404,OBSERVED,16.73405760604205,OBSERVED,26.44602963060315,OBSERVED,,PENDING_EXECUTION,,STRUCTURAL_MISSING,,STRUCTURAL_MISSING,,STRUCTURAL_MISSING,,PENDING_EXECUTION
48,TX,Texas,2020,,PENDING_EXECUTION,,PENDING_EXECUTION,,PENDING_EXECUTION,,PENDING_EXECUTION,,MISSING,59.79,OBSERVED,,MISSING,3.5573549905879593,OBSERVED,,MISSING,,MISSING,,PENDING_EXECUTION,,STRUCTURAL_MISSING,,STRUCTURAL_MISSING,,STRUCTURAL_MISSING,,PENDING_EXECUTION
48,TX,Texas,2021,,PENDING_EXECUTION,,PENDING_EXECUTION,,PENDING_EXECUTION,,PENDING_EXECUTION,18.79594405379221,OBSERVED,,MISSING,6.48203252273515,OBSERVED,,MISSING,15.19079351697112,OBSERVED,21.28469035049324,OBSERVED,,PENDING_EXECUTION,,STRUCTURAL_MISSING,,STRUCTURAL_MISSING,,STRUCTURAL_MISSING,,PENDING_EXECUTION
48,TX,Texas,2022,,PENDING_EXECUTION,,PENDING_EXECUTION,,PENDING_EXECUTION,,PENDING_EXECUTION,,MISSING,,MISSING,,MISSING,3.7388467633935414,OBSERVED,,MISSING,,MISSING,,PENDING_EXECUTION,,STRUCTURAL_MISSING,,STRUCTURAL_MISSING,,STRUCTURAL_MISSING,,PENDING_EXECUTION
48,TX,Texas,2023,,PENDING_EXECUTION,,PENDING_EXECUTION,,PENDING_EXECUTION,,PENDING_EXECUTION,20.4486642800883,OBSERVED,,MISSING,7.91394198756536,OBSERVED,3.8828584486642934,OBSERVED,17.76894561342902,OBSERVED,23.22016665457934,OBSERVED,,PENDING_EXECUTION,,STRUCTURAL_MISSING,,STRUCTURAL_MISSING,,STRUCTURAL_MISSING,,PENDING_EXECUTION
49,UT,Utah,2000,,PENDING_EXECUTION,,PENDING_EXECUTION,,PENDING_EXECUTION,,PENDING_EXECUTION,,MISSING,54.65,OBSERVED,,MISSING,1.9799492270445735,OBSERVED,,MISSING,,MISSING,,PENDING_EXECUTION,,STRUCTURAL_MISSING,,STRUCTURAL_MISSING,,STRUCTURAL_MISSING,,PENDING_EXECUTION
49,UT,Utah,2001,,PENDING_EXECUTION,,PENDING_EXECUTION,,PENDING_EXECUTION,,PENDING_EXECUTION,,MISSING,,MISSING,,MISSING,2.075565471173067,OBSERVED,,MISSING,,MISSING,,PENDING_EXECUTION,,STRUCTURAL_MISSING,,STRUCTURAL_MISSING,,STRUCTURAL_MISSING,,PENDING_EXECUTION
49,UT,Utah,2002,,PENDING_EXECUTION,,PENDING_EXECUTION,,PENDING_EXECUTION,,PENDING_EXECUTION,,MISSING,,MISSING,,MISSING,2.1249002608809735,OBSERVED,,MISSING,,MISSING,,PENDING_EXECUTION,,STRUCTURAL_MISSING,,STRUCTURAL_MISSING,,STRUCTURAL_MISSING,,PENDING_EXECUTION
49,UT,Utah,2003,,PENDING_EXECUTION,,PENDING_EXECUTION,,PENDING_EXECUTION,,PENDING_EXECUTION,,MISSING,,MISSING,,MISSING,2.2702071955992382,OBSERVED,,MISSING,,MISSING,,PENDING_EXECUTION,,STRUCTURAL_MISSING,,STRUCTURAL_MISSING,,STRUCTURAL_MISSING,,PENDING_EXECUTION
49,UT,Utah,2004,,PENDING_EXECUTION,,PENDING_EXECUTION,,PENDING_EXECUTION,,PENDING_EXECUTION,,MISSING,60.97,OBSERVED,,MISSING,2.301817969836524,OBSERVED,,MISSING,,MISSING,,PENDING_EXECUTION,,STRUCTURAL_MISSING,,STRUCTURAL_MISSING,,STRUCTURAL_MISSING,,PENDING_EXECUTION
49,UT,Utah,2005,,PENDING_EXECUTION,,PENDING_EXECUTION,,PENDING_EXECUTION,,PENDING_EXECUTION,,MISSING,,MISSING,,MISSING,2.2821974359151715,OBSERVED,,MISSING,,MISSING,,PENDING_EXECUTION,,STRUCTURAL_MISSING,,STRUCTURAL_MISSING,,STRUCTURAL_MISSING,,PENDING_EXECUTION
49,UT,Utah,2006,,PENDING_EXECUTION,,PENDING_EXECUTION,,PENDING_EXECUTION,,PENDING_EXECUTION,,MISSING,,MISSING,,MISSING,2.3266615376635262,OBSERVED,,MISSING,,MISSING,,PENDING_EXECUTION,,STRUCTURAL_MISSING,,STRUCTURAL_MISSING,,STRUCTURAL_MISSING,,PENDING_EXECUTION
49,UT,Utah,2007,,PENDING_EXECUTION,,PENDING_EXECUTION,,PENDING_EXECUTION,,PENDING_EXECUTION,,MISSING,,MISSING,,MISSING,2.3966931332008596,OBSERVED,,MISSING,,MISSING,,PENDING_EXECUTION,,STRUCTURAL_MISSING,,STRUCTURAL_MISSING,,STRUCTURAL_MISSING,,PENDING_EXECUTION
49,UT,Utah,2008,,PENDING_EXECUTION,,PENDING_EXECUTION,,PENDING_EXECUTION,,PENDING_EXECUTION,,MISSING,57.09,OBSERVED,,MISSING,2.4130416904960477,OBSERVED,,MISSING,,MISSING,,PENDING_EXECUTION,,STRUCTURAL_MISSING,,STRUCTURAL_MISSING,,STRUCTURAL_MISSING,,PENDING_EXECUTION
49,UT,Utah,2009,,PENDING_EXECUTION,,PENDING_EXECUTION,,PENDING_EXECUTION,,PENDING_EXECUTION,,MISSING,,MISSING,,MISSING,2.4605083092184428,OBSERVED,,MISSING,,MISSING,,PENDING_EXECUTION,,STRUCTURAL_MISSING,,STRUCTURAL_MISSING,,STRUCTURAL_MISSING,,PENDING_EXECUTION
49,UT,Utah,2010,,PENDING_EXECUTION,,PENDING_EXECUTION,,PENDING_EXECUTION,,PENDING_EXECUTION,,MISSING,,MISSING,13.40415650008778,OBSERVED,2.476388198801404,OBSERVED,13.47189843099502,OBSERVED,42.85017963450414,OBSERVED,,PENDING_EXECUTION,,STRUCTURAL_MISSING,,STRUCTURAL_MISSING,,STRUCTURAL_MISSING,,PENDING_EXECUTION
49,UT,Utah,2011,,PENDING_EXECUTION,,PENDING_EXECUTION,,PENDING_EXECUTION,,PENDING_EXECUTION,,MISSING,,MISSING,13.37434911864089,OBSERVED,2.2150798085972094,OBSERVED,17.86047278645048,OBSERVED,40.90794463953996,OBSERVED,,PENDING_EXECUTION,,STRUCTURAL_MISSING,,STRUCTURAL_MISSING,,STRUCTURAL_MISSING,,PENDING_EXECUTION
49,UT,Utah,2012,,PENDING_EXECUTION,,PENDING_EXECUTION,,PENDING_EXECUTION,,PENDING_EXECUTION,,MISSING,56.17,OBSERVED,19.34850888764568,OBSERVED,2.1579134354023934,OBSERVED,23.19424772077826,OBSERVED,47.71742977100077,OBSERVED,,PENDING_EXECUTION,,STRUCTURAL_MISSING,,STRUCTURAL_MISSING,,STRUCTURAL_MISSING,,PENDING_EXECUTION
49,UT,Utah,2013,,PENDING_EXECUTION,,PENDING_EXECUTION,,PENDING_EXECUTION,,PENDING_EXECUTION,,MISSING,,MISSING,15.39624583832302,OBSERVED,2.0843301631414395,OBSERVED,19.54129893344255,OBSERVED,45.25881432980496,OBSERVED,,PENDING_EXECUTION,,STRUCTURAL_MISSING,,STRUCTURAL_MISSING,,STRUCTURAL_MISSING,,PENDING_EXECUTION
49,UT,Utah,2014,,PENDING_EXECUTION,,PENDING_EXECUTION,,PENDING_EXECUTION,,PENDING_EXECUTION,,MISSING,,MISSING,14.76487995799825,OBSERVED,2.222353060091678,OBSERVED,17.88008858478893,OBSERVED,45.39363440481881,OBSERVED,,PENDING_EXECUTION,,STRUCTURAL_MISSING,,STRUCTURAL_MISSING,,STRUCTURAL_MISSING,,PENDING_EXECUTION
49,UT,Utah,2015,,PENDING_EXECUTION,,PENDING_EXECUTION,,PENDING_EXECUTION,,PENDING_EXECUTION,,MISSING,,MISSING,10.73969112535149,OBSERVED,2.341446280465447,OBSERVED,13.88736833006858,OBSERVED,39.65663560522199,OBSERVED,,PENDING_EXECUTION,,STRUCTURAL_MISSING,,STRUCTURAL_MISSING,,STRUCTURAL_MISSING,,PENDING_EXECUTION
49,UT,Utah,2016,,PENDING_EXECUTION,,PENDING_EXECUTION,,PENDING_EXECUTION,,PENDING_EXECUTION,,MISSING,58.03,OBSERVED,,MISSING,2.4019123321708102,OBSERVED,,MISSING,,MISSING,,PENDING_EXECUTION,,STRUCTURAL_MISSING,,STRUCTURAL_MISSING,,STRUCTURAL_MISSING,,PENDING_EXECUTION
49,UT,Utah,2017,,PENDING_EXECUTION,,PENDING_EXECUTION,,PENDING_EXECUTION,,PENDING_EXECUTION,41.95399569771134,OBSERVED,,MISSING,15.63286805382128,OBSERVED,,MISSING,39.60949172925621,OBSERVED,50.96934762246838,OBSERVED,,PENDING_EXECUTION,,STRUCTURAL_MISSING,,STRUCTURAL_MISSING,,STRUCTURAL_MISSING,,PENDING_EXECUTION
49,UT,Utah,2018,,PENDING_EXECUTION,,PENDING_EXECUTION,,PENDING_EXECUTION,,PENDING_EXECUTION,,MISSING,,MISSING,,MISSING,2.168516075131697,OBSERVED,,MISSING,,MISSING,,PENDING_EXECUTION,,STRUCTURAL_MISSING,,STRUCTURAL_MISSING,,STRUCTURAL_MISSING,,PENDING_EXECUTION
49,UT,Utah,2019,,PENDING_EXECUTION,,PENDING_EXECUTION,,PENDING_EXECUTION,,PENDING_EXECUTION,40.66241872215577,OBSERVED,,MISSING,16.7711782150043,OBSERVED,2.7143179569848503,OBSERVED,44.90118152816881,OBSERVED,49.45370380651657,OBSERVED,,PENDING_EXECUTION,,STRUCTURAL_MISSING,,STRUCTURAL_MISSING,,STRUCTURAL_MISSING,,PENDING_EXECUTION
49,UT,Utah,2020,,PENDING_EXECUTION,,PENDING_EXECUTION,,PENDING_EXECUTION,,PENDING_EXECUTION,,MISSING,67.22,OBSERVED,,MISSING,2.6891133995253322,OBSERVED,,MISSING,,MISSING,,PENDING_EXECUTION,,STRUCTURAL_MISSING,,STRUCTURAL_MISSING,,STRUCTURAL_MISSING,,PENDING_EXECUTION
49,UT,Utah,2021,,PENDING_EXECUTION,,PENDING_EXECUTION,,PENDING_EXECUTION,,PENDING_EXECUTION,33.54643815210434,OBSERVED,,MISSING,9.559956960923424,OBSERVED,,MISSING,35.77913962134075,OBSERVED,40.65080536712865,OBSERVED,,PENDING_EXECUTION,,STRUCTURAL_MISSING,,STRUCTURAL_MISSING,,STRUCTURAL_MISSING,,PENDING_EXECUTION
49,UT,Utah,2022,,PENDING_EXECUTION,,PENDING_EXECUTION,,PENDING_EXECUTION,,PENDING_EXECUTION,,MISSING,,MISSING,,MISSING,2.762599238858216,OBSERVED,,MISSING,,MISSING,,PENDING_EXECUTION,,STRUCTURAL_MISSING,,STRUCTURAL_MISSING,,STRUCTURAL_MISSING,,PENDING_EXECUTION
49,UT,Utah,2023,,PENDING_EXECUTION,,PENDING_EXECUTION,,PENDING_EXECUTION,,PENDING_EXECUTION,39.33898398149073,OBSERVED,,MISSING,11.8747897629959,OBSERVED,2.902215327465508,OBSERVED,44.13279262951191,OBSERVED,44.88833098992693,OBSERVED,,PENDING_EXECUTION,,STRUCTURAL_MISSING,,STRUCTURAL_MISSING,,STRUCTURAL_MISSING,,PENDING_EXECUTION
50,VT,Vermont,2000,,PENDING_EXECUTION,,PENDING_EXECUTION,,PENDING_EXECUTION,,PENDING_EXECUTION,,MISSING,65.42,OBSERVED,,MISSING,4.84893818752071,OBSERVED,,MISSING,,MISSING,,PENDING_EXECUTION,,STRUCTURAL_MISSING,,STRUCTURAL_MISSING,,STRUCTURAL_MISSING,,PENDING_EXECUTION
50,VT,Vermont,2001,,PENDING_EXECUTION,,PENDING_EXECUTION,,PENDING_EXECUTION,,PENDING_EXECUTION,,MISSING,,MISSING,,MISSING,5.243187531340704,OBSERVED,,MISSING,,MISSING,,PENDING_EXECUTION,,STRUCTURAL_MISSING,,STRUCTURAL_MISSING,,STRUCTURAL_MISSING,,PENDING_EXECUTION
50,VT,Vermont,2002,,PENDING_EXECUTION,,PENDING_EXECUTION,,PENDING_EXECUTION,,PENDING_EXECUTION,,MISSING,,MISSING,,MISSING,5.404246054055459,OBSERVED,,MISSING,,MISSING,,PENDING_EXECUTION,,STRUCTURAL_MISSING,,STRUCTURAL_MISSING,,STRUCTURAL_MISSING,,PENDING_EXECUTION
50,VT,Vermont,2003,,PENDING_EXECUTION,,PENDING_EXECUTION,,PENDING_EXECUTION,,PENDING_EXECUTION,,MISSING,,MISSING,,MISSING,5.7327088101149455,OBSERVED,,MISSING,,MISSING,,PENDING_EXECUTION,,STRUCTURAL_MISSING,,STRUCTURAL_MISSING,,STRUCTURAL_MISSING,,PENDING_EXECUTION
50,VT,Vermont,2004,,PENDING_EXECUTION,,PENDING_EXECUTION,,PENDING_EXECUTION,,PENDING_EXECUTION,,MISSING,66.86,OBSERVED,,MISSING,5.950767841011744,OBSERVED,,MISSING,,MISSING,,PENDING_EXECUTION,,STRUCTURAL_MISSING,,STRUCTURAL_MISSING,,STRUCTURAL_MISSING,,PENDING_EXECUTION
50,VT,Vermont,2005,,PENDING_EXECUTION,,PENDING_EXECUTION,,PENDING_EXECUTION,,PENDING_EXECUTION,,MISSING,,MISSING,,MISSING,6.0623133697673115,OBSERVED,,MISSING,,MISSING,,PENDING_EXECUTION,,STRUCTURAL_MISSING,,STRUCTURAL_MISSING,,STRUCTURAL_MISSING,,PENDING_EXECUTION
50,VT,Vermont,2006,,PENDING_EXECUTION,,PENDING_EXECUTION,,PENDING_EXECUTION,,PENDING_EXECUTION,,MISSING,,MISSING,,MISSING,6.198506322123257,OBSERVED,,MISSING,,MISSING,,PENDING_EXECUTION,,STRUCTURAL_MISSING,,STRUCTURAL_MISSING,,STRUCTURAL_MISSING,,PENDING_EXECUTION
50,VT,Vermont,2007,,PENDING_EXECUTION,,PENDING_EXECUTION,,PENDING_EXECUTION,,PENDING_EXECUTION,,MISSING,,MISSING,,MISSING,6.523053629541237,OBSERVED,,MISSING,,MISSING,,PENDING_EXECUTION,,STRUCTURAL_MISSING,,STRUCTURAL_MISSING,,STRUCTURAL_MISSING,,PENDING_EXECUTION
50,VT,Vermont,2008,,PENDING_EXECUTION,,PENDING_EXECUTION,,PENDING_EXECUTION,,PENDING_EXECUTION,,MISSING,67.7,OBSERVED,,MISSING,6.782012686032707,OBSERVED,,MISSING,,MISSING,,PENDING_EXECUTION,,STRUCTURAL_MISSING,,STRUCTURAL_MISSING,,STRUCTURAL_MISSING,,PENDING_EXECUTION
50,VT,Vermont,2009,,PENDING_EXECUTION,,PENDING_EXECUTION,,PENDING_EXECUTION,,PENDING_EXECUTION,,MISSING,,MISSING,,MISSING,7.00525113753307,OBSERVED,,MISSING,,MISSING,,PENDING_EXECUTION,,STRUCTURAL_MISSING,,STRUCTURAL_MISSING,,STRUCTURAL_MISSING,,PENDING_EXECUTION
50,VT,Vermont,2010,,PENDING_EXECUTION,,PENDING_EXECUTION,,PENDING_EXECUTION,,PENDING_EXECUTION,,MISSING,,MISSING,20.72373753206342,OBSERVED,7.156255292497356,OBSERVED,15.86548708167268,OBSERVED,35.20657069002654,OBSERVED,,PENDING_EXECUTION,,STRUCTURAL_MISSING,,STRUCTURAL_MISSING,,STRUCTURAL_MISSING,,PENDING_EXECUTION
50,VT,Vermont,2011,,PENDING_EXECUTION,,PENDING_EXECUTION,,PENDING_EXECUTION,,PENDING_EXECUTION,,MISSING,,MISSING,20.00285406903299,OBSERVED,6.626307204913289,OBSERVED,20.47511256937676,OBSERVED,31.81996399652051,OBSERVED,,PENDING_EXECUTION,,STRUCTURAL_MISSING,,STRUCTURAL_MISSING,,STRUCTURAL_MISSING,,PENDING_EXECUTION
50,VT,Vermont,2012,,PENDING_EXECUTION,,PENDING_EXECUTION,,PENDING_EXECUTION,,PENDING_EXECUTION,,MISSING,61.24,OBSERVED,24.21764617073138,OBSERVED,6.405251923411579,OBSERVED,19.10208683569179,OBSERVED,35.66191847392969,OBSERVED,,PENDING_EXECUTION,,STRUCTURAL_MISSING,,STRUCTURAL_MISSING,,STRUCTURAL_MISSING,,PENDING_EXECUTION
50,VT,Vermont,2013,,PENDING_EXECUTION,,PENDING_EXECUTION,,PENDING_EXECUTION,,PENDING_EXECUTION,,MISSING,,MISSING,20.27394097046038,OBSERVED,6.204885709133215,OBSERVED,15.52647863235313,OBSERVED,32.8502781406336,OBSERVED,,PENDING_EXECUTION,,STRUCTURAL_MISSING,,STRUCTURAL_MISSING,,STRUCTURAL_MISSING,,PENDING_EXECUTION
50,VT,Vermont,2014,,PENDING_EXECUTION,,PENDING_EXECUTION,,PENDING_EXECUTION,,PENDING_EXECUTION,,MISSING,,MISSING,18.69822098782006,OBSERVED,6.567118379141208,OBSERVED,15.1393424840271,OBSERVED,35.00564662179369,OBSERVED,,PENDING_EXECUTION,,STRUCTURAL_MISSING,,STRUCTURAL_MISSING,,STRUCTURAL_MISSING,,PENDING_EXECUTION
50,VT,Vermont,2015,,PENDING_EXECUTION,,PENDING_EXECUTION,,PENDING_EXECUTION,,PENDING_EXECUTION,,MISSING,,MISSING,18.18380880621516,OBSERVED,6.780013103018488,OBSERVED,13.38311531560692,OBSERVED,31.04622805315759,OBSERVED,,PENDING_EXECUTION,,STRUCTURAL_MISSING,,STRUCTURAL_MISSING,,STRUCTURAL_MISSING,,PENDING_EXECUTION
50,VT,Vermont,2016,,PENDING_EXECUTION,,PENDING_EXECUTION,,PENDING_EXECUTION,,PENDING_EXECUTION,,MISSING,64.77,OBSERVED,,MISSING,6.939839773466204,OBSERVED,,MISSING,,MISSING,,PENDING_EXECUTION,,STRUCTURAL_MISSING,,STRUCTURAL_MISSING,,STRUCTURAL_MISSING,,PENDING_EXECUTION
50,VT,Vermont,2017,,PENDING_EXECUTION,,PENDING_EXECUTION,,PENDING_EXECUTION,,PENDING_EXECUTION,33.32333011532681,OBSERVED,,MISSING,19.296553789935,OBSERVED,,MISSING,25.83617797528454,OBSERVED,35.95471900497371,OBSERVED,,PENDING_EXECUTION,,STRUCTURAL_MISSING,,STRUCTURAL_MISSING,,STRUCTURAL_MISSING,,PENDING_EXECUTION
50,VT,Vermont,2018,,PENDING_EXECUTION,,PENDING_EXECUTION,,PENDING_EXECUTION,,PENDING_EXECUTION,,MISSING,,MISSING,,MISSING,6.654908274941501,OBSERVED,,MISSING,,MISSING,,PENDING_EXECUTION,,STRUCTURAL_MISSING,,STRUCTURAL_MISSING,,STRUCTURAL_MISSING,,PENDING_EXECUTION
50,VT,Vermont,2019,,PENDING_EXECUTION,,PENDING_EXECUTION,,PENDING_EXECUTION,,PENDING_EXECUTION,38.91444343563207,OBSERVED,,MISSING,23.73505084519836,OBSERVED,7.54752053534515,OBSERVED,37.02784188182149,OBSERVED,37.44386666777493,OBSERVED,,PENDING_EXECUTION,,STRUCTURAL_MISSING,,STRUCTURAL_MISSING,,STRUCTURAL_MISSING,,PENDING_EXECUTION
50,VT,Vermont,2020,,PENDING_EXECUTION,,PENDING_EXECUTION,,PENDING_EXECUTION,,PENDING_EXECUTION,,MISSING,71.25,OBSERVED,,MISSING,7.408202371620192,OBSERVED,,MISSING,,MISSING,,PENDING_EXECUTION,,STRUCTURAL_MISSING,,STRUCTURAL_MISSING,,STRUCTURAL_MISSING,,PENDING_EXECUTION
50,VT,Vermont,2021,,PENDING_EXECUTION,,PENDING_EXECUTION,,PENDING_EXECUTION,,PENDING_EXECUTION,32.74030663060926,OBSERVED,,MISSING,17.39802490768832,OBSERVED,,MISSING,31.82594422589466,OBSERVED,29.06529985675151,OBSERVED,,PENDING_EXECUTION,,STRUCTURAL_MISSING,,STRUCTURAL_MISSING,,STRUCTURAL_MISSING,,PENDING_EXECUTION
50,VT,Vermont,2022,,PENDING_EXECUTION,,PENDING_EXECUTION,,PENDING_EXECUTION,,PENDING_EXECUTION,,MISSING,,MISSING,,MISSING,7.575219050856886,OBSERVED,,MISSING,,MISSING,,PENDING_EXECUTION,,STRUCTURAL_MISSING,,STRUCTURAL_MISSING,,STRUCTURAL_MISSING,,PENDING_EXECUTION
50,VT,Vermont,2023,,PENDING_EXECUTION,,PENDING_EXECUTION,,PENDING_EXECUTION,,PENDING_EXECUTION,41.32962056002846,OBSERVED,,MISSING,23.3099473057468,OBSERVED,7.798116960943002,OBSERVED,32.52135518218522,OBSERVED,38.68621603408974,OBSERVED,,PENDING_EXECUTION,,STRUCTURAL_MISSING,,STRUCTURAL_MISSING,,STRUCTURAL_MISSING,,PENDING_EXECUTION
51,VA,Virginia,2000,,PENDING_EXECUTION,,PENDING_EXECUTION,,PENDING_EXECUTION,,PENDING_EXECUTION,,MISSING,55.41,OBSERVED,,MISSING,2.493872273941195,OBSERVED,,MISSING,,MISSING,,PENDING_EXECUTION,,STRUCTURAL_MISSING,,STRUCTURAL_MISSING,,STRUCTURAL_MISSING,,PENDING_EXECUTION
51,VA,Virginia,2001,,PENDING_EXECUTION,,PENDING_EXECUTION,,PENDING_EXECUTION,,PENDING_EXECUTION,,MISSING,,MISSING,,MISSING,2.6597717647431454,OBSERVED,,MISSING,,MISSING,,PENDING_EXECUTION,,STRUCTURAL_MISSING,,STRUCTURAL_MISSING,,STRUCTURAL_MISSING,,PENDING_EXECUTION
51,VA,Virginia,2002,,PENDING_EXECUTION,,PENDING_EXECUTION,,PENDING_EXECUTION,,PENDING_EXECUTION,,MISSING,,MISSING,,MISSING,2.7571497403618808,OBSERVED,,MISSING,,MISSING,,PENDING_EXECUTION,,STRUCTURAL_MISSING,,STRUCTURAL_MISSING,,STRUCTURAL_MISSING,,PENDING_EXECUTION
51,VA,Virginia,2003,,PENDING_EXECUTION,,PENDING_EXECUTION,,PENDING_EXECUTION,,PENDING_EXECUTION,,MISSING,,MISSING,,MISSING,3.0456183044958602,OBSERVED,,MISSING,,MISSING,,PENDING_EXECUTION,,STRUCTURAL_MISSING,,STRUCTURAL_MISSING,,STRUCTURAL_MISSING,,PENDING_EXECUTION
51,VA,Virginia,2004,,PENDING_EXECUTION,,PENDING_EXECUTION,,PENDING_EXECUTION,,PENDING_EXECUTION,,MISSING,61,OBSERVED,,MISSING,3.1449085856271926,OBSERVED,,MISSING,,MISSING,,PENDING_EXECUTION,,STRUCTURAL_MISSING,,STRUCTURAL_MISSING,,STRUCTURAL_MISSING,,PENDING_EXECUTION
51,VA,Virginia,2005,,PENDING_EXECUTION,,PENDING_EXECUTION,,PENDING_EXECUTION,,PENDING_EXECUTION,,MISSING,,MISSING,,MISSING,3.1859133534509554,OBSERVED,,MISSING,,MISSING,,PENDING_EXECUTION,,STRUCTURAL_MISSING,,STRUCTURAL_MISSING,,STRUCTURAL_MISSING,,PENDING_EXECUTION
51,VA,Virginia,2006,,PENDING_EXECUTION,,PENDING_EXECUTION,,PENDING_EXECUTION,,PENDING_EXECUTION,,MISSING,,MISSING,,MISSING,3.2985284200306895,OBSERVED,,MISSING,,MISSING,,PENDING_EXECUTION,,STRUCTURAL_MISSING,,STRUCTURAL_MISSING,,STRUCTURAL_MISSING,,PENDING_EXECUTION
51,VA,Virginia,2007,,PENDING_EXECUTION,,PENDING_EXECUTION,,PENDING_EXECUTION,,PENDING_EXECUTION,,MISSING,,MISSING,,MISSING,3.4337504838085406,OBSERVED,,MISSING,,MISSING,,PENDING_EXECUTION,,STRUCTURAL_MISSING,,STRUCTURAL_MISSING,,STRUCTURAL_MISSING,,PENDING_EXECUTION
51,VA,Virginia,2008,,PENDING_EXECUTION,,PENDING_EXECUTION,,PENDING_EXECUTION,,PENDING_EXECUTION,,MISSING,67.53,OBSERVED,,MISSING,3.585627668667987,OBSERVED,,MISSING,,MISSING,,PENDING_EXECUTION,,STRUCTURAL_MISSING,,STRUCTURAL_MISSING,,STRUCTURAL_MISSING,,PENDING_EXECUTION
51,VA,Virginia,2009,,PENDING_EXECUTION,,PENDING_EXECUTION,,PENDING_EXECUTION,,PENDING_EXECUTION,,MISSING,,MISSING,,MISSING,3.679943456527601,OBSERVED,,MISSING,,MISSING,,PENDING_EXECUTION,,STRUCTURAL_MISSING,,STRUCTURAL_MISSING,,STRUCTURAL_MISSING,,PENDING_EXECUTION
51,VA,Virginia,2010,,PENDING_EXECUTION,,PENDING_EXECUTION,,PENDING_EXECUTION,,PENDING_EXECUTION,,MISSING,,MISSING,9.125064941276692,OBSERVED,3.796608276865266,OBSERVED,10.1698137859167,OBSERVED,28.7864938920092,OBSERVED,,PENDING_EXECUTION,,STRUCTURAL_MISSING,,STRUCTURAL_MISSING,,STRUCTURAL_MISSING,,PENDING_EXECUTION
51,VA,Virginia,2011,,PENDING_EXECUTION,,PENDING_EXECUTION,,PENDING_EXECUTION,,PENDING_EXECUTION,,MISSING,,MISSING,8.952002433758972,OBSERVED,3.5172134013507295,OBSERVED,8.870971748566248,OBSERVED,28.56002427403745,OBSERVED,,PENDING_EXECUTION,,STRUCTURAL_MISSING,,STRUCTURAL_MISSING,,STRUCTURAL_MISSING,,PENDING_EXECUTION
51,VA,Virginia,2012,,PENDING_EXECUTION,,PENDING_EXECUTION,,PENDING_EXECUTION,,PENDING_EXECUTION,,MISSING,66.72,OBSERVED,9.979434917569009,OBSERVED,3.547377842396955,OBSERVED,9.23962399776726,OBSERVED,28.50427947492607,OBSERVED,,PENDING_EXECUTION,,STRUCTURAL_MISSING,,STRUCTURAL_MISSING,,STRUCTURAL_MISSING,,PENDING_EXECUTION
51,VA,Virginia,2013,,PENDING_EXECUTION,,PENDING_EXECUTION,,PENDING_EXECUTION,,PENDING_EXECUTION,,MISSING,,MISSING,10.0879599219119,OBSERVED,3.437679001620788,OBSERVED,7.617150029667262,OBSERVED,30.45329517836512,OBSERVED,,PENDING_EXECUTION,,STRUCTURAL_MISSING,,STRUCTURAL_MISSING,,STRUCTURAL_MISSING,,PENDING_EXECUTION
51,VA,Virginia,2014,,PENDING_EXECUTION,,PENDING_EXECUTION,,PENDING_EXECUTION,,PENDING_EXECUTION,,MISSING,,MISSING,10.30166962946391,OBSERVED,3.6605443134029145,OBSERVED,9.423840534006077,OBSERVED,31.45213255431228,OBSERVED,,PENDING_EXECUTION,,STRUCTURAL_MISSING,,STRUCTURAL_MISSING,,STRUCTURAL_MISSING,,PENDING_EXECUTION
51,VA,Virginia,2015,,PENDING_EXECUTION,,PENDING_EXECUTION,,PENDING_EXECUTION,,PENDING_EXECUTION,,MISSING,,MISSING,11.61791638845368,OBSERVED,3.82775668575645,OBSERVED,10.29798607734217,OBSERVED,30.30757702471404,OBSERVED,,PENDING_EXECUTION,,STRUCTURAL_MISSING,,STRUCTURAL_MISSING,,STRUCTURAL_MISSING,,PENDING_EXECUTION
51,VA,Virginia,2016,,PENDING_EXECUTION,,PENDING_EXECUTION,,PENDING_EXECUTION,,PENDING_EXECUTION,,MISSING,66.27,OBSERVED,,MISSING,3.908810189445963,OBSERVED,,MISSING,,MISSING,,PENDING_EXECUTION,,STRUCTURAL_MISSING,,STRUCTURAL_MISSING,,STRUCTURAL_MISSING,,PENDING_EXECUTION
51,VA,Virginia,2017,,PENDING_EXECUTION,,PENDING_EXECUTION,,PENDING_EXECUTION,,PENDING_EXECUTION,27.5211580535045,OBSERVED,,MISSING,9.77214008989578,OBSERVED,,MISSING,18.34717532811289,OBSERVED,34.02061299323403,OBSERVED,,PENDING_EXECUTION,,STRUCTURAL_MISSING,,STRUCTURAL_MISSING,,STRUCTURAL_MISSING,,PENDING_EXECUTION
51,VA,Virginia,2018,,PENDING_EXECUTION,,PENDING_EXECUTION,,PENDING_EXECUTION,,PENDING_EXECUTION,,MISSING,,MISSING,,MISSING,3.6482542427845637,OBSERVED,,MISSING,,MISSING,,PENDING_EXECUTION,,STRUCTURAL_MISSING,,STRUCTURAL_MISSING,,STRUCTURAL_MISSING,,PENDING_EXECUTION
51,VA,Virginia,2019,,PENDING_EXECUTION,,PENDING_EXECUTION,,PENDING_EXECUTION,,PENDING_EXECUTION,30.25094922896647,OBSERVED,,MISSING,8.937928947730764,OBSERVED,4.342825140984044,OBSERVED,20.77457361334147,OBSERVED,35.36672098133465,OBSERVED,,PENDING_EXECUTION,,STRUCTURAL_MISSING,,STRUCTURAL_MISSING,,STRUCTURAL_MISSING,,PENDING_EXECUTION
51,VA,Virginia,2020,,PENDING_EXECUTION,,PENDING_EXECUTION,,PENDING_EXECUTION,,PENDING_EXECUTION,,MISSING,71.79,OBSERVED,,MISSING,4.362644206283222,OBSERVED,,MISSING,,MISSING,,PENDING_EXECUTION,,STRUCTURAL_MISSING,,STRUCTURAL_MISSING,,STRUCTURAL_MISSING,,PENDING_EXECUTION
51,VA,Virginia,2021,,PENDING_EXECUTION,,PENDING_EXECUTION,,PENDING_EXECUTION,,PENDING_EXECUTION,28.81735099624592,OBSERVED,,MISSING,8.57747700212235,OBSERVED,,MISSING,18.10471739925831,OBSERVED,27.20899076080748,OBSERVED,,PENDING_EXECUTION,,STRUCTURAL_MISSING,,STRUCTURAL_MISSING,,STRUCTURAL_MISSING,,PENDING_EXECUTION
51,VA,Virginia,2022,,PENDING_EXECUTION,,PENDING_EXECUTION,,PENDING_EXECUTION,,PENDING_EXECUTION,,MISSING,,MISSING,,MISSING,4.592988281387273,OBSERVED,,MISSING,,MISSING,,PENDING_EXECUTION,,STRUCTURAL_MISSING,,STRUCTURAL_MISSING,,STRUCTURAL_MISSING,,PENDING_EXECUTION
51,VA,Virginia,2023,,PENDING_EXECUTION,,PENDING_EXECUTION,,PENDING_EXECUTION,,PENDING_EXECUTION,28.30809821549755,OBSERVED,,MISSING,9.233976987670076,OBSERVED,4.74959091056161,OBSERVED,23.11199192767726,OBSERVED,29.61953615669553,OBSERVED,,PENDING_EXECUTION,,STRUCTURAL_MISSING,,STRUCTURAL_MISSING,,STRUCTURAL_MISSING,,PENDING_EXECUTION
53,WA,Washington,2000,,PENDING_EXECUTION,,PENDING_EXECUTION,,PENDING_EXECUTION,,PENDING_EXECUTION,,MISSING,62.57,OBSERVED,,MISSING,2.8965341750427034,OBSERVED,,MISSING,,MISSING,,PENDING_EXECUTION,,STRUCTURAL_MISSING,,STRUCTURAL_MISSING,,STRUCTURAL_MISSING,,PENDING_EXECUTION
53,WA,Washington,2001,,PENDING_EXECUTION,,PENDING_EXECUTION,,PENDING_EXECUTION,,PENDING_EXECUTION,,MISSING,,MISSING,,MISSING,3.052263369398044,OBSERVED,,MISSING,,MISSING,,PENDING_EXECUTION,,STRUCTURAL_MISSING,,STRUCTURAL_MISSING,,STRUCTURAL_MISSING,,PENDING_EXECUTION
53,WA,Washington,2002,,PENDING_EXECUTION,,PENDING_EXECUTION,,PENDING_EXECUTION,,PENDING_EXECUTION,,MISSING,,MISSING,,MISSING,3.1833921011494875,OBSERVED,,MISSING,,MISSING,,PENDING_EXECUTION,,STRUCTURAL_MISSING,,STRUCTURAL_MISSING,,STRUCTURAL_MISSING,,PENDING_EXECUTION
53,WA,Washington,2003,,PENDING_EXECUTION,,PENDING_EXECUTION,,PENDING_EXECUTION,,PENDING_EXECUTION,,MISSING,,MISSING,,MISSING,3.437353326403582,OBSERVED,,MISSING,,MISSING,,PENDING_EXECUTION,,STRUCTURAL_MISSING,,STRUCTURAL_MISSING,,STRUCTURAL_MISSING,,PENDING_EXECUTION
53,WA,Washington,2004,,PENDING_EXECUTION,,PENDING_EXECUTION,,PENDING_EXECUTION,,PENDING_EXECUTION,,MISSING,67.72,OBSERVED,,MISSING,3.534270054356578,OBSERVED,,MISSING,,MISSING,,PENDING_EXECUTION,,STRUCTURAL_MISSING,,STRUCTURAL_MISSING,,STRUCTURAL_MISSING,,PENDING_EXECUTION
53,WA,Washington,2005,,PENDING_EXECUTION,,PENDING_EXECUTION,,PENDING_EXECUTION,,PENDING_EXECUTION,,MISSING,,MISSING,,MISSING,3.5604785127143397,OBSERVED,,MISSING,,MISSING,,PENDING_EXECUTION,,STRUCTURAL_MISSING,,STRUCTURAL_MISSING,,STRUCTURAL_MISSING,,PENDING_EXECUTION
53,WA,Washington,2006,,PENDING_EXECUTION,,PENDING_EXECUTION,,PENDING_EXECUTION,,PENDING_EXECUTION,,MISSING,,MISSING,,MISSING,3.6389732893427196,OBSERVED,,MISSING,,MISSING,,PENDING_EXECUTION,,STRUCTURAL_MISSING,,STRUCTURAL_MISSING,,STRUCTURAL_MISSING,,PENDING_EXECUTION
53,WA,Washington,2007,,PENDING_EXECUTION,,PENDING_EXECUTION,,PENDING_EXECUTION,,PENDING_EXECUTION,,MISSING,,MISSING,,MISSING,3.7597574713456616,OBSERVED,,MISSING,,MISSING,,PENDING_EXECUTION,,STRUCTURAL_MISSING,,STRUCTURAL_MISSING,,STRUCTURAL_MISSING,,PENDING_EXECUTION
53,WA,Washington,2008,,PENDING_EXECUTION,,PENDING_EXECUTION,,PENDING_EXECUTION,,PENDING_EXECUTION,,MISSING,67.36,OBSERVED,,MISSING,3.799165253402387,OBSERVED,,MISSING,,MISSING,,PENDING_EXECUTION,,STRUCTURAL_MISSING,,STRUCTURAL_MISSING,,STRUCTURAL_MISSING,,PENDING_EXECUTION
53,WA,Washington,2009,,PENDING_EXECUTION,,PENDING_EXECUTION,,PENDING_EXECUTION,,PENDING_EXECUTION,,MISSING,,MISSING,,MISSING,3.8922066776594146,OBSERVED,,MISSING,,MISSING,,PENDING_EXECUTION,,STRUCTURAL_MISSING,,STRUCTURAL_MISSING,,STRUCTURAL_MISSING,,PENDING_EXECUTION
53,WA,Washington,2010,,PENDING_EXECUTION,,PENDING_EXECUTION,,PENDING_EXECUTION,,PENDING_EXECUTION,,MISSING,,MISSING,14.00832825286393,OBSERVED,3.953872818499872,OBSERVED,12.81205743567075,OBSERVED,33.10335416092337,OBSERVED,,PENDING_EXECUTION,,STRUCTURAL_MISSING,,STRUCTURAL_MISSING,,STRUCTURAL_MISSING,,PENDING_EXECUTION
53,WA,Washington,2011,,PENDING_EXECUTION,,PENDING_EXECUTION,,PENDING_EXECUTION,,PENDING_EXECUTION,,MISSING,,MISSING,11.07425346865089,OBSERVED,3.638678346722121,OBSERVED,12.15412824911427,OBSERVED,34.35279831269167,OBSERVED,,PENDING_EXECUTION,,STRUCTURAL_MISSING,,STRUCTURAL_MISSING,,STRUCTURAL_MISSING,,PENDING_EXECUTION
53,WA,Washington,2012,,PENDING_EXECUTION,,PENDING_EXECUTION,,PENDING_EXECUTION,,PENDING_EXECUTION,,MISSING,65.83,OBSERVED,11.6999836430747,OBSERVED,3.6005861479990355,OBSERVED,11.82025102648622,OBSERVED,36.04735499404035,OBSERVED,,PENDING_EXECUTION,,STRUCTURAL_MISSING,,STRUCTURAL_MISSING,,STRUCTURAL_MISSING,,PENDING_EXECUTION
53,WA,Washington,2013,,PENDING_EXECUTION,,PENDING_EXECUTION,,PENDING_EXECUTION,,PENDING_EXECUTION,,MISSING,,MISSING,11.31330083589464,OBSERVED,3.43111331602704,OBSERVED,11.49517691454558,OBSERVED,33.25333952919583,OBSERVED,,PENDING_EXECUTION,,STRUCTURAL_MISSING,,STRUCTURAL_MISSING,,STRUCTURAL_MISSING,,PENDING_EXECUTION
53,WA,Washington,2014,,PENDING_EXECUTION,,PENDING_EXECUTION,,PENDING_EXECUTION,,PENDING_EXECUTION,,MISSING,,MISSING,12.60488755263728,OBSERVED,3.6213797714809894,OBSERVED,12.5073157939512,OBSERVED,29.19017109039142,OBSERVED,,PENDING_EXECUTION,,STRUCTURAL_MISSING,,STRUCTURAL_MISSING,,STRUCTURAL_MISSING,,PENDING_EXECUTION
53,WA,Washington,2015,,PENDING_EXECUTION,,PENDING_EXECUTION,,PENDING_EXECUTION,,PENDING_EXECUTION,,MISSING,,MISSING,12.64115533779774,OBSERVED,3.8119026069417896,OBSERVED,11.84896519745877,OBSERVED,28.99818016557074,OBSERVED,,PENDING_EXECUTION,,STRUCTURAL_MISSING,,STRUCTURAL_MISSING,,STRUCTURAL_MISSING,,PENDING_EXECUTION
53,WA,Washington,2016,,PENDING_EXECUTION,,PENDING_EXECUTION,,PENDING_EXECUTION,,PENDING_EXECUTION,,MISSING,65.65,OBSERVED,,MISSING,3.8023490810430354,OBSERVED,,MISSING,,MISSING,,PENDING_EXECUTION,,STRUCTURAL_MISSING,,STRUCTURAL_MISSING,,STRUCTURAL_MISSING,,PENDING_EXECUTION
53,WA,Washington,2017,,PENDING_EXECUTION,,PENDING_EXECUTION,,PENDING_EXECUTION,,PENDING_EXECUTION,31.30599462284523,OBSERVED,,MISSING,10.85400201801422,OBSERVED,,MISSING,24.72518685508259,OBSERVED,35.72167255310724,OBSERVED,,PENDING_EXECUTION,,STRUCTURAL_MISSING,,STRUCTURAL_MISSING,,STRUCTURAL_MISSING,,PENDING_EXECUTION
53,WA,Washington,2018,,PENDING_EXECUTION,,PENDING_EXECUTION,,PENDING_EXECUTION,,PENDING_EXECUTION,,MISSING,,MISSING,,MISSING,3.462032236039971,OBSERVED,,MISSING,,MISSING,,PENDING_EXECUTION,,STRUCTURAL_MISSING,,STRUCTURAL_MISSING,,STRUCTURAL_MISSING,,PENDING_EXECUTION
53,WA,Washington,2019,,PENDING_EXECUTION,,PENDING_EXECUTION,,PENDING_EXECUTION,,PENDING_EXECUTION,28.39232147005693,OBSERVED,,MISSING,12.48166550796076,OBSERVED,4.098095829485171,OBSERVED,22.38650765703412,OBSERVED,33.78521695500528,OBSERVED,,PENDING_EXECUTION,,STRUCTURAL_MISSING,,STRUCTURAL_MISSING,,STRUCTURAL_MISSING,,PENDING_EXECUTION
53,WA,Washington,2020,,PENDING_EXECUTION,,PENDING_EXECUTION,,PENDING_EXECUTION,,PENDING_EXECUTION,,MISSING,75.33,OBSERVED,,MISSING,4.075180404957378,OBSERVED,,MISSING,,MISSING,,PENDING_EXECUTION,,STRUCTURAL_MISSING,,STRUCTURAL_MISSING,,STRUCTURAL_MISSING,,PENDING_EXECUTION
53,WA,Washington,2021,,PENDING_EXECUTION,,PENDING_EXECUTION,,PENDING_EXECUTION,,PENDING_EXECUTION,25.03100879400135,OBSERVED,,MISSING,9.722524201501438,OBSERVED,,MISSING,17.37394079568514,OBSERVED,25.00719023023483,OBSERVED,,PENDING_EXECUTION,,STRUCTURAL_MISSING,,STRUCTURAL_MISSING,,STRUCTURAL_MISSING,,PENDING_EXECUTION
53,WA,Washington,2022,,PENDING_EXECUTION,,PENDING_EXECUTION,,PENDING_EXECUTION,,PENDING_EXECUTION,,MISSING,,MISSING,,MISSING,4.1176818943649005,OBSERVED,,MISSING,,MISSING,,PENDING_EXECUTION,,STRUCTURAL_MISSING,,STRUCTURAL_MISSING,,STRUCTURAL_MISSING,,PENDING_EXECUTION
53,WA,Washington,2023,,PENDING_EXECUTION,,PENDING_EXECUTION,,PENDING_EXECUTION,,PENDING_EXECUTION,29.4438615866771,OBSERVED,,MISSING,9.916812946564185,OBSERVED,4.208307307932542,OBSERVED,20.49684372991063,OBSERVED,29.59362604682656,OBSERVED,,PENDING_EXECUTION,,STRUCTURAL_MISSING,,STRUCTURAL_MISSING,,STRUCTURAL_MISSING,,PENDING_EXECUTION
54,WV,West Virginia,2000,,PENDING_EXECUTION,,PENDING_EXECUTION,,PENDING_EXECUTION,,PENDING_EXECUTION,,MISSING,,MISSING,,MISSING,2.5079952031548056,OBSERVED,,MISSING,,MISSING,,PENDING_EXECUTION,,STRUCTURAL_MISSING,,STRUCTURAL_MISSING,,STRUCTURAL_MISSING,,PENDING_EXECUTION
54,WV,West Virginia,2001,,PENDING_EXECUTION,,PENDING_EXECUTION,,PENDING_EXECUTION,,PENDING_EXECUTION,,MISSING,,MISSING,,MISSING,2.7299760585873516,OBSERVED,,MISSING,,MISSING,,PENDING_EXECUTION,,STRUCTURAL_MISSING,,STRUCTURAL_MISSING,,STRUCTURAL_MISSING,,PENDING_EXECUTION
54,WV,West Virginia,2002,,PENDING_EXECUTION,,PENDING_EXECUTION,,PENDING_EXECUTION,,PENDING_EXECUTION,,MISSING,,MISSING,,MISSING,2.8492079932912895,OBSERVED,,MISSING,,MISSING,,PENDING_EXECUTION,,STRUCTURAL_MISSING,,STRUCTURAL_MISSING,,STRUCTURAL_MISSING,,PENDING_EXECUTION
54,WV,West Virginia,2003,,PENDING_EXECUTION,,PENDING_EXECUTION,,PENDING_EXECUTION,,PENDING_EXECUTION,,MISSING,,MISSING,,MISSING,3.0215831307816883,OBSERVED,,MISSING,,MISSING,,PENDING_EXECUTION,,STRUCTURAL_MISSING,,STRUCTURAL_MISSING,,STRUCTURAL_MISSING,,PENDING_EXECUTION
54,WV,West Virginia,2004,,PENDING_EXECUTION,,PENDING_EXECUTION,,PENDING_EXECUTION,,PENDING_EXECUTION,,MISSING,54.68,OBSERVED,,MISSING,3.1022253443277448,OBSERVED,,MISSING,,MISSING,,PENDING_EXECUTION,,STRUCTURAL_MISSING,,STRUCTURAL_MISSING,,STRUCTURAL_MISSING,,PENDING_EXECUTION
54,WV,West Virginia,2005,,PENDING_EXECUTION,,PENDING_EXECUTION,,PENDING_EXECUTION,,PENDING_EXECUTION,,MISSING,,MISSING,,MISSING,3.1573882225244603,OBSERVED,,MISSING,,MISSING,,PENDING_EXECUTION,,STRUCTURAL_MISSING,,STRUCTURAL_MISSING,,STRUCTURAL_MISSING,,PENDING_EXECUTION
54,WV,West Virginia,2006,,PENDING_EXECUTION,,PENDING_EXECUTION,,PENDING_EXECUTION,,PENDING_EXECUTION,,MISSING,,MISSING,,MISSING,3.2370267277636997,OBSERVED,,MISSING,,MISSING,,PENDING_EXECUTION,,STRUCTURAL_MISSING,,STRUCTURAL_MISSING,,STRUCTURAL_MISSING,,PENDING_EXECUTION
54,WV,West Virginia,2007,,PENDING_EXECUTION,,PENDING_EXECUTION,,PENDING_EXECUTION,,PENDING_EXECUTION,,MISSING,,MISSING,,MISSING,3.328695151500612,OBSERVED,,MISSING,,MISSING,,PENDING_EXECUTION,,STRUCTURAL_MISSING,,STRUCTURAL_MISSING,,STRUCTURAL_MISSING,,PENDING_EXECUTION
54,WV,West Virginia,2008,,PENDING_EXECUTION,,PENDING_EXECUTION,,PENDING_EXECUTION,,PENDING_EXECUTION,,MISSING,51.16,OBSERVED,,MISSING,3.7689302345800435,OBSERVED,,MISSING,,MISSING,,PENDING_EXECUTION,,STRUCTURAL_MISSING,,STRUCTURAL_MISSING,,STRUCTURAL_MISSING,,PENDING_EXECUTION
54,WV,West Virginia,2009,,PENDING_EXECUTION,,PENDING_EXECUTION,,PENDING_EXECUTION,,PENDING_EXECUTION,,MISSING,,MISSING,,MISSING,3.8819661484758696,OBSERVED,,MISSING,,MISSING,,PENDING_EXECUTION,,STRUCTURAL_MISSING,,STRUCTURAL_MISSING,,STRUCTURAL_MISSING,,PENDING_EXECUTION
54,WV,West Virginia,2010,,PENDING_EXECUTION,,PENDING_EXECUTION,,PENDING_EXECUTION,,PENDING_EXECUTION,,MISSING,,MISSING,6.799884083485416,OBSERVED,3.9875638056049163,OBSERVED,7.374961096566978,OBSERVED,26.04223298514393,OBSERVED,,PENDING_EXECUTION,,STRUCTURAL_MISSING,,STRUCTURAL_MISSING,,STRUCTURAL_MISSING,,PENDING_EXECUTION
54,WV,West Virginia,2011,,PENDING_EXECUTION,,PENDING_EXECUTION,,PENDING_EXECUTION,,PENDING_EXECUTION,,MISSING,,MISSING,5.084204813780824,OBSERVED,3.5721095375109204,OBSERVED,4.076427835988246,OBSERVED,22.70415060060357,OBSERVED,,PENDING_EXECUTION,,STRUCTURAL_MISSING,,STRUCTURAL_MISSING,,STRUCTURAL_MISSING,,PENDING_EXECUTION
54,WV,West Virginia,2012,,PENDING_EXECUTION,,PENDING_EXECUTION,,PENDING_EXECUTION,,PENDING_EXECUTION,,MISSING,47.35,OBSERVED,7.904830605990746,OBSERVED,3.5317312051063667,OBSERVED,10.41535619347641,OBSERVED,20.62799268008375,OBSERVED,,PENDING_EXECUTION,,STRUCTURAL_MISSING,,STRUCTURAL_MISSING,,STRUCTURAL_MISSING,,PENDING_EXECUTION
54,WV,West Virginia,2013,,PENDING_EXECUTION,,PENDING_EXECUTION,,PENDING_EXECUTION,,PENDING_EXECUTION,,MISSING,,MISSING,6.889940217555084,OBSERVED,3.3200917850642235,OBSERVED,7.325791606871867,OBSERVED,20.94201146564163,OBSERVED,,PENDING_EXECUTION,,STRUCTURAL_MISSING,,STRUCTURAL_MISSING,,STRUCTURAL_MISSING,,PENDING_EXECUTION
54,WV,West Virginia,2014,,PENDING_EXECUTION,,PENDING_EXECUTION,,PENDING_EXECUTION,,PENDING_EXECUTION,,MISSING,,MISSING,6.480074597032366,OBSERVED,3.2649417557518796,OBSERVED,10.5585960512637,OBSERVED,20.60954112830066,OBSERVED,,PENDING_EXECUTION,,STRUCTURAL_MISSING,,STRUCTURAL_MISSING,,STRUCTURAL_MISSING,,PENDING_EXECUTION
54,WV,West Virginia,2015,,PENDING_EXECUTION,,PENDING_EXECUTION,,PENDING_EXECUTION,,PENDING_EXECUTION,,MISSING,,MISSING,7.052739652844317,OBSERVED,3.829478357669698,OBSERVED,8.924868905691149,OBSERVED,24.28299193957761,OBSERVED,,PENDING_EXECUTION,,STRUCTURAL_MISSING,,STRUCTURAL_MISSING,,STRUCTURAL_MISSING,,PENDING_EXECUTION
54,WV,West Virginia,2016,,PENDING_EXECUTION,,PENDING_EXECUTION,,PENDING_EXECUTION,,PENDING_EXECUTION,,MISSING,51.42,OBSERVED,,MISSING,3.955392687871603,OBSERVED,,MISSING,,MISSING,,PENDING_EXECUTION,,STRUCTURAL_MISSING,,STRUCTURAL_MISSING,,STRUCTURAL_MISSING,,PENDING_EXECUTION
54,WV,West Virginia,2017,,PENDING_EXECUTION,,PENDING_EXECUTION,,PENDING_EXECUTION,,PENDING_EXECUTION,23.27121724483976,OBSERVED,,MISSING,8.997385934799128,OBSERVED,,MISSING,25.54915454223303,OBSERVED,28.05395937840227,OBSERVED,,PENDING_EXECUTION,,STRUCTURAL_MISSING,,STRUCTURAL_MISSING,,STRUCTURAL_MISSING,,PENDING_EXECUTION
54,WV,West Virginia,2018,,PENDING_EXECUTION,,PENDING_EXECUTION,,PENDING_EXECUTION,,PENDING_EXECUTION,,MISSING,,MISSING,,MISSING,3.776953220820254,OBSERVED,,MISSING,,MISSING,,PENDING_EXECUTION,,STRUCTURAL_MISSING,,STRUCTURAL_MISSING,,STRUCTURAL_MISSING,,PENDING_EXECUTION
54,WV,West Virginia,2019,,PENDING_EXECUTION,,PENDING_EXECUTION,,PENDING_EXECUTION,,PENDING_EXECUTION,26.50553863013717,OBSERVED,,MISSING,9.089285187702746,OBSERVED,4.387657964320549,OBSERVED,23.40360563099961,OBSERVED,30.64019223116156,OBSERVED,,PENDING_EXECUTION,,STRUCTURAL_MISSING,,STRUCTURAL_MISSING,,STRUCTURAL_MISSING,,PENDING_EXECUTION
54,WV,West Virginia,2020,,PENDING_EXECUTION,,PENDING_EXECUTION,,PENDING_EXECUTION,,PENDING_EXECUTION,,MISSING,57.19,OBSERVED,,MISSING,4.44695745946833,OBSERVED,,MISSING,,MISSING,,PENDING_EXECUTION,,STRUCTURAL_MISSING,,STRUCTURAL_MISSING,,STRUCTURAL_MISSING,,PENDING_EXECUTION
54,WV,West Virginia,2021,,PENDING_EXECUTION,,PENDING_EXECUTION,,PENDING_EXECUTION,,PENDING_EXECUTION,23.59435741468592,OBSERVED,,MISSING,5.434922638743871,OBSERVED,,MISSING,18.4684850069479,OBSERVED,22.35593361531326,OBSERVED,,PENDING_EXECUTION,,STRUCTURAL_MISSING,,STRUCTURAL_MISSING,,STRUCTURAL_MISSING,,PENDING_EXECUTION
54,WV,West Virginia,2022,,PENDING_EXECUTION,,PENDING_EXECUTION,,PENDING_EXECUTION,,PENDING_EXECUTION,,MISSING,,MISSING,,MISSING,4.572063121640779,OBSERVED,,MISSING,,MISSING,,PENDING_EXECUTION,,STRUCTURAL_MISSING,,STRUCTURAL_MISSING,,STRUCTURAL_MISSING,,PENDING_EXECUTION
54,WV,West Virginia,2023,,PENDING_EXECUTION,,PENDING_EXECUTION,,PENDING_EXECUTION,,PENDING_EXECUTION,19.18601851518245,OBSERVED,,MISSING,8.347002317303524,OBSERVED,4.742747607299369,OBSERVED,17.1021679557767,OBSERVED,19.79112311211005,OBSERVED,,PENDING_EXECUTION,,STRUCTURAL_MISSING,,STRUCTURAL_MISSING,,STRUCTURAL_MISSING,,PENDING_EXECUTION
55,WI,Wisconsin,2000,,PENDING_EXECUTION,,PENDING_EXECUTION,,PENDING_EXECUTION,,PENDING_EXECUTION,,MISSING,,MISSING,,MISSING,2.7714928863961457,OBSERVED,,MISSING,,MISSING,,PENDING_EXECUTION,,STRUCTURAL_MISSING,,STRUCTURAL_MISSING,,STRUCTURAL_MISSING,,PENDING_EXECUTION
55,WI,Wisconsin,2001,,PENDING_EXECUTION,,PENDING_EXECUTION,,PENDING_EXECUTION,,PENDING_EXECUTION,,MISSING,,MISSING,,MISSING,2.9283305297831355,OBSERVED,,MISSING,,MISSING,,PENDING_EXECUTION,,STRUCTURAL_MISSING,,STRUCTURAL_MISSING,,STRUCTURAL_MISSING,,PENDING_EXECUTION
55,WI,Wisconsin,2002,,PENDING_EXECUTION,,PENDING_EXECUTION,,PENDING_EXECUTION,,PENDING_EXECUTION,,MISSING,,MISSING,,MISSING,3.125343194564276,OBSERVED,,MISSING,,MISSING,,PENDING_EXECUTION,,STRUCTURAL_MISSING,,STRUCTURAL_MISSING,,STRUCTURAL_MISSING,,PENDING_EXECUTION
55,WI,Wisconsin,2003,,PENDING_EXECUTION,,PENDING_EXECUTION,,PENDING_EXECUTION,,PENDING_EXECUTION,,MISSING,,MISSING,,MISSING,3.319643386091006,OBSERVED,,MISSING,,MISSING,,PENDING_EXECUTION,,STRUCTURAL_MISSING,,STRUCTURAL_MISSING,,STRUCTURAL_MISSING,,PENDING_EXECUTION
55,WI,Wisconsin,2004,,PENDING_EXECUTION,,PENDING_EXECUTION,,PENDING_EXECUTION,,PENDING_EXECUTION,,MISSING,75.5,OBSERVED,,MISSING,3.4791275920715643,OBSERVED,,MISSING,,MISSING,,PENDING_EXECUTION,,STRUCTURAL_MISSING,,STRUCTURAL_MISSING,,STRUCTURAL_MISSING,,PENDING_EXECUTION
55,WI,Wisconsin,2005,,PENDING_EXECUTION,,PENDING_EXECUTION,,PENDING_EXECUTION,,PENDING_EXECUTION,,MISSING,,MISSING,,MISSING,3.5428077702686864,OBSERVED,,MISSING,,MISSING,,PENDING_EXECUTION,,STRUCTURAL_MISSING,,STRUCTURAL_MISSING,,STRUCTURAL_MISSING,,PENDING_EXECUTION
55,WI,Wisconsin,2006,,PENDING_EXECUTION,,PENDING_EXECUTION,,PENDING_EXECUTION,,PENDING_EXECUTION,,MISSING,,MISSING,,MISSING,3.6513552738561277,OBSERVED,,MISSING,,MISSING,,PENDING_EXECUTION,,STRUCTURAL_MISSING,,STRUCTURAL_MISSING,,STRUCTURAL_MISSING,,PENDING_EXECUTION
55,WI,Wisconsin,2007,,PENDING_EXECUTION,,PENDING_EXECUTION,,PENDING_EXECUTION,,PENDING_EXECUTION,,MISSING,,MISSING,,MISSING,3.7518881081490525,OBSERVED,,MISSING,,MISSING,,PENDING_EXECUTION,,STRUCTURAL_MISSING,,STRUCTURAL_MISSING,,STRUCTURAL_MISSING,,PENDING_EXECUTION
55,WI,Wisconsin,2008,,PENDING_EXECUTION,,PENDING_EXECUTION,,PENDING_EXECUTION,,PENDING_EXECUTION,,MISSING,72.74,OBSERVED,,MISSING,4.002484667601253,OBSERVED,,MISSING,,MISSING,,PENDING_EXECUTION,,STRUCTURAL_MISSING,,STRUCTURAL_MISSING,,STRUCTURAL_MISSING,,PENDING_EXECUTION
55,WI,Wisconsin,2009,,PENDING_EXECUTION,,PENDING_EXECUTION,,PENDING_EXECUTION,,PENDING_EXECUTION,,MISSING,,MISSING,,MISSING,4.103883678727962,OBSERVED,,MISSING,,MISSING,,PENDING_EXECUTION,,STRUCTURAL_MISSING,,STRUCTURAL_MISSING,,STRUCTURAL_MISSING,,PENDING_EXECUTION
55,WI,Wisconsin,2010,,PENDING_EXECUTION,,PENDING_EXECUTION,,PENDING_EXECUTION,,PENDING_EXECUTION,,MISSING,,MISSING,13.76185763971674,OBSERVED,4.236682014951838,OBSERVED,9.829270177208638,OBSERVED,37.05921342362272,OBSERVED,,PENDING_EXECUTION,,STRUCTURAL_MISSING,,STRUCTURAL_MISSING,,STRUCTURAL_MISSING,,PENDING_EXECUTION
55,WI,Wisconsin,2011,,PENDING_EXECUTION,,PENDING_EXECUTION,,PENDING_EXECUTION,,PENDING_EXECUTION,,MISSING,,MISSING,12.36696456605563,OBSERVED,3.9883698105800374,OBSERVED,9.679358911681543,OBSERVED,33.98663712096678,OBSERVED,,PENDING_EXECUTION,,STRUCTURAL_MISSING,,STRUCTURAL_MISSING,,STRUCTURAL_MISSING,,PENDING_EXECUTION
55,WI,Wisconsin,2012,,PENDING_EXECUTION,,PENDING_EXECUTION,,PENDING_EXECUTION,,PENDING_EXECUTION,,MISSING,73.37,OBSERVED,13.52804374108047,OBSERVED,3.9616663680500626,OBSERVED,10.35322931115142,OBSERVED,35.99706798873223,OBSERVED,,PENDING_EXECUTION,,STRUCTURAL_MISSING,,STRUCTURAL_MISSING,,STRUCTURAL_MISSING,,PENDING_EXECUTION
55,WI,Wisconsin,2013,,PENDING_EXECUTION,,PENDING_EXECUTION,,PENDING_EXECUTION,,PENDING_EXECUTION,,MISSING,,MISSING,13.77258168609027,OBSERVED,3.598633115441376,OBSERVED,8.903504799852142,OBSERVED,35.38700175974492,OBSERVED,,PENDING_EXECUTION,,STRUCTURAL_MISSING,,STRUCTURAL_MISSING,,STRUCTURAL_MISSING,,PENDING_EXECUTION
55,WI,Wisconsin,2014,,PENDING_EXECUTION,,PENDING_EXECUTION,,PENDING_EXECUTION,,PENDING_EXECUTION,,MISSING,,MISSING,12.84082997751962,OBSERVED,3.954495577156292,OBSERVED,8.759139114656135,OBSERVED,34.67115707094974,OBSERVED,,PENDING_EXECUTION,,STRUCTURAL_MISSING,,STRUCTURAL_MISSING,,STRUCTURAL_MISSING,,PENDING_EXECUTION
55,WI,Wisconsin,2015,,PENDING_EXECUTION,,PENDING_EXECUTION,,PENDING_EXECUTION,,PENDING_EXECUTION,,MISSING,,MISSING,13.17306783014894,OBSERVED,4.193702262756409,OBSERVED,11.31495130047721,OBSERVED,35.49079569478172,OBSERVED,,PENDING_EXECUTION,,STRUCTURAL_MISSING,,STRUCTURAL_MISSING,,STRUCTURAL_MISSING,,PENDING_EXECUTION
55,WI,Wisconsin,2016,,PENDING_EXECUTION,,PENDING_EXECUTION,,PENDING_EXECUTION,,PENDING_EXECUTION,,MISSING,69.92,OBSERVED,,MISSING,4.29164855753164,OBSERVED,,MISSING,,MISSING,,PENDING_EXECUTION,,STRUCTURAL_MISSING,,STRUCTURAL_MISSING,,STRUCTURAL_MISSING,,PENDING_EXECUTION
55,WI,Wisconsin,2017,,PENDING_EXECUTION,,PENDING_EXECUTION,,PENDING_EXECUTION,,PENDING_EXECUTION,35.82863122697119,OBSERVED,,MISSING,11.39281204490068,OBSERVED,,MISSING,19.68673556819937,OBSERVED,37.40859405624361,OBSERVED,,PENDING_EXECUTION,,STRUCTURAL_MISSING,,STRUCTURAL_MISSING,,STRUCTURAL_MISSING,,PENDING_EXECUTION
55,WI,Wisconsin,2018,,PENDING_EXECUTION,,PENDING_EXECUTION,,PENDING_EXECUTION,,PENDING_EXECUTION,,MISSING,,MISSING,,MISSING,4.10271840813011,OBSERVED,,MISSING,,MISSING,,PENDING_EXECUTION,,STRUCTURAL_MISSING,,STRUCTURAL_MISSING,,STRUCTURAL_MISSING,,PENDING_EXECUTION
55,WI,Wisconsin,2019,,PENDING_EXECUTION,,PENDING_EXECUTION,,PENDING_EXECUTION,,PENDING_EXECUTION,33.63032295523558,OBSERVED,,MISSING,12.67402969060003,OBSERVED,4.684285444738428,OBSERVED,17.94282468036494,OBSERVED,37.48427113301368,OBSERVED,,PENDING_EXECUTION,,STRUCTURAL_MISSING,,STRUCTURAL_MISSING,,STRUCTURAL_MISSING,,PENDING_EXECUTION
55,WI,Wisconsin,2020,,PENDING_EXECUTION,,PENDING_EXECUTION,,PENDING_EXECUTION,,PENDING_EXECUTION,,MISSING,75.04,OBSERVED,,MISSING,4.668034663455831,OBSERVED,,MISSING,,MISSING,,PENDING_EXECUTION,,STRUCTURAL_MISSING,,STRUCTURAL_MISSING,,STRUCTURAL_MISSING,,PENDING_EXECUTION
55,WI,Wisconsin,2021,,PENDING_EXECUTION,,PENDING_EXECUTION,,PENDING_EXECUTION,,PENDING_EXECUTION,27.92856739954063,OBSERVED,,MISSING,10.04701926481553,OBSERVED,,MISSING,17.94293314939569,OBSERVED,24.92553215663719,OBSERVED,,PENDING_EXECUTION,,STRUCTURAL_MISSING,,STRUCTURAL_MISSING,,STRUCTURAL_MISSING,,PENDING_EXECUTION
55,WI,Wisconsin,2022,,PENDING_EXECUTION,,PENDING_EXECUTION,,PENDING_EXECUTION,,PENDING_EXECUTION,,MISSING,,MISSING,,MISSING,4.80448067351346,OBSERVED,,MISSING,,MISSING,,PENDING_EXECUTION,,STRUCTURAL_MISSING,,STRUCTURAL_MISSING,,STRUCTURAL_MISSING,,PENDING_EXECUTION
55,WI,Wisconsin,2023,,PENDING_EXECUTION,,PENDING_EXECUTION,,PENDING_EXECUTION,,PENDING_EXECUTION,26.77920091354551,OBSERVED,,MISSING,10.82654118375073,OBSERVED,4.940487620020792,OBSERVED,20.09177070152461,OBSERVED,27.13345279117923,OBSERVED,,PENDING_EXECUTION,,STRUCTURAL_MISSING,,STRUCTURAL_MISSING,,STRUCTURAL_MISSING,,PENDING_EXECUTION
56,WY,Wyoming,2000,,PENDING_EXECUTION,,PENDING_EXECUTION,,PENDING_EXECUTION,,PENDING_EXECUTION,,MISSING,62.12,OBSERVED,,MISSING,4.090633218693101,OBSERVED,,MISSING,,MISSING,,PENDING_EXECUTION,,STRUCTURAL_MISSING,,STRUCTURAL_MISSING,,STRUCTURAL_MISSING,,PENDING_EXECUTION
56,WY,Wyoming,2001,,PENDING_EXECUTION,,PENDING_EXECUTION,,PENDING_EXECUTION,,PENDING_EXECUTION,,MISSING,,MISSING,,MISSING,4.36666215175364,OBSERVED,,MISSING,,MISSING,,PENDING_EXECUTION,,STRUCTURAL_MISSING,,STRUCTURAL_MISSING,,STRUCTURAL_MISSING,,PENDING_EXECUTION
56,WY,Wyoming,2002,,PENDING_EXECUTION,,PENDING_EXECUTION,,PENDING_EXECUTION,,PENDING_EXECUTION,,MISSING,,MISSING,,MISSING,4.507846733211071,OBSERVED,,MISSING,,MISSING,,PENDING_EXECUTION,,STRUCTURAL_MISSING,,STRUCTURAL_MISSING,,STRUCTURAL_MISSING,,PENDING_EXECUTION
56,WY,Wyoming,2003,,PENDING_EXECUTION,,PENDING_EXECUTION,,PENDING_EXECUTION,,PENDING_EXECUTION,,MISSING,,MISSING,,MISSING,4.868378974800031,OBSERVED,,MISSING,,MISSING,,PENDING_EXECUTION,,STRUCTURAL_MISSING,,STRUCTURAL_MISSING,,STRUCTURAL_MISSING,,PENDING_EXECUTION
56,WY,Wyoming,2004,,PENDING_EXECUTION,,PENDING_EXECUTION,,PENDING_EXECUTION,,PENDING_EXECUTION,,MISSING,65.45,OBSERVED,,MISSING,4.996994731941874,OBSERVED,,MISSING,,MISSING,,PENDING_EXECUTION,,STRUCTURAL_MISSING,,STRUCTURAL_MISSING,,STRUCTURAL_MISSING,,PENDING_EXECUTION
56,WY,Wyoming,2005,,PENDING_EXECUTION,,PENDING_EXECUTION,,PENDING_EXECUTION,,PENDING_EXECUTION,,MISSING,,MISSING,,MISSING,5.0354269221268995,OBSERVED,,MISSING,,MISSING,,PENDING_EXECUTION,,STRUCTURAL_MISSING,,STRUCTURAL_MISSING,,STRUCTURAL_MISSING,,PENDING_EXECUTION
56,WY,Wyoming,2006,,PENDING_EXECUTION,,PENDING_EXECUTION,,PENDING_EXECUTION,,PENDING_EXECUTION,,MISSING,,MISSING,,MISSING,5.1371140707180665,OBSERVED,,MISSING,,MISSING,,PENDING_EXECUTION,,STRUCTURAL_MISSING,,STRUCTURAL_MISSING,,STRUCTURAL_MISSING,,PENDING_EXECUTION
56,WY,Wyoming,2007,,PENDING_EXECUTION,,PENDING_EXECUTION,,PENDING_EXECUTION,,PENDING_EXECUTION,,MISSING,,MISSING,,MISSING,5.173161629985268,OBSERVED,,MISSING,,MISSING,,PENDING_EXECUTION,,STRUCTURAL_MISSING,,STRUCTURAL_MISSING,,STRUCTURAL_MISSING,,PENDING_EXECUTION
56,WY,Wyoming,2008,,PENDING_EXECUTION,,PENDING_EXECUTION,,PENDING_EXECUTION,,PENDING_EXECUTION,,MISSING,63.1,OBSERVED,,MISSING,5.325587911574729,OBSERVED,,MISSING,,MISSING,,PENDING_EXECUTION,,STRUCTURAL_MISSING,,STRUCTURAL_MISSING,,STRUCTURAL_MISSING,,PENDING_EXECUTION
56,WY,Wyoming,2009,,PENDING_EXECUTION,,PENDING_EXECUTION,,PENDING_EXECUTION,,PENDING_EXECUTION,,MISSING,,MISSING,,MISSING,5.426443821659691,OBSERVED,,MISSING,,MISSING,,PENDING_EXECUTION,,STRUCTURAL_MISSING,,STRUCTURAL_MISSING,,STRUCTURAL_MISSING,,PENDING_EXECUTION
56,WY,Wyoming,2010,,PENDING_EXECUTION,,PENDING_EXECUTION,,PENDING_EXECUTION,,PENDING_EXECUTION,,MISSING,,MISSING,14.59162850870328,OBSERVED,5.5107691163107075,OBSERVED,13.09902761241098,OBSERVED,32.61773677903133,OBSERVED,,PENDING_EXECUTION,,STRUCTURAL_MISSING,,STRUCTURAL_MISSING,,STRUCTURAL_MISSING,,PENDING_EXECUTION
56,WY,Wyoming,2011,,PENDING_EXECUTION,,PENDING_EXECUTION,,PENDING_EXECUTION,,PENDING_EXECUTION,,MISSING,,MISSING,12.60717181397381,OBSERVED,5.101402489202472,OBSERVED,11.2940326193085,OBSERVED,29.83934614798429,OBSERVED,,PENDING_EXECUTION,,STRUCTURAL_MISSING,,STRUCTURAL_MISSING,,STRUCTURAL_MISSING,,PENDING_EXECUTION
56,WY,Wyoming,2012,,PENDING_EXECUTION,,PENDING_EXECUTION,,PENDING_EXECUTION,,PENDING_EXECUTION,,MISSING,59.03,OBSERVED,12.5550501155067,OBSERVED,5.004716850253878,OBSERVED,9.792432256771177,OBSERVED,27.00712689883351,OBSERVED,,PENDING_EXECUTION,,STRUCTURAL_MISSING,,STRUCTURAL_MISSING,,STRUCTURAL_MISSING,,PENDING_EXECUTION
56,WY,Wyoming,2013,,PENDING_EXECUTION,,PENDING_EXECUTION,,PENDING_EXECUTION,,PENDING_EXECUTION,,MISSING,,MISSING,12.0623292804214,OBSERVED,4.826473516185507,OBSERVED,9.794528367032296,OBSERVED,28.20384781659425,OBSERVED,,PENDING_EXECUTION,,STRUCTURAL_MISSING,,STRUCTURAL_MISSING,,STRUCTURAL_MISSING,,PENDING_EXECUTION
56,WY,Wyoming,2014,,PENDING_EXECUTION,,PENDING_EXECUTION,,PENDING_EXECUTION,,PENDING_EXECUTION,,MISSING,,MISSING,10.58630595876418,OBSERVED,5.473635835166738,OBSERVED,8.414303769389605,OBSERVED,31.32675808569899,OBSERVED,,PENDING_EXECUTION,,STRUCTURAL_MISSING,,STRUCTURAL_MISSING,,STRUCTURAL_MISSING,,PENDING_EXECUTION
56,WY,Wyoming,2015,,PENDING_EXECUTION,,PENDING_EXECUTION,,PENDING_EXECUTION,,PENDING_EXECUTION,,MISSING,,MISSING,9.804087914847164,OBSERVED,5.602083258724157,OBSERVED,9.711209471548019,OBSERVED,28.26151806726894,OBSERVED,,PENDING_EXECUTION,,STRUCTURAL_MISSING,,STRUCTURAL_MISSING,,STRUCTURAL_MISSING,,PENDING_EXECUTION
56,WY,Wyoming,2016,,PENDING_EXECUTION,,PENDING_EXECUTION,,PENDING_EXECUTION,,PENDING_EXECUTION,,MISSING,60.23,OBSERVED,,MISSING,5.821513456803413,OBSERVED,,MISSING,,MISSING,,PENDING_EXECUTION,,STRUCTURAL_MISSING,,STRUCTURAL_MISSING,,STRUCTURAL_MISSING,,PENDING_EXECUTION
56,WY,Wyoming,2017,,PENDING_EXECUTION,,PENDING_EXECUTION,,PENDING_EXECUTION,,PENDING_EXECUTION,29.82759022102671,OBSERVED,,MISSING,16.63834234504745,OBSERVED,,MISSING,19.73124253268154,OBSERVED,32.73345676593742,OBSERVED,,PENDING_EXECUTION,,STRUCTURAL_MISSING,,STRUCTURAL_MISSING,,STRUCTURAL_MISSING,,PENDING_EXECUTION
56,WY,Wyoming,2018,,PENDING_EXECUTION,,PENDING_EXECUTION,,PENDING_EXECUTION,,PENDING_EXECUTION,,MISSING,,MISSING,,MISSING,5.4606306147613175,OBSERVED,,MISSING,,MISSING,,PENDING_EXECUTION,,STRUCTURAL_MISSING,,STRUCTURAL_MISSING,,STRUCTURAL_MISSING,,PENDING_EXECUTION
56,WY,Wyoming,2019,,PENDING_EXECUTION,,PENDING_EXECUTION,,PENDING_EXECUTION,,PENDING_EXECUTION,33.80193765577825,OBSERVED,,MISSING,16.80921343919175,OBSERVED,6.44353887843121,OBSERVED,23.52225500958751,OBSERVED,30.97513029966865,OBSERVED,,PENDING_EXECUTION,,STRUCTURAL_MISSING,,STRUCTURAL_MISSING,,STRUCTURAL_MISSING,,PENDING_EXECUTION
56,WY,Wyoming,2020,,PENDING_EXECUTION,,PENDING_EXECUTION,,PENDING_EXECUTION,,PENDING_EXECUTION,,MISSING,64.74,OBSERVED,,MISSING,6.579949590073122,OBSERVED,,MISSING,,MISSING,,PENDING_EXECUTION,,STRUCTURAL_MISSING,,STRUCTURAL_MISSING,,STRUCTURAL_MISSING,,PENDING_EXECUTION
56,WY,Wyoming,2021,,PENDING_EXECUTION,,PENDING_EXECUTION,,PENDING_EXECUTION,,PENDING_EXECUTION,35.97285830961617,OBSERVED,,MISSING,16.09460301343032,OBSERVED,,MISSING,29.41291959763969,OBSERVED,39.20092368690176,OBSERVED,,PENDING_EXECUTION,,STRUCTURAL_MISSING,,STRUCTURAL_MISSING,,STRUCTURAL_MISSING,,PENDING_EXECUTION
56,WY,Wyoming,2022,,PENDING_EXECUTION,,PENDING_EXECUTION,,PENDING_EXECUTION,,PENDING_EXECUTION,,MISSING,,MISSING,,MISSING,6.906464430074841,OBSERVED,,MISSING,,MISSING,,PENDING_EXECUTION,,STRUCTURAL_MISSING,,STRUCTURAL_MISSING,,STRUCTURAL_MISSING,,PENDING_EXECUTION
56,WY,Wyoming,2023,,PENDING_EXECUTION,,PENDING_EXECUTION,,PENDING_EXECUTION,,PENDING_EXECUTION,30.84227562783862,OBSERVED,,MISSING,14.22541367489946,OBSERVED,7.245868125884973,OBSERVED,25.87212221946397,OBSERVED,29.80699797026137,OBSERVED,,PENDING_EXECUTION,,STRUCTURAL_MISSING,,STRUCTURAL_MISSING,,STRUCTURAL_MISSING,,PENDING_EXECUTION
