state,state_abbr,year,resident_population,real_gdp_millions_chained_2017_dollars,real_gdp_per_capita_chained_2017_dollars,gini_index,activity_rate_percent,land_area_sqmi_2020,population_density_per_sqmi,S_HAWES_COMPTON_socap_ma,S_CEV_formal_volunteering,S_CEV_organizational_membership,S_CEV_charitable_giving,S_CEV_informal_helping,S_CEV_talking_with_friends_and_family,S_CEV_talking_with_neighbors,S_CEV_learning_about_issues,S_CEV_discussing_issues_with_friends_and_family,S_CEV_discussing_issues_with_neighbors,S_CEV_posting_views_online,S_CEV_voting_in_local_elections,S_CEV_contacting_public_officials,S_CEV_donating_to_a_political_cause,S_CEV_attending_public_meetings,S_CEV_taking_action_with_neighbors,S_CEV_buycotting_or_boycotting,S_CEV_employer_promotes_volunteering,S_source_hawes_compton,S_source_cev,S_observed_any,S_series_note,st,democracy_mcmc,democracy_mcmc_sd,democracy_mcmc_se,democracy_additive
Alabama,AL,2000,4452173,168695.3,37890.553669,,63.6,50647.128506695175,87.90573387416141,-0.9840144,,,,,,,,,,,,,,,,,,1,0,1,Hawes/Compton 3-year moving-average social-capital index; contiguous 48 states,AL,-1.19966706316123,0.286838316108113,0.00286838316108113,-1.91132340458297
Alabama,AL,2001,4467634,168448.3,37704.140491,,62.7,50647.128506695175,88.21100290827765,-1.0707595,,,,,,,,,,,,,,,,,,1,0,1,Hawes/Compton 3-year moving-average social-capital index; contiguous 48 states,AL,-1.18911711733427,0.2873178183189,0.002873178183189,-1.8442019714894
Alabama,AL,2002,4480089,172430.4,38488.163963,,62.1,50647.128506695175,88.45692010767729,-0.66225195,,,,,,,,,,,,,,,,,,1,0,1,Hawes/Compton 3-year moving-average social-capital index; contiguous 48 states,AL,-0.864239300808843,0.2873770849137,0.002873770849137,-1.60199903223623
Alabama,AL,2003,4503491,178040.0,39533.775020,,62.2,50647.128506695175,88.9189798668383,-0.89120746,,,,,,,,,,,,,,,,,,1,0,1,Hawes/Compton 3-year moving-average social-capital index; contiguous 48 states,AL,-0.94605662552524,0.287965889572597,0.00287965889572597,-1.86639590647943
Alabama,AL,2004,4530729,189913.7,41916.808531,,62.1,50647.128506695175,89.45677935919055,-0.72514385,,,,,,,,,,,,,,,,,,1,0,1,Hawes/Compton 3-year moving-average social-capital index; contiguous 48 states,AL,-0.868436744528292,0.288768995335598,0.00288768995335598,-1.77954922805515
Alabama,AL,2005,4569805,197246.5,43163.001485,,61.5,50647.128506695175,90.22831372159442,-1.3341863,,,,,,,,,,,,,,,,,,1,0,1,Hawes/Compton 3-year moving-average social-capital index; contiguous 48 states,AL,-0.871910745460922,0.284694399258058,0.00284694399258058,-1.79713682621334
Alabama,AL,2006,4628981,199923.9,43189.613438,0.472,61.5,50647.128506695175,91.3967116494686,-1.5191938,,,,,,,,,,,,,,,,,,1,0,1,Hawes/Compton 3-year moving-average social-capital index; contiguous 48 states,AL,-0.866898121600014,0.284428127929137,0.00284428127929137,-1.81563178509992
Alabama,AL,2007,4672840,202025.5,43233.986184,0.471,61.2,50647.128506695175,92.26268374488961,-1.6990304,,,,,,,,,,,,,,,,,,1,0,1,Hawes/Compton 3-year moving-average social-capital index; contiguous 48 states,AL,-0.861050619387269,0.284966286952073,0.00284966286952073,-1.83213286065964
Alabama,AL,2008,4718206,200967.4,42594.028323,0.467,60.5,50647.128506695175,93.1584107354929,-1.5409486,,,,,,,,,,,,,,,,,,1,0,1,Hawes/Compton 3-year moving-average social-capital index; contiguous 48 states,AL,-0.314330605844328,0.289034737002195,0.00289034737002195,-1.36865216041935
Alabama,AL,2009,4757938,194192.1,40814.340162,0.471,59.1,50647.128506695175,93.94289746102854,-1.4975376,,,,,,,,,,,,,,,,,,1,0,1,Hawes/Compton 3-year moving-average social-capital index; contiguous 48 states,AL,-0.298166647984406,0.285560827401387,0.00285560827401387,-1.3247053452586
Alabama,AL,2010,4788095,199455.0,41656.441654,0.472,59.8,50647.128506695175,94.53833102042596,-1.4371125,,,,,,,,,,,,,,,,,,1,0,1,Hawes/Compton 3-year moving-average social-capital index; contiguous 48 states,AL,-0.609836118936043,0.286898823477238,0.00286898823477238,-1.28280560063633
Alabama,AL,2011,4812576,201372.8,41843.037907,0.4735,59.4,50647.128506695175,95.021695047604,,,,,,,,,,,,,,,,,,,0,0,0,,AL,-0.747900499414927,0.286487763439029,0.00286487763439029,-1.51547870219467
Alabama,AL,2012,4839947,203675.5,42082.175693,0.4726,58.3,50647.128506695175,95.56212055260339,,,,,,,,,,,,,,,,,,,0,0,0,,AL,-1.54681703876338,0.286124600074088,0.00286124600074088,-1.95497768997365
Alabama,AL,2013,4865253,206962.9,42538.979987,0.4752,57.7,50647.128506695175,96.0617737559761,,,,,,,,,,,,,,,,,,,0,0,0,,AL,-1.54316375512527,0.285629812697341,0.00285629812697341,-1.96428622163043
Alabama,AL,2014,4887757,206070.0,42160.442919,0.4758,56.9,50647.128506695175,96.5061029936549,,,,,,,,,,,,,,,,,,,0,0,0,,AL,-2.3383918794959,0.285439958549307,0.00285439958549307,-2.30691234558788
Alabama,AL,2015,4909177,208950.3,42563.203568,0.4811,56.7,50647.128506695175,96.9290292410367,,,,,,,,,,,,,,,,,,,0,0,0,,AL,-2.3377066229505,0.288055151497336,0.00288055151497336,-2.30691234558788
Alabama,AL,2016,4931579,212862.8,43163.214054,0.4847,57.0,50647.128506695175,97.37134454420415,,,,,,,,,,,,,,,,,,,0,0,0,,AL,-2.48157669466592,0.287582241518731,0.00287582241518731,-1.65860722738803
Alabama,AL,2017,4953096,216615.5,43733.353846,0.4768,56.9,50647.128506695175,97.79618600381733,,0.27398939,0.22115905,0.49894461,0.47416642,0.9840864,0.76593989,0.8770315,0.7010269,0.3221135,0.1963986,0.5562794,0.0727482,0.0464582,0.0727567,0.1823462,0.0694331,,0,1,1,CPS CEV observed state rates; separate modern indicators; not spliced to Hawes index,AL,-2.47788821110341,0.287635453262708,0.00287635453262708,-1.65860722738803
Alabama,AL,2018,4977088,220808.8,44365.058444,0.4859,57.3,50647.128506695175,98.26989499201451,,,,,,,,,,,,,,,,,,,0,0,0,,AL,-2.62667257977196,0.287869432182547,0.00287869432182547,-1.56766012211748
Alabama,AL,2019,5003778,225272.8,45020.542478,0.4741,57.7,50647.128506695175,98.79687452248231,,0.25764271,0.22926222,0.50987243,0.49767599,0.97817557,0.71189145,0.82424142,0.64846014,0.30001605,0.20830828,0.62447834,0.08895217,0.06602825,0.09046351,0.1644158,0.10454094,,0,1,1,CPS CEV observed state rates; separate modern indicators; not spliced to Hawes index,AL,-2.62237830117404,0.290197472092277,0.00290197472092277,-1.56766012211748
Alabama,AL,2020,5031864,222288.8,44176.233698,,57.2,50647.128506695175,99.35141731351709,,,,,,,,,,,,,,,,,,,0,0,0,,AL,-2.57884952049479,0.289876348983579,0.00289876348983579,-1.31985074369205
Alabama,AL,2021,5050380,233726.6,46279.012668,0.4823,56.4,50647.128506695175,99.71700566069362,,0.19543448,0.18445939,0.40108137,0.46415856,0.97877132,0.68765636,0.74848113,0.67707534,0.31553512,0.18039748,0.49960748,0.07897876,0.0523123,0.07900686,0.15941605,0.09494937,0.34745277,0,1,1,CPS CEV observed state rates; separate modern indicators; not spliced to Hawes index,AL,-2.57751011425029,0.288043733945301,0.00288043733945301,-1.31985074369205
Alabama,AL,2022,5073903,238556.5,47016.369844,0.4851,56.7,50647.128506695175,100.18145449902984,,,,,,,,,,,,,,,,,,,0,0,0,,AL,-2.263624841549,0.286557126460231,0.00286557126460231,-0.956080995825035
Alabama,AL,2023,5108468,245354.7,48029.017702,0.4771,57.1,50647.128506695175,100.86392162044682,,0.1994202,0.1474839,0.4146908,0.4730907,0.9670348,0.6566281,0.8342356,0.6535252,0.2940658,0.1355387,0.5199717,0.0499533,0.041657,0.0633949,0.1831129,0.068009,0.3067537,0,1,1,CPS CEV observed state rates; separate modern indicators; not spliced to Hawes index,AL,-2.26578617877296,0.287202042550444,0.00287202042550444,-0.956080995825035
Alaska,AK,2000,627963,38428.1,61194.847467,,73.3,571022.3549042225,1.0997170156417573,,,,,,,,,,,,,,,,,,,0,0,0,,AK,0.244965705943881,0.283248215239997,0.00283248215239997,-0.422567985937996
Alaska,AK,2001,633714,40014.4,63142.679505,,72.6,571022.3549042225,1.109788425194479,,,,,,,,,,,,,,,,,,,0,0,0,,AK,0.245362140431613,0.284027240543361,0.00284027240543361,-0.41571413433777
Alaska,AK,2002,642337,41904.7,65237.873577,,72.4,571022.3549042225,1.1248894101663307,,,,,,,,,,,,,,,,,,,0,0,0,,AK,0.253712657264721,0.284799657183791,0.00284799657183791,-0.192522975012396
Alaska,AK,2003,648414,41235.0,63593.629996,,72.3,571022.3549042225,1.1355317255639814,,,,,,,,,,,,,,,,,,,0,0,0,,AK,0.25683588565224,0.280025869641695,0.00280025869641695,-0.184001985149178
Alaska,AK,2004,659286,42880.1,65040.210167,,71.6,571022.3549042225,1.1545712603678746,,,,,,,,,,,,,,,,,,,0,0,0,,AK,0.253977719802408,0.284234223874175,0.00284234223874175,-0.191590958068348
Alaska,AK,2005,666946,44406.8,66582.302015,,71.6,571022.3549042225,1.1679857964787854,,,,,,,,,,,,,,,,,,,0,0,0,,AK,0.258602001751399,0.281165023845375,0.00281165023845375,-0.18293367981413
Alaska,AK,2006,675302,47546.2,70407.314061,0.417,71.1,571022.3549042225,1.1826191990561705,,,,,,,,,,,,,,,,,,,0,0,0,,AK,0.252792631104475,0.286926227970076,0.00286926227970076,-0.185862020979534
Alaska,AK,2007,680300,50126.7,73683.227988,0.409,70.6,571022.3549042225,1.1913719211818012,,,,,,,,,,,,,,,,,,,0,0,0,,AK,0.254684895757065,0.284624481743643,0.00284624481743643,-0.184608193180686
Alaska,AK,2008,687455,49926.6,72625.262744,0.403,70.8,571022.3549042225,1.2039020786065489,,,,,,,,,,,,,,,,,,,0,0,0,,AK,0.247506762568977,0.284909291643233,0.00284909291643233,-0.184200847265983
Alaska,AK,2009,698895,54951.9,78626.832357,0.402,70.1,571022.3549042225,1.2239363205267604,,,,,,,,,,,,,,,,,,,0,0,0,,AK,0.253989662976404,0.281416982752602,0.00281416982752602,-0.179190708756103
Alaska,AK,2010,714015,53652.0,75141.278545,0.422,69.6,571022.3549042225,1.2504151437639628,,,,,,,,,,,,,,,,,,,0,0,0,,AK,0.174413846470116,0.285294045262849,0.00285294045262849,0.10936754988304
Alaska,AK,2011,722513,54045.5,74802.114287,0.4099,68.8,571022.3549042225,1.2652972231204276,,,,,,,,,,,,,,,,,,,0,0,0,,AK,0.175990565678799,0.284301740605111,0.00284301740605111,0.109421932758886
Alaska,AK,2012,731106,57087.4,78083.615782,0.4232,68.0,571022.3549042225,1.2803456707445864,,,,,,,,,,,,,,,,,,,0,0,0,,AK,0.222334022939289,0.281184739589434,0.00281184739589434,0.255431066281424
Alaska,AK,2013,738054,54627.6,74015.722427,0.4083,67.5,571022.3549042225,1.292513320470253,,,,,,,,,,,,,,,,,,,0,0,0,,AK,0.22117954856665,0.280022444684277,0.00280022444684277,0.241675764546878
Alaska,AK,2014,737634,53303.3,72262.531282,0.4175,67.4,571022.3549042225,1.291777797602553,,,,,,,,,,,,,,,,,,,0,0,0,,AK,0.21161284635093,0.281956973214784,0.00281956973214784,0.188827400350329
Alaska,AK,2015,739120,53681.1,72628.395930,0.4322,66.7,571022.3549042225,1.2943801475582728,,,,,,,,,,,,,,,,,,,0,0,0,,AK,0.210646168184312,0.281456957607785,0.00281456957607785,0.188827400350329
Alaska,AK,2016,743397,53463.9,71918.369324,0.4081,66.2,571022.3549042225,1.3018702220943519,,,,,,,,,,,,,,,,,,,0,0,0,,AK,0.210262716572286,0.280854830892364,0.00280854830892364,0.749328584635551
Alaska,AK,2017,741937,53550.9,72177.152508,0.4241,66.0,571022.3549042225,1.2993134045066326,,0.40622791,0.36780831,0.54856098,0.5077662,0.98350642,0.70467679,0.874469,0.7799842,0.3387725,0.259737,0.6505188,0.216985,0.1024165,0.1673515,0.2451755,0.2181037,,0,1,1,CPS CEV observed state rates; separate modern indicators; not spliced to Hawes index,AK,0.0708654491069076,0.283184716451134,0.00283184716451134,0.520017634062597
Alaska,AK,2018,737710,52479.6,71138.523268,0.4322,65.0,571022.3549042225,1.2919108922167084,,,,,,,,,,,,,,,,,,,0,0,0,,AK,0.316135052891858,0.285498759060434,0.00285498759060434,1.1927630440435
Alaska,AK,2019,734820,52377.5,71279.360932,0.4376,64.6,571022.3549042225,1.2868497943889625,,0.35459099,0.31482671,0.50190811,0.56270869,0.98231062,0.71658874,0.87683584,0.73132552,0.33553803,0.26809621,0.65617908,0.16455897,0.08601464,0.16612853,0.26509321,0.16529309,,0,1,1,CPS CEV observed state rates; separate modern indicators; not spliced to Hawes index,AK,0.318905573076856,0.285179919853356,0.00285179919853356,1.1927630440435
Alaska,AK,2020,732964,50332.8,68670.221184,,63.5,571022.3549042225,1.2835994838116975,,,,,,,,,,,,,,,,,,,0,0,0,,AK,0.312876224066184,0.282586395878434,0.00282586395878434,1.56538759650698
Alaska,AK,2021,734923,51454.1,70012.912917,0.4392,64.3,571022.3549042225,1.2870301726160414,,0.27299883,0.25729808,0.47676007,0.54963916,0.98856175,0.6649367,0.8465384,0.76054783,0.32940012,0.19123868,0.67152464,0.16534217,0.11027952,0.14243863,0.20734681,0.19226924,0.33217993,0,1,1,CPS CEV observed state rates; separate modern indicators; not spliced to Hawes index,AK,0.30939040848851,0.278915868720455,0.00278915868720455,1.56538759650698
Alaska,AK,2022,733276,50767.1,69233.276420,0.4278,64.8,571022.3549042225,1.2841458722277033,,,,,,,,,,,,,,,,,,,0,0,0,,AK,0.325730680016291,0.285130322831732,0.00285130322831732,1.51174462800689
Alaska,AK,2023,733406,54059.7,73710.468690,0.4492,65.0,571022.3549042225,1.2843735340677056,,0.3360162,0.2834552,0.4881667,0.6075747,0.9763235,0.6897801,0.7850072,0.6588181,0.309768,0.1871216,0.6401849,0.1393779,0.0885359,0.1261431,0.2785641,0.2265396,0.3459615,0,1,1,CPS CEV observed state rates; separate modern indicators; not spliced to Hawes index,AK,0.32516764378081,0.287242161562466,0.00287242161562466,1.51174462800689
Arizona,AZ,2000,5160586,224729.3,43547.244441,,65.3,113653.41412197157,45.40634383813334,0.08363874,,,,,,,,,,,,,,,,,,1,0,1,Hawes/Compton 3-year moving-average social-capital index; contiguous 48 states,AZ,0.0742211856874764,0.28363075710109,0.0028363075710109,-0.697006360959281
Arizona,AZ,2001,5273477,230885.6,43782.422868,,65.7,113653.41412197157,46.39963560039264,-0.006370814,,,,,,,,,,,,,,,,,,1,0,1,Hawes/Compton 3-year moving-average social-capital index; contiguous 48 states,AZ,0.0710400951943789,0.28230257755359,0.0028230257755359,-0.692272890813424
Arizona,AZ,2002,5396255,238257.1,44152.305627,,66.1,113653.41412197157,47.47991990991841,-0.16865283,,,,,,,,,,,,,,,,,,1,0,1,Hawes/Compton 3-year moving-average social-capital index; contiguous 48 states,AZ,0.16256588922185,0.282519384216037,0.00282519384216037,-0.638704119304572
Arizona,AZ,2003,5510364,253743.1,46048.337279,,65.5,113653.41412197157,48.48392846418445,-0.08039311,,,,,,,,,,,,,,,,,,1,0,1,Hawes/Compton 3-year moving-average social-capital index; contiguous 48 states,AZ,0.162848775115184,0.284934795373337,0.00284934795373337,-0.639021763037734
Arizona,AZ,2004,5652404,264990.0,46880.937739,,65.0,113653.41412197157,49.733692944181186,-0.44193345,,,,,,,,,,,,,,,,,,1,0,1,Hawes/Compton 3-year moving-average social-capital index; contiguous 48 states,AZ,-0.329287128244127,0.283648793826031,0.00283648793826031,-1.03753697266448
Arizona,AZ,2005,5839077,283806.2,48604.633917,,64.4,113653.41412197157,51.37616890006989,-0.2515623,,,,,,,,,,,,,,,,,,1,0,1,Hawes/Compton 3-year moving-average social-capital index; contiguous 48 states,AZ,-0.340419827119876,0.282058722930909,0.00282058722930909,-1.05451572998929
Arizona,AZ,2006,6029141,296424.4,49165.279100,0.454,64.4,113653.41412197157,53.04848117918916,-0.48514998,,,,,,,,,,,,,,,,,,1,0,1,Hawes/Compton 3-year moving-average social-capital index; contiguous 48 states,AZ,0.0461587421043455,0.280857834848921,0.00280857834848921,-0.651205426137245
Arizona,AZ,2007,6167681,306611.6,49712.622945,0.448,63.7,113653.41412197157,54.26745027985621,-0.33415607,,,,,,,,,,,,,,,,,,1,0,1,Hawes/Compton 3-year moving-average social-capital index; contiguous 48 states,AZ,0.0541517230494243,0.284490615450865,0.00284490615450865,-0.643412193274146
Arizona,AZ,2008,6280362,302277.9,48130.649157,0.453,63.9,113653.41412197157,55.25889431935574,-0.22186242,,,,,,,,,,,,,,,,,,1,0,1,Hawes/Compton 3-year moving-average social-capital index; contiguous 48 states,AZ,-0.250049857423031,0.284039877050413,0.00284039877050413,-0.890456057324323
Arizona,AZ,2009,6343154,277412.4,43734.142353,0.451,63.8,113653.41412197157,55.81138102188992,0.30606547,,,,,,,,,,,,,,,,,,1,0,1,Hawes/Compton 3-year moving-average social-capital index; contiguous 48 states,AZ,-0.227274408992036,0.28484222683939,0.0028484222683939,-0.876909931774991
Arizona,AZ,2010,6401304,282252.5,44092.969183,0.455,62.8,113653.41412197157,56.323024252753136,0.3625766,,,,,,,,,,,,,,,,,,1,0,1,Hawes/Compton 3-year moving-average social-capital index; contiguous 48 states,AZ,-0.238912286453884,0.2837581566473,0.002837581566473,-0.355085085203909
Arizona,AZ,2011,6443158,290411.3,45072.819881,0.46,61.5,113653.41412197157,56.69128419745733,,,,,,,,,,,,,,,,,,,0,0,0,,AZ,-0.247490439823886,0.283951161590962,0.00283951161590962,-0.360289453382254
Arizona,AZ,2012,6501800,297077.3,45691.546956,0.4608,60.6,113653.41412197157,57.20725637878631,,,,,,,,,,,,,,,,,,,0,0,0,,AZ,0.475004058271748,0.285081263490934,0.00285081263490934,0.272403801794849
Arizona,AZ,2013,6555926,298859.9,45586.222297,0.4681,59.9,113653.41412197157,57.68349372210019,,,,,,,,,,,,,,,,,,,0,0,0,,AZ,0.457594640346875,0.28557269009854,0.0028557269009854,0.228474762335935
Arizona,AZ,2014,6629890,301721.2,45509.231677,0.4676,59.9,113653.41412197157,58.33427927545473,,,,,,,,,,,,,,,,,,,0,0,0,,AZ,0.815560149247843,0.281720484902005,0.00281720484902005,0.581948823032206
Arizona,AZ,2015,6705607,308582.8,46018.622923,0.4702,60.1,113653.41412197157,59.00048891451354,,,,,,,,,,,,,,,,,,,0,0,0,,AZ,0.815983110973197,0.282481398643053,0.00282481398643053,0.581948823032206
Arizona,AZ,2016,6793278,319008.4,46959.420769,0.4713,60.2,113653.41412197157,59.77187797200294,,,,,,,,,,,,,,,,,,,0,0,0,,AZ,0.595344088630808,0.286393633981455,0.00286393633981455,0.513093927031578
Arizona,AZ,2017,6872380,333099.0,48469.234821,0.4668,60.6,113653.41412197157,60.467871142213454,,0.30037335,0.25365473,0.51994809,0.47172193,0.97208314,0.64905807,0.848776,0.6981574,0.2496545,0.2538105,0.5279256,0.1134499,0.0737406,0.0656714,0.1560887,0.1587297,,0,1,1,CPS CEV observed state rates; separate modern indicators; not spliced to Hawes index,AZ,0.59307640938313,0.284812246318843,0.00284812246318843,0.513093927031578
Arizona,AZ,2018,6964300,346398.3,49739.141048,0.4613,61.2,113653.41412197157,61.276645790209095,,,,,,,,,,,,,,,,,,,0,0,0,,AZ,0.689632598425898,0.285234731545057,0.00285234731545057,0.629944129101415
Arizona,AZ,2019,7067695,359576.7,50876.091852,0.4591,62.0,113653.41412197157,62.18638528900706,,0.26187585,0.24043848,0.46569915,0.46904238,0.98152224,0.66310131,0.84793223,0.68208723,0.22278565,0.21502534,0.50964866,0.07862534,0.0670586,0.08724856,0.17470646,0.17413293,,0,1,1,CPS CEV observed state rates; separate modern indicators; not spliced to Hawes index,AZ,0.683502175656244,0.283519415915889,0.00283519415915889,0.629944129101415
Arizona,AZ,2020,7186683,365027.7,50792.236140,,61.4,113653.41412197157,63.23332260205868,,,,,,,,,,,,,,,,,,,0,0,0,,AZ,0.643390997795391,0.282541128297489,0.00282541128297489,1.12793351187639
Arizona,AZ,2021,7272487,395035.9,54319.230822,0.4629,61.3,113653.41412197157,63.988284524345644,,0.2345181,0.2289331,0.48510914,0.465799,0.98007615,0.6477308,0.87769866,0.68791092,0.25606871,0.18686125,0.5899102,0.08947653,0.08175834,0.0583371,0.15644343,0.19301261,0.40522914,0,1,1,CPS CEV observed state rates; separate modern indicators; not spliced to Hawes index,AZ,0.642027821547957,0.28739763383462,0.0028739763383462,1.12793351187639
Arizona,AZ,2022,7365684,410228.4,55694.542421,0.4665,61.5,113653.41412197157,64.80829508645671,,,,,,,,,,,,,,,,,,,0,0,0,,AZ,0.550501292409577,0.286631023936873,0.00286631023936873,1.02450670127353
Arizona,AZ,2023,7431344,422399.6,56840.270078,0.465,62.0,113653.41412197157,65.38601640268162,,0.2998256,0.2315749,0.4934512,0.5238702,0.9537827,0.6733648,0.7727563,0.6291738,0.2369221,0.1851728,0.5541019,0.0786708,0.0940182,0.0791832,0.2026567,0.205149,0.3387186,0,1,1,CPS CEV observed state rates; separate modern indicators; not spliced to Hawes index,AZ,0.55606614643397,0.283291354216619,0.00283291354216619,1.02450670127353
Arkansas,AR,2000,2678588,95509.8,35656.771403,,62.2,51992.8450495977,51.51839637636306,-0.26459432,,,,,,,,,,,,,,,,,,1,0,1,Hawes/Compton 3-year moving-average social-capital index; contiguous 48 states,AR,0.110983562478942,0.281304232195936,0.00281304232195936,-0.297861040386647
Arkansas,AR,2001,2691571,95528.7,35491.800142,,61.9,51992.8450495977,51.76810381183067,-0.5014189,,,,,,,,,,,,,,,,,,1,0,1,Hawes/Compton 3-year moving-average social-capital index; contiguous 48 states,AR,0.0639465836465728,0.284577048262261,0.00284577048262261,-0.312610118988968
Arkansas,AR,2002,2705927,98556.6,36422.490333,,62.2,51992.8450495977,52.04421872699458,-0.4869876,,,,,,,,,,,,,,,,,,1,0,1,Hawes/Compton 3-year moving-average social-capital index; contiguous 48 states,AR,0.0207002304459738,0.285350940357732,0.00285350940357732,-0.249628795004479
Arkansas,AR,2003,2724816,102948.0,37781.633696,,62.0,51992.8450495977,52.40751871532915,-0.90440214,,,,,,,,,,,,,,,,,,1,0,1,Hawes/Compton 3-year moving-average social-capital index; contiguous 48 states,AR,0.0409774793502825,0.286413225200998,0.00286413225200998,-0.23793103020069
Arkansas,AR,2004,2749686,108581.8,39488.799812,,62.4,51992.8450495977,52.88585376270491,-1.0255421,,,,,,,,,,,,,,,,,,1,0,1,Hawes/Compton 3-year moving-average social-capital index; contiguous 48 states,AR,-0.0923658027163034,0.281396608605084,0.00281396608605084,-0.425903606975843
Arkansas,AR,2005,2781097,112451.1,40434.080509,,63.1,51992.8450495977,53.489994581889476,-1.2284127,,,,,,,,,,,,,,,,,,1,0,1,Hawes/Compton 3-year moving-average social-capital index; contiguous 48 states,AR,-0.121117251615204,0.284793584976274,0.00284793584976274,-0.469303316632659
Arkansas,AR,2006,2821761,114890.4,40715.850846,0.46,62.7,51992.8450495977,54.272102196143116,-1.3362135,,,,,,,,,,,,,,,,,,1,0,1,Hawes/Compton 3-year moving-average social-capital index; contiguous 48 states,AR,-0.110003442391622,0.282463816849953,0.00282463816849953,-0.354170008684297
Arkansas,AR,2007,2848650,114026.7,40028.329209,0.462,62.3,51992.8450495977,54.78926950972924,-1.2038096,,,,,,,,,,,,,,,,,,1,0,1,Hawes/Compton 3-year moving-average social-capital index; contiguous 48 states,AR,-0.106257016746296,0.281452715483386,0.00281452715483386,-0.352068408428307
Arkansas,AR,2008,2874554,113628.0,39528.914746,0.459,62.0,51992.8450495977,55.28749190889376,-1.2004324,,,,,,,,,,,,,,,,,,1,0,1,Hawes/Compton 3-year moving-average social-capital index; contiguous 48 states,AR,-0.106944122382196,0.284058681289823,0.00284058681289823,-0.439741908054818
Arkansas,AR,2009,2896843,109833.1,37914.757548,0.461,61.4,51992.8450495977,55.71618551046024,-0.9078328,,,,,,,,,,,,,,,,,,1,0,1,Hawes/Compton 3-year moving-average social-capital index; contiguous 48 states,AR,-0.0808115729341404,0.285913409201902,0.00285913409201902,-0.420141880977654
Arkansas,AR,2010,2921546,113000.9,38678.459966,0.458,60.6,51992.8450495977,56.19130857742138,-0.91477305,,,,,,,,,,,,,,,,,,1,0,1,Hawes/Compton 3-year moving-average social-capital index; contiguous 48 states,AR,-0.220568431303317,0.28187430011978,0.0028187430011978,-0.412556566002387
Arkansas,AR,2011,2938773,115241.8,39214.257107,0.4684,60.3,51992.8450495977,56.52264262893494,,,,,,,,,,,,,,,,,,,0,0,0,,AR,-0.219231054529772,0.285282691809713,0.00285282691809713,-0.425720896296678
Arkansas,AR,2012,2948793,116616.2,39547.096049,0.4632,59.6,51992.8450495977,56.71536145381251,,,,,,,,,,,,,,,,,,,0,0,0,,AR,-0.197336613533845,0.286235139546257,0.00286235139546257,-0.218968490452989
Arkansas,AR,2013,2954563,119842.8,40561.937586,0.4685,58.6,51992.8450495977,56.82633826215019,,,,,,,,,,,,,,,,,,,0,0,0,,AR,-0.339321470897344,0.28094962101498,0.0028094962101498,-0.430754510794884
Arkansas,AR,2014,2961050,121409.4,41002.144510,0.4714,58.1,51992.8450495977,56.95110542951355,,,,,,,,,,,,,,,,,,,0,0,0,,AR,-0.627816203329531,0.281646740489347,0.00281646740489347,-0.813606998450293
Arkansas,AR,2015,2970210,121532.5,40917.140539,0.4773,58.3,51992.8450495977,57.12728351692657,,,,,,,,,,,,,,,,,,,0,0,0,,AR,-0.628400669743531,0.28378476931822,0.0028378476931822,-0.813606998450293
Arkansas,AR,2016,2980475,123034.9,41280.299281,0.4719,58.1,51992.8450495977,57.324714528639966,,,,,,,,,,,,,,,,,,,0,0,0,,AR,-1.14963497882734,0.287074428883133,0.00287074428883133,-0.960065384420388
Arkansas,AR,2017,2990702,123882.6,41422.582390,0.4725,58.0,51992.8450495977,57.52141467055842,,0.29984052,0.28623815,0.48931495,0.49849246,0.95975795,0.71723215,0.8764308,0.7055417,0.3004844,0.2364537,0.4985995,0.1317669,0.0614148,0.0897603,0.1697831,0.1371973,,0,1,1,CPS CEV observed state rates; separate modern indicators; not spliced to Hawes index,AR,-1.15370219342382,0.286417871871255,0.00286417871871255,-0.960065384420388
Arkansas,AR,2018,2997195,126371.2,42163.155884,0.4845,57.9,51992.8450495977,57.64629723841571,,,,,,,,,,,,,,,,,,,0,0,0,,AR,-1.56763804994908,0.287964351875849,0.00287964351875849,-1.29020600387868
Arkansas,AR,2019,3004206,127220.0,42347.295758,0.475,58.1,51992.8450495977,57.781142715583044,,0.29722904,0.29938214,0.54344122,0.49767956,0.98365129,0.6749164,0.83575056,0.66401405,0.26148114,0.19445716,0.47891564,0.10272925,0.07751344,0.11578134,0.19557914,0.14162397,,0,1,1,CPS CEV observed state rates; separate modern indicators; not spliced to Hawes index,AR,-1.57127376867972,0.284122760543571,0.00284122760543571,-1.366642987403
Arkansas,AR,2020,3014348,128340.9,42576.669980,,57.4,51992.8450495977,57.9762080171707,,,,,,,,,,,,,,,,,,,0,0,0,,AR,-1.71918814731022,0.285937465422478,0.00285937465422478,-1.37591876035056
Arkansas,AR,2021,3028443,137463.6,45390.849357,0.4751,56.5,51992.8450495977,58.24730301084828,,0.20878917,0.23134178,0.52439926,0.50704396,0.98348379,0.64969574,0.84187983,0.68718481,0.26805536,0.22213097,0.45516318,0.09579535,0.06026305,0.06849847,0.14412957,0.16648727,0.36033154,0,1,1,CPS CEV observed state rates; separate modern indicators; not spliced to Hawes index,AR,-1.66410845724397,0.287359679394169,0.00287359679394169,-1.1466078097776
Arkansas,AR,2022,3046404,139560.7,45811.619207,0.4799,57.4,51992.8450495977,58.59275438945367,,,,,,,,,,,,,,,,,,,0,0,0,,AR,-1.50489877388578,0.284237438627495,0.00284237438627495,-1.33200992250385
Arkansas,AR,2023,3067732,142860.6,46568.800664,0.474,57.8,51992.8450495977,59.0029646785743,,0.2822923,0.2575347,0.4646506,0.5203446,0.9859899,0.6753675,0.8129188,0.6492193,0.2549284,0.1532157,0.4496889,0.0882596,0.0553037,0.0704369,0.1702168,0.1653948,0.4225135,0,1,1,CPS CEV observed state rates; separate modern indicators; not spliced to Hawes index,AR,-1.50267876959131,0.285680364863614,0.00285680364863614,-1.33200992250385
California,CA,2000,33987977,1784320.6,52498.582072,,67.1,155858.32013168262,218.06969927100465,-0.7051041,,,,,,,,,,,,,,,,,,1,0,1,Hawes/Compton 3-year moving-average social-capital index; contiguous 48 states,CA,0.921735528645153,0.282872476427514,0.00282872476427514,-0.237778648492005
California,CA,2001,34479458,1784567.7,51757.417416,,67.1,155858.32013168262,221.22308241785723,-0.8219869,,,,,,,,,,,,,,,,,,1,0,1,Hawes/Compton 3-year moving-average social-capital index; contiguous 48 states,CA,0.931402664622355,0.284092894293395,0.00284092894293395,-0.185172644535367
California,CA,2002,34871843,1821509.5,52234.391512,,66.7,155858.32013168262,223.74065735173616,-0.90958804,,,,,,,,,,,,,,,,,,1,0,1,Hawes/Compton 3-year moving-average social-capital index; contiguous 48 states,CA,0.365670393653378,0.28122395969304,0.0028122395969304,-0.565821814642002
California,CA,2003,35253159,1895287.6,53762.206105,,65.9,155858.32013168262,226.18721265707904,-0.79571307,,,,,,,,,,,,,,,,,,1,0,1,Hawes/Compton 3-year moving-average social-capital index; contiguous 48 states,CA,0.333814322849998,0.28156381785799,0.0028156381785799,-0.555738497117923
California,CA,2004,35574576,1956745.5,55004.042775,,65.5,155858.32013168262,228.2494509753699,-0.88797367,,,,,,,,,,,,,,,,,,1,0,1,Hawes/Compton 3-year moving-average social-capital index; contiguous 48 states,CA,0.395490200233303,0.282643324922072,0.00282643324922072,-0.698444019067605
California,CA,2005,35827943,2042141.0,56998.555569,,65.5,155858.32013168262,229.8750748097981,-0.70925814,,,,,,,,,,,,,,,,,,1,0,1,Hawes/Compton 3-year moving-average social-capital index; contiguous 48 states,CA,0.410412037486563,0.287471887937954,0.00287471887937954,-0.519775368131775
California,CA,2006,36021202,2120435.4,58866.314345,0.466,65.4,155858.32013168262,231.11504069571754,-0.73556983,,,,,,,,,,,,,,,,,,1,0,1,Hawes/Compton 3-year moving-average social-capital index; contiguous 48 states,CA,0.286620911277627,0.28417768353058,0.0028417768353058,-0.662822969007242
California,CA,2007,36250311,2168940.4,59832.325301,0.469,65.7,155858.32013168262,232.5850231760011,-0.6544801,,,,,,,,,,,,,,,,,,1,0,1,Hawes/Compton 3-year moving-average social-capital index; contiguous 48 states,CA,0.292797678337599,0.283824125279858,0.00283824125279858,-0.688780183033907
California,CA,2008,36604337,2192331.8,59892.678837,0.473,65.9,155858.32013168262,234.8564835619522,-0.4237399,,,,,,,,,,,,,,,,,,1,0,1,Hawes/Compton 3-year moving-average social-capital index; contiguous 48 states,CA,0.0570776155860554,0.283449692591396,0.00283449692591396,-0.936751749616294
California,CA,2009,36961229,2110679.4,57105.227751,0.467,65.3,155858.32013168262,237.14633244328536,-0.25589922,,,,,,,,,,,,,,,,,,1,0,1,Hawes/Compton 3-year moving-average social-capital index; contiguous 48 states,CA,0.0541604647669639,0.283231885266446,0.00283231885266446,-0.94703153853771
California,CA,2010,37322523,2153852.8,57709.196133,0.471,64.2,155858.32013168262,239.4644249242947,-0.17324015,,,,,,,,,,,,,,,,,,1,0,1,Hawes/Compton 3-year moving-average social-capital index; contiguous 48 states,CA,0.419351352956709,0.284712167937824,0.00284712167937824,-0.814353131307563
California,CA,2011,37651212,2192887.2,58242.141050,0.4812,63.4,155858.32013168262,241.57332100197792,,,,,,,,,,,,,,,,,,,0,0,0,,CA,0.410377634632901,0.285432483191136,0.00285432483191136,-0.817014511637104
California,CA,2012,37971412,2255437.3,59398.299436,0.4822,63.1,155858.32013168262,243.62775094661907,,,,,,,,,,,,,,,,,,,0,0,0,,CA,1.00928097077925,0.28661621638966,0.0028661621638966,0.173613875146247
California,CA,2013,38292557,2340335.3,61117.237483,0.4903,62.7,155858.32013168262,245.6882440901912,,,,,,,,,,,,,,,,,,,0,0,0,,CA,1.00585571855864,0.279675263589736,0.00279675263589736,0.206578187077729
California,CA,2014,38637421,2428675.7,62858.121405,0.489,62.4,155858.32013168262,247.90092031888807,,,,,,,,,,,,,,,,,,,0,0,0,,CA,0.955462680332871,0.285890533398514,0.00285890533398514,0.465594590545445
California,CA,2015,38966939,2545979.5,65336.912915,0.4876,62.2,155858.32013168262,250.01513532981335,,,,,,,,,,,,,,,,,,,0,0,0,,CA,0.959888191697495,0.282643227716517,0.00282643227716517,0.465594590545445
California,CA,2016,39223789,2623711.7,66890.827401,0.4899,62.2,155858.32013168262,251.6631063831584,,,,,,,,,,,,,,,,,,,0,0,0,,CA,0.67251803894309,0.282593034641734,0.00282593034641734,1.00091423750456
California,CA,2017,39424315,2740550.3,69514.214768,0.4866,62.3,155858.32013168262,252.94969794805257,,0.25442266,0.22452001,0.46954236,0.46153806,0.97111106,0.69000713,0.8383771,0.6778666,0.2823289,0.231096,0.4865851,0.091698,0.0891062,0.1045767,0.1786877,0.1371167,,0,1,1,CPS CEV observed state rates; separate modern indicators; not spliced to Hawes index,CA,0.674827352998528,0.28407179119446,0.0028407179119446,1.00091423750456
California,CA,2018,39535920,2850970.3,72110.888023,0.4912,62.3,155858.32013168262,253.66576494983795,,,,,,,,,,,,,,,,,,,0,0,0,,CA,1.06081930865315,0.285739773395248,0.00285739773395248,1.33210141545566
California,CA,2019,39547995,2969609.0,75088.737115,0.4866,62.4,155858.32013168262,253.74323915839992,,0.24928005,0.23009966,0.44058743,0.45668061,0.95229425,0.6496281,0.79482072,0.66132711,0.26770813,0.18681928,0.4889928,0.07783975,0.08640517,0.09870118,0.17789398,0.14539593,,0,1,1,CPS CEV observed state rates; separate modern indicators; not spliced to Hawes index,CA,1.06147128392101,0.282078810831539,0.00282078810831539,1.33210141545566
California,CA,2020,39503200,2933320.2,74255.255270,,60.9,155858.32013168262,253.45583069690647,,,,,,,,,,,,,,,,,,,0,0,0,,CA,1.02997906961519,0.287329375055385,0.00287329375055385,1.5361608344889
California,CA,2021,39145060,3154188.6,80576.925926,0.4924,61.1,155858.32013168262,251.15797454333438,,0.18313015,0.18326669,0.3903199,0.46076255,0.94947049,0.64014094,0.80710778,0.65495312,0.27168384,0.2278391,0.58413976,0.07704098,0.10083366,0.08185274,0.15197121,0.15640682,0.28999849,0,1,1,CPS CEV observed state rates; separate modern indicators; not spliced to Hawes index,CA,1.05048694445256,0.28437791576211,0.0028437791576211,1.65081630977538
California,CA,2022,39040616,3184007.8,81556.289993,0.4953,61.7,155858.32013168262,250.48785311567008,,,,,,,,,,,,,,,,,,,0,0,0,,CA,1.17533479632759,0.284132497473263,0.00284132497473263,1.78045659599648
California,CA,2023,38965193,3248656.6,83373.296778,0.487,62.2,155858.32013168262,250.00393284797903,,0.2407034,0.2112691,0.4200826,0.5082352,0.9620524,0.6699674,0.7855844,0.6544725,0.2700548,0.1902811,0.4909708,0.073048,0.0770777,0.0803877,0.1801377,0.1705692,0.3412228,0,1,1,CPS CEV observed state rates; separate modern indicators; not spliced to Hawes index,CA,1.17408704227065,0.284448492784318,0.00284448492784318,1.78045659599648
Colorado,CO,2000,4326921,238739.3,55175.331373,,72.1,103637.05759605898,41.75071253821992,0.83338803,,,,,,,,,,,,,,,,,,1,0,1,Hawes/Compton 3-year moving-average social-capital index; contiguous 48 states,CO,1.16246781131256,0.287520749283579,0.00287520749283579,0.664446615490861
Colorado,CO,2001,4425687,242650.1,54827.668563,,71.6,103637.05759605898,42.70371141999979,0.19755779,,,,,,,,,,,,,,,,,,1,0,1,Hawes/Compton 3-year moving-average social-capital index; contiguous 48 states,CO,1.1633853069056,0.285091915905778,0.00285091915905778,0.659024339941136
Colorado,CO,2002,4490406,243701.9,54271.685010,,71.9,103637.05759605898,43.32818881738261,0.27905276,,,,,,,,,,,,,,,,,,1,0,1,Hawes/Compton 3-year moving-average social-capital index; contiguous 48 states,CO,1.1751195114382,0.283214841391508,0.00283214841391508,0.677953439629668
Colorado,CO,2003,4528732,246017.4,54323.682656,,72.1,103637.05759605898,43.697998621800075,0.23778997,,,,,,,,,,,,,,,,,,1,0,1,Hawes/Compton 3-year moving-average social-capital index; contiguous 48 states,CO,1.08501239629688,0.282143897542265,0.00282143897542266,0.42206614355524
Colorado,CO,2004,4575013,250069.3,54659.800967,,72.7,103637.05759605898,44.144566684166215,0.38651258,,,,,,,,,,,,,,,,,,1,0,1,Hawes/Compton 3-year moving-average social-capital index; contiguous 48 states,CO,1.06204675250933,0.285410214950389,0.00285410214950389,0.343012843087537
Colorado,CO,2005,4631888,261992.9,56562.874577,,72.4,103637.05759605898,44.6933568690601,0.5823415,,,,,,,,,,,,,,,,,,1,0,1,Hawes/Compton 3-year moving-average social-capital index; contiguous 48 states,CO,1.06121258336502,0.285639392165232,0.00285639392165232,0.346937917467954
Colorado,CO,2006,4720423,268190.8,56814.993063,0.45,72.8,103637.05759605898,45.54763623643734,0.40015948,,,,,,,,,,,,,,,,,,1,0,1,Hawes/Compton 3-year moving-average social-capital index; contiguous 48 states,CO,1.26737672008354,0.285484504352553,0.00285484504352553,0.468710224255977
Colorado,CO,2007,4803868,278733.8,58022.784972,0.452,72.6,103637.05759605898,46.35280189759727,0.2884037,,,,,,,,,,,,,,,,,,1,0,1,Hawes/Compton 3-year moving-average social-capital index; contiguous 48 states,CO,1.27665504521137,0.285342792438618,0.00285342792438618,0.477919709669181
Colorado,CO,2008,4889730,281803.3,57631.668824,0.457,72.4,103637.05759605898,47.181289332416775,0.13212693,,,,,,,,,,,,,,,,,,1,0,1,Hawes/Compton 3-year moving-average social-capital index; contiguous 48 states,CO,0.803454289834917,0.281664147927794,0.00281664147927794,0.184447488187985
Colorado,CO,2009,4972195,275659.1,55440.122521,0.453,71.3,103637.05759605898,47.97699891654468,0.30512714,,,,,,,,,,,,,,,,,,1,0,1,Hawes/Compton 3-year moving-average social-capital index; contiguous 48 states,CO,0.814014119316749,0.284446946720858,0.00284446946720858,0.195250977694288
Colorado,CO,2010,5046928,279385.6,55357.556121,0.457,70.2,103637.05759605898,48.6981019827016,0.2877293,,,,,,,,,,,,,,,,,,1,0,1,Hawes/Compton 3-year moving-average social-capital index; contiguous 48 states,CO,1.092714487396,0.283004362043741,0.00283004362043741,0.72282870549447
Colorado,CO,2011,5118837,283963.8,55474.280584,0.4588,69.7,103637.05759605898,49.391956108513206,,,,,,,,,,,,,,,,,,,0,0,0,,CO,1.0894595363111,0.288151058864389,0.00288151058864389,0.719489143185076
Colorado,CO,2012,5188139,289339.5,55769.419439,0.4579,69.0,103637.05759605898,50.060655139607995,,,,,,,,,,,,,,,,,,,0,0,0,,CO,1.1210953295716,0.285716834903017,0.00285716834903018,0.973900225675096
Colorado,CO,2013,5262801,301484.1,57285.863554,0.4614,68.1,103637.05759605898,50.78107312263301,,,,,,,,,,,,,,,,,,,0,0,0,,CO,1.21520559303304,0.286615969826852,0.00286615969826852,1.48579751746824
Colorado,CO,2014,5342212,315399.0,59039.027279,0.4584,67.7,103637.05759605898,51.547314483030526,,,,,,,,,,,,,,,,,,,0,0,0,,CO,1.2034284970688,0.283975551157581,0.00283975551157581,1.53379494787235
Colorado,CO,2015,5441452,330526.1,60742.261441,0.458,66.8,103637.05759605898,52.50488701839527,,,,,,,,,,,,,,,,,,,0,0,0,,CO,1.20234939272883,0.288065906791898,0.00288065906791898,1.53379494787235
Colorado,CO,2016,5528510,337685.2,61080.689010,0.4586,67.0,103637.05759605898,53.344914726817116,,,,,,,,,,,,,,,,,,,0,0,0,,CO,0.866814428904727,0.282151651277453,0.00282151651277453,1.27077760315058
Colorado,CO,2017,5599635,350209.1,62541.415646,0.4553,67.8,103637.05759605898,54.0312039910031,,0.3240578,0.25560567,0.55476944,0.6125592,0.98438889,0.76006352,0.8968322,0.7681131,0.3418025,0.2068994,0.6019641,0.1425611,0.1269956,0.1111703,0.2127758,0.1544031,,0,1,1,CPS CEV observed state rates; separate modern indicators; not spliced to Hawes index,CO,0.865299984086662,0.28675752880574,0.0028675752880574,1.27077760315058
Colorado,CO,2018,5676918,365204.5,64331.473521,0.4561,68.6,103637.05759605898,54.776912155559664,,,,,,,,,,,,,,,,,,,0,0,0,,CO,1.24702976694193,0.284073007744114,0.00284073007744114,2.1309891026086
Colorado,CO,2019,5735797,383725.6,66900.136110,0.4548,68.6,103637.05759605898,55.34503905307821,,0.42245179,0.33363695,0.64981965,0.63577546,0.99416952,0.80091454,0.91983486,0.81318641,0.34902919,0.22987397,0.65852219,0.11410176,0.14217428,0.14461278,0.25315234,0.23671118,,0,1,1,CPS CEV observed state rates; separate modern indicators; not spliced to Hawes index,CO,1.26879983477484,0.285203984613011,0.00285203984613011,2.24564457789507
Colorado,CO,2020,5785219,380188.8,65717.270167,,67.2,103637.05759605898,55.82191480723779,,,,,,,,,,,,,,,,,,,0,0,0,,CO,1.15181160460484,0.285081231668675,0.00285081231668675,2.78472214417034
Colorado,CO,2021,5811596,406451.9,69938.085855,0.4604,68.0,103637.05759605898,56.07642801527201,,0.26173744,0.27358516,0.55509337,0.58861128,0.96428699,0.70658837,0.83334761,0.73644084,0.36292484,0.23641782,0.7197678,0.12905754,0.10709976,0.12248507,0.20733321,0.26631574,0.32754717,0,1,1,CPS CEV observed state rates; separate modern indicators; not spliced to Hawes index,CO,1.15282450423088,0.287584049848524,0.00287584049848524,2.78472214417034
Colorado,CO,2022,5841039,418818.8,71702.791233,0.4566,68.1,103637.05759605898,56.36052523573496,,,,,,,,,,,,,,,,,,,0,0,0,,CO,1.39517095446561,0.284803410249083,0.00284803410249083,2.68906653644033
Colorado,CO,2023,5877610,437056.0,74359.476046,0.4575,68.1,103637.05759605898,56.71340094301856,,0.3465381,0.3229072,0.6199477,0.6741747,0.9882965,0.8047994,0.8212721,0.7873104,0.3786903,0.2516231,0.6664218,0.1005117,0.1514408,0.1137726,0.2219281,0.2413301,0.4778262,0,1,1,CPS CEV observed state rates; separate modern indicators; not spliced to Hawes index,CO,1.3948023497249,0.288705005174502,0.00288705005174502,2.68906653644033
Connecticut,CT,2000,3411777,233874.2,68549.087470,,68.0,4842.373007794604,704.5671604620665,0.97483945,,,,,,,,,,,,,,,,,,1,0,1,Hawes/Compton 3-year moving-average social-capital index; contiguous 48 states,CT,0.24469215809448,0.286779945855687,0.00286779945855687,-0.792943750499797
Connecticut,CT,2001,3432835,236338.1,68846.332550,,67.0,4842.373007794604,708.9158547832399,0.8133112,,,,,,,,,,,,,,,,,,1,0,1,Hawes/Compton 3-year moving-average social-capital index; contiguous 48 states,CT,0.247099588163474,0.284835455150236,0.00284835455150236,-0.783977091002904
Connecticut,CT,2002,3458749,234307.3,67743.366171,,67.4,4842.373007794604,714.267363218936,0.6485653,,,,,,,,,,,,,,,,,,1,0,1,Hawes/Compton 3-year moving-average social-capital index; contiguous 48 states,CT,0.398213327300785,0.283915728917456,0.00283915728917456,-0.768115145504294
Connecticut,CT,2003,3484336,236719.1,67938.080598,,67.3,4842.373007794604,719.5513427799516,0.32070857,,,,,,,,,,,,,,,,,,1,0,1,Hawes/Compton 3-year moving-average social-capital index; contiguous 48 states,CT,0.388384517723916,0.28105120567805,0.0028105120567805,-0.798461498933404
Connecticut,CT,2004,3496094,252680.8,72275.173379,,66.7,4842.373007794604,721.9794911239708,0.2726983,,,,,,,,,,,,,,,,,,1,0,1,Hawes/Compton 3-year moving-average social-capital index; contiguous 48 states,CT,-0.117994297314193,0.285107905648298,0.00285107905648298,-1.00547276006975
Connecticut,CT,2005,3506956,258203.7,73626.158982,,67.0,4842.373007794604,724.2226062211589,0.30153948,,,,,,,,,,,,,,,,,,1,0,1,Hawes/Compton 3-year moving-average social-capital index; contiguous 48 states,CT,-0.126130592628866,0.286535380568011,0.00286535380568011,-1.01985643892867
Connecticut,CT,2006,3517460,269478.6,76611.702763,0.48,68.0,4842.373007794604,726.3917906237425,0.31096518,,,,,,,,,,,,,,,,,,1,0,1,Hawes/Compton 3-year moving-average social-capital index; contiguous 48 states,CT,0.512037299136999,0.282554857605332,0.00282554857605332,-0.662272476106334
Connecticut,CT,2007,3527270,278485.4,78952.107437,0.481,68.6,4842.373007794604,728.41765686416,0.46931282,,,,,,,,,,,,,,,,,,1,0,1,Hawes/Compton 3-year moving-average social-capital index; contiguous 48 states,CT,0.51662772467693,0.282835636378729,0.00282835636378729,-0.67288384494593
Connecticut,CT,2008,3545579,277793.2,78349.177948,0.486,68.8,4842.373007794604,732.1986543153123,0.55253386,,,,,,,,,,,,,,,,,,1,0,1,Hawes/Compton 3-year moving-average social-capital index; contiguous 48 states,CT,0.556648149157985,0.284461151609538,0.00284461151609538,-0.690813542891082
Connecticut,CT,2009,3561807,265530.8,74549.463236,0.48,68.6,4842.373007794604,735.5499037902863,0.66602135,,,,,,,,,,,,,,,,,,1,0,1,Hawes/Compton 3-year moving-average social-capital index; contiguous 48 states,CT,0.566485858854647,0.28195453456792,0.0028195453456792,-0.669507639042628
Connecticut,CT,2010,3580281,266773.4,74511.860941,0.486,68.3,4842.373007794604,739.364975444259,0.6805474,,,,,,,,,,,,,,,,,,1,0,1,Hawes/Compton 3-year moving-average social-capital index; contiguous 48 states,CT,0.737384753318073,0.283718506804588,0.00283718506804588,-0.324017753004865
Connecticut,CT,2011,3594181,261555.8,72772.016768,0.4859,67.8,4842.373007794604,742.2354688939841,,,,,,,,,,,,,,,,,,,0,0,0,,CT,0.748653137693634,0.283120437968752,0.00283120437968752,-0.250392152405257
Connecticut,CT,2012,3605215,263649.9,73130.146191,0.4915,66.4,4842.373007794604,744.5141037662336,,,,,,,,,,,,,,,,,,,0,0,0,,CT,0.696348262624034,0.284587871619407,0.00284587871619407,0.0635762346173699
Connecticut,CT,2013,3610238,258911.0,71715.770539,0.4994,65.4,4842.373007794604,745.5514051042169,,,,,,,,,,,,,,,,,,,0,0,0,,CT,0.689678531256695,0.286661069495067,0.00286661069495067,0.185468379197592
Connecticut,CT,2014,3614584,260605.8,72098.421284,0.5005,65.9,4842.373007794604,746.4488989554762,,,,,,,,,,,,,,,,,,,0,0,0,,CT,0.676606744806797,0.280392221042102,0.00280392221042102,0.423245971350169
Connecticut,CT,2015,3611891,268869.8,74440.175520,0.4916,65.9,4842.373007794604,745.8927666633821,,,,,,,,,,,,,,,,,,,0,0,0,,CT,0.678693898298645,0.284643052064954,0.00284643052064954,0.423245971350169
Connecticut,CT,2016,3607614,268196.2,74341.711724,0.4945,65.9,4842.373007794604,745.0095220242113,,,,,,,,,,,,,,,,,,,0,0,0,,CT,0.212032593840099,0.284105147383425,0.00284105147383425,0.590051284875238
Connecticut,CT,2017,3607550,273875.1,75917.201425,0.4943,66.1,4842.373007794604,744.9963053637233,,0.31751188,0.26287278,0.53023674,0.47603668,0.98024833,0.73339913,0.8359991,0.7169171,0.3671092,0.2279267,0.5135213,0.1216133,0.0898126,0.117955,0.1805798,0.1491175,,0,1,1,CPS CEV observed state rates; separate modern indicators; not spliced to Hawes index,CT,0.209744593932849,0.28199288424206,0.0028199288424206,0.590051284875238
Connecticut,CT,2018,3611229,274582.8,76035.831569,0.5014,66.0,4842.373007794604,745.7560568314599,,,,,,,,,,,,,,,,,,,0,0,0,,CT,0.0471497784590467,0.282506727913286,0.00282506727913286,0.645254112214046
Connecticut,CT,2019,3607133,275225.4,76300.319395,0.5024,66.3,4842.373007794604,744.9101905602315,,0.31406719,0.32618442,0.54604913,0.50470304,0.9911498,0.79910486,0.84889218,0.67295365,0.36081032,0.17179906,0.53363767,0.12743739,0.09055376,0.13270982,0.24175871,0.16165124,,0,1,1,CPS CEV observed state rates; separate modern indicators; not spliced to Hawes index,CT,0.0420331430270096,0.283324709724198,0.00283324709724198,0.645254112214046
Connecticut,CT,2020,3577586,260765.2,72888.590239,,64.6,4842.373007794604,738.8084301315246,,,,,,,,,,,,,,,,,,,0,0,0,,CT,0.286913218126452,0.282818398498464,0.00282818398498464,1.1689720437811
Connecticut,CT,2021,3603691,269838.7,74878.423261,0.4985,63.2,4842.373007794604,744.1993820383644,,0.28805603,0.223919,0.61493533,0.50198316,0.9750259,0.70679212,0.8947517,0.78163664,0.30186048,0.19754463,0.56916429,0.10073433,0.13472326,0.09701527,0.20210198,0.2015195,0.40698291,0,1,1,CPS CEV observed state rates; separate modern indicators; not spliced to Hawes index,CT,0.314271103218499,0.282862633966503,0.00282862633966503,1.28362751906757
Connecticut,CT,2022,3608706,278975.9,77306.353025,0.5008,65.3,4842.373007794604,745.2350312937867,,,,,,,,,,,,,,,,,,,0,0,0,,CT,0.644093760939292,0.282924984479661,0.00282924984479661,1.31900355150497
Connecticut,CT,2023,3617176,286628.4,79240.932706,0.4954,64.3,4842.373007794604,746.9841737052379,,0.3737887,0.3322204,0.5859021,0.5246509,0.9873265,0.7368222,0.8520027,0.7635678,0.3129978,0.1175291,0.5397179,0.1183532,0.0734266,0.1155324,0.1715302,0.2051042,0.4232728,0,1,1,CPS CEV observed state rates; separate modern indicators; not spliced to Hawes index,CT,0.657581988402957,0.284818915661332,0.00284818915661332,1.54831450207793
Delaware,DE,2000,786373,63388.8,80609.074828,,69.0,1948.5539481280807,403.5674766692735,0.29608452,,,,,,,,,,,,,,,,,,1,0,1,Hawes/Compton 3-year moving-average social-capital index; contiguous 48 states,DE,-0.372661387593956,0.281261775614531,0.00281261775614531,-0.568725469362
Delaware,DE,2001,795699,65724.8,82600.078673,,69.6,1948.5539481280807,408.3535899862588,0.019847061,,,,,,,,,,,,,,,,,,1,0,1,Hawes/Compton 3-year moving-average social-capital index; contiguous 48 states,DE,-0.371137565340139,0.284319978638773,0.00284319978638773,-0.56947216885585
Delaware,DE,2002,806169,63702.5,79018.791345,,67.9,1948.5539481280807,413.72680534427246,-0.0428824,,,,,,,,,,,,,,,,,,1,0,1,Hawes/Compton 3-year moving-average social-capital index; contiguous 48 states,DE,0.0868750738024986,0.284410871568963,0.00284410871568963,-0.380110426759858
Delaware,DE,2003,818003,64316.8,78626.606504,,66.7,1948.5539481280807,419.8000269819739,0.07459678,,,,,,,,,,,,,,,,,,1,0,1,Hawes/Compton 3-year moving-average social-capital index; contiguous 48 states,DE,0.114785882327402,0.281860701604833,0.00281860701604833,-0.349301847214226
Delaware,DE,2004,830803,67735.5,81530.158172,,66.3,1948.5539481280807,426.36900086760664,0.24790098,,,,,,,,,,,,,,,,,,1,0,1,Hawes/Compton 3-year moving-average social-capital index; contiguous 48 states,DE,-0.277836881725127,0.287873826129998,0.00287873826129998,-0.447073095727085
Delaware,DE,2005,845150,66381.2,78543.690469,,66.9,1948.5539481280807,433.7318968314483,0.41663507,,,,,,,,,,,,,,,,,,1,0,1,Hawes/Compton 3-year moving-average social-capital index; contiguous 48 states,DE,-0.272364086699924,0.290332511501785,0.00290332511501785,-0.441713073485978
Delaware,DE,2006,859268,68411.8,79616.371144,0.434,67.2,1948.5539481280807,440.97726974686736,0.24994844,,,,,,,,,,,,,,,,,,1,0,1,Hawes/Compton 3-year moving-average social-capital index; contiguous 48 states,DE,-0.190312258463238,0.284718240607593,0.00284718240607594,-0.412391090019445
Delaware,DE,2007,871749,68132.4,78155.982972,0.435,66.6,1948.5539481280807,447.3825324864441,0.28733307,,,,,,,,,,,,,,,,,,1,0,1,Hawes/Compton 3-year moving-average social-capital index; contiguous 48 states,DE,-0.194565024970894,0.285162421604946,0.00285162421604946,-0.417695304107016
Delaware,DE,2008,883874,65771.3,74412.529388,0.447,66.3,1948.5539481280807,453.60509563982674,0.27723685,,,,,,,,,,,,,,,,,,1,0,1,Hawes/Compton 3-year moving-average social-capital index; contiguous 48 states,DE,0.120532303656855,0.287476127453838,0.00287476127453838,-0.176649018616709
Delaware,DE,2009,891730,69186.2,77586.489184,0.434,63.9,1948.5539481280807,457.63680336213383,0.44806406,,,,,,,,,,,,,,,,,,1,0,1,Hawes/Compton 3-year moving-average social-capital index; contiguous 48 states,DE,0.128523675837786,0.282945865548535,0.00282945865548535,-0.164842711654268
Delaware,DE,2010,899773,68291.9,75899.032311,0.44,62.0,1948.5539481280807,461.7644796873014,0.45570484,,,,,,,,,,,,,,,,,,1,0,1,Hawes/Compton 3-year moving-average social-capital index; contiguous 48 states,DE,0.663524278024328,0.282635296384897,0.00282635296384897,0.20002689591099
Delaware,DE,2011,908220,71103.5,78288.850719,0.4404,62.2,1948.5539481280807,466.09948925073417,,,,,,,,,,,,,,,,,,,0,0,0,,DE,0.670172563355447,0.287623414860542,0.00287623414860542,0.201690497753281
Delaware,DE,2012,916654,70562.4,76978.227336,0.4356,61.9,1948.5539481280807,470.42782720006437,,,,,,,,,,,,,,,,,,,0,0,0,,DE,0.604732844419364,0.282480065277193,0.00282480065277193,0.230400640794582
Delaware,DE,2013,925704,68656.8,74167.120375,0.4513,60.9,1948.5539481280807,475.0722970176407,,,,,,,,,,,,,,,,,,,0,0,0,,DE,0.610681389894637,0.285639499278659,0.00285639499278659,0.236399701138498
Delaware,DE,2014,935278,73961.7,79079.909931,0.4494,61.4,1948.5539481280807,479.98568420366007,,,,,,,,,,,,,,,,,,,0,0,0,,DE,0.392532193964663,0.287258371182518,0.00287258371182518,0.589821764577083
Delaware,DE,2015,944716,76211.2,80671.016475,0.4523,61.9,1948.5539481280807,484.8292760421446,,,,,,,,,,,,,,,,,,,0,0,0,,DE,0.388847652327584,0.283454605377535,0.00283454605377535,0.589821764577083
Delaware,DE,2016,953146,71941.4,75477.838652,0.4522,62.0,1948.5539481280807,489.15556118713556,,,,,,,,,,,,,,,,,,,0,0,0,,DE,0.137337391789738,0.281734479009696,0.00281734479009696,0.700580110101009
Delaware,DE,2017,961604,69555.6,72332.893790,0.4811,62.2,1948.5539481280807,493.49621596250137,,0.31813208,0.28560473,0.61459745,0.57792029,0.94124759,0.80054359,0.8700636,0.6972445,0.3430826,0.2182472,0.5317285,0.1138995,0.1240352,0.122794,0.2436262,0.1116373,,0,1,1,CPS CEV observed state rates; separate modern indicators; not spliced to Hawes index,DE,0.140481488220398,0.286762256373459,0.00286762256373459,0.700580110101009
Delaware,DE,2018,971152,70856.4,72961.184243,0.4587,62.2,1948.5539481280807,498.3962599203156,,,,,,,,,,,,,,,,,,,0,0,0,,DE,0.0506774302381651,0.2814995490522,0.002814995490522,0.583437685233282
Delaware,DE,2019,981340,74627.8,76046.833921,0.4509,62.0,1948.5539481280807,503.6247525724114,,0.3066739,0.3227496,0.55589455,0.65761861,0.96694277,0.72650631,0.90574445,0.72730064,0.33510663,0.21410151,0.58222979,0.10917238,0.07692649,0.10407392,0.27666039,0.16997186,,0,1,1,CPS CEV observed state rates; separate modern indicators; not spliced to Hawes index,DE,0.0569328698950619,0.280785140874138,0.00280785140874138,0.583437685233282
Delaware,DE,2020,991862,72506.8,73101.701648,,61.4,1948.5539481280807,509.02465438683544,,,,,,,,,,,,,,,,,,,0,0,0,,DE,0.262293455001629,0.288259372395506,0.00288259372395506,0.822852654273885
Delaware,DE,2021,1004881,74657.1,74294.468698,0.4547,61.4,1948.5539481280807,515.7060193100427,,0.29839872,0.3091356,0.49295023,0.63933436,0.94610634,0.78105361,0.85221917,0.72205519,0.34813473,0.29746954,0.40308832,0.10202998,0.07500617,0.08836163,0.23392235,0.16115084,0.43207754,0,1,1,CPS CEV observed state rates; separate modern indicators; not spliced to Hawes index,DE,0.383824293993193,0.281542902033237,0.00281542902033237,1.28147455541979
Delaware,DE,2022,1019459,77149.2,75676.608868,0.4407,60.9,1948.5539481280807,523.1874647244766,,,,,,,,,,,,,,,,,,,0,0,0,,DE,0.162612092427771,0.28340737962613,0.0028340737962613,1.28452352068519
Delaware,DE,2023,1031890,78014.4,75603.407340,0.4557,60.9,1948.5539481280807,529.5670674098127,,0.3196905,0.2990403,0.4822581,0.6477919,0.9676495,0.7633035,0.8362169,0.6793668,0.3449855,0.2372168,0.4630148,0.0899787,0.0740478,0.0893401,0.2199921,0.1674544,0.4208777,0,1,1,CPS CEV observed state rates; separate modern indicators; not spliced to Hawes index,DE,0.161538519076102,0.282402380615185,0.00282402380615185,1.28452352068519
Florida,FL,2000,16047515,693837.3,43236.432557,,63.3,53652.17074335251,299.1028094047487,-0.7089519,,,,,,,,,,,,,,,,,,1,0,1,Hawes/Compton 3-year moving-average social-capital index; contiguous 48 states,FL,-0.787930480993586,0.284918866520531,0.00284918866520531,-1.25123499121618
Florida,FL,2001,16356966,714638.0,43690.131776,,63.4,53652.17074335251,304.8705350291279,-0.82117486,,,,,,,,,,,,,,,,,,1,0,1,Hawes/Compton 3-year moving-average social-capital index; contiguous 48 states,FL,-0.79410667164231,0.283818338556715,0.00283818338556715,-1.27854184855418
Florida,FL,2002,16689370,746252.8,44714.258237,,62.5,53652.17074335251,311.0660718619257,-0.8391341,,,,,,,,,,,,,,,,,,1,0,1,Hawes/Compton 3-year moving-average social-capital index; contiguous 48 states,FL,-1.28001432116344,0.28536287972292,0.0028536287972292,-1.44513639740499
Florida,FL,2003,17004085,781834.2,45979.198528,,62.0,53652.17074335251,316.93191094428926,-0.8170245,,,,,,,,,,,,,,,,,,1,0,1,Hawes/Compton 3-year moving-average social-capital index; contiguous 48 states,FL,-1.27193266709392,0.28308415755545,0.0028308415755545,-1.46995271709274
Florida,FL,2004,17415318,833946.8,47885.820977,,62.2,53652.17074335251,324.5967079935485,-0.87926644,,,,,,,,,,,,,,,,,,1,0,1,Hawes/Compton 3-year moving-average social-capital index; contiguous 48 states,FL,-1.83988728364982,0.287381118123514,0.00287381118123514,-1.69698229219868
Florida,FL,2005,17842038,883164.5,49499.081887,,62.8,53652.17074335251,332.5501606514332,-1.1146891,,,,,,,,,,,,,,,,,,1,0,1,Hawes/Compton 3-year moving-average social-capital index; contiguous 48 states,FL,-1.85091368281925,0.284221431070061,0.00284221431070061,-1.78442316004106
Florida,FL,2006,18166990,909298.9,50052.259620,0.467,63.4,53652.17074335251,338.60680282448567,-1.1144876,,,,,,,,,,,,,,,,,,1,0,1,Hawes/Compton 3-year moving-average social-capital index; contiguous 48 states,FL,-1.50417144269767,0.286928541883288,0.00286928541883288,-1.66363368889595
Florida,FL,2007,18367842,922288.3,50212.120727,0.469,63.9,53652.17074335251,342.35039785926597,-0.88520104,,,,,,,,,,,,,,,,,,1,0,1,Hawes/Compton 3-year moving-average social-capital index; contiguous 48 states,FL,-1.50702745094699,0.286416032315561,0.00286416032315561,-1.64861144196882
Florida,FL,2008,18527305,891766.9,48132.575137,0.471,63.4,53652.17074335251,345.322560919784,-0.52069783,,,,,,,,,,,,,,,,,,1,0,1,Hawes/Compton 3-year moving-average social-capital index; contiguous 48 states,FL,-1.57132150981677,0.282638141638082,0.00282638141638082,-1.46190935518412
Florida,FL,2009,18652644,840480.6,45059.595841,0.469,62.1,53652.17074335251,347.6587012522892,-0.09925018,,,,,,,,,,,,,,,,,,1,0,1,Hawes/Compton 3-year moving-average social-capital index; contiguous 48 states,FL,-1.5682697659681,0.284261997555184,0.00284261997555184,-1.47465078709041
Florida,FL,2010,18842405,851956.4,45214.843859,0.474,61.6,53652.17074335251,351.1955758534629,0.00063159066,,,,,,,,,,,,,,,,,,1,0,1,Hawes/Compton 3-year moving-average social-capital index; contiguous 48 states,FL,-1.75222179054887,0.286469726946647,0.00286469726946647,-1.39305705699454
Florida,FL,2011,19036879,849395.3,44618.411453,0.4811,61.1,53652.17074335251,354.8202940578814,,,,,,,,,,,,,,,,,,,0,0,0,,FL,-1.75792616106614,0.283574805550692,0.00283574805550692,-1.57364502242599
Florida,FL,2012,19268256,857861.3,44522.000330,0.4828,60.5,53652.17074335251,359.13283158980727,,,,,,,,,,,,,,,,,,,0,0,0,,FL,-1.06679457690575,0.285800883198891,0.00285800883198891,-1.17619518547277
Florida,FL,2013,19502928,880183.5,45130.838816,0.4843,60.1,53652.17074335251,363.5067832258475,,,,,,,,,,,,,,,,,,,0,0,0,,FL,-1.11400648255063,0.283047544733119,0.00283047544733119,-1.10930512843922
Florida,FL,2014,19790139,905648.5,45762.614401,0.4834,59.9,53652.17074335251,368.8599869456725,,,,,,,,,,,,,,,,,,,0,0,0,,FL,-1.33542458488639,0.281882222603251,0.00281882222603251,-1.40644195723126
Florida,FL,2015,20140379,945929.0,46966.792432,0.4872,59.3,53652.17074335251,375.3879613994069,,,,,,,,,,,,,,,,,,,0,0,0,,FL,-1.33206217649039,0.284385028472085,0.00284385028472085,-1.40644195723126
Florida,FL,2016,20533473,978989.7,47677.745504,0.4852,59.3,53652.17074335251,382.71467333955155,,,,,,,,,,,,,,,,,,,0,0,0,,FL,-0.511737518659034,0.282268903760582,0.00282268903760582,-0.697169715849426
Florida,FL,2017,20868335,1014866.9,48631.905708,0.4859,59.3,53652.17074335251,388.9560237893186,,0.22814825,0.19152846,0.43167192,0.50852623,0.953841,0.75184193,0.8144927,0.634576,0.3128348,0.1838238,0.4973954,0.0835449,0.0739699,0.0849563,0.2361771,0.1102821,,0,1,1,CPS CEV observed state rates; separate modern indicators; not spliced to Hawes index,FL,-0.376961838028276,0.283863836775043,0.00283863836775043,-0.467858765276471
Florida,FL,2018,21131181,1050433.8,49710.132150,0.4887,59.3,53652.17074335251,393.8550986330436,,,,,,,,,,,,,,,,,,,0,0,0,,FL,-0.0603642106459212,0.286126913351601,0.00286126913351601,-0.274319139836156
Florida,FL,2019,21353320,1084913.9,50807.738562,0.4808,59.5,53652.17074335251,397.99545301055076,,0.24179211,0.21001489,0.41352124,0.46865842,0.9600402,0.67472528,0.77097421,0.62032335,0.27309675,0.18328715,0.53389176,0.07594785,0.07974082,0.08802153,0.17758983,0.09999829,,0,1,1,CPS CEV observed state rates; separate modern indicators; not spliced to Hawes index,FL,-0.0485610905726835,0.282589089738602,0.00282589089738602,0.0314287942611168
Florida,FL,2020,21591299,1069758.8,49545.828623,,57.5,53652.17074335251,402.4310424136037,,,,,,,,,,,,,,,,,,,0,0,0,,FL,0.0414882768237806,0.288073059232113,0.00288073059232113,0.583028728415289
Florida,FL,2021,21830708,1170526.3,53618.338901,0.4869,58.0,53652.17074335251,406.893284978685,,0.15852759,0.1781889,0.36807879,0.44574935,0.9321793,0.64215172,0.76488786,0.62824969,0.27913405,0.20234896,0.54387099,0.07021876,0.08305094,0.06624098,0.15464978,0.10785292,0.29208886,0,1,1,CPS CEV observed state rates; separate modern indicators; not spliced to Hawes index,FL,-0.0961055887278137,0.285521006971934,0.00285521006971934,0.353717777842335
Florida,FL,2022,22245521,1239883.6,55736.325528,0.4902,58.8,53652.17074335251,414.62480812588956,,,,,,,,,,,,,,,,,,,0,0,0,,FL,-0.334653055532848,0.28340856254036,0.0028340856254036,0.230017072232565
Florida,FL,2023,22610726,1292787.6,57175.855388,0.4829,59.0,53652.17074335251,421.4317088521803,,0.2038833,0.2073132,0.3952212,0.4750128,0.9385329,0.6709053,0.7603147,0.6262947,0.262651,0.1776913,0.4960463,0.0629162,0.0576121,0.0839998,0.2130895,0.1276705,0.3070354,0,1,1,CPS CEV observed state rates; separate modern indicators; not spliced to Hawes index,FL,-0.329668774132533,0.283706474849747,0.00283706474849747,0.230017072232565
Georgia,GA,2000,8227303,417713.5,50771.619813,,68.9,57716.95797576735,142.54567961558647,-0.56638813,,,,,,,,,,,,,,,,,,1,0,1,Hawes/Compton 3-year moving-average social-capital index; contiguous 48 states,GA,-0.568288078727412,0.285305323995214,0.00285305323995214,-0.665305177252976
Georgia,GA,2001,8377038,422731.6,50463.135060,,68.2,57716.95797576735,145.13997781236367,-0.4264061,,,,,,,,,,,,,,,,,,1,0,1,Hawes/Compton 3-year moving-average social-capital index; contiguous 48 states,GA,-0.574586170766176,0.284488562791942,0.00284488562791942,-0.664889205222246
Georgia,GA,2002,8508256,427329.7,50225.298816,,68.1,57716.95797576735,147.41345175489357,-0.69746757,,,,,,,,,,,,,,,,,,1,0,1,Hawes/Compton 3-year moving-average social-capital index; contiguous 48 states,GA,0.0452208309166358,0.285430497345683,0.00285430497345683,-0.234802275891027
Georgia,GA,2003,8622793,439074.6,50920.229675,,68.0,57716.95797576735,149.39791185149272,-0.81682414,,,,,,,,,,,,,,,,,,1,0,1,Hawes/Compton 3-year moving-average social-capital index; contiguous 48 states,GA,0.123183228969138,0.285652864276276,0.00285652864276276,0.00818662784099958
Georgia,GA,2004,8769252,461245.4,52598.032307,,67.5,57716.95797576735,151.93545030009722,-1.1158159,,,,,,,,,,,,,,,,,,1,0,1,Hawes/Compton 3-year moving-average social-capital index; contiguous 48 states,GA,-0.0219281867963892,0.286311513441691,0.00286311513441691,-0.145775789217909
Georgia,GA,2005,8925922,480838.3,53869.874731,,67.9,57716.95797576735,154.64990382458438,-1.6317403,,,,,,,,,,,,,,,,,,1,0,1,Hawes/Compton 3-year moving-average social-capital index; contiguous 48 states,GA,-0.174292128138846,0.287911583999805,0.00287911583999805,-0.392375576851097
Georgia,GA,2006,9155813,487524.9,53247.581618,0.461,68.1,57716.95797576735,158.63297930296497,-1.8060126,,,,,,,,,,,,,,,,,,1,0,1,Hawes/Compton 3-year moving-average social-capital index; contiguous 48 states,GA,-1.43209208189414,0.289751065967785,0.00289751065967785,-1.12497697919677
Georgia,GA,2007,9349988,492238.7,52645.917834,0.464,68.0,57716.95797576735,161.9972418491914,-1.7472975,,,,,,,,,,,,,,,,,,1,0,1,Hawes/Compton 3-year moving-average social-capital index; contiguous 48 states,GA,-1.42730129685363,0.285407042009511,0.00285407042009511,-1.12462257115429
Georgia,GA,2008,9504843,481860.3,50696.292406,0.467,67.6,57716.95797576735,164.68024880990157,-1.2898318,,,,,,,,,,,,,,,,,,1,0,1,Hawes/Compton 3-year moving-average social-capital index; contiguous 48 states,GA,-1.60511093765192,0.286100031961358,0.00286100031961358,-1.34014244128821
Georgia,GA,2009,9620846,464016.8,48230.353131,0.469,65.4,57716.95797576735,166.6901087205487,-0.74436057,,,,,,,,,,,,,,,,,,1,0,1,Hawes/Compton 3-year moving-average social-capital index; contiguous 48 states,GA,-1.57846344238646,0.280924646022446,0.00280924646022446,-1.30437641232518
Georgia,GA,2010,9712616,471588.2,48554.189726,0.468,64.2,57716.95797576735,168.280109358464,-0.59059966,,,,,,,,,,,,,,,,,,1,0,1,Hawes/Compton 3-year moving-average social-capital index; contiguous 48 states,GA,-1.65184628473446,0.287069677416071,0.00287069677416071,-1.43690875982354
Georgia,GA,2011,9805666,481215.4,49075.238745,0.477,64.1,57716.95797576735,169.8922871873625,,,,,,,,,,,,,,,,,,,0,0,0,,GA,-1.65419047111144,0.288038232504987,0.00288038232504987,-1.42756330749521
Georgia,GA,2012,9907250,489027.3,49360.549093,0.4809,63.8,57716.95797576735,171.6523245067696,,,,,,,,,,,,,,,,,,,0,0,0,,GA,-2.18064039960188,0.282966038171855,0.00282966038171855,-1.70385765292354
Georgia,GA,2013,9980892,499900.2,50085.723801,0.4837,62.9,57716.95797576735,172.9282406773848,,,,,,,,,,,,,,,,,,,0,0,0,,GA,-2.20428691952994,0.28742395444226,0.0028742395444226,-1.79385348346581
Georgia,GA,2014,10078133,517511.9,51349.977223,0.4801,62.1,57716.95797576735,174.61303148082297,,,,,,,,,,,,,,,,,,,0,0,0,,GA,-2.53529924469817,0.288708200139397,0.00288708200139397,-1.51819178902257
Georgia,GA,2015,10191912,540108.5,52993.834719,0.4801,61.1,57716.95797576735,176.5843585221367,,,,,,,,,,,,,,,,,,,0,0,0,,GA,-2.54041382697707,0.290107595802459,0.00290107595802459,-1.51819178902257
Georgia,GA,2016,10318636,561718.3,54437.262832,0.4813,62.4,57716.95797576735,178.7799697331989,,,,,,,,,,,,,,,,,,,0,0,0,,GA,-2.18755285697776,0.287494502699009,0.00287494502699009,-1.30354211083797
Georgia,GA,2017,10428854,583543.3,55954.690707,0.483,63.8,57716.95797576735,180.6895991361601,,0.26504428,0.20928037,0.46000691,0.43373539,0.96957007,0.6656816,0.8394332,0.7106653,0.3030356,0.2209735,0.495337,0.0834497,0.0826908,0.101368,0.1725173,0.1234459,,0,1,1,CPS CEV observed state rates; separate modern indicators; not spliced to Hawes index,GA,-2.18274661271459,0.288406081191362,0.00288406081191362,-1.30354211083797
Georgia,GA,2018,10532841,600934.7,57053.429364,0.4822,63.2,57716.95797576735,182.4912706664521,,,,,,,,,,,,,,,,,,,0,0,0,,GA,-1.2717686381772,0.286319267701506,0.00286319267701506,-0.92482366930812
Georgia,GA,2019,10643103,620744.9,58323.676845,0.4795,62.8,57716.95797576735,184.4016624103533,,0.28188341,0.22030854,0.4813987,0.45097909,0.96063559,0.63924423,0.80108636,0.67278881,0.28696785,0.17740534,0.53616129,0.09226408,0.07284259,0.10495565,0.18319809,0.12850101,,0,1,1,CPS CEV observed state rates; separate modern indicators; not spliced to Hawes index,GA,-1.25983173385172,0.288685720368912,0.00288685720368912,-0.695512718735165
Georgia,GA,2020,10732390,604745.9,56347.738015,,61.4,57716.95797576735,185.94864276294723,,,,,,,,,,,,,,,,,,,0,0,0,,GA,-1.01785768856122,0.28602538830778,0.0028602538830778,0.382794260109723
Georgia,GA,2021,10790385,643013.8,59591.367685,0.4787,61.8,57716.95797576735,186.95346009972283,,0.19887582,0.22374326,0.46011902,0.40780444,0.93630597,0.5800645,0.79284118,0.67482157,0.28374127,0.18453277,0.54898641,0.09562917,0.09780828,0.08185764,0.14532689,0.14428337,0.33192327,0,1,1,CPS CEV observed state rates; separate modern indicators; not spliced to Hawes index,GA,-1.02069761228948,0.28432972724147,0.0028432972724147,0.382794260109723
Georgia,GA,2022,10913150,665678.1,60997.796237,0.4736,61.9,57716.95797576735,189.08047795211107,,,,,,,,,,,,,,,,,,,0,0,0,,GA,-1.21231407610591,0.287832467212744,0.00287832467212744,0.3872182066799
Georgia,GA,2023,11029227,678201.2,61491.272235,0.4787,62.0,57716.95797576735,191.09161998161193,,0.2562863,0.226441,0.4435365,0.4731008,0.9612912,0.6393305,0.8180411,0.7019295,0.2724387,0.1876799,0.5686822,0.0703395,0.0688813,0.1152183,0.2427384,0.1039982,0.3918816,0,1,1,CPS CEV observed state rates; separate modern indicators; not spliced to Hawes index,GA,-1.21172702700749,0.287367479849015,0.00287367479849015,0.3872182066799
Hawaii,HI,2000,1213519,60745.7,50057.477468,,67.3,6422.480126305308,188.94865786032523,,,,,,,,,,,,,,,,,,,0,0,0,,HI,0.618685369573769,0.284011374371054,0.00284011374371054,0.165048865904357
Hawaii,HI,2001,1225948,60446.4,49305.843315,,67.1,6422.480126305308,190.88389156374973,,,,,,,,,,,,,,,,,,,0,0,0,,HI,0.625616813866707,0.282120228925528,0.00282120228925528,0.168684369371025
Hawaii,HI,2002,1239613,62355.2,50302.150752,,65.9,6422.480126305308,193.0115742861969,,,,,,,,,,,,,,,,,,,0,0,0,,HI,0.551272616305632,0.283727908365516,0.00283727908365516,0.120372535357124
Hawaii,HI,2003,1251154,65623.7,52450.537664,,65.5,6422.480126305308,194.8085436458575,,,,,,,,,,,,,,,,,,,0,0,0,,HI,0.549851656808378,0.283060662397996,0.00283060662397996,0.102527564591696
Hawaii,HI,2004,1273569,69332.0,54439.139144,,65.0,6422.480126305308,198.29862840426605,,,,,,,,,,,,,,,,,,,0,0,0,,HI,0.352076316227533,0.280774888309667,0.00280774888309667,-0.0368501857702633
Hawaii,HI,2005,1292729,72941.9,56424.741767,,65.7,6422.480126305308,201.28189960529699,,,,,,,,,,,,,,,,,,,0,0,0,,HI,0.348337932430938,0.284689460391644,0.00284689460391644,-0.0419422484809595
Hawaii,HI,2006,1309731,74892.9,57181.894603,0.438,65.9,6422.480126305308,203.92916353848736,,,,,,,,,,,,,,,,,,,0,0,0,,HI,0.211173767774533,0.282973579523737,0.00282973579523737,-0.0337333367307106
Hawaii,HI,2007,1315675,76434.1,58094.970262,0.422,65.4,6422.480126305308,204.85466270440216,,,,,,,,,,,,,,,,,,,0,0,0,,HI,0.210318559378702,0.285889354261424,0.00285889354261424,-0.0432816329511153
Hawaii,HI,2008,1332213,76830.2,57671.108149,0.428,65.4,6422.480126305308,207.42968040391412,,,,,,,,,,,,,,,,,,,0,0,0,,HI,0.00204215186191049,0.283040876544592,0.00283040876544592,-0.223851332716866
Hawaii,HI,2009,1346717,74118.5,55036.433044,0.425,64.0,6422.480126305308,209.68799801872373,,,,,,,,,,,,,,,,,,,0,0,0,,HI,-0.00822358192869414,0.284583094440003,0.00284583094440003,-0.258737062879227
Hawaii,HI,2010,1365117,76130.2,55768.260156,0.433,63.3,6422.480126305308,212.5529348714883,,,,,,,,,,,,,,,,,,,0,0,0,,HI,0.466286031617226,0.282969679224422,0.00282969679224422,-0.137376736532535
Hawaii,HI,2011,1385141,77174.2,55715.771896,0.4301,62.9,6422.480126305308,215.6707335421273,,,,,,,,,,,,,,,,,,,0,0,0,,HI,0.461041259350233,0.286053853072974,0.00286053853072975,-0.124632018459649
Hawaii,HI,2012,1405255,78694.0,55999.800748,0.4257,61.3,6422.480126305308,218.80254549085043,,,,,,,,,,,,,,,,,,,0,0,0,,HI,0.122946828172467,0.283124743985765,0.00283124743985765,-0.138922560847566
Hawaii,HI,2013,1423345,80534.9,56581.433173,0.44,60.8,6422.480126305308,221.6192143857695,,,,,,,,,,,,,,,,,,,0,0,0,,HI,0.0989221310097151,0.283481876636967,0.00283481876636967,-0.0154774484632824
Hawaii,HI,2014,1434323,81304.9,56685.209677,0.4325,61.6,6422.480126305308,223.32852290585913,,,,,,,,,,,,,,,,,,,0,0,0,,HI,-0.371588846999859,0.289075369462951,0.00289075369462951,0.125162749301219
Hawaii,HI,2015,1446452,83857.6,57974.685645,0.4346,61.7,6422.480126305308,225.2170456823364,,,,,,,,,,,,,,,,,,,0,0,0,,HI,-0.377003751724465,0.285107272497332,0.00285107272497332,0.125162749301219
Hawaii,HI,2016,1456816,85670.4,58806.602893,0.442,62.1,6422.480126305308,226.83075250527398,,,,,,,,,,,,,,,,,,,0,0,0,,HI,-0.102106784857661,0.285153821547413,0.00285153821547413,0.493870781923383
Hawaii,HI,2017,1458161,87436.4,59963.474541,0.4455,62.0,6422.480126305308,227.04017316108747,,0.27989778,0.24364988,0.50502291,0.44554848,0.95269906,0.72425725,0.8497063,0.6511411,0.3139895,0.202259,0.4856606,0.1100213,0.0728004,0.0997593,0.1971287,0.1148189,,0,1,1,CPS CEV observed state rates; separate modern indicators; not spliced to Hawes index,HI,-0.0917748295312488,0.28286454931076,0.0028286454931076,0.493870781923383
Hawaii,HI,2018,1459965,88836.4,60848.308007,0.445,61.5,6422.480126305308,227.32106153513027,,,,,,,,,,,,,,,,,,,0,0,0,,HI,0.136794786391115,0.286576255731374,0.00286576255731374,0.888833451508223
Hawaii,HI,2019,1456943,88855.2,60987.423667,0.4397,61.1,6422.480126305308,226.85052679768165,,0.32096253,0.27092258,0.49238077,0.44139588,0.96469333,0.65487619,0.85898929,0.67432702,0.28397371,0.15998313,0.51152393,0.09244406,0.05503709,0.10827886,0.1759008,0.1086652,,0,1,1,CPS CEV observed state rates; separate modern indicators; not spliced to Hawes index,HI,0.357728237341981,0.287126522223177,0.00287126522223177,1.34745535265413
Hawaii,HI,2020,1451181,79840.1,55017.327267,,59.1,6422.480126305308,225.95336559411484,,,,,,,,,,,,,,,,,,,0,0,0,,HI,0.0106751222606448,0.284842399504729,0.00284842399504729,1.52829339954759
Hawaii,HI,2021,1446745,84408.5,58343.730236,0.4552,59.5,6422.480126305308,225.26266668765484,,0.19742954,0.22812675,0.44968553,0.43523234,0.96306797,0.64541265,0.87249951,0.69875335,0.27749956,0.13744508,0.58872074,0.07704385,0.06723976,0.06824231,0.12547505,0.10585138,0.33703757,0,1,1,CPS CEV observed state rates; separate modern indicators; not spliced to Hawes index,HI,0.0638247165641236,0.28425395682288,0.00284253956822879,1.75760435012054
Hawaii,HI,2022,1439399,86887.8,60363.943563,0.4574,59.9,6422.480126305308,224.11887178980658,,,,,,,,,,,,,,,,,,,0,0,0,,HI,0.410698049007224,0.284575906973579,0.00284575906973579,2.05791488493604
Hawaii,HI,2023,1435138,88614.3,61746.187475,0.4512,60.2,6422.480126305308,223.45542092406583,,0.2938612,0.2399288,0.5759759,0.4830341,0.9779126,0.6748865,0.903201,0.7572066,0.3091586,0.1711055,0.5516905,0.0768553,0.0737842,0.1003458,0.1532963,0.119596,0.388143,0,1,1,CPS CEV observed state rates; separate modern indicators; not spliced to Hawes index,HI,0.402182727034312,0.288340196424237,0.00288340196424237,2.05791488493604
Idaho,ID,2000,1299430,49793.0,38319.109148,,69.6,82645.137497651,15.72300608776812,0.6753745,,,,,,,,,,,,,,,,,,1,0,1,Hawes/Compton 3-year moving-average social-capital index; contiguous 48 states,ID,-0.243881083484755,0.284728709641795,0.00284728709641795,-0.175414439752767
Idaho,ID,2001,1319962,48695.4,36891.516574,,70.0,82645.137497651,15.971441756479829,0.027471619,,,,,,,,,,,,,,,,,,1,0,1,Hawes/Compton 3-year moving-average social-capital index; contiguous 48 states,ID,-0.261548207314251,0.283691747073857,0.00283691747073857,-0.210650164697553
Idaho,ID,2002,1340372,49840.5,37184.080240,,69.4,82645.137497651,16.218401234290365,0.09677018,,,,,,,,,,,,,,,,,,1,0,1,Hawes/Compton 3-year moving-average social-capital index; contiguous 48 states,ID,0.137202553498461,0.283815726776734,0.00283815726776734,-0.00590188295755864
Idaho,ID,2003,1363380,51542.6,37805.014009,,68.7,82645.137497651,16.49679631834058,0.055883244,,,,,,,,,,,,,,,,,,1,0,1,Hawes/Compton 3-year moving-average social-capital index; contiguous 48 states,ID,0.14313422863378,0.281178540456155,0.00281178540456155,-0.00852753801014408
Idaho,ID,2004,1391802,55137.1,39615.620613,,68.3,82645.137497651,16.84070039861158,0.2157273,,,,,,,,,,,,,,,,,,1,0,1,Hawes/Compton 3-year moving-average social-capital index; contiguous 48 states,ID,-0.0245468579388121,0.284529071581354,0.00284529071581354,-0.0154437649637524
Idaho,ID,2005,1428241,59331.9,41541.938650,,68.9,82645.137497651,17.28160958097014,0.45391,,,,,,,,,,,,,,,,,,1,0,1,Hawes/Compton 3-year moving-average social-capital index; contiguous 48 states,ID,-0.0234538024420996,0.280489858398994,0.00280489858398994,-0.018219583858804
Idaho,ID,2006,1468669,60738.6,41356.221177,0.421,68.4,82645.137497651,17.7707853658268,0.28696668,,,,,,,,,,,,,,,,,,1,0,1,Hawes/Compton 3-year moving-average social-capital index; contiguous 48 states,ID,-0.326298906009721,0.282755383663545,0.00282755383663545,-0.24371293704409
Idaho,ID,2007,1505105,61812.1,41068.297561,0.436,67.8,82645.137497651,18.2116582484091,0.17927258,,,,,,,,,,,,,,,,,,1,0,1,Hawes/Compton 3-year moving-average social-capital index; contiguous 48 states,ID,-0.353820973072914,0.285734153383159,0.00285734153383159,-0.29300609040229
Idaho,ID,2008,1534320,63878.2,41632.905782,0.419,67.0,82645.137497651,18.565157569537707,0.0045575825,,,,,,,,,,,,,,,,,,1,0,1,Hawes/Compton 3-year moving-average social-capital index; contiguous 48 states,ID,-0.532159084064579,0.28580907169941,0.0028580907169941,-0.264149387088375
Idaho,ID,2009,1554439,61276.1,39420.073737,0.421,66.7,82645.137497651,18.80859596905119,0.16405754,,,,,,,,,,,,,,,,,,1,0,1,Hawes/Compton 3-year moving-average social-capital index; contiguous 48 states,ID,-0.517376793119828,0.289999269249049,0.00289999269249049,-0.240879542614633
Idaho,ID,2010,1571339,62626.4,39855.435396,0.433,65.6,82645.137497651,19.013084708639536,0.1405778,,,,,,,,,,,,,,,,,,1,0,1,Hawes/Compton 3-year moving-average social-capital index; contiguous 48 states,ID,-0.741931742921104,0.285904136367995,0.00285904136367995,-0.583950275191265
Idaho,ID,2011,1586880,62704.0,39514.014922,0.432,65.0,82645.137497651,19.201129649582874,,,,,,,,,,,,,,,,,,,0,0,0,,ID,-0.737972005825752,0.285493754396373,0.00285493754396373,-0.575527801621208
Idaho,ID,2012,1600611,62007.3,38739.768751,0.4302,64.9,82645.137497651,19.367273725517048,,,,,,,,,,,,,,,,,,,0,0,0,,ID,-0.527717520463941,0.284936107195877,0.00284936107195877,-0.442037523984531
Idaho,ID,2013,1618841,64769.8,40009.982450,0.4376,64.5,82645.137497651,19.58785536591323,,,,,,,,,,,,,,,,,,,0,0,0,,ID,-0.557874745668009,0.282972445816425,0.00282972445816425,-0.341689633612182
Idaho,ID,2014,1641124,66784.9,40694.609304,0.4541,63.5,82645.137497651,19.85747800403436,,,,,,,,,,,,,,,,,,,0,0,0,,ID,-0.723002672534193,0.285049184854677,0.00285049184854677,-0.449644733788644
Idaho,ID,2015,1663458,67790.5,40752.757208,0.4525,63.8,82645.137497651,20.12771773835188,,,,,,,,,,,,,,,,,,,0,0,0,,ID,-0.727291595083522,0.286458950595284,0.00286458950595284,-0.449644733788644
Idaho,ID,2016,1697093,70442.5,41507.742946,0.4503,63.9,82645.137497651,20.53469872983436,,,,,,,,,,,,,,,,,,,0,0,0,,ID,-0.619758876403419,0.28363383718481,0.0028363383718481,-0.347470100985387
Idaho,ID,2017,1734888,72935.1,42040.235450,0.4478,64.0,82645.137497651,20.992015411061665,,0.37870817,0.34116028,0.55509002,0.61080733,0.97249277,0.77862897,0.8821404,0.7616861,0.3705848,0.2763773,0.5019038,0.1408804,0.1091318,0.1275454,0.2982488,0.1609591,,0,1,1,CPS CEV observed state rates; separate modern indicators; not spliced to Hawes index,ID,-0.624320614045794,0.288814121046424,0.00288814121046424,-0.347470100985387
Idaho,ID,2018,1769305,77652.1,43888.475984,0.4454,64.1,82645.137497651,21.40845854422214,,,,,,,,,,,,,,,,,,,0,0,0,,ID,-0.584128715516601,0.283650721631525,0.00283650721631525,-0.179754272359647
Idaho,ID,2019,1808378,81144.3,44871.315621,0.4337,64.4,82645.137497651,21.881238930135474,,0.34468853,0.32417629,0.53000733,0.57465472,0.95048512,0.70566833,0.81003919,0.65043816,0.28854642,0.18034042,0.47527916,0.11317558,0.10742329,0.11445748,0.23431278,0.15621068,,0,1,1,CPS CEV observed state rates; separate modern indicators; not spliced to Hawes index,ID,-0.581860653640887,0.280397665127514,0.00280397665127514,-0.179754272359647
Idaho,ID,2020,1849339,82717.4,44728.089334,,63.5,82645.137497651,22.37686397524069,,,,,,,,,,,,,,,,,,,0,0,0,,ID,-0.588384385361566,0.282151679519256,0.00282151679519256,0.265278185874964
Idaho,ID,2021,1904537,88969.6,46714.555821,0.4577,63.2,82645.137497651,23.04475565854231,,0.28159126,0.27437575,0.57006046,0.54292441,0.94824149,0.65161874,0.81887639,0.70047356,0.2993659,0.21849516,0.55793833,0.15504036,0.11944485,0.13146354,0.2125218,0.22848171,0.33535381,0,1,1,CPS CEV observed state rates; separate modern indicators; not spliced to Hawes index,ID,-0.588636027012855,0.285193114057556,0.00285193114057556,0.265278185874964
Idaho,ID,2022,1938996,92903.7,47913.301523,0.4434,63.4,82645.137497651,23.4617069885704,,,,,,,,,,,,,,,,,,,0,0,0,,ID,-0.756612242838606,0.285408617813005,0.00285408617813005,0.237550075866897
Idaho,ID,2023,1964726,95897.9,48809.808594,0.4404,63.6,82645.137497651,23.773038069612298,,0.3442451,0.3066974,0.5678562,0.6083057,0.9903874,0.7340771,0.8363163,0.7109272,0.3114263,0.1645053,0.5823279,0.1124712,0.0734893,0.1157762,0.2289621,0.236378,0.3492647,0,1,1,CPS CEV observed state rates; separate modern indicators; not spliced to Hawes index,ID,-0.756123458668789,0.2830430441294,0.002830430441294,0.237550075866897
Illinois,IL,2000,12434161,687111.4,55259.972909,,69.4,55513.17416447428,223.98576891244053,-0.35150155,,,,,,,,,,,,,,,,,,1,0,1,Hawes/Compton 3-year moving-average social-capital index; contiguous 48 states,IL,-0.30696478144901,0.285063608782753,0.00285063608782753,-0.850552113154191
Illinois,IL,2001,12488445,688404.3,55123.299979,,68.6,55513.17416447428,224.9636268861022,-0.4632666,,,,,,,,,,,,,,,,,,1,0,1,Hawes/Compton 3-year moving-average social-capital index; contiguous 48 states,IL,-0.305758179559908,0.283484330392588,0.00283484330392588,-0.872372143551712
Illinois,IL,2002,12525556,692398.1,55278.831535,,67.0,55513.17416447428,225.63213486746977,-0.40656438,,,,,,,,,,,,,,,,,,1,0,1,Hawes/Compton 3-year moving-average social-capital index; contiguous 48 states,IL,0.625715158140113,0.285413132368808,0.00285413132368808,-0.223305854404841
Illinois,IL,2003,12556006,703548.8,56032.849937,,66.4,55513.17416447428,226.1806533130154,-0.21012083,,,,,,,,,,,,,,,,,,1,0,1,Hawes/Compton 3-year moving-average social-capital index; contiguous 48 states,IL,0.617418782757494,0.287521546048899,0.00287521546048899,-0.223711776416852
Illinois,IL,2004,12589773,726139.0,57676.893777,,66.4,55513.17416447428,226.78892334095426,0.08935194,,,,,,,,,,,,,,,,,,1,0,1,Hawes/Compton 3-year moving-average social-capital index; contiguous 48 states,IL,0.35089963406489,0.284437993065925,0.00284437993065925,-0.504965744431396
Illinois,IL,2005,12609903,741248.6,58783.053288,,66.7,55513.17416447428,227.15153996850214,0.33867782,,,,,,,,,,,,,,,,,,1,0,1,Hawes/Compton 3-year moving-average social-capital index; contiguous 48 states,IL,0.34810032906635,0.284963284522505,0.00284963284522505,-0.513848242056792
Illinois,IL,2006,12643955,759825.7,60093.989578,0.462,67.3,55513.17416447428,227.7649439129264,0.34608254,,,,,,,,,,,,,,,,,,1,0,1,Hawes/Compton 3-year moving-average social-capital index; contiguous 48 states,IL,0.215677869005448,0.285431183412966,0.00285431183412966,-0.624180907514812
Illinois,IL,2007,12695866,769571.6,60615.920174,0.466,68.1,55513.17416447428,228.70005527669383,0.33639953,,,,,,,,,,,,,,,,,,1,0,1,Hawes/Compton 3-year moving-average social-capital index; contiguous 48 states,IL,0.220402722514752,0.282099998357603,0.00282099998357603,-0.647232412344194
Illinois,IL,2008,12747038,759095.3,59550.720724,0.467,67.7,55513.17416447428,229.62185448508333,0.14186239,,,,,,,,,,,,,,,,,,1,0,1,Hawes/Compton 3-year moving-average social-capital index; contiguous 48 states,IL,0.277868044686446,0.284392510243549,0.00284392510243549,-0.586580038967173
Illinois,IL,2009,12796778,740794.3,57889.126466,0.469,66.8,55513.17416447428,230.5178580148514,0.21853377,,,,,,,,,,,,,,,,,,1,0,1,Hawes/Compton 3-year moving-average social-capital index; contiguous 48 states,IL,0.279194385741973,0.28563567741279,0.0028563567741279,-0.588937029405779
Illinois,IL,2010,12845460,755391.4,58806.099587,0.465,66.7,55513.17416447428,231.39480300552634,0.16345502,,,,,,,,,,,,,,,,,,1,0,1,Hawes/Compton 3-year moving-average social-capital index; contiguous 48 states,IL,0.234960736009946,0.285790347322528,0.00285790347322528,-0.364571559549191
Illinois,IL,2011,12892409,772225.6,59897.696389,0.4718,66.0,55513.17416447428,232.2405301812216,,,,,,,,,,,,,,,,,,,0,0,0,,IL,0.2351835722748,0.281976974625195,0.00281976974625195,-0.509418757936678
Illinois,IL,2012,12927420,790723.3,61166.365756,0.4716,65.9,55513.17416447428,232.8712093042757,,,,,,,,,,,,,,,,,,,0,0,0,,IL,1.02547248384563,0.285550432543927,0.00285550432543927,0.274691920734911
Illinois,IL,2013,12959880,795435.2,61376.741143,0.4824,65.4,55513.17416447428,233.45593537134994,,,,,,,,,,,,,,,,,,,0,0,0,,IL,0.99812342389661,0.289831999485899,0.00289831999485899,0.347006556389294
Illinois,IL,2014,12968905,811490.1,62571.982754,0.4765,64.8,55513.17416447428,233.61850939338765,,,,,,,,,,,,,,,,,,,0,0,0,,IL,1.19706892877898,0.282259692884145,0.00282259692884145,0.620907953382514
Illinois,IL,2015,12963110,825424.9,63674.912887,0.4817,64.8,55513.17416447428,233.51411975818448,,,,,,,,,,,,,,,,,,,0,0,0,,IL,1.24807082293401,0.284592049549739,0.00284592049549739,0.850218903955468
Illinois,IL,2016,12944999,826404.7,63839.688207,0.481,65.3,55513.17416447428,233.1878728758437,,,,,,,,,,,,,,,,,,,0,0,0,,IL,1.36684617916705,0.281381918068133,0.00281381918068133,1.22207979976843
Illinois,IL,2017,12922894,832826.8,64445.843168,0.4818,64.6,55513.17416447428,232.7896791077391,,0.2813788,0.26753731,0.55056639,0.49817588,0.98192756,0.76510116,0.8892601,0.7582901,0.3542524,0.2176982,0.5520322,0.1316593,0.0781043,0.1283496,0.2168195,0.1421073,,0,1,1,CPS CEV observed state rates; separate modern indicators; not spliced to Hawes index,IL,1.23664012858353,0.283324114703957,0.00283324114703957,0.992768849195477
Illinois,IL,2018,12887397,851517.2,66073.637679,0.4852,64.7,55513.17416447428,232.15024530604674,,,,,,,,,,,,,,,,,,,0,0,0,,IL,1.33599380192495,0.283516277164959,0.00283516277164959,1.22026148301235
Illinois,IL,2019,12849440,858018.3,66774.762169,0.48,64.6,55513.17416447428,231.46649769890143,,0.33035833,0.31724402,0.56593534,0.57341423,0.98115485,0.76301078,0.90180734,0.72928383,0.32633149,0.20077546,0.56201555,0.11301642,0.07726987,0.13092664,0.24218053,0.17545446,,0,1,1,CPS CEV observed state rates; separate modern indicators; not spliced to Hawes index,IL,1.46135733570824,0.285626863778554,0.00285626863778554,1.90819433473121
Illinois,IL,2020,12790357,810200.9,63344.666611,,62.6,55513.17416447428,230.4021917771224,,,,,,,,,,,,,,,,,,,0,0,0,,IL,1.5892515812569,0.28407388877228,0.0028407388877228,2.00831233656486
Illinois,IL,2021,12690341,855888.1,67444.058438,0.4824,63.0,55513.17416447428,228.60052935184524,,0.28288199,0.29585206,0.56103872,0.55565087,0.97912092,0.74733133,0.90763941,0.73475921,0.3148696,0.17933369,0.54736587,0.1159154,0.10266162,0.09287339,0.20326906,0.1823315,0.44844343,0,1,1,CPS CEV observed state rates; separate modern indicators; not spliced to Hawes index,IL,1.58690096711589,0.286562381825342,0.00286562381825342,2.00831233656486
Illinois,IL,2022,12582515,876536.0,69663.020469,0.4837,64.3,55513.17416447428,226.65817960112602,,,,,,,,,,,,,,,,,,,0,0,0,,IL,1.27187294699288,0.28337445407579,0.0028337445407579,1.94304155348065
Illinois,IL,2023,12549689,885651.3,70571.573527,0.481,64.4,55513.17416447428,226.06686050446,,0.3033569,0.2791279,0.5001169,0.5610323,0.9777904,0.7299092,0.807572,0.669291,0.2771119,0.1655653,0.5520218,0.1134532,0.079095,0.1245904,0.2284437,0.1651965,0.4114639,0,1,1,CPS CEV observed state rates; separate modern indicators; not spliced to Hawes index,IL,1.30284517830199,0.286433672302551,0.00286433672302551,2.17235250405361
Indiana,IN,2000,6091866,278990.4,45797.199085,,67.9,35826.03250366367,170.04020747698002,-0.45717922,,,,,,,,,,,,,,,,,,1,0,1,Hawes/Compton 3-year moving-average social-capital index; contiguous 48 states,IN,0.193773164503778,0.282871576266324,0.00282871576266324,0.152014401454077
Indiana,IN,2001,6127760,273884.4,44695.679987,,67.9,35826.03250366367,171.0421046308535,-0.45443088,,,,,,,,,,,,,,,,,,1,0,1,Hawes/Compton 3-year moving-average social-capital index; contiguous 48 states,IN,0.195711801291638,0.283868495160191,0.00283868495160191,0.160201246576499
Indiana,IN,2002,6155967,280723.0,45601.771420,,67.9,35826.03250366367,171.82943713821712,-0.6487555,,,,,,,,,,,,,,,,,,1,0,1,Hawes/Compton 3-year moving-average social-capital index; contiguous 48 states,IN,0.287880488113375,0.280438384731289,0.00280438384731289,0.207553834521616
Indiana,IN,2003,6196638,293045.2,47290.998764,,67.8,35826.03250366367,172.9646730869882,-0.4542538,,,,,,,,,,,,,,,,,,1,0,1,Hawes/Compton 3-year moving-average social-capital index; contiguous 48 states,IN,0.347583451864597,0.285107647086882,0.00285107647086882,0.437918276396244
Indiana,IN,2004,6233007,303819.8,48743.696261,,67.1,35826.03250366367,173.97982875615924,-0.4983454,,,,,,,,,,,,,,,,,,1,0,1,Hawes/Compton 3-year moving-average social-capital index; contiguous 48 states,IN,0.166173395105852,0.282442552657429,0.00282442552657429,0.255937551255759
Indiana,IN,2005,6278616,306344.6,48791.740090,,67.4,35826.03250366367,175.25289743869715,-0.22396094,,,,,,,,,,,,,,,,,,1,0,1,Hawes/Compton 3-year moving-average social-capital index; contiguous 48 states,IN,-0.0541770146302409,0.28717204331072,0.0028717204331072,-0.198282995759971
Indiana,IN,2006,6332669,312525.5,49351.308271,0.432,67.4,35826.03250366367,176.76166065422967,-0.24934939,,,,,,,,,,,,,,,,,,1,0,1,Hawes/Compton 3-year moving-average social-capital index; contiguous 48 states,IN,0.223779059104485,0.288780545286718,0.00288780545286718,0.0817406810281966
Indiana,IN,2007,6379599,322661.7,50577.113076,0.429,66.2,35826.03250366367,178.07160196562666,-0.3508891,,,,,,,,,,,,,,,,,,1,0,1,Hawes/Compton 3-year moving-average social-capital index; contiguous 48 states,IN,0.1437267056652,0.284604041516869,0.00284604041516869,-0.147920058412453
Indiana,IN,2008,6424806,322384.3,50178.059851,0.437,66.5,35826.03250366367,179.33344975732328,-0.24967326,,,,,,,,,,,,,,,,,,1,0,1,Hawes/Compton 3-year moving-average social-capital index; contiguous 48 states,IN,-0.111196904474829,0.284503736325491,0.00284503736325491,-0.281200449881884
Indiana,IN,2009,6459325,299789.0,46411.815476,0.434,65.3,35826.03250366367,180.2969669984934,-0.18158159,,,,,,,,,,,,,,,,,,1,0,1,Hawes/Compton 3-year moving-average social-capital index; contiguous 48 states,IN,-0.101041654016092,0.286094823024111,0.00286094823024111,-0.260712760035286
Indiana,IN,2010,6491385,320731.8,49408.839562,0.44,64.0,35826.03250366367,181.1918469994179,-0.11932529,,,,,,,,,,,,,,,,,,1,0,1,Hawes/Compton 3-year moving-average social-capital index; contiguous 48 states,IN,-0.10068280118021,0.283096977363874,0.00283096977363874,-0.439657571729715
Indiana,IN,2011,6521409,321532.8,49304.191778,0.4461,63.8,35826.03250366367,182.02989681687757,,,,,,,,,,,,,,,,,,,0,0,0,,IN,-0.0975271252491173,0.283040614544144,0.00283040614544144,-0.44799036981912
Indiana,IN,2012,6546485,323876.2,49473.297502,0.4417,63.1,35826.03250366367,182.72983477393257,,,,,,,,,,,,,,,,,,,0,0,0,,IN,-1.42253486545059,0.28572839391461,0.0028572839391461,-0.849767552051938
Indiana,IN,2013,6581401,333207.4,50628.642746,0.4554,63.1,35826.03250366367,183.704433342625,,,,,,,,,,,,,,,,,,,0,0,0,,IN,-1.41534596015557,0.283572576513032,0.00283572576513032,-0.879156370596523
Indiana,IN,2014,6610174,343827.8,52014.939395,0.4455,63.4,35826.03250366367,184.50756441769053,,,,,,,,,,,,,,,,,,,0,0,0,,IN,-1.66414021856807,0.28747767031894,0.0028747767031894,-0.886322969464632
Indiana,IN,2015,6628925,341205.2,51472.176861,0.4519,63.8,35826.03250366367,185.03095477630987,,,,,,,,,,,,,,,,,,,0,0,0,,IN,-1.66019734421976,0.283286935816432,0.00283286935816432,-0.886322969464632
Indiana,IN,2016,6658719,348439.2,52328.263139,0.4527,64.7,35826.03250366367,185.86258468109915,,,,,,,,,,,,,,,,,,,0,0,0,,IN,-1.60468877136266,0.28555401220642,0.0028555401220642,-0.770336199096471
Indiana,IN,2017,6686218,357535.8,53473.548125,0.4497,64.3,35826.03250366367,186.6301550225035,,0.34935118,0.34313581,0.54489765,0.5252824,0.97637577,0.75391825,0.9130752,0.7294562,0.3179778,0.2607636,0.5676763,0.1296524,0.0947925,0.1146068,0.184707,0.1215896,,0,1,1,CPS CEV observed state rates; separate modern indicators; not spliced to Hawes index,IN,-1.47478486711944,0.280325734483097,0.00280325734483097,-0.541025248523516
Indiana,IN,2018,6725960,368762.9,54826.805393,0.4511,64.9,35826.03250366367,187.73946010661896,,,,,,,,,,,,,,,,,,,0,0,0,,IN,-1.58539120925519,0.287675959209995,0.00287675959209995,-0.801106386595872
Indiana,IN,2019,6761818,370507.2,54794.021371,0.4584,64.6,35826.03250366367,188.74035240459622,,0.34022085,0.32731028,0.50616598,0.55286978,0.95992703,0.71382479,0.83061006,0.68561716,0.27970098,0.19854521,0.48677076,0.1036507,0.05770026,0.09599642,0.18336101,0.15799587,,0,1,1,CPS CEV observed state rates; separate modern indicators; not spliced to Hawes index,IN,-1.5560401833242,0.28322418739442,0.0028322418739442,-0.571795436022918
Indiana,IN,2020,6789098,359787.3,52994.860289,,63.0,35826.03250366367,189.5018098726318,,,,,,,,,,,,,,,,,,,0,0,0,,IN,-1.7618999546587,0.286244803833986,0.00286244803833986,-0.591296722266832
Indiana,IN,2021,6813798,387122.0,56814.422735,0.448,62.8,35826.03250366367,190.19125266810389,,0.27577933,0.29415511,0.52161211,0.52183255,0.98686974,0.7171472,0.83331594,0.69529293,0.29428383,0.21228987,0.62180048,0.1051025,0.08071895,0.0830913,0.1728152,0.17778404,0.40701163,0,1,1,CPS CEV observed state rates; separate modern indicators; not spliced to Hawes index,IN,-1.6813055840407,0.279554400175626,0.00279554400175626,-0.361985771693878
Indiana,IN,2022,6832274,399280.8,58440.396272,0.4561,63.3,35826.03250366367,190.70696704418253,,,,,,,,,,,,,,,,,,,0,0,0,,IN,-1.44668887380285,0.284520428521864,0.00284520428521864,-0.349908298330022
Indiana,IN,2023,6862199,404290.3,58915.560449,0.4536,63.4,35826.03250366367,191.54225350792757,,0.3311045,0.2747553,0.4921511,0.5537536,0.9697555,0.7099258,0.7817834,0.6586375,0.2623498,0.1798266,0.4848908,0.091741,0.0425772,0.0763925,0.226217,0.1790207,0.4819412,0,1,1,CPS CEV observed state rates; separate modern indicators; not spliced to Hawes index,IN,-1.45008103950263,0.279413273608227,0.00279413273608227,-0.349908298330022
Iowa,IA,2000,2929067,129323.4,44151.738420,,71.5,55853.41811829138,52.44203665022898,1.0548084,,,,,,,,,,,,,,,,,,1,0,1,Hawes/Compton 3-year moving-average social-capital index; contiguous 48 states,IA,0.803701925050113,0.281300836883036,0.00281300836883036,0.484611003042043
Iowa,IA,2001,2931997,128077.5,43682.684532,,72.0,55853.41811829138,52.494495391317926,0.94996554,,,,,,,,,,,,,,,,,,1,0,1,Hawes/Compton 3-year moving-average social-capital index; contiguous 48 states,IA,0.811696508679354,0.282699896886033,0.00282699896886033,0.514828070262529
Iowa,IA,2002,2934234,131035.2,44657.379064,,72.6,55853.41811829138,52.534546655418936,0.7631562,,,,,,,,,,,,,,,,,,1,0,1,Hawes/Compton 3-year moving-average social-capital index; contiguous 48 states,IA,1.08675398739376,0.283063775599711,0.00283063775599711,0.731409693567762
Iowa,IA,2003,2941999,137476.9,46729.077746,,71.4,55853.41811829138,52.67357127130824,0.775194,,,,,,,,,,,,,,,,,,1,0,1,Hawes/Compton 3-year moving-average social-capital index; contiguous 48 states,IA,1.08516454101314,0.284731293391306,0.00284731293391306,0.739300661037114
Iowa,IA,2004,2953635,149063.2,50467.711820,,71.0,55853.41811829138,52.88190229905942,0.62226737,,,,,,,,,,,,,,,,,,1,0,1,Hawes/Compton 3-year moving-average social-capital index; contiguous 48 states,IA,1.17744592623795,0.286230587388118,0.00286230587388118,0.819556411092744
Iowa,IA,2005,2964454,153626.8,51822.966388,,71.6,55853.41811829138,53.075605752930166,1.016365,,,,,,,,,,,,,,,,,,1,0,1,Hawes/Compton 3-year moving-average social-capital index; contiguous 48 states,IA,1.20683871302216,0.281747643120071,0.00281747643120071,0.933144017763442
Iowa,IA,2006,2982644,155704.5,52203.514734,0.424,72.3,55853.41811829138,53.401279643854366,1.387748,,,,,,,,,,,,,,,,,,1,0,1,Hawes/Compton 3-year moving-average social-capital index; contiguous 48 states,IA,1.09208592267496,0.281722763907559,0.00281722763907559,0.561872868992143
Iowa,IA,2007,2999212,162838.1,54293.627793,0.426,72.1,55853.41811829138,53.69791323510407,1.1548764,,,,,,,,,,,,,,,,,,1,0,1,Hawes/Compton 3-year moving-average social-capital index; contiguous 48 states,IA,1.22961789785449,0.283965094737733,0.00283965094737733,1.00660791113733
Iowa,IA,2008,3016734,160469.1,53192.989505,0.428,72.5,55853.41811829138,54.01162724922027,0.90205324,,,,,,,,,,,,,,,,,,1,0,1,Hawes/Compton 3-year moving-average social-capital index; contiguous 48 states,IA,1.37258095454962,0.281899640358621,0.00281899640358621,1.01913772342084
Iowa,IA,2009,3032870,156737.2,51679.498297,0.431,71.9,55853.41811829138,54.30052630936061,1.0169079,,,,,,,,,,,,,,,,,,1,0,1,Hawes/Compton 3-year moving-average social-capital index; contiguous 48 states,IA,1.35571447033189,0.284301973847354,0.00284301973847354,0.985361121028415
Iowa,IA,2010,3051473,161593.1,52955.769230,0.427,71.0,55853.41811829138,54.63359455525742,0.97393554,,,,,,,,,,,,,,,,,,1,0,1,Hawes/Compton 3-year moving-average social-capital index; contiguous 48 states,IA,1.2849139388462,0.28559479843083,0.0028559479843083,1.04391878298166
Iowa,IA,2011,3070048,164559.3,53601.539780,0.434,70.3,55853.41811829138,54.966161488952686,,,,,,,,,,,,,,,,,,,0,0,0,,IA,1.26567404442473,0.282762393248707,0.00282762393248707,0.915425038931273
Iowa,IA,2012,3082748,170923.7,55445.239118,0.4328,69.5,55853.41811829138,55.1935423803621,,,,,,,,,,,,,,,,,,,0,0,0,,IA,1.07439698193558,0.283645032848943,0.00283645032848943,1.00851145749914
Iowa,IA,2013,3102460,171069.1,55139.824526,0.4429,69.7,55853.41811829138,55.54646617024104,,,,,,,,,,,,,,,,,,,0,0,0,,IA,1.06369850822421,0.284876641254558,0.00284876641254558,1.00288211760187
Iowa,IA,2014,3121790,180309.9,57758.497529,0.4433,70.2,55853.41811829138,55.89255062937049,,,,,,,,,,,,,,,,,,,0,0,0,,IA,1.10183833075925,0.288466673345955,0.00288466673345955,1.06631277730238
Iowa,IA,2015,3136310,185989.2,59301.918497,0.4393,69.9,55853.41811829138,56.15251681387952,,,,,,,,,,,,,,,,,,,0,0,0,,IA,1.1034617712877,0.284757625170947,0.00284757625170947,1.06631277730238
Iowa,IA,2016,3149607,186729.9,59286.730059,0.4451,69.8,55853.41811829138,56.390586397585906,,,,,,,,,,,,,,,,,,,0,0,0,,IA,0.956313345577806,0.283603812048295,0.00283603812048295,1.10965657495731
Iowa,IA,2017,3162752,187125.0,59165.245963,0.4381,68.8,55853.41811829138,56.62593457219825,,0.41530143,0.36337666,0.53525509,0.56688778,0.98082909,0.77646143,0.9048751,0.7371912,0.3321877,0.2440435,0.4142083,0.1681613,0.0684564,0.1341312,0.2487875,0.1551503,,0,1,1,CPS CEV observed state rates; separate modern indicators; not spliced to Hawes index,IA,0.817659217169743,0.281661975965552,0.00281661975965552,0.880345624384357
Iowa,IA,2018,3171540,189245.1,59669.781873,0.4413,69.1,55853.41811829138,56.78327498745069,,,,,,,,,,,,,,,,,,,0,0,0,,IA,0.859664817521324,0.283517710813593,0.00283517710813593,1.17904081588932
Iowa,IA,2019,3183858,188471.4,59195.918913,0.4422,69.9,55853.41811829138,57.00381654811062,,0.33122758,0.31785856,0.53522066,0.56607054,0.97912057,0.73227105,0.91236085,0.66621188,0.28634098,0.17673944,0.56107153,0.12392003,0.06437068,0.1164171,0.22415909,0.14086313,,0,1,1,CPS CEV observed state rates; separate modern indicators; not spliced to Hawes index,IA,0.782058386734067,0.284157602000005,0.00284157602000005,0.949729865316363
Iowa,IA,2020,3190904,186328.2,58393.546155,,66.8,55853.41811829138,57.129968182824854,,,,,,,,,,,,,,,,,,,0,0,0,,IA,1.08987717831705,0.283748275155028,0.00283748275155028,1.46689217909395
Iowa,IA,2021,3197944,201147.1,62898.881281,0.4489,66.9,55853.41811829138,57.2560123934959,,0.29927423,0.28692344,0.58219576,0.60267107,0.95300226,0.75655015,0.88578956,0.72493729,0.34442465,0.2652652,0.55132486,0.11555719,0.08355186,0.11488531,0.19970883,0.17919618,0.44953143,0,1,1,CPS CEV observed state rates; separate modern indicators; not spliced to Hawes index,IA,1.09058494371077,0.280260947964232,0.00280260947964232,1.46689217909395
Iowa,IA,2022,3199693,201580.4,62999.919055,0.4514,67.6,55853.41811829138,57.28732650208449,,,,,,,,,,,,,,,,,,,0,0,0,,IA,0.36026076505325,0.281368501597604,0.00281368501597604,1.06862754867707
Iowa,IA,2023,3207004,202051.4,63003.164324,0.4464,67.5,55853.41811829138,57.41822269870609,,0.354776,0.2619836,0.5010436,0.6331382,0.9705474,0.7466364,0.8148581,0.6545656,0.3333996,0.1852262,0.5177952,0.0826348,0.0770676,0.1027764,0.1943748,0.1997588,0.4640196,0,1,1,CPS CEV observed state rates; separate modern indicators; not spliced to Hawes index,IA,0.381288363781356,0.284645203642658,0.00284645203642658,1.18328302396355
Kansas,KS,2000,2693681,118840.9,44118.401548,,70.1,81758.590716669,32.94676408176897,0.5324404,,,,,,,,,,,,,,,,,,1,0,1,Hawes/Compton 3-year moving-average social-capital index; contiguous 48 states,KS,-0.137488734800043,0.281219227907892,0.00281219227907892,-0.631463210224281
Kansas,KS,2001,2702162,119474.1,44214.262505,,69.5,81758.590716669,33.0504963003121,0.8539755,,,,,,,,,,,,,,,,,,1,0,1,Hawes/Compton 3-year moving-average social-capital index; contiguous 48 states,KS,-0.13595468721127,0.285889284117673,0.00285889284117673,-0.645930540171508
Kansas,KS,2002,2713535,121050.5,44609.890788,,70.1,81758.590716669,33.1896009485247,1.0807765,,,,,,,,,,,,,,,,,,1,0,1,Hawes/Compton 3-year moving-average social-capital index; contiguous 48 states,KS,0.277461626248278,0.287197678506345,0.00287197678506345,-0.337308461975336
Kansas,KS,2003,2723004,123486.7,45349.437606,,70.7,81758.590716669,33.30541752409184,0.6827404,,,,,,,,,,,,,,,,,,1,0,1,Hawes/Compton 3-year moving-average social-capital index; contiguous 48 states,KS,0.278984353649071,0.286029042299611,0.00286029042299611,-0.345537131023584
Kansas,KS,2004,2734373,124793.2,45638.689381,,71.2,81758.590716669,33.44447324778207,0.59226674,,,,,,,,,,,,,,,,,,1,0,1,Hawes/Compton 3-year moving-average social-capital index; contiguous 48 states,KS,0.105192409356235,0.284827986435024,0.00284827986435024,-0.36359192084428
Kansas,KS,2005,2745299,129588.2,47203.674354,,70.7,81758.590716669,33.57811058062045,0.83708924,,,,,,,,,,,,,,,,,,1,0,1,Hawes/Compton 3-year moving-average social-capital index; contiguous 48 states,KS,0.100391520819137,0.283927153517909,0.00283927153517909,-0.361676422232735
Kansas,KS,2006,2762931,136135.8,49272.240241,0.441,70.5,81758.590716669,33.79376987520275,-0.007862959,,,,,,,,,,,,,,,,,,1,0,1,Hawes/Compton 3-year moving-average social-capital index; contiguous 48 states,KS,0.127135935328253,0.285860806962989,0.00285860806962989,-0.453201407241774
Kansas,KS,2007,2783785,143586.6,51579.629892,0.444,70.6,81758.590716669,34.04883787254958,-0.0017861257,,,,,,,,,,,,,,,,,,1,0,1,Hawes/Compton 3-year moving-average social-capital index; contiguous 48 states,KS,0.120424646069158,0.283850810564074,0.00283850810564074,-0.456677015925096
Kansas,KS,2008,2808076,147265.0,52443.381162,0.442,70.5,81758.590716669,34.34594426573803,0.018705947,,,,,,,,,,,,,,,,,,1,0,1,Hawes/Compton 3-year moving-average social-capital index; contiguous 48 states,KS,-0.00418995416141838,0.286780745935465,0.00286780745935465,-0.345787065129592
Kansas,KS,2009,2832704,141902.5,50094.362136,0.444,71.1,81758.590716669,34.647172549935675,0.50514984,,,,,,,,,,,,,,,,,,1,0,1,Hawes/Compton 3-year moving-average social-capital index; contiguous 48 states,KS,0.0130533010280074,0.283115658384918,0.00283115658384918,-0.333872252909179
Kansas,KS,2010,2858835,143870.1,50324.730179,0.445,69.8,81758.590716669,34.96678422341175,0.5708638,,,,,,,,,,,,,,,,,,1,0,1,Hawes/Compton 3-year moving-average social-capital index; contiguous 48 states,KS,0.12489032707571,0.285670734310961,0.00285670734310961,0.132616485558899
Kansas,KS,2011,2872529,147836.8,51465.729328,0.4442,69.3,81758.590716669,35.134277325726295,,,,,,,,,,,,,,,,,,,0,0,0,,KS,-0.0891168698497244,0.284223394776641,0.00284223394776641,-0.331031695086736
Kansas,KS,2012,2891164,150077.1,51908.885141,0.4496,68.5,81758.590716669,35.36220444429147,,,,,,,,,,,,,,,,,,,0,0,0,,KS,-0.309027542224241,0.286319128221016,0.00286319128221016,-0.569300135198436
Kansas,KS,2013,2901727,150702.9,51935.588703,0.4589,68.2,81758.590716669,35.49140187672528,,,,,,,,,,,,,,,,,,,0,0,0,,KS,-0.316404688911748,0.280798195941888,0.00280798195941888,-0.5302625335745
Kansas,KS,2014,2911564,154110.1,52930.349462,0.4597,68.1,81758.590716669,35.61171950834994,,,,,,,,,,,,,,,,,,,0,0,0,,KS,-0.407575802989198,0.276010440502208,0.00276010440502208,-0.642650154791242
Kansas,KS,2015,2922703,158602.6,54265.725939,0.4596,67.8,81758.590716669,35.74796207200422,,,,,,,,,,,,,,,,,,,0,0,0,,KS,-0.400450649572868,0.282083411880037,0.00282083411880037,-0.642650154791242
Kansas,KS,2016,2927251,164643.7,56245.159708,0.455,67.5,81758.590716669,35.80358925393255,,,,,,,,,,,,,,,,,,,0,0,0,,KS,0.116813800758423,0.282179966459127,0.00282179966459127,-0.310165322644728
Kansas,KS,2017,2927448,166273.6,56798.139540,0.4539,67.0,81758.590716669,35.805998786658996,,0.36546181,0.32464407,0.65116849,0.54075753,0.98842573,0.78218894,0.8805324,0.7220609,0.306469,0.1985297,0.5191072,0.1329367,0.0979184,0.1188654,0.2451161,0.1623082,,0,1,1,CPS CEV observed state rates; separate modern indicators; not spliced to Hawes index,KS,0.252744471766229,0.283766324605339,0.00283766324605339,-0.0808543720717738
Kansas,KS,2018,2931587,169796.9,57919.788838,0.4633,66.9,81758.590716669,35.85662343617557,,,,,,,,,,,,,,,,,,,0,0,0,,KS,0.177484088042923,0.285636042426523,0.00285636042426523,-0.351429187020838
Kansas,KS,2019,2933756,169562.3,57797.001523,0.45,67.2,81758.590716669,35.88315275842767,,0.33986693,0.35309939,0.59855519,0.58613764,0.97907038,0.74988763,0.86937294,0.68141223,0.26728222,0.20099732,0.51560791,0.13176145,0.08254519,0.11400486,0.20680385,0.18984339,,0,1,1,CPS CEV observed state rates; separate modern indicators; not spliced to Hawes index,KS,0.182283056802415,0.283962249997371,0.00283962249997371,-0.274992203496519
Kansas,KS,2020,2938124,168056.8,57198.675073,,66.9,81758.590716669,35.9365783368496,,,,,,,,,,,,,,,,,,,0,0,0,,KS,0.240507502252275,0.284253860253389,0.00284253860253389,0.136645476131359
Kansas,KS,2021,2937946,172782.4,58810.611223,0.4599,66.6,81758.590716669,35.93440119560438,,0.31538896,0.33411679,0.5400723,0.57602773,0.96439248,0.65929601,0.80951458,0.74228159,0.31008896,0.21729258,0.51893969,0.11878411,0.10217134,0.08352137,0.15469158,0.19021949,0.39275762,0,1,1,CPS CEV observed state rates; separate modern indicators; not spliced to Hawes index,KS,0.23743117182105,0.281471902219367,0.00281471902219367,0.136645476131359
Kansas,KS,2022,2936716,177470.1,60431.481968,0.4632,66.8,81758.590716669,35.91935690497733,,,,,,,,,,,,,,,,,,,0,0,0,,KS,0.229097289661731,0.28162811437307,0.0028162811437307,0.199641250217432
Kansas,KS,2023,2940546,183795.6,62503.902337,0.4518,67.0,81758.590716669,35.966202135141245,,0.3958573,0.3447054,0.5436128,0.5839795,0.9670317,0.7097895,0.8432988,0.6747369,0.2718151,0.1441977,0.5756234,0.1179036,0.0686941,0.1197777,0.205605,0.2418024,0.4586012,0,1,1,CPS CEV observed state rates; separate modern indicators; not spliced to Hawes index,KS,0.227749829055482,0.28683978267613,0.0028683978267613,0.199641250217432
Kentucky,KY,2000,4049021,161101.0,39787.642494,,63.3,39491.608348244816,102.52864264972274,-0.5966758,,,,,,,,,,,,,,,,,,1,0,1,Hawes/Compton 3-year moving-average social-capital index; contiguous 48 states,KY,0.300903351032366,0.282935025919244,0.00282935025919244,-0.814705726089616
Kentucky,KY,2001,4068132,161316.4,39653.678888,,62.8,39491.608348244816,103.01256824301525,-0.58833456,,,,,,,,,,,,,,,,,,1,0,1,Hawes/Compton 3-year moving-average social-capital index; contiguous 48 states,KY,0.3097305830721,0.283475962752504,0.00283475962752504,-0.793603730460763
Kentucky,KY,2002,4089875,165435.3,40449.964852,,62.1,39491.608348244816,103.56314090666233,-0.7146099,,,,,,,,,,,,,,,,,,1,0,1,Hawes/Compton 3-year moving-average social-capital index; contiguous 48 states,KY,0.00337074263018416,0.283529885441203,0.00283529885441203,-0.994476533442371
Kentucky,KY,2003,4117170,170481.9,41407.544503,,62.3,39491.608348244816,104.25430039956794,-0.70715386,,,,,,,,,,,,,,,,,,1,0,1,Hawes/Compton 3-year moving-average social-capital index; contiguous 48 states,KY,0.0106199787889394,0.286069269763582,0.00286069269763582,-0.962218531667578
Kentucky,KY,2004,4146101,175344.6,42291.444420,,62.1,39491.608348244816,104.98688641492798,-1.0158132,,,,,,,,,,,,,,,,,,1,0,1,Hawes/Compton 3-year moving-average social-capital index; contiguous 48 states,KY,-0.193487924358106,0.283844387044404,0.00283844387044404,-1.19018669892047
Kentucky,KY,2005,4182742,182017.9,43516.406223,,62.0,39491.608348244816,105.91470377999684,-1.4173043,,,,,,,,,,,,,,,,,,1,0,1,Hawes/Compton 3-year moving-average social-capital index; contiguous 48 states,KY,-0.191966589247061,0.283832771041402,0.00283832771041402,-1.16850278398597
Kentucky,KY,2006,4219239,186332.6,44162.608470,0.46,62.4,39491.608348244816,106.83887480079099,-1.3604358,,,,,,,,,,,,,,,,,,1,0,1,Hawes/Compton 3-year moving-average social-capital index; contiguous 48 states,KY,-0.0109413889470316,0.283825620186316,0.00283825620186316,-0.98492818437077
Kentucky,KY,2007,4256672,185790.0,43646.773818,0.465,62.2,39491.608348244816,107.7867470593708,-1.2685738,,,,,,,,,,,,,,,,,,1,0,1,Hawes/Compton 3-year moving-average social-capital index; contiguous 48 states,KY,-0.0192582182933218,0.286471530128079,0.00286471530128079,-1.00624021273393
Kentucky,KY,2008,4289878,186515.9,43478.136208,0.467,61.7,39491.608348244816,108.6275839203865,-0.65975577,,,,,,,,,,,,,,,,,,1,0,1,Hawes/Compton 3-year moving-average social-capital index; contiguous 48 states,KY,-0.199761483583374,0.283629108840882,0.00283629108840882,-1.08760167786552
Kentucky,KY,2009,4317074,178112.8,41257.759306,0.464,62.0,39491.608348244816,109.31623655160325,-0.95963496,,,,,,,,,,,,,,,,,,1,0,1,Hawes/Compton 3-year moving-average social-capital index; contiguous 48 states,KY,-0.185769938149252,0.279484066747099,0.00279484066747099,-1.0685221901673
Kentucky,KY,2010,4349159,186720.6,42932.576160,0.466,61.7,39491.608348244816,110.1286876353137,-0.7940184,,,,,,,,,,,,,,,,,,1,0,1,Hawes/Compton 3-year moving-average social-capital index; contiguous 48 states,KY,0.0373888673757106,0.282566802471485,0.00282566802471485,-0.976445445936128
Kentucky,KY,2011,4374302,188389.8,43067.396810,0.4709,61.2,39491.608348244816,110.76535453878049,,,,,,,,,,,,,,,,,,,0,0,0,,KY,0.0456368483143966,0.28577820447704,0.0028577820447704,-0.971691671967783
Kentucky,KY,2012,4394147,192060.1,43708.164520,0.4667,60.8,39491.608348244816,111.26786635913996,,,,,,,,,,,,,,,,,,,0,0,0,,KY,0.0283062073518094,0.282402836385507,0.00282402836385507,-0.846263794439776
Kentucky,KY,2013,4415978,196698.0,44542.341470,0.4721,60.4,39491.608348244816,111.82066734428824,,,,,,,,,,,,,,,,,,,0,0,0,,KY,0.0263872573137817,0.287927360674656,0.00287927360674656,-0.826144913812169
Kentucky,KY,2014,4428854,196795.8,44434.926055,0.4704,58.6,39491.608348244816,112.14671129485255,,,,,,,,,,,,,,,,,,,0,0,0,,KY,-0.413255947224408,0.285554681980624,0.00285554681980624,-1.11618237319877
Kentucky,KY,2015,4443778,199487.1,44891.328955,0.4781,57.5,39491.608348244816,112.52461436399061,,,,,,,,,,,,,,,,,,,0,0,0,,KY,-0.414651119780494,0.284251738183641,0.00284251738183641,-1.11618237319877
Kentucky,KY,2016,4457755,201007.2,45091.576365,0.4813,58.1,39491.608348244816,112.87853765515536,,,,,,,,,,,,,,,,,,,0,0,0,,KY,-0.427338493113181,0.282556335512242,0.00282556335512242,-0.483599881573201
Kentucky,KY,2017,4475829,203564.0,45480.736641,0.4784,58.7,39491.608348244816,113.33620450530286,,0.28124294,0.25792049,0.50948549,0.51236584,0.9755437,0.74912813,0.8635527,0.6990833,0.3287755,0.2174517,0.5959595,0.113596,0.0558025,0.0921599,0.1589614,0.1194561,,0,1,1,CPS CEV observed state rates; separate modern indicators; not spliced to Hawes index,KY,-0.556866489268942,0.283811132254817,0.00283811132254817,-0.712910832146156
Kentucky,KY,2018,4487302,205940.1,45893.969249,0.4787,58.6,39491.608348244816,113.62672192102391,,,,,,,,,,,,,,,,,,,0,0,0,,KY,-0.349485494142103,0.286230600117365,0.00286230600117365,-0.339207108829269
Kentucky,KY,2019,4498163,211783.1,47082.131083,0.4764,58.9,39491.608348244816,113.9017423735774,,0.2621657,0.22292474,0.45005949,0.53035611,0.94973971,0.7309359,0.76408786,0.5965841,0.30118871,0.19108117,0.53811223,0.09871976,0.06369135,0.07358862,0.17681849,0.11895585,,0,1,1,CPS CEV observed state rates; separate modern indicators; not spliced to Hawes index,KY,-0.353529831489795,0.288553660381697,0.00288553660381697,-0.26277012530495
Kentucky,KY,2020,4508155,206049.6,45705.970624,,57.1,39491.608348244816,114.15475815130641,,,,,,,,,,,,,,,,,,,0,0,0,,KY,-1.0672584875809,0.283986298023322,0.00283986298023322,-0.382596939369422
Kentucky,KY,2021,4507600,215133.2,47726.772562,0.4757,57.4,39491.608348244816,114.1407045327476,,0.22617792,0.20149304,0.44737321,0.51098844,0.96578694,0.70979831,0.83847457,0.70785151,0.30398207,0.21265617,0.66053682,0.08975766,0.0554423,0.05942973,0.12661171,0.15923537,0.37127954,0,1,1,CPS CEV observed state rates; separate modern indicators; not spliced to Hawes index,KY,-1.05224176381396,0.285010939074647,0.00285010939074647,-0.153285988796467
Kentucky,KY,2022,4511563,219755.6,48709.416227,0.4845,57.8,39491.608348244816,114.24105496580805,,,,,,,,,,,,,,,,,,,0,0,0,,KY,-1.16529009830565,0.285269572981801,0.00285269572981801,-0.316227171910312
Kentucky,KY,2023,4526154,224418.0,49582.493216,0.4759,57.7,39491.608348244816,114.61052586381082,,0.2747921,0.2286845,0.4785626,0.5129475,0.9898289,0.6865567,0.7770633,0.6514941,0.3023778,0.2063319,0.5538096,0.093898,0.0673744,0.060027,0.1597311,0.1506155,0.4253424,0,1,1,CPS CEV observed state rates; separate modern indicators; not spliced to Hawes index,KY,-1.16695193336391,0.287368239113456,0.00287368239113456,-0.316227171910312
Louisiana,LA,2000,4471885,206556.1,46189.940036,,61.6,43210.22748265874,103.49135518424823,-0.2483714,,,,,,,,,,,,,,,,,,1,0,1,Hawes/Compton 3-year moving-average social-capital index; contiguous 48 states,LA,-0.605841396030815,0.282989921010632,0.00282989921010632,-1.08598581193175
Louisiana,LA,2001,4477875,210534.7,47016.654105,,61.5,43210.22748265874,103.62997977266087,-0.48532888,,,,,,,,,,,,,,,,,,1,0,1,Hawes/Compton 3-year moving-average social-capital index; contiguous 48 states,LA,-0.609797295434776,0.28430567224303,0.0028430567224303,-1.04319645809096
Louisiana,LA,2002,4497267,214856.1,47774.815238,,60.9,43210.22748265874,104.07876241347854,-0.47869965,,,,,,,,,,,,,,,,,,1,0,1,Hawes/Compton 3-year moving-average social-capital index; contiguous 48 states,LA,-0.405778327872464,0.283641205943504,0.00283641205943504,-0.848937242718238
Louisiana,LA,2003,4521042,223576.0,49452.316523,,60.9,43210.22748265874,104.62897937333004,-0.8854956,,,,,,,,,,,,,,,,,,1,0,1,Hawes/Compton 3-year moving-average social-capital index; contiguous 48 states,LA,-0.394842708248931,0.279522656571422,0.00279522656571422,-0.811738866922184
Louisiana,LA,2004,4552238,234620.8,51539.660273,,60.8,43210.22748265874,105.35093808119659,-0.9999232,,,,,,,,,,,,,,,,,,1,0,1,Hawes/Compton 3-year moving-average social-capital index; contiguous 48 states,LA,-0.438230721050903,0.283137072764215,0.00283137072764215,-0.837805664908972
Louisiana,LA,2005,4576628,249560.9,54529.426469,,63.2,43210.22748265874,105.9153877825963,-1.2141705,,,,,,,,,,,,,,,,,,1,0,1,Hawes/Compton 3-year moving-average social-capital index; contiguous 48 states,LA,-0.453981065777,0.283782182140123,0.00283782182140123,-0.930447509030123
Louisiana,LA,2006,4302665,247139.7,57438.750170,0.475,62.7,43210.22748265874,99.57515270491827,-1.3289975,,,,,,,,,,,,,,,,,,1,0,1,Hawes/Compton 3-year moving-average social-capital index; contiguous 48 states,LA,-0.597571171985528,0.284708694732285,0.00284708694732285,-1.03095015230554
Louisiana,LA,2007,4375581,234216.4,53528.068615,0.478,61.7,43210.22748265874,101.26262357114463,-1.1881876,,,,,,,,,,,,,,,,,,1,0,1,Hawes/Compton 3-year moving-average social-capital index; contiguous 48 states,LA,-0.580822857689938,0.285897744405892,0.00285897744405892,-0.997197438190007
Louisiana,LA,2008,4435586,237061.6,53445.384668,0.477,61.6,43210.22748265874,102.65129943553532,-1.1625222,,,,,,,,,,,,,,,,,,1,0,1,Hawes/Compton 3-year moving-average social-capital index; contiguous 48 states,LA,-0.278871365769257,0.284240721190958,0.00284240721190958,-0.843737309116182
Louisiana,LA,2009,4491648,241868.8,53848.565159,0.473,61.0,43210.22748265874,103.9487237553332,-0.8788332,,,,,,,,,,,,,,,,,,1,0,1,Hawes/Compton 3-year moving-average social-capital index; contiguous 48 states,LA,-0.265598259824295,0.279931831783786,0.00279931831783786,-0.809822240707435
Louisiana,LA,2010,4544804,253466.9,55770.699903,0.475,60.7,43210.22748265874,105.17889547848215,-0.88016266,,,,,,,,,,,,,,,,,,1,0,1,Hawes/Compton 3-year moving-average social-capital index; contiguous 48 states,LA,-0.522491749369495,0.281177167449457,0.00281177167449457,-0.72799964616389
Louisiana,LA,2011,4577089,241235.9,52705.092691,0.4836,59.9,43210.22748265874,105.92605655309016,,,,,,,,,,,,,,,,,,,0,0,0,,LA,-0.517768850512415,0.285038791867871,0.00285038791867871,-0.718679485952666
Louisiana,LA,2012,4603590,242416.8,52658.208051,0.4859,59.7,43210.22748265874,106.53936042913745,,,,,,,,,,,,,,,,,,,0,0,0,,LA,-0.632780863210345,0.285017493962391,0.00285017493962391,-0.667655373266359
Louisiana,LA,2013,4628239,236482.3,51095.524669,0.4914,59.6,43210.22748265874,107.10980408185583,,,,,,,,,,,,,,,,,,,0,0,0,,LA,-0.62265037413105,0.281487062107457,0.00281487062107457,-0.573000619384723
Louisiana,LA,2014,4648813,243042.9,52280.635939,0.4902,60.3,43210.22748265874,107.58594135764909,,,,,,,,,,,,,,,,,,,0,0,0,,LA,-0.51425323332145,0.286890096680185,0.00286890096680185,-0.376011346324304
Louisiana,LA,2015,4670550,239584.1,51296.763764,0.4909,60.2,43210.22748265874,108.08899355770343,,,,,,,,,,,,,,,,,,,0,0,0,,LA,-0.5170152149382,0.281890483886127,0.00281890483886127,-0.376011346324304
Louisiana,LA,2016,4685576,235554.2,50272.197058,0.499,59.2,43210.22748265874,108.4367353048634,,,,,,,,,,,,,,,,,,,0,0,0,,LA,-0.531365945830793,0.285252390056361,0.00285252390056361,-0.0471919953527363
Louisiana,LA,2017,4678580,239830.7,51261.429750,0.4935,58.7,43210.22748265874,108.27482919125158,,0.25780475,0.21899219,0.45340704,0.50384227,0.97010959,0.72690595,0.8263981,0.6461491,0.3215135,0.1843754,0.5952672,0.0970793,0.0523127,0.0773329,0.1858504,0.0958368,,0,1,1,CPS CEV observed state rates; separate modern indicators; not spliced to Hawes index,LA,-0.398838853399036,0.285259915468308,0.00285259915468308,0.182118955220218
Louisiana,LA,2018,4670033,245220.3,52509.329163,0.4936,58.7,43210.22748265874,108.07702879773527,,,,,,,,,,,,,,,,,,,0,0,0,,LA,-0.497170106523106,0.284871014421432,0.00284871014421432,-0.123686856159448
Louisiana,LA,2019,4664544,246674.4,52882.854144,0.4978,58.6,43210.22748265874,107.94999868658384,,0.27778419,0.24092167,0.49955036,0.52502026,0.97208594,0.71696723,0.79991897,0.62679644,0.29149428,0.15531746,0.64611242,0.10332548,0.08078874,0.081548,0.19953995,0.08785965,,0,1,1,CPS CEV observed state rates; separate modern indicators; not spliced to Hawes index,LA,-0.484910460985581,0.282798286401085,0.00282798286401085,0.029187110889189
Louisiana,LA,2020,4652022,228951.3,49215.437932,,57.3,43210.22748265874,107.6602061830608,,,,,,,,,,,,,,,,,,,0,0,0,,LA,-0.505292694997775,0.285573347363845,0.00285573347363845,0.184733927973139
Louisiana,LA,2021,4627047,237839.2,51401.941670,0.4988,57.6,43210.22748265874,107.0822180201884,,0.2190358,0.19594653,0.4176888,0.53415553,0.95862123,0.70433125,0.79209678,0.63409895,0.32135967,0.14942434,0.59543199,0.09129617,0.06583593,0.05664447,0.20139504,0.12622781,0.30463685,0,1,1,CPS CEV observed state rates; separate modern indicators; not spliced to Hawes index,LA,-0.507627527554933,0.287002755261526,0.00287002755261526,0.184733927973139
Louisiana,LA,2022,4588023,236854.1,51624.436059,0.4915,58.1,43210.22748265874,106.17909849794889,,,,,,,,,,,,,,,,,,,0,0,0,,LA,-0.404153903555553,0.285204350736201,0.00285204350736201,0.398552497812297
Louisiana,LA,2023,4573749,248615.5,54357.049326,0.4967,58.3,43210.22748265874,105.84876003801533,,0.2354244,0.1809529,0.42808,0.5151769,0.9362135,0.6408689,0.7015591,0.5848886,0.2907194,0.1591138,0.5968817,0.083493,0.0770982,0.0571435,0.220996,0.1124524,0.3641158,0,1,1,CPS CEV observed state rates; separate modern indicators; not spliced to Hawes index,LA,-0.463793060575336,0.286960496187199,0.00286960496187199,0.169241547239342
Maine,ME,2000,1277072,52958.5,41468.687748,,68.2,30845.09486865407,41.40275805401422,0.62355804,,,,,,,,,,,,,,,,,,1,0,1,Hawes/Compton 3-year moving-average social-capital index; contiguous 48 states,ME,1.16295185909286,0.281923158140218,0.00281923158140218,1.27443158375699
Maine,ME,2001,1285692,54066.2,42052.217794,,67.2,30845.09486865407,41.68221901974333,0.85607743,,,,,,,,,,,,,,,,,,1,0,1,Hawes/Compton 3-year moving-average social-capital index; contiguous 48 states,ME,1.16275726353249,0.284013187431,0.00284013187431,1.27917072945457
Maine,ME,2002,1295960,55406.5,42753.248557,,66.8,30845.09486865407,42.015108253630395,0.6315155,,,,,,,,,,,,,,,,,,1,0,1,Hawes/Compton 3-year moving-average social-capital index; contiguous 48 states,ME,1.49624264506806,0.286349991070821,0.00286349991070821,1.48237573502566
Maine,ME,2003,1306513,56882.4,43537.569087,,66.7,30845.09486865407,42.35723720622195,0.5502542,,,,,,,,,,,,,,,,,,1,0,1,Hawes/Compton 3-year moving-average social-capital index; contiguous 48 states,ME,1.49442001640466,0.287473622710571,0.00287473622710571,1.48831661888472
Maine,ME,2004,1313688,58934.8,44862.098154,,66.2,30845.09486865407,42.58985117711596,0.9459431,,,,,,,,,,,,,,,,,,1,0,1,Hawes/Compton 3-year moving-average social-capital index; contiguous 48 states,ME,1.15729654133746,0.285415419704926,0.00285415419704926,1.30230617595295
Maine,ME,2005,1318787,59589.7,45185.234613,,66.6,30845.09486865407,42.755161091762446,1.3406622,,,,,,,,,,,,,,,,,,1,0,1,Hawes/Compton 3-year moving-average social-capital index; contiguous 48 states,ME,1.15741617686545,0.283629792909559,0.00283629792909559,1.31717557314656
Maine,ME,2006,1323619,59986.0,45319.687916,0.428,66.7,30845.09486865407,42.911814848885776,1.5452769,,,,,,,,,,,,,,,,,,1,0,1,Hawes/Compton 3-year moving-average social-capital index; contiguous 48 states,ME,1.28251136739714,0.288309455163279,0.00288309455163279,1.22658010871716
Maine,ME,2007,1327040,60032.6,45237.973234,0.44,66.2,30845.09486865407,43.02272389340541,1.6071684,,,,,,,,,,,,,,,,,,1,0,1,Hawes/Compton 3-year moving-average social-capital index; contiguous 48 states,ME,1.27911045789299,0.281811901807513,0.00281811901807513,1.24019882943463
Maine,ME,2008,1330509,59845.1,44979.101983,0.436,66.0,30845.09486865407,43.13518910107528,1.7921981,,,,,,,,,,,,,,,,,,1,0,1,Hawes/Compton 3-year moving-average social-capital index; contiguous 48 states,ME,1.46973631913366,0.285134596179859,0.00285134596179859,1.32389711553238
Maine,ME,2009,1329590,58771.8,44202.949782,0.432,65.4,30845.09486865407,43.10539506076147,2.2253163,,,,,,,,,,,,,,,,,,1,0,1,Hawes/Compton 3-year moving-average social-capital index; contiguous 48 states,ME,1.4740451155655,0.28370230933677,0.0028370230933677,1.31563648147808
Maine,ME,2010,1327967,59958.5,45150.594857,0.437,65.0,30845.09486865407,43.05277729424426,2.3042493,,,,,,,,,,,,,,,,,,1,0,1,Hawes/Compton 3-year moving-average social-capital index; contiguous 48 states,ME,1.52337346155834,0.284412710392622,0.00284412710392622,1.31228206827414
Maine,ME,2011,1330060,59429.7,44681.969234,0.4509,64.8,30845.09486865407,43.12063249160749,,,,,,,,,,,,,,,,,,,0,0,0,,ME,1.52016417534316,0.288867453099486,0.00288867453099486,1.22944907416496
Maine,ME,2012,1330954,59181.7,44465.623906,0.445,64.8,30845.09486865407,43.149616030280555,,,,,,,,,,,,,,,,,,,0,0,0,,ME,1.3228230412123,0.281838646430354,0.00281838646430354,1.22219712067589
Maine,ME,2013,1332673,59013.9,44282.355837,0.4532,64.9,30845.09486865407,43.205346123098224,,,,,,,,,,,,,,,,,,,0,0,0,,ME,1.29778969139677,0.287840733177008,0.00287840733177008,1.23254405814617
Maine,ME,2014,1336617,59589.8,44582.554314,0.4593,64.1,30845.09486865407,43.33321086194226,,,,,,,,,,,,,,,,,,,0,0,0,,ME,1.34937845691636,0.285986476091404,0.00285986476091404,1.49891740588975
Maine,ME,2015,1335768,60563.0,45339.460146,0.4523,63.0,30845.09486865407,43.30568622622254,,,,,,,,,,,,,,,,,,,0,0,0,,ME,1.34434997100503,0.283602259456343,0.00283602259456343,1.49891740588975
Maine,ME,2016,1340292,62037.1,46286.257025,0.4519,63.3,30845.09486865407,43.45235460313187,,,,,,,,,,,,,,,,,,,0,0,0,,ME,1.4332996086439,0.288574584175668,0.00288574584175668,1.54892042709717
Maine,ME,2017,1344956,63000.6,46842.127177,0.4526,63.5,30845.09486865407,43.60356178922939,,0.38689002,0.34233387,0.5563046,0.56774533,0.99292028,0.79336898,0.9431545,0.8385802,0.4127558,0.2456646,0.6300678,0.2220638,0.1280125,0.1911995,0.2717165,0.1931795,,0,1,1,CPS CEV observed state rates; separate modern indicators; not spliced to Hawes index,ME,1.30107480951902,0.287907335145101,0.00287907335145101,1.31960947652422
Maine,ME,2018,1350606,64806.3,47983.127574,0.4516,63.0,30845.09486865407,43.78673516003791,,,,,,,,,,,,,,,,,,,0,0,0,,ME,1.33182183029869,0.28712642522442,0.0028712642522442,1.37725876957571
Maine,ME,2019,1357523,66758.4,49176.625368,0.449,62.4,30845.09486865407,44.01098475399942,,0.35695628,0.32972695,0.54248543,0.62138578,0.98411877,0.75233417,0.86568196,0.76245429,0.34873133,0.24841195,0.60598503,0.16201278,0.09201213,0.18442511,0.24493433,0.18466622,,0,1,1,CPS CEV observed state rates; separate modern indicators; not spliced to Hawes index,ME,1.33959881566482,0.285600190304552,0.00285600190304552,1.60656972014866
Maine,ME,2020,1364517,67410.9,49402.755700,,59.6,30845.09486865407,44.23773069301443,,,,,,,,,,,,,,,,,,,0,0,0,,ME,0.967721852580749,0.288249733772476,0.00288249733772476,1.91420458294192
Maine,ME,2021,1378787,71142.4,51597.817502,0.4663,60.4,30845.09486865407,44.70036502955206,,0.34884062,0.38698686,0.53022464,0.65039238,0.9759434,0.76430847,0.89390777,0.78831917,0.3846516,0.2122764,0.61467448,0.17361045,0.10409593,0.19066729,0.23279294,0.25142793,0.39797294,0,1,1,CPS CEV observed state rates; separate modern indicators; not spliced to Hawes index,ME,0.964356186196894,0.28216216478186,0.0028216216478186,1.91420458294192
Maine,ME,2022,1389338,73036.2,52569.065267,0.4601,59.3,30845.09486865407,45.04242914201236,,,,,,,,,,,,,,,,,,,0,0,0,,ME,1.20495059525463,0.285399175798911,0.00285399175798911,2.40643898801865
Maine,ME,2023,1395722,75195.4,53875.628528,0.4509,59.5,30845.09486865407,45.24939884099318,,0.3489662,0.3115403,0.5068201,0.6202756,0.9775603,0.7303666,0.8621936,0.7013593,0.3331522,0.1745242,0.5578518,0.1333032,0.0480925,0.1735775,0.278691,0.2675441,0.4502601,0,1,1,CPS CEV observed state rates; separate modern indicators; not spliced to Hawes index,ME,1.21559990109513,0.283002482294282,0.00283002482294282,2.46376672566189
Maryland,MD,2000,5311034,269301.2,50705.983053,,70.2,9711.201246301101,546.8977385287859,0.23695242,,,,,,,,,,,,,,,,,,1,0,1,Hawes/Compton 3-year moving-average social-capital index; contiguous 48 states,MD,0.384222973879262,0.286663780236327,0.00286663780236327,0.304047466561032
Maryland,MD,2001,5374691,281053.6,52292.048045,,70.1,9711.201246301101,553.4527463373458,-0.038138207,,,,,,,,,,,,,,,,,,1,0,1,Hawes/Compton 3-year moving-average social-capital index; contiguous 48 states,MD,0.385318064971819,0.281975851391961,0.00281975851391961,0.311376124243925
Maryland,MD,2002,5440389,290400.3,53378.591126,,69.7,9711.201246301101,560.2179238198971,-0.09445297,,,,,,,,,,,,,,,,,,1,0,1,Hawes/Compton 3-year moving-average social-capital index; contiguous 48 states,MD,0.284504257073882,0.284771846081338,0.00284771846081338,0.254794947884433
Maryland,MD,2003,5496269,297690.6,54162.305375,,69.0,9711.201246301101,565.9721038211903,0.017455213,,,,,,,,,,,,,,,,,,1,0,1,Hawes/Compton 3-year moving-average social-capital index; contiguous 48 states,MD,0.287844315029707,0.283222779089996,0.00283222779089996,0.253590788683821
Maryland,MD,2004,5546935,311504.8,56158.004375,,68.3,9711.201246301101,571.1893780507094,0.1912562,,,,,,,,,,,,,,,,,,1,0,1,Hawes/Compton 3-year moving-average social-capital index; contiguous 48 states,MD,0.0112441731330065,0.284296874395274,0.00284296874395274,0.0378298617120504
Maryland,MD,2005,5592379,325644.5,58230.048428,,68.7,9711.201246301101,575.8689227174733,0.37171474,,,,,,,,,,,,,,,,,,1,0,1,Hawes/Compton 3-year moving-average social-capital index; contiguous 48 states,MD,0.00588985087005871,0.28368861591289,0.0028368861591289,0.0252555624941
Maryland,MD,2006,5627367,329874.0,58619.599539,0.433,69.3,9711.201246301101,579.4717725722559,0.22385907,,,,,,,,,,,,,,,,,,1,0,1,Hawes/Compton 3-year moving-average social-capital index; contiguous 48 states,MD,0.082221963647901,0.284076377575309,0.00284076377575309,0.0184055921079061
Maryland,MD,2007,5653408,331763.5,58683.806299,0.442,69.0,9711.201246301101,582.1533151888214,0.25022498,,,,,,,,,,,,,,,,,,1,0,1,Hawes/Compton 3-year moving-average social-capital index; contiguous 48 states,MD,0.116402091873027,0.288479447610053,0.00288479447610053,0.153056389187599
Maryland,MD,2008,5684965,338165.4,59484.165690,0.438,69.4,9711.201246301101,585.4028616866884,0.24013533,,,,,,,,,,,,,,,,,,1,0,1,Hawes/Compton 3-year moving-average social-capital index; contiguous 48 states,MD,0.102273361518003,0.282284557585472,0.00282284557585472,0.173757730121134
Maryland,MD,2009,5730388,336285.8,58684.647532,0.448,69.1,9711.201246301101,590.0802439021277,0.4278672,,,,,,,,,,,,,,,,,,1,0,1,Hawes/Compton 3-year moving-average social-capital index; contiguous 48 states,MD,0.100430469594535,0.28639591388709,0.0028639591388709,0.180802196360564
Maryland,MD,2010,5791715,352622.9,60884.021400,0.443,68.5,9711.201246301101,596.3953225875126,0.43769956,,,,,,,,,,,,,,,,,,1,0,1,Hawes/Compton 3-year moving-average social-capital index; contiguous 48 states,MD,0.518332480479286,0.286726001606712,0.00286726001606712,0.569045904369442
Maryland,MD,2011,5854930,360155.9,61513.271721,0.4466,67.9,9711.201246301101,602.9048159443801,,,,,,,,,,,,,,,,,,,0,0,0,,MD,0.513066268340454,0.283120563185947,0.00283120563185947,0.560451173402461
Maryland,MD,2012,5914854,361561.8,61127.764100,0.4473,67.8,9711.201246301101,609.0754222864971,,,,,,,,,,,,,,,,,,,0,0,0,,MD,0.225250004609561,0.282347504342966,0.00282347504342966,0.681195094334158
Maryland,MD,2013,5963434,364633.2,61144.837018,0.4555,67.4,9711.201246301101,614.0778930177573,,,,,,,,,,,,,,,,,,,0,0,0,,MD,0.259895359596622,0.282429766256531,0.00282429766256531,0.912773223920813
Maryland,MD,2014,6010059,370343.9,61620.676270,0.4491,66.9,9711.201246301101,618.8790498280705,,,,,,,,,,,,,,,,,,,0,0,0,,MD,0.223825188729879,0.290593230023099,0.00290593230023099,0.955534092626256
Maryland,MD,2015,6050280,378745.9,62599.730922,0.4524,66.8,9711.201246301101,623.0207619582068,,,,,,,,,,,,,,,,,,,0,0,0,,MD,0.223533203313083,0.284073797671413,0.00284073797671413,0.955534092626256
Maryland,MD,2016,6080556,391950.9,64459.713881,0.4499,66.9,9711.201246301101,626.138398925264,,,,,,,,,,,,,,,,,,,0,0,0,,MD,0.12582029100724,0.279182698257947,0.00279182698257947,1.07575086780617
Maryland,MD,2017,6113486,399714.5,65382.418476,0.453,67.7,9711.201246301101,629.5293285502208,,0.36292874,0.32814127,0.58321813,0.52023232,0.96854261,0.75386306,0.8869296,0.7986631,0.3589434,0.2560599,0.6001404,0.1425481,0.12156,0.1227329,0.2452266,0.2093233,,0,1,1,CPS CEV observed state rates; separate modern indicators; not spliced to Hawes index,MD,0.121239729370515,0.285895734891533,0.00285895734891533,1.07575086780617
Maryland,MD,2018,6139211,402480.9,65559.059625,0.4543,67.8,9711.201246301101,632.1783314230424,,,,,,,,,,,,,,,,,,,0,0,0,,MD,-0.444974581619481,0.282492056793777,0.00282492056793777,0.838485269537757
Maryland,MD,2019,6163769,402506.2,65301.960537,0.4558,68.8,9711.201246301101,634.7071637865313,,0.34009924,0.31575205,0.59318532,0.56696801,0.97900681,0.75445201,0.87845992,0.79307426,0.34715609,0.19302727,0.61194644,0.11348295,0.07249035,0.14057282,0.28672013,0.1943536,,0,1,1,CPS CEV observed state rates; separate modern indicators; not spliced to Hawes index,MD,-0.315823760859041,0.284261168090829,0.00284261168090829,1.4499811377323
Maryland,MD,2020,6173689,388782.8,62974.147224,,66.6,9711.201246301101,635.7286646027952,,,,,,,,,,,,,,,,,,,0,0,0,,MD,-0.389158755786935,0.284140377200149,0.00284140377200149,1.70831999576724
Maryland,MD,2021,6175045,406953.1,65902.855769,0.4631,64.9,9711.201246301101,635.8682971740507,,0.23654208,0.25228275,0.47359515,0.4933578,0.93757815,0.69692118,0.81918779,0.74828229,0.33132651,0.21775243,0.53360113,0.11266653,0.10961716,0.07481676,0.19297783,0.21244761,0.47433025,0,1,1,CPS CEV observed state rates; separate modern indicators; not spliced to Hawes index,MD,-0.390549446059672,0.28050771561171,0.0028050771561171,1.70831999576724
Maryland,MD,2022,6163981,416406.2,67554.750737,0.4589,64.7,9711.201246301101,634.728994247524,,,,,,,,,,,,,,,,,,,0,0,0,,MD,-0.268954604793783,0.286571865060848,0.00286571865060848,1.83924075257387
Maryland,MD,2023,6180253,422866.3,68422.166536,0.4561,64.8,9711.201246301101,636.4045851025892,,0.3283893,0.3095643,0.568483,0.5556601,0.982857,0.7445281,0.8431816,0.7307475,0.3422718,0.1989562,0.5977637,0.0786609,0.0958266,0.1048329,0.2777651,0.1741371,0.493873,0,1,1,CPS CEV observed state rates; separate modern indicators; not spliced to Hawes index,MD,-0.266679243819904,0.286071826692684,0.00286071826692684,1.83924075257387
Massachusetts,MA,2000,6361104,382599.6,60146.729247,,67.7,7800.961254366097,815.4256626309704,1.3070201,,,,,,,,,,,,,,,,,,1,0,1,Hawes/Compton 3-year moving-average social-capital index; contiguous 48 states,MA,0.00348433216063723,0.284883685601912,0.00284883685601912,-0.391402157765249
Massachusetts,MA,2001,6397634,388180.8,60675.681041,,68.1,7800.961254366097,820.108418872011,1.3255246,,,,,,,,,,,,,,,,,,1,0,1,Hawes/Compton 3-year moving-average social-capital index; contiguous 48 states,MA,0.00602464649384551,0.28322044767795,0.0028322044767795,-0.386717269087079
Massachusetts,MA,2002,6417206,388451.6,60532.823787,,68.7,7800.961254366097,822.617340447419,1.2117466,,,,,,,,,,,,,,,,,,1,0,1,Hawes/Compton 3-year moving-average social-capital index; contiguous 48 states,MA,-0.0183866417425307,0.284532024892869,0.00284532024892869,-0.419438523805214
Massachusetts,MA,2003,6422565,397069.9,61824.193293,,68.0,7800.961254366097,823.3043070692569,0.9659399,,,,,,,,,,,,,,,,,,1,0,1,Hawes/Compton 3-year moving-average social-capital index; contiguous 48 states,MA,0.000421047373859574,0.281280941802854,0.00281280941802854,-0.29289662846469
Massachusetts,MA,2004,6412281,407886.0,63610.125632,,67.4,7800.961254366097,821.9860079949929,0.47937775,,,,,,,,,,,,,,,,,,1,0,1,Hawes/Compton 3-year moving-average social-capital index; contiguous 48 states,MA,0.171152242734186,0.28752879994823,0.0028752879994823,-0.205797502643567
Massachusetts,MA,2005,6403290,417075.6,65134.579255,,66.8,7800.961254366097,820.8334577249902,0.37645856,,,,,,,,,,,,,,,,,,1,0,1,Hawes/Compton 3-year moving-average social-capital index; contiguous 48 states,MA,0.163636839532038,0.28565395094576,0.0028565395094576,-0.196232381735887
Massachusetts,MA,2006,6410084,426926.1,66602.262934,0.461,67.0,7800.961254366097,821.7043760360121,0.17153542,,,,,,,,,,,,,,,,,,1,0,1,Hawes/Compton 3-year moving-average social-capital index; contiguous 48 states,MA,0.431023255121589,0.287164909320911,0.00287164909320911,-0.152379781176679
Massachusetts,MA,2007,6431559,440373.8,68470.770462,0.467,66.9,7800.961254366097,824.4572419072508,0.31130633,,,,,,,,,,,,,,,,,,1,0,1,Hawes/Compton 3-year moving-average social-capital index; contiguous 48 states,MA,0.445035639114297,0.284728780975926,0.00284728780975926,-0.116861308283669
Massachusetts,MA,2008,6468967,447526.8,69180.566233,0.471,66.9,7800.961254366097,829.2525483804195,0.50270575,,,,,,,,,,,,,,,,,,1,0,1,Hawes/Compton 3-year moving-average social-capital index; contiguous 48 states,MA,0.15960497732911,0.285000026540333,0.00285000026540333,-0.341809844915435
Massachusetts,MA,2009,6517613,441307.6,67710.003647,0.468,66.4,7800.961254366097,835.4884465490937,0.64904994,,,,,,,,,,,,,,,,,,1,0,1,Hawes/Compton 3-year moving-average social-capital index; contiguous 48 states,MA,0.165391791273144,0.284420561233327,0.00284420561233327,-0.354082013607169
Massachusetts,MA,2010,6569724,462330.8,70372.941086,0.475,66.2,7800.961254366097,842.168520747749,0.7083583,,,,,,,,,,,,,,,,,,1,0,1,Hawes/Compton 3-year moving-average social-capital index; contiguous 48 states,MA,0.315272643986477,0.283955909230368,0.00283955909230368,-0.298052721731012
Massachusetts,MA,2011,6630673,472664.3,71284.513653,0.4771,65.7,7800.961254366097,849.9815322488492,,,,,,,,,,,,,,,,,,,0,0,0,,MA,0.308470284501236,0.285550905868679,0.00285550905868679,-0.305488564974117
Massachusetts,MA,2012,6693932,483286.3,72197.670965,0.4813,65.4,7800.961254366097,858.0906611032702,,,,,,,,,,,,,,,,,,,0,0,0,,MA,0.335789513502446,0.28226206120508,0.0028226206120508,0.219154859536342
Massachusetts,MA,2013,6757991,486991.8,72061.623047,0.4837,64.9,7800.961254366097,866.3023414220446,,,,,,,,,,,,,,,,,,,0,0,0,,MA,0.318851656500056,0.280991338188822,0.00280991338188822,0.277657903691044
Massachusetts,MA,2014,6820869,496250.9,72754.791215,0.4863,65.3,7800.961254366097,874.3626301415673,,,,,,,,,,,,,,,,,,,0,0,0,,MA,-0.0594588397217958,0.284706021362661,0.00284706021362661,0.216773896075235
Massachusetts,MA,2015,6866661,514398.7,74912.493860,0.4848,65.2,7800.961254366097,880.2326759611605,,,,,,,,,,,,,,,,,,,0,0,0,,MA,-0.058311885827792,0.283032397815223,0.00283032397815223,0.216773896075235
Massachusetts,MA,2016,6909664,521662.8,75497.563992,0.4786,65.2,7800.961254366097,885.7452017381513,,,,,,,,,,,,,,,,,,,0,0,0,,MA,0.113643762220636,0.285249947711587,0.00285249947711587,0.862240085890435
Massachusetts,MA,2017,6959114,530129.4,76177.714577,0.4851,66.0,7800.961254366097,892.0841641285007,,0.32564013,0.30474481,0.58029375,0.549903,0.98194503,0.80594141,0.9307097,0.7544061,0.3347727,0.1841889,0.5216451,0.1475448,0.1289343,0.1562453,0.223462,0.1662466,,0,1,1,CPS CEV observed state rates; separate modern indicators; not spliced to Hawes index,MA,0.110171948442642,0.286201867771156,0.00286201867771156,0.862240085890435
Massachusetts,MA,2018,6994446,549262.1,78528.320899,0.4875,67.2,7800.961254366097,896.6133495516722,,,,,,,,,,,,,,,,,,,0,0,0,,MA,0.419937058669399,0.280586209043998,0.00280586209043998,1.02509101730034
Massachusetts,MA,2019,7016781,566326.8,80710.342820,0.4803,67.2,7800.961254366097,899.4764582470908,,0.30675772,0.27856888,0.52574627,0.56046372,0.98202426,0.73056641,0.86519776,0.67108041,0.29832548,0.17234708,0.53930337,0.10544256,0.09440868,0.12448769,0.22623615,0.170836,,0,1,1,CPS CEV observed state rates; separate modern indicators; not spliced to Hawes index,MA,0.436831041215542,0.283170559156407,0.00283170559156407,1.25440196787329
Massachusetts,MA,2020,6997713,559765.0,79992.563285,,65.3,7800.961254366097,897.0321440942257,,,,,,,,,,,,,,,,,,,0,0,0,,MA,0.586998943550603,0.2861168805832,0.002861168805832,2.03499461436942
Massachusetts,MA,2021,6991951,595911.8,85228.257463,0.4893,65.1,7800.961254366097,896.2935171722197,,0.23081155,0.25200082,0.53913543,0.52645446,0.96996652,0.69246152,0.87754858,0.7310059,0.33907628,0.19938953,0.52554022,0.11853311,0.14906835,0.10898658,0.19610451,0.2296398,0.35136889,0,1,1,CPS CEV observed state rates; separate modern indicators; not spliced to Hawes index,MA,0.53441131311564,0.286753938110791,0.00286753938110791,1.80568366379646
Massachusetts,MA,2022,6982740,608052.9,87079.412953,0.4976,65.3,7800.961254366097,895.1127652495198,,,,,,,,,,,,,,,,,,,0,0,0,,MA,0.451076246084421,0.282807150660287,0.00282807150660287,1.676291706089
Massachusetts,MA,2023,7001399,615504.5,87911.644516,0.4879,65.5,7800.961254366097,897.5046499662343,,0.3313904,0.3092543,0.5487855,0.5696181,0.9845978,0.7462595,0.9228348,0.7441134,0.322046,0.1800508,0.5239631,0.1117414,0.0921113,0.1404696,0.2189511,0.1890052,0.4346324,0,1,1,CPS CEV observed state rates; separate modern indicators; not spliced to Hawes index,MA,0.449272639606618,0.281051137308147,0.00281051137308147,1.676291706089
Michigan,MI,2000,9952450,467654.4,46988.872087,,68.6,56608.2151836518,175.812820943244,0.09639942,,,,,,,,,,,,,,,,,,1,0,1,Hawes/Compton 3-year moving-average social-capital index; contiguous 48 states,MI,-0.847344639150486,0.285069265434185,0.00285069265434185,-0.799559027514361
Michigan,MI,2001,9991120,453301.5,45370.438950,,67.8,56608.2151836518,176.49593734029952,-0.022761771,,,,,,,,,,,,,,,,,,1,0,1,Hawes/Compton 3-year moving-average social-capital index; contiguous 48 states,MI,-0.853100035321388,0.284395800194525,0.00284395800194525,-0.804452665911503
Michigan,MI,2002,10015710,465788.4,46505.779421,,66.0,56608.2151836518,176.93032658787115,-0.07840959,,,,,,,,,,,,,,,,,,1,0,1,Hawes/Compton 3-year moving-average social-capital index; contiguous 48 states,MI,-1.26018028117576,0.287003577930102,0.00287003577930102,-1.08391577898715
Michigan,MI,2003,10041152,477085.4,47513.014443,,65.6,56608.2151836518,177.37976665443145,-0.056865655,,,,,,,,,,,,,,,,,,1,0,1,Hawes/Compton 3-year moving-average social-capital index; contiguous 48 states,MI,-1.259337284687,0.2843957982805,0.002843957982805,-1.08749046009542
Michigan,MI,2004,10055315,485082.7,48241.422571,,65.6,56608.2151836518,177.62996002219708,-0.071465686,,,,,,,,,,,,,,,,,,1,0,1,Hawes/Compton 3-year moving-average social-capital index; contiguous 48 states,MI,-1.16583261390223,0.28038613746574,0.0028038613746574,-1.0466943958884
Michigan,MI,2005,10051137,493796.3,49128.402090,,65.5,56608.2151836518,177.55615448025506,0.2235123,,,,,,,,,,,,,,,,,,1,0,1,Hawes/Compton 3-year moving-average social-capital index; contiguous 48 states,MI,-1.17108468038999,0.280843474514983,0.00280843474514983,-1.04776133043057
Michigan,MI,2006,10036081,483763.6,48202.440773,0.444,65.1,56608.2151836518,177.29018601700014,0.073105365,,,,,,,,,,,,,,,,,,1,0,1,Hawes/Compton 3-year moving-average social-capital index; contiguous 48 states,MI,-1.09285004676093,0.285219680732141,0.00285219680732141,-1.15973501594508
Michigan,MI,2007,10001284,482935.1,48287.309909,0.448,64.3,56608.2151836518,176.67548725133318,0.13503958,,,,,,,,,,,,,,,,,,1,0,1,Hawes/Compton 3-year moving-average social-capital index; contiguous 48 states,MI,-1.10282527179094,0.285113910591409,0.00285113910591409,-1.17235338148171
Michigan,MI,2008,9946889,455256.7,45768.752421,0.451,63.3,56608.2151836518,175.71458431836615,-0.05734316,,,,,,,,,,,,,,,,,,1,0,1,Hawes/Compton 3-year moving-average social-capital index; contiguous 48 states,MI,-0.343286653980606,0.285955338686035,0.00285955338686035,-0.761959197559623
Michigan,MI,2009,9901591,416297.1,42043.455441,0.453,62.9,56608.2151836518,174.91438244213597,0.044844825,,,,,,,,,,,,,,,,,,1,0,1,Hawes/Compton 3-year moving-average social-capital index; contiguous 48 states,MI,-0.325873142187,0.284444768456626,0.00284444768456626,-0.692315313596209
Michigan,MI,2010,9880111,441271.5,44662.605511,0.451,61.7,56608.2151836518,174.53493221692904,-0.0074615725,,,,,,,,,,,,,,,,,,1,0,1,Hawes/Compton 3-year moving-average social-capital index; contiguous 48 states,MI,-1.06956250246581,0.281111341689749,0.00281111341689749,-0.969589942864596
Michigan,MI,2011,9895652,453989.1,45877.633935,0.4612,60.2,56608.2151836518,174.80946834122796,,,,,,,,,,,,,,,,,,,0,0,0,,MI,-1.06492947592061,0.283228484647173,0.00283228484647173,-0.959492959257083
Michigan,MI,2012,9921001,463302.6,46699.178843,0.4624,60.1,56608.2151836518,175.25726553670148,,,,,,,,,,,,,,,,,,,0,0,0,,MI,-1.87879169019736,0.283733027263309,0.00283733027263309,-1.35260422375924
Michigan,MI,2013,9947598,472779.9,47527.041201,0.4641,60.5,56608.2151836518,175.72710900224286,,,,,,,,,,,,,,,,,,,0,0,0,,MI,-1.90017040630904,0.283899040340098,0.00283899040340098,-1.28090084513577
Michigan,MI,2014,9974914,479534.9,48074.088659,0.4598,60.5,56608.2151836518,176.209653804466,,,,,,,,,,,,,,,,,,,0,0,0,,MI,-1.95986898096537,0.286543103035075,0.00286543103035075,-1.43680649490059
Michigan,MI,2015,9987448,490618.7,49123.529855,0.4667,60.4,56608.2151836518,176.43107043029207,,,,,,,,,,,,,,,,,,,0,0,0,,MI,-1.95737098177336,0.286129248681644,0.00286129248681644,-1.43680649490059
Michigan,MI,2016,10017194,500159.5,49930.100186,0.4695,61.3,56608.2151836518,176.9565418641378,,,,,,,,,,,,,,,,,,,0,0,0,,MI,-1.8444437600422,0.285368650286993,0.00285368650286993,-1.23930328468237
Michigan,MI,2017,10049914,505101.5,50259.285801,0.4671,61.4,56608.2151836518,177.53454984219977,,0.29403323,0.28733228,0.49334452,0.57683498,0.97972592,0.77402259,0.8665277,0.7073191,0.3034547,0.1875044,0.5248193,0.1196616,0.0631918,0.1048763,0.1957774,0.1445513,,0,1,1,CPS CEV observed state rates; separate modern indicators; not spliced to Hawes index,MI,-1.71276459352952,0.28435358310244,0.0028435358310244,-1.00999233410941
Michigan,MI,2018,10070532,516843.0,51322.313459,0.4679,61.6,56608.2151836518,177.89877259561302,,,,,,,,,,,,,,,,,,,0,0,0,,MI,-1.19225960963198,0.28774436216304,0.0028774436216304,-0.891318562367081
Michigan,MI,2019,10078126,521085.1,51704.562932,0.4634,61.9,56608.2151836518,178.0329227357537,,0.30169724,0.30971456,0.4690141,0.5582353,0.9681286,0.70684705,0.79953825,0.66208862,0.29131505,0.17297706,0.56639117,0.09988635,0.06981344,0.11656146,0.20204934,0.139089,,0,1,1,CPS CEV observed state rates; separate modern indicators; not spliced to Hawes index,MI,-0.947087724380396,0.283678171131264,0.00283678171131264,0.102362223449055
Michigan,MI,2020,10070627,501893.8,49837.393441,,60.4,56608.2151836518,177.90045079726082,,,,,,,,,,,,,,,,,,,0,0,0,,MI,-0.730959889887785,0.285886070983532,0.00285886070983532,1.23277261659141
Michigan,MI,2021,10038117,530380.9,52836.692380,0.4659,59.2,56608.2151836518,177.3261525281045,,0.24398659,0.27362416,0.51631686,0.56074394,0.97619237,0.71484068,0.86696887,0.71154928,0.30091471,0.19385053,0.56170033,0.10482525,0.08916545,0.09588632,0.19237831,0.17702856,0.41940707,0,1,1,CPS CEV observed state rates; separate modern indicators; not spliced to Hawes index,MI,-0.792475529511631,0.285159118967619,0.00285159118967619,1.00346166601845
Michigan,MI,2022,10033281,543720.9,54191.734488,0.4685,60.2,56608.2151836518,177.2407232315914,,,,,,,,,,,,,,,,,,,0,0,0,,MI,0.497879821070749,0.283693717118913,0.00283693717118913,1.95381719434735
Michigan,MI,2023,10037261,554256.2,55219.865260,0.4658,61.6,56608.2151836518,177.31103104799382,,0.2642445,0.2355046,0.4960683,0.5740782,0.9759385,0.7212675,0.8293612,0.6875547,0.26898,0.1595216,0.5740484,0.093485,0.0508751,0.0881404,0.1861855,0.2114596,0.4198919,0,1,1,CPS CEV observed state rates; separate modern indicators; not spliced to Hawes index,MI,0.531167469992479,0.288854906587928,0.00288854906587928,2.1831281449203
Minnesota,MN,2000,4933692,263345.6,53376.984214,,75.1,79626.68119864281,61.96028674976463,1.1837246,,,,,,,,,,,,,,,,,,1,0,1,Hawes/Compton 3-year moving-average social-capital index; contiguous 48 states,MN,0.621580403998728,0.286663192295601,0.00286663192295601,0.472635470470811
Minnesota,MN,2001,4982796,263518.7,52885.709148,,75.4,79626.68119864281,62.576964467092836,1.0799118,,,,,,,,,,,,,,,,,,1,0,1,Hawes/Compton 3-year moving-average social-capital index; contiguous 48 states,MN,0.645101381271167,0.286331376616327,0.00286331376616327,0.619423951022136
Minnesota,MN,2002,5018935,268982.8,53593.601033,,75.1,79626.68119864281,63.03081987656098,0.89561284,,,,,,,,,,,,,,,,,,1,0,1,Hawes/Compton 3-year moving-average social-capital index; contiguous 48 states,MN,0.286919488594359,0.284244863064691,0.00284244863064691,0.456408150995509
Minnesota,MN,2003,5053572,280796.9,55564.044601,,74.9,79626.68119864281,63.465812262010175,0.8906128,,,,,,,,,,,,,,,,,,1,0,1,Hawes/Compton 3-year moving-average social-capital index; contiguous 48 states,MN,0.288493432627423,0.284511660093194,0.00284511660093194,0.49604792037822
Minnesota,MN,2004,5087713,293753.9,57737.906993,,74.4,79626.68119864281,63.89457557960757,0.7140907,,,,,,,,,,,,,,,,,,1,0,1,Hawes/Compton 3-year moving-average social-capital index; contiguous 48 states,MN,0.394245944049314,0.281049102937262,0.00281049102937262,0.603389249168941
Minnesota,MN,2005,5119598,301761.2,58942.362271,,73.3,79626.68119864281,64.2950066853629,1.0667335,,,,,,,,,,,,,,,,,,1,0,1,Hawes/Compton 3-year moving-average social-capital index; contiguous 48 states,MN,0.397921427225571,0.283235413251664,0.00283235413251664,0.624892066515642
Minnesota,MN,2006,5163555,302272.7,58539.649524,0.43,72.7,79626.68119864281,64.84704526512415,1.431789,,,,,,,,,,,,,,,,,,1,0,1,Hawes/Compton 3-year moving-average social-capital index; contiguous 48 states,MN,0.418517677533441,0.287725824800469,0.00287725824800469,0.583851931483001
Minnesota,MN,2007,5207203,304208.0,58420.614675,0.436,72.2,79626.68119864281,65.39520323608255,1.1932732,,,,,,,,,,,,,,,,,,1,0,1,Hawes/Compton 3-year moving-average social-capital index; contiguous 48 states,MN,0.42537138192479,0.286692348874162,0.00286692348874162,0.615081688529877
Minnesota,MN,2008,5247018,309290.4,58945.938436,0.445,72.0,79626.68119864281,65.89522407583945,0.9356183,,,,,,,,,,,,,,,,,,1,0,1,Hawes/Compton 3-year moving-average social-capital index; contiguous 48 states,MN,0.523910667739905,0.285328344963521,0.00285328344963521,0.536182303048821
Minnesota,MN,2009,5281203,296875.2,56213.555889,0.439,71.7,79626.68119864281,66.3245399720366,1.0656945,,,,,,,,,,,,,,,,,,1,0,1,Hawes/Compton 3-year moving-average social-capital index; contiguous 48 states,MN,0.527760159262486,0.285061588880327,0.00285061588880327,0.577720214423166
Minnesota,MN,2010,5312197,308091.9,57997.077292,0.44,71.5,79626.68119864281,66.71378136114687,1.0211697,,,,,,,,,,,,,,,,,,1,0,1,Hawes/Compton 3-year moving-average social-capital index; contiguous 48 states,MN,0.399074711975344,0.284028060800854,0.00284028060800854,0.694452313709621
Minnesota,MN,2011,5352946,315213.3,58885.948037,0.4436,71.2,79626.68119864281,67.22553193754405,,,,,,,,,,,,,,,,,,,0,0,0,,MN,0.411418936109065,0.287316178787777,0.00287316178787777,0.751608114687036
Minnesota,MN,2012,5388902,321053.9,59576.867421,0.4441,70.5,79626.68119864281,67.67708912238139,,,,,,,,,,,,,,,,,,,0,0,0,,MN,0.273106691601616,0.283475945019923,0.00283475945019923,0.745739422011985
Minnesota,MN,2013,5431187,329774.5,60718.678992,0.4462,70.2,79626.68119864281,68.20812971535189,,,,,,,,,,,,,,,,,,,0,0,0,,MN,0.262024640452096,0.282883818783683,0.00282883818783683,0.81635743793931
Minnesota,MN,2014,5474193,338623.9,61858.231889,0.4539,70.1,79626.68119864281,68.74822506219567,,,,,,,,,,,,,,,,,,,0,0,0,,MN,0.157406838729522,0.279112465422184,0.00279112465422184,0.90577016446618
Minnesota,MN,2015,5510593,345456.2,62689.478247,0.4492,70.2,79626.68119864281,69.20535826744874,,,,,,,,,,,,,,,,,,,0,0,0,,MN,0.152984628998524,0.2840913976214,0.002840913976214,0.90577016446618
Minnesota,MN,2016,5557028,350603.6,63091.926116,0.4496,70.0,79626.68119864281,69.7885170692599,,,,,,,,,,,,,,,,,,,0,0,0,,MN,0.405033039214047,0.286391458743868,0.00286391458743868,1.0560871851989
Minnesota,MN,2017,5606013,354721.9,63275.254624,0.4516,70.1,79626.68119864281,70.40370031264786,,0.45116657,0.35870583,0.64703899,0.61318157,0.98359423,0.83732983,0.9161698,0.7891133,0.4077391,0.2224391,0.6666013,0.1874927,0.1115024,0.1286713,0.2408918,0.2090047,,0,1,1,CPS CEV observed state rates; separate modern indicators; not spliced to Hawes index,MN,0.269665744702384,0.28731559339216,0.0028731559339216,0.826776234625943
Minnesota,MN,2018,5650556,364799.7,64559.965426,0.4536,69.6,79626.68119864281,70.96309823466949,,,,,,,,,,,,,,,,,,,0,0,0,,MN,0.663092222876313,0.288306278235663,0.00288306278235663,1.15773060367586
Minnesota,MN,2019,5686910,369617.4,64994.417003,0.4434,69.8,79626.68119864281,71.41965374411373,,0.40093765,0.34069039,0.60169262,0.62291241,0.98992917,0.82611821,0.89393636,0.78792228,0.39730627,0.17947346,0.59414377,0.1453525,0.09257858,0.13488137,0.29692852,0.18674277,,0,1,1,CPS CEV observed state rates; separate modern indicators; not spliced to Hawes index,MN,0.517668048175751,0.281161523388622,0.00281161523388622,1.15773060367586
Minnesota,MN,2020,5710578,357475.6,62598.847262,,69.7,79626.68119864281,71.71689079636454,,,,,,,,,,,,,,,,,,,0,0,0,,MN,0.946943348464615,0.284579664574822,0.00284579664574822,2.08150259923403
Minnesota,MN,2021,5717968,377947.0,66098.131364,0.4493,67.7,79626.68119864281,71.80969888391455,,0.35489254,0.3353425,0.61775596,0.61916506,0.98819817,0.78757049,0.91851136,0.78395932,0.4049223,0.2375031,0.65164729,0.11655054,0.1292496,0.09736518,0.26058904,0.22474372,0.40154312,0,1,1,CPS CEV observed state rates; separate modern indicators; not spliced to Hawes index,MN,0.893456057890899,0.28717109301825,0.0028717109301825,1.85219164866107
Minnesota,MN,2022,5714300,384727.7,67327.179182,0.456,67.9,79626.68119864281,71.76363392246212,,,,,,,,,,,,,,,,,,,0,0,0,,MN,0.988387436204067,0.283239021085549,0.00283239021085549,2.02747397733387
Minnesota,MN,2023,5737915,390907.9,68127.168144,0.4541,68.2,79626.68119864281,72.06020536867233,,0.4029917,0.3508036,0.5716034,0.6339486,0.9856388,0.7745323,0.885796,0.7010559,0.3513875,0.1806093,0.668636,0.1456697,0.0797631,0.1131333,0.3011619,0.2750256,0.4641532,0,1,1,CPS CEV observed state rates; separate modern indicators; not spliced to Hawes index,MN,1.16766659711051,0.283961022589375,0.00283961022589375,2.83006230433921
Mississippi,MS,2000,2848353,93957.0,32986.431106,,62.4,46923.95587454397,60.70146787315556,-1.0465691,,,,,,,,,,,,,,,,,,1,0,1,Hawes/Compton 3-year moving-average social-capital index; contiguous 48 states,MS,-0.0447513981658486,0.281821178844706,0.00281821178844706,-1.39772999283297
Mississippi,MS,2001,2852994,93515.5,32778.021966,,61.4,46923.95587454397,60.80037257787415,-1.1392922,,,,,,,,,,,,,,,,,,1,0,1,Hawes/Compton 3-year moving-average social-capital index; contiguous 48 states,MS,-0.0287926939099172,0.289580507138589,0.00289580507138589,-1.29840945932866
Mississippi,MS,2002,2858681,94561.5,33078.717073,,61.0,46923.95587454397,60.92156866831471,-0.7375152,,,,,,,,,,,,,,,,,,1,0,1,Hawes/Compton 3-year moving-average social-capital index; contiguous 48 states,MS,-0.286332138936247,0.282631638402927,0.00282631638402927,-1.63540833327618
Mississippi,MS,2003,2868312,98762.1,34432.132906,,61.5,46923.95587454397,61.126815643351286,-0.9542964,,,,,,,,,,,,,,,,,,1,0,1,Hawes/Compton 3-year moving-average social-capital index; contiguous 48 states,MS,-0.26877419265934,0.284482794223082,0.00284482794223082,-1.58294238039223
Mississippi,MS,2004,2889010,101369.5,35087.971312,,61.5,46923.95587454397,61.56791229887066,-0.76895607,,,,,,,,,,,,,,,,,,1,0,1,Hawes/Compton 3-year moving-average social-capital index; contiguous 48 states,MS,-0.0622973919022054,0.283065285314267,0.00283065285314267,-1.33727355232968
Mississippi,MS,2005,2905943,103691.8,35682.668242,,61.4,46923.95587454397,61.928772752436686,-1.3626068,,,,,,,,,,,,,,,,,,1,0,1,Hawes/Compton 3-year moving-average social-capital index; contiguous 48 states,MS,-0.0730356623103798,0.28540654176659,0.0028540654176659,-1.36851057647249
Mississippi,MS,2006,2904978,105879.9,36447.745904,0.471,59.5,46923.95587454397,61.90820756388822,-1.5451354,,,,,,,,,,,,,,,,,,1,0,1,Hawes/Compton 3-year moving-average social-capital index; contiguous 48 states,MS,0.0248525771749778,0.28292611523312,0.0028292611523312,-1.52303669961465
Mississippi,MS,2007,2928350,107713.9,36783.137262,0.48,59.5,46923.95587454397,62.40629003720925,-1.7188159,,,,,,,,,,,,,,,,,,1,0,1,Hawes/Compton 3-year moving-average social-capital index; contiguous 48 states,MS,0.0868205779749627,0.28582290569116,0.0028582290569116,-1.37316154885186
Mississippi,MS,2008,2947806,109434.0,37123.881287,0.478,59.1,46923.95587454397,62.82091833606832,-1.5601611,,,,,,,,,,,,,,,,,,1,0,1,Hawes/Compton 3-year moving-average social-capital index; contiguous 48 states,MS,0.0266999825069564,0.285932624183111,0.00285932624183111,-1.37410716057957
Mississippi,MS,2009,2958774,105360.0,35609.343600,0.47,57.5,46923.95587454397,63.05465822000573,-1.5263942,,,,,,,,,,,,,,,,,,1,0,1,Hawes/Compton 3-year moving-average social-capital index; contiguous 48 states,MS,0.0475565345811266,0.289192502438358,0.00289192502438358,-1.28967147579902
Mississippi,MS,2010,2970367,106711.8,35925.459716,0.468,58.8,46923.95587454397,63.30171752657815,-1.4666905,,,,,,,,,,,,,,,,,,1,0,1,Hawes/Compton 3-year moving-average social-capital index; contiguous 48 states,MS,-0.135627329427073,0.289532436789135,0.00289532436789135,-1.20995811632105
Mississippi,MS,2011,2977902,106491.1,35760.444770,0.4735,60.0,46923.95587454397,63.462296485865934,,,,,,,,,,,,,,,,,,,0,0,0,,MS,-0.146066066301335,0.286862378582863,0.00286862378582863,-1.22179387905903
Mississippi,MS,2012,2982356,108646.5,36429.755536,0.487,59.1,46923.95587454397,63.557216019332124,,,,,,,,,,,,,,,,,,,0,0,0,,MS,-0.466420891283374,0.282988010086274,0.00282988010086274,-1.27212978549236
Mississippi,MS,2013,2986599,109032.7,36507.311494,0.4791,56.4,46923.95587454397,63.64763891571674,,,,,,,,,,,,,,,,,,,0,0,0,,MS,-0.47030443770193,0.286486017766722,0.00286486017766722,-1.32008677385806
Mississippi,MS,2014,2987656,109299.6,36583.729854,0.476,55.0,46923.95587454397,63.67016472327708,,,,,,,,,,,,,,,,,,,0,0,0,,MS,-0.617412396024597,0.282821276342968,0.00282821276342968,-1.23445801579325
Mississippi,MS,2015,2985000,109401.7,36650.485762,0.4759,55.4,46923.95587454397,63.61356250484731,,,,,,,,,,,,,,,,,,,0,0,0,,MS,-0.618421743959076,0.284859042156451,0.00284859042156451,-1.23445801579325
Mississippi,MS,2016,2984364,109911.0,36828.952500,0.4828,55.7,46923.95587454397,63.600008660373916,,,,,,,,,,,,,,,,,,,0,0,0,,MS,-1.16523344308659,0.283907321687417,0.00283907321687417,-1.18757633206628
Mississippi,MS,2017,2983448,110281.4,36964.411647,0.479,55.7,46923.95587454397,63.58048771456003,,0.23833098,0.19564879,0.46351259,0.48317667,0.95945047,0.74206472,0.8158142,0.6934069,0.3993691,0.187285,0.5677207,0.0881205,0.0463986,0.0843762,0.1840932,0.0626692,,0,1,1,CPS CEV observed state rates; separate modern indicators; not spliced to Hawes index,MS,-1.16302838538398,0.285129651444345,0.00285129651444345,-1.18757633206628
Mississippi,MS,2018,2974657,110174.8,37037.816461,0.4828,55.6,46923.95587454397,63.39314204354492,,,,,,,,,,,,,,,,,,,0,0,0,,MS,-1.38222365177183,0.288340746501359,0.00288340746501359,-1.62078538041311
Mississippi,MS,2019,2969008,111207.8,37456.214332,0.4896,56.2,46923.95587454397,63.27275577400057,,0.26032615,0.21594784,0.41434822,0.47358481,0.97547598,0.67727725,0.78693755,0.64032128,0.32827184,0.18222831,0.57348466,0.07156445,0.05704206,0.07780164,0.20121192,0.08023789,,0,1,1,CPS CEV observed state rates; separate modern indicators; not spliced to Hawes index,MS,-1.38217241823208,0.285755312114475,0.00285755312114475,-1.62078538041311
Mississippi,MS,2020,2958409,110322.8,37291.260269,,54.8,46923.95587454397,63.04687967718687,,,,,,,,,,,,,,,,,,,0,0,0,,MS,-1.66515310586095,0.290575615554752,0.00290575615554752,-1.69990984735853
Mississippi,MS,2021,2949582,115675.1,39217.455219,0.4808,55.2,46923.95587454397,62.85876680742798,,0.21195247,0.20856263,0.40910344,0.48027202,0.9549924,0.69938841,0.7972024,0.66490119,0.32290698,0.20199603,0.6048193,0.07486281,0.05506043,0.07700224,0.18099313,0.08571899,0.35027621,0,1,1,CPS CEV observed state rates; separate modern indicators; not spliced to Hawes index,MS,-1.66495628036287,0.28400798517908,0.0028400798517908,-1.69990984735853
Mississippi,MS,2022,2938928,116557.1,39659.733073,0.4806,55.1,46923.95587454397,62.631718601422406,,,,,,,,,,,,,,,,,,,0,0,0,,MS,-1.59281134560504,0.285411211294775,0.00285411211294775,-1.65431841418991
Mississippi,MS,2023,2939690,119548.4,40667.009106,0.4843,54.5,46923.95587454397,62.647957641499026,,0.2087319,0.1778672,0.3734448,0.5029195,0.9592756,0.7002829,0.7447251,0.6153699,0.3695614,0.199771,0.5883937,0.0516407,0.0671889,0.0900227,0.2087051,0.063121,0.3468245,0,1,1,CPS CEV observed state rates; separate modern indicators; not spliced to Hawes index,MS,-1.59432381368645,0.286402344313721,0.00286402344313721,-1.65431841418991
Missouri,MO,2000,5607285,262665.4,46843.597213,,70.0,68746.47916893379,81.56468618881512,0.22246704,,,,,,,,,,,,,,,,,,1,0,1,Hawes/Compton 3-year moving-average social-capital index; contiguous 48 states,MO,0.0190844548184633,0.286856112952448,0.00286856112952448,-0.0396841137928544
Missouri,MO,2001,5641142,260381.1,46157.515624,,69.8,68746.47916893379,82.05717686483653,-0.20203094,,,,,,,,,,,,,,,,,,1,0,1,Hawes/Compton 3-year moving-average social-capital index; contiguous 48 states,MO,0.00823987881519157,0.283822667764706,0.00283822667764706,-0.0557972106021859
Missouri,MO,2002,5674825,264997.7,46697.069954,,69.1,68746.47916893379,82.54713650214725,-0.19707197,,,,,,,,,,,,,,,,,,1,0,1,Hawes/Compton 3-year moving-average social-capital index; contiguous 48 states,MO,-0.529631121181538,0.284780735383158,0.00284780735383158,-0.642958511009815
Missouri,MO,2003,5709403,271970.5,47635.540879,,68.6,68746.47916893379,83.05011498799858,-0.23735689,,,,,,,,,,,,,,,,,,1,0,1,Hawes/Compton 3-year moving-average social-capital index; contiguous 48 states,MO,-0.533028579298612,0.284475364913095,0.00284475364913095,-0.647172475017233
Missouri,MO,2004,5747741,279128.2,48563.113752,,68.3,68746.47916893379,83.60778718391992,-0.0073209107,,,,,,,,,,,,,,,,,,1,0,1,Hawes/Compton 3-year moving-average social-capital index; contiguous 48 states,MO,-1.29209508909691,0.279972571805217,0.00279972571805217,-1.10556074043265
Missouri,MO,2005,5790300,285341.7,49279.260142,,67.9,68746.47916893379,84.22685888787464,-0.12043203,,,,,,,,,,,,,,,,,,1,0,1,Hawes/Compton 3-year moving-average social-capital index; contiguous 48 states,MO,-1.29741590705523,0.28423194278402,0.0028423194278402,-1.11129957320889
Missouri,MO,2006,5842704,286558.3,49045.493320,0.449,67.7,68746.47916893379,84.98913792577599,0.2890751,,,,,,,,,,,,,,,,,,1,0,1,Hawes/Compton 3-year moving-average social-capital index; contiguous 48 states,MO,-1.29056351833015,0.282302778490784,0.00282302778490784,-1.30050276711732
Missouri,MO,2007,5887612,288320.8,48970.754187,0.45,67.5,68746.47916893379,85.642378652325,0.059948742,,,,,,,,,,,,,,,,,,1,0,1,Hawes/Compton 3-year moving-average social-capital index; contiguous 48 states,MO,-1.38061414784951,0.28298157101039,0.0028298157101039,-1.54423294140537
Missouri,MO,2008,5923916,297881.8,50284.609032,0.448,67.0,68746.47916893379,86.17046387849038,0.26897424,,,,,,,,,,,,,,,,,,1,0,1,Hawes/Compton 3-year moving-average social-capital index; contiguous 48 states,MO,-1.30442334702129,0.28459086645019,0.0028459086645019,-1.4397316534082
Missouri,MO,2009,5961088,289566.8,48576.165962,0.45,66.6,68746.47916893379,86.71117520581022,0.038319528,,,,,,,,,,,,,,,,,,1,0,1,Hawes/Compton 3-year moving-average social-capital index; contiguous 48 states,MO,-1.31054696178942,0.285441516295268,0.00285441516295268,-1.44805390516543
Missouri,MO,2010,5996167,295986.4,49362.601142,0.455,65.6,68746.47916893379,87.22144133760439,0.11245973,,,,,,,,,,,,,,,,,,1,0,1,Hawes/Compton 3-year moving-average social-capital index; contiguous 48 states,MO,-1.43747507011758,0.280518862433996,0.00280518862433996,-1.71424851377772
Missouri,MO,2011,6011574,292984.2,48736.686931,0.4611,65.1,68746.47916893379,87.44555463309607,,,,,,,,,,,,,,,,,,,0,0,0,,MO,-1.44890794298707,0.286210017553102,0.00286210017553102,-1.76952004682117
Missouri,MO,2012,6026733,296514.3,49199.840112,0.4608,64.2,68746.47916893379,87.66606047111505,,,,,,,,,,,,,,,,,,,0,0,0,,MO,-2.13493620072028,0.28641433709551,0.0028641433709551,-2.13337093572025
Missouri,MO,2013,6044008,302025.7,49971.095339,0.4605,64.1,68746.47916893379,87.91734606724789,,,,,,,,,,,,,,,,,,,0,0,0,,MO,-2.15860467028265,0.287657661178738,0.00287657661178738,-2.07352950730207
Missouri,MO,2014,6060462,303617.8,50098.127832,0.4628,64.4,68746.47916893379,88.15668923360215,,,,,,,,,,,,,,,,,,,0,0,0,,MO,-1.89621776227023,0.284657762841684,0.00284657762841684,-1.57668947035575
Missouri,MO,2015,6077056,308009.9,50684.064784,0.4634,64.5,68746.47916893379,88.39806886788456,,,,,,,,,,,,,,,,,,,0,0,0,,MO,-1.89115889627232,0.285517979461343,0.00285517979461343,-1.57668947035575
Missouri,MO,2016,6093343,308423.3,50616.435018,0.4646,64.6,68746.47916893379,88.63498281892454,,,,,,,,,,,,,,,,,,,0,0,0,,MO,-2.14149741718212,0.280550374771746,0.00280550374771746,-1.69580616340186
Missouri,MO,2017,6113654,311273.8,50914.526730,0.4618,64.0,68746.47916893379,88.93043067669903,,0.31938774,0.29283881,0.55210218,0.55489725,0.98112799,0.77916345,0.8917086,0.7751315,0.3952475,0.2473063,0.5164427,0.1283128,0.0917484,0.1207929,0.2219312,0.1538985,,0,1,1,CPS CEV observed state rates; separate modern indicators; not spliced to Hawes index,MO,-2.00341670499716,0.286048511313264,0.00286048511313264,-1.4664952128289
Missouri,MO,2018,6128572,314182.4,51265.188693,0.4657,63.6,68746.47916893379,89.1474308806417,,,,,,,,,,,,,,,,,,,0,0,0,,MO,-2.08680679155242,0.28364984723164,0.0028364984723164,-1.68556065071946
Missouri,MO,2019,6143374,321329.1,52304.987455,0.4633,63.9,68746.47916893379,89.36274372544393,,0.36508881,0.30640809,0.53854403,0.52266598,0.98164524,0.73094643,0.8402004,0.67329139,0.26914488,0.23935997,0.55123203,0.13664126,0.07931041,0.12192666,0.22133856,0.17713786,,0,1,1,CPS CEV observed state rates; separate modern indicators; not spliced to Hawes index,MO,-1.8590668936584,0.283168855011596,0.00283168855011596,-0.997627799000601
Missouri,MO,2020,6154426,315332.6,51236.719720,,62.7,68746.47916893379,89.52350832217101,,,,,,,,,,,,,,,,,,,0,0,0,,MO,-1.70924111103549,0.286759664475752,0.00286759664475752,-0.685114381177584
Missouri,MO,2021,6170393,331580.9,53737.403760,0.4706,62.6,68746.47916893379,89.75576748937524,,0.30456261,0.28283995,0.5501034,0.54214467,0.9729929,0.72458724,0.84288899,0.71177364,0.28461671,0.20341221,0.52474616,0.09479432,0.07002098,0.06966072,0.16297474,0.18183048,0.40775195,0,1,1,CPS CEV observed state rates; separate modern indicators; not spliced to Hawes index,MO,-1.7073020993637,0.283572045904204,0.00283572045904204,-0.685114381177584
Missouri,MO,2022,6177168,339652.4,54985.132345,0.4687,62.6,68746.47916893379,89.85431799089768,,,,,,,,,,,,,,,,,,,0,0,0,,MO,-1.47503952964947,0.289078816750891,0.00289078816750891,-0.685784569352088
Missouri,MO,2023,6196156,348487.4,56242.515521,0.4608,63.3,68746.47916893379,90.13052122675126,,0.2975348,0.261778,0.484147,0.5931834,0.9897813,0.7646393,0.8630609,0.7365629,0.2974276,0.1894349,0.482103,0.0978626,0.049002,0.1054941,0.2037654,0.189013,0.3776501,0,1,1,CPS CEV observed state rates; separate modern indicators; not spliced to Hawes index,MO,-1.47007450601425,0.282259597169718,0.00282259597169718,-0.685784569352088
Montana,MT,2000,903773,32513.7,35975.515976,,68.5,145550.34920453557,6.209349582047152,0.90483916,,,,,,,,,,,,,,,,,,1,0,1,Hawes/Compton 3-year moving-average social-capital index; contiguous 48 states,MT,0.788157392762007,0.28231478638629,0.0028231478638629,-0.336650973444192
Montana,MT,2001,906961,32689.6,36043.005157,,67.1,145550.34920453557,6.231252655570666,0.26820493,,,,,,,,,,,,,,,,,,1,0,1,Hawes/Compton 3-year moving-average social-capital index; contiguous 48 states,MT,0.787065962881696,0.286775333300545,0.00286775333300545,-0.353134642777682
Montana,MT,2002,911667,33663.8,36925.544086,,66.6,145550.34920453557,6.263585109774447,0.3393434,,,,,,,,,,,,,,,,,,1,0,1,Hawes/Compton 3-year moving-average social-capital index; contiguous 48 states,MT,0.98584478051921,0.288166895450881,0.00288166895450881,-0.045775476596064
Montana,MT,2003,919630,35249.5,38330.089275,,66.3,145550.34920453557,6.318294700259935,0.29223153,,,,,,,,,,,,,,,,,,1,0,1,Hawes/Compton 3-year moving-average social-capital index; contiguous 48 states,MT,0.906295187850377,0.283466238006555,0.00283466238006555,-0.267508310830801
Montana,MT,2004,930009,36949.9,39730.690778,,66.5,145550.34920453557,6.38960335775697,0.43339324,,,,,,,,,,,,,,,,,,1,0,1,Hawes/Compton 3-year moving-average social-capital index; contiguous 48 states,MT,0.904962701576271,0.287777644831015,0.00287777644831015,-0.312414411234895
Montana,MT,2005,940102,38849.0,41324.239285,,66.6,145550.34920453557,6.458947059473664,0.62135017,,,,,,,,,,,,,,,,,,1,0,1,Hawes/Compton 3-year moving-average social-capital index; contiguous 48 states,MT,0.959329072704675,0.283071919404389,0.00283071919404389,-0.0791810254118264
Montana,MT,2006,952692,40055.0,42044.018424,0.426,67.0,145550.34920453557,6.545446336657176,0.4427594,,,,,,,,,,,,,,,,,,1,0,1,Hawes/Compton 3-year moving-average social-capital index; contiguous 48 states,MT,1.04298249899066,0.284339414668131,0.00284339414668131,-0.0357488303514015
Montana,MT,2007,964706,42057.7,43596.391025,0.443,67.3,145550.34920453557,6.627988220380981,0.33351782,,,,,,,,,,,,,,,,,,1,0,1,Hawes/Compton 3-year moving-average social-capital index; contiguous 48 states,MT,1.04658940341722,0.281858538777117,0.00281858538777117,-0.0448733692639073
Montana,MT,2008,976415,42049.3,43064.987736,0.449,67.3,145550.34920453557,6.708434609304073,0.17090295,,,,,,,,,,,,,,,,,,1,0,1,Hawes/Compton 3-year moving-average social-capital index; contiguous 48 states,MT,1.05139696185935,0.281812256563968,0.00281812256563968,-0.0126170843820792
Montana,MT,2009,983982,40938.4,41604.826105,0.431,65.2,145550.34920453557,6.760423491786014,0.33986005,,,,,,,,,,,,,,,,,,1,0,1,Hawes/Compton 3-year moving-average social-capital index; contiguous 48 states,MT,1.042450106314,0.288169284528392,0.00288169284528392,-0.106286047663595
Montana,MT,2010,990874,42469.8,42860.949021,0.435,64.4,145550.34920453557,6.807774803807361,0.31943148,,,,,,,,,,,,,,,,,,1,0,1,Hawes/Compton 3-year moving-average social-capital index; contiguous 48 states,MT,0.9944615616092,0.282746298518151,0.00282746298518151,0.505677465377836
Montana,MT,2011,998243,43532.2,43608.820698,0.4351,64.0,145550.34920453557,6.858403332287527,,,,,,,,,,,,,,,,,,,0,0,0,,MT,0.996196373280828,0.28459457102958,0.0028459457102958,0.500585720448791
Montana,MT,2012,1005475,44329.1,44087.719734,0.4502,64.2,145550.34920453557,6.908090605726063,,,,,,,,,,,,,,,,,,,0,0,0,,MT,0.914904192075027,0.287082103132895,0.00287082103132895,0.724146100276312
Montana,MT,2013,1016046,45114.7,44402.221947,0.462,64.1,145550.34920453557,6.980718394376332,,,,,,,,,,,,,,,,,,,0,0,0,,MT,0.912800040296911,0.280718769184699,0.00280718769184699,0.721278520101279
Montana,MT,2014,1025126,46166.7,45035.146899,0.4544,63.8,145550.34920453557,7.0431023051647585,,,,,,,,,,,,,,,,,,,0,0,0,,MT,1.23193762412017,0.28650225511737,0.0028650225511737,0.791368784804937
Montana,MT,2015,1034544,47765.6,46170.680029,0.4623,63.8,145550.34920453557,7.107808436420859,,,,,,,,,,,,,,,,,,,0,0,0,,MT,1.23330383740613,0.284246455701865,0.00284246455701865,0.791368784804937
Montana,MT,2016,1045768,47189.6,45124.348804,0.4667,63.6,145550.34920453557,7.184922645087081,,,,,,,,,,,,,,,,,,,0,0,0,,MT,1.2355377110936,0.285497909766709,0.00285497909766709,0.80115560919421
Montana,MT,2017,1058073,48470.5,45810.166217,0.4539,63.4,145550.34920453557,7.269463836965008,,0.38836436,0.35725277,0.53513704,0.67151461,0.98379644,0.84232068,0.9265905,0.8165256,0.4468371,0.2589331,0.6548078,0.1966093,0.1001249,0.1592749,0.2806985,0.2226752,,0,1,1,CPS CEV observed state rates; separate modern indicators; not spliced to Hawes index,MT,1.10042714209531,0.284929114108953,0.00284929114108953,0.571844658621255
Montana,MT,2018,1066610,49455.0,46366.525722,0.4535,63.3,145550.34920453557,7.32811707996069,,,,,,,,,,,,,,,,,,,0,0,0,,MT,1.39317296960662,0.286619957775,0.00286619957775,0.934358589603353
Montana,MT,2019,1075495,50263.5,46735.224246,0.4597,63.7,145550.34920453557,7.389161248171612,,0.37436206,0.35214448,0.54566309,0.65015036,0.97623914,0.78827092,0.89076868,0.77716146,0.36768702,0.22114662,0.6366024,0.16831816,0.1155262,0.13052822,0.24865749,0.20476158,,0,1,1,CPS CEV observed state rates; separate modern indicators; not spliced to Hawes index,MT,1.41049846666551,0.283422652714322,0.00283422652714322,1.24010652370063
Montana,MT,2020,1087211,49981.4,45972.125006,,62.9,145550.34920453557,7.469655730417999,,,,,,,,,,,,,,,,,,,0,0,0,,MT,0.980620493439536,0.283048612450394,0.00283048612450394,1.28550482322613
Montana,MT,2021,1106366,53303.7,48179.083594,0.4693,62.1,145550.34920453557,7.601259674377504,,0.31058638,0.28988958,0.56712328,0.68842755,0.97507205,0.80067305,0.87475245,0.7851616,0.36598715,0.21533859,0.68077056,0.18675351,0.10823271,0.12400504,0.22478424,0.27608876,0.33820501,0,1,1,CPS CEV observed state rates; separate modern indicators; not spliced to Hawes index,MT,0.97832338379801,0.286594196785733,0.00286594196785733,1.28550482322613
Montana,MT,2022,1122878,55193.9,49153.959736,0.4652,62.7,145550.34920453557,7.714704953555752,,,,,,,,,,,,,,,,,,,0,0,0,,MT,0.887247756191064,0.285299875922891,0.00285299875922891,0.804555472643142
Montana,MT,2023,1132812,57373.3,50646.797527,0.4601,63.1,145550.34920453557,7.782956249786173,,0.372431,0.2991183,0.6049268,0.6797378,0.9894425,0.7912442,0.856099,0.7062883,0.3415738,0.1616198,0.6421627,0.197213,0.096558,0.1359065,0.2814832,0.298413,0.4293718,0,1,1,CPS CEV observed state rates; separate modern indicators; not spliced to Hawes index,MT,0.898622085810115,0.283634128800474,0.00283634128800474,0.804555472643142
Nebraska,NE,2000,1713820,80268.2,46835.840403,,73.3,76817.87137825477,22.310173000773098,0.54551005,,,,,,,,,,,,,,,,,,1,0,1,Hawes/Compton 3-year moving-average social-capital index; contiguous 48 states,NE,0.121092748952883,0.282766908386392,0.00282766908386392,-0.402245026099137
Nebraska,NE,2001,1719836,82268.1,47834.851695,,73.3,76817.87137825477,22.38848811016186,0.8665293,,,,,,,,,,,,,,,,,,1,0,1,Hawes/Compton 3-year moving-average social-capital index; contiguous 48 states,NE,0.12342039988764,0.28388463089808,0.0028388463089808,-0.339174099114315
Nebraska,NE,2002,1728292,83433.2,48274.944280,,73.4,76817.87137825477,22.49856666152346,1.089606,,,,,,,,,,,,,,,,,,1,0,1,Hawes/Compton 3-year moving-average social-capital index; contiguous 48 states,NE,0.170292144689042,0.286238451526228,0.00286238451526228,-0.334380343130768
Nebraska,NE,2003,1738643,88310.7,50792.888477,,74.0,76817.87137825477,22.633313951630356,0.694363,,,,,,,,,,,,,,,,,,1,0,1,Hawes/Compton 3-year moving-average social-capital index; contiguous 48 states,NE,0.179100809011814,0.280884415919614,0.00280884415919614,-0.290221594279982
Nebraska,NE,2004,1749370,90607.6,51794.417419,,74.1,76817.87137825477,22.77295593607405,0.6084112,,,,,,,,,,,,,,,,,,1,0,1,Hawes/Compton 3-year moving-average social-capital index; contiguous 48 states,NE,0.112961076391424,0.286902120283035,0.00286902120283035,-0.376014688005149
Nebraska,NE,2005,1761497,94556.0,53679.342060,,73.4,76817.87137825477,22.930822846239867,0.8439925,,,,,,,,,,,,,,,,,,1,0,1,Hawes/Compton 3-year moving-average social-capital index; contiguous 48 states,NE,0.120043482590851,0.282077648579776,0.00282077648579776,-0.342256659187582
Nebraska,NE,2006,1772693,97322.8,54901.102447,0.43,72.8,76817.87137825477,23.07657018080047,0.0077333916,,,,,,,,,,,,,,,,,,1,0,1,Hawes/Compton 3-year moving-average social-capital index; contiguous 48 states,NE,0.209940992316066,0.284706755635498,0.00284706755635498,-0.301075328435255
Nebraska,NE,2007,1783440,99780.7,55948.447943,0.429,72.9,76817.87137825477,23.216472521325908,0.01792664,,,,,,,,,,,,,,,,,,1,0,1,Hawes/Compton 3-year moving-average social-capital index; contiguous 48 states,NE,0.21245696849575,0.283181011463015,0.00283181011463015,-0.313951787249351
Nebraska,NE,2008,1796378,99860.1,55589.692147,0.427,73.0,76817.87137825477,23.384896870606465,0.046502993,,,,,,,,,,,,,,,,,,1,0,1,Hawes/Compton 3-year moving-average social-capital index; contiguous 48 states,NE,0.165684180405868,0.282518094403791,0.00282518094403791,-0.349162575715149
Nebraska,NE,2009,1812683,99986.4,55159.341153,0.44,72.2,76817.87137825477,23.59715216624872,0.5181863,,,,,,,,,,,,,,,,,,1,0,1,Hawes/Compton 3-year moving-average social-capital index; contiguous 48 states,NE,0.167078047829219,0.282157369011153,0.00282157369011153,-0.334308491705106
Nebraska,NE,2010,1830194,103940.8,56792.230769,0.432,71.5,76817.87137825477,23.82510693362017,0.5847717,,,,,,,,,,,,,,,,,,1,0,1,Hawes/Compton 3-year moving-average social-capital index; contiguous 48 states,NE,0.242377368671213,0.285953272826694,0.00285953272826694,-0.427789829735506
Nebraska,NE,2011,1843937,109734.2,59510.818428,0.4467,71.8,76817.87137825477,24.004010615190943,,,,,,,,,,,,,,,,,,,0,0,0,,NE,0.239977827105936,0.284780453830725,0.00284780453830725,-0.428573861192711
Nebraska,NE,2012,1859140,109686.3,58998.407866,0.4339,71.9,76817.87137825477,24.20192029072907,,,,,,,,,,,,,,,,,,,0,0,0,,NE,0.193912767138795,0.286437896648721,0.00286437896648721,0.116827892642862
Nebraska,NE,2013,1873681,111382.2,59445.658039,0.4445,71.6,76817.87137825477,24.391212179961453,,,,,,,,,,,,,,,,,,,0,0,0,,NE,0.186831009292305,0.283367884790641,0.00283367884790641,0.170332835222691
Nebraska,NE,2014,1890242,115651.9,61183.647385,0.4352,70.7,76817.87137825477,24.606800033450035,,,,,,,,,,,,,,,,,,,0,0,0,,NE,0.178458621881515,0.282387236869413,0.00282387236869413,0.139984220984303
Nebraska,NE,2015,1904766,119640.8,62811.284956,0.4473,70.1,76817.87137825477,24.795870620012934,,,,,,,,,,,,,,,,,,,0,0,0,,NE,0.173557893921635,0.281145011894732,0.00281145011894732,0.139984220984303
Nebraska,NE,2016,1921616,121303.1,63125.567231,0.4477,69.9,76817.87137825477,25.015220618882726,,,,,,,,,,,,,,,,,,,0,0,0,,NE,0.174869633592058,0.284697919639977,0.00284697919639977,0.604917350709084
Nebraska,NE,2017,1934551,123219.9,63694.314598,0.4391,69.4,76817.87137825477,25.18360591475102,,0.40153343,0.36458901,0.58784827,0.54545211,0.97633317,0.7925661,0.8726935,0.7430351,0.3718222,0.2092999,0.6297383,0.1612301,0.0671143,0.1375539,0.2952576,0.1641208,,0,1,1,CPS CEV observed state rates; separate modern indicators; not spliced to Hawes index,NE,0.175503273903428,0.281400648543011,0.00281400648543011,0.604917350709084
Nebraska,NE,2018,1945483,125543.4,64530.710369,0.4488,69.8,76817.87137825477,25.3259165490326,,,,,,,,,,,,,,,,,,,0,0,0,,NE,0.191382224770529,0.282366985197538,0.00282366985197538,0.627215581819108
Nebraska,NE,2019,1954962,127568.9,65253.902633,0.44,70.3,76817.87137825477,25.449312313975433,,0.43543866,0.39518611,0.61159253,0.61304369,0.98288321,0.76489811,0.87209729,0.71594229,0.29720821,0.18614993,0.53956065,0.14094562,0.07223675,0.10557768,0.22428914,0.19306707,,0,1,1,CPS CEV observed state rates; separate modern indicators; not spliced to Hawes index,NE,0.201967495844913,0.279745046930801,0.00279745046930801,0.780089548867745
Nebraska,NE,2020,1963273,126734.9,64552.866565,,69.6,76817.87137825477,25.557503283744385,,,,,,,,,,,,,,,,,,,0,0,0,,NE,0.168973369261428,0.283286843470081,0.00283286843470081,0.948796698869143
Nebraska,NE,2021,1964253,134939.9,68697.820495,0.456,69.3,76817.87137825477,25.570260731749865,,0.33902542,0.32153113,0.61138524,0.66364382,0.98372936,0.78574105,0.88263074,0.79534292,0.38142607,0.21725904,0.68378022,0.15707931,0.05586343,0.10898049,0.2354024,0.24128004,0.45638446,0,1,1,CPS CEV observed state rates; separate modern indicators; not spliced to Hawes index,NE,0.171025314647426,0.280094435255644,0.00280094435255644,0.948796698869143
Nebraska,NE,2022,1968060,139440.9,70851.955733,0.461,69.5,76817.87137825477,25.619819511909945,,,,,,,,,,,,,,,,,,,0,0,0,,NE,0.143673701045025,0.283059248294924,0.00283059248294924,0.916673996034738
Nebraska,NE,2023,1978379,145019.6,73302.233798,0.4634,69.3,76817.87137825477,25.75415023228605,,0.4032386,0.3429598,0.5671687,0.6118664,0.97684,0.7356463,0.8828589,0.717215,0.2841304,0.1596346,0.6121173,0.1178879,0.0657673,0.1106478,0.2462333,0.2434585,0.4898885,0,1,1,CPS CEV observed state rates; separate modern indicators; not spliced to Hawes index,NE,0.143161633711413,0.284268939562785,0.00284268939562785,0.916673996034738
Nevada,NV,2000,2018741,114810.2,56872.179244,,70.3,109860.4519103707,18.375502420534218,0.064262755,,,,,,,,,,,,,,,,,,1,0,1,Hawes/Compton 3-year moving-average social-capital index; contiguous 48 states,NV,0.518393255318503,0.284053821051237,0.00284053821051237,0.47291250184628
Nevada,NV,2001,2098399,116267.3,55407.622669,,70.4,109860.4519103707,19.10058591158875,-0.019935897,,,,,,,,,,,,,,,,,,1,0,1,Hawes/Compton 3-year moving-average social-capital index; contiguous 48 states,NV,0.514023086001003,0.282501919037558,0.00282501919037558,0.468778260978644
Nevada,NV,2002,2173791,120180.1,55285.949753,,69.3,109860.4519103707,19.78683832261568,-0.18777846,,,,,,,,,,,,,,,,,,1,0,1,Hawes/Compton 3-year moving-average social-capital index; contiguous 48 states,NV,0.697785091777685,0.283669080933124,0.00283669080933124,0.421766290954019
Nevada,NV,2003,2248850,125905.4,55986.570914,,67.9,109860.4519103707,20.470059615581384,-0.109523304,,,,,,,,,,,,,,,,,,1,0,1,Hawes/Compton 3-year moving-average social-capital index; contiguous 48 states,NV,0.697861585713391,0.284330800612386,0.00284330800612386,0.407706557390039
Nevada,NV,2004,2346222,139373.0,59403.159633,,67.0,109860.4519103707,21.356384023562526,-0.46853673,,,,,,,,,,,,,,,,,,1,0,1,Hawes/Compton 3-year moving-average social-capital index; contiguous 48 states,NV,0.177038387764685,0.280932847138079,0.00280932847138079,0.12804862457539
Nevada,NV,2005,2432143,150680.9,61953.964056,,67.4,109860.4519103707,22.138476200555374,-0.23427126,,,,,,,,,,,,,,,,,,1,0,1,Hawes/Compton 3-year moving-average social-capital index; contiguous 48 states,NV,0.172148471780789,0.284885516011475,0.00284885516011475,0.119284439734578
Nevada,NV,2006,2522658,156297.9,61957.625647,0.434,68.6,109860.4519103707,22.96238506335385,-0.46369326,,,,,,,,,,,,,,,,,,1,0,1,Hawes/Compton 3-year moving-average social-capital index; contiguous 48 states,NV,0.0821070489039645,0.282798452603866,0.00282798452603866,-0.152507259028937
Nevada,NV,2007,2601072,157734.3,60642.035284,0.437,69.5,109860.4519103707,23.676145098347824,-0.30665714,,,,,,,,,,,,,,,,,,1,0,1,Hawes/Compton 3-year moving-average social-capital index; contiguous 48 states,NV,0.16444566830158,0.282620069660326,0.00282620069660326,0.0846572885560523
Nevada,NV,2008,2653630,152745.6,57561.001345,0.431,69.4,109860.4519103707,24.15455201444971,-0.18963212,,,,,,,,,,,,,,,,,,1,0,1,Hawes/Compton 3-year moving-average social-capital index; contiguous 48 states,NV,-0.0174685160172787,0.281553975877349,0.00281553975877349,0.130680574047283
Nevada,NV,2009,2684665,140304.3,52261.380843,0.433,67.5,109860.4519103707,24.437046756282008,0.33557826,,,,,,,,,,,,,,,,,,1,0,1,Hawes/Compton 3-year moving-average social-capital index; contiguous 48 states,NV,5.1287197241587e-05,0.284059652822211,0.00284059652822211,0.134543081689425
Nevada,NV,2010,2701888,142614.2,52783.164957,0.448,65.7,109860.4519103707,24.593818366998224,0.39459512,,,,,,,,,,,,,,,,,,1,0,1,Hawes/Compton 3-year moving-average social-capital index; contiguous 48 states,NV,0.228807631865188,0.284056056373643,0.00284056056373643,0.109800525401183
Nevada,NV,2011,2710129,144341.2,53259.900174,0.4526,65.0,109860.4519103707,24.66883171217109,,,,,,,,,,,,,,,,,,,0,0,0,,NV,0.230881635071081,0.281839179045638,0.00281839179045638,0.101538885056361
Nevada,NV,2012,2739290,142986.1,52198.233849,0.4516,64.5,109860.4519103707,24.934268450259435,,,,,,,,,,,,,,,,,,,0,0,0,,NV,1.02048376106171,0.286743127834318,0.00286743127834318,0.803531723976694
Nevada,NV,2013,2769188,144549.3,52199.164520,0.4543,63.8,109860.4519103707,25.206413698891694,,,,,,,,,,,,,,,,,,,0,0,0,,NV,1.01544574607724,0.288362885434895,0.00288362885434895,0.736038460444327
Nevada,NV,2014,2808779,145303.6,51731.944735,0.4427,63.2,109860.4519103707,25.56678905973856,,,,,,,,,,,,,,,,,,,0,0,0,,NV,1.10002633688973,0.28495913364206,0.0028495913364206,0.932022930153111
Nevada,NV,2015,2855986,151055.9,52890.980558,0.4548,62.7,109860.4519103707,25.996488730358102,,,,,,,,,,,,,,,,,,,0,0,0,,NV,1.09652474352669,0.280224229980535,0.00280224229980535,0.932022930153111
Nevada,NV,2016,2904614,156007.4,53710.200392,0.4577,62.2,109860.4519103707,26.439122991863535,,,,,,,,,,,,,,,,,,,0,0,0,,NV,0.841720063099232,0.281475079199689,0.00281475079199689,1.13485948601797
Nevada,NV,2017,2954768,163199.1,55232.458183,0.4606,62.6,109860.4519103707,26.895647602202093,,0.24354774,0.22916635,0.45555745,0.43173073,0.96343292,0.65653347,0.8437814,0.6740802,0.24815,0.1950657,0.4011292,0.1023971,0.0736151,0.0904063,0.1343759,0.1174041,,0,1,1,CPS CEV observed state rates; separate modern indicators; not spliced to Hawes index,NV,0.836576282399063,0.285884069698264,0.00285884069698264,1.13485948601797
Nevada,NV,2018,3011007,168638.5,56007.342394,0.469,63.4,109860.4519103707,27.407560661196992,,,,,,,,,,,,,,,,,,,0,0,0,,NV,0.819910676210132,0.285402756225423,0.00285402756225423,1.28959563331478
Nevada,NV,2019,3068665,176029.7,57363.609257,0.471,64.2,109860.4519103707,27.932390106164505,,0.21782388,0.17382791,0.37430248,0.44529539,0.96989081,0.64629333,0.79836551,0.74644147,0.27212629,0.19909633,0.44637321,0.07997486,0.03809792,0.0767203,0.16493624,0.1380584,,0,1,1,CPS CEV observed state rates; separate modern indicators; not spliced to Hawes index,NV,0.922231660850518,0.285144958137019,0.00285144958137019,1.74821753446069
Nevada,NV,2020,3115840,166077.0,53300.875526,,61.3,109860.4519103707,28.361798498171556,,,,,,,,,,,,,,,,,,,0,0,0,,NV,1.03776044116113,0.284901085048671,0.00284901085048671,2.45822928705084
Nevada,NV,2021,3146632,182474.1,57990.289300,0.4726,60.1,109860.4519103707,28.642081343040257,,0.16829928,0.20986168,0.41340125,0.36716666,0.95267662,0.59593554,0.80207962,0.70519061,0.21060456,0.24522542,0.53478311,0.10234665,0.09648386,0.06508234,0.13001757,0.1674841,0.3218617,0,1,1,CPS CEV observed state rates; separate modern indicators; not spliced to Hawes index,NV,1.03648037611867,0.287508105020794,0.00287508105020794,2.45822928705084
Nevada,NV,2022,3177421,190463.3,59942.733431,0.4685,61.7,109860.4519103707,28.92233688053904,,,,,,,,,,,,,,,,,,,0,0,0,,NV,0.434576535653609,0.284652124998967,0.00284652124998967,2.03711088907601
Nevada,NV,2023,3194176,195405.6,61175.589573,0.4632,62.6,109860.4519103707,29.074848541547585,,0.1856878,0.1729108,0.3387454,0.457395,0.9752004,0.6452878,0.7852801,0.7330632,0.2995134,0.1603958,0.5433767,0.0673613,0.0448197,0.0759096,0.1691719,0.141846,0.3394621,0,1,1,CPS CEV observed state rates; separate modern indicators; not spliced to Hawes index,NV,0.433894752736391,0.283828428923258,0.00283828428923258,2.03711088907601
New Hampshire,NH,2000,1239882,60742.5,48990.549101,,72.3,8953.753063751145,138.47623350476405,0.6307299,,,,,,,,,,,,,,,,,,1,0,1,Hawes/Compton 3-year moving-average social-capital index; contiguous 48 states,NH,0.633399250902151,0.283214732733349,0.00283214732733349,0.102908691677576
New Hampshire,NH,2001,1255517,61719.4,49158.553807,,71.7,8953.753063751145,140.2224286353063,0.8694762,,,,,,,,,,,,,,,,,,1,0,1,Hawes/Compton 3-year moving-average social-capital index; contiguous 48 states,NH,0.632396186752897,0.282759943014515,0.00282759943014515,0.0999014785382506
New Hampshire,NH,2002,1269089,63474.2,50015.562344,,71.4,8953.753063751145,141.73821759032512,0.6457345,,,,,,,,,,,,,,,,,,1,0,1,Hawes/Compton 3-year moving-average social-capital index; contiguous 48 states,NH,0.652790553914921,0.287358180595598,0.00287358180595598,0.211817909746669
New Hampshire,NH,2003,1279840,66119.4,51662.239030,,71.3,8953.753063751145,142.9389431322797,0.56008303,,,,,,,,,,,,,,,,,,1,0,1,Hawes/Compton 3-year moving-average social-capital index; contiguous 48 states,NH,0.652266436896919,0.283138679127939,0.00283138679127939,0.211303349243768
New Hampshire,NH,2004,1290121,68428.1,53040.063684,,71.0,8953.753063751145,144.08717671955856,0.94261014,,,,,,,,,,,,,,,,,,1,0,1,Hawes/Compton 3-year moving-average social-capital index; contiguous 48 states,NH,0.563921600021241,0.287027995627621,0.00287027995627621,0.121596965314846
New Hampshire,NH,2005,1298492,69556.1,53566.829830,,71.3,8953.753063751145,145.02209193783608,1.3283079,,,,,,,,,,,,,,,,,,1,0,1,Hawes/Compton 3-year moving-average social-capital index; contiguous 48 states,NH,0.564204742934483,0.286004962065554,0.00286004962065554,0.120637079066521
New Hampshire,NH,2006,1308389,71424.5,54589.651854,0.417,71.0,8953.753063751145,146.12743848129477,1.5318563,,,,,,,,,,,,,,,,,,1,0,1,Hawes/Compton 3-year moving-average social-capital index; contiguous 48 states,NH,0.689720489960631,0.285694751696355,0.00285694751696355,0.0936186732445872
New Hampshire,NH,2007,1312540,71943.5,54812.424764,0.417,70.8,8953.753063751145,146.59104295759033,1.6111801,,,,,,,,,,,,,,,,,,1,0,1,Hawes/Compton 3-year moving-average social-capital index; contiguous 48 states,NH,0.68949492667547,0.282838968588576,0.00282838968588576,0.0911223136300516
New Hampshire,NH,2008,1315906,71195.6,54103.864562,0.419,70.8,8953.753063751145,146.96697470107642,1.8073212,,,,,,,,,,,,,,,,,,1,0,1,Hawes/Compton 3-year moving-average social-capital index; contiguous 48 states,NH,0.623178815236829,0.285547454002209,0.00285547454002209,0.0279955558697814
New Hampshire,NH,2009,1316102,70498.6,53566.212953,0.431,70.0,8953.753063751145,146.9888649630263,2.2467449,,,,,,,,,,,,,,,,,,1,0,1,Hawes/Compton 3-year moving-average social-capital index; contiguous 48 states,NH,0.628606081396574,0.285211204534291,0.00285211204534291,0.03668762909659
New Hampshire,NH,2010,1317105,72950.4,55386.928149,0.425,69.9,8953.753063751145,147.10088502800448,2.3271406,,,,,,,,,,,,,,,,,,1,0,1,Hawes/Compton 3-year moving-average social-capital index; contiguous 48 states,NH,0.512440674415028,0.28409649717672,0.0028409649717672,0.263831389230199
New Hampshire,NH,2011,1321939,73465.0,55573.668679,0.4347,69.4,8953.753063751145,147.64077036609476,,,,,,,,,,,,,,,,,,,0,0,0,,NH,0.504245040212227,0.285021505239731,0.00285021505239731,0.248788303768652
New Hampshire,NH,2012,1327372,74082.8,55811.633815,0.4298,69.3,8953.753063751145,148.24755502514407,,,,,,,,,,,,,,,,,,,0,0,0,,NH,0.0940654125786761,0.28134334702356,0.0028134334702356,-0.108581724721911
New Hampshire,NH,2013,1331163,75503.4,56719.875778,0.4387,69.1,8953.753063751145,148.6709528978582,,,,,,,,,,,,,,,,,,,0,0,0,,NH,0.0357434562965145,0.286382787979241,0.00286382787979241,0.0334611469905603
New Hampshire,NH,2014,1339344,76836.2,57368.532655,0.441,68.6,8953.753063751145,149.58464796424556,,,,,,,,,,,,,,,,,,,0,0,0,,NH,0.0756074292107998,0.281231455632609,0.00281231455632609,0.0157485335033888
New Hampshire,NH,2015,1343764,79319.3,59027.701293,0.4347,68.5,8953.753063751145,150.0782957082172,,,,,,,,,,,,,,,,,,,0,0,0,,NH,0.0775042365401052,0.283800347455391,0.00283800347455391,0.0157485335033888
New Hampshire,NH,2016,1351178,80736.1,59752.379035,0.4304,68.6,8953.753063751145,150.90632837197418,,,,,,,,,,,,,,,,,,,0,0,0,,NH,0.147334668597842,0.282055901863122,0.00282055901863122,0.330330685728168
New Hampshire,NH,2017,1359076,81179.6,59731.464613,0.4386,68.2,8953.753063751145,151.78841658054614,,0.35698711,0.31499605,0.65552375,0.5431169,0.98885182,0.75960245,0.902519,0.7512665,0.347238,0.1739601,0.535324,0.1663908,0.1023026,0.1609351,0.2309315,0.1439188,,0,1,1,CPS CEV observed state rates; separate modern indicators; not spliced to Hawes index,NH,0.275408971805273,0.286348279182883,0.00286348279182883,0.559641636301122
New Hampshire,NH,2018,1364941,82269.5,60273.301190,0.453,68.6,8953.753063751145,152.44344916389312,,,,,,,,,,,,,,,,,,,0,0,0,,NH,0.13129304874235,0.281835462898091,0.00281835462898091,0.347296802979595
New Hampshire,NH,2019,1371857,84438.2,61550.292778,0.4406,68.9,8953.753063751145,153.21586269269582,,0.32210938,0.33168781,0.59570566,0.58505195,0.99698762,0.70933865,0.87214871,0.73798696,0.30050184,0.18652031,0.55052082,0.11717473,0.08053191,0.18494154,0.27430881,0.17773005,,0,1,1,CPS CEV observed state rates; separate modern indicators; not spliced to Hawes index,NH,0.134775738686298,0.282206836529295,0.00282206836529295,0.11798585240664
New Hampshire,NH,2020,1378702,83152.6,60312.235712,,66.8,8953.753063751145,153.9803465857922,,,,,,,,,,,,,,,,,,,0,0,0,,NH,0.0942605428016045,0.281244839224224,0.00281244839224224,0.13644041025238
New Hampshire,NH,2021,1387494,89949.3,64828.604664,0.4348,65.5,8953.753063751145,154.96228119325798,,0.27915103,0.2942177,0.59374652,0.52449016,0.96717287,0.67566794,0.84319079,0.75868583,0.33897372,0.17831218,0.53719904,0.11958216,0.08753665,0.11903574,0.21249521,0.20876937,0.39398832,0,1,1,CPS CEV observed state rates; separate modern indicators; not spliced to Hawes index,NH,0.0964660436532222,0.283319028557273,0.00283319028557273,0.13644041025238
New Hampshire,NH,2022,1399003,91416.1,65343.748369,0.4466,65.6,8953.753063751145,156.2476639727534,,,,,,,,,,,,,,,,,,,0,0,0,,NH,-0.116459271004734,0.283170587521422,0.00283170587521422,-0.0229110453867241
New Hampshire,NH,2023,1402054,93466.7,66664.122780,0.4446,65.3,8953.753063751145,156.58841493810576,,0.2963946,0.2966554,0.5840593,0.5974772,0.9829012,0.7037384,0.8797522,0.695236,0.3045623,0.1731942,0.5224911,0.1171877,0.0555248,0.164519,0.2283486,0.2606235,0.4846367,0,1,1,CPS CEV observed state rates; separate modern indicators; not spliced to Hawes index,NH,-0.114738833974666,0.281193434600717,0.00281193434600717,-0.0229110453867241
New Jersey,NJ,2000,8430621,503901.5,59770.389394,,66.5,7354.758726104268,1146.2811104975028,-0.0416767,,,,,,,,,,,,,,,,,,1,0,1,Hawes/Compton 3-year moving-average social-capital index; contiguous 48 states,NJ,-0.0176273180311419,0.284511905231798,0.00284511905231798,-0.625597586647686
New Jersey,NJ,2001,8492671,509631.5,60008.388409,,66.1,7354.758726104268,1154.7178250534496,-0.0763012,,,,,,,,,,,,,,,,,,1,0,1,Hawes/Compton 3-year moving-average social-capital index; contiguous 48 states,NJ,-0.00877482522625691,0.286402202984716,0.00286402202984716,-0.61681061983624
New Jersey,NJ,2002,8552643,517752.2,60537.099467,,66.5,7354.758726104268,1162.872001449086,-0.053308934,,,,,,,,,,,,,,,,,,1,0,1,Hawes/Compton 3-year moving-average social-capital index; contiguous 48 states,NJ,1.09466226407484,0.289294744969383,0.00289294744969383,-0.0985468468025776
New Jersey,NJ,2003,8601402,529815.9,61596.458345,,66.1,7354.758726104268,1169.501586703452,0.21079783,,,,,,,,,,,,,,,,,,1,0,1,Hawes/Compton 3-year moving-average social-capital index; contiguous 48 states,NJ,1.09392766103373,0.284975460310229,0.00284975460310229,-0.108942340977722
New Jersey,NJ,2004,8634561,536174.0,62096.266388,,65.9,7354.758726104268,1174.0100962596266,0.10892465,,,,,,,,,,,,,,,,,,1,0,1,Hawes/Compton 3-year moving-average social-capital index; contiguous 48 states,NJ,1.17558132799293,0.284464093177037,0.00284464093177037,-0.104538096878411
New Jersey,NJ,2005,8651974,546357.8,63148.340483,,66.1,7354.758726104268,1176.377679024537,0.17818774,,,,,,,,,,,,,,,,,,1,0,1,Hawes/Compton 3-year moving-average social-capital index; contiguous 48 states,NJ,1.17653814077659,0.28232488431907,0.0028232488431907,-0.109924257561444
New Jersey,NJ,2006,8661679,555211.0,64099.697068,0.458,66.6,7354.758726104268,1177.6972328483157,-0.061680224,,,,,,,,,,,,,,,,,,1,0,1,Hawes/Compton 3-year moving-average social-capital index; contiguous 48 states,NJ,0.833013899644517,0.283708920540381,0.00283708920540381,-0.271547785443303
New Jersey,NJ,2007,8677885,560823.8,64626.784061,0.464,66.2,7354.758726104268,1179.9007041793982,-0.07624923,,,,,,,,,,,,,,,,,,1,0,1,Hawes/Compton 3-year moving-average social-capital index; contiguous 48 states,NJ,0.830925364852769,0.28672787195487,0.0028672787195487,-0.255852734535636
New Jersey,NJ,2008,8711090,573202.7,65801.489825,0.462,66.7,7354.758726104268,1184.4154681895548,-0.06637413,,,,,,,,,,,,,,,,,,1,0,1,Hawes/Compton 3-year moving-average social-capital index; contiguous 48 states,NJ,1.0816848141184,0.284147798101119,0.00284147798101119,-0.168442294649082
New Jersey,NJ,2009,8755602,546362.2,62401.443099,0.465,67.0,7354.758726104268,1190.4676041817272,0.07292936,,,,,,,,,,,,,,,,,,1,0,1,Hawes/Compton 3-year moving-average social-capital index; contiguous 48 states,NJ,1.08233122492274,0.287426369882359,0.00287426369882359,-0.148019794088765
New Jersey,NJ,2010,8809368,554764.4,62974.370012,0.464,66.6,7354.758726104268,1197.777973155378,0.09364901,,,,,,,,,,,,,,,,,,1,0,1,Hawes/Compton 3-year moving-average social-capital index; contiguous 48 states,NJ,0.954834129173038,0.278573644126442,0.00278573644126442,-0.291675509448495
New Jersey,NJ,2011,8878245,548479.3,61777.896420,0.4694,66.1,7354.758726104268,1207.1429302620652,,,,,,,,,,,,,,,,,,,0,0,0,,NJ,0.956093568463738,0.281637047226328,0.00281637047226328,-0.2719991802658
New Jersey,NJ,2012,8935248,560729.7,62754.799867,0.4718,66.0,7354.758726104268,1214.8934224430907,,,,,,,,,,,,,,,,,,,0,0,0,,NJ,1.22638589959201,0.280683542585199,0.00280683542585199,-0.0225443788606857
New Jersey,NJ,2013,8987175,570952.4,63529.685357,0.48,65.0,7354.758726104268,1221.9537492238585,,,,,,,,,,,,,,,,,,,0,0,0,,NJ,1.22189398785061,0.283189369087092,0.00283189369087092,0.00905214567321282
New Jersey,NJ,2014,9036406,570696.4,63155.241143,0.4757,64.2,7354.758726104268,1228.6475106147338,,,,,,,,,,,,,,,,,,,0,0,0,,NJ,0.663942938186562,0.281741782538853,0.00281741782538853,0.113490163207877
New Jersey,NJ,2015,9079218,581414.9,64037.993140,0.4832,64.1,7354.758726104268,1234.4685037423599,,,,,,,,,,,,,,,,,,,0,0,0,,NJ,0.682955569544818,0.283387466776237,0.00283387466776237,0.285473376137593
New Jersey,NJ,2016,9122374,587049.7,64352.733181,0.4813,63.9,7354.758726104268,1240.3362693084587,,,,,,,,,,,,,,,,,,,0,0,0,,NJ,0.867758023239505,0.284581178680455,0.00284581178680455,0.236705588468309
New Jersey,NJ,2017,9176713,590086.7,64302.621211,0.4794,63.4,7354.758726104268,1247.7245470241007,,0.26134699,0.25193276,0.55811686,0.49423955,0.97510278,0.78751871,0.8859757,0.7246901,0.3756158,0.2167548,0.4875354,0.0926346,0.085062,0.117087,0.1999109,0.1153605,,0,1,1,CPS CEV observed state rates; separate modern indicators; not spliced to Hawes index,NJ,0.733316787700493,0.283111068161209,0.00283111068161209,0.00739463789535409
New Jersey,NJ,2018,9220072,606892.2,65822.935005,0.4836,63.0,7354.758726104268,1253.6199137675542,,,,,,,,,,,,,,,,,,,0,0,0,,NJ,0.829056325496928,0.286145903829452,0.00286145903829452,0.904192546904729
New Jersey,NJ,2019,9259376,618691.0,66817.785561,0.4782,63.8,7354.758726104268,1258.9639367958691,,0.26147236,0.26506766,0.54415958,0.48930539,0.94270188,0.67362881,0.79571285,0.62656215,0.29058914,0.15732016,0.56351581,0.09409263,0.08188676,0.09659196,0.21145387,0.13483937,,0,1,1,CPS CEV observed state rates; separate modern indicators; not spliced to Hawes index,NJ,0.931790854405481,0.286891234659082,0.00286891234659082,1.47746992333712
New Jersey,NJ,2020,9272392,597221.4,64408.558223,,62.9,7354.758726104268,1260.7336753399497,,,,,,,,,,,,,,,,,,,0,0,0,,NJ,1.20461314537234,0.284225610005352,0.00284225610005351,1.92562110133828
New Jersey,NJ,2021,9269175,632463.3,68232.965717,0.4853,62.9,7354.758726104268,1260.2962714603932,,0.19908339,0.18033374,0.51101752,0.46975209,0.95177572,0.67868456,0.80355559,0.64154925,0.2976749,0.19085963,0.50824103,0.06492564,0.07801217,0.06298165,0.20945117,0.11593948,0.36482555,0,1,1,CPS CEV observed state rates; separate modern indicators; not spliced to Hawes index,NJ,1.19669839130709,0.286043412031399,0.00286043412031399,1.92562110133828
New Jersey,NJ,2022,9260817,650235.8,70213.653936,0.4815,63.8,7354.758726104268,1259.1598643651698,,,,,,,,,,,,,,,,,,,0,0,0,,NJ,1.23481347305215,0.286588765350763,0.00286588765350763,2.26400007029844
New Jersey,NJ,2023,9290841,663888.5,71456.233079,0.4794,64.5,7354.758726104268,1263.2421192858426,,0.2565836,0.2279223,0.5712183,0.5436478,0.9770966,0.697782,0.8209287,0.6680069,0.2623517,0.1335098,0.5663548,0.0878705,0.0920158,0.1119282,0.2326863,0.1387715,0.4245964,0,1,1,CPS CEV observed state rates; separate modern indicators; not spliced to Hawes index,NJ,1.23438477986415,0.28507410019847,0.0028507410019847,2.26400007029844
New Mexico,NM,2000,1821204,72733.8,39937.206376,,63.2,121312.7425879337,15.012470752442992,0.1034791,,,,,,,,,,,,,,,,,,1,0,1,Hawes/Compton 3-year moving-average social-capital index; contiguous 48 states,NM,0.728579835782575,0.284769559406231,0.00284769559406231,0.254339853089843
New Mexico,NM,2001,1831690,72996.4,39851.940012,,63.3,121312.7425879337,15.098908498192571,0.019376926,,,,,,,,,,,,,,,,,,1,0,1,Hawes/Compton 3-year moving-average social-capital index; contiguous 48 states,NM,0.760869483994375,0.283106389015515,0.00283106389015515,0.372694572764421
New Mexico,NM,2002,1855309,75345.9,40610.971003,,63.2,121312.7425879337,15.293603626636147,-0.13155778,,,,,,,,,,,,,,,,,,1,0,1,Hawes/Compton 3-year moving-average social-capital index; contiguous 48 states,NM,0.470362330987316,0.285348949874465,0.00285348949874465,0.252458064024697
New Mexico,NM,2003,1877574,78766.8,41951.369160,,63.2,121312.7425879337,15.477137520314802,-0.032605432,,,,,,,,,,,,,,,,,,1,0,1,Hawes/Compton 3-year moving-average social-capital index; contiguous 48 states,NM,0.466392759363812,0.282203916021842,0.00282203916021842,0.255976268969602
New Mexico,NM,2004,1903808,85751.0,45041.831949,,62.9,121312.7425879337,15.693388504674374,-0.39375812,,,,,,,,,,,,,,,,,,1,0,1,Hawes/Compton 3-year moving-average social-capital index; contiguous 48 states,NM,0.796409744665715,0.282465220448709,0.00282465220448709,0.433258840116
New Mexico,NM,2005,1932274,86295.9,44660.281099,,62.9,121312.7425879337,15.92803821576607,-0.1956621,,,,,,,,,,,,,,,,,,1,0,1,Hawes/Compton 3-year moving-average social-capital index; contiguous 48 states,NM,0.720121583162984,0.286184701463897,0.00286184701463897,0.200612209958576
New Mexico,NM,2006,1962137,88554.5,45131.660022,0.457,62.4,121312.7425879337,16.17420361737962,-0.44217017,,,,,,,,,,,,,,,,,,1,0,1,Hawes/Compton 3-year moving-average social-capital index; contiguous 48 states,NM,0.805398500783764,0.284434875277532,0.00284434875277532,0.461194228750539
New Mexico,NM,2007,1990070,89392.3,44919.173697,0.459,61.9,121312.7425879337,16.404459725716737,-0.2877621,,,,,,,,,,,,,,,,,,1,0,1,Hawes/Compton 3-year moving-average social-capital index; contiguous 48 states,NM,0.723820532635132,0.284887283587839,0.00284887283587839,0.226917524694063
New Mexico,NM,2008,2010662,89012.9,44270.444262,0.46,62.0,121312.7425879337,16.574202817503437,-0.17633797,,,,,,,,,,,,,,,,,,1,0,1,Hawes/Compton 3-year moving-average social-capital index; contiguous 48 states,NM,0.827651845782134,0.285707351705965,0.00285707351705965,0.356850353523633
New Mexico,NM,2009,2036802,90829.2,44594.025340,0.453,60.6,121312.7425879337,16.789678945092035,0.3491247,,,,,,,,,,,,,,,,,,1,0,1,Hawes/Compton 3-year moving-average social-capital index; contiguous 48 states,NM,0.82625898561277,0.285264910559103,0.00285264910559103,0.350453854359948
New Mexico,NM,2010,2064898,90721.0,43934.857799,0.464,59.6,121312.7425879337,17.021278688042653,0.40549105,,,,,,,,,,,,,,,,,,1,0,1,Hawes/Compton 3-year moving-average social-capital index; contiguous 48 states,NM,0.972567539951141,0.285671454149762,0.00285671454149762,0.474070774116841
New Mexico,NM,2011,2082130,90552.3,43490.223953,0.4821,58.7,121312.7425879337,17.16332477184551,,,,,,,,,,,,,,,,,,,0,0,0,,NM,0.972281066799539,0.280467166252418,0.00280467166252418,0.467745921509026
New Mexico,NM,2012,2090282,90762.4,43421.126910,0.4713,58.5,121312.7425879337,17.23052298883488,,,,,,,,,,,,,,,,,,,0,0,0,,NM,0.909279833006839,0.286015454664237,0.00286015454664237,0.60847687229017
New Mexico,NM,2013,2096538,90104.0,42977.518175,0.4759,58.1,121312.7425879337,17.282092179890515,,,,,,,,,,,,,,,,,,,0,0,0,,NM,0.913125528247104,0.283455524447674,0.00283455524447674,0.611605012969417
New Mexico,NM,2014,2095081,92621.1,44208.839658,0.477,58.1,121312.7425879337,17.27008189994038,,,,,,,,,,,,,,,,,,,0,0,0,,NM,0.784323900210447,0.283822328664382,0.00283822328664382,0.0419966865581768
New Mexico,NM,2015,2096056,93503.9,44609.447458,0.4795,58.2,121312.7425879337,17.278118978149976,,,,,,,,,,,,,,,,,,,0,0,0,,NM,0.788986615249713,0.283195076585908,0.00283195076585908,0.0419966865581768
New Mexico,NM,2016,2099682,93043.5,44313.138847,0.4769,58.2,121312.7425879337,17.30800866593254,,,,,,,,,,,,,,,,,,,0,0,0,,NM,0.905408583491098,0.282143049478979,0.00282143049478979,0.761729343125773
New Mexico,NM,2017,2101111,93210.1,44362.292140,0.4776,58.0,121312.7425879337,17.319788137482814,,0.27053585,0.22018929,0.44143208,0.44095466,0.97591039,0.69577369,0.8655164,0.6530395,0.2689356,0.2009949,0.4913743,0.1221467,0.0953354,0.1225264,0.1525547,0.1277137,,0,1,1,CPS CEV observed state rates; separate modern indicators; not spliced to Hawes index,NM,0.900381009468092,0.286492311856585,0.00286492311856585,0.761729343125773
New Mexico,NM,2018,2103161,96077.0,45682.189809,0.4891,57.7,121312.7425879337,17.336686609615814,,,,,,,,,,,,,,,,,,,0,0,0,,NM,0.866667620205802,0.285556531834799,0.00285556531834799,1.3200139728083
New Mexico,NM,2019,2110180,100342.2,47551.488499,0.4768,58.0,121312.7425879337,17.394545329567777,,0.27748398,0.26338741,0.4267782,0.47541095,0.9675947,0.63659619,0.78579994,0.66434406,0.28600783,0.20572252,0.53964134,0.1080011,0.10402336,0.10692144,0.19326837,0.16848232,,0,1,1,CPS CEV observed state rates; separate modern indicators; not spliced to Hawes index,NM,0.917110126238427,0.284013763577815,0.00284013763577815,1.54932492338125
New Mexico,NM,2020,2118488,97622.4,46081.167323,,55.9,121312.7425879337,17.463029479070688,,,,,,,,,,,,,,,,,,,0,0,0,,NM,0.914595300289884,0.286147655832679,0.00286147655832679,2.23784449328329
New Mexico,NM,2021,2116950,100917.6,47671.225112,0.4861,56.3,121312.7425879337,17.450351503392366,,0.19674798,0.20312318,0.44313866,0.46188433,0.9815966,0.60889322,0.83718454,0.66032022,0.24750775,0.20710486,0.54351447,0.09074703,0.12486175,0.08244639,0.13581958,0.20756494,0.34551779,0,1,1,CPS CEV observed state rates; separate modern indicators; not spliced to Hawes index,NM,0.912420124324238,0.286061430661011,0.00286061430661011,2.23784449328329
New Mexico,NM,2022,2113476,103301.6,48877.583658,0.4796,56.5,121312.7425879337,17.421714775494785,,,,,,,,,,,,,,,,,,,0,0,0,,NM,0.820702145291773,0.284856656525958,0.00284856656525958,2.19978469608229
New Mexico,NM,2023,2114371,110323.7,52178.023630,0.4771,57.3,121312.7425879337,17.42909240113334,,0.2025419,0.1908333,0.3737651,0.4769614,0.988205,0.6130272,0.8010169,0.6500532,0.2419373,0.2046279,0.5399778,0.0925307,0.0645885,0.0912288,0.1378476,0.1875549,0.3749662,0,1,1,CPS CEV observed state rates; separate modern indicators; not spliced to Hawes index,NM,0.838545203384749,0.285339939498496,0.00285339939498496,2.31444017136877
New York,NY,2000,19001780,1217036.4,64048.547031,,62.8,47123.58345350337,403.23291667215784,-0.48124006,,,,,,,,,,,,,,,,,,1,0,1,Hawes/Compton 3-year moving-average social-capital index; contiguous 48 states,NY,-0.582624272522386,0.287175798573818,0.00287175798573819,-1.25177852890289
New York,NY,2001,19082838,1240755.2,65019.427404,,62.3,47123.58345350337,404.9530320381715,-0.3428209,,,,,,,,,,,,,,,,,,1,0,1,Hawes/Compton 3-year moving-average social-capital index; contiguous 48 states,NY,-0.577804599975791,0.284876251984197,0.00284876251984197,-1.24973485853044
New York,NY,2002,19137800,1228580.8,64196.553418,,63.1,47123.58345350337,406.11936948477575,-0.33825877,,,,,,,,,,,,,,,,,,1,0,1,Hawes/Compton 3-year moving-average social-capital index; contiguous 48 states,NY,-0.607430671354456,0.287149683732073,0.00287149683732073,-1.20746830129678
New York,NY,2003,19175939,1236563.1,64485.139424,,62.6,47123.58345350337,406.9287094628704,-0.29822472,,,,,,,,,,,,,,,,,,1,0,1,Hawes/Compton 3-year moving-average social-capital index; contiguous 48 states,NY,-0.616339597545521,0.287750340513165,0.00287750340513165,-1.25008724839564
New York,NY,2004,19171567,1269433.1,66214.363176,,62.8,47123.58345350337,406.83593213823605,-0.374484,,,,,,,,,,,,,,,,,,1,0,1,Hawes/Compton 3-year moving-average social-capital index; contiguous 48 states,NY,-0.455897113115846,0.288275491543487,0.00288275491543487,-1.12206007459699
New York,NY,2005,19132610,1301438.0,68021.979228,,63.0,47123.58345350337,406.00923354816723,-0.41002175,,,,,,,,,,,,,,,,,,1,0,1,Hawes/Compton 3-year moving-average social-capital index; contiguous 48 states,NY,-0.457132730893319,0.288692814230442,0.00288692814230442,-1.12248649351956
New York,NY,2006,19104631,1339568.5,70117.475705,0.495,63.1,47123.58345350337,405.415496867942,-0.48349676,,,,,,,,,,,,,,,,,,1,0,1,Hawes/Compton 3-year moving-average social-capital index; contiguous 48 states,NY,-0.631379276183265,0.285041504540912,0.00285041504540912,-1.48786252950462
New York,NY,2007,19132335,1353798.9,70759.732150,0.5,62.6,47123.58345350337,406.00339782898277,-0.4722245,,,,,,,,,,,,,,,,,,1,0,1,Hawes/Compton 3-year moving-average social-capital index; contiguous 48 states,NY,-0.54765127244491,0.285846366404881,0.00285846366404881,-1.26717051365487
New York,NY,2008,19212436,1328095.7,69126.876987,0.503,63.2,47123.58345350337,407.70320489223457,-0.370304,,,,,,,,,,,,,,,,,,1,0,1,Hawes/Compton 3-year moving-average social-capital index; contiguous 48 states,NY,-0.0687446367346394,0.286008317139728,0.00286008317139728,-1.1906504546081
New York,NY,2009,19307066,1379504.6,71450.763156,0.502,63.1,47123.58345350337,409.71132891559904,-0.11884115,,,,,,,,,,,,,,,,,,1,0,1,Hawes/Compton 3-year moving-average social-capital index; contiguous 48 states,NY,-0.0601895249952378,0.283890190484749,0.00283890190484749,-1.09827130521606
New York,NY,2010,19420354,1431624.0,73717.708750,0.499,62.6,47123.58345350337,412.11539057003114,-0.07471633,,,,,,,,,,,,,,,,,,1,0,1,Hawes/Compton 3-year moving-average social-capital index; contiguous 48 states,NY,0.078819181965721,0.285770511599504,0.00285770511599504,-0.897173755648552
New York,NY,2011,19602134,1440346.8,73479.081410,0.5033,61.6,47123.58345350337,415.9729070549428,,,,,,,,,,,,,,,,,,,0,0,0,,NY,0.0828467180577405,0.288805108501374,0.00288805108501374,-0.896856177870303
New York,NY,2012,19758616,1496280.1,75727.981150,0.5009,61.7,47123.58345350337,419.2935798164785,,,,,,,,,,,,,,,,,,,0,0,0,,NY,0.232424095594645,0.282348179803025,0.00282348179803025,-0.436227889216467
New York,NY,2013,19892558,1501818.0,75496.474611,0.5098,61.6,47123.58345350337,422.1359358128589,,,,,,,,,,,,,,,,,,,0,0,0,,NY,0.220041027485719,0.288089925664756,0.00288089925664756,-0.471124621318089
New York,NY,2014,20001317,1535375.9,76763.740108,0.5111,60.7,47123.58345350337,424.4438884775223,,,,,,,,,,,,,,,,,,,0,0,0,,NY,0.215167718641046,0.281715872744573,0.00281715872744573,-0.180377629546542
New York,NY,2015,20087023,1565835.2,77952.576646,0.5138,60.7,47123.58345350337,426.26263810815186,,,,,,,,,,,,,,,,,,,0,0,0,,NY,0.214411848392438,0.284071851517018,0.00284071851517018,-0.180377629546542
New York,NY,2016,20148134,1590567.8,78943.677861,0.5129,60.6,47123.58345350337,427.55946223572056,,,,,,,,,,,,,,,,,,,0,0,0,,NY,0.411220092359893,0.280479456699152,0.00280479456699152,-0.0744302102676134
New York,NY,2017,20187407,1624800.7,80485.854374,0.5157,60.8,47123.58345350337,428.3928665976522,,0.2528168,0.25816271,0.48389429,0.4527826,0.96665927,0.73939847,0.855072,0.7219647,0.3622894,0.2392143,0.4506881,0.1069947,0.1325347,0.1218112,0.2097878,0.1111442,,0,1,1,CPS CEV observed state rates; separate modern indicators; not spliced to Hawes index,NY,0.408985674362553,0.281951012266079,0.00281951012266079,-0.0744302102676134
New York,NY,2018,20219472,1665186.8,82355.602560,0.513,60.6,47123.58345350337,429.0733114545599,,,,,,,,,,,,,,,,,,,0,0,0,,NY,0.413140267579681,0.287347088307504,0.00287347088307504,-0.0442205248672958
New York,NY,2019,20220321,1704364.3,84289.675718,0.5149,60.7,47123.58345350337,429.09132791124216,,0.22652851,0.21990095,0.45360457,0.44584969,0.97605481,0.67127917,0.84723699,0.68008395,0.27902682,0.18350259,0.51575567,0.07184894,0.08220932,0.08809593,0.18442125,0.11894185,,0,1,1,CPS CEV observed state rates; separate modern indicators; not spliced to Hawes index,NY,0.507601687678311,0.283440554346346,0.00283440554346346,0.529056851565091
New York,NY,2020,20104710,1656784.8,82407.793995,,59.1,47123.58345350337,426.6379703452991,,,,,,,,,,,,,,,,,,,0,0,0,,NY,0.586535822527896,0.284870840588161,0.00284870840588161,1.04573961173817
New York,NY,2021,19854526,1736222.3,87447.179550,0.514,59.5,47123.58345350337,421.3288664600469,,0.21718866,0.24035216,0.47662515,0.45147087,0.96226142,0.67676699,0.86153251,0.70463536,0.3280468,0.20032793,0.55683174,0.10176432,0.12445267,0.08595312,0.20376996,0.17385941,0.30185951,0,1,1,CPS CEV observed state rates; separate modern indicators; not spliced to Hawes index,NY,0.641484260666957,0.286813536935293,0.00286813536935293,1.27505056231112
New York,NY,2022,19673200,1765102.1,89721.148568,0.5208,60.3,47123.58345350337,417.4809842169889,,,,,,,,,,,,,,,,,,,0,0,0,,NY,0.656313584909294,0.283593775662837,0.00283593775662837,1.25097274486449
New York,NY,2023,19571216,1791210.7,91522.708655,0.5157,61.0,47123.58345350337,415.3168024522335,,0.2550391,0.2394091,0.4399939,0.5100803,0.9604568,0.7136781,0.8398138,0.7237164,0.3216264,0.1857922,0.5222987,0.0750862,0.0854178,0.0946931,0.241832,0.1601508,0.3922215,0,1,1,CPS CEV observed state rates; separate modern indicators; not spliced to Hawes index,NY,0.653386401504018,0.284211499066523,0.00284211499066523,1.25097274486449
North Carolina,NC,2000,8081614,384115.3,47529.528136,,67.5,48623.013077331336,166.20965029762317,-0.4601851,,,,,,,,,,,,,,,,,,1,0,1,Hawes/Compton 3-year moving-average social-capital index; contiguous 48 states,NC,0.392556656237743,0.280364652304175,0.00280364652304175,1.00770271929314
North Carolina,NC,2001,8210122,387433.9,47189.785974,,67.5,48623.013077331336,168.8525963403873,-0.6034974,,,,,,,,,,,,,,,,,,1,0,1,Hawes/Compton 3-year moving-average social-capital index; contiguous 48 states,NC,0.385505077959885,0.284402870523674,0.00284402870523674,1.04258356745049
North Carolina,NC,2002,8326201,393685.9,47282.776383,,66.6,48623.013077331336,171.23992268347888,-0.645136,,,,,,,,,,,,,,,,,,1,0,1,Hawes/Compton 3-year moving-average social-capital index; contiguous 48 states,NC,0.605894106872003,0.28334718325636,0.0028334718325636,1.11331712827352
North Carolina,NC,2003,8422501,404582.5,48035.909999,,67.0,48623.013077331336,173.22046633771194,-0.39129576,,,,,,,,,,,,,,,,,,1,0,1,Hawes/Compton 3-year moving-average social-capital index; contiguous 48 states,NC,0.620056726482361,0.283930794720213,0.00283930794720213,1.18417954351018
North Carolina,NC,2004,8553152,420579.4,49172.445433,,66.2,48623.013077331336,175.9074861608605,-0.6956486,,,,,,,,,,,,,,,,,,1,0,1,Hawes/Compton 3-year moving-average social-capital index; contiguous 48 states,NC,0.922529047662778,0.284564515650834,0.00284564515650834,1.37683579697239
North Carolina,NC,2005,8705407,442305.6,50808.147166,,65.9,48623.013077331336,179.03882234025048,-0.8149792,,,,,,,,,,,,,,,,,,1,0,1,Hawes/Compton 3-year moving-average social-capital index; contiguous 48 states,NC,0.931768069967509,0.28505199759545,0.0028505199759545,1.42180834094701
North Carolina,NC,2006,8917270,470663.9,52781.165088,0.458,66.1,48623.013077331336,183.39608007874247,-1.235501,,,,,,,,,,,,,,,,,,1,0,1,Hawes/Compton 3-year moving-average social-capital index; contiguous 48 states,NC,0.892541469162468,0.283879796559449,0.00283879796559449,1.26681717834766
North Carolina,NC,2007,9118037,477920.8,52414.878334,0.465,65.6,48623.013077331336,187.52513311954633,-1.1269634,,,,,,,,,,,,,,,,,,1,0,1,Hawes/Compton 3-year moving-average social-capital index; contiguous 48 states,NC,0.945293005998737,0.288508804696196,0.00288508804696196,1.52016758972424
North Carolina,NC,2008,9309449,492688.8,52923.518889,0.463,65.1,48623.013077331336,191.46178755302566,-0.99793184,,,,,,,,,,,,,,,,,,1,0,1,Hawes/Compton 3-year moving-average social-capital index; contiguous 48 states,NC,0.844651075804731,0.2831942803126,0.002831942803126,1.36977491202665
North Carolina,NC,2009,9449566,473610.5,50119.815026,0.464,64.6,48623.013077331336,194.3434888531313,-0.711547,,,,,,,,,,,,,,,,,,1,0,1,Hawes/Compton 3-year moving-average social-capital index; contiguous 48 states,NC,0.863644340808455,0.286913643325826,0.00286913643325826,1.41756774651889
North Carolina,NC,2010,9571037,482030.4,50363.445466,0.464,63.5,48623.013077331336,196.84170918774547,-0.66248596,,,,,,,,,,,,,,,,,,1,0,1,Hawes/Compton 3-year moving-average social-capital index; contiguous 48 states,NC,0.773424155537334,0.280798242525599,0.00280798242525599,1.21947339494294
North Carolina,NC,2011,9641131,484200.3,50222.354618,0.4716,62.8,48623.013077331336,198.28328994475288,,,,,,,,,,,,,,,,,,,0,0,0,,NC,0.7614479575212,0.285028512617256,0.00285028512617256,1.23378488013902
North Carolina,NC,2012,9719755,488126.5,50220.041555,0.4691,62.9,48623.013077331336,199.90030203478838,,,,,,,,,,,,,,,,,,,0,0,0,,NC,-1.87918415675868,0.285897313001368,0.00285897313001368,-0.177329019027295
North Carolina,NC,2013,9800429,497456.6,50758.655565,0.4765,61.9,48623.013077331336,201.55947523065132,,,,,,,,,,,,,,,,,,,0,0,0,,NC,-2.13413242221357,0.286207800949258,0.00286207800949258,-0.816673541287074
North Carolina,NC,2014,9876774,509782.4,51614.261904,0.4748,61.1,48623.013077331336,203.12961651084262,,,,,,,,,,,,,,,,,,,0,0,0,,NC,-2.28572255918982,0.285265836584151,0.00285265836584151,-0.856536393185613
North Carolina,NC,2015,9962464,525229.1,52720.802805,0.4776,61.1,48623.013077331336,204.89195073442758,,,,,,,,,,,,,,,,,,,0,0,0,,NC,-2.28940226726328,0.289382230137955,0.00289382230137955,-0.856536393185613
North Carolina,NC,2016,10072775,536308.5,53243.371365,0.478,61.2,48623.013077331336,207.16065012219605,,,,,,,,,,,,,,,,,,,0,0,0,,NC,-1.8583173072916,0.287893182631654,0.00287893182631654,-0.786787301470363
North Carolina,NC,2017,10172498,546810.1,53753.768248,0.4763,61.4,48623.013077331336,209.21159253996433,,0.35051712,0.32228469,0.54684498,0.53669804,0.97268254,0.74797169,0.8829354,0.7309299,0.3461189,0.1957815,0.5938,0.1091805,0.0783319,0.0999095,0.2492981,0.1442038,,0,1,1,CPS CEV observed state rates; separate modern indicators; not spliced to Hawes index,NC,-1.72700338819027,0.286172052686786,0.00286172052686786,-0.557476350897409
North Carolina,NC,2018,10273864,556573.7,54173.746119,0.4782,61.2,48623.013077331336,211.29632554157376,,,,,,,,,,,,,,,,,,,0,0,0,,NC,-1.18120205731783,0.284945734763959,0.00284945734763959,-0.00861667551425341
North Carolina,NC,2019,10369657,567975.0,54772.785638,0.4743,61.5,48623.013077331336,213.26644203451195,,0.3038213,0.26073795,0.49899212,0.48654672,0.9674202,0.67520113,0.8147749,0.64105203,0.27576665,0.14443646,0.49430739,0.08296738,0.06329279,0.08089007,0.21950543,0.10415863,,0,1,1,CPS CEV observed state rates; separate modern indicators; not spliced to Hawes index,NC,-1.149063333754,0.289436138144221,0.00289436138144221,0.220694275058701
North Carolina,NC,2020,10453812,564504.4,53999.861486,,59.0,48623.013077331336,214.9972068447091,,,,,,,,,,,,,,,,,,,0,0,0,,NC,-0.164758625800075,0.28494334220448,0.0028494334220448,1.24039484248405
North Carolina,NC,2021,10567100,600217.3,56800.569693,0.4801,59.5,48623.013077331336,217.32713238469617,,0.2282671,0.24778925,0.47601488,0.48425029,0.97749516,0.68886905,0.81617164,0.69406903,0.30371981,0.18328516,0.59252708,0.0663124,0.06915701,0.06227292,0.19555747,0.16110736,0.37244956,0,1,1,CPS CEV observed state rates; separate modern indicators; not spliced to Hawes index,NC,-0.24432942024195,0.286381705128617,0.00286381705128617,1.0110838919111
North Carolina,NC,2022,10695965,619537.2,57922.515640,0.4768,61.4,48623.013077331336,219.97742062979216,,,,,,,,,,,,,,,,,,,0,0,0,,NC,-0.172707591194268,0.285637107117174,0.00285637107117174,1.3173772727915
North Carolina,NC,2023,10835491,638067.3,58886.791563,0.4732,61.2,48623.013077331336,222.84696719158367,,0.2488197,0.2075656,0.4644727,0.4926466,0.9592662,0.6719733,0.8151438,0.6206004,0.2595355,0.1403145,0.4992506,0.0687617,0.0629452,0.0858877,0.2330959,0.1908364,0.3814309,0,1,1,CPS CEV observed state rates; separate modern indicators; not spliced to Hawes index,NC,-0.307232635635877,0.284158477397303,0.00284158477397303,1.08806632221854
North Dakota,ND,2000,642023,24990.2,38924.150692,,70.8,68995.85995621323,9.305239479694091,0.47298247,,,,,,,,,,,,,,,,,,1,0,1,Hawes/Compton 3-year moving-average social-capital index; contiguous 48 states,ND,1.05892240158716,0.286157599667782,0.00286157599667782,1.30865317887292
North Dakota,ND,2001,639062,25329.8,39635.903872,,70.9,68995.85995621323,9.26232386125149,0.49062276,,,,,,,,,,,,,,,,,,1,0,1,Hawes/Compton 3-year moving-average social-capital index; contiguous 48 states,ND,1.05584175881222,0.285093640126347,0.00285093640126347,1.31044576055185
North Dakota,ND,2002,638168,26592.1,41669.435008,,70.9,68995.85995621323,9.249366562066186,0.386986,,,,,,,,,,,,,,,,,,1,0,1,Hawes/Compton 3-year moving-average social-capital index; contiguous 48 states,ND,1.45936684200559,0.285290184090793,0.00285290184090793,1.53435907054247
North Dakota,ND,2003,638817,28326.7,44342.432966,,71.6,68995.85995621323,9.258772923555293,1.4730353,,,,,,,,,,,,,,,,,,1,0,1,Hawes/Compton 3-year moving-average social-capital index; contiguous 48 states,ND,1.37701139492326,0.282124438815075,0.00282124438815075,1.30972261627481
North Dakota,ND,2004,644705,28636.2,44417.524294,,72.3,68995.85995621323,9.344111377250004,0.38307875,,,,,,,,,,,,,,,,,,1,0,1,Hawes/Compton 3-year moving-average social-capital index; contiguous 48 states,ND,1.17426221307765,0.288856652530676,0.00288856652530676,1.17374968193727
North Dakota,ND,2005,646089,29629.0,45859.007041,,72.5,68995.85995621323,9.364170551827701,0.18834068,,,,,,,,,,,,,,,,,,1,0,1,Hawes/Compton 3-year moving-average social-capital index; contiguous 48 states,ND,1.1683848054824,0.285181652835976,0.00285181652835976,1.16905617430238
North Dakota,ND,2006,649422,30911.4,47598.325896,0.434,73.3,68995.85995621323,9.412477798119221,-0.50083214,,,,,,,,,,,,,,,,,,1,0,1,Hawes/Compton 3-year moving-average social-capital index; contiguous 48 states,ND,1.27200416541927,0.283771550040872,0.00283771550040872,1.45115463682976
North Dakota,ND,2007,652822,32529.0,49828.283973,0.44,73.9,68995.85995621323,9.461756117168475,0.09975389,,,,,,,,,,,,,,,,,,1,0,1,Hawes/Compton 3-year moving-average social-capital index; contiguous 48 states,ND,1.19087837625398,0.286113007027793,0.00286113007027793,1.20737824884921
North Dakota,ND,2008,657569,35030.4,53272.584322,0.451,74.2,68995.85995621323,9.530557346735186,-0.22045925,,,,,,,,,,,,,,,,,,1,0,1,Hawes/Compton 3-year moving-average social-capital index; contiguous 48 states,ND,1.07217192789866,0.284171027542656,0.00284171027542656,1.19816791145418
North Dakota,ND,2009,664968,35971.3,54094.783508,0.45,73.1,68995.85995621323,9.637795665160315,0.14963807,,,,,,,,,,,,,,,,,,1,0,1,Hawes/Compton 3-year moving-average social-capital index; contiguous 48 states,ND,1.08159953041276,0.283959276637349,0.00283959276637349,1.20387558307819
North Dakota,ND,2010,675097,38697.4,57321.244206,0.433,73.0,68995.85995621323,9.784601575057346,-0.010279079,,,,,,,,,,,,,,,,,,1,0,1,Hawes/Compton 3-year moving-average social-capital index; contiguous 48 states,ND,0.86649927651574,0.283718819715671,0.00283718819715671,1.05079611142598
North Dakota,ND,2011,687257,43300.4,63004.669287,0.4448,72.9,68995.85995621323,9.96084403377468,,,,,,,,,,,,,,,,,,,0,0,0,,ND,0.858756673116925,0.286177259862076,0.00286177259862076,1.02563928324064
North Dakota,ND,2012,705347,53326.8,75603.639060,0.4597,72.8,68995.85995621323,10.223033678363219,,,,,,,,,,,,,,,,,,,0,0,0,,ND,1.00162627939562,0.283068181235055,0.00283068181235055,1.11787319132088
North Dakota,ND,2013,727655,54690.9,75160.481272,0.455,71.9,68995.85995621323,10.54635742581933,,,,,,,,,,,,,,,,,,,0,0,0,,ND,1.01248081666451,0.282007313682872,0.00282007313682872,1.14205381606678
North Dakota,ND,2014,744628,60193.0,80836.337070,0.4664,71.8,68995.85995621323,10.792357693237863,,,,,,,,,,,,,,,,,,,0,0,0,,ND,0.989756781993629,0.286056071087032,0.00286056071087032,1.20715396892827
North Dakota,ND,2015,762814,58694.5,76944.707360,0.4664,70.7,68995.85995621323,11.055938725658377,,,,,,,,,,,,,,,,,,,0,0,0,,ND,0.98646253007798,0.284121486123964,0.00284121486123964,1.20715396892827
North Dakota,ND,2016,764781,54756.0,71596.966975,0.4533,70.7,68995.85995621323,11.084447682590698,,,,,,,,,,,,,,,,,,,0,0,0,,ND,0.908789778006904,0.283795187919643,0.00283795187919643,1.00441791215183
North Dakota,ND,2017,766807,56530.2,73721.549229,0.4546,70.6,68995.85995621323,11.113811763294754,,0.37448269,0.39655372,0.62643851,0.65165202,0.98010682,0.83210397,0.9044287,0.7721037,0.4294619,0.2129954,0.5809523,0.1463059,0.0713531,0.1396124,0.2548571,0.1564132,,0,1,1,CPS CEV observed state rates; separate modern indicators; not spliced to Hawes index,ND,0.770815003578252,0.284133062103405,0.00284133062103405,0.775106961578879
North Dakota,ND,2018,771499,58516.4,75847.667981,0.4427,70.0,68995.85995621323,11.181815843582726,,,,,,,,,,,,,,,,,,,0,0,0,,ND,0.584153023205941,0.281506745651682,0.00281506745651682,0.819830934508432
North Dakota,ND,2019,776548,59408.5,76503.319821,0.4558,70.0,68995.85995621323,11.25499414737087,,0.32885308,0.30739005,0.58137318,0.57601248,0.97885635,0.7772733,0.88276796,0.70455108,0.28649663,0.19446672,0.57397988,0.10772804,0.08449331,0.11635104,0.23743503,0.12362729,,0,1,1,CPS CEV observed state rates; separate modern indicators; not spliced to Hawes index,ND,0.593125688957545,0.286131297643161,0.00286131297643161,1.04914188508139
North Dakota,ND,2020,779563,55850.6,71643.472048,,69.0,68995.85995621323,11.298692421468958,,,,,,,,,,,,,,,,,,,0,0,0,,ND,0.59108704419282,0.285064092555106,0.00285064092555106,1.23102213953423
North Dakota,ND,2021,777982,56419.2,72519.929767,0.4531,68.4,68995.85995621323,11.275778003111055,,0.26922705,0.32324039,0.56678046,0.50295313,0.95925801,0.68774666,0.84312103,0.68818191,0.31191539,0.21290187,0.62970358,0.11319872,0.08835755,0.08353484,0.1821813,0.13709383,0.38264536,0,1,1,CPS CEV observed state rates; separate modern indicators; not spliced to Hawes index,ND,0.599376197687325,0.287794480112602,0.00287794480112602,1.23102213953423
North Dakota,ND,2022,778912,55988.0,71879.750216,0.4678,68.8,68995.85995621323,11.289257072733351,,,,,,,,,,,,,,,,,,,0,0,0,,ND,0.587797546094943,0.287689966068095,0.00287689966068095,1.167433257663
North Dakota,ND,2023,783926,60348.6,76982.521309,0.4451,69.0,68995.85995621323,11.361928099707752,,0.307131,0.2805086,0.5403471,0.5588594,0.9927807,0.7262943,0.8695069,0.6697831,0.320063,0.1593586,0.5639775,0.1098363,0.0517352,0.110057,0.2175097,0.1632623,0.4357009,0,1,1,CPS CEV observed state rates; separate modern indicators; not spliced to Hawes index,ND,0.588441787985512,0.283944804162033,0.00283944804162033,1.167433257663
Ohio,OH,2000,11363543,541005.9,47608.910355,,67.0,40858.75903510285,278.11767337909794,0.42608163,,,,,,,,,,,,,,,,,,1,0,1,Hawes/Compton 3-year moving-average social-capital index; contiguous 48 states,OH,-0.452152342725281,0.288146072728206,0.00288146072728206,-1.04481680546658
Ohio,OH,2001,11387404,534612.4,46947.697649,,67.2,40858.75903510285,278.7016607679342,0.11333313,,,,,,,,,,,,,,,,,,1,0,1,Hawes/Compton 3-year moving-average social-capital index; contiguous 48 states,OH,-0.455412198122508,0.285475904195151,0.00285475904195151,-1.03192133600062
Ohio,OH,2002,11407889,546688.2,47921.942438,,67.0,40858.75903510285,279.20302205456557,-0.036153987,,,,,,,,,,,,,,,,,,1,0,1,Hawes/Compton 3-year moving-average social-capital index; contiguous 48 states,OH,-0.836923318102754,0.286957675780112,0.00286957675780112,-1.38528345909584
Ohio,OH,2003,11434788,557024.5,48713.146234,,67.0,40858.75903510285,279.8613631455637,0.1124016,,,,,,,,,,,,,,,,,,1,0,1,Hawes/Compton 3-year moving-average social-capital index; contiguous 48 states,OH,-0.837014522488206,0.284012814976744,0.00284012814976744,-1.38112459806345
Ohio,OH,2004,11452251,572308.5,49973.450634,,66.6,40858.75903510285,280.28876232293464,0.14786118,,,,,,,,,,,,,,,,,,1,0,1,Hawes/Compton 3-year moving-average social-capital index; contiguous 48 states,OH,-0.86213796467939,0.284290794014183,0.00284290794014183,-1.42214067526073
Ohio,OH,2005,11463320,584867.7,51020.795023,,66.7,40858.75903510285,280.5596711870656,-0.10240026,,,,,,,,,,,,,,,,,,1,0,1,Hawes/Compton 3-year moving-average social-capital index; contiguous 48 states,OH,-0.854124072774689,0.2816907115881,0.002816907115881,-1.42154115400655
Ohio,OH,2006,11481213,582637.6,50747.042146,0.449,67.3,40858.75903510285,280.99759442366286,-0.2283861,,,,,,,,,,,,,,,,,,1,0,1,Hawes/Compton 3-year moving-average social-capital index; contiguous 48 states,OH,-0.756917886321076,0.286958168143232,0.00286958168143232,-1.67664488852032
Ohio,OH,2007,11500468,585403.0,50902.537184,0.448,67.6,40858.75903510285,281.46885200599564,-0.37378734,,,,,,,,,,,,,,,,,,1,0,1,Hawes/Compton 3-year moving-average social-capital index; contiguous 48 states,OH,-0.750548572975395,0.285521034383876,0.00285521034383876,-1.66738499216127
Ohio,OH,2008,11515391,580389.0,50401.154420,0.45,67.2,40858.75903510285,281.83408581026214,-0.37676594,,,,,,,,,,,,,,,,,,1,0,1,Hawes/Compton 3-year moving-average social-capital index; contiguous 48 states,OH,-0.102408120526508,0.282990854560527,0.00282990854560527,-1.19120384927976
Ohio,OH,2009,11528896,550982.4,47791.427731,0.453,66.0,40858.75903510285,282.1646146936381,-0.42187968,,,,,,,,,,,,,,,,,,1,0,1,Hawes/Compton 3-year moving-average social-capital index; contiguous 48 states,OH,-0.0710493061365662,0.282454380988773,0.00282454380988773,-1.16448256269175
Ohio,OH,2010,11541932,563816.3,48849.386740,0.452,65.2,40858.75903510285,282.4836650100905,-0.4141867,,,,,,,,,,,,,,,,,,1,0,1,Hawes/Compton 3-year moving-average social-capital index; contiguous 48 states,OH,-0.0366401816573103,0.280657126082405,0.00280657126082405,-0.877541575604325
Ohio,OH,2011,11558178,580251.4,50202.670352,0.4594,64.1,40858.75903510285,282.8812786523952,,,,,,,,,,,,,,,,,,,0,0,0,,OH,-0.0328102769632052,0.283787771491153,0.00283787771491153,-0.950278862913173
Ohio,OH,2012,11573400,586540.9,50680.085368,0.4615,63.3,40858.75903510285,283.2538303490075,,,,,,,,,,,,,,,,,,,0,0,0,,OH,-1.66574474155916,0.284291748192958,0.00284291748192958,-1.8905782482005
Ohio,OH,2013,11612081,603057.4,51933.619822,0.4652,62.9,40858.75903510285,284.20053066280724,,,,,,,,,,,,,,,,,,,0,0,0,,OH,-1.68067322285411,0.283249218235469,0.00283249218235469,-1.84292412121406
Ohio,OH,2014,11648921,624973.4,53650.754435,0.4637,62.8,40858.75903510285,285.1021733183845,,,,,,,,,,,,,,,,,,,0,0,0,,OH,-1.78882542512019,0.284527985413706,0.00284527985413706,-1.51115023481288
Ohio,OH,2015,11674622,633274.8,54243.709133,0.4637,62.6,40858.75903510285,285.7311938908869,,,,,,,,,,,,,,,,,,,0,0,0,,OH,-1.78560006004407,0.284179866324483,0.00284179866324483,-1.51115023481288
Ohio,OH,2016,11702354,638157.5,54532.404335,0.468,62.8,40858.75903510285,286.40992228731653,,,,,,,,,,,,,,,,,,,0,0,0,,OH,-1.57420202183677,0.286249950808867,0.00286249950808867,-0.860339810191066
Ohio,OH,2017,11737959,652187.5,55562.257459,0.4642,63.0,40858.75903510285,287.2813388658135,,0.33241484,0.32195317,0.59253038,0.57407558,0.99283679,0.77486455,0.8923829,0.7178925,0.3045338,0.202736,0.6049861,0.1209843,0.0877901,0.0930237,0.2080478,0.1371931,,0,1,1,CPS CEV observed state rates; separate modern indicators; not spliced to Hawes index,OH,-1.57512049712881,0.283895264956421,0.00283895264956421,-0.860339810191066
Ohio,OH,2018,11763104,656212.0,55785.615769,0.4667,62.8,40858.75903510285,287.89675158499074,,,,,,,,,,,,,,,,,,,0,0,0,,OH,-1.24794090667796,0.281238565063802,0.00281238565063802,-0.671747592851199
Ohio,OH,2019,11788679,674063.9,57178.917163,0.4651,63.2,40858.75903510285,288.5226883633943,,0.37109961,0.29255624,0.55042832,0.57441297,0.99007993,0.72920035,0.87190802,0.70000023,0.25906632,0.18392221,0.58385369,0.10866969,0.07412945,0.10097103,0.21698544,0.17355688,,0,1,1,CPS CEV observed state rates; separate modern indicators; not spliced to Hawes index,OH,-1.18114349570227,0.282601659071052,0.00282601659071052,-0.136688708180972
Ohio,OH,2020,11798292,655243.3,55537.131985,,61.6,40858.75903510285,288.7579622734937,,,,,,,,,,,,,,,,,,,0,0,0,,OH,-1.02078294060336,0.279160520301205,0.00279160520301205,0.244133326006616
Ohio,OH,2021,11765227,690478.9,58688.106910,0.4687,61.5,40858.75903510285,287.9487110681012,,0.24331951,0.26656427,0.47131828,0.54761728,0.96302878,0.70718718,0.83445429,0.6853713,0.28408325,0.22683781,0.52484713,0.09532149,0.08209516,0.07021941,0.16830844,0.17354368,0.35677987,0,1,1,CPS CEV observed state rates; separate modern indicators; not spliced to Hawes index,OH,-1.01674640582003,0.283868334753771,0.00283868334753771,0.244133326006616
Ohio,OH,2022,11759697,695257.9,59122.093027,0.4691,61.6,40858.75903510285,287.8133667715393,,,,,,,,,,,,,,,,,,,0,0,0,,OH,-0.793021222213512,0.286565158140133,0.00286565158140133,0.428879993669832
Ohio,OH,2023,11785935,709816.6,60225.735167,0.4695,62.1,40858.75903510285,288.4555301807965,,0.3025302,0.2720969,0.5285703,0.5793953,0.980982,0.7263577,0.8344554,0.7056726,0.2772151,0.1955158,0.5405091,0.0963562,0.0650797,0.0840211,0.2156259,0.2329911,0.4238931,0,1,1,CPS CEV observed state rates; separate modern indicators; not spliced to Hawes index,OH,-0.920621502883526,0.283100248188508,0.00283100248188508,0.199569043096878
Oklahoma,OK,2000,3454365,121170.2,35077.416544,,64.2,68596.52743423272,50.35772405989342,-0.22781093,,,,,,,,,,,,,,,,,,1,0,1,Hawes/Compton 3-year moving-average social-capital index; contiguous 48 states,OK,0.398252985075987,0.288550225261956,0.00288550225261956,-0.749351176851202
Oklahoma,OK,2001,3467100,125695.7,36253.843270,,64.5,68596.52743423272,50.543374857045066,-0.46671903,,,,,,,,,,,,,,,,,,1,0,1,Hawes/Compton 3-year moving-average social-capital index; contiguous 48 states,OK,0.404613163007205,0.280825331624764,0.00280825331624764,-0.74213753582816
Oklahoma,OK,2002,3489080,127930.2,36665.883270,,64.5,68596.52743423272,50.86379924035038,-0.4540705,,,,,,,,,,,,,,,,,,1,0,1,Hawes/Compton 3-year moving-average social-capital index; contiguous 48 states,OK,0.573204683758378,0.285249992082805,0.00285249992082805,-0.726818135619268
Oklahoma,OK,2003,3504892,130147.8,37133.184132,,64.2,68596.52743423272,51.09430653556528,-0.86960655,,,,,,,,,,,,,,,,,,1,0,1,Hawes/Compton 3-year moving-average social-capital index; contiguous 48 states,OK,0.574724495641106,0.284260618114244,0.00284260618114244,-0.722789431390782
Oklahoma,OK,2004,3525233,134606.6,38183.745585,,64.1,68596.52743423272,51.3908375810982,-0.9929481,,,,,,,,,,,,,,,,,,1,0,1,Hawes/Compton 3-year moving-average social-capital index; contiguous 48 states,OK,0.249878344257863,0.285844602657475,0.00285844602657475,-0.745964523088531
Oklahoma,OK,2005,3548597,140360.1,39553.688401,,64.3,68596.52743423272,51.73143791283365,-1.2135859,,,,,,,,,,,,,,,,,,1,0,1,Hawes/Compton 3-year moving-average social-capital index; contiguous 48 states,OK,0.244071204234488,0.286152135588185,0.00286152135588185,-0.752954276879966
Oklahoma,OK,2006,3594090,149367.1,41559.087279,0.46,63.7,68596.52743423272,52.394634749490095,-1.3290353,,,,,,,,,,,,,,,,,,1,0,1,Hawes/Compton 3-year moving-average social-capital index; contiguous 48 states,OK,0.353025783255845,0.282171038275992,0.00282171038275992,-0.861751647839743
Oklahoma,OK,2007,3634349,152879.6,42065.195170,0.463,63.3,68596.52743423272,52.98153034764699,-1.1927437,,,,,,,,,,,,,,,,,,1,0,1,Hawes/Compton 3-year moving-average social-capital index; contiguous 48 states,OK,0.350961639013163,0.282284753991435,0.00282284753991435,-0.859970844396516
Oklahoma,OK,2008,3668976,158987.8,43333.017169,0.458,63.5,68596.52743423272,53.486322664330935,-1.1734543,,,,,,,,,,,,,,,,,,1,0,1,Hawes/Compton 3-year moving-average social-capital index; contiguous 48 states,OK,0.0222194815422809,0.285250748553781,0.00285250748553781,-0.969950628105946
Oklahoma,OK,2009,3717572,156856.8,42193.345549,0.46,63.6,68596.52743423272,54.19475502698357,-0.86993706,,,,,,,,,,,,,,,,,,1,0,1,Hawes/Compton 3-year moving-average social-capital index; contiguous 48 states,OK,0.0283965576487111,0.285438311865611,0.00285438311865611,-0.952871568922139
Oklahoma,OK,2010,3759558,158086.4,42049.198337,0.454,62.3,68596.52743423272,54.806826826685885,-0.8721161,,,,,,,,,,,,,,,,,,1,0,1,Hawes/Compton 3-year moving-average social-capital index; contiguous 48 states,OK,-0.1877553396545,0.28465686692074,0.0028465686692074,-1.42241226642387
Oklahoma,OK,2011,3786536,163859.3,43274.195729,0.4613,61.6,68596.52743423272,55.20011204109947,,,,,,,,,,,,,,,,,,,0,0,0,,OK,-0.190249195864912,0.286519331246197,0.00286519331246197,-1.42916663862987
Oklahoma,OK,2012,3815196,172016.0,45087.067611,0.4643,62.1,68596.52743423272,55.617917447174555,,,,,,,,,,,,,,,,,,,0,0,0,,OK,-0.652747933419377,0.282740284913543,0.00282740284913543,-1.66460360079814
Oklahoma,OK,2013,3847936,176086.8,45761.364014,0.4619,61.6,68596.52743423272,56.09520108272578,,,,,,,,,,,,,,,,,,,0,0,0,,OK,-0.685661342620272,0.285951066651559,0.00285951066651559,-1.59285312783466
Oklahoma,OK,2014,3871400,186574.4,48193.005114,0.466,61.0,68596.52743423272,56.4372592142033,,,,,,,,,,,,,,,,,,,0,0,0,,OK,-1.04782494409276,0.280894161709464,0.00280894161709464,-0.810125663291888
Oklahoma,OK,2015,3900900,193792.6,49678.945884,0.4702,61.7,68596.52743423272,56.867310138111705,,,,,,,,,,,,,,,,,,,0,0,0,,OK,-1.04412960275692,0.288580172170916,0.00288580172170916,-0.810125663291888
Oklahoma,OK,2016,3916688,190093.5,48534.246282,0.4645,61.2,68596.52743423272,57.09746756138851,,,,,,,,,,,,,,,,,,,0,0,0,,OK,-1.01355441813048,0.284050935398967,0.00284050935398967,-0.926116101146997
Oklahoma,OK,2017,3920316,192538.6,49113.030684,0.4658,61.1,68596.52743423272,57.15035653603054,,0.32037319,0.29396047,0.53809811,0.50500301,0.97028175,0.72081077,0.8701991,0.6770281,0.2804297,0.1847322,0.4489818,0.1272064,0.082526,0.1089681,0.1906714,0.1274576,,0,1,1,CPS CEV observed state rates; separate modern indicators; not spliced to Hawes index,OK,-1.01233742171089,0.283317854211058,0.00283317854211058,-0.926116101146997
Oklahoma,OK,2018,3928371,196030.5,49901.218597,0.4687,61.2,68596.52743423272,57.26778230525367,,,,,,,,,,,,,,,,,,,0,0,0,,OK,-1.05583349023498,0.286573489548749,0.00286573489548749,-0.675687416712967
Oklahoma,OK,2019,3943727,200072.2,50731.757041,0.4739,61.2,68596.52743423272,57.491642033644766,,0.27606393,0.25828801,0.45802363,0.46917261,0.9690604,0.6443486,0.82635992,0.62964601,0.22133756,0.22083377,0.45322078,0.09437459,0.07365792,0.07797858,0.18172763,0.14116427,,0,1,1,CPS CEV observed state rates; separate modern indicators; not spliced to Hawes index,OK,-1.0227287753055,0.282773140098263,0.00282773140098263,-0.331720990853535
Oklahoma,OK,2020,3965234,191560.9,48310.112341,,60.7,68596.52743423272,57.80517102417012,,,,,,,,,,,,,,,,,,,0,0,0,,OK,-1.25325411566162,0.28611296444786,0.0028611296444786,0.0472080743711301
Oklahoma,OK,2021,3991634,194132.8,48634.919935,0.4618,61.0,68596.52743423272,58.19003015607459,,0.23621986,0.20986963,0.46504042,0.52184068,0.97348644,0.6487673,0.7683007,0.62618589,0.22169617,0.1688107,0.47007047,0.10805134,0.07177506,0.07052644,0.16535798,0.14882576,0.33759433,0,1,1,CPS CEV observed state rates; separate modern indicators; not spliced to Hawes index,OK,-1.24761232681338,0.284009909242526,0.00284009909242526,0.0472080743711301
Oklahoma,OK,2022,4019271,193940.5,48252.655768,0.4743,61.5,68596.52743423272,58.59292227078838,,,,,,,,,,,,,,,,,,,0,0,0,,OK,-1.12258542490722,0.281550338846812,0.00281550338846812,0.0889109975684463
Oklahoma,OK,2023,4053824,207923.3,51290.657907,0.4737,62.8,68596.52743423272,59.09663581566319,,0.3149675,0.2452796,0.5012917,0.5266026,0.9688581,0.6498901,0.7645308,0.6221232,0.2060251,0.1588814,0.4546495,0.0894622,0.0456778,0.0820493,0.1573978,0.1449035,0.4079165,0,1,1,CPS CEV observed state rates; separate modern indicators; not spliced to Hawes index,OK,-1.12226177510059,0.285783853522601,0.00285783853522601,0.0889109975684463
Oregon,OR,2000,3429708,145094.2,42305.117520,,68.6,95995.97228720303,35.72762396466925,0.493176,,,,,,,,,,,,,,,,,,1,0,1,Hawes/Compton 3-year moving-average social-capital index; contiguous 48 states,OR,0.97983328112182,0.285015837624612,0.00285015837624612,0.27222708536027
Oregon,OR,2001,3467937,144486.5,41663.530797,,67.8,95995.97228720303,36.12585942277395,0.52466166,,,,,,,,,,,,,,,,,,1,0,1,Hawes/Compton 3-year moving-average social-capital index; contiguous 48 states,OR,0.977585042820755,0.28351819893688,0.0028351819893688,0.249513902630605
Oregon,OR,2002,3513424,147432.8,41962.712158,,67.4,95995.97228720303,36.59970221967704,0.38046592,,,,,,,,,,,,,,,,,,1,0,1,Hawes/Compton 3-year moving-average social-capital index; contiguous 48 states,OR,0.854415025768137,0.282893088334985,0.00282893088334985,0.129592800488906
Oregon,OR,2003,3547376,154445.3,43537.899563,,67.0,95995.97228720303,36.953383725172095,0.45681,,,,,,,,,,,,,,,,,,1,0,1,Hawes/Compton 3-year moving-average social-capital index; contiguous 48 states,OR,0.856307543808382,0.283649594132909,0.00283649594132909,0.126103630946416
Oregon,OR,2004,3569463,163046.1,45678.047370,,66.3,95995.97228720303,37.183466295031586,0.68543863,,,,,,,,,,,,,,,,,,1,0,1,Hawes/Compton 3-year moving-average social-capital index; contiguous 48 states,OR,0.660992396615094,0.284471639622421,0.00284471639622421,0.0189185132424407
Oregon,OR,2005,3613202,168734.4,46699.409554,,65.5,95995.97228720303,37.639099994632446,1.1498452,,,,,,,,,,,,,,,,,,1,0,1,Hawes/Compton 3-year moving-average social-capital index; contiguous 48 states,OR,0.673373216849294,0.284821748756412,0.00284821748756412,0.0506336378566229
Oregon,OR,2006,3670883,177222.4,48277.866660,0.444,65.4,95995.97228720303,38.23996895429493,1.1859359,,,,,,,,,,,,,,,,,,1,0,1,Hawes/Compton 3-year moving-average social-capital index; contiguous 48 states,OR,1.11029041503106,0.284176572720907,0.00284176572720907,0.242871716458094
Oregon,OR,2007,3722417,180724.3,48550.256460,0.442,65.4,95995.97228720303,38.77680397739172,1.1615982,,,,,,,,,,,,,,,,,,1,0,1,Hawes/Compton 3-year moving-average social-capital index; contiguous 48 states,OR,1.10568800604943,0.281670471848158,0.00281670471848158,0.210249751296374
Oregon,OR,2008,3768748,184842.6,49046.155381,0.447,65.7,95995.97228720303,39.259438809834336,1.1287297,,,,,,,,,,,,,,,,,,1,0,1,Hawes/Compton 3-year moving-average social-capital index; contiguous 48 states,OR,1.04629476824613,0.284759291868299,0.00284759291868299,0.231635602329395
Oregon,OR,2009,3808600,176951.6,46461.061807,0.443,65.3,95995.97228720303,39.67458122727629,1.6148106,,,,,,,,,,,,,,,,,,1,0,1,Hawes/Compton 3-year moving-average social-capital index; contiguous 48 states,OR,1.0456101425493,0.286731231473636,0.00286731231473636,0.216372793745034
Oregon,OR,2010,3837609,180738.2,47096.564554,0.449,65.4,95995.97228720303,39.976770989084315,1.6427376,,,,,,,,,,,,,,,,,,1,0,1,Hawes/Compton 3-year moving-average social-capital index; contiguous 48 states,OR,1.21226244209182,0.287119860742414,0.00287119860742414,0.859656343107774
Oregon,OR,2011,3872651,185959.4,48018.631165,0.4586,64.9,95995.97228720303,40.34180713763397,,,,,,,,,,,,,,,,,,,0,0,0,,OR,1.20626197525006,0.280818428193554,0.00280818428193554,0.842753432971507
Oregon,OR,2012,3900064,187352.4,48038.288602,0.4565,63.3,95995.97228720303,40.627371201905184,,,,,,,,,,,,,,,,,,,0,0,0,,OR,1.36171651796754,0.284148063222811,0.00284148063222811,1.21378682829588
Oregon,OR,2013,3924055,189609.7,48319.837515,0.46,61.6,95995.97228720303,40.87728793724719,,,,,,,,,,,,,,,,,,,0,0,0,,OR,1.35739621355989,0.285667259441671,0.00285667259441671,1.2708222284244
Oregon,OR,2014,3965375,195808.2,49379.491221,0.4624,61.7,95995.97228720303,41.30772266294983,,,,,,,,,,,,,,,,,,,0,0,0,,OR,1.1110042991797,0.287660465901316,0.00287660465901316,1.00944449814304
Oregon,OR,2015,4018453,205581.8,51159.438719,0.4622,61.6,95995.97228720303,41.860641694190015,,,,,,,,,,,,,,,,,,,0,0,0,,OR,1.10823278914043,0.283511584515182,0.00283511584515182,1.00944449814304
Oregon,OR,2016,4093165,214769.3,52470.227807,0.4583,62.3,95995.97228720303,42.638924347304616,,,,,,,,,,,,,,,,,,,0,0,0,,OR,1.29661864307911,0.287881979192754,0.00287881979192754,1.62124460933642
Oregon,OR,2017,4147171,225534.5,54382.734640,0.4593,62.4,95995.97228720303,43.20151045079678,,0.4322077,0.43077104,0.6219264,0.61912529,0.98916408,0.84599206,0.9376312,0.8018609,0.3979009,0.2858305,0.6314216,0.2132499,0.1575481,0.1749,0.3269492,0.2866647,,0,1,1,CPS CEV observed state rates; separate modern indicators; not spliced to Hawes index,OR,1.30309411870321,0.28254001864187,0.0028254001864187,1.62124460933642
Oregon,OR,2018,4183398,234308.3,56009.086393,0.4582,61.8,95995.97228720303,43.578890867254415,,,,,,,,,,,,,,,,,,,0,0,0,,OR,1.33564835101932,0.287818984488412,0.00287818984488412,1.64090804220218
Oregon,OR,2019,4215959,239794.8,56877.877607,0.45,61.5,95995.97228720303,43.91808218147522,,0.37031248,0.35183017,0.61123315,0.59668257,0.98294558,0.7755036,0.90324257,0.75464279,0.29592773,0.18385013,0.61633145,0.13138938,0.10186798,0.10732057,0.24483574,0.24588078,,0,1,1,CPS CEV observed state rates; separate modern indicators; not spliced to Hawes index,OR,1.35658808820638,0.285718104893215,0.00285718104893215,1.87021899277514
Oregon,OR,2020,4245044,237424.2,55929.738302,,61.3,95995.97228720303,44.221063643165955,,,,,,,,,,,,,,,,,,,0,0,0,,OR,1.3369284389204,0.281789836230777,0.00281789836230777,2.30341138805005
Oregon,OR,2021,4256465,250325.8,58810.726742,0.4611,61.9,95995.97228720303,44.34003738474993,,0.28016146,0.32746886,0.57445971,0.57655684,0.98946302,0.73477698,0.87657733,0.77149913,0.33951671,0.20326408,0.71855218,0.1300878,0.149329,0.1023618,0.2032834,0.33719545,0.39285565,0,1,1,CPS CEV observed state rates; separate modern indicators; not spliced to Hawes index,OR,1.34099964404088,0.284546202811817,0.00284546202811817,2.30341138805005
Oregon,OR,2022,4239379,256062.7,60400.992693,0.4679,62.3,95995.97228720303,44.16205075059322,,,,,,,,,,,,,,,,,,,0,0,0,,OR,1.49249891030959,0.282458453435757,0.00282458453435757,2.37155920896341
Oregon,OR,2023,4233358,261951.5,61877.946538,0.4636,62.3,95995.97228720303,44.09932936909623,,0.3571135,0.3331852,0.5519044,0.6133663,0.9848956,0.7628352,0.858066,0.7301707,0.3244913,0.1924424,0.6808588,0.1113964,0.0942987,0.0877989,0.2855176,0.3210065,0.4516519,0,1,1,CPS CEV observed state rates; separate modern indicators; not spliced to Hawes index,OR,1.49115805755444,0.285193912016669,0.00285193912016669,2.37155920896341
Pennsylvania,PA,2000,12284173,566250.9,46095.972435,,64.4,44742.264878569884,274.5541164118343,0.06861814,,,,,,,,,,,,,,,,,,1,0,1,Hawes/Compton 3-year moving-average social-capital index; contiguous 48 states,PA,0.133265233864154,0.281329389931696,0.00281329389931696,-0.324941898557549
Pennsylvania,PA,2001,12298970,577677.5,46969.583632,,65.0,44742.264878569884,274.8848327946584,-0.11080259,,,,,,,,,,,,,,,,,,1,0,1,Hawes/Compton 3-year moving-average social-capital index; contiguous 48 states,PA,0.133632196704653,0.281086810193286,0.00281086810193286,-0.326592154042482
Pennsylvania,PA,2002,12331031,583507.4,47320.244349,,65.0,44742.264878569884,275.6014035826374,-0.037867166,,,,,,,,,,,,,,,,,,1,0,1,Hawes/Compton 3-year moving-average social-capital index; contiguous 48 states,PA,-0.148063506064674,0.281423659467274,0.00281423659467274,-0.465078617627122
Pennsylvania,PA,2003,12374658,598809.5,48389.983788,,64.1,44742.264878569884,276.5764771538659,0.08736683,,,,,,,,,,,,,,,,,,1,0,1,Hawes/Compton 3-year moving-average social-capital index; contiguous 48 states,PA,-0.145677833395797,0.285456966678662,0.00285456966678662,-0.445110711811381
Pennsylvania,PA,2004,12410722,614957.1,49550.469344,,64.4,44742.264878569884,277.38251592051927,0.11494533,,,,,,,,,,,,,,,,,,1,0,1,Hawes/Compton 3-year moving-average social-capital index; contiguous 48 states,PA,-0.466521044197309,0.283966872584001,0.00283966872584001,-0.646227233111518
Pennsylvania,PA,2005,12449990,626290.1,50304.466108,,64.5,44742.264878569884,278.2601648304833,0.44551405,,,,,,,,,,,,,,,,,,1,0,1,Hawes/Compton 3-year moving-average social-capital index; contiguous 48 states,PA,-0.460813473023643,0.284693322395701,0.00284693322395701,-0.630980488297026
Pennsylvania,PA,2006,12510809,626589.9,50083.883464,0.455,64.5,44742.264878569884,279.61948359016304,0.08252591,,,,,,,,,,,,,,,,,,1,0,1,Hawes/Compton 3-year moving-average social-capital index; contiguous 48 states,PA,-0.0583662532015958,0.282221325795538,0.00282221325795538,-0.45220009901493
Pennsylvania,PA,2007,12563937,649638.1,51706.570958,0.46,64.6,44742.264878569884,280.80690671557227,-0.07254009,,,,,,,,,,,,,,,,,,1,0,1,Hawes/Compton 3-year moving-average social-capital index; contiguous 48 states,PA,-0.0638701304758685,0.280912390966377,0.00280912390966377,-0.478987582569114
Pennsylvania,PA,2008,12612285,665148.3,52738.127944,0.457,65.1,44742.264878569884,281.88749573204734,-0.18167527,,,,,,,,,,,,,,,,,,1,0,1,Hawes/Compton 3-year moving-average social-capital index; contiguous 48 states,PA,-0.00120962216501579,0.281618630605177,0.00281618630605177,-0.505310150678209
Pennsylvania,PA,2009,12666858,645206.7,50936.601642,0.46,64.3,44742.264878569884,283.1072149426888,0.08635531,,,,,,,,,,,,,,,,,,1,0,1,Hawes/Compton 3-year moving-average social-capital index; contiguous 48 states,PA,0.00228215443855132,0.285017985042249,0.00285017985042249,-0.496017077921315
Pennsylvania,PA,2010,12716596,666805.8,52435.871990,0.461,63.2,44742.264878569884,284.2188707816363,0.105661936,,,,,,,,,,,,,,,,,,1,0,1,Hawes/Compton 3-year moving-average social-capital index; contiguous 48 states,PA,-0.222749753423395,0.280938992720687,0.00280938992720687,-0.567745531285466
Pennsylvania,PA,2011,12773059,676468.3,52960.555494,0.4611,63.0,44742.264878569884,285.48083193074757,,,,,,,,,,,,,,,,,,,0,0,0,,PA,-0.221300904558814,0.281530174592825,0.00281530174592825,-0.571563832631206
Pennsylvania,PA,2012,12816003,689007.0,53761.457453,0.4642,63.4,44742.264878569884,286.4406402935238,,,,,,,,,,,,,,,,,,,0,0,0,,PA,-1.19046626444613,0.285178051101272,0.00285178051101272,-1.297235660882
Pennsylvania,PA,2013,12847236,704195.0,54812.957433,0.4696,63.0,44742.264878569884,287.13870508941125,,,,,,,,,,,,,,,,,,,0,0,0,,PA,-1.20692955233203,0.282984357509591,0.00282984357509591,-1.2521707024979
Pennsylvania,PA,2014,12880907,718691.6,55795.108217,0.4686,62.6,44742.264878569884,287.8912597509015,,,,,,,,,,,,,,,,,,,0,0,0,,PA,-1.30457107095148,0.283646511349808,0.00283646511349808,-1.25610791719102
Pennsylvania,PA,2015,12899169,734145.1,56914.139198,0.4685,62.9,44742.264878569884,288.2994196875869,,,,,,,,,,,,,,,,,,,0,0,0,,PA,-1.31038714374886,0.283617469455678,0.00283617469455678,-1.25610791719102
Pennsylvania,PA,2016,12918673,744847.1,57656.626188,0.4689,63.2,44742.264878569884,288.7353386124097,,,,,,,,,,,,,,,,,,,0,0,0,,PA,-1.48054024924382,0.284962736170703,0.00284962736170703,-1.06443473991236
Pennsylvania,PA,2017,12945701,754318.0,58267.837331,0.4777,62.7,44742.264878569884,289.3394206827598,,0.34173133,0.33418891,0.59824221,0.58905956,0.98750284,0.80397998,0.9156589,0.7151546,0.3368866,0.1859041,0.5405192,0.1276632,0.0735791,0.0987126,0.2208829,0.1569402,,0,1,1,CPS CEV observed state rates; separate modern indicators; not spliced to Hawes index,PA,-1.35108626063277,0.286530407050172,0.00286530407050172,-0.835123789339407
Pennsylvania,PA,2018,12980946,763855.4,58844.355411,0.4747,62.7,44742.264878569884,290.12715460940956,,,,,,,,,,,,,,,,,,,0,0,0,,PA,-0.342393953723571,0.286198302721923,0.00286198302721923,-0.243276012249622
Pennsylvania,PA,2019,12991539,771852.5,59411.937262,0.4745,63.1,44742.264878569884,290.36391061692837,,0.35812691,0.36157822,0.5947072,0.59208379,0.98858485,0.77822184,0.91453903,0.71528581,0.30379719,0.20344467,0.57710808,0.14037539,0.09843909,0.10815114,0.2270007,0.19600354,,0,1,1,CPS CEV observed state rates; separate modern indicators; not spliced to Hawes index,PA,-0.184456069429634,0.283694759983805,0.00283694759983805,0.521093822993559
Pennsylvania,PA,2020,12995477,736381.3,56664.430248,,62.3,44742.264878569884,290.4519258305231,,,,,,,,,,,,,,,,,,,0,0,0,,PA,0.0169523330571613,0.281927756412197,0.00281927756412197,1.11903226170973
Pennsylvania,PA,2021,13013614,765508.8,58823.690329,0.472,61.3,44742.264878569884,290.8572919882092,,0.25649718,0.30228889,0.51894225,0.60115809,0.98355587,0.77785862,0.85507514,0.71953586,0.32375124,0.21895569,0.5624264,0.10865707,0.09977528,0.08291058,0.20044999,0.20040924,0.37014301,0,1,1,CPS CEV observed state rates; separate modern indicators; not spliced to Hawes index,PA,0.0182391135125873,0.286243583168638,0.00286243583168638,1.11903226170973
Pennsylvania,PA,2022,12972091,779360.6,60079.797467,0.4778,61.7,44742.264878569884,289.9292433050974,,,,,,,,,,,,,,,,,,,0,0,0,,PA,0.647362018088272,0.2867969507713,0.002867969507713,1.39554383762774
Pennsylvania,PA,2023,12961683,799228.8,61660.881538,0.4774,62.2,44742.264878569884,289.69662209049756,,0.3097293,0.2950256,0.5466574,0.6225988,0.9794507,0.7384794,0.8209001,0.6847185,0.311881,0.1670633,0.5434263,0.1065845,0.069969,0.0934404,0.2340938,0.1861096,0.4267631,0,1,1,CPS CEV observed state rates; separate modern indicators; not spliced to Hawes index,PA,0.699932878018334,0.283595955654444,0.00283595955654444,1.62485478820069
Rhode Island,RI,2000,1050268,49113.6,46762.921464,,66.8,1033.888614512834,1015.8425049441945,1.0679702,,,,,,,,,,,,,,,,,,1,0,1,Hawes/Compton 3-year moving-average social-capital index; contiguous 48 states,RI,-0.281144248107324,0.285153760005742,0.00285153760005742,0.141311644330048
Rhode Island,RI,2001,1057142,49705.2,47018.470556,,66.1,1033.888614512834,1022.4911902121322,0.93843067,,,,,,,,,,,,,,,,,,1,0,1,Hawes/Compton 3-year moving-average social-capital index; contiguous 48 states,RI,-0.284347712075541,0.285460428448034,0.00285460428448034,0.142148694528684
Rhode Island,RI,2002,1065995,51284.3,48109.325091,,66.4,1033.888614512834,1031.0540081750435,0.78565437,,,,,,,,,,,,,,,,,,1,0,1,Hawes/Compton 3-year moving-average social-capital index; contiguous 48 states,RI,-0.121808887335907,0.282079546353489,0.00282079546353489,0.059136589238118
Rhode Island,RI,2003,1071342,52933.1,49408.218851,,67.2,1033.888614512834,1036.2257451735397,0.4485859,,,,,,,,,,,,,,,,,,1,0,1,Hawes/Compton 3-year moving-average social-capital index; contiguous 48 states,RI,-0.113287950024596,0.283368254573385,0.00283368254573385,0.0628267210794333
Rhode Island,RI,2004,1074579,55160.5,51332.196144,,66.3,1033.888614512834,1039.3566433714325,0.3874519,,,,,,,,,,,,,,,,,,1,0,1,Hawes/Compton 3-year moving-average social-capital index; contiguous 48 states,RI,0.258623908901468,0.284654304741119,0.00284654304741119,0.235152159231857
Rhode Island,RI,2005,1067916,55885.9,52331.737702,,67.3,1033.888614512834,1032.9120419835551,0.39142534,,,,,,,,,,,,,,,,,,1,0,1,Hawes/Compton 3-year moving-average social-capital index; contiguous 48 states,RI,0.264457104803503,0.282208174035303,0.00282208174035303,0.23565425707948
Rhode Island,RI,2006,1063096,57415.8,54008.104630,0.442,68.3,1033.888614512834,1028.2500310741195,0.39447346,,,,,,,,,,,,,,,,,,1,0,1,Hawes/Compton 3-year moving-average social-capital index; contiguous 48 states,RI,0.726153027538091,0.285126014627033,0.00285126014627033,0.609247546808427
Rhode Island,RI,2007,1057315,56230.5,53182.353414,0.457,68.3,1033.888614512834,1022.6585196493381,0.54304516,,,,,,,,,,,,,,,,,,1,0,1,Hawes/Compton 3-year moving-average social-capital index; contiguous 48 states,RI,0.699513122091321,0.279825444836627,0.00279825444836627,0.489632936729299
Rhode Island,RI,2008,1055003,54977.1,52110.847078,0.46,67.9,1033.888614512834,1020.4223019682977,0.6219376,,,,,,,,,,,,,,,,,,1,0,1,Hawes/Compton 3-year moving-average social-capital index; contiguous 48 states,RI,0.440515486188388,0.283949544888074,0.00283949544888074,0.227741853273871
Rhode Island,RI,2009,1053646,54481.5,51707.594391,0.457,67.7,1033.888614512834,1019.109781469521,0.7151378,,,,,,,,,,,,,,,,,,1,0,1,Hawes/Compton 3-year moving-average social-capital index; contiguous 48 states,RI,0.450388354177368,0.280463827631514,0.00280463827631514,0.232990408111569
Rhode Island,RI,2010,1054975,56050.6,53129.789805,0.467,67.8,1033.888614512834,1020.395219747247,0.72802395,,,,,,,,,,,,,,,,,,1,0,1,Hawes/Compton 3-year moving-average social-capital index; contiguous 48 states,RI,0.630152551710949,0.284685031826542,0.00284685031826542,0.341315299923692
Rhode Island,RI,2011,1058746,56026.6,52917.885876,0.4674,66.6,1033.888614512834,1024.042614589463,,,,,,,,,,,,,,,,,,,0,0,0,,RI,0.423098872614718,0.284044544637975,0.00284044544637975,-0.113539688727292
Rhode Island,RI,2012,1063756,56487.4,53101.839144,0.4647,66.1,1033.888614512834,1028.888397713171,,,,,,,,,,,,,,,,,,,0,0,0,,RI,0.195628532155521,0.283567562346833,0.00283567562346833,-0.0598673269094436
Rhode Island,RI,2013,1068358,57037.2,53387.722093,0.4769,65.7,1033.888614512834,1033.3395541872835,,,,,,,,,,,,,,,,,,,0,0,0,,RI,0.171509776566465,0.283362236106785,0.00283362236106785,0.0201520307576813
Rhode Island,RI,2014,1073245,57602.7,53671.528868,0.4827,65.2,1033.888614512834,1038.0663689828045,,,,,,,,,,,,,,,,,,,0,0,0,,RI,0.215764588836189,0.281514337559745,0.00281514337559745,0.0933083544110592
Rhode Island,RI,2015,1077555,58387.9,54185.540413,0.4732,64.8,1033.888614512834,1042.2350965802457,,,,,,,,,,,,,,,,,,,0,0,0,,RI,0.217182774442385,0.287931347153379,0.00287931347153379,0.0933083544110592
Rhode Island,RI,2016,1082431,58630.0,54165.115375,0.4781,64.4,1033.888614512834,1046.9512719317825,,,,,,,,,,,,,,,,,,,0,0,0,,RI,0.143785400590193,0.282124944928846,0.00282124944928847,0.337172042773312
Rhode Island,RI,2017,1085105,58771.6,54162.131775,0.4722,64.5,1033.888614512834,1049.5376240421208,,0.30709283,0.28687654,0.60604052,0.53788033,0.98358893,0.78037818,0.8824526,0.6898821,0.3014501,0.1956084,0.5247677,0.1748294,0.0882726,0.1565902,0.1625853,0.1354054,,0,1,1,CPS CEV observed state rates; separate modern indicators; not spliced to Hawes index,RI,0.146692844040882,0.280761314498211,0.00280761314498211,0.337172042773312
Rhode Island,RI,2018,1091824,58740.1,53799.971424,0.47,64.5,1033.888614512834,1056.0363898720996,,,,,,,,,,,,,,,,,,,0,0,0,,RI,0.350865469966067,0.285431640746786,0.00285431640746786,0.91049454917923
Rhode Island,RI,2019,1094580,60157.6,54959.527855,0.4628,64.4,1033.888614512834,1058.702054201229,,0.25608453,0.2578654,0.60185443,0.55508322,0.99663907,0.74882951,0.85071836,0.67770695,0.27096895,0.1832852,0.60886737,0.13577744,0.10532647,0.15703769,0.20428661,0.16326565,,0,1,1,CPS CEV observed state rates; separate modern indicators; not spliced to Hawes index,RI,0.312530271802486,0.28437131056902,0.0028437131056902,0.681183598606275
Rhode Island,RI,2020,1096444,58231.7,53109.597937,,63.7,1033.888614512834,1060.5049563454588,,,,,,,,,,,,,,,,,,,0,0,0,,RI,0.230792719461465,0.284018723901993,0.00284018723901993,1.74279818438129
Rhode Island,RI,2021,1097092,60803.0,55421.970081,0.468,63.9,1033.888614512834,1061.1317163183458,,0.20142134,0.27001254,0.54363833,0.52796658,0.94429876,0.72124041,0.9067157,0.74640362,0.35787792,0.24187126,0.54769558,0.12529204,0.09100631,0.09571854,0.1513157,0.20214235,0.36368649,0,1,1,CPS CEV observed state rates; separate modern indicators; not spliced to Hawes index,RI,0.233259924137731,0.285460823079695,0.00285460823079695,1.74279818438129
Rhode Island,RI,2022,1093842,62279.4,56936.376552,0.464,63.7,1033.888614512834,1057.988244232108,,,,,,,,,,,,,,,,,,,0,0,0,,RI,0.193912861462221,0.28723440535989,0.0028723440535989,1.60997436143067
Rhode Island,RI,2023,1095962,63277.0,57736.490864,0.4661,63.9,1033.888614512834,1060.0387552545153,,0.1847029,0.2264467,0.5041363,0.5883638,0.9699397,0.7205121,0.839758,0.6738869,0.3241543,0.136592,0.4631124,0.0880643,0.0754742,0.0850868,0.1331524,0.1680018,0.3746112,0,1,1,CPS CEV observed state rates; separate modern indicators; not spliced to Hawes index,RI,0.187566228235278,0.284533452885008,0.00284533452885008,1.60997436143067
South Carolina,SC,2000,4024223,161880.2,40226.448683,,65.0,30064.28186185704,133.8539539540968,-0.5341958,,,,,,,,,,,,,,,,,,1,0,1,Hawes/Compton 3-year moving-average social-capital index; contiguous 48 states,SC,-0.7457777814268,0.288959496431511,0.00288959496431511,-1.33951920685921
South Carolina,SC,2001,4064995,162837.1,40058.376456,,63.3,30064.28186185704,135.2101147360953,-0.6822508,,,,,,,,,,,,,,,,,,1,0,1,Hawes/Compton 3-year moving-average social-capital index; contiguous 48 states,SC,-0.713781251576549,0.282131367610809,0.00282131367610809,-1.26491976845347
South Carolina,SC,2002,4107795,167333.0,40735.479740,,62.8,30064.28186185704,136.63373097933913,-0.73030216,,,,,,,,,,,,,,,,,,1,0,1,Hawes/Compton 3-year moving-average social-capital index; contiguous 48 states,SC,-0.701090267677116,0.283527043930489,0.00283527043930489,-1.30201519888612
South Carolina,SC,2003,4150297,174270.8,41989.958791,,63.5,30064.28186185704,138.04743512817905,-0.4762038,,,,,,,,,,,,,,,,,,1,0,1,Hawes/Compton 3-year moving-average social-capital index; contiguous 48 states,SC,-0.68146975949784,0.28410093360973,0.0028410093360973,-1.19057716026861
South Carolina,SC,2004,4210921,177169.4,42073.788608,,64.0,30064.28186185704,140.06391436019803,-0.7722584,,,,,,,,,,,,,,,,,,1,0,1,Hawes/Compton 3-year moving-average social-capital index; contiguous 48 states,SC,-1.44106503233149,0.286988338459097,0.00286988338459097,-1.57856678524501
South Carolina,SC,2005,4270150,183267.5,42918.281559,,63.7,30064.28186185704,142.03399301606458,-0.8581421,,,,,,,,,,,,,,,,,,1,0,1,Hawes/Compton 3-year moving-average social-capital index; contiguous 48 states,SC,-1.4406525486512,0.284553226216897,0.00284553226216897,-1.55536534245967
South Carolina,SC,2006,4357847,187386.1,42999.696869,0.462,64.7,30064.28186185704,144.9509760460588,-1.2635895,,,,,,,,,,,,,,,,,,1,0,1,Hawes/Compton 3-year moving-average social-capital index; contiguous 48 states,SC,-1.45015015387746,0.286577177918668,0.00286577177918668,-1.5882873095123
South Carolina,SC,2007,4444110,193386.6,43515.259523,0.459,63.6,30064.28186185704,147.820261279492,-1.1575766,,,,,,,,,,,,,,,,,,1,0,1,Hawes/Compton 3-year moving-average social-capital index; contiguous 48 states,SC,-1.46084678862992,0.286206720687994,0.00286206720687994,-1.63176456698646
South Carolina,SC,2008,4528996,192497.1,42503.261208,0.464,62.6,30064.28186185704,150.6437446538844,-1.0429605,,,,,,,,,,,,,,,,,,1,0,1,Hawes/Compton 3-year moving-average social-capital index; contiguous 48 states,SC,-1.44139833225017,0.284868503103139,0.00284868503103139,-1.59341807834799
South Carolina,SC,2009,4589872,184081.3,40105.976812,0.462,61.7,30064.28186185704,152.6686059254664,-0.76273125,,,,,,,,,,,,,,,,,,1,0,1,Hawes/Compton 3-year moving-average social-capital index; contiguous 48 states,SC,-1.44503987097207,0.289373867630526,0.00289373867630526,-1.66852592341492
South Carolina,SC,2010,4633669,188777.2,40740.329100,0.461,60.7,30064.28186185704,154.12538444428296,-0.71755505,,,,,,,,,,,,,,,,,,1,0,1,Hawes/Compton 3-year moving-average social-capital index; contiguous 48 states,SC,-1.61817536431312,0.284869422231462,0.00284869422231462,-1.44617794861364
South Carolina,SC,2011,4661744,193221.0,41448.221953,0.4648,60.3,30064.28186185704,155.05921682813974,,,,,,,,,,,,,,,,,,,0,0,0,,SC,-1.76343063165519,0.288020685208893,0.00288020685208893,-1.68929072831135
South Carolina,SC,2012,4699358,195406.1,41581.445806,0.4684,59.8,30064.28186185704,156.3103360191064,,,,,,,,,,,,,,,,,,,0,0,0,,SC,-1.85410750305036,0.285465975798724,0.00285465975798724,-1.61035230293504
South Carolina,SC,2013,4738067,200147.3,42242.395475,0.4665,59.3,30064.28186185704,157.5978771676981,,,,,,,,,,,,,,,,,,,0,0,0,,SC,-1.86834781041059,0.283747143896245,0.00283747143896245,-1.63748800129753
South Carolina,SC,2014,4789723,206077.9,43025.014181,0.4687,59.1,30064.28186185704,159.31606222987105,,,,,,,,,,,,,,,,,,,0,0,0,,SC,-1.97305085852158,0.28653414387955,0.0028653414387955,-1.03819693232049
South Carolina,SC,2015,4850136,213212.4,43960.086892,0.4698,59.3,30064.28186185704,161.32552316685909,,,,,,,,,,,,,,,,,,,0,0,0,,SC,-1.96516250735561,0.286267000984537,0.00286267000984537,-1.03819693232049
South Carolina,SC,2016,4908404,220559.3,44935.033873,0.4735,58.8,30064.28186185704,163.26363698137615,,,,,,,,,,,,,,,,,,,0,0,0,,SC,-1.70505504006714,0.288053387334033,0.00288053387334033,-0.726165046889559
South Carolina,SC,2017,4963742,224937.6,45316.134481,0.4795,58.2,30064.28186185704,165.1042929549422,,0.30804723,0.26612996,0.51796832,0.52557329,0.97159035,0.78307782,0.8732372,0.7297962,0.3325806,0.1845669,0.5124334,0.0963287,0.0575274,0.0991372,0.2467985,0.1198114,,0,1,1,CPS CEV observed state rates; separate modern indicators; not spliced to Hawes index,SC,-1.70628503604494,0.286498803049667,0.00286498803049667,-0.726165046889559
South Carolina,SC,2018,5019607,231663.3,46151.680799,0.4762,58.0,30064.28186185704,166.96247803505472,,,,,,,,,,,,,,,,,,,0,0,0,,SC,-1.49609622454316,0.285739055192372,0.00285739055192372,-0.608696651135243
South Carolina,SC,2019,5076874,239021.3,47080.408141,0.4747,58.3,30064.28186185704,168.86729652575198,,0.31315195,0.34315202,0.53997125,0.6235667,0.97963161,0.79823988,0.87216651,0.70403353,0.34428815,0.15968365,0.51884532,0.10413673,0.08272839,0.11807228,0.22812378,0.13089879,,0,1,1,CPS CEV observed state rates; separate modern indicators; not spliced to Hawes index,SC,-1.4920826394944,0.282050705174485,0.00282050705174485,-0.608696651135243
South Carolina,SC,2020,5132151,233650.1,45526.739178,,57.9,30064.28186185704,170.70592351355077,,,,,,,,,,,,,,,,,,,0,0,0,,SC,-1.46137765386767,0.284231798703382,0.00284231798703382,-0.388452341781677
South Carolina,SC,2021,5193848,245752.1,47315.997696,0.476,57.6,30064.28186185704,172.75809293783612,,0.21827106,0.22240559,0.51466926,0.56370379,0.96839823,0.75010103,0.82986394,0.70398374,0.38138825,0.22510495,0.58342566,0.10492476,0.13389479,0.09083204,0.23229727,0.17629461,0.40580923,0,1,1,CPS CEV observed state rates; separate modern indicators; not spliced to Hawes index,SC,-1.44543142843836,0.282704009354912,0.00282704009354912,-0.159141391208722
South Carolina,SC,2022,5282955,254504.5,48174.648469,0.4757,57.7,30064.28186185704,175.7219754749092,,,,,,,,,,,,,,,,,,,0,0,0,,SC,-1.26806817731299,0.284800900683227,0.00284800900683227,0.00776243756873885
South Carolina,SC,2023,5373555,262298.5,48812.843639,0.4715,58.1,30064.28186185704,178.73551827018696,,0.2878728,0.2349642,0.4774295,0.5780595,0.9760926,0.7099662,0.8001184,0.6524788,0.2896031,0.1146882,0.4528928,0.060765,0.0526687,0.0952854,0.2131286,0.1398298,0.4711208,0,1,1,CPS CEV observed state rates; separate modern indicators; not spliced to Hawes index,SC,-1.26257423688628,0.285716019691579,0.00285716019691579,0.00776243756873885
South Dakota,SD,2000,755844,32124.9,42502.024227,,72.5,75809.61144278302,9.970292494777791,0.38449648,,,,,,,,,,,,,,,,,,1,0,1,Hawes/Compton 3-year moving-average social-capital index; contiguous 48 states,SD,0.487554985448318,0.284832185339376,0.00284832185339376,-0.0234282776980708
South Dakota,SD,2001,757972,32396.9,42741.552458,,72.9,75809.61144278302,9.998362814088239,0.4227019,,,,,,,,,,,,,,,,,,1,0,1,Hawes/Compton 3-year moving-average social-capital index; contiguous 48 states,SD,0.487368975863922,0.287950268151235,0.00287950268151235,-0.00529285310608982
South Dakota,SD,2002,760020,35776.0,47072.445462,,73.1,75809.61144278302,10.025377858236642,0.33992302,,,,,,,,,,,,,,,,,,1,0,1,Hawes/Compton 3-year moving-average social-capital index; contiguous 48 states,SD,0.496570762168312,0.281759059239362,0.00281759059239362,-0.0566560894439488
South Dakota,SD,2003,763729,36141.9,47322.937848,,73.3,75809.61144278302,10.074303052937044,1.4289767,,,,,,,,,,,,,,,,,,1,0,1,Hawes/Compton 3-year moving-average social-capital index; contiguous 48 states,SD,0.339031005295324,0.285325348163399,0.00285325348163399,-0.275154227608762
South Dakota,SD,2004,770396,37616.6,48827.615927,,73.2,75809.61144278302,10.162247046754132,0.34824976,,,,,,,,,,,,,,,,,,1,0,1,Hawes/Compton 3-year moving-average social-capital index; contiguous 48 states,SD,0.431886469551532,0.288178010751337,0.00288178010751337,-0.162974377786537
South Dakota,SD,2005,775493,39330.6,50716.898799,,73.0,75809.61144278302,10.22948126551605,0.18891394,,,,,,,,,,,,,,,,,,1,0,1,Hawes/Compton 3-year moving-average social-capital index; contiguous 48 states,SD,0.399402064455244,0.285817942599734,0.00285817942599734,-0.295256984273083
South Dakota,SD,2006,783033,39961.6,51034.375307,0.439,72.6,75809.61144278302,10.328940949538975,-0.49091515,,,,,,,,,,,,,,,,,,1,0,1,Hawes/Compton 3-year moving-average social-capital index; contiguous 48 states,SD,0.569713145629795,0.285840694009231,0.00285840694009231,-0.135177636641249
South Dakota,SD,2007,791623,41646.2,52608.628097,0.423,72.2,75809.61144278302,10.442251120063768,0.096934326,,,,,,,,,,,,,,,,,,1,0,1,Hawes/Compton 3-year moving-average social-capital index; contiguous 48 states,SD,0.56405962132432,0.284946716144559,0.00284946716144559,-0.142984741126303
South Dakota,SD,2008,799124,43278.5,54157.427383,0.446,71.8,75809.61144278302,10.541196357445196,-0.24906372,,,,,,,,,,,,,,,,,,1,0,1,Hawes/Compton 3-year moving-average social-capital index; contiguous 48 states,SD,0.638353128353806,0.281962785146392,0.00281962785146392,-0.0386619553051541
South Dakota,SD,2009,807067,44255.8,54835.348242,0.452,72.0,75809.61144278302,10.645971990096934,0.11068696,,,,,,,,,,,,,,,,,,1,0,1,Hawes/Compton 3-year moving-average social-capital index; contiguous 48 states,SD,0.636728674213773,0.283304761831503,0.00283304761831503,-0.0424978498361531
South Dakota,SD,2010,816068,44810.7,54910.497655,0.442,71.5,75809.61144278302,10.764703636766743,-0.055419225,,,,,,,,,,,,,,,,,,1,0,1,Hawes/Compton 3-year moving-average social-capital index; contiguous 48 states,SD,0.361589889482087,0.280720991255303,0.00280720991255303,-0.330217099651416
South Dakota,SD,2011,823113,47630.3,57866.052413,0.4324,71.1,75809.61144278302,10.857633805724502,,,,,,,,,,,,,,,,,,,0,0,0,,SD,0.379738419097561,0.283485479913416,0.00283485479913416,-0.307993048869701
South Dakota,SD,2012,832730,48653.9,58426.981134,0.4335,70.3,75809.61144278302,10.984491071142074,,,,,,,,,,,,,,,,,,,0,0,0,,SD,0.126801138467659,0.281539002655307,0.00281539002655307,-0.604462949541716
South Dakota,SD,2013,841120,48610.1,57792.110519,0.4427,69.8,75809.61144278302,11.095163053761748,,,,,,,,,,,,,,,,,,,0,0,0,,SD,0.125301697778959,0.281443369355261,0.00281443369355261,-0.603719739119241
South Dakota,SD,2014,847538,49640.9,58570.707154,0.4468,69.8,75809.61144278302,11.179822503636967,,,,,,,,,,,,,,,,,,,0,0,0,,SD,0.397932521363105,0.283476129630842,0.00283476129630842,-0.4193664055134
South Dakota,SD,2015,852029,50860.8,59693.742819,0.4436,69.8,75809.61144278302,11.239063013046376,,,,,,,,,,,,,,,,,,,0,0,0,,SD,0.393004777137364,0.2830474187307,0.002830474187307,-0.4193664055134
South Dakota,SD,2016,860557,51264.3,59571.068506,0.4495,69.6,75809.61144278302,11.351555345320582,,,,,,,,,,,,,,,,,,,0,0,0,,SD,0.21131975990075,0.285635181767922,0.00285635181767922,-0.488901508474407
South Dakota,SD,2017,870094,51615.1,59321.291723,0.4488,69.4,75809.61144278302,11.477357335576107,,0.36267453,0.33184604,0.52236353,0.57859078,0.97361071,0.78516139,0.8605631,0.7316467,0.3334506,0.1800818,0.4403448,0.1084821,0.082408,0.1293024,0.2470285,0.0980032,,0,1,1,CPS CEV observed state rates; separate modern indicators; not spliced to Hawes index,SD,0.21428893421588,0.284164153477897,0.00284164153477897,-0.488901508474407
South Dakota,SD,2018,875247,51937.8,59340.734673,0.4445,69.3,75809.61144278302,11.545330246951456,,,,,,,,,,,,,,,,,,,0,0,0,,SD,0.392836568834551,0.286219395876239,0.00286219395876239,-0.485443304213561
South Dakota,SD,2019,882486,52510.2,59502.587010,0.436,69.5,75809.61144278302,11.64081945817718,,0.46854531,0.40105395,0.6626586,0.67080436,0.9984539,0.82333907,0.884691,0.74054117,0.36424883,0.21893935,0.57814505,0.14231331,0.06351191,0.17666348,0.31371833,0.13876751,,0,1,1,CPS CEV observed state rates; separate modern indicators; not spliced to Hawes index,SD,0.402525608798293,0.287362925246162,0.00287362925246162,-0.256132353640606
South Dakota,SD,2020,887852,52770.7,59436.370026,,69.0,75809.61144278302,11.711602039671481,,,,,,,,,,,,,,,,,,,0,0,0,,SD,0.123830477058757,0.284515085720945,0.00284515085720945,-0.264986831209142
South Dakota,SD,2021,896299,55515.9,61939.040432,0.4522,68.7,75809.61144278302,11.823025905844114,,0.34228549,0.34730262,0.55822938,0.59874002,0.96088939,0.75149418,0.87270831,0.69312015,0.28555411,0.22468001,0.53340926,0.14173826,0.09275914,0.11337057,0.28052291,0.18129555,0.47476364,0,1,1,CPS CEV observed state rates; separate modern indicators; not spliced to Hawes index,SD,0.12161027091784,0.284376791364444,0.00284376791364444,-0.264986831209142
South Dakota,SD,2022,909869,55259.8,60733.797942,0.4487,68.4,75809.61144278302,12.002026955206329,,,,,,,,,,,,,,,,,,,0,0,0,,SD,0.0615701889619318,0.282237839284372,0.00282237839284372,-0.284121905224284
South Dakota,SD,2023,919318,57275.1,62301.728020,0.462,68.2,75809.61144278302,12.126668142783602,,0.3783044,0.3016258,0.5488607,0.5738474,0.9496424,0.7269493,0.8231922,0.6377368,0.2617511,0.1620623,0.4870868,0.1226735,0.0685128,0.111661,0.2573572,0.1688474,0.4188574,0,1,1,CPS CEV observed state rates; separate modern indicators; not spliced to Hawes index,SD,0.0633332112304785,0.283771474690012,0.00283771474690012,-0.284121905224284
Tennessee,TN,2000,5703719,251030.2,44011.670280,,65.3,41232.485132584596,138.3307113713733,-1.0306699,,,,,,,,,,,,,,,,,,1,0,1,Hawes/Compton 3-year moving-average social-capital index; contiguous 48 states,TN,-0.514982407956783,0.281679554485362,0.00281679554485362,-1.06025108999432
Tennessee,TN,2001,5750789,250311.4,43526.444806,,64.9,41232.485132584596,139.47228699672414,-1.3191775,,,,,,,,,,,,,,,,,,1,0,1,Hawes/Compton 3-year moving-average social-capital index; contiguous 48 states,TN,-0.48573402585132,0.281738107778593,0.00281738107778593,-1.02330000748299
Tennessee,TN,2002,5795918,258542.4,44607.670433,,65.2,41232.485132584596,140.56678808863956,-1.3844692,,,,,,,,,,,,,,,,,,1,0,1,Hawes/Compton 3-year moving-average social-capital index; contiguous 48 states,TN,0.243944225714135,0.284577798793548,0.00284577798793548,-0.629657267832418
Tennessee,TN,2003,5847812,267589.4,45758.892386,,64.7,41232.485132584596,141.82535884500152,-1.2007211,,,,,,,,,,,,,,,,,,1,0,1,Hawes/Compton 3-year moving-average social-capital index; contiguous 48 states,TN,0.259745668312765,0.287963885712175,0.00287963885712175,-0.632078878789238
Tennessee,TN,2004,5910809,281564.2,47635.475956,,63.8,41232.485132584596,143.35320757392074,-1.0269367,,,,,,,,,,,,,,,,,,1,0,1,Hawes/Compton 3-year moving-average social-capital index; contiguous 48 states,TN,-0.195871653228423,0.283002160955146,0.00283002160955146,-0.904484281587742
Tennessee,TN,2005,5991057,289064.3,48249.298913,,62.8,41232.485132584596,145.29944001035912,-1.012485,,,,,,,,,,,,,,,,,,1,0,1,Hawes/Compton 3-year moving-average social-capital index; contiguous 48 states,TN,-0.200693209306898,0.286677638206109,0.00286677638206109,-0.879187223296931
Tennessee,TN,2006,6088766,295668.2,48559.626039,0.468,64.2,41232.485132584596,147.66914922594032,-0.96310824,,,,,,,,,,,,,,,,,,1,0,1,Hawes/Compton 3-year moving-average social-capital index; contiguous 48 states,TN,-0.128005827547928,0.285843528109228,0.00285843528109228,-0.845197706918169
Tennessee,TN,2007,6175727,294819.8,47738.476782,0.471,63.9,41232.485132584596,149.77819018528035,-1.0801438,,,,,,,,,,,,,,,,,,1,0,1,Hawes/Compton 3-year moving-average social-capital index; contiguous 48 states,TN,-0.137990920773862,0.282590543895118,0.00282590543895118,-0.849020379000328
Tennessee,TN,2008,6247411,298526.9,47784.098085,0.471,63.5,41232.485132584596,151.5167223103632,-1.0830741,,,,,,,,,,,,,,,,,,1,0,1,Hawes/Compton 3-year moving-average social-capital index; contiguous 48 states,TN,-0.402502518677052,0.2869287312217,0.002869287312217,-1.03597232809637
Tennessee,TN,2009,6306019,287308.8,45561.042553,0.467,62.5,41232.485132584596,152.93812584234882,-0.94357014,,,,,,,,,,,,,,,,,,1,0,1,Hawes/Compton 3-year moving-average social-capital index; contiguous 48 states,TN,-0.392334233611726,0.28933324103924,0.0028933324103924,-1.02987526661542
Tennessee,TN,2010,6356388,292687.0,46046.119274,0.468,62.8,41232.485132584596,154.15971119763452,-0.9268923,,,,,,,,,,,,,,,,,,1,0,1,Hawes/Compton 3-year moving-average social-capital index; contiguous 48 states,TN,-0.884004602967768,0.28654397474072,0.0028654397474072,-1.10514963546507
Tennessee,TN,2011,6404657,301508.9,47076.510108,0.4756,62.7,41232.485132584596,155.33036583668402,,,,,,,,,,,,,,,,,,,0,0,0,,TN,-1.02352887574374,0.283306685041562,0.00283306685041562,-1.34092309639533
Tennessee,TN,2012,6463610,311754.2,48232.210792,0.4732,61.8,41232.485132584596,156.76013655776558,,,,,,,,,,,,,,,,,,,0,0,0,,TN,-2.48995187292452,0.290272983507066,0.00290272983507066,-2.10899184223356
Tennessee,TN,2013,6508290,318347.9,48914.215562,0.4783,60.9,41232.485132584596,157.84374817749526,,,,,,,,,,,,,,,,,,,0,0,0,,TN,-2.4857514673654,0.289821710536877,0.00289821710536877,-2.10956428020177
Tennessee,TN,2014,6559452,323879.6,49376.014948,0.4811,59.7,41232.485132584596,159.0845659413406,,,,,,,,,,,,,,,,,,,0,0,0,Tennessee,TN,-3.13443517670937,0.287216182944394,0.00287216182944394,-2.15907199143833,,,,,,,,,,,,,,,0,0,0,,TN,-3.13443517670937,0.287216182944394,0.00287216182944394,-2.15907199143833
Tennessee,TN,2015,6613679,335461.1,50722.313556,0.4789,59.7,41232.485132584596,160.39971829816875,,,,,,,,,,,,,,,,,,,,,,,TN,-3.13560084446743,0.288835713987462,0.00288835713987462,-2.15907199143833
Tennessee,TN,2016,6673101,343544.9,51482.047102,0.479,60.1,41232.485132584596,161.84086354587637,,,,,,,,,,,,,,,,,,,0,0,0,,TN,-3.38400833544399,0.290179762594626,0.00290179762594626,-2.19195876804042
Tennessee,TN,2017,6740060,355417.5,52732.097340,0.4822,60.4,41232.485132584596,163.46480155942785,,0.31267666,0.27391278,0.56818858,0.49458954,0.98246607,0.71334188,0.899891,0.7049269,0.2985981,0.1800165,0.491205,0.104812,0.0876287,0.0733093,0.1914339,0.1302573,,0,1,1,CPS CEV observed state rates; separate modern indicators; not spliced to Hawes index,TN,-3.38112722142476,0.290391477366664,0.00290391477366664,-2.19195876804042
Tennessee,TN,2018,6806981,362363.7,53234.128316,0.4778,61.0,41232.485132584596,165.08781796954267,,,,,,,,,,,,,,,,,,,0,0,0,,TN,-3.39369936144405,0.288916244873444,0.00288916244873444,-1.88788959209083
Tennessee,TN,2019,6862615,370197.4,53944.072340,0.4749,61.8,41232.485132584596,166.43709390624903,,0.31650617,0.28406187,0.53636614,0.45550174,0.97753144,0.70304295,0.84207411,0.65484069,0.27923073,0.19710546,0.5267635,0.0967173,0.09318093,0.09465612,0.19425976,0.13864948,,0,1,1,CPS CEV observed state rates; separate modern indicators; not spliced to Hawes index,TN,-3.39480233771282,0.293545250561047,0.00293545250561047,-1.88788959209083
Tennessee,TN,2020,6926091,367863.6,53112.729821,,60.5,41232.485132584596,167.97655968901452,,,,,,,,,,,,,,,,,,,0,0,0,,TN,-3.24871034848784,0.291146909558195,0.00291146909558195,-1.58700818019987
Tennessee,TN,2021,6963709,400243.6,57475.635470,0.4821,60.4,41232.485132584596,168.88889858585856,,0.23775608,0.20262751,0.46973321,0.54269639,0.96781144,0.70729808,0.8144125,0.63851294,0.29398371,0.21819696,0.57709815,0.09971945,0.08628636,0.07312079,0.16764586,0.14654822,0.37906211,0,1,1,CPS CEV observed state rates; separate modern indicators; not spliced to Hawes index,TN,-3.24551938241067,0.293195839592442,0.00293195839592442,-1.58700818019987
Tennessee,TN,2022,7048976,414470.8,58798.724808,0.4694,60.4,41232.485132584596,170.9568554341014,,,,,,,,,,,,,,,,,,,0,0,0,,TN,-2.89843194379141,0.284484113630813,0.00284484113630813,-1.36612433536839
Tennessee,TN,2023,7126489,422087.7,59228.001334,0.476,60.0,41232.485132584596,172.83675667582267,,0.3318289,0.284347,0.5515529,0.5679,0.9723037,0.7241819,0.7789659,0.6182502,0.3082447,0.1516561,0.4883458,0.1161458,0.0735671,0.1014408,0.2602342,0.2084502,0.4110731,0,1,1,CPS CEV observed state rates; separate modern indicators; not spliced to Hawes index,TN,-2.89472257489395,0.289860321321279,0.00289860321321279,-1.36612433536839
Texas,TX,2000,20944499,989904.9,47263.240816,,68.4,261267.83602346884,80.16485809649613,-0.5818308,,,,,,,,,,,,,,,,,,1,0,1,Hawes/Compton 3-year moving-average social-capital index; contiguous 48 states,TX,0.194139557391007,0.287377315133789,0.00287377315133789,-0.53739013106123
Texas,TX,2001,21319622,1020517.0,47867.499715,,68.0,261267.83602346884,81.60063758512138,-0.7534392,,,,,,,,,,,,,,,,,,1,0,1,Hawes/Compton 3-year moving-average social-capital index; contiguous 48 states,TX,0.194611767236705,0.287887362583658,0.00287887362583658,-0.538173860991138
Texas,TX,2002,21690325,1042584.4,48066.794758,,68.0,261267.83602346884,83.01949956844909,-0.77420306,,,,,,,,,,,,,,,,,,1,0,1,Hawes/Compton 3-year moving-average social-capital index; contiguous 48 states,TX,-0.150095584987266,0.282470113704353,0.00282470113704353,-0.666404274974752
Texas,TX,2003,22030931,1052132.3,47757.051211,,67.9,261267.83602346884,84.3231655886683,-0.85452443,,,,,,,,,,,,,,,,,,1,0,1,Hawes/Compton 3-year moving-average social-capital index; contiguous 48 states,TX,-0.145003650923036,0.281816230002551,0.00281816230002551,-0.74073494302711
Texas,TX,2004,22394023,1111189.1,49619.896345,,67.3,261267.83602346884,85.71289654647126,-0.92546904,,,,,,,,,,,,,,,,,,1,0,1,Hawes/Compton 3-year moving-average social-capital index; contiguous 48 states,TX,-0.642031417372342,0.281462776503537,0.00281462776503537,-0.891964341529541
Texas,TX,2005,22778123,1143413.1,50197.863099,,67.3,261267.83602346884,87.18303541180597,-1.2610483,,,,,,,,,,,,,,,,,,1,0,1,Hawes/Compton 3-year moving-average social-capital index; contiguous 48 states,TX,-0.655133329369202,0.284974027464614,0.00284974027464614,-0.856589284540868
Texas,TX,2006,23359580,1225147.3,52447.317118,0.474,66.7,261267.83602346884,89.40855619863474,-1.3473037,,,,,,,,,,,,,,,,,,1,0,1,Hawes/Compton 3-year moving-average social-capital index; contiguous 48 states,TX,-0.649745243165948,0.283991025655961,0.00283991025655961,-1.03169625836884
Texas,TX,2007,23831983,1288828.7,54079.792689,0.473,65.8,261267.83602346884,91.21667390340099,-1.1911932,,,,,,,,,,,,,,,,,,1,0,1,Hawes/Compton 3-year moving-average social-capital index; contiguous 48 states,TX,-0.66978773939973,0.282622807723118,0.00282622807723118,-0.976957841403455
Texas,TX,2008,24309039,1287191.5,52951.147102,0.474,65.9,261267.83602346884,93.04260091860829,-0.9975087,,,,,,,,,,,,,,,,,,1,0,1,Hawes/Compton 3-year moving-average social-capital index; contiguous 48 states,TX,-0.114271092087715,0.284630795746224,0.00284630795746224,-0.711853496865559
Texas,TX,2009,24801761,1285560.2,51833.424248,0.474,65.9,261267.83602346884,94.92848939037462,-1.0519857,,,,,,,,,,,,,,,,,,1,0,1,Hawes/Compton 3-year moving-average social-capital index; contiguous 48 states,TX,-0.102801261877679,0.281401554543873,0.00281401554543873,-0.702837127649235
Texas,TX,2010,25238386,1323059.1,52422.492468,0.469,66.0,261267.83602346884,96.5996671619882,-1.0202223,,,,,,,,,,,,,,,,,,1,0,1,Hawes/Compton 3-year moving-average social-capital index; contiguous 48 states,TX,-0.321609195272165,0.285353054391546,0.00285353054391546,-0.675791751106255
Texas,TX,2011,25627909,1370174.9,53464.170643,0.4771,65.9,261267.83602346884,98.09056250497642,,,,,,,,,,,,,,,,,,,0,0,0,,TX,-0.463556559955638,0.281089058151169,0.00281089058151169,-1.13550250144454
Texas,TX,2012,26052403,1438354.4,55210.047227,0.4767,65.4,261267.83602346884,99.71530899677906,,,,,,,,,,,,,,,,,,,0,0,0,,TX,-0.966209233383339,0.284623438176311,0.00284623438176311,-1.32030393235424
Texas,TX,2013,26433846,1511806.5,57192.074888,0.4807,65.2,261267.83602346884,101.17527822148584,,,,,,,,,,,,,,,,,,,0,0,0,,TX,-0.978929212619549,0.281607894457662,0.00281607894457662,-1.31032410230524
Texas,TX,2014,26903208,1559636.1,57972.123622,0.4827,64.8,261267.83602346884,102.9717565295078,,,,,,,,,,,,,,,,,,,0,0,0,,TX,-1.15362099183008,0.287787153491928,0.00287787153491928,-1.41154756491638
Texas,TX,2015,27394564,1634127.1,59651.509694,0.4823,63.8,261267.83602346884,104.85241665008944,,,,,,,,,,,,,,,,,,,0,0,0,,TX,-1.14613953789247,0.2851842123565,0.002851842123565,-1.41154756491638
Texas,TX,2016,27825975,1633863.3,58717.198589,0.48,63.8,261267.83602346884,106.50363788943574,,,,,,,,,,,,,,,,,,,0,0,0,,TX,-0.6627306469377,0.285768539610036,0.00285768539610036,-0.981517982055737
Texas,TX,2017,28188852,1667313.0,59147.956788,0.4781,63.8,261267.83602346884,107.89254593691314,,0.28355079,0.22931262,0.4927223,0.47314033,0.97743025,0.71468914,0.8553437,0.7037055,0.2889989,0.2322091,0.440093,0.07519,0.0687786,0.0857338,0.1921837,0.1036572,,0,1,1,CPS CEV observed state rates; separate modern indicators; not spliced to Hawes index,TX,-0.658550371602239,0.283876804724901,0.00283876804724901,-0.981517982055737
Texas,TX,2018,28508309,1746543.3,61264.359805,0.4822,63.9,261267.83602346884,109.1152643735266,,,,,,,,,,,,,,,,,,,0,0,0,,TX,0.17514615418199,0.283174613617091,0.00283174613617091,-0.102217263433151
Texas,TX,2019,28856455,1806736.1,62611.159271,0.4753,64.0,261267.83602346884,110.44778966748865,,0.2644603,0.20744991,0.45308303,0.47418898,0.97863206,0.65271373,0.81394021,0.66726232,0.26845558,0.17633976,0.42000637,0.06773443,0.07040246,0.07871978,0.16734058,0.09722599,,0,1,1,CPS CEV observed state rates; separate modern indicators; not spliced to Hawes index,TX,0.176555140142738,0.281487841765653,0.00281487841765653,-0.102217263433151
Texas,TX,2020,29234361,1773657.1,60670.287953,,63.0,261267.83602346884,111.89422106046752,,,,,,,,,,,,,,,,,,,0,0,0,,TX,0.46948947444675,0.285980061630011,0.00285980061630011,0.524933832961249
Texas,TX,2021,29561286,1879101.3,63566.290722,0.4784,63.6,261267.83602346884,113.145523191552,,0.2128469,0.18795944,0.4551093,0.48552133,0.95992485,0.64774054,0.82490518,0.65147912,0.24876826,0.22246954,0.48671459,0.0663547,0.07067575,0.06482033,0.15190794,0.12665445,0.33830641,0,1,1,CPS CEV observed state rates; separate modern indicators; not spliced to Hawes index,TX,0.475716945975126,0.287140258522234,0.00287140258522234,0.524933832961249
Texas,TX,2022,30029848,1952708.6,65025.590539,0.4796,64.1,261267.83602346884,114.93893950766491,,,,,,,,,,,,,,,,,,,0,0,0,,TX,-0.501062420489446,0.278629523601477,0.00278629523601477,0.0234070203943833
Texas,TX,2023,30503301,2097090.4,68749.621557,0.479,64.7,261267.83602346884,116.7510760768118,,0.2738269,0.2044866,0.4384869,0.49129,0.9565592,0.6459371,0.7859128,0.6006342,0.2463664,0.1715438,0.4576804,0.0570107,0.051854,0.0791394,0.1776895,0.1319997,0.3934396,0,1,1,CPS CEV observed state rates; separate modern indicators; not spliced to Hawes index,TX,-0.509711283762449,0.283225287236406,0.00283225287236406,0.0234070203943833
Utah,UT,2000,2244502,98648.5,43951.174915,,72.0,82376.84871469213,27.24675725061679,0.009048354,,,,,,,,,,,,,,,,,,1,0,1,Hawes/Compton 3-year moving-average social-capital index; contiguous 48 states,UT,1.07157921557976,0.282521140789856,0.00282521140789856,0.519795329825254
Utah,UT,2001,2283715,100244.3,43895.275899,,71.7,82376.84871469213,27.72277691647961,-0.08471826,,,,,,,,,,,,,,,,,,1,0,1,Hawes/Compton 3-year moving-average social-capital index; contiguous 48 states,UT,1.07952232332418,0.285221549785565,0.00285221549785565,0.528089095946072
Utah,UT,2002,2324815,102828.1,44230.659214,,71.3,82376.84871469213,28.22170350375837,-0.24790029,,,,,,,,,,,,,,,,,,1,0,1,Hawes/Compton 3-year moving-average social-capital index; contiguous 48 states,UT,0.371223337033047,0.284134394124435,0.00284134394124435,0.26095599376585
Utah,UT,2003,2360137,104829.2,44416.574123,,70.9,82376.84871469213,28.650489024825532,-0.15326557,,,,,,,,,,,,,,,,,,1,0,1,Hawes/Compton 3-year moving-average social-capital index; contiguous 48 states,UT,0.373054655658457,0.283231248396737,0.00283231248396737,0.252951712276096
Utah,UT,2004,2401580,111318.9,46352.359697,,71.2,82376.84871469213,29.15357940333146,-0.51329786,,,,,,,,,,,,,,,,,,1,0,1,Hawes/Compton 3-year moving-average social-capital index; contiguous 48 states,UT,0.0597550377388165,0.285945709347005,0.00285945709347005,0.104816947949282
Utah,UT,2005,2457719,118430.2,48187.038469,,71.9,82376.84871469213,29.83506941995536,-0.3103042,,,,,,,,,,,,,,,,,,1,0,1,Hawes/Compton 3-year moving-average social-capital index; contiguous 48 states,UT,0.0583394953028088,0.285774784573761,0.00285774784573761,0.0936106087066131
Utah,UT,2006,2525507,127539.4,50500.513362,0.41,72.4,82376.84871469213,30.65797052697367,-0.55816495,,,,,,,,,,,,,,,,,,1,0,1,Hawes/Compton 3-year moving-average social-capital index; contiguous 48 states,UT,-0.0477949088420764,0.28130117062284,0.0028130117062284,-0.00181972155443517
Utah,UT,2007,2597746,133799.8,51506.113377,0.409,72.6,82376.84871469213,31.534903805280976,-0.3999992,,,,,,,,,,,,,,,,,,1,0,1,Hawes/Compton 3-year moving-average social-capital index; contiguous 48 states,UT,-0.0555528644492795,0.283956623815133,0.00283956623815133,-0.0147772251636347
Utah,UT,2008,2663029,133662.9,50192.055738,0.411,71.5,82376.84871469213,32.32739588307463,-0.27435744,,,,,,,,,,,,,,,,,,1,0,1,Hawes/Compton 3-year moving-average social-capital index; contiguous 48 states,UT,0.402653399931561,0.281327306081385,0.00281327306081385,0.102009458736784
Utah,UT,2009,2723421,130958.6,48086.065283,0.414,70.5,82376.84871469213,33.06051448304881,0.25611335,,,,,,,,,,,,,,,,,,1,0,1,Hawes/Compton 3-year moving-average social-capital index; contiguous 48 states,UT,0.408782410746813,0.28259943849312,0.0028259943849312,0.0778918517585326
Utah,UT,2010,2776212,133739.1,48173.230286,0.419,68.8,82376.84871469213,33.701362012708984,0.31721333,,,,,,,,,,,,,,,,,,1,0,1,Hawes/Compton 3-year moving-average social-capital index; contiguous 48 states,UT,-0.148313602588807,0.28205951927381,0.0028205951927381,0.106510422009185
Utah,UT,2011,2818798,138301.1,49063.856296,0.4249,67.6,82376.84871469213,34.21832764886113,,,,,,,,,,,,,,,,,,,0,0,0,,UT,-0.142578302481865,0.284338809614635,0.00284338809614635,0.107238279536623
Utah,UT,2012,2861360,140622.5,49145.336483,0.4244,66.7,82376.84871469213,34.735001941020705,,,,,,,,,,,,,,,,,,,0,0,0,,UT,-0.651185446304052,0.286236675098822,0.00286236675098822,-0.0241700618450212
Utah,UT,2013,2909190,145026.9,49851.298815,0.4259,67.3,82376.84871469213,35.31562623954974,,,,,,,,,,,,,,,,,,,0,0,0,,UT,-0.664968011812086,0.283634604243033,0.00283634604243033,0.0535645459334276
Utah,UT,2014,2951948,150076.3,50839.750565,0.4283,67.6,82376.84871469213,35.83467984098198,,,,,,,,,,,,,,,,,,,0,0,0,,UT,-0.598841252354645,0.285379781372136,0.00285379781372136,0.0851181287917484
Utah,UT,2015,3000449,155431.5,51802.746856,0.4252,68.0,82376.84871469213,36.42344963196999,,,,,,,,,,,,,,,,,,,0,0,0,,UT,-0.600185297115432,0.28328794192381,0.0028328794192381,0.0851181287917484
Utah,UT,2016,3064277,162528.2,53039.656663,0.4263,68.5,82376.84871469213,37.19827898021399,,,,,,,,,,,,,,,,,,,0,0,0,,UT,-0.72976140310465,0.280352111494331,0.00280352111494331,0.261935721944721
Utah,UT,2017,3126779,172075.0,55032.671001,0.4225,68.9,82376.84871469213,37.95701157286842,,0.50969348,0.41953996,0.66941806,0.70363828,0.9775832,0.84547491,0.8811478,0.7860269,0.4592777,0.2586626,0.4925556,0.1538138,0.0751104,0.1563287,0.3960949,0.1615161,,0,1,1,CPS CEV observed state rates; separate modern indicators; not spliced to Hawes index,UT,-0.858484532593865,0.286535363055491,0.00286535363055491,0.0326247713717666
Utah,UT,2018,3181595,182106.0,57237.329076,0.4269,68.5,82376.84871469213,38.62244125190181,,,,,,,,,,,,,,,,,,,0,0,0,,UT,-0.722313334071255,0.285809229800319,0.00285809229800319,0.273508324328817
Utah,UT,2019,3233028,192760.6,59622.310725,0.4268,68.5,82376.84871469213,39.246803567315645,,0.49453704,0.40662419,0.65662623,0.67806548,0.96948292,0.78067726,0.86533561,0.70444273,0.38570659,0.24768822,0.57723326,0.13614878,0.07512365,0.16771178,0.44901182,0.19410074,,0,1,1,CPS CEV observed state rates; separate modern indicators; not spliced to Hawes index,UT,-0.650927331383167,0.287810452438989,0.00287810452438989,0.732130225474726
Utah,UT,2020,3283982,194750.2,59303.065608,,68.1,82376.84871469213,39.86535114221107,,,,,,,,,,,,,,,,,,,0,0,0,,UT,-0.420351187701146,0.284552677190505,0.00284552677190505,1.18013109817665
Utah,UT,2021,3339284,210446.9,63021.563904,0.4449,68.1,82376.84871469213,40.536680537094036,,0.40650805,0.33546438,0.53005333,0.61609042,0.96936793,0.77533926,0.81883691,0.74409432,0.34787177,0.22641214,0.56056236,0.12735478,0.07338883,0.09559957,0.3577914,0.15137233,0.38535261,0,1,1,CPS CEV observed state rates; separate modern indicators; not spliced to Hawes index,UT,-0.42545179406274,0.284992959171308,0.00284992959171308,1.18013109817665
Utah,UT,2022,3381236,217442.5,64308.584198,0.4264,68.8,82376.84871469213,41.04594983610908,,,,,,,,,,,,,,,,,,,0,0,0,,UT,-0.456792072715849,0.285762258234868,0.00285762258234868,1.11719020070879
Utah,UT,2023,3417734,225459.4,65967.509467,0.4225,69.1,82376.84871469213,41.48901121281225,,0.4661194,0.3933898,0.6410881,0.6817361,0.9832588,0.8180663,0.8090716,0.7646702,0.3957297,0.1735198,0.5441481,0.1418848,0.072068,0.1187479,0.4413279,0.2394328,0.4543541,0,1,1,CPS CEV observed state rates; separate modern indicators; not spliced to Hawes index,UT,-0.460193001767876,0.282992686093961,0.00282992686093961,1.11719020070879
Vermont,VT,2000,609618,24844.6,40754.374051,,70.5,9217.448253807983,66.13739325828598,0.73177207,,,,,,,,,,,,,,,,,,1,0,1,Hawes/Compton 3-year moving-average social-capital index; contiguous 48 states,VT,0.487478054789772,0.286974716821592,0.00286974716821592,-0.00267375764703291
Vermont,VT,2001,612223,25681.8,41948.440356,,70.6,9217.448253807983,66.42000943667611,0.9880942,,,,,,,,,,,,,,,,,,1,0,1,Hawes/Compton 3-year moving-average social-capital index; contiguous 48 states,VT,0.47657903369023,0.285246433192774,0.00285246433192774,-0.0360526757724508
Vermont,VT,2002,615442,26522.8,43095.531342,,71.0,9217.448253807983,66.76923841104764,0.76866895,,,,,,,,,,,,,,,,,,1,0,1,Hawes/Compton 3-year moving-average social-capital index; contiguous 48 states,VT,0.485207574073894,0.285435832887058,0.00285435832887058,0.0119734768368404
Vermont,VT,2003,617858,27548.1,44586.458377,,70.9,9217.448253807983,67.03134999914383,0.68329537,,,,,,,,,,,,,,,,,,1,0,1,Hawes/Compton 3-year moving-average social-capital index; contiguous 48 states,VT,0.48740484704445,0.283314487181368,0.00283314487181368,-0.0132812289504838
Vermont,VT,2004,619920,28989.2,46762.808104,,70.5,9217.448253807983,67.25505616414976,1.0704141,,,,,,,,,,,,,,,,,,1,0,1,Hawes/Compton 3-year moving-average social-capital index; contiguous 48 states,VT,0.487922793370837,0.27969207650721,0.0027969207650721,0.0335928942997676
Vermont,VT,2005,621215,29283.2,47138.591309,,70.5,9217.448253807983,67.3955505791268,1.4453294,,,,,,,,,,,,,,,,,,1,0,1,Hawes/Compton 3-year moving-average social-capital index; contiguous 48 states,VT,0.483351549738645,0.28705234300108,0.0028705234300108,-0.0129598777767054
Vermont,VT,2006,622892,29420.9,47232.746608,0.42,71.1,9217.448253807983,67.5774881342747,1.6511856,,,,,,,,,,,,,,,,,,1,0,1,Hawes/Compton 3-year moving-average social-capital index; contiguous 48 states,VT,0.404826637544508,0.280051167995175,0.00280051167995175,-0.212050995454786
Vermont,VT,2007,623481,29296.6,46988.761486,0.428,70.4,9217.448253807983,67.64138868286271,1.7123901,,,,,,,,,,,,,,,,,,1,0,1,Hawes/Compton 3-year moving-average social-capital index; contiguous 48 states,VT,0.482405347206346,0.28618703504916,0.0028618703504916,0.00893528438043711
Vermont,VT,2008,624151,30168.6,48335.418833,0.434,70.2,9217.448253807983,67.71407691300529,1.8957534,,,,,,,,,,,,,,,,,,1,0,1,Hawes/Compton 3-year moving-average social-capital index; contiguous 48 states,VT,0.470961944769432,0.283039884552509,0.00283039884552509,0.026563134331447
Vermont,VT,2009,624817,29565.7,47318.974996,0.428,71.3,9217.448253807983,67.78633118356491,2.3227134,,,,,,,,,,,,,,,,,,1,0,1,Hawes/Compton 3-year moving-average social-capital index; contiguous 48 states,VT,0.484509565301484,0.28339692289893,0.0028339692289893,0.0322970095531267
Vermont,VT,2010,626366,30890.6,49317.172388,0.444,70.8,9217.448253807983,67.9543820320587,2.4001427,,,,,,,,,,,,,,,,,,1,0,1,Hawes/Compton 3-year moving-average social-capital index; contiguous 48 states,VT,0.475460072829375,0.286609305809498,0.00286609305809498,-0.0595233107166145
Vermont,VT,2011,629600,31663.6,50291.613723,0.4308,70.0,9217.448253807983,68.30523835486625,,,,,,,,,,,,,,,,,,,0,0,0,,VT,0.48025282640659,0.286054523041645,0.00286054523041645,-0.0618401422784586
Vermont,VT,2012,630693,31898.1,50576.270864,0.4392,69.2,9217.448253807983,68.4238178109048,,,,,,,,,,,,,,,,,,,0,0,0,,VT,0.493135971146381,0.287310112447438,0.00287310112447438,0.000942842789800843
Vermont,VT,2013,632859,31494.6,49765.587595,0.4537,68.3,9217.448253807983,68.65880692506718,,,,,,,,,,,,,,,,,,,0,0,0,,VT,0.474579964703762,0.287735275870036,0.00287735275870036,-0.0183430015738518
Vermont,VT,2014,633872,31847.7,50243.109019,0.4406,67.9,9217.448253807983,68.76870718944693,,,,,,,,,,,,,,,,,,,0,0,0,,VT,0.449462810156955,0.281630063500025,0.00281630063500025,0.392604489396564
Vermont,VT,2015,635912,32042.9,50388.890287,0.4452,67.3,9217.448253807983,68.99002657674667,,,,,,,,,,,,,,,,,,,0,0,0,,VT,0.507006786553667,0.282768648834376,0.00282768648834376,0.621915439969518
Vermont,VT,2016,636397,32312.7,50774.437969,0.4539,67.2,9217.448253807983,69.04264417617824,,,,,,,,,,,,,,,,,,,0,0,0,,VT,0.498558876293334,0.283634673012199,0.00283634673012199,1.6164751144122
Vermont,VT,2017,639087,32589.2,50993.370230,0.4525,67.2,9217.448253807983,69.33448199570586,,0.35954719,0.3332333,0.53566262,0.58031206,0.97386483,0.80734887,0.8858773,0.7601987,0.3935012,0.2501562,0.6554143,0.2162509,0.1555439,0.1929655,0.2583618,0.2258037,,0,1,1,CPS CEV observed state rates; separate modern indicators; not spliced to Hawes index,VT,0.495735643572331,0.281264211617108,0.00281264211617108,1.6164751144122
Vermont,VT,2018,640680,32827.8,51238.996067,0.4473,66.9,9217.448253807983,69.50730639961199,,,,,,,,,,,,,,,,,,,0,0,0,,VT,0.524155892636814,0.28379028333117,0.0028379028333117,2.00177014548156
Vermont,VT,2019,641847,33339.4,51942.908512,0.4471,66.3,9217.448253807983,69.63391410793494,,0.37443867,0.38914443,0.53998473,0.60205374,0.98078803,0.7802387,0.87135805,0.68531001,0.35723737,0.20240732,0.62869579,0.20792276,0.14654795,0.23735051,0.37027842,0.23073043,,0,1,1,CPS CEV observed state rates; separate modern indicators; not spliced to Hawes index,VT,0.523482740248145,0.281118438422533,0.00281118438422533,2.00177014548156
Vermont,VT,2020,642936,32252.7,50164.713129,,63.4,9217.448253807983,69.75205960439055,,,,,,,,,,,,,,,,,,,0,0,0,,VT,0.526374675131112,0.2859097336792,0.002859097336792,2.44068266759095
Vermont,VT,2021,647093,33721.9,52112.911127,0.4527,62.1,9217.448253807983,70.20305210096167,,0.290653,0.32740307,0.49989359,0.63920201,0.97240802,0.77943676,0.88200491,0.71524505,0.41450306,0.21728314,0.70499443,0.1845068,0.15088549,0.17398025,0.31825944,0.2519551,0.33990479,0,1,1,CPS CEV observed state rates; separate modern indicators; not spliced to Hawes index,VT,0.523271263875342,0.283252393088589,0.00283252393088589,2.44068266759095
Vermont,VT,2022,647110,34752.6,53704.316113,0.4452,63.2,9217.448253807983,70.20489642918918,,,,,,,,,,,,,,,,,,,0,0,0,,VT,0.534099350653929,0.282929845781623,0.00282929845781623,2.30562173240008
Vermont,VT,2023,647464,35236.6,54422.485266,0.4549,64.3,9217.448253807983,70.24330185227942,,0.4051264,0.4132962,0.5727212,0.6508214,0.9941559,0.7619868,0.9031035,0.7863122,0.3872162,0.1588721,0.6756558,0.203031,0.0994888,0.2330995,0.3252136,0.3084578,0.4199435,0,1,1,CPS CEV observed state rates; separate modern indicators; not spliced to Hawes index,VT,0.534330359212568,0.286599535514347,0.00286599535514347,2.30562173240008
Virginia,VA,2000,7105817,372914.1,52480.115939,,68.1,39482.10424206697,179.97564051890046,0.1408226,,,,,,,,,,,,,,,,,,1,0,1,Hawes/Compton 3-year moving-average social-capital index; contiguous 48 states,VA,0.213309777582223,0.282909897931079,0.00282909897931079,-0.29062177568302
Virginia,VA,2001,7198362,386444.7,53685.088358,,68.4,39482.10424206697,182.31961386521962,0.061628576,,,,,,,,,,,,,,,,,,1,0,1,Hawes/Compton 3-year moving-average social-capital index; contiguous 48 states,VA,0.209978178413952,0.280213131908835,0.00280213131908835,-0.250349210383023
Virginia,VA,2002,7286873,390242.4,53554.165141,,68.4,39482.10424206697,184.5614143391086,0.28804556,,,,,,,,,,,,,,,,,,1,0,1,Hawes/Compton 3-year moving-average social-capital index; contiguous 48 states,VA,-0.639500858569681,0.288407290532366,0.00288407290532366,-0.717679760037634
Virginia,VA,2003,7366977,404522.2,54910.202652,,68.2,39482.10424206697,186.59028289963106,-0.018298075,,,,,,,,,,,,,,,,,,1,0,1,Hawes/Compton 3-year moving-average social-capital index; contiguous 48 states,VA,-0.643415834825736,0.282321227446342,0.00282321227446342,-0.726967597107864
Virginia,VA,2004,7475575,421744.4,56416.315802,,67.7,39482.10424206697,189.34084551742316,-0.17845981,,,,,,,,,,,,,,,,,,1,0,1,Hawes/Compton 3-year moving-average social-capital index; contiguous 48 states,VA,-0.736083983743569,0.282671165442215,0.00282671165442215,-0.792381936770272
Virginia,VA,2005,7577105,442089.5,58345.436681,,68.2,39482.10424206697,191.9123903210515,-0.08923396,,,,,,,,,,,,,,,,,,1,0,1,Hawes/Compton 3-year moving-average social-capital index; contiguous 48 states,VA,-0.736480218791421,0.283079454708369,0.00283079454708369,-0.802207670431197
Virginia,VA,2006,7673725,451263.1,58806.264233,0.456,68.6,39482.10424206697,194.35957498495944,0.19790821,,,,,,,,,,,,,,,,,,1,0,1,Hawes/Compton 3-year moving-average social-capital index; contiguous 48 states,VA,-0.828384767698928,0.28350900644459,0.0028350900644459,-0.765052745037834
Virginia,VA,2007,7751000,457568.9,59033.531157,0.456,68.9,39482.10424206697,196.31679082954113,0.37618557,,,,,,,,,,,,,,,,,,1,0,1,Hawes/Compton 3-year moving-average social-capital index; contiguous 48 states,VA,-0.916266022287364,0.284587577971413,0.00284587577971413,-1.04732010508319
Virginia,VA,2008,7833496,462034.7,58981.928375,0.46,69.6,39482.10424206697,198.40624380028993,0.4551885,,,,,,,,,,,,,,,,,,1,0,1,Hawes/Compton 3-year moving-average social-capital index; contiguous 48 states,VA,0.110678647534669,0.286110069555542,0.00286110069555542,-0.316844551469249
Virginia,VA,2009,7925937,460075.3,58046.802542,0.456,68.8,39482.10424206697,200.74758304181665,0.6415911,,,,,,,,,,,,,,,,,,1,0,1,Hawes/Compton 3-year moving-average social-capital index; contiguous 48 states,VA,0.114841447358985,0.285717368733454,0.00285717368733454,-0.310074542944779
Virginia,VA,2010,8025105,475699.3,59276.395761,0.459,67.4,39482.10424206697,203.25930327313955,0.65172833,,,,,,,,,,,,,,,,,,1,0,1,Hawes/Compton 3-year moving-average social-capital index; contiguous 48 states,VA,-0.087000049320754,0.283956989892369,0.00283956989892369,-0.536965509439491
Virginia,VA,2011,8107953,479571.4,59148.270840,0.4632,67.1,39482.10424206697,205.35767167549355,,,,,,,,,,,,,,,,,,,0,0,0,,VA,-0.0837363992244055,0.28360808163492,0.0028360808163492,-0.516652454131465
Virginia,VA,2012,8197400,483041.4,58926.171713,0.4661,66.6,39482.10424206697,207.6231790925146,,,,,,,,,,,,,,,,,,,0,0,0,,VA,-0.781058717638514,0.287094556808352,0.00287094556808352,-1.04892649063485
Virginia,VA,2013,8270221,488741.3,59096.522330,0.4672,66.3,39482.10424206697,209.46758433377352,,,,,,,,,,,,,,,,,,,0,0,0,,VA,-0.918227237078685,0.285225062678988,0.00285225062678988,-1.21964526365646
Virginia,VA,2014,8334206,488918.6,58664.088697,0.4658,66.0,39482.10424206697,211.08819197939707,,,,,,,,,,,,,,,,,,,0,0,0,,VA,-0.975635247032895,0.285349986365095,0.00285349986365095,-0.729492171437854
Virginia,VA,2015,8390494,498943.6,59465.342565,0.4681,65.0,39482.10424206697,212.5138505424487,,,,,,,,,,,,,,,,,,,0,0,0,,VA,-0.97126825836694,0.28727421532954,0.00287274215329539,-0.729492171437854
Virginia,VA,2016,8445270,505107.7,59809.538357,0.4705,64.8,39482.10424206697,213.90121327428704,,,,,,,,,,,,,,,,,,,0,0,0,,VA,-0.276520513320566,0.28760091469214,0.0028760091469214,-0.498688761174111
Virginia,VA,2017,8503046,515167.2,60586.194641,0.4674,65.4,39482.10424206697,215.36455979821525,,0.34020613,0.27521158,0.52455504,0.49742657,0.96139291,0.75055662,0.8680785,0.7137643,0.3229762,0.1924429,0.4838263,0.1237312,0.075315,0.0977214,0.1834718,0.1457929,,0,1,1,CPS CEV observed state rates; separate modern indicators; not spliced to Hawes index,VA,-0.138249449180355,0.284393751569889,0.00284393751569889,-0.269377810601156
Virginia,VA,2018,8547370,527767.5,61746.186254,0.4754,65.4,39482.10424206697,216.48719499841246,,,,,,,,,,,,,,,,,,,0,0,0,,VA,0.286842978306098,0.283387396688967,0.00283387396688967,-0.212979206006911
Virginia,VA,2019,8597508,541028.0,62928.467179,0.469,65.7,39482.10424206697,217.75708678767987,,0.35366721,0.30250949,0.55912682,0.48146538,0.98721248,0.69555365,0.88504129,0.70918224,0.3127878,0.22531882,0.50829622,0.09026234,0.08889914,0.08937929,0.20774574,0.14826056,,0,1,1,CPS CEV observed state rates; separate modern indicators; not spliced to Hawes index,VA,0.302406617078375,0.285672243323601,0.00285672243323601,0.0163317445660434
Virginia,VA,2020,8637193,534532.3,61887.270552,,64.2,39482.10424206697,218.76222571737543,,,,,,,,,,,,,,,,,,,0,0,0,,VA,0.768341570706629,0.282341910792859,0.00282341910792859,1.20133934029115
Virginia,VA,2021,8657348,565470.6,65316.838367,0.4724,63.5,39482.10424206697,219.2727101605659,,0.27208991,0.28817351,0.54768399,0.49724082,0.96650595,0.72853586,0.84437627,0.74437456,0.32962761,0.16892608,0.58310232,0.0790789,0.08776334,0.08577477,0.18104717,0.17284926,0.37167871,0,1,1,CPS CEV observed state rates; separate modern indicators; not spliced to Hawes index,VA,0.829268410467433,0.286513121129337,0.00286513121129337,1.43065029086411
Virginia,VA,2022,8679099,580475.2,66881.965513,0.4755,64.8,39482.10424206697,219.8236179811482,,,,,,,,,,,,,,,,,,,0,0,0,,VA,0.951469479156713,0.286362975277591,0.00286362975277591,1.67964266510488
Virginia,VA,2023,8715698,597597.1,68565.604269,0.4723,65.9,39482.10424206697,220.75059491671396,,0.3155414,0.283081,0.55207,0.5699173,0.9894898,0.7365952,0.8466598,0.6810898,0.298557,0.1360498,0.5829573,0.0908289,0.0734808,0.0923398,0.2311199,0.159253,0.4362632,0,1,1,CPS CEV observed state rates; separate modern indicators; not spliced to Hawes index,VA,0.98212335604577,0.284442373856024,0.00284442373856024,1.83251663215352
Washington,WA,2000,5910512,325857.6,55131.873516,,68.6,66455.11594131259,88.93990953562782,0.41700017,,,,,,,,,,,,,,,,,,1,0,1,Hawes/Compton 3-year moving-average social-capital index; contiguous 48 states,WA,1.12814096463437,0.2852784236468,0.002852784236468,0.415129943012354
Washington,WA,2001,5985722,317860.6,53103.134426,,67.5,66455.11594131259,90.07165084605484,0.43172154,,,,,,,,,,,,,,,,,,1,0,1,Hawes/Compton 3-year moving-average social-capital index; contiguous 48 states,WA,1.13723320621108,0.284027849359371,0.00284027849359371,0.430811041076837
Washington,WA,2002,6052349,321977.1,53198.700207,,67.2,66455.11594131259,91.0742373144742,0.28917387,,,,,,,,,,,,,,,,,,1,0,1,Hawes/Compton 3-year moving-average social-capital index; contiguous 48 states,WA,1.25935234727961,0.288113963086698,0.00288113963086698,0.413800704532568
Washington,WA,2003,6104115,327645.2,53676.118487,,67.3,66455.11594131259,91.8531991636374,0.37622198,,,,,,,,,,,,,,,,,,1,0,1,Hawes/Compton 3-year moving-average social-capital index; contiguous 48 states,WA,1.25769351243245,0.286462934359069,0.00286462934359069,0.434778917850654
Washington,WA,2004,6178645,335449.3,54291.725775,,67.4,66455.11594131259,92.97470800376671,0.62397105,,,,,,,,,,,,,,,,,,1,0,1,Hawes/Compton 3-year moving-average social-capital index; contiguous 48 states,WA,1.26053844703749,0.284571057842912,0.00284571057842912,0.490506785221929
Washington,WA,2005,6257305,358396.3,57276.463270,,67.8,66455.11594131259,94.15836405320414,1.128882,,,,,,,,,,,,,,,,,,1,0,1,Hawes/Compton 3-year moving-average social-capital index; contiguous 48 states,WA,1.20632556924904,0.285113684327504,0.00285113684327504,0.381588387094437
Washington,WA,2006,6370753,372145.0,58414.601853,0.443,67.7,66455.11594131259,95.86550124487178,1.1850698,,,,,,,,,,,,,,,,,,1,0,1,Hawes/Compton 3-year moving-average social-capital index; contiguous 48 states,WA,1.21304349836232,0.283573292083282,0.00283573292083282,0.279294918173675
Washington,WA,2007,6461587,394221.9,61010.073841,0.444,67.8,66455.11594131259,97.23234860813899,1.1739464,,,,,,,,,,,,,,,,,,1,0,1,Hawes/Compton 3-year moving-average social-capital index; contiguous 48 states,WA,1.21965167405667,0.28060950022001,0.0028060950022001,0.293019124086477
Washington,WA,2008,6562231,401093.2,61121.469208,0.442,67.9,66455.11594131259,98.74681440320103,1.141642,,,,,,,,,,,,,,,,,,1,0,1,Hawes/Compton 3-year moving-average social-capital index; contiguous 48 states,WA,1.02478095038752,0.284127405251301,0.00284127405251301,0.243014938316977
Washington,WA,2009,6667426,390814.0,58615.423703,0.439,68.3,66455.11594131259,100.3297625105055,1.6215855,,,,,,,,,,,,,,,,,,1,0,1,Hawes/Compton 3-year moving-average social-capital index; contiguous 48 states,WA,1.02829772822368,0.286096414004465,0.00286096414004465,0.244042904243044
Washington,WA,2010,6743680,403471.3,59829.544106,0.441,67.1,66455.11594131259,101.47721367238958,1.6486219,,,,,,,,,,,,,,,,,,1,0,1,Hawes/Compton 3-year moving-average social-capital index; contiguous 48 states,WA,1.39061712053474,0.285941911900126,0.00285941911900126,0.707526035044721
Washington,WA,2011,6830840,411575.7,60252.575086,0.4449,65.6,66455.11594131259,102.7887756005483,,,,,,,,,,,,,,,,,,,0,0,0,,WA,1.3875167540991,0.287264614944599,0.00287264614944599,0.708697359271391
Washington,WA,2012,6904658,426447.0,61762.219070,0.4498,64.7,66455.11594131259,103.8995704423659,,,,,,,,,,,,,,,,,,,0,0,0,,WA,1.53341268643914,0.284193608512266,0.00284193608512266,0.857443291540424
Washington,WA,2013,6975001,439472.2,63006.757992,0.4572,63.3,66455.11594131259,104.95807435141214,,,,,,,,,,,,,,,,,,,0,0,0,,WA,1.5163009531676,0.28484235603946,0.0028484235603946,0.872567035447751
Washington,WA,2014,7068971,456186.5,64533.649947,0.4542,63.1,66455.11594131259,106.37211146005228,,,,,,,,,,,,,,,,,,,0,0,0,,WA,1.4705491583405,0.283199990302531,0.00283199990302531,1.01587077771418
Washington,WA,2015,7181417,476715.4,66381.801809,0.4561,63.1,66455.11594131259,108.06417080578126,,,,,,,,,,,,,,,,,,,0,0,0,,WA,1.46635009765479,0.285985351511815,0.00285985351511815,1.01587077771418
Washington,WA,2016,7316788,495724.9,67751.710177,0.4591,63.5,66455.11594131259,110.1011998302968,,,,,,,,,,,,,,,,,,,0,0,0,,WA,1.24702110426133,0.287521560386409,0.00287521560386409,1.00911859563614
Washington,WA,2017,7447469,527169.4,70785.041200,0.4561,63.8,66455.11594131259,112.06765490525908,,0.35721673,0.31305995,0.55678989,0.56416554,0.98708823,0.82270107,0.9223874,0.7777735,0.3544838,0.2528073,0.6018788,0.1653812,0.1125872,0.10854,0.2472519,0.2062498,,0,1,1,CPS CEV observed state rates; separate modern indicators; not spliced to Hawes index,WA,1.10906677685811,0.285681781894781,0.00285681781894781,0.779807645063183
Washington,WA,2018,7549002,561785.7,74418.539033,0.4574,64.3,66455.11594131259,113.59549815046032,,,,,,,,,,,,,,,,,,,0,0,0,,WA,1.31136184793172,0.282269277474735,0.00282269277474735,1.2452983154857
Washington,WA,2019,7638923,588794.4,77078.195447,0.4577,65.5,66455.11594131259,114.94860691757782,,0.33785217,0.28392321,0.5484721,0.59256387,0.99402094,0.76437405,0.91795818,0.75615729,0.30898826,0.22626278,0.619108,0.13006457,0.09547278,0.12481666,0.22386508,0.22414583,,0,1,1,CPS CEV observed state rates; separate modern indicators; not spliced to Hawes index,WA,1.45562344182838,0.283744314009245,0.00283744314009245,1.93323116720456
Washington,WA,2020,7724566,589156.8,76270.537400,,63.9,66455.11594131259,116.23734140832241,,,,,,,,,,,,,,,,,,,0,0,0,,WA,1.60873319635281,0.284944453326409,0.00284944453326409,2.87864745852391
Washington,WA,2021,7741433,630051.5,81386.934434,0.4704,63.2,66455.11594131259,116.4911518149568,,0.2500719,0.25031009,0.55075731,0.55298272,0.97476255,0.70599297,0.8905008,0.74895284,0.31946386,0.23224895,0.5824585,0.12023178,0.14065572,0.09722524,0.17373941,0.27665289,0.34713623,0,1,1,CPS CEV observed state rates; separate modern indicators; not spliced to Hawes index,WA,1.60487174288374,0.287588211338121,0.00287588211338121,2.87864745852391
Washington,WA,2022,7784477,644075.1,82738.390774,0.4742,63.9,66455.11594131259,117.1388671848015,,,,,,,,,,,,,,,,,,,0,0,0,,WA,1.65331782931756,0.283032196184405,0.00283032196184405,2.77145877489092
Washington,WA,2023,7812880,677238.0,86682.247775,0.4703,64.1,66455.11594131259,117.56626844048637,,0.3276137,0.2944386,0.5714908,0.5947723,0.9794887,0.7409502,0.8599087,0.7583012,0.3028652,0.1541165,0.5975649,0.1184086,0.0633584,0.0991681,0.2049684,0.2597921,0.490725,0,1,1,CPS CEV observed state rates; separate modern indicators; not spliced to Hawes index,WA,1.65931893654496,0.282876618670526,0.00282876618670527,2.77145877489092
West Virginia,WV,2000,1807021,63364.6,35065.779534,,55.8,24041.15158541101,75.16366233872765,0.08849693,,,,,,,,,,,,,,,,,,1,0,1,Hawes/Compton 3-year moving-average social-capital index; contiguous 48 states,WV,0.132950133021357,0.289728041829935,0.00289728041829934,-0.668533219657615
West Virginia,WV,2001,1801481,63599.8,35304.174732,,55.7,24041.15158541101,74.93322412613546,-0.17621714,,,,,,,,,,,,,,,,,,1,0,1,Hawes/Compton 3-year moving-average social-capital index; contiguous 48 states,WV,0.131746834908604,0.282969843070246,0.00282969843070246,-0.651748358907171
West Virginia,WV,2002,1805414,64465.7,35706.879419,,55.6,24041.15158541101,75.09681861893782,-0.23236248,,,,,,,,,,,,,,,,,,1,0,1,Hawes/Compton 3-year moving-average social-capital index; contiguous 48 states,WV,0.181635084613495,0.283736975546537,0.00283736975546537,-0.618239166126101
West Virginia,WV,2003,1812295,65106.8,35925.056351,,55.0,24041.15158541101,75.38303618948778,-0.11195022,,,,,,,,,,,,,,,,,,1,0,1,Hawes/Compton 3-year moving-average social-capital index; contiguous 48 states,WV,0.181779548160168,0.283274008079749,0.00283274008079749,-0.616862676579765
West Virginia,WV,2004,1816438,66077.6,36377.569727,,54.8,24041.15158541101,75.55536570478914,0.088106915,,,,,,,,,,,,,,,,,,1,0,1,Hawes/Compton 3-year moving-average social-capital index; contiguous 48 states,WV,0.0824253483504584,0.287345384823246,0.00287345384823245,-0.791285800829866
West Virginia,WV,2005,1820492,67888.8,37291.457474,,55.1,24041.15158541101,75.72399323436471,0.31319603,,,,,,,,,,,,,,,,,,1,0,1,Hawes/Compton 3-year moving-average social-capital index; contiguous 48 states,WV,0.0944782685913963,0.283528390878627,0.00283528390878627,-0.743847284730975
West Virginia,WV,2006,1827912,68900.0,37693.280639,0.447,55.5,24041.15158541101,76.03263069599541,0.18895806,,,,,,,,,,,,,,,,,,1,0,1,Hawes/Compton 3-year moving-average social-capital index; contiguous 48 states,WV,0.119366827994142,0.282729175957256,0.00282729175957256,-0.809362384888423
West Virginia,WV,2007,1834052,69374.1,37825.590550,0.454,55.3,24041.15158541101,76.28802611572755,0.21075204,,,,,,,,,,,,,,,,,,1,0,1,Hawes/Compton 3-year moving-average social-capital index; contiguous 48 states,WV,0.119876267185682,0.287318496444379,0.00287318496444379,-0.822910974592702
West Virginia,WV,2008,1840310,70966.8,38562.416115,0.453,55.2,24041.15158541101,76.54832978619721,0.1836944,,,,,,,,,,,,,,,,,,1,0,1,Hawes/Compton 3-year moving-average social-capital index; contiguous 48 states,WV,0.123909056928243,0.283923779469416,0.00283923779469416,-0.792991267397252
West Virginia,WV,2009,1847775,70886.5,38363.166511,0.463,55.3,24041.15158541101,76.8588390383634,0.32905352,,,,,,,,,,,,,,,,,,1,0,1,Hawes/Compton 3-year moving-average social-capital index; contiguous 48 states,WV,0.117234113333054,0.280025693334451,0.00280025693334451,-0.808268079024536
West Virginia,WV,2010,1854404,71823.8,38731.473832,0.451,54.7,24041.15158541101,77.13457458191459,0.33298165,,,,,,,,,,,,,,,,,,1,0,1,Hawes/Compton 3-year moving-average social-capital index; contiguous 48 states,WV,0.148370506975912,0.28814815444836,0.0028814815444836,-0.76621457257046
West Virginia,WV,2011,1857305,73175.2,39398.590969,0.4721,54.3,24041.15158541101,77.25524267843625,,,,,,,,,,,,,,,,,,,0,0,0,,WV,0.141729406248666,0.280336647639998,0.00280336647639998,-0.764160963882225
West Virginia,WV,2012,1858706,73124.5,39341.617233,0.4638,54.4,24041.15158541101,77.31351775710803,,,,,,,,,,,,,,,,,,,0,0,0,,WV,0.0918432077052568,0.285239596862746,0.00285239596862746,-0.199011441679331
West Virginia,WV,2013,1856588,73949.0,39830.592463,0.4647,53.9,24041.15158541101,77.225418815904,,,,,,,,,,,,,,,,,,,0,0,0,,WV,0.0715182787406306,0.281723085086985,0.00281723085086985,-0.138192854502011
West Virginia,WV,2014,1852948,74111.3,39996.427315,0.4546,53.7,24041.15158541101,77.07401175925499,,,,,,,,,,,,,,,,,,,0,0,0,,WV,0.401688390253431,0.2828846514013,0.002828846514013,-0.0630606771318715
West Virginia,WV,2015,1846270,74261.4,40222.394341,0.4581,53.5,24041.15158541101,76.79623804378737,,,,,,,,,,,,,,,,,,,0,0,0,,WV,0.398472856418691,0.286494576221683,0.00286494576221683,-0.0630606771318715
West Virginia,WV,2016,1835935,73513.3,40041.341333,0.4711,53.3,24041.15158541101,76.36635015080175,,,,,,,,,,,,,,,,,,,0,0,0,,WV,0.130130467086634,0.284542992438366,0.00284542992438366,0.3618128481447
West Virginia,WV,2017,1822742,75172.4,41241.382489,0.4686,53.5,24041.15158541101,75.81758276113952,,0.28053959,0.23271217,0.48380494,0.58085837,0.97885919,0.77186454,0.8224452,0.6222341,0.291232,0.1756496,0.5092451,0.1117726,0.0591868,0.0899739,0.2554915,0.1009349,,0,1,1,CPS CEV observed state rates; separate modern indicators; not spliced to Hawes index,WV,0.13311237995775,0.285425988418047,0.00285425988418047,0.3618128481447
West Virginia,WV,2018,1810572,77406.5,42752.511361,0.4742,54.4,24041.15158541101,75.3113674096509,,,,,,,,,,,,,,,,,,,0,0,0,,WV,0.225629510158301,0.287113393613423,0.00287113393613423,0.440784730624946
West Virginia,WV,2019,1800441,77162.2,42857.388829,0.4644,54.7,24041.15158541101,74.88996496709288,,0.30640192,0.26505539,0.48043591,0.60186232,0.99127583,0.77345021,0.79742018,0.64027888,0.2833348,0.23666114,0.44301564,0.09377404,0.04212432,0.09089285,0.23403606,0.09443884,,0,1,1,CPS CEV observed state rates; separate modern indicators; not spliced to Hawes index,WV,0.164027131064806,0.28366375762069,0.0028366375762069,0.517221714149263
West Virginia,WV,2020,1791562,74553.8,41613.854279,,53.9,24041.15158541101,74.52063989676688,,,,,,,,,,,,,,,,,,,0,0,0,,WV,-0.0844563131721734,0.281263480471442,0.00281263480471442,0.656273803139466
West Virginia,WV,2021,1785249,75765.1,42439.514040,0.4858,53.8,24041.15158541101,74.25804848230939,,0.22355934,0.23594357,0.46182812,0.60490287,0.97436404,0.74619915,0.84094637,0.63554239,0.34065458,0.19077133,0.49619696,0.09339306,0.05547861,0.05434923,0.18468485,0.13103307,0.31019227,0,1,1,CPS CEV observed state rates; separate modern indicators; not spliced to Hawes index,WV,0.040736696673414,0.282973921609082,0.00282973921609082,1.11489570428538
West Virginia,WV,2022,1774035,77188.0,43509.851835,0.4804,54.6,24041.15158541101,73.79159828086375,,,,,,,,,,,,,,,,,,,0,0,0,,WV,-0.398426933385308,0.284448988399732,0.00284448988399732,0.934111124140628
West Virginia,WV,2023,1770071,80798.2,45646.869532,0.4679,55.1,24041.15158541101,73.62671433235916,,0.2300572,0.1918602,0.3546676,0.5827814,0.9790441,0.7627209,0.7448844,0.6427272,0.3314205,0.1967292,0.5505812,0.081899,0.0480734,0.08347,0.1710217,0.1249714,0.3746538,0,1,1,CPS CEV observed state rates; separate modern indicators; not spliced to Hawes index,WV,-0.398199871923062,0.287196970615032,0.00287196970615032,0.934111124140628
Wisconsin,WI,2000,5373999,248572.0,46254.567595,,73.0,54167.13927146169,99.21142360994735,0.46716166,,,,,,,,,,,,,,,,,,1,0,1,Hawes/Compton 3-year moving-average social-capital index; contiguous 48 states,WI,0.689901289322932,0.281670923606852,0.00281670923606852,1.20722830908203
Wisconsin,WI,2001,5406835,252941.8,46781.860367,,73.1,54167.13927146169,99.81762139778769,0.68081737,,,,,,,,,,,,,,,,,,1,0,1,Hawes/Compton 3-year moving-average social-capital index; contiguous 48 states,WI,0.691113189189515,0.283798677647825,0.00283798677647825,1.20338740782065
Wisconsin,WI,2002,5445162,257966.9,47375.431622,,72.4,54167.13927146169,100.52519060885349,0.62343127,,,,,,,,,,,,,,,,,,1,0,1,Hawes/Compton 3-year moving-average social-capital index; contiguous 48 states,WI,0.88997009558884,0.284359130441437,0.00284359130441437,1.33848452789178
Wisconsin,WI,2003,5479203,265745.8,48500.812983,,72.4,54167.13927146169,101.15363435644375,0.6498287,,,,,,,,,,,,,,,,,,1,0,1,Hawes/Compton 3-year moving-average social-capital index; contiguous 48 states,WI,0.892334472051172,0.285582610182911,0.00285582610182911,1.37134409125421
Wisconsin,WI,2004,5514026,275412.4,49947.606341,,71.4,54167.13927146169,101.79651490114968,0.69062966,,,,,,,,,,,,,,,,,,1,0,1,Hawes/Compton 3-year moving-average social-capital index; contiguous 48 states,WI,0.455932865004286,0.287638191376677,0.00287638191376677,1.04064642063706
Wisconsin,WI,2005,5546166,282065.7,50857.781754,,70.7,54167.13927146169,102.38986357032951,0.5993298,,,,,,,,,,,,,,,,,,1,0,1,Hawes/Compton 3-year moving-average social-capital index; contiguous 48 states,WI,0.459375997692006,0.287877764267645,0.00287877764267645,1.06119535366301
Wisconsin,WI,2006,5577655,287146.6,51481.599346,0.424,70.9,54167.13927146169,102.97119388283117,0.23054072,,,,,,,,,,,,,,,,,,1,0,1,Hawes/Compton 3-year moving-average social-capital index; contiguous 48 states,WI,0.408961247191542,0.285008442577596,0.00285008442577596,1.0711467531818
Wisconsin,WI,2007,5610775,289855.2,51660.456889,0.428,70.8,54167.13927146169,103.58263470184909,0.22762835,,,,,,,,,,,,,,,,,,1,0,1,Hawes/Compton 3-year moving-average social-capital index; contiguous 48 states,WI,0.40532009957153,0.280457102379361,0.00280457102379361,1.07289351944505
Wisconsin,WI,2008,5640996,286204.7,50736.554325,0.426,70.6,54167.13927146169,104.14055598782555,0.17515145,,,,,,,,,,,,,,,,,,1,0,1,Hawes/Compton 3-year moving-average social-capital index; contiguous 48 states,WI,0.633059197054971,0.283805668958638,0.00283805668958638,1.18366778391736
Wisconsin,WI,2009,5669264,277279.4,48909.241129,0.432,70.5,54167.13927146169,104.66242220376753,0.40498197,,,,,,,,,,,,,,,,,,1,0,1,Hawes/Compton 3-year moving-average social-capital index; contiguous 48 states,WI,0.633147085207702,0.288023521257998,0.00288023521257998,1.17638760602469
Wisconsin,WI,2010,5692038,287652.9,50536.011882,0.43,69.5,54167.13927146169,105.08286161235189,0.40275285,,,,,,,,,,,,,,,,,,1,0,1,Hawes/Compton 3-year moving-average social-capital index; contiguous 48 states,WI,0.898965398658607,0.283375281535365,0.00283375281535365,1.1208678833427
Wisconsin,WI,2011,5713359,293664.0,51399.535720,0.437,68.9,54167.13927146169,105.47647663959468,,,,,,,,,,,,,,,,,,,0,0,0,,WI,0.689514365013658,0.28170905624268,0.0028170905624268,0.687437359617192
Wisconsin,WI,2012,5734379,299007.6,52142.978342,0.4401,68.5,54167.13927146169,105.86453479224433,,,,,,,,,,,,,,,,,,,0,0,0,,WI,-0.99069963266317,0.28425644591845,0.0028425644591845,-0.252382055455701
Wisconsin,WI,2013,5757584,301550.5,52374.485548,0.4446,68.3,54167.13927146169,106.29293105448197,,,,,,,,,,,,,,,,,,,0,0,0,,WI,-1.01407294369547,0.286559661922452,0.00286559661922452,-0.25618783925115
Wisconsin,WI,2014,5778789,309425.8,53545.093963,0.4397,68.0,54167.13927146169,106.684404561948,,,,,,,,,,,,,,,,,,,0,0,0,,WI,-1.41633063729124,0.287272464936784,0.00287272464936784,-0.433840597296219
Wisconsin,WI,2015,5794536,315687.8,54480.255192,0.441,67.8,54167.13927146169,106.9751158716423,,,,,,,,,,,,,,,,,,,0,0,0,,WI,-1.40989603884685,0.289879920848983,0.00289879920848983,-0.433840597296219
Wisconsin,WI,2016,5812814,319272.3,54925.600578,0.4498,68.1,54167.13927146169,107.31255292750006,,,,,,,,,,,,,,,,,,,0,0,0,,WI,-1.76422582626639,0.282099628270688,0.00282099628270688,-0.397673738390841
Wisconsin,WI,2017,5836809,321886.8,55147.735689,0.4467,68.0,54167.13927146169,107.75553367787249,,0.37408594,0.35828631,0.57069481,0.59595596,0.9942933,0.81348866,0.9176185,0.760844,0.3808464,0.2215058,0.5663078,0.1298098,0.0857206,0.1139281,0.1968674,0.1907727,,0,1,1,CPS CEV observed state rates; separate modern indicators; not spliced to Hawes index,WI,-1.63131422278472,0.284605656334978,0.00284605656334978,-0.168362787817886
Wisconsin,WI,2018,5859000,328832.4,56124.321557,0.4483,67.4,54167.13927146169,108.16521010344093,,,,,,,,,,,,,,,,,,,0,0,0,,WI,-2.00250572045214,0.284326164061033,0.00284326164061033,-0.68200637481449
Wisconsin,WI,2019,5880280,333256.8,56673.627786,0.4391,66.8,54167.13927146169,108.55806821421089,,0.37484271,0.33630323,0.5882746,0.60900632,0.98272532,0.76549102,0.89165759,0.71457676,0.3377124,0.23022331,0.61111152,0.15056562,0.08243572,0.1267403,0.17942825,0.20591904,,0,1,1,CPS CEV observed state rates; separate modern indicators; not spliced to Hawes index,WI,-1.98328932652543,0.286044405081713,0.00286044405081713,-0.452695424241536
Wisconsin,WI,2020,5896700,322470.6,54686.621331,,66.1,54167.13927146169,108.86120403088584,,,,,,,,,,,,,,,,,,,0,0,0,,WI,-1.90553099538837,0.286336024634451,0.00286336024634451,0.0303258763650223
Wisconsin,WI,2021,5879978,334514.0,56890.348909,0.4464,65.9,54167.13927146169,108.55249287824039,,0.24925532,0.27928567,0.52519674,0.58418972,0.98804373,0.79364885,0.86720486,0.74707016,0.3553235,0.2215671,0.51449702,0.12751865,0.06852895,0.10047019,0.17942933,0.22760433,0.36968667,0,1,1,CPS CEV observed state rates; separate modern indicators; not spliced to Hawes index,WI,-1.90601867748704,0.284870009725231,0.00284870009725231,0.0303258763650223
Wisconsin,WI,2022,5890543,339747.9,57676.838960,0.451,65.2,54167.13927146169,108.74753733032144,,,,,,,,,,,,,,,,,,,0,0,0,,WI,-2.09284388009235,0.288546506301631,0.00288546506301631,-0.1420210863961
Wisconsin,WI,2023,5910955,344570.8,58293.592152,0.4479,65.4,54167.13927146169,109.12437096552051,,0.3106504,0.267792,0.550543,0.627181,0.9852834,0.7541338,0.8645158,0.697878,0.313785,0.1522664,0.5794364,0.0996882,0.0591043,0.1082654,0.2009177,0.191645,0.4332134,0,1,1,CPS CEV observed state rates; separate modern indicators; not spliced to Hawes index,WI,-2.09538960991966,0.285722950106498,0.00285722950106498,-0.1420210863961
Wyoming,WY,2000,494300,26614.2,53842.201092,,71.3,97088.75159445353,5.0912180029332905,0.86227554,,,,,,,,,,,,,,,,,,1,0,1,Hawes/Compton 3-year moving-average social-capital index; contiguous 48 states,WY,0.878258308601403,0.285406320669638,0.00285406320669638,-0.0917050248096998
Wyoming,WY,2001,494657,28338.1,57288.383668,,71.6,97088.75159445353,5.0948950509346,0.22965744,,,,,,,,,,,,,,,,,,1,0,1,Hawes/Compton 3-year moving-average social-capital index; contiguous 48 states,WY,0.884279235460717,0.283530066668152,0.00283530066668152,-0.0690386163473399
Wyoming,WY,2002,500017,28901.3,57800.634778,,71.1,97088.75159445353,5.1501022702259664,0.30973855,,,,,,,,,,,,,,,,,,1,0,1,Hawes/Compton 3-year moving-average social-capital index; contiguous 48 states,WY,0.345870322558755,0.28340834968109,0.0028340834968109,-0.270912532776321
Wyoming,WY,2003,503453,29806.6,59204.334863,,71.3,97088.75159445353,5.185492569756775,0.2723021,,,,,,,,,,,,,,,,,,1,0,1,Hawes/Compton 3-year moving-average social-capital index; contiguous 48 states,WY,0.356892059172518,0.284020630696057,0.00284020630696057,-0.258441438588088
Wyoming,WY,2004,509106,30780.1,60459.118533,,71.1,97088.75159445353,5.243717646371345,0.42883873,,,,,,,,,,,,,,,,,,1,0,1,Hawes/Compton 3-year moving-average social-capital index; contiguous 48 states,WY,0.502832568972043,0.282406002015516,0.00282406002015516,-0.180594839016504
Wyoming,WY,2005,514157,32463.1,63138.496607,,71.5,97088.75159445353,5.295742210669982,0.6518687,,,,,,,,,,,,,,,,,,1,0,1,Hawes/Compton 3-year moving-average social-capital index; contiguous 48 states,WY,0.495566608911983,0.282450730691342,0.00282450730691342,-0.196800028844957
Wyoming,WY,2006,522667,36655.6,70131.843028,0.413,71.9,97088.75159445353,5.3833939711493715,0.48741007,,,,,,,,,,,,,,,,,,1,0,1,Hawes/Compton 3-year moving-average social-capital index; contiguous 48 states,WY,0.379274996587326,0.285617737814609,0.00285617737814609,-0.282867175341663
Wyoming,WY,2007,534876,39504.8,73857.866122,0.437,71.9,97088.75159445353,5.509144892852411,0.37308255,,,,,,,,,,,,,,,,,,1,0,1,Hawes/Compton 3-year moving-average social-capital index; contiguous 48 states,WY,0.376635168177234,0.284306504380261,0.00284306504380261,-0.294471482685029
Wyoming,WY,2008,546043,41641.2,76259.928247,0.441,71.8,97088.75159445353,5.624163366327539,0.2031724,,,,,,,,,,,,,,,,,,1,0,1,Hawes/Compton 3-year moving-average social-capital index; contiguous 48 states,WY,0.459113971447753,0.2822717512666,0.002822717512666,-0.198574486334635
Wyoming,WY,2009,559851,40599.6,72518.580837,0.415,71.1,97088.75159445353,5.766383755128881,0.33668303,,,,,,,,,,,,,,,,,,1,0,1,Hawes/Compton 3-year moving-average social-capital index; contiguous 48 states,WY,0.46335114375452,0.285545244184713,0.00285545244184713,-0.209118472714679
Wyoming,WY,2010,564402,39135.8,69340.292912,0.423,70.3,97088.75159445353,5.813258392254815,0.31401068,,,,,,,,,,,,,,,,,,1,0,1,Hawes/Compton 3-year moving-average social-capital index; contiguous 48 states,WY,0.225742045089987,0.284345767031031,0.00284345767031031,-0.179775881598318
Wyoming,WY,2011,566844,38929.8,68678.154836,0.4081,69.8,97088.75159445353,5.838410636566292,,,,,,,,,,,,,,,,,,,0,0,0,,WY,0.23065840392184,0.285287107202581,0.00285287107202582,-0.164832900619278
Wyoming,WY,2012,575491,38085.0,66178.272119,0.4166,68.8,97088.75159445353,5.927473477091002,,,,,,,,,,,,,,,,,,,0,0,0,,WY,0.236337494746917,0.28254190524781,0.0028254190524781,-0.23900071488057
Wyoming,WY,2013,580937,38408.7,66115.086490,0.4183,67.6,97088.75159445353,5.983566483856073,,,,,,,,,,,,,,,,,,,0,0,0,,WY,0.243841006108238,0.281423379573542,0.00281423379573542,-0.22370316474378
Wyoming,WY,2014,580959,39287.2,67624.737718,0.427,67.6,97088.75159445353,5.983793080651672,,,,,,,,,,,,,,,,,,,0,0,0,,WY,0.103514630220625,0.284549712796703,0.00284549712796703,-0.271495445171697
Wyoming,WY,2015,583671,40063.9,68641.237958,0.4374,67.0,97088.75159445353,6.011726285636408,,,,,,,,,,,,,,,,,,,0,0,0,,WY,0.107854734672631,0.282350162933919,0.00282350162933919,-0.271495445171697
Wyoming,WY,2016,582007,37853.5,65039.595744,0.436,66.7,97088.75159445353,5.994587328005656,,,,,,,,,,,,,,,,,,,0,0,0,,WY,0.35512618705075,0.28514187244263,0.0028514187244263,0.0260514821531179
Wyoming,WY,2017,576240,37620.3,65285.818409,0.4326,66.0,97088.75159445353,5.93518806799571,,0.32733457,0.2982759,0.47198548,0.54047354,0.97393244,0.77173237,0.9142519,0.7497049,0.3272776,0.2479386,0.5972273,0.1682236,0.0637668,0.1663834,0.1973124,0.1554067,,0,1,1,CPS CEV observed state rates; separate modern indicators; not spliced to Hawes index,WY,0.221003380348449,0.283652249099027,0.00283652249099027,-0.203259468419837
Wyoming,WY,2018,574783,37977.2,66072.239436,0.4555,65.7,97088.75159445353,5.920181180214456,,,,,,,,,,,,,,,,,,,0,0,0,,WY,0.170119762523241,0.286417952635989,0.00286417952635989,0.15504964408741
Wyoming,WY,2019,575327,38577.1,67052.476244,0.4345,65.7,97088.75159445353,5.925784300978355,,0.3097513,0.33801938,0.49224806,0.52260974,0.98205255,0.69694322,0.88715073,0.7308846,0.29352169,0.29101781,0.58157555,0.18125575,0.06829165,0.16809213,0.23522255,0.20080557,,0,1,1,CPS CEV observed state rates; separate modern indicators; not spliced to Hawes index,WY,0.185110432209258,0.286412835264212,0.00286412835264212,0.384360594660364
Wyoming,WY,2020,577664,36198.2,62663.070574,,65.3,97088.75159445353,5.949855060583565,,,,,,,,,,,,,,,,,,,0,0,0,,WY,0.0548096245783843,0.28310311374588,0.0028310311374588,0.151242627322006
Wyoming,WY,2021,579548,37131.8,64070.275456,0.4638,63.6,97088.75159445353,5.969259986170306,,0.39200924,0.35972858,0.52176462,0.58529189,0.98036602,0.74791789,0.88264453,0.79398232,0.39822721,0.26241656,0.65805027,0.18192813,0.08891182,0.16094603,0.2941292,0.25759336,0.37488044,0,1,1,CPS CEV observed state rates; separate modern indicators; not spliced to Hawes index,WY,-0.026906198944676,0.284899014003611,0.00284899014003611,-0.0780683232509485
Wyoming,WY,2022,581629,37827.2,65036.647072,0.4437,63.9,97088.75159445353,5.9906939830630925,,,,,,,,,,,,,,,,,,,0,0,0,,WY,-0.619273973563329,0.28649720876173,0.0028649720876173,-0.449640907008793
Wyoming,WY,2023,584057,40210.8,68847.389895,0.4455,63.7,97088.75159445353,6.015702029413734,,0.334568,0.3084228,0.4908455,0.6053988,0.9872379,0.7462429,0.7961796,0.6985625,0.3080138,0.2028714,0.5668076,0.146508,0.0709439,0.1422541,0.2587212,0.2253434,0.3526348,0,1,1,CPS CEV observed state rates; separate modern indicators; not spliced to Hawes index,WY,-0.615566503991446,0.287496061130065,0.00287496061130065,-0.449640907008793
